cnpj,nome_credor,rubrica,acao,pago_R$,empenhos,semantic_class,confidence,object_evidence,source,method_note
26994285000117,TOPOCART TOPOGRAFIA ENGENHARIA E AEROLEV,OUTROS SERVIÇOS DE TERCEIROS PESSOA JURÍDICA,RECADASTRAMENTO IMOBILIÁRIO,1315860.88,1,UNCLASSIFIED,,,,
44233812000152,ZAGONEL ILUMINACAO S.A.,MATERIAL DE CONSUMO,MANUTENÇÃO DO FUNDO MUNICIPAL DE ILUMINA,1221733.83,1,OBJETO_MISTO_BEM_SERVICO,ALTA,aquisição e instalação de luminárias LED e acessórios,https://www.saoborja.rs.gov.br/images/conteudo/Licitacoes/2024/ZAGONEL.pdf,Ata 27/2025 mistura itens materiais e serviços; rubrica material de consumo não autoriza tratar todo pagamento como bem puro.
14767899000187,GRA ASSESSORIA E CONSULTORIA EMNEGOCIOS,EQUIPAMENTOS E MATERIAL PERMANENTE,AQUISIÇÃO DE VEÍCULOS,675000.0,3,BEM_CAPITAL_MAQUINARIO,ALTA,rolo compactador e retroescavadeiras,https://saoborja.rs.gov.br/index.php/licitacoes-e-contratos/item/6142-extrato-de-contrato-no-07-2026-dcl-smpop | https://www.saoborja.rs.gov.br/index.php/licitacoes-e-contratos/item/6914-extrato-de-contrato-no-168-2026-dcl-smpop,Objeto documentalmente identificado; valor pago no par combina execuções de contratos distintos.
76669670000167,TRANSVEPAR TRANSPORTES E VEICULOS PARANÁ,OUTROS SERVIÇOS DE TERCEIROS - PESSOA JURÍDICA,TRANSPORTE SANITÁRIO ELETIVO,657910.24,4,UNCLASSIFIED,,,,
05340639000130,PRIME CONSULTORIA E ASSESSORIA EMPRESARI,MATERIAL DE CONSUMO,TRANSPORTE SANITÁRIO ELETIVO,641845.1,4,INTERMEDIACAO_ABASTECIMENTO,MEDIA_ALTA,gestão/administração de abastecimento de frota por cartão; pagamentos correntes aparecem em ações de transporte/saúde,https://saoborja.rs.gov.br/index.php/licitacoes-e-contratos/item/2912-extrato-de-contrato-n-144-2022,Instrumento histórico identifica intermediação; vínculo exato do pagamento 2026 ao mesmo instrumento ainda precisa ser reconciliado.
33827265000117,JS COMERCIO E REPRESENTACAO LTDA,EQUIPAMENTOS E MATERIAL PERMANENTE,ASSISTÊNCIA À SAÚDE - MÉDIA E ALTA COMPL,625800.0,1,BEM_CAPITAL_VEICULOS,ALTA,"ambulâncias tipo A para simples remoção, zero km",https://saoborja.rs.gov.br/index.php/licitacoes-e-contratos/item/6848-extrato-de-contrato-no-139-2026-dcl-smpop,Objeto identificado por contrato 139/2026.
06265439000122,OLINTO SILVEIRA DA SILVA,"MATERIAL, BEM OU SERVIÇO PARA DIST. GRATUITA",TRANSPORTE SANITÁRIO ELETIVO,487982.04,10,SERVICO_TRANSPORTE_PACIENTES,ALTA,transporte de pacientes usuários do SUS,https://www.saoborja.rs.gov.br/images/DOESB/2025/Agosto/doesb25_08_2025.pdf,"5º aditivo do contrato 68/2021 prorrogou até 01/09/2026; apesar da rubrica 3.3.90.32, trata-se de serviço."
05537296000289,PETROFFACIL COMBUSTIVEIS LTDA,MATERIAL DE CONSUMO,AQUISIÇÃO DE COMBUSTÍVEIS E LUBRIFICANTE,464950.0,6,COMBUSTIVEIS_LUBRIFICANTES,ALTA_ACAO,aquisição de combustíveis e lubrificantes,Portal PMSB /despesas — ação orçamentária,Objeto de ação; item/forma de fornecimento ainda não aberto.
14168347000152,BALBE & NORO LTDA,"MATERIAL, BEM OU SERVIÇO PARA DIST. GRATUITA",TRANSPORTE SANITÁRIO ELETIVO,444303.59,5,SERVICO_TRANSPORTE_PACIENTES,ALTA,transporte de pacientes usuários do SUS,https://www.saoborja.rs.gov.br/images/DOESB/2025/Setembro/doesb02_09_2025.pdf,5º aditivo do contrato 67/2021 prorrogou até 01/09/2026; serviço classificado em 3.3.90.32.
00533784000113,COMAP COMERCIO DE EQUIPAMENTOS EDUCACION,MATERIAL DE CONSUMO,MANUTENÇÃO DA EDUCAÇÃO INFANTIL - NOVOS,411896.4,1,MATERIAL_EQUIPAMENTO_EDUCACIONAL,MEDIA,despesa vinculada à manutenção da educação infantil; item exato ainda não reconciliado,Portal PMSB /despesas; referência histórica: https://www.saoborja.rs.gov.br/index.php/licitacoes-e-contratos/item/5977-extrato-de-adesao-a-ata-de-registro-de-precos-de-outro-orgao-n-03-2025,Não transportar automaticamente o objeto de 2025 para 2026.
31286638000164,ORTOPEDICA V2 INDUSTRIA E COMERCIO ORTES,"MATERIAL, BEM OU SERVIÇO PARA DIST. GRATUITA",MANUTENÇÃO DO CER,367464.98,16,SAUDE_OPM_REABILITACAO,MEDIA,despesa vinculada à manutenção do CER; item exato ainda não aberto,Portal PMSB /despesas — ação MANUTENÇÃO DO CER,"Nome empresarial sugere órteses/próteses, mas o item precisa de documento."
43463101000101,ABF DISTRIBUIDORA DE ALIMENTOS LTDA,"MATERIAL, BEM OU SERVIÇO PARA DIST. GRATUITA",GESTÃO DE BENEFÍCIOS EVENTUAIS,360400.0,2,BENEFICIOS_SOCIAIS_BENS,MEDIA,gestão de benefícios eventuais; item exato não aberto,Portal PMSB /despesas — ação GESTÃO DE BENEFÍCIOS EVENTUAIS,Não presumir cesta básica sem objeto documental.
95592077000104,PLANALTO TRANSPORTES LTDA,"MATERIAL, BEM OU SERVIÇO PARA DIST. GRATUITA",TRANSPORTE SANITÁRIO ELETIVO,291133.6,4,SERVICO_TRANSPORTE,ALTA_ACAO,transporte sanitário eletivo e benefícios eventuais relacionados a transporte,Portal PMSB /despesas — ações orçamentárias,Fornecedor de transporte; rubrica 3.3.90.32 não representa bem físico.
53326285000111,BRENNER COMERCIO AUTOMOTIVO LTDA.,EQUIPAMENTOS E MATERIAL PERMANENTE,PROGRAMA DE VIGILÂNCIA E PROMOÇÃO DA SAÚ,257950.0,1,BEM_CAPITAL_VEICULOS,ALTA,veículos para a Secretaria Municipal de Saúde,https://saoborja.rs.gov.br/index.php/licitacoes-e-contratos/item/6140-extrato-de-contrato-no-05-2026-dcl-smpop,Objeto identificado por contrato 05/2026.
02779462000184,SCHEUERMANN & SCHEUERMANN LTDA,OUTROS SERVIÇOS DE TERCEIROS - PESSOA JURÍDICA,ASSISTÊNCIA À SAÚDE - MÉDIA E ALTA COMPL,244278.52,4,UNCLASSIFIED,,,,
43463101000101,ABF DISTRIBUIDORA DE ALIMENTOS LTDA,MATERIAL DE CONSUMO,INICIAÇÃO A EDUCAÇÃO ALIMENTAR E NUTRICI,215102.91,8,ALIMENTOS_CONSUMO,MEDIA_ALTA,"fornecimento associado a merenda escolar, restaurante popular e unidades sociais/saúde",Portal PMSB /despesas — ações orçamentárias,Ação e perfil do fornecedor sustentam alimento/consumo; itens e condições ainda não abertos.
56170867000140,EDITORA EDUCACIONAL CORREA LTDA.,MATERIAL DE CONSUMO,MANUTENÇÃO DA EDUCAÇÃO INFANTIL - NOVOS,187200.0,1,MATERIAL_EDUCACIONAL_CULTURAL,ALTA,materiais do Projeto Raízes Culturais – Uma Jornada pela Diversidade,https://antigo.saoborja.rs.gov.br/index.php/licitacoes-e-contratos/item/6869-inexigibilidade-de-licitacao-36-2026-smpop-dcl,Inexigibilidade 36/2026; valor coincide com pagamento do par.
24604095000110,PRECISAO TRATAMENTO DE AGUA LTDA.,OUTROS SERVIÇOS DE TERCEIROS - PESSOA JURÍDICA,ASSISTÊNCIA À SAÚDE - MÉDIA E ALTA COMPL,174549.79,3,UNCLASSIFIED,,,,
01778749000127,COMERCIAL UNYLUX LTDA,MATERIAL DE CONSUMO,MANUTENÇÃO DO FUNDO MUNICIPAL DE ILUMINA,166840.4,4,ILUMINACAO_MATERIAIS,MEDIA_ALTA,materiais vinculados à manutenção do fundo municipal de iluminação,Portal PMSB /despesas,Item exato não aberto.
02264781000157,CISMISSOES,OUTROS SERVIÇOS DE TERCEIROS - PESSOA JURÍDICA,ASSISTÊNCIA À SAÚDE - MÉDIA E ALTA COMPL,165040.54,10,UNCLASSIFIED,,,,
08967207000141,INFISC - INTELIGÊNCIA EM TECNOLOGIA LTDA,SERVIÇOS DE TECNOLOGIA DA INFORMAÇÃO E COMUNICAÇÃO,MANUTENÇÃO DO DEPARTAMENTO DE TRIBUTAÇÃO,163023.5,2,SERVICO_TIC,ALTA_RUBRICA_ACAO,tecnologia para manutenção do departamento de tributação,Portal PMSB /despesas,Serviço especializado.
00331788006583,AIR LIQUIDE BRASIL LTDA,"MATERIAL, BEM OU SERVIÇO PARA DIST. GRATUITA",ASSISTÊNCIA À SAÚDE - MÉDIA E ALTA COMPL,163023.04,10,SAUDE_ITEM_ESPECIALIZADO,MEDIA,despesa de média e alta complexidade; item exato não aberto,Portal PMSB /despesas,"Fornecedor Air Liquide sugere gases/soluções de saúde, mas item não deve ser inferido sem documento."
03990925000115,PLANET PAV COMERCIO DE ASFALTOS LTDA,MATERIAL DE CONSUMO,VIAS URBANAS E RURAIS,157350.0,4,INFRAESTRUTURA_MATERIAL,MEDIA_ALTA,material ligado a vias urbanas e rurais,Portal PMSB /despesas,Fornecedor de asfaltos; item exato precisa de documento.
11666105000362,DELLAMED S.A.,"MATERIAL, BEM OU SERVIÇO PARA DIST. GRATUITA",MANUTENÇÃO DO CER,154204.13,5,SAUDE_REABILITACAO_EQUIPAMENTO,MEDIA,despesa vinculada à manutenção do CER; item exato não aberto,Portal PMSB /despesas,Fornecedor especializado; item precisa de documento.
05238851000190,DBSELLER SERVICOS DE INFORMATICA LTDA,SERVIÇOS DE TECNOLOGIA DA INFORMAÇÃO E COMUNICAÇÃO,MANUTENÇÃO DO SISTEMA DE INFORMÁTICA,153746.72,2,SERVICO_TIC,ALTA_RUBRICA_ACAO,serviços de tecnologia da informação e comunicação,Portal PMSB /despesas,Manutenção de sistema de informática e atividades administrativas.
23870217000158,GLOBAL MED SERVICOS EM SAUDE LTDA,OUTROS SERVIÇOS DE TERCEIROS - PESSOA JURÍDICA,ASSISTÊNCIA À SAÚDE - MÉDIA E ALTA COMPL,149085.3,5,UNCLASSIFIED,,,,
02405070000155,OLINA IRACEMA BALBE CORREA LTDA,OUTROS SERVIÇOS DE TERCEIROS - PESSOA JURÍDICA,MANUTENÇÃO DO TRANSPORTE ESCOLAR - ENSIN,146780.77,8,UNCLASSIFIED,,,,
00964245000139,BRINGHENTTI INDUSTRIA E COMERCIO LTDA,"MATERIAL, BEM OU SERVIÇO PARA DIST. GRATUITA",GESTÃO DE BENEFÍCIOS EVENTUAIS,130150.0,1,BENEFICIOS_SOCIAIS_ITEM_NAO_IDENTIFICADO,BAIXA_MEDIA,gestão de benefícios eventuais/fundo estadual de assistência; item exato não aberto,Portal PMSB /despesas,Não classificar como bem padronizado sem documento.
89161475000173,ASSOC RIOGR DE EMPR DE ASSIST TEC E EXTE,OUTROS SERVIÇOS DE TERCEIROS - PESSOA JURÍDICA,FOMENTO AO DESENVOLVIMENTO DA AGRICULTUR,130058.25,2,UNCLASSIFIED,,,,
27105456000172,MEDICENTRO COMERCIO DE MEDICAMENTOS LTDA,MATERIAL DE CONSUMO,ATENÇÃO BÁSICA,124331.16,4,MEDICAMENTOS_SAUDE,MEDIA_ALTA,material de consumo em atenção básica e média/alta complexidade,Portal PMSB /despesas,Fornecedor de medicamentos; item exato não aberto.
76669670000167,TRANSVEPAR TRANSPORTES E VEICULOS PARANÁ,OUTROS SERVIÇOS DE TERCEIROS - PESSOA JURÍDICA,MANUTENÇÃO DAS ATIVIDADES DA SECRETARIA,122626.36,9,UNCLASSIFIED,,,,
05782733000149,CIAMED - DISTRIBUIDORA DE MEDICAMENTOS L,"MATERIAL, BEM OU SERVIÇO PARA DIST. GRATUITA",FARMÁCIA BÁSICA E DEMANDAS JUDICIAIS,120562.0,7,MEDICAMENTOS_DISTRIBUICAO_GRATUITA,ALTA_ACAO,farmácia básica e demandas judiciais,Portal PMSB /despesas,Itens farmacêuticos específicos ainda não abertos.
43463101000101,ABF DISTRIBUIDORA DE ALIMENTOS LTDA,MATERIAL DE CONSUMO,INICIAÇÃO À EDUCAÇÃO ALIMENTAR E NUTRICI,108592.07,9,ALIMENTOS_CONSUMO,MEDIA_ALTA,"fornecimento associado a merenda escolar, restaurante popular e unidades sociais/saúde",Portal PMSB /despesas — ações orçamentárias,Ação e perfil do fornecedor sustentam alimento/consumo; itens e condições ainda não abertos.
30468657000149,COMERCIO DE ALIMENTOS DAL MOLIN LTDA,MATERIAL DE CONSUMO,INICIAÇÃO À EDUCAÇÃO ALIMENTAR E NUTRICI,107667.01,4,ALIMENTOS_CONSUMO,MEDIA_ALTA,fornecimento associado a merenda escolar e restaurante popular,Portal PMSB /despesas — ações orçamentárias,Itens e condições ainda não abertos.
44734671002286,CRISTÁLIA PRODUTOS QUIMICOS FARMACEUTICO,"MATERIAL, BEM OU SERVIÇO PARA DIST. GRATUITA",FARMÁCIA BÁSICA E DEMANDAS JUDICIAIS,103584.31,12,MEDICAMENTOS_DISTRIBUICAO_GRATUITA,ALTA_ACAO,farmácia básica e demandas judiciais,Portal PMSB /despesas,Fornecedor farmacêutico; item exato não aberto.
30468657000149,COMERCIO DE ALIMENTOS DAL MOLIN LTDA,MATERIAL DE CONSUMO,INICIAÇÃO A EDUCAÇÃO ALIMENTAR E NUTRICI,95266.13,8,ALIMENTOS_CONSUMO,MEDIA_ALTA,fornecimento associado a merenda escolar e restaurante popular,Portal PMSB /despesas — ações orçamentárias,Itens e condições ainda não abertos.
06294126000100,SOMA/RS PRODUTOS HOSPITALARES LTDA,"MATERIAL, BEM OU SERVIÇO PARA DIST. GRATUITA",FARMÁCIA BÁSICA E DEMANDAS JUDICIAIS,93269.92,16,PRODUTOS_HOSPITALARES_DISTRIBUICAO,ALTA_ACAO,farmácia básica e demandas judiciais,Portal PMSB /despesas,Item exato não aberto.
26991097000135,SIGMA MAQUINAS E REPRESENTACOES LTDA,EQUIPAMENTOS E MATERIAL PERMANENTE,ATENÇÃO BÁSICA,91200.0,1,BEM_CAPITAL_VEICULO,ALTA,veículo para Secretaria Municipal de Saúde,https://www.saoborja.rs.gov.br/index.php/vacinacao/itemlist/user/631-evellynbarnoremberg?start=190,"Contrato 141/2026, R$ 91.200."
19390998000297,GAMBATTO H1 VEICULOS LTDA,EQUIPAMENTOS E MATERIAL PERMANENTE,PROGRAMA DE VIGILÂNCIA E PROMOÇÃO DA SAÚ,91000.0,1,BEM_CAPITAL_VEICULO,ALTA,veículo para Secretaria Municipal de Saúde,https://www.saoborja.rs.gov.br/index.php/vacinacao/itemlist/user/610-adrianapiegasdesouza?start=480,"Contrato 06/2026, R$ 91.000."
14767899000187,GRA ASSESSORIA E CONSULTORIA EMNEGOCIOS,MATERIAL DE CONSUMO,"MANUTENÇÃO DE IMÓVEIS, VEÍCULOS E EQUIPA",90497.75,15,PECAS_MANUTENCAO_MAQUINAS,MEDIA_ALTA,materiais para manutenção de veículos/equipamentos; parte associada a combustíveis,Portal PMSB /despesas; https://www.saoborja.rs.gov.br/index.php/licitacoes-e-contratos/item/6794-inexigibilidade-de-licitacao-26-2026-smpop-dcl,Há instrumentos de exclusividade XCMG em 2026; não somar automaticamente todos os empenhos ao mesmo processo.
03652030000170,CENTERMEDI COMÉRCIO DE PRODUTOS HOSPITAL,"MATERIAL, BEM OU SERVIÇO PARA DIST. GRATUITA",FARMÁCIA BÁSICA E DEMANDAS JUDICIAIS,87816.1,10,MEDICAMENTOS_DISTRIBUICAO_GRATUITA,ALTA_ACAO,farmácia básica e demandas judiciais,Portal PMSB /despesas,Itens farmacêuticos específicos ainda não abertos.
41098601000166,MC FARMA LTDA,"MATERIAL, BEM OU SERVIÇO PARA DIST. GRATUITA",FARMÁCIA BÁSICA E DEMANDAS JUDICIAIS,84000.0,4,UNCLASSIFIED,,,,
51601943000100,J. M. DE BITTENCOURT & CIA. LTDA.,OBRAS E INSTALAÇÕES,FUNDO MUNICIPAL DO IDOSO,83165.13,3,UNCLASSIFIED,,,,
10748403000177,INSTITUTO DE ANATOMIA PATOLOGICA E CITOP,OUTROS SERVIÇOS DE TERCEIROS - PESSOA JURÍDICA,ASSISTÊNCIA À SAÚDE - MÉDIA E ALTA COMPL,82609.52,3,UNCLASSIFIED,,,,
04210265000175,ESSENCIAL ASSESSORIA TRIBUTÁRIA LTDA,SERVIÇOS DE TECNOLOGIA DA INFORMAÇÃO E COMUNICAÇÃO,MANUTENÇÃO DO DEPARTAMENTO DE TRIBUTAÇÃO,82107.92,4,UNCLASSIFIED,,,,
05090524000134,COSTA MACHADO & RODRIGUES LTDA,SERVIÇOS DE TECNOLOGIA DA INFORMAÇÃO E COMUNICAÇÃO,MANUTENÇÃO DA EDUCAÇÃO BÁSICA - SALÁRIO,78239.53,6,SERVICO_TIC,ALTA_RUBRICA_ACAO,"serviços TIC em educação, administração e saúde",Portal PMSB /despesas,Objeto específico por empenho ainda não aberto.
02520829000140,DIMASTER COMERCIO DE PRODUTOS HOSPITALAR,"MATERIAL, BEM OU SERVIÇO PARA DIST. GRATUITA",FARMÁCIA BÁSICA E DEMANDAS JUDICIAIS,75766.25,9,UNCLASSIFIED,,,,
51978129000100,ARPL DISTRIBUIDORA LTDA,MATERIAL DE CONSUMO,MANUTENÇÃO DA EDUCAÇÃO INFANTIL - NOVOS,71876.14,3,MATERIAL_EDUCACIONAL_CONSUMO,MEDIA,principalmente manutenção da educação infantil; item exato não aberto,Portal PMSB /despesas,Necessita termo/objeto.
49333270000103,D C METZ COMERCIAL,EQUIPAMENTOS E MATERIAL PERMANENTE,MANUT.DA.EDUC.INFANT-FUNDEB 30%,71364.0,1,UNCLASSIFIED,,,,
07236167000103,TRI TELECOM LTDA,SERVIÇOS DE TECNOLOGIA DA INFORMAÇÃO E COMUNICAÇÃO,MANUTENÇÃO DO SISTEMA DE INFORMÁTICA,70320.62,2,UNCLASSIFIED,,,,
12889035000102,INOVAMED HOSPITALAR LTDA,"MATERIAL, BEM OU SERVIÇO PARA DIST. GRATUITA",FARMÁCIA BÁSICA E DEMANDAS JUDICIAIS,70242.26,18,UNCLASSIFIED,,,,
07752236000123,MEDILAR IMPORTACAO E DISTRIBUICAO DE PRO,"MATERIAL, BEM OU SERVIÇO PARA DIST. GRATUITA",FARMÁCIA BÁSICA E DEMANDAS JUDICIAIS,63493.47,7,UNCLASSIFIED,,,,
74913013000198,CHULIPA AVALIACOES S/S,SERVIÇOS DE CONSULTORIA,RECADASTRAMENTO IMOBILIÁRIO,63000.0,2,UNCLASSIFIED,,,,
22525517000137,J.F COMERCIO DE MATERIAL E MEDICAMENTOS,MATERIAL DE CONSUMO,ATENÇÃO BÁSICA,60480.09,9,UNCLASSIFIED,,,,
24693328000280,IMPORTIRE IMPORTADORA E DISTRIBUIDORA DE,MATERIAL DE CONSUMO,"MANUTENÇÃO DE IMÓVEIS, VEÍCULOS E EQUIPA",59780.0,1,UNCLASSIFIED,,,,
76669670000167,TRANSVEPAR TRANSPORTES E VEICULOS PARANÁ,OUTROS SERVIÇOS DE TERCEIROS - PESSOA JURÍDICA,BLOCO DE PROTEÇÃO SOCIAL BÁSICA,59574.06,1,UNCLASSIFIED,,,,
55623647000161,GAMA PNEUS LTDA,MATERIAL DE CONSUMO,"MANUTENÇÃO DE IMÓVEIS, VEÍCULOS E EQUIPA",57875.9,1,PNEUS_AUTO_CONSUMO,MEDIA_ALTA,materiais para manutenção de veículos/equipamentos,Portal PMSB /despesas,Perfil do fornecedor sugere pneus; item exato precisa de documento.
73856593000166,PRATI DONADUZZI & CIA LTDA,"MATERIAL, BEM OU SERVIÇO PARA DIST. GRATUITA",FARMÁCIA BÁSICA E DEMANDAS JUDICIAIS,53863.4,11,UNCLASSIFIED,,,,
50625983000120,MATEUS G DROPA SERVICOS MEDICOS LTDA,OUTROS SERVIÇOS DE TERCEIROS - PESSOA JURÍDICA,ASSISTÊNCIA À SAÚDE - MÉDIA E ALTA COMPL,50985.9,5,UNCLASSIFIED,,,,
20657155000102,ILG COMERCIAL LTDA,"MATERIAL, BEM OU SERVIÇO PARA DIST. GRATUITA",FARMÁCIA BÁSICA E DEMANDAS JUDICIAIS,50498.21,12,UNCLASSIFIED,,,,
63155462000106,RESIDENCIAL CASA VIVARE,OUTROS SERVIÇOS DE TERCEIROS - PESSOA JURÍDICA,ASSISTÊNCIA À SAÚDE - MÉDIA E ALTA COMPL,48000.0,1,UNCLASSIFIED,,,,
16779255000304,ELETRO CENTRO COMERCIO DE PEÇAS E ELETRO,EQUIPAMENTOS E MATERIAL PERMANENTE,MANUT.DA.EDUC.INFANT-FUNDEB 30%,46800.0,1,UNCLASSIFIED,,,,
47820174000164,A MARINHO MOREIRA,OUTROS SERVIÇOS DE TERCEIROS - PESSOA JURÍDICA,MANUTENÇÃO DA EDUCAÇÃO BÁSICA - SALÁRIO,46680.0,2,UNCLASSIFIED,,,,
05090524000134,COSTA MACHADO & RODRIGUES LTDA,SERVIÇOS DE TECNOLOGIA DA INFORMAÇÃO E COMUNICAÇÃO,MANUTENÇÃO DAS ATIVIDADES DA SECRETARIA,45668.72,12,SERVICO_TIC,ALTA_RUBRICA_ACAO,"serviços TIC em educação, administração e saúde",Portal PMSB /despesas,Objeto específico por empenho ainda não aberto.
42470027000198,TBR CONSTRUCOES LTDA,OBRAS E INSTALAÇÕES,"PAVIMENTAÇÃO, CALÇAMENTO E DRENAGENS",45036.89,1,UNCLASSIFIED,,,,
76669670000167,TRANSVEPAR TRANSPORTES E VEICULOS PARANÁ,OUTROS SERVIÇOS DE TERCEIROS - PESSOA JURÍDICA,"MANUTENÇÃO DE IMÓVEIS, VEÍCULOS E EQUIPA",44997.92,2,UNCLASSIFIED,,,,
30050141000180,INLEGIS CONSULTORIA E TREINAMENTO EIRELI,OUTROS SERVIÇOS DE TERCEIROS - PESSOA JURÍDICA,CAPACITAÇÃO DE AGENTES POLÍTICOS,44720.0,22,UNCLASSIFIED,,,,
90180605000102,GENTE SEGURADORA S.A,OUTROS SERVIÇOS DE TERCEIROS - PESSOA JURÍDICA,TRANSPORTE SANITÁRIO ELETIVO,44350.79,2,UNCLASSIFIED,,,,
48566347000122,TELES SOLUCOES EMPRESARIAIS LTDA,MATERIAL DE CONSUMO,ATENÇÃO BÁSICA,42559.0,1,UNCLASSIFIED,,,,
33084691000299,ESSENCE DECOR LTDA,EQUIPAMENTOS E MATERIAL PERMANENTE,ASSISTÊNCIA À SAÚDE - MÉDIA E ALTA COMPL,41652.0,4,EQUIPAMENTO_PERMANENTE_DIVERSO,MEDIA,"equipamentos em saúde, assistência, administração e educação; itens exatos não abertos",Portal PMSB /despesas,Fornecedor atende múltiplas funções.
20275382000173,DALBERTO CONSULTORIA E ASSESSORIA LTDA,OUTROS SERVIÇOS DE TERCEIROS - PESSOA JURÍDICA,MANUTENÇÃO DAS ATIVIDADES DA SECRETARIA,41417.74,3,UNCLASSIFIED,,,,
43463101000101,ABF DISTRIBUIDORA DE ALIMENTOS LTDA,MATERIAL DE CONSUMO,BLOC PROT SOC ESPEC MÉDIA E ALTA COMPLEX,40584.46,8,ALIMENTOS_CONSUMO,MEDIA_ALTA,"fornecimento associado a merenda escolar, restaurante popular e unidades sociais/saúde",Portal PMSB /despesas — ações orçamentárias,Ação e perfil do fornecedor sustentam alimento/consumo; itens e condições ainda não abertos.
30050141000180,INLEGIS CONSULTORIA E TREINAMENTO EIRELI,OUTROS SERVIÇOS DE TERCEIROS - PESSOA JURÍDICA,CAPACITAÇÃO DE AGENTES PÚBLICOS,40150.0,18,UNCLASSIFIED,,,,
90217225000197,AGRIMETAL INDUSTRIA E COM DE MAQUINAS LT,OBRAS E INSTALAÇÕES,PROGRAMA DE SANEAMENTO BÁSICO RURAL,39500.0,1,UNCLASSIFIED,,,,
88733811000142,FAMURS - FEDERAÇÃO DAS ASSOC. DE MUNICIP,OUTROS SERVIÇOS DE TERCEIROS - PESSOA JURÍDICA,MANUTENÇÃO DAS ATIVIDADES DO GABINETE DO,39483.47,1,UNCLASSIFIED,,,,
89704522000188,ASSOCIACAO DOS MUNICIPIOS DA FRONTEIRA O,OUTROS SERVIÇOS DE TERCEIROS - PESSOA JURÍDICA,MANUTENÇÃO DAS ATIVIDADES DO GABINETE DO,39200.0,1,UNCLASSIFIED,,,,
06244192000168,MSM CREATIVE CONFECCOES LTDA,MATERIAL DE CONSUMO,MANUTENÇÃO DAS ATIVIDADES ADMINISTRATIVA,38256.0,3,UNCLASSIFIED,,,,
52692151000151,SAN ANGEL CONSTRUTORA LTDA,OBRAS E INSTALAÇÕES,MANUT.DA.EDUC.INFANT-FUNDEB 30%,37895.5,1,UNCLASSIFIED,,,,
08149396000145,DESIGN RICARDENSE - INDÚSTRIA DE MÓVEIS,EQUIPAMENTOS E MATERIAL PERMANENTE,MANUTENÇÃO DA EDUCAÇÃO BÁSICA - SALÁRIO,36706.2,2,UNCLASSIFIED,,,,
54887860000118,MM PRODUTOS AUTOMOTIVOS LTDA.,MATERIAL DE CONSUMO,MANUTENÇÃO DO TRANSPORTE ESCOLAR - ENSIN,36108.4,3,AUTOPECAS_CONSUMO,MEDIA_ALTA,materiais para manutenção de veículos/equipamentos e transporte escolar,Portal PMSB /despesas,Itens heterogêneos; não tratar como categoria única.
43463101000101,ABF DISTRIBUIDORA DE ALIMENTOS LTDA,MATERIAL DE CONSUMO,MANUTENÇÃO DO RESTAURANTE POPULAR,35436.4,8,ALIMENTOS_CONSUMO,MEDIA_ALTA,"fornecimento associado a merenda escolar, restaurante popular e unidades sociais/saúde",Portal PMSB /despesas — ações orçamentárias,Ação e perfil do fornecedor sustentam alimento/consumo; itens e condições ainda não abertos.
87519237000161,TELEVISAO URUGUAIANA LTDA.,OUTROS SERVIÇOS DE TERCEIROS - PESSOA JURÍDICA,REALIZAÇÃO E APOIO AOS FESTIVAIS DE MÚSI,35000.0,1,UNCLASSIFIED,,,,
92885888000105,PAUSE & PERIN - ADVOGADOS ASSOCIADOS,SERVIÇOS DE CONSULTORIA,MANUTENÇÃO DAS ATIVIDADES DO GABINETE DO,34954.67,2,UNCLASSIFIED,,,,
05340639000130,PRIME CONSULTORIA E ASSESSORIA EMPRESARI,MATERIAL DE CONSUMO,ATENÇÃO BÁSICA,34472.98,2,INTERMEDIACAO_ABASTECIMENTO,MEDIA_ALTA,gestão/administração de abastecimento de frota por cartão; pagamentos correntes aparecem em ações de transporte/saúde,https://saoborja.rs.gov.br/index.php/licitacoes-e-contratos/item/2912-extrato-de-contrato-n-144-2022,Instrumento histórico identifica intermediação; vínculo exato do pagamento 2026 ao mesmo instrumento ainda precisa ser reconciliado.
00964245000139,BRINGHENTTI INDUSTRIA E COMERCIO LTDA,"MATERIAL, BEM OU SERVIÇO PARA DIST. GRATUITA",MANUTENÇÃO DO FUNDO ESTADUAL DE ASSISTÊN,34250.0,1,BENEFICIOS_SOCIAIS_ITEM_NAO_IDENTIFICADO,BAIXA_MEDIA,gestão de benefícios eventuais/fundo estadual de assistência; item exato não aberto,Portal PMSB /despesas,Não classificar como bem padronizado sem documento.
08070693000109,COSTA PLANO DE ASSISTENCIA FAMILIAR E EM,OUTROS SERVIÇOS DE TERCEIROS - PESSOA JURÍDICA,TRANSPORTE SANITÁRIO ELETIVO,34000.0,1,UNCLASSIFIED,,,,
30483455000176,INSTITUTO DE ASSISTENCIA A SAUDE DOS SER,OUTROS SERVIÇOS DE TERCEIROS - PESSOA JURÍDICA,MANUTENÇÃO DAS ATIVIDADES DA SECRETARIA,33092.14,8,UNCLASSIFIED,,,,
24230368000104,ORTOMOBIL INDÚSTRIA E COMÉRCIO LTDA,"MATERIAL, BEM OU SERVIÇO PARA DIST. GRATUITA",MANUTENÇÃO DO CER,32267.76,6,UNCLASSIFIED,,,,
27343163000123,RD INFORMATICA LTDA,EQUIPAMENTOS E MATERIAL PERMANENTE,PROCAD - SUAS,31950.0,2,UNCLASSIFIED,,,,
54887860000118,MM PRODUTOS AUTOMOTIVOS LTDA.,MATERIAL DE CONSUMO,"MANUTENÇÃO DE IMÓVEIS, VEÍCULOS E EQUIPA",31664.0,2,AUTOPECAS_CONSUMO,MEDIA_ALTA,materiais para manutenção de veículos/equipamentos e transporte escolar,Portal PMSB /despesas,Itens heterogêneos; não tratar como categoria única.
25386019000149,FARMODONTO PRODUTOS HOSPITALARES LTDA -,MATERIAL DE CONSUMO,ATENÇÃO BÁSICA,31158.5,5,UNCLASSIFIED,,,,
00390052000111,CONTRANSIN - INDUSTRIA E COMERCIO LTDA,EQUIPAMENTOS E MATERIAL PERMANENTE,MANUTENÇÃO DOS SERVIÇOS DE SEGURANÇA NO,30690.0,1,UNCLASSIFIED,,,,
18740207000168,JOHAN E STEFANI LTDA - ME,"MATERIAL, BEM OU SERVIÇO PARA DIST. GRATUITA",ASSISTÊNCIA À SAÚDE - MÉDIA E ALTA COMPL,30420.0,1,UNCLASSIFIED,,,,
55623647000161,GAMA PNEUS LTDA,MATERIAL DE CONSUMO,MANUT.DO ENS.FUND.FUNDEB 30%,29369.94,1,PNEUS_AUTO_CONSUMO,MEDIA_ALTA,materiais para manutenção de veículos/equipamentos,Portal PMSB /despesas,Perfil do fornecedor sugere pneus; item exato precisa de documento.
10936352000107,ESCOLA E ESCRITORIO INDUSTRIA E COMERCIO,EQUIPAMENTOS E MATERIAL PERMANENTE,PRÓ-INFÂNCIA,29066.77,1,UNCLASSIFIED,,,,
07319261000118,ELIETE BEATRIZ HAUPENTHAL & CIA LTDA,EQUIPAMENTOS E MATERIAL PERMANENTE,MANUTENÇÃO DO RESTAURANTE POPULAR,28960.0,1,UNCLASSIFIED,,,,
51560442000123,DUFILTER DISTRIBUIDORA DE FILTROS E LUBR,MATERIAL DE CONSUMO,AQUISIÇÃO DE COMBUSTÍVEIS E LUBRIFICANTE,28956.04,2,UNCLASSIFIED,,,,
76669670000167,TRANSVEPAR TRANSPORTES E VEICULOS PARANÁ,OUTROS SERVIÇOS DE TERCEIROS - PESSOA JURÍDICA,MANUTENÇÃO DAS ATIVIDADES DO GABINETE DO,28635.04,3,UNCLASSIFIED,,,,
76669670000167,TRANSVEPAR TRANSPORTES E VEICULOS PARANÁ,OUTROS SERVIÇOS DE TERCEIROS - PESSOA JURÍDICA,MANUTENÇÃO DA EDUCAÇÃO BÁSICA - SALÁRIO,28635.04,3,UNCLASSIFIED,,,,
34883104000103,RAPIDA INDUSTRIA DE PRODUTOS PARA SAUDE,MATERIAL DE CONSUMO,ATENÇÃO BÁSICA,27880.0,3,UNCLASSIFIED,,,,
09031569000199,CITTA INFORMATICA LTDA,SERVIÇOS DE TECNOLOGIA DA INFORMAÇÃO E COMUNICAÇÃO,MANUTENÇÃO DAS ATIVIDADES ADMINISTRATIVA,27871.48,1,UNCLASSIFIED,,,,
11606789000145,FALCAO EPI''S LTDA,MATERIAL DE CONSUMO,MANUTENÇÃO DO FUNDO MUNICIPAL DE ILUMINA,27482.2,2,UNCLASSIFIED,,,,
10936352000107,ESCOLA E ESCRITORIO INDUSTRIA E COMERCIO,EQUIPAMENTOS E MATERIAL PERMANENTE,MANUTENÇÃO DA EDUCAÇÃO INFANTIL,27021.23,1,UNCLASSIFIED,,,,
04998667000186,EQUIPAR GASTRO ACESSÓRIOS LTDA,EQUIPAMENTOS E MATERIAL PERMANENTE,MANUT.DA.EDUC.INFANT-FUNDEB 30%,26700.0,1,UNCLASSIFIED,,,,
30468657000149,COMERCIO DE ALIMENTOS DAL MOLIN LTDA,MATERIAL DE CONSUMO,BLOC PROT SOC ESPEC MÉDIA E ALTA COMPLEX,26463.92,5,ALIMENTOS_CONSUMO,MEDIA_ALTA,fornecimento associado a merenda escolar e restaurante popular,Portal PMSB /despesas — ações orçamentárias,Itens e condições ainda não abertos.
23639923000193,CONS. INTERM. DE DESENV. DO PAMPA,OUTROS SERVIÇOS DE TERCEIROS - PESSOA JURÍDICA,MANUTENÇÃO DAS ATIVIDADES DO GABINETE DO,26195.6,1,UNCLASSIFIED,,,,
31228836000171,ORTOBRAS INDUSTRIA E COMERCIO DE ORTOPED,"MATERIAL, BEM OU SERVIÇO PARA DIST. GRATUITA",MANUTENÇÃO DO CER,26094.85,5,UNCLASSIFIED,,,,
51365151000184,VIGA PRE MOLDADOS LTDA,OBRAS E INSTALAÇÕES,"PAVIMENTAÇÃO, CALÇAMENTO E DRENAGENS",25983.11,2,UNCLASSIFIED,,,,
04939481000156,FUNMISSÕES - FUND. MUNIC. MISSÕES,OUTROS SERVIÇOS DE TERCEIROS - PESSOA JURÍDICA,MANUTENÇÃO DAS ATIVIDADES DO GABINETE DO,25830.0,2,UNCLASSIFIED,,,,
05340639000130,PRIME CONSULTORIA E ASSESSORIA EMPRESARI,MATERIAL DE CONSUMO,MANUTENÇÃO DAS ATIVIDADES DO GABINETE DO,25559.52,3,INTERMEDIACAO_ABASTECIMENTO,MEDIA_ALTA,gestão/administração de abastecimento de frota por cartão; pagamentos correntes aparecem em ações de transporte/saúde,https://saoborja.rs.gov.br/index.php/licitacoes-e-contratos/item/2912-extrato-de-contrato-n-144-2022,Instrumento histórico identifica intermediação; vínculo exato do pagamento 2026 ao mesmo instrumento ainda precisa ser reconciliado.
05238851000190,DBSELLER SERVICOS DE INFORMATICA LTDA,SERVIÇOS DE TECNOLOGIA DA INFORMAÇÃO E COMUNICAÇÃO,MANUTENÇÃO DAS ATIVIDADES DA SECRETARIA,25204.34,3,SERVICO_TIC,ALTA_RUBRICA_ACAO,serviços de tecnologia da informação e comunicação,Portal PMSB /despesas,Manutenção de sistema de informática e atividades administrativas.
94516671000153,CIRURGICA SANTA CRUZ COM. PROD. HOSP. LT,"MATERIAL, BEM OU SERVIÇO PARA DIST. GRATUITA",FARMÁCIA BÁSICA E DEMANDAS JUDICIAIS,25048.04,5,UNCLASSIFIED,,,,
57775539000130,GEO MARKT COMUNICACAO ESTRATEGICA LTDA,OUTROS SERVIÇOS DE TERCEIROS - PESSOA JURÍDICA,REALIZAÇÃO E APOIO AOS FESTIVAIS DE MÚSI,24980.0,1,UNCLASSIFIED,,,,
17417928000179,VENTISOL DA AMAZONIA INDUSTRIA DE APAREL,EQUIPAMENTOS E MATERIAL PERMANENTE,MANUTENÇÃO DA EDUCAÇÃO INFANTIL,24359.2,1,UNCLASSIFIED,,,,
46728867000169,RIKA COMERCIAL DE PRODUTOS GOVERNAMENTAI,EQUIPAMENTOS E MATERIAL PERMANENTE,MANUTENÇÃO DO RESTAURANTE POPULAR,23914.77,1,UNCLASSIFIED,,,,
00472805000308,TRACADO CONSTRUCOES E SERVICOS LTDA,MATERIAL DE CONSUMO,VIAS URBANAS E RURAIS,23492.0,4,UNCLASSIFIED,,,,
95592077000104,PLANALTO TRANSPORTES LTDA,"MATERIAL, BEM OU SERVIÇO PARA DIST. GRATUITA",GESTÃO DE BENEFÍCIOS EVENTUAIS,22794.5,1,SERVICO_TRANSPORTE,ALTA_ACAO,transporte sanitário eletivo e benefícios eventuais relacionados a transporte,Portal PMSB /despesas — ações orçamentárias,Fornecedor de transporte; rubrica 3.3.90.32 não representa bem físico.
58951274000146,RAFAEL L. SCHRAMM,MATERIAL DE CONSUMO,"MANUTENÇÃO DE IMÓVEIS, VEÍCULOS E EQUIPA",22680.0,2,UNCLASSIFIED,,,,
37952262000166,SC COMERCIO DE PNEUS LTDA,MATERIAL DE CONSUMO,"MANUTENÇÃO DE IMÓVEIS, VEÍCULOS E EQUIPA",22540.0,1,UNCLASSIFIED,,,,
11606789000145,FALCAO EPI''S LTDA,MATERIAL DE CONSUMO,MANUT. DAS ATIV. DOS SERV. URBANOS,22449.05,2,UNCLASSIFIED,,,,
43463101000101,ABF DISTRIBUIDORA DE ALIMENTOS LTDA,MATERIAL DE CONSUMO,MANUTENÇÃO DO CAPS AD E AÇÕES PARA RECUP,22430.8,7,ALIMENTOS_CONSUMO,MEDIA_ALTA,"fornecimento associado a merenda escolar, restaurante popular e unidades sociais/saúde",Portal PMSB /despesas — ações orçamentárias,Ação e perfil do fornecedor sustentam alimento/consumo; itens e condições ainda não abertos.
89989255000132,ASSOCIACAO DOS MUNICIPIOS DAS MISSOES,OUTROS SERVIÇOS DE TERCEIROS - PESSOA JURÍDICA,MANUTENÇÃO DAS ATIVIDADES DO GABINETE DO,22230.0,1,UNCLASSIFIED,,,,
54887860000118,MM PRODUTOS AUTOMOTIVOS LTDA.,MATERIAL DE CONSUMO,"MANUTENÇÃO DE IMÓVEIS, VEÍCULOS E EQUIPAM",22102.8,4,AUTOPECAS_CONSUMO,MEDIA_ALTA,materiais para manutenção de veículos/equipamentos e transporte escolar,Portal PMSB /despesas,Itens heterogêneos; não tratar como categoria única.
22795601000170,MORABEZA CULTURAL LTDA,SERVIÇOS DE CONSULTORIA,LEI ALDIR BLANC,22000.0,1,UNCLASSIFIED,,,,
23720752000122,JARDIM DISTRIBUIDORA DE COSMETICOS LTDA,"MATERIAL, BEM OU SERVIÇO PARA DIST. GRATUITA",ASSISTÊNCIA À SAÚDE - MÉDIA E ALTA COMPL,21870.0,1,UNCLASSIFIED,,,,
00703157000183,CONFEDERAÇÃO NACIONAL DE MUNICIPIOS - CN,OUTROS SERVIÇOS DE TERCEIROS - PESSOA JURÍDICA,MANUTENÇÃO DAS ATIVIDADES DO GABINETE DO,21282.0,1,UNCLASSIFIED,,,,
46728867000169,RIKA COMERCIAL DE PRODUTOS GOVERNAMENTAI,EQUIPAMENTOS E MATERIAL PERMANENTE,MANUT.DA.EDUC.INFANT-FUNDEB 30%,21040.0,1,UNCLASSIFIED,,,,
92954106000142,VIACAO OURO E PRATA S/A,PASSAGENS E DESPESAS COM LOCOMOÇÃO,MANUTENÇÃO DAS ATIVIDADES PARLAMENTARES,20792.2,1,UNCLASSIFIED,,,,
10759369000136,ARGAVALE DISTRIBUIDORA DE MATERIAIS DE C,MATERIAL DE CONSUMO,MANUTENÇÃO DOS SERVIÇOS DE SEGURANÇA NO,20769.0,3,UNCLASSIFIED,,,,
47459386000168,ANDRELIS DISTRIBUIDORA LTDA,EQUIPAMENTOS E MATERIAL PERMANENTE,BLOC PROT SOC ESPEC MÉDIA E ALTA COMPLEX,20449.0,3,UNCLASSIFIED,,,,
17417928000179,VENTISOL DA AMAZONIA INDUSTRIA DE APAREL,EQUIPAMENTOS E MATERIAL PERMANENTE,MANUTENÇÃO DO ENSINO FUNDAMENTAL - MDE,20025.0,1,UNCLASSIFIED,,,,
22795601000170,MORABEZA CULTURAL LTDA,SERVIÇOS DE CONSULTORIA,MANUTENÇÃO DO DEPARTAMENTO DE ASSUNTOS C,20000.0,1,UNCLASSIFIED,,,,
53800800000153,NOBRE HORSE LTDA,EQUIPAMENTOS E MATERIAL PERMANENTE,MANUT.DA.EDUC.INFANT-FUNDEB 30%,20000.0,1,UNCLASSIFIED,,,,
14481040000107,GRÁFICA GRGRAF EIRELI,OUTROS SERVIÇOS DE TERCEIROS - PESSOA JURÍDICA,ATENÇÃO BÁSICA,19741.02,4,UNCLASSIFIED,,,,
09654067000114,EXCLUSIVACAO - EDUCACAO E DESENVOLVIMENT,OUTROS SERVIÇOS DE TERCEIROS - PESSOA JURÍDICA,FORMAÇÃO DE PROFESSORES E PROFISSIONAIS,19000.0,1,UNCLASSIFIED,,,,
58390067000160,"BERTANI, OLIVEIRA & HASSTENTEUFEL ADVOGA",OUTROS SERVIÇOS DE TERCEIROS - PESSOA JURÍDICA,MANUTENÇÃO DO FUNDO MUNICIPAL DA CRIANÇA,18700.0,1,UNCLASSIFIED,,,,
30468657000149,COMERCIO DE ALIMENTOS DAL MOLIN LTDA,MATERIAL DE CONSUMO,MANUTENÇÃO DO RESTAURANTE POPULAR,18565.55,4,ALIMENTOS_CONSUMO,MEDIA_ALTA,fornecimento associado a merenda escolar e restaurante popular,Portal PMSB /despesas — ações orçamentárias,Itens e condições ainda não abertos.
05090524000134,COSTA MACHADO & RODRIGUES LTDA,SERVIÇOS DE TECNOLOGIA DA INFORMAÇÃO E COMUNICAÇÃO,ATENÇÃO BÁSICA,18544.5,2,SERVICO_TIC,ALTA_RUBRICA_ACAO,"serviços TIC em educação, administração e saúde",Portal PMSB /despesas,Objeto específico por empenho ainda não aberto.
87124582000104,PROCERGS - CENTRO DE TECNOLOGIA DA INFO,OUTROS SERVIÇOS DE TERCEIROS - PESSOA JURÍDICA,MANUTENÇÃO DAS ATIVIDADES DA SECRETARIA,18040.87,2,UNCLASSIFIED,,,,
19498639000177,BERTA INDUSTRIA E COMERCIO DE FRALDAS LT,"MATERIAL, BEM OU SERVIÇO PARA DIST. GRATUITA",ASSISTÊNCIA À SAÚDE - MÉDIA E ALTA COMPL,18000.0,1,UNCLASSIFIED,,,,
54887860000118,MM PRODUTOS AUTOMOTIVOS LTDA.,MATERIAL DE CONSUMO,MANUTENÇÃO DO FUNDO MUNICIPAL DE ILUMINA,17656.0,1,AUTOPECAS_CONSUMO,MEDIA_ALTA,materiais para manutenção de veículos/equipamentos e transporte escolar,Portal PMSB /despesas,Itens heterogêneos; não tratar como categoria única.
44449147000139,DM DISTRIBUIDORA DE DESCARTAVEIS LTDA,MATERIAL DE CONSUMO,MANUTENÇÃO DA EDUCAÇÃO BÁSICA - SALÁRIO,17476.0,1,UNCLASSIFIED,,,,
11145401000156,L.A DALLA PORTA JUNIOR,MATERIAL DE CONSUMO,ATENÇÃO BÁSICA,17387.32,2,UNCLASSIFIED,,,,
15759650000192,TAIUR SCHUMACHER - ME,EQUIPAMENTOS E MATERIAL PERMANENTE,MANUTENÇÃO DAS ATIVIDADES DA SECRETARIA,17232.0,1,UNCLASSIFIED,,,,
47076858000101,SPORTSUL EVENTOS ESPORTIVOS LTDA,OUTROS SERVIÇOS DE TERCEIROS - PESSOA JURÍDICA,PROMOÇÃO DE EVENTOS ESPORTIVOS E DE LAZE,17080.0,1,UNCLASSIFIED,,,,
92954106000142,VIACAO OURO E PRATA S/A,PASSAGENS E DESPESAS COM LOCOMOÇÃO,CAPACITAÇÃO DE AGENTES PÚBLICOS,17011.8,1,UNCLASSIFIED,,,,
46388826000170,OCIAN  COMERCIAL FARMACEUTICA UNIPESSOAL,"MATERIAL, BEM OU SERVIÇO PARA DIST. GRATUITA",FARMÁCIA BÁSICA E DEMANDAS JUDICIAIS,16496.7,3,UNCLASSIFIED,,,,
24802687000309,"HS COMERCIO, LOCACAO E MANUTENCAO DE EQU",EQUIPAMENTOS E MATERIAL PERMANENTE,ASSISTÊNCIA À SAÚDE - MÉDIA E ALTA COMPL,16302.0,1,UNCLASSIFIED,,,,
03404393000197,JS SERVICOS DE ENGENHARIA LTDA,"MATERIAL, BEM OU SERVIÇO PARA DIST. GRATUITA",MELHORIAS HABITACIONAIS,16099.2,1,UNCLASSIFIED,,,,
33084691000299,ESSENCE DECOR LTDA,EQUIPAMENTOS E MATERIAL PERMANENTE,MANUTENÇÃO DO FUNDO ESTADUAL DE ASSISTÊN,16099.0,1,EQUIPAMENTO_PERMANENTE_DIVERSO,MEDIA,"equipamentos em saúde, assistência, administração e educação; itens exatos não abertos",Portal PMSB /despesas,Fornecedor atende múltiplas funções.
11417674000455,ACTE-ASSOCIAÇÃO COMUNIDADE TERAPEUTICA E,OUTROS SERVIÇOS DE TERCEIROS - PESSOA JURÍDICA,ASSISTÊNCIA À SAÚDE - MÉDIA E ALTA COMPL,16000.0,2,UNCLASSIFIED,,,,
28114183000195,CONSULTORIA EDUCACAO E ACAO LTDA,OUTROS SERVIÇOS DE TERCEIROS - PESSOA JURÍDICA,FORMAÇÃO DE PROFESSORES E PROFISSIONAIS,15980.0,1,UNCLASSIFIED,,,,
51954194000103,ZAMPIERE VOLPATTO SOLUCOES INTEGRADAS LT,EQUIPAMENTOS E MATERIAL PERMANENTE,BLOC PROT SOC ESPEC MÉDIA E ALTA COMPLEX,15839.0,2,UNCLASSIFIED,,,,
40214888000180,CLS SERVICOS E ASSESSORIA LTDA.,EQUIPAMENTOS E MATERIAL PERMANENTE,PRÓ-INFÂNCIA,15589.9,1,UNCLASSIFIED,,,,
48346978000136,DAMED DISTRIBUIDORA DE MEDICAMENTOS E MA,MATERIAL DE CONSUMO,ASSISTÊNCIA À SAÚDE - MÉDIA E ALTA COMPL,15505.8,1,UNCLASSIFIED,,,,
26270786000150,BAGE ELEVADORES LTDA,OUTROS SERVIÇOS DE TERCEIROS - PESSOA JURÍDICA,MANUTENÇÃO DAS ATIVIDADES DA SECRETARIA,15493.15,2,UNCLASSIFIED,,,,
05090524000134,COSTA MACHADO & RODRIGUES LTDA,SERVIÇOS DE TECNOLOGIA DA INFORMAÇÃO E COMUNICAÇÃO,ASSISTÊNCIA À SAÚDE - MÉDIA E ALTA COMPL,15379.3,2,SERVICO_TIC,ALTA_RUBRICA_ACAO,"serviços TIC em educação, administração e saúde",Portal PMSB /despesas,Objeto específico por empenho ainda não aberto.
00802002000102,ALTERMED MATERIAL MEDICO HOSPITALAR LTDA,"MATERIAL, BEM OU SERVIÇO PARA DIST. GRATUITA",FARMÁCIA BÁSICA E DEMANDAS JUDICIAIS,15212.39,11,UNCLASSIFIED,,,,
33393503000123,J BORELLA & BORELLA LTDA,EQUIPAMENTOS E MATERIAL PERMANENTE,ASSISTÊNCIA À SAÚDE - MÉDIA E ALTA COMPL,15165.0,2,UNCLASSIFIED,,,,
92954106000142,VIACAO OURO E PRATA S/A,PASSAGENS E DESPESAS COM LOCOMOÇÃO,MANUTENÇÃO DAS ATIVIDADES ADMINISTRATIVA,15121.6,1,UNCLASSIFIED,,,,
92954106000142,VIACAO OURO E PRATA S/A,PASSAGENS E DESPESAS COM LOCOMOÇÃO,CAPACITAÇÃO DE AGENTES POLÍTICOS,15121.6,1,UNCLASSIFIED,,,,
76386283000113,DIMEVA DISTRIBUIDORA DE MEDICAMENTOS LTD,"MATERIAL, BEM OU SERVIÇO PARA DIST. GRATUITA",FARMÁCIA BÁSICA E DEMANDAS JUDICIAIS,15039.94,5,UNCLASSIFIED,,,,
14767899000187,GRA ASSESSORIA E CONSULTORIA EMNEGOCIOS,MATERIAL DE CONSUMO,AQUISIÇÃO DE COMBUSTÍVEIS E LUBRIFICANTE,15003.75,6,PECAS_MANUTENCAO_MAQUINAS,MEDIA_ALTA,materiais para manutenção de veículos/equipamentos; parte associada a combustíveis,Portal PMSB /despesas; https://www.saoborja.rs.gov.br/index.php/licitacoes-e-contratos/item/6794-inexigibilidade-de-licitacao-26-2026-smpop-dcl,Há instrumentos de exclusividade XCMG em 2026; não somar automaticamente todos os empenhos ao mesmo processo.
18342297000139,SANDRO ALEXANDRE COELHO LTDA,OUTROS SERVIÇOS DE TERCEIROS - PESSOA JURÍDICA,REALIZAÇÃO E APOIO ÀS FESTIVIDADES LIGAD,15000.0,1,UNCLASSIFIED,,,,
35011420000158,35.011.420 JOSE DESIDERIO LUZ DE SOUZA,OUTROS SERVIÇOS DE TERCEIROS - PESSOA JURÍDICA,REALIZAÇÃO E APOIO ÀS FESTIVIDADES LIGAD,15000.0,1,UNCLASSIFIED,,,,
30468657000149,COMERCIO DE ALIMENTOS DAL MOLIN LTDA,MATERIAL DE CONSUMO,MANUTENÇÃO DO CAPS AD E AÇÕES PARA RECUP,14801.07,6,ALIMENTOS_CONSUMO,MEDIA_ALTA,fornecimento associado a merenda escolar e restaurante popular,Portal PMSB /despesas — ações orçamentárias,Itens e condições ainda não abertos.
36757380000150,MEDSANTA COMERCIO DE MEDICAMENTOS E MATE,MATERIAL DE CONSUMO,ATENÇÃO BÁSICA,14574.82,1,UNCLASSIFIED,,,,
49648233000194,SSZ DISTRIBUIDORA DE MEDICAMENTOS LTDA,MATERIAL DE CONSUMO,PROGRAMA DE VIGILÂNCIA E PROMOÇÃO DA SAÚ,14282.97,1,UNCLASSIFIED,,,,
01952684000194,G3 COMERCIAL LTDA,MATERIAL DE CONSUMO,MANUTENÇÃO DA EDUCAÇÃO BÁSICA - SALÁRIO,14155.68,6,UNCLASSIFIED,,,,
33084691000299,ESSENCE DECOR LTDA,EQUIPAMENTOS E MATERIAL PERMANENTE,MANUTENÇÃO DAS ATIVIDADES DA SECRETARIA,14145.0,6,EQUIPAMENTO_PERMANENTE_DIVERSO,MEDIA,"equipamentos em saúde, assistência, administração e educação; itens exatos não abertos",Portal PMSB /despesas,Fornecedor atende múltiplas funções.
13021017000177,DPM EDUCAÇÃO LTDA,OUTROS SERVIÇOS DE TERCEIROS - PESSOA JURÍDICA,MANUTENÇÃO DAS ATIVIDADES DA SECRETARIA,14064.0,21,UNCLASSIFIED,,,,
04071245000160,"LICIMED DISTRIBUIDORA DE MEDICAMENTOS, C","MATERIAL, BEM OU SERVIÇO PARA DIST. GRATUITA",FARMÁCIA BÁSICA E DEMANDAS JUDICIAIS,13920.0,2,UNCLASSIFIED,,,,
08149396000145,DESIGN RICARDENSE - INDÚSTRIA DE MÓVEIS,EQUIPAMENTOS E MATERIAL PERMANENTE,PRÓ-INFÂNCIA,13891.07,1,UNCLASSIFIED,,,,
01568077003655,B-GREEN GESTÃO AMBIENTAL S.A.,OUTROS SERVIÇOS DE TERCEIROS - PESSOA JURÍDICA,ATENÇÃO BÁSICA,13850.0,2,UNCLASSIFIED,,,,
24531333000105,NEOFINE PIGMENTOS E DISPERSÕES INDÚS,MATERIAL DE CONSUMO,MANUTENÇÃO DOS SERVIÇOS DE SEGURANÇA NO,13750.0,2,UNCLASSIFIED,,,,
35250918000173,L FERREIRA DA COSTA DISTRIBUIDORA DE MED,"MATERIAL, BEM OU SERVIÇO PARA DIST. GRATUITA",FARMÁCIA BÁSICA E DEMANDAS JUDICIAIS,13738.25,1,UNCLASSIFIED,,,,
55623647000161,GAMA PNEUS LTDA,MATERIAL DE CONSUMO,"MANUTENÇÃO DE IMÓVEIS, VEÍCULOS E EQUIPAM",13689.96,3,PNEUS_AUTO_CONSUMO,MEDIA_ALTA,materiais para manutenção de veículos/equipamentos,Portal PMSB /despesas,Perfil do fornecedor sugere pneus; item exato precisa de documento.
36757380000150,MEDSANTA COMERCIO DE MEDICAMENTOS E MATE,MATERIAL DE CONSUMO,ASSISTÊNCIA À SAÚDE - MÉDIA E ALTA COMPL,13652.0,1,UNCLASSIFIED,,,,
02150800000114,KALINOVSKI E KALINOVSKI LTDA,EQUIPAMENTOS E MATERIAL PERMANENTE,MANUTENÇÃO DA EDUCAÇÃO BÁSICA - SALÁRIO,13570.0,1,UNCLASSIFIED,,,,
14767899000187,GRA ASSESSORIA E CONSULTORIA EMNEGOCIOS,OUTROS SERVIÇOS DE TERCEIROS - PESSOA JURÍDICA,"MANUTENÇÃO DE IMÓVEIS, VEÍCULOS E EQUIPA",13484.0,4,UNCLASSIFIED,,,,
49648233000194,SSZ DISTRIBUIDORA DE MEDICAMENTOS LTDA,MATERIAL DE CONSUMO,ASSISTÊNCIA À SAÚDE - MÉDIA E ALTA COMPL,13450.43,1,UNCLASSIFIED,,,,
43463101000101,ABF DISTRIBUIDORA DE ALIMENTOS LTDA,MATERIAL DE CONSUMO,BLOCO DE PROTEÇÃO SOCIAL BÁSICA,13304.12,9,ALIMENTOS_CONSUMO,MEDIA_ALTA,"fornecimento associado a merenda escolar, restaurante popular e unidades sociais/saúde",Portal PMSB /despesas — ações orçamentárias,Ação e perfil do fornecedor sustentam alimento/consumo; itens e condições ainda não abertos.
07797967000195,NP TECNOLOGIA E GESTAO DE DADOS LTDA,SERVIÇOS DE TECNOLOGIA DA INFORMAÇÃO E COMUNICAÇÃO,MANUTENÇÃO DAS ATIVIDADES DA SECRETARIA,13291.98,1,UNCLASSIFIED,,,,
54887860000118,MM PRODUTOS AUTOMOTIVOS LTDA.,MATERIAL DE CONSUMO,AQUISIÇÃO DE COMBUSTÍVEIS E LUBRIFICANTE,13268.0,2,AUTOPECAS_CONSUMO,MEDIA_ALTA,materiais para manutenção de veículos/equipamentos e transporte escolar,Portal PMSB /despesas,Itens heterogêneos; não tratar como categoria única.
46728867000169,RIKA COMERCIAL DE PRODUTOS GOVERNAMENTAI,EQUIPAMENTOS E MATERIAL PERMANENTE,PRÓ-INFÂNCIA,13165.05,2,UNCLASSIFIED,,,,
33393503000123,J BORELLA & BORELLA LTDA,EQUIPAMENTOS E MATERIAL PERMANENTE,MANUTENÇÃO DA EDUCAÇÃO INFANTIL,13063.58,1,UNCLASSIFIED,,,,
40331916000149,RAFHAELA BUENO DE LOURENCO,OUTROS SERVIÇOS DE TERCEIROS - PESSOA JURÍDICA,BLOC PROT SOC ESPEC MÉDIA E ALTA COMPLEX,12396.03,2,UNCLASSIFIED,,,,
92859768000133,CONS. SEC. MUNIC. SAÚDE RS - COSEMS-RS,OUTROS SERVIÇOS DE TERCEIROS - PESSOA JURÍDICA,MANUTENÇÃO DAS ATIVIDADES DA SECRETARIA,12334.08,1,UNCLASSIFIED,,,,
37954602000198,USIBRAS INDUSTRIA E COMERCIO DE VIDROS L,MATERIAL DE CONSUMO,MANUTENÇÃO DOS SERVIÇOS DE SEGURANÇA NO,12240.0,2,UNCLASSIFIED,,,,
22673037000113,SINALIR JOSE DOTTO,MATERIAL DE CONSUMO,INICIAÇÃO A EDUCAÇÃO ALIMENTAR E NUTRICI,12198.0,1,UNCLASSIFIED,,,,
18136904000104,GUILHERME XAVIER PIVA LTDA,EQUIPAMENTOS E MATERIAL PERMANENTE,MANUTENÇÃO DAS ATIVIDADES DA SECRETARIA,12070.35,6,UNCLASSIFIED,,,,
19822275000139,BRUNA SANTOS DE ALMEIDA 03124299086,OUTROS SERVIÇOS DE TERCEIROS - PESSOA JURÍDICA,MANUTENÇÃO DO FUNDO MUNICIPAL DA CRIANÇA,12000.0,1,UNCLASSIFIED,,,,
33159931000196,PORTO UNIAO COMERCIO E REPRESENTACAO LTD,MATERIAL DE CONSUMO,MANUTENÇÃO DA EDUCAÇÃO BÁSICA - SALÁRIO,12000.0,2,UNCLASSIFIED,,,,
42338388000185,42.338.388 CARLOS ANSELMO FONTANELLA,MATERIAL DE CONSUMO,MANUTENÇÃO DA EDUCAÇÃO INFANTIL - NOVOS,11742.45,2,UNCLASSIFIED,,,,
88993175000198,UVERGS-UNIAO DOS VEREADORES DO RS.,OUTROS SERVIÇOS DE TERCEIROS - PESSOA JURÍDICA,MANUTENÇÃO DAS ATIVIDADES ADMINISTRATIVA,11640.0,1,UNCLASSIFIED,,,,
42188256000114,ODIMED COMERCIO VAREJISTA DE PRODUTOS DE,MATERIAL DE CONSUMO,ATENÇÃO BÁSICA,11600.0,2,UNCLASSIFIED,,,,
11606789000145,FALCAO EPI''S LTDA,MATERIAL DE CONSUMO,MANUTENÇÃO DAS ATIVIDADES DA SECRETARIA,11516.05,2,UNCLASSIFIED,,,,
92021062000106,HOSPITAL SÃO VICENTE DE PAULA,"MATERIAL, BEM OU SERVIÇO PARA DIST. GRATUITA",ASSISTÊNCIA À SAÚDE - MÉDIA E ALTA COMPL,11500.0,1,UNCLASSIFIED,,,,
27171625000172,KENYA OLIVEIRA FERNANDES LIMA SOARES ME,EQUIPAMENTOS E MATERIAL PERMANENTE,PRÓ-INFÂNCIA,11202.1,2,UNCLASSIFIED,,,,
52496119000109,B. D. R. COMERCIO DE EQUIPAMENTOS LTDA,EQUIPAMENTOS E MATERIAL PERMANENTE,ATENÇÃO BÁSICA,11150.0,1,UNCLASSIFIED,,,,
17983017000109,CASSIANO RICARDO FROES SUTHERLAND,MATERIAL DE CONSUMO,MANUTENÇÃO DA EDUCAÇÃO BÁSICA - SALÁRIO,11068.86,1,UNCLASSIFIED,,,,
23969712000119,L.J. BREDOW REPRESENTAÇÕES,MATERIAL DE CONSUMO,MANUTENÇÃO DO RESTAURANTE POPULAR,11063.75,1,UNCLASSIFIED,,,,
22862531000126,TOP NORTE COMERCIO DE MATERIAL MEDICO HO,"MATERIAL, BEM OU SERVIÇO PARA DIST. GRATUITA",FARMÁCIA BÁSICA E DEMANDAS JUDICIAIS,10762.12,3,UNCLASSIFIED,,,,
48911914000130,D S J CONFECCOES LTDA,MATERIAL DE CONSUMO,MANUTENÇÃO DA EDUCAÇÃO INFANTIL - NOVOS,10680.0,1,UNCLASSIFIED,,,,
76535764000143,OI S.A. - EM RECUPERACAO JUDICIAL,OUTROS SERVIÇOS DE TERCEIROS - PESSOA JURÍDICA,MANUTENÇÃO DAS ATIVIDADES ADMINISTRATIVA,10512.51,1,UNCLASSIFIED,,,,
49333270000103,D C METZ COMERCIAL,EQUIPAMENTOS E MATERIAL PERMANENTE,MANUTENÇÃO DA EDUCAÇÃO INFANTIL,10317.5,1,UNCLASSIFIED,,,,
94389400000184,MCW PRODUTOS MEDICOS E HOSPITALARES,"MATERIAL, BEM OU SERVIÇO PARA DIST. GRATUITA",FARMÁCIA BÁSICA E DEMANDAS JUDICIAIS,10297.13,4,UNCLASSIFIED,,,,
11417674000455,ACTE-ASSOCIAÇÃO COMUNIDADE TERAPEUTICA E,OUTROS SERVIÇOS DE TERCEIROS - PESSOA JURÍDICA,MANUTENÇÃO DO CAPS AD E AÇÕES PARA RECUP,9996.0,1,UNCLASSIFIED,,,,
44449147000139,DM DISTRIBUIDORA DE DESCARTAVEIS LTDA,MATERIAL DE CONSUMO,MANUT. DAS ATIV. DOS SERV. URBANOS,9915.3,1,UNCLASSIFIED,,,,
27075106000100,NOVIDÁ INDÚSTRIA E COMÉRCIO DE MÓVEIS LT,EQUIPAMENTOS E MATERIAL PERMANENTE,MANUTENÇÃO DO RESTAURANTE POPULAR,9909.0,1,UNCLASSIFIED,,,,
37952262000166,SC COMERCIO DE PNEUS LTDA,MATERIAL DE CONSUMO,MANUT.DO ENS.FUND.FUNDEB 30%,9660.0,1,UNCLASSIFIED,,,,
65996648000105,TPS COMERCIAL LTDA,MATERIAL DE CONSUMO,"MANUTENÇÃO DE IMÓVEIS, VEÍCULOS E EQUIPAM",9639.6,2,UNCLASSIFIED,,,,
66610727000107,66.610.727 JARI LOURENZO TERRES JUNIOR,OUTROS SERVIÇOS DE TERCEIROS - PESSOA JURÍDICA,REALIZAÇÃO E APOIO ÀS FESTIVIDADES LIGAD,9500.0,1,UNCLASSIFIED,,,,
55571406000116,55.571.406 NELCI DILLY SCHUMACHER,EQUIPAMENTOS E MATERIAL PERMANENTE,ASSISTÊNCIA À SAÚDE - MÉDIA E ALTA COMPL,9490.0,1,UNCLASSIFIED,,,,
01484706000139,IGAM-INSTIT.GAMMA DE ASSES.ORGAO PUBL.S/,OUTROS SERVIÇOS DE TERCEIROS - PESSOA JURÍDICA,REGULAÇÃO E MANUTENÇÃO DA AGESB,9370.17,6,UNCLASSIFIED,,,,
07319261000118,ELIETE BEATRIZ HAUPENTHAL & CIA LTDA,EQUIPAMENTOS E MATERIAL PERMANENTE,MANUTENÇÃO DO FUNDO ESTADUAL DE ASSISTÊN,9300.0,1,UNCLASSIFIED,,,,
19639940000315,TCJM DISTRIBUIDORA E IMPORTADORA LTDA,EQUIPAMENTOS E MATERIAL PERMANENTE,BLOC PROT SOC ESPEC MÉDIA E ALTA COMPLEX,9294.0,2,UNCLASSIFIED,,,,
46381269000166,"NUTRI-ELE DISTRIBUIDORA DE NUTRICAO, COR","MATERIAL, BEM OU SERVIÇO PARA DIST. GRATUITA",FARMÁCIA BÁSICA E DEMANDAS JUDICIAIS,9222.5,2,UNCLASSIFIED,,,,
12541620000117,SERIBAND INDÚSTRIA E COMERCIO DE CONFECÇ,MATERIAL DE CONSUMO,MANUTENÇÃO DA EDUCAÇÃO BÁSICA - SALÁRIO,9164.0,1,UNCLASSIFIED,,,,
42227547000174,MED4 IMPORTADORA E DISTRIBUIDORA LTDA,"MATERIAL, BEM OU SERVIÇO PARA DIST. GRATUITA",FARMÁCIA BÁSICA E DEMANDAS JUDICIAIS,9122.05,3,UNCLASSIFIED,,,,
03725725000135,LEIS LTDA,SERVIÇOS DE TECNOLOGIA DA INFORMAÇÃO E COMUNICAÇÃO,MANUTENÇÃO DO DEPARTAMENTO DE TRIBUTAÇÃO,9075.33,1,UNCLASSIFIED,,,,
44449147000139,DM DISTRIBUIDORA DE DESCARTAVEIS LTDA,MATERIAL DE CONSUMO,ATENÇÃO BÁSICA,9056.64,2,UNCLASSIFIED,,,,
35215257000145,DENTAL PREMIUM LTDA,MATERIAL DE CONSUMO,ATENÇÃO BÁSICA,9052.38,5,UNCLASSIFIED,,,,
42572060000129,PORTO ATACADISTA LTDA,MATERIAL DE CONSUMO,MANUTENÇÃO DA EDUCAÇÃO BÁSICA - SALÁRIO,9016.4,1,UNCLASSIFIED,,,,
93088649000197,ABASE SISTEMAS E SOLUÇÕES LTDA,OUTROS SERVIÇOS DE TERCEIROS - PESSOA JURÍDICA,MANUTENÇÃO ADMINISTRATIVA DO FUNDO DE PR,8932.35,7,UNCLASSIFIED,,,,
53800800000153,NOBRE HORSE LTDA,EQUIPAMENTOS E MATERIAL PERMANENTE,BLOC PROT SOC ESPEC MÉDIA E ALTA COMPLEX,8776.0,2,UNCLASSIFIED,,,,
06867357000158,DISTRIBUIDORA PARANHOS ARTIGOS PARA LABO,MATERIAL DE CONSUMO,ATENÇÃO BÁSICA,8760.0,1,UNCLASSIFIED,,,,
42188256000114,ODIMED COMERCIO VAREJISTA DE PRODUTOS DE,MATERIAL DE CONSUMO,MANUTENÇÃO DAS ATIVIDADES DA SECRETARIA,8690.8,8,UNCLASSIFIED,,,,
29757279000134,MEDIACUSTICA SOLUCOES EM EQUIPAMENTOS A,OUTROS SERVIÇOS DE TERCEIROS - PESSOA JURÍDICA,MANUTENÇÃO DO CER,8660.0,1,UNCLASSIFIED,,,,
05238851000190,DBSELLER SERVICOS DE INFORMATICA LTDA,SERVIÇOS DE TECNOLOGIA DA INFORMAÇÃO E COMUNICAÇÃO,MANUTENÇÃO DAS ATIVIDADES ADMINISTRATIVA,8477.1,1,SERVICO_TIC,ALTA_RUBRICA_ACAO,serviços de tecnologia da informação e comunicação,Portal PMSB /despesas,Manutenção de sistema de informática e atividades administrativas.
55675690000170,DENTAL MED PLUS LTDA,MATERIAL DE CONSUMO,ATENÇÃO BÁSICA,8447.62,3,UNCLASSIFIED,,,,
01952684000194,G3 COMERCIAL LTDA,"MATERIAL, BEM OU SERVIÇO PARA DIST. GRATUITA",MELHORIAS HABITACIONAIS,8369.79,2,UNCLASSIFIED,,,,
04531195000157,GESTOR UM CONSULTORIA & AUDITORIA S/S L,OUTROS SERVIÇOS DE TERCEIROS - PESSOA JURÍDICA,MANUTENÇÃO ADMINISTRATIVA DO FUNDO DE PR,8200.0,1,UNCLASSIFIED,,,,
51978129000100,ARPL DISTRIBUIDORA LTDA,MATERIAL DE CONSUMO,MANUTENÇÃO DA EDUCAÇÃO BÁSICA - SALÁRIO,8166.0,1,MATERIAL_EDUCACIONAL_CONSUMO,MEDIA,principalmente manutenção da educação infantil; item exato não aberto,Portal PMSB /despesas,Necessita termo/objeto.
42572060000129,PORTO ATACADISTA LTDA,MATERIAL DE CONSUMO,MANUTENÇÃO DAS ATIVIDADES DA SECRETARIA,8058.04,19,UNCLASSIFIED,,,,
51560442000123,DUFILTER DISTRIBUIDORA DE FILTROS E LUBR,MATERIAL DE CONSUMO,"MANUTENÇÃO DE IMÓVEIS, VEÍCULOS E EQUIPAM",7971.3,1,UNCLASSIFIED,,,,
26979673000129,JARDEL JACOBS PEREIRA DA SILVA,MATERIAL DE CONSUMO,MANUTENÇÃO DA EDUCAÇÃO INFANTIL,7957.6,1,UNCLASSIFIED,,,,
44449147000139,DM DISTRIBUIDORA DE DESCARTAVEIS LTDA,MATERIAL DE CONSUMO,MANUTENÇÃO DAS ATIVIDADES DA SECRETARIA,7936.87,8,UNCLASSIFIED,,,,
13062485000270,TIO MARIO EMBALAGENS LTDA,MATERIAL DE CONSUMO,MANUTENÇÃO DO RESTAURANTE POPULAR,7922.9,2,UNCLASSIFIED,,,,
13229567000186,VENEZA - DISTRIB. DE PROD. HOSP. LTDA -,MATERIAL DE CONSUMO,BLOC PROT SOC ESPEC MÉDIA E ALTA COMPLEX,7920.0,3,UNCLASSIFIED,,,,
55623647000161,GAMA PNEUS LTDA,MATERIAL DE CONSUMO,MANUTENÇÃO DO FUNDO MUNICIPAL DE ILUMINA,7893.98,1,PNEUS_AUTO_CONSUMO,MEDIA_ALTA,materiais para manutenção de veículos/equipamentos,Portal PMSB /despesas,Perfil do fornecedor sugere pneus; item exato precisa de documento.
23457564000153,AJM INSUMOS INDUSTRIAIS EIRELI,MATERIAL DE CONSUMO,ASSISTÊNCIA À SAÚDE - MÉDIA E ALTA COMPL,7732.8,1,UNCLASSIFIED,,,,
90180605000102,GENTE SEGURADORA S.A,OUTROS SERVIÇOS DE TERCEIROS - PESSOA JURÍDICA,MANUTENÇÃO DO TRANSPORTE ESCOLAR - EDUCA,7638.42,1,UNCLASSIFIED,,,,
27171625000172,KENYA OLIVEIRA FERNANDES LIMA SOARES ME,EQUIPAMENTOS E MATERIAL PERMANENTE,MANUTENÇÃO DO RESTAURANTE POPULAR,7597.76,2,UNCLASSIFIED,,,,
42188256000114,ODIMED COMERCIO VAREJISTA DE PRODUTOS DE,MATERIAL DE CONSUMO,MANUTENÇÃO DA EDUCAÇÃO BÁSICA - SALÁRIO,7584.0,1,UNCLASSIFIED,,,,
55589237000141,LICITAPRO COMERCIO CONSTRUCOES E SERVICO,MATERIAL DE CONSUMO,MANUTENÇÃO DOS SERVIÇOS DE SEGURANÇA NO,7553.4,1,UNCLASSIFIED,,,,
02310921000186,IEM INSTITUTO DE ESTUDOS MUNICIPAIS LTDA,OUTROS SERVIÇOS DE TERCEIROS - PESSOA JURÍDICA,MANUTENÇÃO ADMINISTRATIVA DO FUNDO DE PR,7453.75,8,UNCLASSIFIED,,,,
97530228000125,R. DE O. SANTIL EPI,MATERIAL DE CONSUMO,MANUT. DAS ATIV. DOS SERV. URBANOS,7405.0,1,UNCLASSIFIED,,,,
10573521000191,MERCADO PAGOINSTITUIÇAO DE PAGAMENTO LTD,EQUIPAMENTOS E MATERIAL PERMANENTE,AQUISICAO DE EQUIPAMENTOS E MATERIAIS PE,7360.24,2,UNCLASSIFIED,,,,
43463101000101,ABF DISTRIBUIDORA DE ALIMENTOS LTDA,MATERIAL DE CONSUMO,MANUTENÇÃO DAS ATIVIDADES DA SECRETARIA,7324.94,7,ALIMENTOS_CONSUMO,MEDIA_ALTA,"fornecimento associado a merenda escolar, restaurante popular e unidades sociais/saúde",Portal PMSB /despesas — ações orçamentárias,Ação e perfil do fornecedor sustentam alimento/consumo; itens e condições ainda não abertos.
51560442000123,DUFILTER DISTRIBUIDORA DE FILTROS E LUBR,MATERIAL DE CONSUMO,MANUTENÇÃO DO ENSINO FUNDAMENTAL - MDE,7313.66,1,UNCLASSIFIED,,,,
18136904000104,GUILHERME XAVIER PIVA LTDA,EQUIPAMENTOS E MATERIAL PERMANENTE,PROCAD - SUAS,7302.85,1,UNCLASSIFIED,,,,
05090524000134,COSTA MACHADO & RODRIGUES LTDA,SERVIÇOS DE TECNOLOGIA DA INFORMAÇÃO E COMUNICAÇÃO,MANUTENÇÃO DAS ATIVIDADES DO GABINETE DO,7179.13,3,SERVICO_TIC,ALTA_RUBRICA_ACAO,"serviços TIC em educação, administração e saúde",Portal PMSB /despesas,Objeto específico por empenho ainda não aberto.
33393503000123,J BORELLA & BORELLA LTDA,EQUIPAMENTOS E MATERIAL PERMANENTE,PRÓ-INFÂNCIA,7130.42,1,UNCLASSIFIED,,,,
02672248000124,AGIP-ASSOC.GAÚCHA DE INSTIT. DE PREVID.,OUTROS SERVIÇOS DE TERCEIROS - PESSOA JURÍDICA,MANUTENÇÃO ADMINISTRATIVA DO FUNDO DE PR,7100.0,4,UNCLASSIFIED,,,,
07319261000118,ELIETE BEATRIZ HAUPENTHAL & CIA LTDA,EQUIPAMENTOS E MATERIAL PERMANENTE,PRÓ-INFÂNCIA,7095.0,1,UNCLASSIFIED,,,,
33084691000299,ESSENCE DECOR LTDA,EQUIPAMENTOS E MATERIAL PERMANENTE,FARMÁCIA BÁSICA E DEMANDAS JUDICIAIS,7070.0,1,EQUIPAMENTO_PERMANENTE_DIVERSO,MEDIA,"equipamentos em saúde, assistência, administração e educação; itens exatos não abertos",Portal PMSB /despesas,Fornecedor atende múltiplas funções.
17417928000179,VENTISOL DA AMAZONIA INDUSTRIA DE APAREL,EQUIPAMENTOS E MATERIAL PERMANENTE,AQUISIÇÃO DE EQUIPAMENTOS E MATERIAIS PE,7049.9,2,UNCLASSIFIED,,,,
11461374000120,DIALUZ DILAMAR BERNARDI,"MATERIAL, BEM OU SERVIÇO PARA DIST. GRATUITA",ASSISTÊNCIA À SAÚDE - MÉDIA E ALTA COMPL,7000.0,3,UNCLASSIFIED,,,,
42753718000107,CASTRO EQUIPAMENTOS LTDA,EQUIPAMENTOS E MATERIAL PERMANENTE,MANUTENÇÃO DO RESTAURANTE POPULAR,6999.9,1,UNCLASSIFIED,,,,
28677530000198,AUGUSTO SOSTA MARTINS 25510225840,EQUIPAMENTOS E MATERIAL PERMANENTE,PROGRAMA DE VIGILÂNCIA E PROMOÇÃO DA SAÚ,6975.0,1,UNCLASSIFIED,,,,
30050141000180,INLEGIS CONSULTORIA E TREINAMENTO EIRELI,OUTROS SERVIÇOS DE TERCEIROS - PESSOA JURÍDICA,MANUTENÇÃO DAS ATIVIDADES ADMINISTRATIVA,6836.2,1,UNCLASSIFIED,,,,
97530228000125,R. DE O. SANTIL EPI,MATERIAL DE CONSUMO,MANUTENÇÃO DA EDUCAÇÃO BÁSICA - SALÁRIO,6825.0,1,UNCLASSIFIED,,,,
44449147000139,DM DISTRIBUIDORA DE DESCARTAVEIS LTDA,MATERIAL DE CONSUMO,BLOC PROT SOC ESPEC MÉDIA E ALTA COMPLEX,6647.8,2,UNCLASSIFIED,,,,
34034228000114,NOVO HORIZONTE COMERCIO DE PRODUTOS E AC,MATERIAL DE CONSUMO,MANUTENÇÃO DA EDUCAÇÃO BÁSICA - SALÁRIO,6636.0,1,UNCLASSIFIED,,,,
25341162000114,"MEGA DENTAL IMPORTACAO, EXPORTACAO E COM",MATERIAL DE CONSUMO,ATENÇÃO BÁSICA,6612.3,3,UNCLASSIFIED,,,,
33159931000196,PORTO UNIAO COMERCIO E REPRESENTACAO LTD,MATERIAL DE CONSUMO,MANUTENÇÃO DA EDUCAÇÃO INFANTIL,6595.0,1,UNCLASSIFIED,,,,
92885888000105,PAUSE & PERIN - ADVOGADOS ASSOCIADOS,OUTROS SERVIÇOS DE TERCEIROS - PESSOA JURÍDICA,MANUTENÇÃO DAS ATIVIDADES DA SECRETARIA,6530.0,1,UNCLASSIFIED,,,,
33084691000299,ESSENCE DECOR LTDA,EQUIPAMENTOS E MATERIAL PERMANENTE,MANUTENÇÃO DA EDUCAÇÃO BÁSICA - SALÁRIO,6458.0,1,EQUIPAMENTO_PERMANENTE_DIVERSO,MEDIA,"equipamentos em saúde, assistência, administração e educação; itens exatos não abertos",Portal PMSB /despesas,Fornecedor atende múltiplas funções.
30644818000108,CALMED SERVIÇOS TÉCNICOS E DISTRIBUIDORA,MATERIAL DE CONSUMO,ATENÇÃO BÁSICA,6420.0,2,UNCLASSIFIED,,,,
33683111000107,SERVICO FEDERAL DE PROCESSAMENTO DE DADO,SERVIÇOS DE TECNOLOGIA DA INFORMAÇÃO E COMUNICAÇÃO,MANUTENÇÃO DO DEPARTAMENTO DE TRIBUTAÇÃO,6408.54,3,UNCLASSIFIED,,,,
27343163000123,RD INFORMATICA LTDA,EQUIPAMENTOS E MATERIAL PERMANENTE,BLOCO DE GESTÃO DO PROG BOLSA FAMIL E CAD ÚNICO,6390.0,1,UNCLASSIFIED,,,,
18876112000176,GIBBOR PUBLICIDADE E PUBLICAÇÕES DE EDIT,OUTROS SERVIÇOS DE TERCEIROS - PESSOA JURÍDICA,MANUTENÇÃO DAS ATIVIDADES DA SECRETARIA,6346.8,1,UNCLASSIFIED,,,,
61602199023244,COMPANHIA ULTRAGAZ S.A.,MATERIAL DE CONSUMO,EXECUÇÃO DE EMENDAS PARL P/ ASSIST SOCIAL,6300.0,1,UNCLASSIFIED,,,,
15759650000192,TAIUR SCHUMACHER - ME,EQUIPAMENTOS E MATERIAL PERMANENTE,AQUISIÇÃO DE EQUIPAMENTOS E MATERIAIS PE,6219.0,2,UNCLASSIFIED,,,,
07319261000118,ELIETE BEATRIZ HAUPENTHAL & CIA LTDA,EQUIPAMENTOS E MATERIAL PERMANENTE,PROGRAMA DE VIGILÂNCIA E PROMOÇÃO DA SAÚ,6200.0,1,UNCLASSIFIED,,,,
24802687000309,"HS COMERCIO, LOCACAO E MANUTENCAO DE EQU",EQUIPAMENTOS E MATERIAL PERMANENTE,MANUTENÇÃO DO FUNDO ESTADUAL DE ASSISTÊN,6194.76,1,UNCLASSIFIED,,,,
02012862000160,TAM LINHAS AEREAS S/A.,PASSAGENS E DESPESAS COM LOCOMOÇÃO,MANUTENÇÃO DAS ATIVIDADES PARLAMENTARES,6158.5,1,UNCLASSIFIED,,,,
44639579000102,OESTE PRODUTOS DE LIMPEZA LTDA,MATERIAL DE CONSUMO,MANUTENÇÃO DAS ATIVIDADES DA SECRETARIA,6025.8,6,UNCLASSIFIED,,,,
22525517000137,J.F COMERCIO DE MATERIAL E MEDICAMENTOS,EQUIPAMENTOS E MATERIAL PERMANENTE,ATENÇÃO BÁSICA,6015.0,2,UNCLASSIFIED,,,,
43613995000179,43.613.995 MHAGALDY MARJA DOMINGO BUENO,OUTROS SERVIÇOS DE TERCEIROS - PESSOA JURÍDICA,REALIZAÇÃO E APOIO ÀS FESTIVIDADES LIGAD,6000.0,1,UNCLASSIFIED,,,,
00358519000146,"RCC - DISTRIBUIDORA DE MEDICAMENTOS, COR","MATERIAL, BEM OU SERVIÇO PARA DIST. GRATUITA",FARMÁCIA BÁSICA E DEMANDAS JUDICIAIS,5990.0,2,UNCLASSIFIED,,,,
90180605000102,GENTE SEGURADORA S.A,OUTROS SERVIÇOS DE TERCEIROS - PESSOA JURÍDICA,MANUTENÇÃO DO TRANSPORTE ESCOLAR - ENSIN,5900.0,3,UNCLASSIFIED,,,,
18136904000104,GUILHERME XAVIER PIVA LTDA,EQUIPAMENTOS E MATERIAL PERMANENTE,ASSISTÊNCIA À SAÚDE - MÉDIA E ALTA COMPL,5897.35,2,UNCLASSIFIED,,,,
44918033000190,DIP IMPORTACAO E COMERCIO DE MATERIAIS L,EQUIPAMENTOS E MATERIAL PERMANENTE,MANUT.DA.EDUC.INFANT-FUNDEB 30%,5850.0,1,UNCLASSIFIED,,,,
40260072000192,CAROLINE DISQUE DA SILVA 43529436810,EQUIPAMENTOS E MATERIAL PERMANENTE,MANUTENÇÃO DO RESTAURANTE POPULAR,5600.0,1,UNCLASSIFIED,,,,
42572060000129,PORTO ATACADISTA LTDA,MATERIAL DE CONSUMO,BLOCO DE PROTEÇÃO SOCIAL BÁSICA,5553.87,5,UNCLASSIFIED,,,,
43463101000101,ABF DISTRIBUIDORA DE ALIMENTOS LTDA,MATERIAL DE CONSUMO,VIAS URBANAS E RURAIS,5474.08,2,ALIMENTOS_CONSUMO,MEDIA_ALTA,"fornecimento associado a merenda escolar, restaurante popular e unidades sociais/saúde",Portal PMSB /despesas — ações orçamentárias,Ação e perfil do fornecedor sustentam alimento/consumo; itens e condições ainda não abertos.
13903994000106,GAVEA COMERCIO DE BANDEIRAS E EMBALAGENS,MATERIAL DE CONSUMO,MANUTENÇÃO DAS ATIVIDADES DO GABINETE DO,5360.0,2,UNCLASSIFIED,,,,
59131363000109,IX MEDICAL LTDA,EQUIPAMENTOS E MATERIAL PERMANENTE,PROGRAMA DE VIGILÂNCIA E PROMOÇÃO DA SAÚ,5315.0,1,UNCLASSIFIED,,,,
61198164000160,PORTO SEGURO COMPANHIA DE SEGUROS GERAIS,OUTROS SERVIÇOS DE TERCEIROS - PESSOA JURÍDICA,DEFESA CIVIL,5296.65,1,UNCLASSIFIED,,,,
04196645000100,IMPRENSA NACIONAL,OUTROS SERVIÇOS DE TERCEIROS - PESSOA JURÍDICA,MANUTENÇÃO DAS ATIVIDADES DA SECRETARIA,5235.98,1,UNCLASSIFIED,,,,
51892897000146,JT MEDICAMENTOS LTDA,MATERIAL DE CONSUMO,ASSISTÊNCIA À SAÚDE - MÉDIA E ALTA COMPL,5137.6,1,UNCLASSIFIED,,,,
44133337000142,ANA CAROLINE PHILIPPSEN CRUZ 09914014925,EQUIPAMENTOS E MATERIAL PERMANENTE,MANUTENÇÃO DA EDUCAÇÃO INFANTIL,5117.98,1,UNCLASSIFIED,,,,
44133337000142,ANA CAROLINE PHILIPPSEN CRUZ 09914014925,EQUIPAMENTOS E MATERIAL PERMANENTE,PRÓ-INFÂNCIA,5117.98,1,UNCLASSIFIED,,,,
49673898000158,CB ELETRO E INFORMATICA LTDA,EQUIPAMENTOS E MATERIAL PERMANENTE,MANUTENÇÃO DO RESTAURANTE POPULAR,5115.79,2,UNCLASSIFIED,,,,
22252006000199,ZEFERINA PAULINA AMALIA MULLER SCHERER,MATERIAL DE CONSUMO,MANUTENÇÃO DA EDUCAÇÃO INFANTIL - NOVOS,5100.0,1,UNCLASSIFIED,,,,
03426592000104,FLAVIO IVAN DOS PRAZERES DE DEUS,MATERIAL DE CONSUMO,MANUTENÇÃO DO TRANSPORTE ESCOLAR - ENSIN,5084.6,2,UNCLASSIFIED,,,,
73865008000194,E.  D.  AZAMBUJA & CIA LTDA,EQUIPAMENTOS E MATERIAL PERMANENTE,PRÓ-INFÂNCIA,5074.2,1,UNCLASSIFIED,,,,
13229567000186,VENEZA - DISTRIB. DE PROD. HOSP. LTDA -,"MATERIAL, BEM OU SERVIÇO PARA DIST. GRATUITA",ASSISTÊNCIA À SAÚDE - MÉDIA E ALTA COMPL,5069.1,2,UNCLASSIFIED,,,,
91083212000135,DENTÁRIA E DIST.  HOSP.  PORTO ALEGRENSE,MATERIAL DE CONSUMO,ATENÇÃO BÁSICA,5039.42,3,UNCLASSIFIED,,,,
33084691000299,ESSENCE DECOR LTDA,EQUIPAMENTOS E MATERIAL PERMANENTE,ATENÇÃO BÁSICA,4939.0,1,EQUIPAMENTO_PERMANENTE_DIVERSO,MEDIA,"equipamentos em saúde, assistência, administração e educação; itens exatos não abertos",Portal PMSB /despesas,Fornecedor atende múltiplas funções.
15318347000154,D.S.E. INDUSTRIA E COMERCIO DE MOVEIS DE,EQUIPAMENTOS E MATERIAL PERMANENTE,PRÓ-INFÂNCIA,4937.32,1,UNCLASSIFIED,,,,
18274923000105,MASTERSUL EQUIPAMENTOS DE SEGURANCA LTDA,MATERIAL DE CONSUMO,MANUTENÇÃO DO FUNDO MUNICIPAL DE ILUMINA,4923.8,1,UNCLASSIFIED,,,,
07052779000138,ALCI N. BECKER & CIA LTDA,EQUIPAMENTOS E MATERIAL PERMANENTE,BLOC PROT SOC ESPEC MÉDIA E ALTA COMPLEX,4880.0,2,UNCLASSIFIED,,,,
42188256000114,ODIMED COMERCIO VAREJISTA DE PRODUTOS DE,MATERIAL DE CONSUMO,BLOC PROT SOC ESPEC MÉDIA E ALTA COMPLEX,4785.2,2,UNCLASSIFIED,,,,
51659136000149,SOUL DISTRIBUIDORA DE PRODUTOS E EQUIPAM,EQUIPAMENTOS E MATERIAL PERMANENTE,PROGRAMA DE VIGILÂNCIA E PROMOÇÃO DA SAÚ,4747.73,2,UNCLASSIFIED,,,,
05090524000134,COSTA MACHADO & RODRIGUES LTDA,SERVIÇOS DE TECNOLOGIA DA INFORMAÇÃO E COMUNICAÇÃO,MANUTENÇÃO DO FUNDO MUNICIPAL DE ILUMINA,4743.0,1,SERVICO_TIC,ALTA_RUBRICA_ACAO,"serviços TIC em educação, administração e saúde",Portal PMSB /despesas,Objeto específico por empenho ainda não aberto.
13021017000177,DPM EDUCAÇÃO LTDA,OUTROS SERVIÇOS DE TERCEIROS - PESSOA JURÍDICA,MANUTENÇÃO DO FUNDO MUNICIPAL DA CRIANÇA,4737.0,3,UNCLASSIFIED,,,,
07978004000198,DENTAL MED EQUIP.MAT ODONT.E HOSPITALARE,"MATERIAL, BEM OU SERVIÇO PARA DIST. GRATUITA",ATENÇÃO BÁSICA,4730.0,1,UNCLASSIFIED,,,,
27298119000149,GESTOR UM CONSULTORIA FINANCEIRA LTDA,OUTROS SERVIÇOS DE TERCEIROS - PESSOA JURÍDICA,MANUTENÇÃO ADMINISTRATIVA DO FUNDO DE PR,4723.02,8,UNCLASSIFIED,,,,
60173263000124,IMPACTO ADMINISTRACAO E EFICIENCIA LTDA,EQUIPAMENTOS E MATERIAL PERMANENTE,PRÓ-INFÂNCIA,4653.99,1,UNCLASSIFIED,,,,
50301713000163,ELETRO CENTER ILUMINACAO LTDA,MATERIAL DE CONSUMO,MANUTENÇÃO DO FUNDO MUNICIPAL DE ILUMINA,4540.0,1,UNCLASSIFIED,,,,
18136904000104,GUILHERME XAVIER PIVA LTDA,EQUIPAMENTOS E MATERIAL PERMANENTE,MANUTENÇÃO DA EDUCAÇÃO BÁSICA - SALÁRIO,4529.2,1,UNCLASSIFIED,,,,
06037744000167,ADILSON MOURA DE ALMEIDA,MATERIAL DE CONSUMO,MANUTENÇÃO DO ENSINO FUNDAMENTAL - MDE,4515.0,1,UNCLASSIFIED,,,,
30468657000149,COMERCIO DE ALIMENTOS DAL MOLIN LTDA,MATERIAL DE CONSUMO,BLOCO DE PROTEÇÃO SOCIAL BÁSICA,4463.39,5,ALIMENTOS_CONSUMO,MEDIA_ALTA,fornecimento associado a merenda escolar e restaurante popular,Portal PMSB /despesas — ações orçamentárias,Itens e condições ainda não abertos.
31401798000107,DENTAL BH BRASIL,MATERIAL DE CONSUMO,ATENÇÃO BÁSICA,4434.2,2,UNCLASSIFIED,,,,
54084848000175,GESTOR UM EDUCACAO LTDA,OUTROS SERVIÇOS DE TERCEIROS - PESSOA JURÍDICA,MANUTENÇÃO ADMINISTRATIVA DO FUNDO DE PR,4421.0,5,UNCLASSIFIED,,,,
25310339000115,BRUNO PINTO MARIAN,MATERIAL DE CONSUMO,MANUTENÇÃO DO FUNDO MUNICIPAL DE ILUMINA,4380.6,1,UNCLASSIFIED,,,,
41507227000105,JAB COMERCIO E DISTRIBUICAO DE PRODUTOS,MATERIAL DE CONSUMO,ASSISTÊNCIA À SAÚDE - MÉDIA E ALTA COMPL,4358.0,2,UNCLASSIFIED,,,,
30644818000108,CALMED SERVIÇOS TÉCNICOS E DISTRIBUIDORA,EQUIPAMENTOS E MATERIAL PERMANENTE,ASSISTÊNCIA À SAÚDE - MÉDIA E ALTA COMPL,4305.0,1,UNCLASSIFIED,,,,
39886474000118,JK CASA E CONSTRUCAO LTDA,MATERIAL DE CONSUMO,MANUTENÇÃO DO FUNDO MUNICIPAL DE ILUMINA,4284.0,1,UNCLASSIFIED,,,,
43463101000101,ABF DISTRIBUIDORA DE ALIMENTOS LTDA,MATERIAL DE CONSUMO,CONSTRUÇÃO E MANUTENÇÃO DO CAPS 1,4174.58,8,ALIMENTOS_CONSUMO,MEDIA_ALTA,"fornecimento associado a merenda escolar, restaurante popular e unidades sociais/saúde",Portal PMSB /despesas — ações orçamentárias,Ação e perfil do fornecedor sustentam alimento/consumo; itens e condições ainda não abertos.
34637297000112,LIFE CARE DIAGNOSTICOS EIRELI,MATERIAL DE CONSUMO,ATENÇÃO BÁSICA,4140.88,2,UNCLASSIFIED,,,,
63732144000152,PEPCON COMERCIAL LTDA,MATERIAL DE CONSUMO,MANUTENÇÃO DO ENSINO FUNDAMENTAL - MDE,4104.0,1,UNCLASSIFIED,,,,
05462743000954,ABORGAMA DO BRASIL LTDA,OUTROS SERVIÇOS DE TERCEIROS - PESSOA JURÍDICA,ATENÇÃO BÁSICA,4100.0,1,UNCLASSIFIED,,,,
76669670000167,TRANSVEPAR TRANSPORTES E VEICULOS PARANÁ,OUTROS SERVIÇOS DE TERCEIROS - PESSOA JURÍDICA,MANUTENÇÃO DO FUNDO MUNICIPAL DE ILUMINA,4090.72,1,UNCLASSIFIED,,,,
07052779000138,ALCI N. BECKER & CIA LTDA,EQUIPAMENTOS E MATERIAL PERMANENTE,PROGRAMA DE VIGILÂNCIA E PROMOÇÃO DA SAÚ,4060.0,1,UNCLASSIFIED,,,,
17500279000175,ABS SOLUCOES TECNICAS LTDA,OUTROS SERVIÇOS DE TERCEIROS - PESSOA JURÍDICA,ATENÇÃO BÁSICA,4037.6,2,UNCLASSIFIED,,,,
52692151000151,SAN ANGEL CONSTRUTORA LTDA,OBRAS E INSTALAÇÕES,"CONSTRUÇÃO, REFORMA E AMPLIAÇÃO DE QUADR",4012.24,1,UNCLASSIFIED,,,,
17417928000179,VENTISOL DA AMAZONIA INDUSTRIA DE APAREL,EQUIPAMENTOS E MATERIAL PERMANENTE,MANUTENÇÃO DO CAM (CENTRO DE ATENDIMENTO,4005.0,1,UNCLASSIFIED,,,,
17417928000179,VENTISOL DA AMAZONIA INDUSTRIA DE APAREL,EQUIPAMENTOS E MATERIAL PERMANENTE,PROCAD - SUAS,4005.0,1,UNCLASSIFIED,,,,
11108062000138,ENTELCO TECNOLOGIA EM REDES DE DADOS LTD,OUTROS SERVIÇOS DE TERCEIROS - PESSOA JURÍDICA,MANUTENÇÃO DO SISTEMA DE INFORMÁTICA,3998.0,1,UNCLASSIFIED,,,,
63732144000152,PEPCON COMERCIAL LTDA,EQUIPAMENTOS E MATERIAL PERMANENTE,PROGRAMA DE VIGILÂNCIA E PROMOÇÃO DA SAÚ,3968.0,3,UNCLASSIFIED,,,,
43496899000198,ALS UNIFORMES PROFISSIONAIS LTDA,MATERIAL DE CONSUMO,MANUTENÇÃO DO FUNDO MUNICIPAL DE ILUMINA,3932.0,1,UNCLASSIFIED,,,,
07675477000116,IGAM CORPORATIVO CURSOS E ASSESSORIA S/S,OUTROS SERVIÇOS DE TERCEIROS - PESSOA JURÍDICA,CAPACITAÇÃO DE AGENTES PÚBLICOS,3920.0,3,UNCLASSIFIED,,,,
32593430000150,M CARREGA COMÉRCIO DE PRODUTOS HOSPITALA,MATERIAL DE CONSUMO,ATENÇÃO BÁSICA,3900.0,2,UNCLASSIFIED,,,,
89100135000132,UNIMED PLANALTO CENTRAL RS - COOPERATIVA,OUTROS SERVIÇOS DE TERCEIROS - PESSOA JURÍDICA,TRANSPORTE SANITÁRIO ELETIVO,3900.0,1,UNCLASSIFIED,,,,
12581380000184,ALF COMERCIO DE ELETRODOMESTICOS LTDA,EQUIPAMENTOS E MATERIAL PERMANENTE,ATENÇÃO BÁSICA,3894.0,2,UNCLASSIFIED,,,,
42188256000114,ODIMED COMERCIO VAREJISTA DE PRODUTOS DE,MATERIAL DE CONSUMO,BLOCO DE PROTEÇÃO SOCIAL BÁSICA,3881.45,2,UNCLASSIFIED,,,,
21112395000194,CIRURGICA LAJEADENSE LTDA,EQUIPAMENTOS E MATERIAL PERMANENTE,BLOC PROT SOC ESPEC MÉDIA E ALTA COMPLEX,3859.0,2,UNCLASSIFIED,,,,
33484825000188,CONSELHO NACIONAL DE SEC. DE MUNICIPAIS,OUTROS SERVIÇOS DE TERCEIROS - PESSOA JURÍDICA,MANUTENÇÃO DAS ATIVIDADES DA SECRETARIA,3840.0,1,UNCLASSIFIED,,,,
23310852000261,MURIEL A. BLAU & CIA LTDA,MATERIAL DE CONSUMO,MANUTENÇÃO DAS ATIVIDADES DA SECRETARIA,3826.36,15,UNCLASSIFIED,,,,
54887860000118,MM PRODUTOS AUTOMOTIVOS LTDA.,MATERIAL DE CONSUMO,MANUT.DO ENS.FUND.FUNDEB 30%,3816.0,1,AUTOPECAS_CONSUMO,MEDIA_ALTA,materiais para manutenção de veículos/equipamentos e transporte escolar,Portal PMSB /despesas,Itens heterogêneos; não tratar como categoria única.
05387322000159,UNIÃO DOS DIRIGENTES MUNICIPAIS DE EDUCA,OUTROS SERVIÇOS DE TERCEIROS - PESSOA JURÍDICA,MANUTENÇÃO DAS ATIVIDADES DA SECRETARIA,3815.0,1,UNCLASSIFIED,,,,
18136904000104,GUILHERME XAVIER PIVA LTDA,EQUIPAMENTOS E MATERIAL PERMANENTE,FARMÁCIA BÁSICA E DEMANDAS JUDICIAIS,3797.1,1,UNCLASSIFIED,,,,
23597822000105,SERRA SAUDE COMERCIO DE EQUIPAMENTOS MED,MATERIAL DE CONSUMO,MANUTENÇÃO DO CER,3786.98,1,UNCLASSIFIED,,,,
20784313000195,RM COMERCIO DE MERCADORIAS E MATERIAIS L,MATERIAL DE CONSUMO,MANUTENÇÃO DO FUNDO MUNICIPAL DE ILUMINA,3780.58,2,UNCLASSIFIED,,,,
07978004000198,DENTAL MED EQUIP.MAT ODONT.E HOSPITALARE,MATERIAL DE CONSUMO,ATENÇÃO BÁSICA,3740.9,3,UNCLASSIFIED,,,,
08149396000145,DESIGN RICARDENSE - INDÚSTRIA DE MÓVEIS,EQUIPAMENTOS E MATERIAL PERMANENTE,MANUTENÇÃO DO FUNDO ESTADUAL DE ASSISTÊN,3659.5,1,UNCLASSIFIED,,,,
55875621000100,BS COLORS COMERCIO DE TINTAS LTDA,MATERIAL DE CONSUMO,MANUTENÇÃO DAS ATIVIDADES DA SECRETARIA,3640.0,3,UNCLASSIFIED,,,,
34034228000114,NOVO HORIZONTE COMERCIO DE PRODUTOS E AC,MATERIAL DE CONSUMO,ATENÇÃO BÁSICA,3628.6,2,UNCLASSIFIED,,,,
46728867000169,RIKA COMERCIAL DE PRODUTOS GOVERNAMENTAI,EQUIPAMENTOS E MATERIAL PERMANENTE,MANUTENÇÃO DA EDUCAÇÃO INFANTIL,3568.14,1,UNCLASSIFIED,,,,
20992564000165,HELPFIX ATACADO DE PAPELARIA LTDA-ME,MATERIAL DE CONSUMO,BLOCO DE PROTEÇÃO SOCIAL BÁSICA,3566.56,5,UNCLASSIFIED,,,,
26979673000129,JARDEL JACOBS PEREIRA DA SILVA,MATERIAL DE CONSUMO,ATENÇÃO BÁSICA,3557.44,3,UNCLASSIFIED,,,,
05090524000134,COSTA MACHADO & RODRIGUES LTDA,SERVIÇOS DE TECNOLOGIA DA INFORMAÇÃO E COMUNICAÇÃO,GESTÃO ADM DO FUNDO DE ASSIST SOCIAL,3523.23,4,SERVICO_TIC,ALTA_RUBRICA_ACAO,"serviços TIC em educação, administração e saúde",Portal PMSB /despesas,Objeto específico por empenho ainda não aberto.
30986684000103,WE COMERCIO DE PRODUTOS E UTILIDADES DOM,MATERIAL DE CONSUMO,BLOC PROT SOC ESPEC MÉDIA E ALTA COMPLEX,3515.47,2,UNCLASSIFIED,,,,
24738613000199,MEGA PAPELARIA E ESPORTES EIRELI ME,MATERIAL DE CONSUMO,MANUTENÇÃO DA EDUCAÇÃO BÁSICA - SALÁRIO,3510.0,1,UNCLASSIFIED,,,,
54887860000118,MM PRODUTOS AUTOMOTIVOS LTDA.,MATERIAL DE CONSUMO,FOMENTO AO DESENVOLVIMENTO DA AGRICULTUR,3510.0,1,AUTOPECAS_CONSUMO,MEDIA_ALTA,materiais para manutenção de veículos/equipamentos e transporte escolar,Portal PMSB /despesas,Itens heterogêneos; não tratar como categoria única.
05090524000134,COSTA MACHADO & RODRIGUES LTDA,SERVIÇOS DE TECNOLOGIA DA INFORMAÇÃO E COMUNICAÇÃO,MANUTENÇÃO DO SISTEMA DE INFORMÁTICA,3504.0,1,SERVICO_TIC,ALTA_RUBRICA_ACAO,"serviços TIC em educação, administração e saúde",Portal PMSB /despesas,Objeto específico por empenho ainda não aberto.
21112395000194,CIRURGICA LAJEADENSE LTDA,MATERIAL DE CONSUMO,ATENÇÃO BÁSICA,3490.26,3,UNCLASSIFIED,,,,
20784313000195,RM COMERCIO DE MERCADORIAS E MATERIAIS L,MATERIAL DE CONSUMO,MANUTENÇÃO DA EDUCAÇÃO BÁSICA - SALÁRIO,3476.0,4,UNCLASSIFIED,,,,
23969712000119,L.J. BREDOW REPRESENTAÇÕES,MATERIAL DE CONSUMO,INICIAÇÃO À EDUCAÇÃO ALIMENTAR E NUTRICI,3475.0,1,UNCLASSIFIED,,,,
44639579000102,OESTE PRODUTOS DE LIMPEZA LTDA,MATERIAL DE CONSUMO,ATENÇÃO BÁSICA,3450.0,1,UNCLASSIFIED,,,,
51978129000100,ARPL DISTRIBUIDORA LTDA,MATERIAL DE CONSUMO,ATENÇÃO BÁSICA,3440.3,2,MATERIAL_EDUCACIONAL_CONSUMO,MEDIA,principalmente manutenção da educação infantil; item exato não aberto,Portal PMSB /despesas,Necessita termo/objeto.
53800800000153,NOBRE HORSE LTDA,EQUIPAMENTOS E MATERIAL PERMANENTE,MANUTENÇÃO DO RESTAURANTE POPULAR,3440.0,1,UNCLASSIFIED,,,,
42188256000114,ODIMED COMERCIO VAREJISTA DE PRODUTOS DE,MATERIAL DE CONSUMO,MANUT. DAS ATIV. DOS SERV. URBANOS,3429.7,1,UNCLASSIFIED,,,,
01656038000775,ITAIMBÉ AUTOMÓVEIS LTDA,MATERIAL DE CONSUMO,PROGRAMA SALVAR/SAMU,3409.8,4,UNCLASSIFIED,,,,
48057203000140,TACCUINO DISTRIBUIDORA DE MATERIAIS LTDA,MATERIAL DE CONSUMO,MANUTENÇÃO DAS ATIVIDADES DA SECRETARIA,3399.13,10,UNCLASSIFIED,,,,
89818686000136,ULFRO - UNIÃO LEGISLATIVOS FRONTEIRA OES,OUTROS SERVIÇOS DE TERCEIROS - PESSOA JURÍDICA,MANUTENÇÃO DAS ATIVIDADES ADMINISTRATIVA,3374.68,1,UNCLASSIFIED,,,,
15318347000154,D.S.E. INDUSTRIA E COMERCIO DE MOVEIS DE,EQUIPAMENTOS E MATERIAL PERMANENTE,ASSISTÊNCIA À SAÚDE - MÉDIA E ALTA COMPL,3360.0,1,UNCLASSIFIED,,,,
12418191000195,CONQUISTA DISTRIBUIDORA DE MEDICAMENTOS,"MATERIAL, BEM OU SERVIÇO PARA DIST. GRATUITA",FARMÁCIA BÁSICA E DEMANDAS JUDICIAIS,3355.0,2,UNCLASSIFIED,,,,
59777691000187,HELLA COMERCIO E SERVICOS LTDA,MATERIAL DE CONSUMO,MANUTENÇÃO DA EDUCAÇÃO BÁSICA - SALÁRIO,3350.0,1,UNCLASSIFIED,,,,
58421861000123,VANINHA UTILIDADES LTDA,MATERIAL DE CONSUMO,PROGRAMA DE INICIAÇÃO ESPORTIVA EDUCACIO,3332.99,2,UNCLASSIFIED,,,,
63732144000152,PEPCON COMERCIAL LTDA,MATERIAL DE CONSUMO,MANUTENÇÃO DO RESTAURANTE POPULAR,3312.12,2,UNCLASSIFIED,,,,
37885137000180,AMB DISTRIBUIDORA DE MEDICAMENTO E MATER,EQUIPAMENTOS E MATERIAL PERMANENTE,MANUTENÇÃO DAS ATIVIDADES DA SECRETARIA,3300.0,1,UNCLASSIFIED,,,,
13021017000177,DPM EDUCAÇÃO LTDA,OUTROS SERVIÇOS DE TERCEIROS - PESSOA JURÍDICA,MANUTENÇÃO DO DEPARTAMENTO DE TRIBUTAÇÃO,3290.0,4,UNCLASSIFIED,,,,
10583148000150,ANGELO CELESTINO FLAIN PETRINI JUNIOR,MATERIAL DE CONSUMO,BLOC PROT SOC ESPEC MÉDIA E ALTA COMPLEX,3267.0,2,UNCLASSIFIED,,,,
05090524000134,COSTA MACHADO & RODRIGUES LTDA,SERVIÇOS DE TECNOLOGIA DA INFORMAÇÃO E COMUNICAÇÃO,MANUTENÇÃO DOS SERVIÇOS DE SEGURANÇA NO,3260.96,1,SERVICO_TIC,ALTA_RUBRICA_ACAO,"serviços TIC em educação, administração e saúde",Portal PMSB /despesas,Objeto específico por empenho ainda não aberto.
72150550000106,JULIANO DE COSTA LTDA  EPP,MATERIAL DE CONSUMO,ATENÇÃO BÁSICA,3248.1,4,UNCLASSIFIED,,,,
42338388000185,42.338.388 CARLOS ANSELMO FONTANELLA,MATERIAL DE CONSUMO,MANUTENÇÃO DO RESTAURANTE POPULAR,3225.2,2,UNCLASSIFIED,,,,
28075541000106,INTEGRA GEOLOGIA AMBIENTAL LTDA ME,OUTROS SERVIÇOS DE TERCEIROS - PESSOA JURÍDICA,PROGRAMA DE SANEAMENTO BÁSICO RURAL,3200.0,1,UNCLASSIFIED,,,,
44449147000139,DM DISTRIBUIDORA DE DESCARTAVEIS LTDA,MATERIAL DE CONSUMO,BLOCO DE PROTEÇÃO SOCIAL BÁSICA,3155.45,2,UNCLASSIFIED,,,,
11262969000157,SUPRAMIL COMERCIAL LTDA,MATERIAL DE CONSUMO,PROGRAMA DE VIGILÂNCIA E PROMOÇÃO DA SAÚ,3151.2,1,UNCLASSIFIED,,,,
30644818000108,CALMED SERVIÇOS TÉCNICOS E DISTRIBUIDORA,OUTROS SERVIÇOS DE TERCEIROS - PESSOA JURÍDICA,ATENÇÃO BÁSICA,3150.0,4,UNCLASSIFIED,,,,
08476288000187,DENISE ELISANDRA COUTO FERON,MATERIAL DE CONSUMO,MANUTENÇÃO DA EDUCAÇÃO INFANTIL - NOVOS,3108.3,2,UNCLASSIFIED,,,,
43463101000101,ABF DISTRIBUIDORA DE ALIMENTOS LTDA,MATERIAL DE CONSUMO,EXECUÇÃO DE EMENDAS PARL P/ ASSIST SOCIAL,3099.0,1,ALIMENTOS_CONSUMO,MEDIA_ALTA,"fornecimento associado a merenda escolar, restaurante popular e unidades sociais/saúde",Portal PMSB /despesas — ações orçamentárias,Ação e perfil do fornecedor sustentam alimento/consumo; itens e condições ainda não abertos.
50445599000145,K2M MAQUINAS LTDA,EQUIPAMENTOS E MATERIAL PERMANENTE,PROGRAMA DE VIGILÂNCIA E PROMOÇÃO DA SAÚ,3080.0,1,UNCLASSIFIED,,,,
43463101000101,ABF DISTRIBUIDORA DE ALIMENTOS LTDA,MATERIAL DE CONSUMO,MANUTENÇÃO DAS ATIVIDADES DO GABINETE DO,3066.44,1,ALIMENTOS_CONSUMO,MEDIA_ALTA,"fornecimento associado a merenda escolar, restaurante popular e unidades sociais/saúde",Portal PMSB /despesas — ações orçamentárias,Ação e perfil do fornecedor sustentam alimento/consumo; itens e condições ainda não abertos.
43074841000156,AGIL STOCK COMERCIO DE MEDICAMENTOS LTDA,"MATERIAL, BEM OU SERVIÇO PARA DIST. GRATUITA",ASSISTÊNCIA À SAÚDE - MÉDIA E ALTA COMPL,3054.94,1,UNCLASSIFIED,,,,
08149396000145,DESIGN RICARDENSE - INDÚSTRIA DE MÓVEIS,EQUIPAMENTOS E MATERIAL PERMANENTE,MANUTENÇÃO DA EDUCAÇÃO INFANTIL,3043.63,1,UNCLASSIFIED,,,,
03961467000196,MULTI QUADROS E VIDROS LTDA,EQUIPAMENTOS E MATERIAL PERMANENTE,PRÓ-INFÂNCIA,3020.7,1,UNCLASSIFIED,,,,
30632911000100,C. F. MELGARECHO,EQUIPAMENTOS E MATERIAL PERMANENTE,PROGRAMA DE VIGILÂNCIA E PROMOÇÃO DA SAÚ,3000.0,1,UNCLASSIFIED,,,,
04709243000154,BS EQUIPAMENTOS INDUSTRIA E COMERCIO LTD,EQUIPAMENTOS E MATERIAL PERMANENTE,ASSISTÊNCIA À SAÚDE - MÉDIA E ALTA COMPL,2990.0,1,UNCLASSIFIED,,,,
58951274000146,RAFAEL L. SCHRAMM,MATERIAL DE CONSUMO,MANUTENÇÃO DO TRANSPORTE ESCOLAR - ENSIN,2988.0,1,UNCLASSIFIED,,,,
06175908000112,BIO LOGICA DISTRIBUIDORA LTDA,"MATERIAL, BEM OU SERVIÇO PARA DIST. GRATUITA",ATENÇÃO BÁSICA,2980.0,1,UNCLASSIFIED,,,,
91083212000135,DENTÁRIA E DIST.  HOSP.  PORTO ALEGRENSE,"MATERIAL, BEM OU SERVIÇO PARA DIST. GRATUITA",ATENÇÃO BÁSICA,2980.0,1,UNCLASSIFIED,,,,
56004897000186,TRIUNFO ILUMINACAO LTDA,MATERIAL DE CONSUMO,MANUTENÇÃO DA EDUCAÇÃO BÁSICA - SALÁRIO,2978.5,1,UNCLASSIFIED,,,,
47484691000100,MAIS ESPORTE COMERCIO DE ARTIGOS ESPORTI,MATERIAL DE CONSUMO,BLOCO DE PROTEÇÃO SOCIAL BÁSICA,2956.54,1,UNCLASSIFIED,,,,
19555146000121,2B DISTRIBUIDORA LTDA,MATERIAL DE CONSUMO,MANUTENÇÃO DA EDUCAÇÃO BÁSICA - SALÁRIO,2950.0,1,UNCLASSIFIED,,,,
23969712000119,L.J. BREDOW REPRESENTAÇÕES,MATERIAL DE CONSUMO,EXECUÇÃO DE EMENDAS PARL P/ ASSIST SOCIAL,2949.2,1,UNCLASSIFIED,,,,
28337943000123,CA COMERCIO DE ALIMENTOS EIRELI,MATERIAL DE CONSUMO,BLOC PROT SOC ESPEC MÉDIA E ALTA COMPLEX,2927.08,3,UNCLASSIFIED,,,,
06037744000167,ADILSON MOURA DE ALMEIDA,MATERIAL DE CONSUMO,MANUTENÇÃO DO TRANSPORTE ESCOLAR - ENSIN,2890.0,1,UNCLASSIFIED,,,,
15759650000192,TAIUR SCHUMACHER - ME,EQUIPAMENTOS E MATERIAL PERMANENTE,MANUTENÇÃO DO RESTAURANTE POPULAR,2890.0,1,UNCLASSIFIED,,,,
42496258000170,METTA FARMACEUTICA LTDA,"MATERIAL, BEM OU SERVIÇO PARA DIST. GRATUITA",FARMÁCIA BÁSICA E DEMANDAS JUDICIAIS,2848.86,1,UNCLASSIFIED,,,,
51740794000160,YNEMED PRODUTOS MEDICOS E HOSPITALARES L,EQUIPAMENTOS E MATERIAL PERMANENTE,BLOC PROT SOC ESPEC MÉDIA E ALTA COMPLEX,2838.0,4,UNCLASSIFIED,,,,
04812021000162,NOROESTE MAQUINAS E EQUIPAMENTOS LTDA,MATERIAL DE CONSUMO,MANUTENÇÃO DO FUNDO MUNICIPAL DE ILUMINA,2834.44,2,UNCLASSIFIED,,,,
44223526000106,DISTRIBUIDORA AGUA BOA LTDA,MATERIAL DE CONSUMO,ATENÇÃO BÁSICA,2806.08,3,UNCLASSIFIED,,,,
01484706000139,IGAM-INSTIT.GAMMA DE ASSES.ORGAO PUBL.S/,OUTROS SERVIÇOS DE TERCEIROS - PESSOA JURÍDICA,MANUTENÇÃO DAS ATIVIDADES ADMINISTRATIVA,2800.0,1,UNCLASSIFIED,,,,
50210605000185,GT COMERCIO E LICITACOES LTDA,EQUIPAMENTOS E MATERIAL PERMANENTE,BLOC PROT SOC ESPEC MÉDIA E ALTA COMPLEX,2787.8,2,UNCLASSIFIED,,,,
48670007000147,IRM COMERCIO DE EQUIPAMENTOS LTDA,EQUIPAMENTOS E MATERIAL PERMANENTE,PRÓ-INFÂNCIA,2777.32,2,UNCLASSIFIED,,,,
23457564000153,AJM INSUMOS INDUSTRIAIS EIRELI,MATERIAL DE CONSUMO,MANUTENÇÃO DAS ATIVIDADES DA SECRETARIA,2772.0,1,UNCLASSIFIED,,,,
18740207000168,JOHAN E STEFANI LTDA - ME,MATERIAL DE CONSUMO,BLOC PROT SOC ESPEC MÉDIA E ALTA COMPLEX,2750.0,1,UNCLASSIFIED,,,,
32121534000162,ADEMIR ABRAO BRUSTOLIN 62179330049,MATERIAL DE CONSUMO,MANUTENÇÃO DO RESTAURANTE POPULAR,2719.0,1,UNCLASSIFIED,,,,
34098668000216,SULPASSO COMERCIO DE CAMINHOES LTDA,MATERIAL DE CONSUMO,MANUT.DO ENS.FUND.FUNDEB 30%,2707.53,2,UNCLASSIFIED,,,,
18527195000198,DOMINIO COMERCIO DE EQUIPAMENTOS LTDA,EQUIPAMENTOS E MATERIAL PERMANENTE,MANUTENÇÃO DO RESTAURANTE POPULAR,2688.92,1,UNCLASSIFIED,,,,
37406687000170,INFRASEG EQUIPAMENTOS DE PROTEÇÃO LTDA,MATERIAL DE CONSUMO,BLOC PROT SOC ESPEC MÉDIA E ALTA COMPLEX,2672.4,2,UNCLASSIFIED,,,,
01952684000194,G3 COMERCIAL LTDA,MATERIAL DE CONSUMO,FARMÁCIA BÁSICA E DEMANDAS JUDICIAIS,2662.08,2,UNCLASSIFIED,,,,
23588621000133,VITOR DIOGO WENDLING,EQUIPAMENTOS E MATERIAL PERMANENTE,PRÓ-INFÂNCIA,2656.0,1,UNCLASSIFIED,,,,
40044357000196,CJC COMERCIO VAREJISTA E ATACADISTA DE F,MATERIAL DE CONSUMO,MANUTENÇÃO DO ENSINO FUNDAMENTAL - MDE,2637.6,1,UNCLASSIFIED,,,,
55875621000100,BS COLORS COMERCIO DE TINTAS LTDA,MATERIAL DE CONSUMO,MANUTENÇÃO DO ENSINO FUNDAMENTAL - MDE,2600.0,1,UNCLASSIFIED,,,,
55875621000100,BS COLORS COMERCIO DE TINTAS LTDA,MATERIAL DE CONSUMO,MANUTENÇÃO DA EDUCAÇÃO INFANTIL,2600.0,1,UNCLASSIFIED,,,,
41507227000105,JAB COMERCIO E DISTRIBUICAO DE PRODUTOS,MATERIAL DE CONSUMO,MANUTENÇÃO DAS ATIVIDADES DA SECRETARIA,2589.32,6,UNCLASSIFIED,,,,
28337943000123,CA COMERCIO DE ALIMENTOS EIRELI,MATERIAL DE CONSUMO,MANUTENÇÃO DO CAPS AD E AÇÕES PARA RECUP,2588.0,2,UNCLASSIFIED,,,,
17605216000183,EFICAZ MED COMERCIO DE PRODUTOS HOSPITAL,EQUIPAMENTOS E MATERIAL PERMANENTE,BLOC PROT SOC ESPEC MÉDIA E ALTA COMPLEX,2580.0,2,UNCLASSIFIED,,,,
05090524000134,COSTA MACHADO & RODRIGUES LTDA,SERVIÇOS DE TECNOLOGIA DA INFORMAÇÃO E COMUNICAÇÃO,BLOCO DE PROTEÇÃO SOCIAL BÁSICA,2574.8,1,SERVICO_TIC,ALTA_RUBRICA_ACAO,"serviços TIC em educação, administração e saúde",Portal PMSB /despesas,Objeto específico por empenho ainda não aberto.
04812021000162,NOROESTE MAQUINAS E EQUIPAMENTOS LTDA,MATERIAL DE CONSUMO,"MANUTENÇÃO DE IMÓVEIS, VEÍCULOS E EQUIPAM",2567.31,1,UNCLASSIFIED,,,,
07014318000170,CISCRE IMPORTACAO E DISTRIBUICAO DE PROD,MATERIAL DE CONSUMO,ATENÇÃO BÁSICA,2551.54,1,UNCLASSIFIED,,,,
22525517000137,J.F COMERCIO DE MATERIAL E MEDICAMENTOS,MATERIAL DE CONSUMO,ASSISTÊNCIA À SAÚDE - MÉDIA E ALTA COMPL,2545.01,4,UNCLASSIFIED,,,,
89818686000136,ULFRO - UNIÃO LEGISLATIVOS FRONTEIRA OES,OUTROS SERVIÇOS DE TERCEIROS - PESSOA JURÍDICA,MANUTENÇÃO DAS ATIVIDADES PARLAMENTARES,2531.01,1,UNCLASSIFIED,,,,
15318347000154,D.S.E. INDUSTRIA E COMERCIO DE MOVEIS DE,EQUIPAMENTOS E MATERIAL PERMANENTE,MANUTENÇÃO DAS ATIVIDADES DA SECRETARIA,2520.0,1,UNCLASSIFIED,,,,
24802687000309,"HS COMERCIO, LOCACAO E MANUTENCAO DE EQU",EQUIPAMENTOS E MATERIAL PERMANENTE,GESTÃO ADM DO FUNDO DE ASSIST SOCIAL,2499.64,1,UNCLASSIFIED,,,,
59058520000106,RZN COMERCIO LTDA,MATERIAL DE CONSUMO,MANUTENÇÃO DOS SERVIÇOS DE SEGURANÇA NO,2490.0,1,UNCLASSIFIED,,,,
11175931000147,MASTERFER COMERCIO DE FERRAGENS LTDA,MATERIAL DE CONSUMO,MANUTENÇÃO DO FUNDO MUNICIPAL DE ILUMINA,2483.8,1,UNCLASSIFIED,,,,
88733811000142,FAMURS - FEDERAÇÃO DAS ASSOC. DE MUNICIP,OUTROS SERVIÇOS DE TERCEIROS - PESSOA JURÍDICA,MANUTENÇÃO DAS ATIVIDADES DA SECRETARIA,2471.0,4,UNCLASSIFIED,,,,
27403752000150,KAPRICHO DITRIBUIDORA LTDA,MATERIAL DE CONSUMO,MANUTENÇÃO DA EDUCAÇÃO BÁSICA - SALÁRIO,2451.0,1,UNCLASSIFIED,,,,
42572060000129,PORTO ATACADISTA LTDA,MATERIAL DE CONSUMO,ATENÇÃO BÁSICA,2433.68,4,UNCLASSIFIED,,,,
26769011000124,GRAFICA JHZ LTDA,OUTROS SERVIÇOS DE TERCEIROS - PESSOA JURÍDICA,ATENÇÃO BÁSICA,2430.0,1,UNCLASSIFIED,,,,
04892707000100,DNIT-DEPARTAMENTO NACIONAL DE INFRAEST D,OUTROS SERVIÇOS DE TERCEIROS - PESSOA JURÍDICA,MANUTENÇÃO DAS ATIVIDADES DA SECRETARIA,2424.6,4,UNCLASSIFIED,,,,
63679550000107,VERLUMA COMERCIO LTDA,EQUIPAMENTOS E MATERIAL PERMANENTE,PRÓ-INFÂNCIA,2415.0,1,UNCLASSIFIED,,,,
50591089000186,A2XR COMERCIAL LTDA,MATERIAL DE CONSUMO,ATENÇÃO BÁSICA,2401.3,4,UNCLASSIFIED,,,,
22525517000137,J.F COMERCIO DE MATERIAL E MEDICAMENTOS,MATERIAL DE CONSUMO,PROGRAMA DE VIGILÂNCIA E PROMOÇÃO DA SAÚ,2400.0,1,UNCLASSIFIED,,,,
42422253000101,EMPRESA DE TECNOLOGIA E INFORMACOES DA P,OUTROS SERVIÇOS DE TERCEIROS - PESSOA JURÍDICA,MANUTENÇÃO ADMINISTRATIVA DO FUNDO DE PR,2400.0,4,UNCLASSIFIED,,,,
26348306000127,"T&T INDUSTRIA, COMERCIO, IMPORTACAO E EX",MATERIAL DE CONSUMO,MANUT. DAS ATIV. DOS SERV. URBANOS,2393.4,1,UNCLASSIFIED,,,,
15759650000192,TAIUR SCHUMACHER - ME,EQUIPAMENTOS E MATERIAL PERMANENTE,ASSISTÊNCIA À SAÚDE - MÉDIA E ALTA COMPL,2393.0,3,UNCLASSIFIED,,,,
01656038000775,ITAIMBÉ AUTOMÓVEIS LTDA,MATERIAL DE CONSUMO,MANUTENÇÃO DO FUNDO MUNICIPAL DE ILUMINA,2377.05,4,UNCLASSIFIED,,,,
18136904000104,GUILHERME XAVIER PIVA LTDA,EQUIPAMENTOS E MATERIAL PERMANENTE,AQUISIÇÃO DE EQUIPAMENTOS E MATERIAIS PE,2339.1,3,UNCLASSIFIED,,,,
30401055000174,ARMACOES NORTE COMERCIO DE FERRAGENS LTD,MATERIAL DE CONSUMO,VIAS URBANAS E RURAIS,2307.5,1,UNCLASSIFIED,,,,
12541620000117,SERIBAND INDÚSTRIA E COMERCIO DE CONFECÇ,EQUIPAMENTOS E MATERIAL PERMANENTE,MANUTENÇÃO DA EDUCAÇÃO BÁSICA - SALÁRIO,2276.0,1,UNCLASSIFIED,,,,
21227039000116,LIFE CENTER COMERCIO E DISTRIBUIDORA DE,"MATERIAL, BEM OU SERVIÇO PARA DIST. GRATUITA",FARMÁCIA BÁSICA E DEMANDAS JUDICIAIS,2261.9,2,UNCLASSIFIED,,,,
28337943000123,CA COMERCIO DE ALIMENTOS EIRELI,MATERIAL DE CONSUMO,BLOCO DE PROTEÇÃO SOCIAL BÁSICA,2256.7,4,UNCLASSIFIED,,,,
27403752000150,KAPRICHO DITRIBUIDORA LTDA,MATERIAL DE CONSUMO,MANUTENÇÃO DAS ATIVIDADES DA SECRETARIA,2230.65,8,UNCLASSIFIED,,,,
23218942000146,SW VETTORAZZI LTDA,EQUIPAMENTOS E MATERIAL PERMANENTE,MANUTENÇÃO DO RESTAURANTE POPULAR,2200.0,1,UNCLASSIFIED,,,,
61518314000175,BOMPP - DISTRIBUIDORA DE NUTRICAO E MEDI,"MATERIAL, BEM OU SERVIÇO PARA DIST. GRATUITA",ASSISTÊNCIA À SAÚDE - MÉDIA E ALTA COMPL,2198.0,1,UNCLASSIFIED,,,,
54808865000108,JRMA DISTRIBUIDORA DE EQUIPAMENTOS E MAT,EQUIPAMENTOS E MATERIAL PERMANENTE,ATENÇÃO BÁSICA,2190.0,2,UNCLASSIFIED,,,,
24802687000309,"HS COMERCIO, LOCACAO E MANUTENCAO DE EQU",EQUIPAMENTOS E MATERIAL PERMANENTE,MANUTENÇÃO DO FUNDO MUNICIPAL DE ILUMINA,2173.6,1,UNCLASSIFIED,,,,
60845283000102,GJ MOVEIS E DECORACOES LTDA,EQUIPAMENTOS E MATERIAL PERMANENTE,PRÓ-INFÂNCIA,2160.0,1,UNCLASSIFIED,,,,
30380856000109,"EXXITUS COMERCIO ATACADISTA, VAREJISTA E",MATERIAL DE CONSUMO,PROGRAMA DE VIGILÂNCIA E PROMOÇÃO DA SAÚ,2150.5,1,UNCLASSIFIED,,,,
48994988000188,SUL PRIME LUB LTDA,MATERIAL DE CONSUMO,MANUTENÇÃO DO ENSINO FUNDAMENTAL - MDE,2133.28,1,UNCLASSIFIED,,,,
54152890000186,TMD E-COMMERCE LTDA,EQUIPAMENTOS E MATERIAL PERMANENTE,MANUTENÇÃO DO RESTAURANTE POPULAR,2118.0,1,UNCLASSIFIED,,,,
33393503000123,J BORELLA & BORELLA LTDA,EQUIPAMENTOS E MATERIAL PERMANENTE,PROCAD - SUAS,2100.0,1,UNCLASSIFIED,,,,
50373558000190,VENGUER INDUSTRIA E COMERCIO LTDA,MATERIAL DE CONSUMO,PROGRAMA SALVAR/SAMU,2100.0,1,UNCLASSIFIED,,,,
61602199023244,COMPANHIA ULTRAGAZ S.A.,MATERIAL DE CONSUMO,MANUTENÇÃO DO RESTAURANTE POPULAR,2100.0,1,UNCLASSIFIED,,,,
23217514000107,HUBNET E-COMMERCE EIRELI,EQUIPAMENTOS E MATERIAL PERMANENTE,ATENÇÃO BÁSICA,2099.96,1,UNCLASSIFIED,,,,
15152448000106,REGIS AZEVEDO KAPP,EQUIPAMENTOS E MATERIAL PERMANENTE,MANUTENÇÃO DO RESTAURANTE POPULAR,2088.0,1,UNCLASSIFIED,,,,
01935819000103,DETRAN/RS - DEPART. ESTADUAL DE TRÂNSITO,OUTROS SERVIÇOS DE TERCEIROS - PESSOA JURÍDICA,MANUTENÇÃO DAS ATIVIDADES DA SECRETARIA,2087.47,10,UNCLASSIFIED,,,,
36047635000191,AJP COMERCIO ATACADO E VAREJO DE PRODUTO,MATERIAL DE CONSUMO,MANUTENÇÃO DO RESTAURANTE POPULAR,2083.0,1,UNCLASSIFIED,,,,
23310852000261,MURIEL A. BLAU & CIA LTDA,MATERIAL DE CONSUMO,ATENÇÃO BÁSICA,2069.06,2,UNCLASSIFIED,,,,
52339425000123,N M LICITACOES LTDA,"MATERIAL, BEM OU SERVIÇO PARA DIST. GRATUITA",ASSISTÊNCIA À SAÚDE - MÉDIA E ALTA COMPL,2062.0,2,UNCLASSIFIED,,,,
52996455000102,ELEVATE UTILIDADES LTDA,MATERIAL DE CONSUMO,MANUTENÇÃO DA EDUCAÇÃO BÁSICA - SALÁRIO,2025.0,1,UNCLASSIFIED,,,,
26979673000129,JARDEL JACOBS PEREIRA DA SILVA,MATERIAL DE CONSUMO,PROGRAMA SALVAR/SAMU,2010.58,1,UNCLASSIFIED,,,,
49333270000103,D C METZ COMERCIAL,EQUIPAMENTOS E MATERIAL PERMANENTE,PROGRAMA DE VIGILÂNCIA E PROMOÇÃO DA SAÚ,2010.0,1,UNCLASSIFIED,,,,
62925921000112,62925921 TEREZA WENDLER MORAIS,EQUIPAMENTOS E MATERIAL PERMANENTE,MANUT.DA.EDUC.INFANT-FUNDEB 30%,1989.9,1,UNCLASSIFIED,,,,
56004897000186,TRIUNFO ILUMINACAO LTDA,MATERIAL DE CONSUMO,MANUTENÇÃO DO FUNDO MUNICIPAL DE ILUMINA,1977.7,1,UNCLASSIFIED,,,,
37364053000100,CASA & CORES COMERCIO DE MATERIAIS DE CO,MATERIAL DE CONSUMO,PROMOÇÃO AO DESPORTO E LAZER,1950.0,1,UNCLASSIFIED,,,,
33159931000196,PORTO UNIAO COMERCIO E REPRESENTACAO LTD,MATERIAL DE CONSUMO,PROGRAMA SALVAR/SAMU,1939.0,1,UNCLASSIFIED,,,,
63732144000152,PEPCON COMERCIAL LTDA,EQUIPAMENTOS E MATERIAL PERMANENTE,MANUTENÇÃO DA EDUCAÇÃO INFANTIL,1938.12,1,UNCLASSIFIED,,,,
12541620000117,SERIBAND INDÚSTRIA E COMERCIO DE CONFECÇ,MATERIAL DE CONSUMO,FOMENTO AO TURISMO MUNICIPAL,1920.0,1,UNCLASSIFIED,,,,
18136904000104,GUILHERME XAVIER PIVA LTDA,EQUIPAMENTOS E MATERIAL PERMANENTE,MANUTENÇÃO DO FUNDO ESTADUAL DE ASSISTÊN,1918.8,1,UNCLASSIFIED,,,,
81706251000198,PROMEFARMA MEDICAMENTOS E PRODUTOS HOSPI,"MATERIAL, BEM OU SERVIÇO PARA DIST. GRATUITA",FARMÁCIA BÁSICA E DEMANDAS JUDICIAIS,1914.0,4,UNCLASSIFIED,,,,
17417928000179,VENTISOL DA AMAZONIA INDUSTRIA DE APAREL,EQUIPAMENTOS E MATERIAL PERMANENTE,ASSISTÊNCIA À SAÚDE - MÉDIA E ALTA COMPL,1903.34,1,UNCLASSIFIED,,,,
33159931000196,PORTO UNIAO COMERCIO E REPRESENTACAO LTD,MATERIAL DE CONSUMO,CONSTRUÇÃO E MANUTENÇÃO DO CAPS 1,1900.0,1,UNCLASSIFIED,,,,
54647123000148,JT COMERCIO DE PRODUTOS MEDICOS LTDA,EQUIPAMENTOS E MATERIAL PERMANENTE,ASSISTÊNCIA À SAÚDE - MÉDIA E ALTA COMPL,1890.0,2,UNCLASSIFIED,,,,
18336780000100,PLENARIA ASSESSRIA E GESTAO DE EVENTOS L,OUTROS SERVIÇOS DE TERCEIROS - PESSOA JURÍDICA,CAPACITAÇÃO DE AGENTES POLÍTICOS,1874.0,1,UNCLASSIFIED,,,,
16989002000276,ELIANE RESTA DAL ROSSO GOYA /ME,EQUIPAMENTOS E MATERIAL PERMANENTE,MANUTENÇÃO DAS ATIVIDADES DA SECRETARIA,1862.5,2,UNCLASSIFIED,,,,
23310852000261,MURIEL A. BLAU & CIA LTDA,MATERIAL DE CONSUMO,MANUTENÇÃO DA EDUCAÇÃO BÁSICA - SALÁRIO,1822.0,1,UNCLASSIFIED,,,,
08459946000122,RETROPARTES PEÇAS E SERVIÇOS LTDA,MATERIAL DE CONSUMO,"MANUTENÇÃO DE IMÓVEIS, VEÍCULOS E EQUIPA",1818.0,1,UNCLASSIFIED,,,,
44449147000139,DM DISTRIBUIDORA DE DESCARTAVEIS LTDA,MATERIAL DE CONSUMO,ASSISTÊNCIA À SAÚDE - MÉDIA E ALTA COMPL,1805.6,1,UNCLASSIFIED,,,,
13062485000270,TIO MARIO EMBALAGENS LTDA,MATERIAL DE CONSUMO,BLOC PROT SOC ESPEC MÉDIA E ALTA COMPLEX,1794.0,2,UNCLASSIFIED,,,,
41507227000105,JAB COMERCIO E DISTRIBUICAO DE PRODUTOS,MATERIAL DE CONSUMO,BLOC PROT SOC ESPEC MÉDIA E ALTA COMPLEX,1787.54,2,UNCLASSIFIED,,,,
24241038000114,PARASOU E-COMMERCE LTDA,MATERIAL DE CONSUMO,PROGRAMA DE INICIAÇÃO ESPORTIVA EDUCACIO,1782.5,2,UNCLASSIFIED,,,,
15759650000192,TAIUR SCHUMACHER - ME,EQUIPAMENTOS E MATERIAL PERMANENTE,ATENÇÃO BÁSICA,1778.0,1,UNCLASSIFIED,,,,
30644818000108,CALMED SERVIÇOS TÉCNICOS E DISTRIBUIDORA,OUTROS SERVIÇOS DE TERCEIROS - PESSOA JURÍDICA,PROGRAMA DE VIGILÂNCIA E PROMOÇÃO DA SAÚ,1750.0,1,UNCLASSIFIED,,,,
13062485000270,TIO MARIO EMBALAGENS LTDA,MATERIAL DE CONSUMO,BLOCO DE PROTEÇÃO SOCIAL BÁSICA,1711.0,2,UNCLASSIFIED,,,,
00358519000146,"RCC - DISTRIBUIDORA DE MEDICAMENTOS, COR",MATERIAL DE CONSUMO,BLOC PROT SOC ESPEC MÉDIA E ALTA COMPLEX,1710.0,1,UNCLASSIFIED,,,,
01656038000775,ITAIMBÉ AUTOMÓVEIS LTDA,OUTROS SERVIÇOS DE TERCEIROS - PESSOA JURÍDICA,PROGRAMA SALVAR/SAMU,1709.46,2,UNCLASSIFIED,,,,
46615867000152,LCA INDUSTRIA E COMERCIO DE CORDAS E RED,MATERIAL DE CONSUMO,PROMOÇÃO AO DESPORTO E LAZER,1704.5,2,UNCLASSIFIED,,,,
89989255000132,ASSOCIACAO DOS MUNICIPIOS DAS MISSOES,OUTROS SERVIÇOS DE TERCEIROS - PESSOA JURÍDICA,MANUTENÇÃO DAS ATIVIDADES DA SECRETARIA,1700.0,1,UNCLASSIFIED,,,,
73865008000194,E.  D.  AZAMBUJA & CIA LTDA,EQUIPAMENTOS E MATERIAL PERMANENTE,MANUTENÇÃO DO RESTAURANTE POPULAR,1699.9,1,UNCLASSIFIED,,,,
24241038000114,PARASOU E-COMMERCE LTDA,MATERIAL DE CONSUMO,BLOCO DE PROTEÇÃO SOCIAL BÁSICA,1691.9,1,UNCLASSIFIED,,,,
24864422000173,C E C IMPORTACAO E COMERCIO DE PRODUTOS,EQUIPAMENTOS E MATERIAL PERMANENTE,PROGRAMA DE VIGILÂNCIA E PROMOÇÃO DA SAÚ,1690.0,1,UNCLASSIFIED,,,,
51978129000100,ARPL DISTRIBUIDORA LTDA,MATERIAL DE CONSUMO,MANUT. DAS ATIV. DOS SERV. URBANOS,1681.88,1,MATERIAL_EDUCACIONAL_CONSUMO,MEDIA,principalmente manutenção da educação infantil; item exato não aberto,Portal PMSB /despesas,Necessita termo/objeto.
24738613000199,MEGA PAPELARIA E ESPORTES EIRELI ME,MATERIAL DE CONSUMO,ATENÇÃO BÁSICA,1677.6,4,UNCLASSIFIED,,,,
11606789000145,FALCAO EPI''S LTDA,MATERIAL DE CONSUMO,MANUTENÇÃO DOS SERVIÇOS DE SEGURANÇA NO,1673.7,1,UNCLASSIFIED,,,,
06175908000112,BIO LOGICA DISTRIBUIDORA LTDA,MATERIAL DE CONSUMO,ATENÇÃO BÁSICA,1667.3,3,UNCLASSIFIED,,,,
01656038000775,ITAIMBÉ AUTOMÓVEIS LTDA,MATERIAL DE CONSUMO,MANUTENÇÃO DO ENSINO FUNDAMENTAL - MDE,1665.9,2,UNCLASSIFIED,,,,
54084848000175,GESTOR UM EDUCACAO LTDA,SERVIÇOS DE TECNOLOGIA DA INFORMAÇÃO E COMUNICAÇÃO,MANUTENÇÃO ADMINISTRATIVA DO FUNDO DE PR,1650.0,1,UNCLASSIFIED,,,,
30468657000149,COMERCIO DE ALIMENTOS DAL MOLIN LTDA,MATERIAL DE CONSUMO,MANUTENÇÃO DO FUNDO MUNICIPAL DE ILUMINA,1634.7,1,ALIMENTOS_CONSUMO,MEDIA_ALTA,fornecimento associado a merenda escolar e restaurante popular,Portal PMSB /despesas — ações orçamentárias,Itens e condições ainda não abertos.
24550559000153,WORKOUT COMERCIO DE PRODUTOS PARA SAUDE,MATERIAL DE CONSUMO,MANUTENÇÃO DO CER,1633.55,1,UNCLASSIFIED,,,,
11933619000175,UNIAO NACIONAL DOS CONSELHOS MUNICIPAIS,OUTROS SERVIÇOS DE TERCEIROS - PESSOA JURÍDICA,MANUTENÇÃO DAS ATIVIDADES DA SECRETARIA,1631.5,1,UNCLASSIFIED,,,,
19139482000193,DSL COMERCIO DE COMBUSTIVEIS LTDA,MATERIAL DE CONSUMO,MANUTENÇÃO DAS ATIVIDADES ADMINISTRATIVA,1615.17,5,UNCLASSIFIED,,,,
26348306000127,"T&T INDUSTRIA, COMERCIO, IMPORTACAO E EX",MATERIAL DE CONSUMO,MANUTENÇÃO DAS ATIVIDADES DA SECRETARIA,1595.6,1,UNCLASSIFIED,,,,
44734671000151,CRISTÁLIA PRODUTOS QUÍMICOS FARMACÊUTICO,"MATERIAL, BEM OU SERVIÇO PARA DIST. GRATUITA",FARMÁCIA BÁSICA E DEMANDAS JUDICIAIS,1595.0,1,UNCLASSIFIED,,,,
20784313000195,RM COMERCIO DE MERCADORIAS E MATERIAIS L,MATERIAL DE CONSUMO,MANUT. DAS ATIV. DOS SERV. URBANOS,1594.3,1,UNCLASSIFIED,,,,
44880091000172,EVO SISTEMAS INTELIGENTES LTDA,EQUIPAMENTOS E MATERIAL PERMANENTE,MANUTENÇÃO DAS ATIVIDADES DA SECRETARIA,1590.0,1,UNCLASSIFIED,,,,
51978129000100,ARPL DISTRIBUIDORA LTDA,MATERIAL DE CONSUMO,MANUTENÇÃO DAS ATIVIDADES DA SECRETARIA,1575.44,6,MATERIAL_EDUCACIONAL_CONSUMO,MEDIA,principalmente manutenção da educação infantil; item exato não aberto,Portal PMSB /despesas,Necessita termo/objeto.
07675477000116,IGAM CORPORATIVO CURSOS E ASSESSORIA S/S,OUTROS SERVIÇOS DE TERCEIROS - PESSOA JURÍDICA,REGULAÇÃO E MANUTENÇÃO DA AGESB,1574.29,1,UNCLASSIFIED,,,,
74386038000695,J.C. DURIGAM COMERCIO DE AUTOPECAS LTDA,MATERIAL DE CONSUMO,BLOC PROT SOC ESPEC MÉDIA E ALTA COMPLEX,1563.0,1,UNCLASSIFIED,,,,
03426592000104,FLAVIO IVAN DOS PRAZERES DE DEUS,OUTROS SERVIÇOS DE TERCEIROS - PESSOA JURÍDICA,MANUTENÇÃO DO TRANSPORTE ESCOLAR - ENSIN,1560.0,2,UNCLASSIFIED,,,,
92823764000103,DIRCEU LONGO & CIA LTDA - EPP,EQUIPAMENTOS E MATERIAL PERMANENTE,MANUTENÇÃO DO ENSINO FUNDAMENTAL - MDE,1558.98,1,UNCLASSIFIED,,,,
33393503000123,J BORELLA & BORELLA LTDA,EQUIPAMENTOS E MATERIAL PERMANENTE,MANUTENÇÃO DAS ATIVIDADES DA SECRETARIA,1555.0,2,UNCLASSIFIED,,,,
23457564000153,AJM INSUMOS INDUSTRIAIS EIRELI,MATERIAL DE CONSUMO,MANUTENÇÃO E AMPLIAÇÃO DOS CEMITÉRIOS MU,1546.87,1,UNCLASSIFIED,,,,
24402903000167,NACIONAL SAFETY EQUIPAMENTOS DE SEGURANC,MATERIAL DE CONSUMO,MANUTENÇÃO DAS ATIVIDADES DA SECRETARIA,1544.29,1,UNCLASSIFIED,,,,
30468657000149,COMERCIO DE ALIMENTOS DAL MOLIN LTDA,MATERIAL DE CONSUMO,CONSTRUÇÃO E MANUTENÇÃO DO CAPS 1,1522.32,3,ALIMENTOS_CONSUMO,MEDIA_ALTA,fornecimento associado a merenda escolar e restaurante popular,Portal PMSB /despesas — ações orçamentárias,Itens e condições ainda não abertos.
49644526000101,BNP ASSESSORIA E PRODUTOS PARA SAUDE LTD,MATERIAL DE CONSUMO,ATENÇÃO BÁSICA,1511.76,1,UNCLASSIFIED,,,,
27403752000150,KAPRICHO DITRIBUIDORA LTDA,MATERIAL DE CONSUMO,BLOC PROT SOC ESPEC MÉDIA E ALTA COMPLEX,1497.38,2,UNCLASSIFIED,,,,
82225947000165,A.  G.  KIENEN & CIA.  LTDA.,"MATERIAL, BEM OU SERVIÇO PARA DIST. GRATUITA",FARMÁCIA BÁSICA E DEMANDAS JUDICIAIS,1491.0,2,UNCLASSIFIED,,,,
30050141000180,INLEGIS CONSULTORIA E TREINAMENTO EIRELI,OUTROS SERVIÇOS DE TERCEIROS - PESSOA JURÍDICA,BLOC PROT SOC ESPEC MÉDIA E ALTA COMPLEX,1490.0,1,UNCLASSIFIED,,,,
18274923000105,MASTERSUL EQUIPAMENTOS DE SEGURANCA LTDA,MATERIAL DE CONSUMO,MANUT. DAS ATIV. DOS SERV. URBANOS,1459.3,2,UNCLASSIFIED,,,,
75014167000100,NUNESFARMA PRODUTOS FARMACEUTICOS LTDA,"MATERIAL, BEM OU SERVIÇO PARA DIST. GRATUITA",FARMÁCIA BÁSICA E DEMANDAS JUDICIAIS,1440.0,1,UNCLASSIFIED,,,,
41507227000105,JAB COMERCIO E DISTRIBUICAO DE PRODUTOS,MATERIAL DE CONSUMO,MANUT. DAS ATIV. DOS SERV. URBANOS,1438.4,2,UNCLASSIFIED,,,,
29404097000180,OCTO FARMACO LTDA,"MATERIAL, BEM OU SERVIÇO PARA DIST. GRATUITA",FARMÁCIA BÁSICA E DEMANDAS JUDICIAIS,1422.0,1,UNCLASSIFIED,,,,
00072182000106,ROSSI PRODUTOS HOSPITALARES LTDA.,MATERIAL DE CONSUMO,ATENÇÃO BÁSICA,1407.84,2,UNCLASSIFIED,,,,
52932346000121,VTR COMERCIAL LTDA,"MATERIAL, BEM OU SERVIÇO PARA DIST. GRATUITA",ASSISTÊNCIA À SAÚDE - MÉDIA E ALTA COMPL,1400.0,1,UNCLASSIFIED,,,,
90180605000102,GENTE SEGURADORA S.A,OUTROS SERVIÇOS DE TERCEIROS - PESSOA JURÍDICA,MANUTENÇÃO DAS ATIVIDADES DO GABINETE DO,1400.0,1,UNCLASSIFIED,,,,
12130958000186,NADJA MARINA PIRES,EQUIPAMENTOS E MATERIAL PERMANENTE,PROGRAMA DE VIGILÂNCIA E PROMOÇÃO DA SAÚ,1399.0,1,UNCLASSIFIED,,,,
13021017000177,DPM EDUCAÇÃO LTDA,OUTROS SERVIÇOS DE TERCEIROS - PESSOA JURÍDICA,MANUTENÇÃO DAS ATIVIDADES DA CONTROLADOR,1398.0,2,UNCLASSIFIED,,,,
13021017000177,DPM EDUCAÇÃO LTDA,OUTROS SERVIÇOS DE TERCEIROS - PESSOA JURÍDICA,ATENÇÃO BÁSICA,1398.0,2,UNCLASSIFIED,,,,
55623647000161,GAMA PNEUS LTDA,MATERIAL DE CONSUMO,MANUTENÇÃO DO TRANSPORTE ESCOLAR - ENSIN,1384.0,1,PNEUS_AUTO_CONSUMO,MEDIA_ALTA,materiais para manutenção de veículos/equipamentos,Portal PMSB /despesas,Perfil do fornecedor sugere pneus; item exato precisa de documento.
10907550000142,QUERENCIA COMERCIAL E DISTRIBUIDORA LTDA,EQUIPAMENTOS E MATERIAL PERMANENTE,BLOC PROT SOC ESPEC MÉDIA E ALTA COMPLEX,1380.0,2,UNCLASSIFIED,,,,
21112395000194,CIRURGICA LAJEADENSE LTDA,"MATERIAL, BEM OU SERVIÇO PARA DIST. GRATUITA",ASSISTÊNCIA À SAÚDE - MÉDIA E ALTA COMPL,1376.5,1,UNCLASSIFIED,,,,
40044357000196,CJC COMERCIO VAREJISTA E ATACADISTA DE F,MATERIAL DE CONSUMO,MANUTENÇÃO DO FUNDO MUNICIPAL DE ILUMINA,1374.0,1,UNCLASSIFIED,,,,
97530228000125,R. DE O. SANTIL EPI,MATERIAL DE CONSUMO,MANUTENÇÃO E AMPLIAÇÃO DOS CEMITÉRIOS MU,1355.0,1,UNCLASSIFIED,,,,
01227689000154,METRICA TECNOLOGIA LTDA,SERVIÇOS DE TECNOLOGIA DA INFORMAÇÃO E COMUNICAÇÃO,GEOPROCESSAMENTO E TOPOGRAFIA,1349.0,1,UNCLASSIFIED,,,,
51560442000123,DUFILTER DISTRIBUIDORA DE FILTROS E LUBR,MATERIAL DE CONSUMO,MANUTENÇÃO DO TRANSPORTE ESCOLAR - ENSIN,1345.3,2,UNCLASSIFIED,,,,
39538437000119,UTILAR COMERCIO DE FERRAGEM LTDA,MATERIAL DE CONSUMO,MANUTENÇÃO DA EDUCAÇÃO BÁSICA - SALÁRIO,1336.0,1,UNCLASSIFIED,,,,
07381576000195,DRC MATERIAIS DE CONSTRUCAO LTDA,MATERIAL DE CONSUMO,MANUTENÇÃO DA EDUCAÇÃO BÁSICA - SALÁRIO,1333.5,2,UNCLASSIFIED,,,,
48994988000188,SUL PRIME LUB LTDA,MATERIAL DE CONSUMO,AQUISIÇÃO DE COMBUSTÍVEIS E LUBRIFICANTE,1333.3,1,UNCLASSIFIED,,,,
48994988000188,SUL PRIME LUB LTDA,MATERIAL DE CONSUMO,"MANUTENÇÃO DE IMÓVEIS, VEÍCULOS E EQUIPAM",1333.3,1,UNCLASSIFIED,,,,
24402903000167,NACIONAL SAFETY EQUIPAMENTOS DE SEGURANC,MATERIAL DE CONSUMO,MANUT. DAS ATIV. DOS SERV. URBANOS,1332.7,2,UNCLASSIFIED,,,,
25433520000119,RMS ELETRO REFRIGERACAO E DISTRIBUIDORA,OUTROS SERVIÇOS DE TERCEIROS - PESSOA JURÍDICA,MANUTENÇÃO DO CER,1314.0,2,UNCLASSIFIED,,,,
62234180000123,CHSF DISTRIBUIDORA TEXTIL LTDA,MATERIAL DE CONSUMO,BLOCO DE PROTEÇÃO SOCIAL BÁSICA,1300.8,1,UNCLASSIFIED,,,,
55875621000100,BS COLORS COMERCIO DE TINTAS LTDA,MATERIAL DE CONSUMO,JOGOS DA PRIMAVERA,1300.0,1,UNCLASSIFIED,,,,
20992564000165,HELPFIX ATACADO DE PAPELARIA LTDA-ME,MATERIAL DE CONSUMO,MANUTENÇÃO DAS ATIVIDADES DA SECRETARIA,1299.95,8,UNCLASSIFIED,,,,
30759356000174,BEATRIZ SULZBACH CORNELIUS LTDA,MATERIAL DE CONSUMO,BLOCO DE PROTEÇÃO SOCIAL BÁSICA,1286.0,1,UNCLASSIFIED,,,,
93088649000197,ABASE SISTEMAS E SOLUÇÕES LTDA,SERVIÇOS DE TECNOLOGIA DA INFORMAÇÃO E COMUNICAÇÃO,MANUTENÇÃO ADMINISTRATIVA DO FUNDO DE PR,1276.05,1,UNCLASSIFIED,,,,
02310921000186,IEM INSTITUTO DE ESTUDOS MUNICIPAIS LTDA,SERVIÇOS DE TECNOLOGIA DA INFORMAÇÃO E COMUNICAÇÃO,MANUTENÇÃO ADMINISTRATIVA DO FUNDO DE PR,1272.5,2,UNCLASSIFIED,,,,
48670007000147,IRM COMERCIO DE EQUIPAMENTOS LTDA,EQUIPAMENTOS E MATERIAL PERMANENTE,ASSISTÊNCIA À SAÚDE - MÉDIA E ALTA COMPL,1272.0,2,UNCLASSIFIED,,,,
05570714000159,KABUM COMÉRCIO ELETRONICO S.A.,EQUIPAMENTOS E MATERIAL PERMANENTE,AQUISICAO DE EQUIPAMENTOS E MATERIAIS PE,1266.36,1,UNCLASSIFIED,,,,
43496899000198,ALS UNIFORMES PROFISSIONAIS LTDA,MATERIAL DE CONSUMO,MANUT. DAS ATIV. DOS SERV. URBANOS,1248.4,2,UNCLASSIFIED,,,,
48057203000140,TACCUINO DISTRIBUIDORA DE MATERIAIS LTDA,MATERIAL DE CONSUMO,ATENÇÃO BÁSICA,1246.0,2,UNCLASSIFIED,,,,
09396523000173,PROMISSE COMERCIO DE MATERIAIS MEDICO HO,"MATERIAL, BEM OU SERVIÇO PARA DIST. GRATUITA",ASSISTÊNCIA À SAÚDE - MÉDIA E ALTA COMPL,1245.0,1,UNCLASSIFIED,,,,
17417852000181,GRÁFICA DIRETA LTDA -ME,OUTROS SERVIÇOS DE TERCEIROS - PESSOA JURÍDICA,PROGRAMA DE VIGILÂNCIA E PROMOÇÃO DA SAÚ,1237.5,1,UNCLASSIFIED,,,,
13021017000177,DPM EDUCAÇÃO LTDA,OUTROS SERVIÇOS DE TERCEIROS - PESSOA JURÍDICA,MANUTENÇÃO DO FUNDO MUNICIPAL DO MEIO AM,1227.0,2,UNCLASSIFIED,,,,
01952684000194,G3 COMERCIAL LTDA,MATERIAL DE CONSUMO,CONSTRUÇÃO E MANUTENÇÃO DO CAPS 1,1215.0,1,UNCLASSIFIED,,,,
42188256000114,ODIMED COMERCIO VAREJISTA DE PRODUTOS DE,MATERIAL DE CONSUMO,MANUTENÇÃO DO RESTAURANTE POPULAR,1214.2,2,UNCLASSIFIED,,,,
01952684000194,G3 COMERCIAL LTDA,MATERIAL DE CONSUMO,"PAVIMENTAÇÃO, CALÇAMENTO E DRENAGENS",1208.46,1,UNCLASSIFIED,,,,
42422253000101,EMPRESA DE TECNOLOGIA E INFORMACOES DA P,SERVIÇOS DE TECNOLOGIA DA INFORMAÇÃO E COMUNICAÇÃO,MANUTENÇÃO ADMINISTRATIVA DO FUNDO DE PR,1200.0,2,UNCLASSIFIED,,,,
42422253000284,EMPRESA DE TECNOLOGIA E INFORMACOES DA P,OUTROS SERVIÇOS DE TERCEIROS - PESSOA JURÍDICA,MANUTENÇÃO ADMINISTRATIVA DO FUNDO DE PR,1200.0,2,UNCLASSIFIED,,,,
58472229000109,58.472.229 JEFERSON LEON MACHADO DA SILV,OUTROS SERVIÇOS DE TERCEIROS - PESSOA JURÍDICA,MANUTENÇÃO DO FUNDO MUNICIPAL DA CRIANÇA,1200.0,1,UNCLASSIFIED,,,,
54887860000118,MM PRODUTOS AUTOMOTIVOS LTDA.,MATERIAL DE CONSUMO,MANUTENÇÃO DO FUNDO ESTADUAL DE ASSISTÊN,1196.0,2,AUTOPECAS_CONSUMO,MEDIA_ALTA,materiais para manutenção de veículos/equipamentos e transporte escolar,Portal PMSB /despesas,Itens heterogêneos; não tratar como categoria única.
11606789000145,FALCAO EPI''S LTDA,MATERIAL DE CONSUMO,MANUTENÇÃO E AMPLIAÇÃO DOS CEMITÉRIOS MU,1189.6,1,UNCLASSIFIED,,,,
01656038000775,ITAIMBÉ AUTOMÓVEIS LTDA,OUTROS SERVIÇOS DE TERCEIROS - PESSOA JURÍDICA,MANUTENÇÃO DO FUNDO MUNICIPAL DE ILUMINA,1189.34,2,UNCLASSIFIED,,,,
73865008000194,E.  D.  AZAMBUJA & CIA LTDA,EQUIPAMENTOS E MATERIAL PERMANENTE,MANUTENÇÃO DA EDUCAÇÃO INFANTIL,1177.3,1,UNCLASSIFIED,,,,
43496899000198,ALS UNIFORMES PROFISSIONAIS LTDA,MATERIAL DE CONSUMO,ASSISTÊNCIA À SAÚDE - MÉDIA E ALTA COMPL,1174.46,1,UNCLASSIFIED,,,,
00662270000320,"INSTITUTO NACIONAL DE METROLOGIA, QUALID",OUTROS SERVIÇOS DE TERCEIROS - PESSOA JURÍDICA,MANUTENÇÃO DO TRANSPORTE ESCOLAR - EDUCA,1171.17,2,UNCLASSIFIED,,,,
73193211000161,TELEVIDA CENTRO ESPECIALIZADO DE TELEDI,OUTROS SERVIÇOS DE TERCEIROS - PESSOA JURÍDICA,ASSISTÊNCIA À SAÚDE - MÉDIA E ALTA COMPL,1165.5,1,UNCLASSIFIED,,,,
11606789000145,FALCAO EPI''S LTDA,MATERIAL DE CONSUMO,ASSISTÊNCIA À SAÚDE - MÉDIA E ALTA COMPL,1158.25,1,UNCLASSIFIED,,,,
27403752000150,KAPRICHO DITRIBUIDORA LTDA,MATERIAL DE CONSUMO,MANUT. DAS ATIV. DOS SERV. URBANOS,1158.0,1,UNCLASSIFIED,,,,
28337943000123,CA COMERCIO DE ALIMENTOS EIRELI,MATERIAL DE CONSUMO,MANUTENÇÃO DAS ATIVIDADES DO GABINETE DO,1158.0,1,UNCLASSIFIED,,,,
51659136000149,SOUL DISTRIBUIDORA DE PRODUTOS E EQUIPAM,EQUIPAMENTOS E MATERIAL PERMANENTE,MANUTENÇÃO DO RESTAURANTE POPULAR,1155.09,2,UNCLASSIFIED,,,,
15759650000192,TAIUR SCHUMACHER - ME,MATERIAL DE CONSUMO,AQUISIÇÃO DE EQUIPAMENTOS E MATERIAIS PE,1147.0,1,UNCLASSIFIED,,,,
48057203000140,TACCUINO DISTRIBUIDORA DE MATERIAIS LTDA,MATERIAL DE CONSUMO,BLOCO DE PROTEÇÃO SOCIAL BÁSICA,1142.14,2,UNCLASSIFIED,,,,
21601494000130,PAMPA COMÉRCIO E DISTRIBUIDORA EIRELI,EQUIPAMENTOS E MATERIAL PERMANENTE,MANUTENÇÃO DO FUNDO MUNICIPAL DA CRIANÇA,1140.0,1,UNCLASSIFIED,,,,
12541620000117,SERIBAND INDÚSTRIA E COMERCIO DE CONFECÇ,EQUIPAMENTOS E MATERIAL PERMANENTE,FOMENTO AO TURISMO MUNICIPAL,1138.0,1,UNCLASSIFIED,,,,
43496899000198,ALS UNIFORMES PROFISSIONAIS LTDA,MATERIAL DE CONSUMO,GESTÃO ADM DO FUNDO DE ASSIST SOCIAL,1131.5,1,UNCLASSIFIED,,,,
55695599000117,MAGBA E-COMMERCE LTDA,MATERIAL DE CONSUMO,"MANUTENÇÃO DE IMÓVEIS, VEÍCULOS E EQUIPAM",1127.96,1,UNCLASSIFIED,,,,
41507227000105,JAB COMERCIO E DISTRIBUICAO DE PRODUTOS,MATERIAL DE CONSUMO,BLOCO DE PROTEÇÃO SOCIAL BÁSICA,1123.76,2,UNCLASSIFIED,,,,
17417852000181,GRÁFICA DIRETA LTDA -ME,OUTROS SERVIÇOS DE TERCEIROS - PESSOA JURÍDICA,PROGRAMA DE VIGILÂNCIA SANITÁRIA,1116.0,1,UNCLASSIFIED,,,,
18449927000179,ROBERTO DE CONTO  CIA LTDA,MATERIAL DE CONSUMO,MANUTENÇÃO DA EDUCAÇÃO INFANTIL - NOVOS,1116.0,1,UNCLASSIFIED,,,,
51978129000100,ARPL DISTRIBUIDORA LTDA,MATERIAL DE CONSUMO,BLOC PROT SOC ESPEC MÉDIA E ALTA COMPLEX,1113.32,2,MATERIAL_EDUCACIONAL_CONSUMO,MEDIA,principalmente manutenção da educação infantil; item exato não aberto,Portal PMSB /despesas,Necessita termo/objeto.
04067663000184,VALDETAR RIBEIRO DE CARVALHO,MATERIAL DE CONSUMO,MANUTENÇÃO DAS ATIVIDADES DO GABINETE DO,1112.0,1,UNCLASSIFIED,,,,
07675477000116,IGAM CORPORATIVO CURSOS E ASSESSORIA S/S,OUTROS SERVIÇOS DE TERCEIROS - PESSOA JURÍDICA,MANUTENÇÃO DAS ATIVIDADES DA CONTROLADOR,1100.0,1,UNCLASSIFIED,,,,
22113603000132,ROBERTO KRELING NASCIMENTO ME,OUTROS SERVIÇOS DE TERCEIROS - PESSOA JURÍDICA,MANUTENÇÃO DAS ATIVIDADES DO GABINETE DO,1092.0,3,UNCLASSIFIED,,,,
01778749000127,COMERCIAL UNYLUX LTDA,MATERIAL DE CONSUMO,MANUTENÇÃO DA EDUCAÇÃO BÁSICA - SALÁRIO,1085.0,1,ILUMINACAO_MATERIAIS,MEDIA_ALTA,materiais vinculados à manutenção do fundo municipal de iluminação,Portal PMSB /despesas,Item exato não aberto.
07319261000118,ELIETE BEATRIZ HAUPENTHAL & CIA LTDA,EQUIPAMENTOS E MATERIAL PERMANENTE,MANUTENÇÃO DA EDUCAÇÃO INFANTIL,1080.0,1,UNCLASSIFIED,,,,
88733811000142,FAMURS - FEDERAÇÃO DAS ASSOC. DE MUNICIP,OUTROS SERVIÇOS DE TERCEIROS - PESSOA JURÍDICA,ATENÇÃO BÁSICA,1078.0,2,UNCLASSIFIED,,,,
34034228000114,NOVO HORIZONTE COMERCIO DE PRODUTOS E AC,MATERIAL DE CONSUMO,BLOC PROT SOC ESPEC MÉDIA E ALTA COMPLEX,1062.02,2,UNCLASSIFIED,,,,
05117514000145,INSTALART MATERIAIS ELÉTRICOS LTDA,MATERIAL DE CONSUMO,MANUTENÇÃO DA EDUCAÇÃO BÁSICA - SALÁRIO,1061.5,1,UNCLASSIFIED,,,,
10573521000191,MERCADO PAGOINSTITUIÇAO DE PAGAMENTO LTD,MATERIAL DE CONSUMO,MANUTENÇÃO DAS ATIVIDADES ADMINISTRATIVA,1049.51,5,UNCLASSIFIED,,,,
26155703000182,COMTELAS SERVICOS E CONSTRUCOES LTDA,MATERIAL DE CONSUMO,MANUTENÇÃO DA EDUCAÇÃO BÁSICA - SALÁRIO,1049.5,1,UNCLASSIFIED,,,,
45232778000164,INOVARE COMERCIO DE SUPRIMENTOS DE INFOR,MATERIAL DE CONSUMO,MANUTENÇÃO DAS ATIVIDADES DA SECRETARIA,1046.75,11,UNCLASSIFIED,,,,
17417852000181,GRÁFICA DIRETA LTDA -ME,OUTROS SERVIÇOS DE TERCEIROS - PESSOA JURÍDICA,ATENÇÃO BÁSICA,1023.0,2,UNCLASSIFIED,,,,
05090524000134,COSTA MACHADO & RODRIGUES LTDA,SERVIÇOS DE TECNOLOGIA DA INFORMAÇÃO E COMUNICAÇÃO,MANUTENÇÃO DAS ATIVIDADES DA CONSULTORIA,1012.3,1,SERVICO_TIC,ALTA_RUBRICA_ACAO,"serviços TIC em educação, administração e saúde",Portal PMSB /despesas,Objeto específico por empenho ainda não aberto.
20992564000165,HELPFIX ATACADO DE PAPELARIA LTDA-ME,MATERIAL DE CONSUMO,ATENÇÃO BÁSICA,993.0,2,UNCLASSIFIED,,,,
44449147000139,DM DISTRIBUIDORA DE DESCARTAVEIS LTDA,MATERIAL DE CONSUMO,MANUTENÇÃO DAS ATIVIDADES DO GABINETE DO,985.75,1,UNCLASSIFIED,,,,
07381576000195,DRC MATERIAIS DE CONSTRUCAO LTDA,MATERIAL DE CONSUMO,MANUT. DAS ATIV. DOS SERV. URBANOS,978.6,1,UNCLASSIFIED,,,,
91421511000132,CGK SISTEMAS DE INFORMACAO LTDA,SERVIÇOS DE TECNOLOGIA DA INFORMAÇÃO E COMUNICAÇÃO,MANUTENÇÃO DAS ATIVIDADES ADMINISTRATIVA,967.0,1,UNCLASSIFIED,,,,
26979673000129,JARDEL JACOBS PEREIRA DA SILVA,MATERIAL DE CONSUMO,CONSTRUÇÃO E MANUTENÇÃO DO CAPS 1,965.88,1,UNCLASSIFIED,,,,
18486182000118,NORTE INDUSTRIA GRAFICA LTDA,OUTROS SERVIÇOS DE TERCEIROS - PESSOA JURÍDICA,ATENÇÃO BÁSICA,960.0,1,UNCLASSIFIED,,,,
08149396000145,DESIGN RICARDENSE - INDÚSTRIA DE MÓVEIS,EQUIPAMENTOS E MATERIAL PERMANENTE,FARMÁCIA BÁSICA E DEMANDAS JUDICIAIS,959.85,1,UNCLASSIFIED,,,,
08149396000145,DESIGN RICARDENSE - INDÚSTRIA DE MÓVEIS,EQUIPAMENTOS E MATERIAL PERMANENTE,AQUISIÇÃO DE EQUIPAMENTOS E MATERIAIS PE,959.85,1,UNCLASSIFIED,,,,
01997775000146,LOUSART IND. E COM. DE MATERIAIS PEDAGOG,EQUIPAMENTOS E MATERIAL PERMANENTE,AQUISIÇÃO DE EQUIPAMENTOS E MATERIAIS PE,950.0,1,UNCLASSIFIED,,,,
54154953000133,54.154.953 VANESSA SANTOS DO NASCIMENTO,MATERIAL DE CONSUMO,ATENÇÃO BÁSICA,948.0,1,UNCLASSIFIED,,,,
23310852000261,MURIEL A. BLAU & CIA LTDA,MATERIAL DE CONSUMO,BLOCO DE PROTEÇÃO SOCIAL BÁSICA,947.18,4,UNCLASSIFIED,,,,
27403752000150,KAPRICHO DITRIBUIDORA LTDA,MATERIAL DE CONSUMO,BLOCO DE PROTEÇÃO SOCIAL BÁSICA,929.8,2,UNCLASSIFIED,,,,
43463101000101,ABF DISTRIBUIDORA DE ALIMENTOS LTDA,MATERIAL DE CONSUMO,MANUTENÇÃO DO FUNDO MUNICIPAL DE ILUMINA,929.7,1,ALIMENTOS_CONSUMO,MEDIA_ALTA,"fornecimento associado a merenda escolar, restaurante popular e unidades sociais/saúde",Portal PMSB /despesas — ações orçamentárias,Ação e perfil do fornecedor sustentam alimento/consumo; itens e condições ainda não abertos.
27403752000150,KAPRICHO DITRIBUIDORA LTDA,MATERIAL DE CONSUMO,ASSISTÊNCIA À SAÚDE - MÉDIA E ALTA COMPL,926.0,1,UNCLASSIFIED,,,,
38413979000100,OLIVEIRA TELECOM,MATERIAL DE CONSUMO,MANUTENÇÃO DOS SERVIÇOS DE SEGURANÇA NO,925.0,1,UNCLASSIFIED,,,,
18828722000102,POLISPORT ARTIGOS ESPORTIVOS E CONFECCOE,MATERIAL DE CONSUMO,BLOCO DE PROTEÇÃO SOCIAL BÁSICA,918.0,2,UNCLASSIFIED,,,,
01656038000775,ITAIMBÉ AUTOMÓVEIS LTDA,OUTROS SERVIÇOS DE TERCEIROS - PESSOA JURÍDICA,MANUTENÇÃO DO ENSINO FUNDAMENTAL - MDE,904.73,1,UNCLASSIFIED,,,,
49591832000119,FW SOLUCOES EM TECNOLOGIA LTDA,EQUIPAMENTOS E MATERIAL PERMANENTE,PROGRAMA DE VIGILÂNCIA E PROMOÇÃO DA SAÚ,901.92,1,UNCLASSIFIED,,,,
14481040000107,GRÁFICA GRGRAF EIRELI,OUTROS SERVIÇOS DE TERCEIROS - PESSOA JURÍDICA,PROGRAMA DE VIGILÂNCIA E PROMOÇÃO DA SAÚ,900.0,1,UNCLASSIFIED,,,,
48057203000140,TACCUINO DISTRIBUIDORA DE MATERIAIS LTDA,MATERIAL DE CONSUMO,MANUTENÇÃO DA EDUCAÇÃO BÁSICA - SALÁRIO,900.0,1,UNCLASSIFIED,,,,
46924137000133,"MM DISTRIBUIDORA, INDUSTRIA E COMÉRCIO L",MATERIAL DE CONSUMO,MANUTENÇÃO DA EDUCAÇÃO INFANTIL,898.0,1,UNCLASSIFIED,,,,
88733811000142,FAMURS - FEDERAÇÃO DAS ASSOC. DE MUNICIP,OUTROS SERVIÇOS DE TERCEIROS - PESSOA JURÍDICA,MANUTENÇÃO DO FUNDO MUNICIPAL DO MEIO AM,884.0,1,UNCLASSIFIED,,,,
08658622000113,J.J.VITALLI,MATERIAL DE CONSUMO,MANUT. DAS ATIV. DOS SERV. URBANOS,880.1,1,UNCLASSIFIED,,,,
19555146000121,2B DISTRIBUIDORA LTDA,MATERIAL DE CONSUMO,ATENÇÃO BÁSICA,879.7,3,UNCLASSIFIED,,,,
11383230000101,AMAZONAS COMERCIO DE ADESIVOS E BRINDES,MATERIAL DE CONSUMO,MANUTENÇÃO DAS ATIVIDADES DA SECRETARIA,873.6,2,UNCLASSIFIED,,,,
63732144000152,PEPCON COMERCIAL LTDA,EQUIPAMENTOS E MATERIAL PERMANENTE,PRÓ-INFÂNCIA,861.38,1,UNCLASSIFIED,,,,
04812021000162,NOROESTE MAQUINAS E EQUIPAMENTOS LTDA,OUTROS SERVIÇOS DE TERCEIROS - PESSOA JURÍDICA,MANUTENÇÃO DO FUNDO MUNICIPAL DE ILUMINA,860.0,2,UNCLASSIFIED,,,,
27105456000172,MEDICENTRO COMERCIO DE MEDICAMENTOS LTDA,MATERIAL DE CONSUMO,ASSISTÊNCIA À SAÚDE - MÉDIA E ALTA COMPL,853.2,1,MEDICAMENTOS_SAUDE,MEDIA_ALTA,material de consumo em atenção básica e média/alta complexidade,Portal PMSB /despesas,Fornecedor de medicamentos; item exato não aberto.
37968398000164,LUCAS MORAES LEITE,MATERIAL DE CONSUMO,MANUTENÇÃO DAS ATIVIDADES DA SECRETARIA,829.6,3,UNCLASSIFIED,,,,
23457564000153,AJM INSUMOS INDUSTRIAIS EIRELI,MATERIAL DE CONSUMO,CONSTRUÇÃO E MANUTENÇÃO DO CAPS 1,820.0,1,UNCLASSIFIED,,,,
13338681000144,COMERCIAL SPONCHIADO LTDA,MATERIAL DE CONSUMO,MANUTENÇÃO DO FUNDO MUNICIPAL DE ILUMINA,818.0,1,UNCLASSIFIED,,,,
02310921000186,IEM INSTITUTO DE ESTUDOS MUNICIPAIS LTDA,OUTROS SERVIÇOS DE TERCEIROS - PESSOA JURÍDICA,MANUTENÇÃO DAS ATIVIDADES DA SECRETARIA,810.0,1,UNCLASSIFIED,,,,
45232778000164,INOVARE COMERCIO DE SUPRIMENTOS DE INFOR,MATERIAL DE CONSUMO,MANUTENÇÃO DA EDUCAÇÃO BÁSICA - SALÁRIO,803.0,1,UNCLASSIFIED,,,,
55240764000146,NOROESTE SUPRIMENTOS LTDA,MATERIAL DE CONSUMO,BLOC PROT SOC ESPEC MÉDIA E ALTA COMPLEX,788.0,1,UNCLASSIFIED,,,,
46615867000152,LCA INDUSTRIA E COMERCIO DE CORDAS E RED,MATERIAL DE CONSUMO,PROGRAMA DE INICIAÇÃO ESPORTIVA EDUCACIO,783.6,1,UNCLASSIFIED,,,,
08427697000193,VILSON AMAURI SOARES DE SOARES,MATERIAL DE CONSUMO,MANUTENÇÃO DAS ATIVIDADES DA SECRETARIA,783.0,1,UNCLASSIFIED,,,,
55875621000100,BS COLORS COMERCIO DE TINTAS LTDA,MATERIAL DE CONSUMO,ATENÇÃO BÁSICA,780.0,2,UNCLASSIFIED,,,,
08427697000193,VILSON AMAURI SOARES DE SOARES,EQUIPAMENTOS E MATERIAL PERMANENTE,MANUTENÇÃO DA EDUCAÇÃO BÁSICA - SALÁRIO,765.0,1,UNCLASSIFIED,,,,
43496899000198,ALS UNIFORMES PROFISSIONAIS LTDA,MATERIAL DE CONSUMO,MANUTENÇÃO DAS ATIVIDADES DA SECRETARIA,755.7,2,UNCLASSIFIED,,,,
01952684000194,G3 COMERCIAL LTDA,MATERIAL DE CONSUMO,MANUTENÇÃO DAS ATIVIDADES DA SECRETARIA,754.96,2,UNCLASSIFIED,,,,
39840107000183,MASTERMEDIC DISTRIBUIDORA LTDA,MATERIAL DE CONSUMO,ATENÇÃO BÁSICA,752.8,2,UNCLASSIFIED,,,,
22850731000169,BMH MATERIAIS HIDRULICOS LTDA ME,MATERIAL DE CONSUMO,MANUTENÇÃO DO FUNDO MUNICIPAL DE ILUMINA,748.5,1,UNCLASSIFIED,,,,
51978129000100,ARPL DISTRIBUIDORA LTDA,MATERIAL DE CONSUMO,MANUTENÇÃO DO CER,747.85,1,MATERIAL_EDUCACIONAL_CONSUMO,MEDIA,principalmente manutenção da educação infantil; item exato não aberto,Portal PMSB /despesas,Necessita termo/objeto.
42572060000129,PORTO ATACADISTA LTDA,MATERIAL DE CONSUMO,CONSTRUÇÃO E MANUTENÇÃO DO CAPS 1,738.29,1,UNCLASSIFIED,,,,
92883834000100,DAER/RS-DEPART. AUTON. ESTR. DE RODAGEM,OUTROS SERVIÇOS DE TERCEIROS - PESSOA JURÍDICA,MANUTENÇÃO DAS ATIVIDADES DA SECRETARIA,728.88,5,UNCLASSIFIED,,,,
05135045000197,MASTER RELÓGIOS COMERCIO DE EQUIPAMENTOS,SERVIÇOS DE TECNOLOGIA DA INFORMAÇÃO E COMUNICAÇÃO,MANUTENÇÃO DAS ATIVIDADES ADMINISTRATIVA,725.76,1,UNCLASSIFIED,,,,
42338388000185,42.338.388 CARLOS ANSELMO FONTANELLA,EQUIPAMENTOS E MATERIAL PERMANENTE,MANUTENÇÃO DO RESTAURANTE POPULAR,724.92,1,UNCLASSIFIED,,,,
39346590000144,KDN COMERCIO ATACADISTA LTDA,MATERIAL DE CONSUMO,ATENÇÃO BÁSICA,705.0,1,UNCLASSIFIED,,,,
54887860000118,MM PRODUTOS AUTOMOTIVOS LTDA.,MATERIAL DE CONSUMO,BLOC PROT SOC ESPEC MÉDIA E ALTA COMPLEX,700.0,1,AUTOPECAS_CONSUMO,MEDIA_ALTA,materiais para manutenção de veículos/equipamentos e transporte escolar,Portal PMSB /despesas,Itens heterogêneos; não tratar como categoria única.
58951274000146,RAFAEL L. SCHRAMM,EQUIPAMENTOS E MATERIAL PERMANENTE,MANUTENÇÃO DAS ATIVIDADES DA SECRETARIA,699.8,1,UNCLASSIFIED,,,,
25433520000119,RMS ELETRO REFRIGERACAO E DISTRIBUIDORA,OUTROS SERVIÇOS DE TERCEIROS - PESSOA JURÍDICA,ATENÇÃO BÁSICA,699.0,2,UNCLASSIFIED,,,,
22850731000169,BMH MATERIAIS HIDRULICOS LTDA ME,MATERIAL DE CONSUMO,ATENÇÃO BÁSICA,698.3,1,UNCLASSIFIED,,,,
02310921000186,IEM INSTITUTO DE ESTUDOS MUNICIPAIS LTDA,OUTROS SERVIÇOS DE TERCEIROS - PESSOA JURÍDICA,MANUTENÇÃO DO TRANSPORTE ESCOLAR - ENSIN,690.0,1,UNCLASSIFIED,,,,
24604095000110,PRECISAO TRATAMENTO DE AGUA LTDA.,MATERIAL DE CONSUMO,PROGRAMA DE VIGILÂNCIA E PROMOÇÃO DA SAÚ,690.0,1,UNCLASSIFIED,,,,
23143410000197,DFER DISTRIBUIDORA DE FERRAGENS LTDA,MATERIAL DE CONSUMO,MANUTENÇÃO DO FUNDO MUNICIPAL DE ILUMINA,685.0,2,UNCLASSIFIED,,,,
51978129000100,ARPL DISTRIBUIDORA LTDA,MATERIAL DE CONSUMO,BLOCO DE PROTEÇÃO SOCIAL BÁSICA,684.87,2,MATERIAL_EDUCACIONAL_CONSUMO,MEDIA,principalmente manutenção da educação infantil; item exato não aberto,Portal PMSB /despesas,Necessita termo/objeto.
47484691000100,MAIS ESPORTE COMERCIO DE ARTIGOS ESPORTI,MATERIAL DE CONSUMO,MANUTENÇÃO DAS ATIVIDADES DA SECRETARIA,683.68,6,UNCLASSIFIED,,,,
53292332000153,GOVTECH LAB TECNOLOGIA E INOVAÇÃO LTDA,OUTROS SERVIÇOS DE TERCEIROS - PESSOA JURÍDICA,CAPACITAÇÃO DE AGENTES POLÍTICOS,673.2,1,UNCLASSIFIED,,,,
01634429000101,J.    P.    GOLLEM INDUSTRIA E COMÉRCIO,MATERIAL DE CONSUMO,BLOC PROT SOC ESPEC MÉDIA E ALTA COMPLEX,672.7,2,UNCLASSIFIED,,,,
14481040000107,GRÁFICA GRGRAF EIRELI,OUTROS SERVIÇOS DE TERCEIROS - PESSOA JURÍDICA,MANUTENÇÃO DO CONSELHO MUNICIPAL DA SAÚD,660.0,1,UNCLASSIFIED,,,,
27298119000149,GESTOR UM CONSULTORIA FINANCEIRA LTDA,SERVIÇOS DE TECNOLOGIA DA INFORMAÇÃO E COMUNICAÇÃO,MANUTENÇÃO ADMINISTRATIVA DO FUNDO DE PR,659.29,1,UNCLASSIFIED,,,,
01579286000174,SAFEWEB SEGURANÇA DA INFORMAÇÃO LTDA,SERVIÇOS DE TECNOLOGIA DA INFORMAÇÃO E COMUNICAÇÃO,MANUTENÇÃO DAS ATIVIDADES ADMINISTRATIVA,655.0,1,UNCLASSIFIED,,,,
18274923000105,MASTERSUL EQUIPAMENTOS DE SEGURANCA LTDA,MATERIAL DE CONSUMO,ASSISTÊNCIA À SAÚDE - MÉDIA E ALTA COMPL,654.17,1,UNCLASSIFIED,,,,
22113603000132,ROBERTO KRELING NASCIMENTO ME,OUTROS SERVIÇOS DE TERCEIROS - PESSOA JURÍDICA,TRANSPORTE SANITÁRIO ELETIVO,650.0,1,UNCLASSIFIED,,,,
55875621000100,BS COLORS COMERCIO DE TINTAS LTDA,MATERIAL DE CONSUMO,PROGRAMA SALVAR/SAMU,650.0,1,UNCLASSIFIED,,,,
63732144000152,PEPCON COMERCIAL LTDA,MATERIAL DE CONSUMO,MANUTENÇÃO DA EDUCAÇÃO INFANTIL - NOVOS,650.0,1,UNCLASSIFIED,,,,
88733811000142,FAMURS - FEDERAÇÃO DAS ASSOC. DE MUNICIP,OUTROS SERVIÇOS DE TERCEIROS - PESSOA JURÍDICA,MANUTENÇÃO DOS SERVIÇOS DE SEGURANÇA NO,644.0,1,UNCLASSIFIED,,,,
08149396000145,DESIGN RICARDENSE - INDÚSTRIA DE MÓVEIS,EQUIPAMENTOS E MATERIAL PERMANENTE,MANUTENÇÃO DAS ATIVIDADES DA SECRETARIA,639.9,1,UNCLASSIFIED,,,,
10573521000191,MERCADO PAGOINSTITUIÇAO DE PAGAMENTO LTD,MATERIAL DE CONSUMO,MANUTENÇÃO DAS INSTALAÇÕES DA CÂMARA MUN,637.79,3,UNCLASSIFIED,,,,
37364053000100,CASA & CORES COMERCIO DE MATERIAIS DE CO,MATERIAL DE CONSUMO,ATENÇÃO BÁSICA,621.0,1,UNCLASSIFIED,,,,
01952684000194,G3 COMERCIAL LTDA,MATERIAL DE CONSUMO,MANUT. DAS ATIV. DOS SERV. URBANOS,620.8,1,UNCLASSIFIED,,,,
16989002000276,ELIANE RESTA DAL ROSSO GOYA /ME,MATERIAL DE CONSUMO,MANUTENÇÃO DAS ATIVIDADES DA SECRETARIA,619.4,4,UNCLASSIFIED,,,,
44449147000139,DM DISTRIBUIDORA DE DESCARTAVEIS LTDA,MATERIAL DE CONSUMO,MANUTENÇÃO DO RESTAURANTE POPULAR,616.24,2,UNCLASSIFIED,,,,
08427697000193,VILSON AMAURI SOARES DE SOARES,EQUIPAMENTOS E MATERIAL PERMANENTE,MANUTENÇÃO DAS ATIVIDADES DA SECRETARIA,612.0,1,UNCLASSIFIED,,,,
38259243000111,NB CONSULTORIA E DISTRIBUIDORA DE PRODUT,MATERIAL DE CONSUMO,BLOC PROT SOC ESPEC MÉDIA E ALTA COMPLEX,607.62,2,UNCLASSIFIED,,,,
60845283000102,GJ MOVEIS E DECORACOES LTDA,EQUIPAMENTOS E MATERIAL PERMANENTE,MANUTENÇÃO DO RESTAURANTE POPULAR,600.0,1,UNCLASSIFIED,,,,
41277322000160,DW MATERIAIS ELETRICOS LTDA,MATERIAL DE CONSUMO,MANUTENÇÃO DO FUNDO MUNICIPAL DE ILUMINA,597.0,1,UNCLASSIFIED,,,,
20992564000165,HELPFIX ATACADO DE PAPELARIA LTDA-ME,MATERIAL DE CONSUMO,MANUTENÇÃO DO FUNDO ESTADUAL DE ASSISTÊN,594.0,1,UNCLASSIFIED,,,,
51978129000100,ARPL DISTRIBUIDORA LTDA,MATERIAL DE CONSUMO,CONSTRUÇÃO E MANUTENÇÃO DO CAPS 1,594.0,1,MATERIAL_EDUCACIONAL_CONSUMO,MEDIA,principalmente manutenção da educação infantil; item exato não aberto,Portal PMSB /despesas,Necessita termo/objeto.
58951274000146,RAFAEL L. SCHRAMM,EQUIPAMENTOS E MATERIAL PERMANENTE,PROGRAMA SALVAR/SAMU,589.99,1,UNCLASSIFIED,,,,
39700820000121,MBEM COMERCIO E DISTRIBUICAO DE MATERIAI,MATERIAL DE CONSUMO,MANUTENÇÃO DA EDUCAÇÃO BÁSICA - SALÁRIO,587.2,1,UNCLASSIFIED,,,,
30986684000103,WE COMERCIO DE PRODUTOS E UTILIDADES DOM,MATERIAL DE CONSUMO,MANUT. DAS ATIV. DOS SERV. URBANOS,585.0,1,UNCLASSIFIED,,,,
47484691000100,MAIS ESPORTE COMERCIO DE ARTIGOS ESPORTI,MATERIAL DE CONSUMO,MANUTENÇÃO DA EDUCAÇÃO BÁSICA - SALÁRIO,584.4,1,UNCLASSIFIED,,,,
55240764000146,NOROESTE SUPRIMENTOS LTDA,MATERIAL DE CONSUMO,MANUTENÇÃO DAS ATIVIDADES DA SECRETARIA,583.3,2,UNCLASSIFIED,,,,
18274923000105,MASTERSUL EQUIPAMENTOS DE SEGURANCA LTDA,MATERIAL DE CONSUMO,MANUTENÇÃO DAS ATIVIDADES DA SECRETARIA,579.4,2,UNCLASSIFIED,,,,
27403752000150,KAPRICHO DITRIBUIDORA LTDA,MATERIAL DE CONSUMO,ATENÇÃO BÁSICA,579.0,2,UNCLASSIFIED,,,,
44639579000102,OESTE PRODUTOS DE LIMPEZA LTDA,MATERIAL DE CONSUMO,MANUT. DAS ATIV. DOS SERV. URBANOS,575.0,1,UNCLASSIFIED,,,,
33159931000196,PORTO UNIAO COMERCIO E REPRESENTACAO LTD,MATERIAL DE CONSUMO,MANUTENÇÃO E IMPLANTAÇÃO DE UNIDADES ESP,570.0,1,UNCLASSIFIED,,,,
51560442000123,DUFILTER DISTRIBUIDORA DE FILTROS E LUBR,MATERIAL DE CONSUMO,BLOCO DE PROTEÇÃO SOCIAL BÁSICA,569.4,1,UNCLASSIFIED,,,,
60282790000177,UNIACE SOLUCOES INTEGRADAS LTDA,MATERIAL DE CONSUMO,ASSISTÊNCIA À SAÚDE - MÉDIA E ALTA COMPL,566.0,1,UNCLASSIFIED,,,,
73993362000102,BARONESA LTDA,MATERIAL DE CONSUMO,BLOCO DE PROTEÇÃO SOCIAL BÁSICA,565.07,1,UNCLASSIFIED,,,,
32593430000150,M CARREGA COMÉRCIO DE PRODUTOS HOSPITALA,EQUIPAMENTOS E MATERIAL PERMANENTE,ASSISTÊNCIA À SAÚDE - MÉDIA E ALTA COMPL,565.0,1,UNCLASSIFIED,,,,
23143410000197,DFER DISTRIBUIDORA DE FERRAGENS LTDA,MATERIAL DE CONSUMO,MANUTENÇÃO DA EDUCAÇÃO BÁSICA - SALÁRIO,548.0,1,UNCLASSIFIED,,,,
20784313000195,RM COMERCIO DE MERCADORIAS E MATERIAIS L,MATERIAL DE CONSUMO,MANUTENÇÃO DAS ATIVIDADES DA SECRETARIA,543.85,2,UNCLASSIFIED,,,,
08582779000102,CP MAGARINOS MECANICA LTDA,MATERIAL DE CONSUMO,MANUTENÇÃO DO TRANSPORTE ESCOLAR - ENSIN,541.24,1,UNCLASSIFIED,,,,
54647123000148,JT COMERCIO DE PRODUTOS MEDICOS LTDA,EQUIPAMENTOS E MATERIAL PERMANENTE,ATENÇÃO BÁSICA,540.0,1,UNCLASSIFIED,,,,
41507227000105,JAB COMERCIO E DISTRIBUICAO DE PRODUTOS,MATERIAL DE CONSUMO,MANUTENÇÃO DO RESTAURANTE POPULAR,539.8,2,UNCLASSIFIED,,,,
45232778000164,INOVARE COMERCIO DE SUPRIMENTOS DE INFOR,MATERIAL DE CONSUMO,ATENÇÃO BÁSICA,539.7,3,UNCLASSIFIED,,,,
34034228000114,NOVO HORIZONTE COMERCIO DE PRODUTOS E AC,MATERIAL DE CONSUMO,BLOCO DE PROTEÇÃO SOCIAL BÁSICA,535.05,2,UNCLASSIFIED,,,,
27075106000100,NOVIDÁ INDÚSTRIA E COMÉRCIO DE MÓVEIS LT,EQUIPAMENTOS E MATERIAL PERMANENTE,MANUT.DA.EDUC.INFANT-FUNDEB 30%,535.0,1,UNCLASSIFIED,,,,
48994988000188,SUL PRIME LUB LTDA,MATERIAL DE CONSUMO,MANUTENÇÃO DO FUNDO MUNICIPAL DE ILUMINA,533.32,1,UNCLASSIFIED,,,,
33159931000196,PORTO UNIAO COMERCIO E REPRESENTACAO LTD,MATERIAL DE CONSUMO,MANUTENÇÃO DAS ATIVIDADES DA SECRETARIA,527.0,2,UNCLASSIFIED,,,,
23217514000107,HUBNET E-COMMERCE EIRELI,EQUIPAMENTOS E MATERIAL PERMANENTE,MANUTENÇÃO DAS ATIVIDADES DA SECRETARIA,524.99,1,UNCLASSIFIED,,,,
58421861000123,VANINHA UTILIDADES LTDA,MATERIAL DE CONSUMO,BLOCO DE PROTEÇÃO SOCIAL BÁSICA,523.03,2,UNCLASSIFIED,,,,
19555146000121,2B DISTRIBUIDORA LTDA,MATERIAL DE CONSUMO,BLOCO DE PROTEÇÃO SOCIAL BÁSICA,522.8,2,UNCLASSIFIED,,,,
28337943000123,CA COMERCIO DE ALIMENTOS EIRELI,MATERIAL DE CONSUMO,INICIAÇÃO A EDUCAÇÃO ALIMENTAR E NUTRICI,521.4,1,UNCLASSIFIED,,,,
34034228000114,NOVO HORIZONTE COMERCIO DE PRODUTOS E AC,MATERIAL DE CONSUMO,MANUTENÇÃO DAS ATIVIDADES DA SECRETARIA,521.04,7,UNCLASSIFIED,,,,
34034228000114,NOVO HORIZONTE COMERCIO DE PRODUTOS E AC,MATERIAL DE CONSUMO,MANUTENÇÃO DO RESTAURANTE POPULAR,511.6,2,UNCLASSIFIED,,,,
47484691000100,MAIS ESPORTE COMERCIO DE ARTIGOS ESPORTI,MATERIAL DE CONSUMO,CONSTRUÇÃO E MANUTENÇÃO DO CAPS 1,510.63,2,UNCLASSIFIED,,,,
08427697000193,VILSON AMAURI SOARES DE SOARES,MATERIAL DE CONSUMO,MANUTENÇÃO DA EDUCAÇÃO BÁSICA - SALÁRIO,510.0,1,UNCLASSIFIED,,,,
59566602000153,DESBRAVA ASSESSORIA E CONSULTORIA EM LIC,MATERIAL DE CONSUMO,MANUTENÇÃO DO ENSINO FUNDAMENTAL - MDE,510.0,1,UNCLASSIFIED,,,,
40044357000196,CJC COMERCIO VAREJISTA E ATACADISTA DE F,MATERIAL DE CONSUMO,MANUTENÇÃO DA EDUCAÇÃO BÁSICA - SALÁRIO,507.0,1,UNCLASSIFIED,,,,
46794528000180,G L DA SILVA FILHO LIMITADA,EQUIPAMENTOS E MATERIAL PERMANENTE,PRÓ-INFÂNCIA,502.0,1,UNCLASSIFIED,,,,
05090524000134,COSTA MACHADO & RODRIGUES LTDA,SERVIÇOS DE TECNOLOGIA DA INFORMAÇÃO E COMUNICAÇÃO,MANUTENÇÃO DO RESTAURANTE POPULAR,500.0,1,SERVICO_TIC,ALTA_RUBRICA_ACAO,"serviços TIC em educação, administração e saúde",Portal PMSB /despesas,Objeto específico por empenho ainda não aberto.
10604267000141,ACONTURS-ASSOC.DOS CONS. EX-CONSELHEROS,OUTROS SERVIÇOS DE TERCEIROS - PESSOA JURÍDICA,MANUTENÇÃO DAS ATIVIDADES DO CONSELHO TU,500.0,2,UNCLASSIFIED,,,,
30401055000174,ARMACOES NORTE COMERCIO DE FERRAGENS LTD,"MATERIAL, BEM OU SERVIÇO PARA DIST. GRATUITA",MELHORIAS HABITACIONAIS,500.0,1,UNCLASSIFIED,,,,
30986684000103,WE COMERCIO DE PRODUTOS E UTILIDADES DOM,MATERIAL DE CONSUMO,MANUTENÇÃO DAS ATIVIDADES DA SECRETARIA,479.6,4,UNCLASSIFIED,,,,
97530228000125,R. DE O. SANTIL EPI,MATERIAL DE CONSUMO,ASSISTÊNCIA À SAÚDE - MÉDIA E ALTA COMPL,479.0,1,UNCLASSIFIED,,,,
55240764000146,NOROESTE SUPRIMENTOS LTDA,MATERIAL DE CONSUMO,BLOCO DE PROTEÇÃO SOCIAL BÁSICA,472.8,1,UNCLASSIFIED,,,,
27226575000183,M PANICIO VERTUAN SUPLEMENTOS ALIMENTICI,"MATERIAL, BEM OU SERVIÇO PARA DIST. GRATUITA",ASSISTÊNCIA À SAÚDE - MÉDIA E ALTA COMPL,468.0,1,UNCLASSIFIED,,,,
10942831000136,COMERCIAL VANGUARDEIRA EIRELI ME,EQUIPAMENTOS E MATERIAL PERMANENTE,PRÓ-INFÂNCIA,467.33,1,UNCLASSIFIED,,,,
01634429000101,J.    P.    GOLLEM INDUSTRIA E COMÉRCIO,MATERIAL DE CONSUMO,BLOCO DE PROTEÇÃO SOCIAL BÁSICA,466.2,2,UNCLASSIFIED,,,,
07319261000118,ELIETE BEATRIZ HAUPENTHAL & CIA LTDA,EQUIPAMENTOS E MATERIAL PERMANENTE,MANUTENÇÃO DAS ATIVIDADES DA SECRETARIA,465.0,1,UNCLASSIFIED,,,,
90519018000197,ORIGINAL GRAFICA EXPRESSA LTDA,OUTROS SERVIÇOS DE TERCEIROS - PESSOA JURÍDICA,ATENÇÃO BÁSICA,462.0,1,UNCLASSIFIED,,,,
03675338000131,IPCOMM TECNOLOGIA LTDA,SERVIÇOS DE TECNOLOGIA DA INFORMAÇÃO E COMUNICAÇÃO,MANUTENÇÃO DAS ATIVIDADES DA SECRETARIA,459.89,1,UNCLASSIFIED,,,,
18828722000102,POLISPORT ARTIGOS ESPORTIVOS E CONFECCOE,MATERIAL DE CONSUMO,MANUTENÇÃO DAS ATIVIDADES DA SECRETARIA,459.0,1,UNCLASSIFIED,,,,
30994121000167,TOPMIX UTILIDADES E SERVICOS LTDA,MATERIAL DE CONSUMO,ATENÇÃO BÁSICA,456.0,2,UNCLASSIFIED,,,,
47484691000100,MAIS ESPORTE COMERCIO DE ARTIGOS ESPORTI,MATERIAL DE CONSUMO,MANUTENÇÃO DAS ATIVIDADES DO GABINETE DO,440.44,1,UNCLASSIFIED,,,,
07628070000138,INDUSTRIA E COMERCIO COLCHOES ORTHOVIDA,MATERIAL DE CONSUMO,PROMOÇÃO AO DESPORTO E LAZER,438.9,1,UNCLASSIFIED,,,,
11606789000145,FALCAO EPI''S LTDA,MATERIAL DE CONSUMO,ATENÇÃO BÁSICA,437.25,1,UNCLASSIFIED,,,,
43463101000101,ABF DISTRIBUIDORA DE ALIMENTOS LTDA,MATERIAL DE CONSUMO,ATENÇÃO BÁSICA,427.53,2,ALIMENTOS_CONSUMO,MEDIA_ALTA,"fornecimento associado a merenda escolar, restaurante popular e unidades sociais/saúde",Portal PMSB /despesas — ações orçamentárias,Ação e perfil do fornecedor sustentam alimento/consumo; itens e condições ainda não abertos.
14157326000131,FUNDO ESPECIAL DE SEGURANÇA PUBLICA,OUTROS SERVIÇOS DE TERCEIROS - PESSOA JURÍDICA,MANUTENÇÃO DAS INSTALAÇÕES DA CÂMARA MUN,424.89,2,UNCLASSIFIED,,,,
87124582000104,PROCERGS - CENTRO DE TECNOLOGIA DA INFO,SERVIÇOS DE TECNOLOGIA DA INFORMAÇÃO E COMUNICAÇÃO,MANUTENÇÃO DOS SERVIÇOS DE SEGURANÇA NO,414.33,1,UNCLASSIFIED,,,,
25433520000119,RMS ELETRO REFRIGERACAO E DISTRIBUIDORA,OUTROS SERVIÇOS DE TERCEIROS - PESSOA JURÍDICA,GESTÃO ADM DO FUNDO DE ASSIST SOCIAL,414.0,1,UNCLASSIFIED,,,,
31296543000121,IMPERMEABILIZA COMERCIO DE TINTAS LTDA.,MATERIAL DE CONSUMO,MANUTENÇÃO DA EDUCAÇÃO BÁSICA - SALÁRIO,414.0,2,UNCLASSIFIED,,,,
37364053000100,CASA & CORES COMERCIO DE MATERIAIS DE CO,MATERIAL DE CONSUMO,CONSTRUÇÃO E MANUTENÇÃO DO CAPS 1,414.0,1,UNCLASSIFIED,,,,
54887860000118,MM PRODUTOS AUTOMOTIVOS LTDA.,MATERIAL DE CONSUMO,MANUTENÇÃO DO ENSINO FUNDAMENTAL - MDE,410.0,1,AUTOPECAS_CONSUMO,MEDIA_ALTA,materiais para manutenção de veículos/equipamentos e transporte escolar,Portal PMSB /despesas,Itens heterogêneos; não tratar como categoria única.
30986684000103,WE COMERCIO DE PRODUTOS E UTILIDADES DOM,MATERIAL DE CONSUMO,BLOCO DE PROTEÇÃO SOCIAL BÁSICA,400.7,2,UNCLASSIFIED,,,,
41277322000160,DW MATERIAIS ELETRICOS LTDA,MATERIAL DE CONSUMO,MANUTENÇÃO DA EDUCAÇÃO BÁSICA - SALÁRIO,398.0,1,UNCLASSIFIED,,,,
42572060000129,PORTO ATACADISTA LTDA,MATERIAL DE CONSUMO,MANUTENÇÃO E AMPLIAÇÃO DOS CEMITÉRIOS MU,396.8,2,UNCLASSIFIED,,,,
24765538000155,VILMAR CASTANHEIRA,MATERIAL DE CONSUMO,MANUTENÇÃO DO RESTAURANTE POPULAR,393.5,1,UNCLASSIFIED,,,,
58421861000123,VANINHA UTILIDADES LTDA,MATERIAL DE CONSUMO,PROMOÇÃO AO DESPORTO E LAZER,389.8,1,UNCLASSIFIED,,,,
55818205000170,BF3 TINTAS LTDA,MATERIAL DE CONSUMO,PROGRAMA SALVAR/SAMU,388.0,1,UNCLASSIFIED,,,,
55818205000170,BF3 TINTAS LTDA,MATERIAL DE CONSUMO,MANUTENÇÃO DA EDUCAÇÃO INFANTIL,388.0,1,UNCLASSIFIED,,,,
26950671000107,LICERI COMERCIO DE PRODUTOS EM GERAL LTD,MATERIAL DE CONSUMO,MANUT. DAS ATIV. DOS SERV. URBANOS,386.7,1,UNCLASSIFIED,,,,
42572060000129,PORTO ATACADISTA LTDA,MATERIAL DE CONSUMO,PROGRAMA PRIMEIRA INFÂNCIA MELHOR - PIM,381.99,1,UNCLASSIFIED,,,,
17952607000174,INDUSTRIA DE BOLAS TITA LTDA,MATERIAL DE CONSUMO,BLOCO DE PROTEÇÃO SOCIAL BÁSICA,377.91,1,UNCLASSIFIED,,,,
23608114000114,SUELEN DAIANE KANIS,MATERIAL DE CONSUMO,MANUT. DAS ATIV. DOS SERV. URBANOS,374.0,1,UNCLASSIFIED,,,,
07381576000195,DRC MATERIAIS DE CONSTRUCAO LTDA,MATERIAL DE CONSUMO,MANUTENÇÃO DA EDUCAÇÃO INFANTIL,372.0,1,UNCLASSIFIED,,,,
51659136000149,SOUL DISTRIBUIDORA DE PRODUTOS E EQUIPAM,MATERIAL DE CONSUMO,MANUTENÇÃO DO RESTAURANTE POPULAR,371.94,1,UNCLASSIFIED,,,,
61237085000110,RM SUPRIMENTOS ESCOLAR E ESCRITORIO LTDA,MATERIAL DE CONSUMO,ATENÇÃO BÁSICA,363.2,3,UNCLASSIFIED,,,,
11383230000101,AMAZONAS COMERCIO DE ADESIVOS E BRINDES,MATERIAL DE CONSUMO,BLOC PROT SOC ESPEC MÉDIA E ALTA COMPLEX,360.0,1,UNCLASSIFIED,,,,
37968398000164,LUCAS MORAES LEITE,MATERIAL DE CONSUMO,ATENÇÃO BÁSICA,360.0,1,UNCLASSIFIED,,,,
67729178000572,COMERCIAL CIRÚRGICA RIOCLARENSE LTDA.,"MATERIAL, BEM OU SERVIÇO PARA DIST. GRATUITA",FARMÁCIA BÁSICA E DEMANDAS JUDICIAIS,359.04,2,UNCLASSIFIED,,,,
27403752000150,KAPRICHO DITRIBUIDORA LTDA,MATERIAL DE CONSUMO,MANUTENÇÃO DO RESTAURANTE POPULAR,356.52,2,UNCLASSIFIED,,,,
44639579000102,OESTE PRODUTOS DE LIMPEZA LTDA,MATERIAL DE CONSUMO,MANUTENÇÃO DAS ATIVIDADES DO GABINETE DO,355.5,1,UNCLASSIFIED,,,,
42188256000114,ODIMED COMERCIO VAREJISTA DE PRODUTOS DE,MATERIAL DE CONSUMO,MANUTENÇÃO DAS ATIVIDADES DO GABINETE DO,350.0,1,UNCLASSIFIED,,,,
34064557000108,MEDMED COMERCIO DE MATERIAIS HOSPITALARE,MATERIAL DE CONSUMO,BLOC PROT SOC ESPEC MÉDIA E ALTA COMPLEX,349.5,1,UNCLASSIFIED,,,,
23310852000261,MURIEL A. BLAU & CIA LTDA,MATERIAL DE CONSUMO,MANUTENÇÃO DO FUNDO ESTADUAL DE ASSISTÊN,349.1,1,UNCLASSIFIED,,,,
11606789000145,FALCAO EPI''S LTDA,MATERIAL DE CONSUMO,MANUTENÇÃO E IMPLANTAÇÃO DE UNIDADES ESP,342.75,1,UNCLASSIFIED,,,,
19555146000121,2B DISTRIBUIDORA LTDA,EQUIPAMENTOS E MATERIAL PERMANENTE,MANUTENÇÃO DAS ATIVIDADES DA SECRETARIA,340.0,2,UNCLASSIFIED,,,,
30759356000174,BEATRIZ SULZBACH CORNELIUS LTDA,MATERIAL DE CONSUMO,MANUTENÇÃO DO CER,340.0,1,UNCLASSIFIED,,,,
48670007000147,IRM COMERCIO DE EQUIPAMENTOS LTDA,EQUIPAMENTOS E MATERIAL PERMANENTE,MANUTENÇÃO DA EDUCAÇÃO INFANTIL,329.88,1,UNCLASSIFIED,,,,
19555146000121,2B DISTRIBUIDORA LTDA,MATERIAL DE CONSUMO,CONSTRUÇÃO E MANUTENÇÃO DO CAPS 1,322.85,1,UNCLASSIFIED,,,,
44449147000139,DM DISTRIBUIDORA DE DESCARTAVEIS LTDA,MATERIAL DE CONSUMO,MANUTENÇÃO DAS ATIVIDADES DO CONSELHO TU,322.07,2,UNCLASSIFIED,,,,
49333270000103,D C METZ COMERCIAL,EQUIPAMENTOS E MATERIAL PERMANENTE,PRÓ-INFÂNCIA,321.3,1,UNCLASSIFIED,,,,
17952607000174,INDUSTRIA DE BOLAS TITA LTDA,MATERIAL DE CONSUMO,PROMOÇÃO AO DESPORTO E LAZER,313.81,1,UNCLASSIFIED,,,,
00394494010441,MINISTÉRIO DA JUSTIÇA E SEGURANÇA PÚBLIC,OUTROS SERVIÇOS DE TERCEIROS - PESSOA JURÍDICA,MANUTENÇÃO DAS ATIVIDADES DA SECRETARIA,312.36,2,UNCLASSIFIED,,,,
53665245000102,53.665.245 CARINA MACHADO ALMASAN,MATERIAL DE CONSUMO,MANUTENÇÃO DO RESTAURANTE POPULAR,312.0,1,UNCLASSIFIED,,,,
62234180000123,CHSF DISTRIBUIDORA TEXTIL LTDA,MATERIAL DE CONSUMO,MANUTENÇÃO DO CAPS AD E AÇÕES PARA RECUP,312.0,1,UNCLASSIFIED,,,,
51978129000100,ARPL DISTRIBUIDORA LTDA,MATERIAL DE CONSUMO,MANUTENÇÃO DO RESTAURANTE POPULAR,311.86,2,MATERIAL_EDUCACIONAL_CONSUMO,MEDIA,principalmente manutenção da educação infantil; item exato não aberto,Portal PMSB /despesas,Necessita termo/objeto.
51740794000160,YNEMED PRODUTOS MEDICOS E HOSPITALARES L,MATERIAL DE CONSUMO,ATENÇÃO BÁSICA,310.8,1,UNCLASSIFIED,,,,
34034228000114,NOVO HORIZONTE COMERCIO DE PRODUTOS E AC,MATERIAL DE CONSUMO,MANUT. DAS ATIV. DOS SERV. URBANOS,306.0,1,UNCLASSIFIED,,,,
10583148000150,ANGELO CELESTINO FLAIN PETRINI JUNIOR,MATERIAL DE CONSUMO,BLOCO DE PROTEÇÃO SOCIAL BÁSICA,303.8,1,UNCLASSIFIED,,,,
58472229000109,58.472.229 JEFERSON LEON MACHADO DA SILV,OUTROS SERVIÇOS DE TERCEIROS - PESSOA JURÍDICA,MANUTENÇÃO DAS ATIVIDADES DO CONSELHO TU,300.0,1,UNCLASSIFIED,,,,
25433520000119,RMS ELETRO REFRIGERACAO E DISTRIBUIDORA,OUTROS SERVIÇOS DE TERCEIROS - PESSOA JURÍDICA,PROCAD - SUAS,299.0,1,UNCLASSIFIED,,,,
28337943000123,CA COMERCIO DE ALIMENTOS EIRELI,MATERIAL DE CONSUMO,CONSTRUÇÃO E MANUTENÇÃO DO CAPS 1,293.0,2,UNCLASSIFIED,,,,
31722206000159,IVANETE APARECIDA MIRANDA,MATERIAL DE CONSUMO,MANUTENÇÃO DA EDUCAÇÃO BÁSICA - SALÁRIO,290.0,1,UNCLASSIFIED,,,,
30468657000149,COMERCIO DE ALIMENTOS DAL MOLIN LTDA,MATERIAL DE CONSUMO,ATENÇÃO BÁSICA,286.47,2,ALIMENTOS_CONSUMO,MEDIA_ALTA,fornecimento associado a merenda escolar e restaurante popular,Portal PMSB /despesas — ações orçamentárias,Itens e condições ainda não abertos.
52996455000102,ELEVATE UTILIDADES LTDA,MATERIAL DE CONSUMO,MANUT. DAS ATIV. DOS SERV. URBANOS,283.5,2,UNCLASSIFIED,,,,
23608114000114,SUELEN DAIANE KANIS,MATERIAL DE CONSUMO,CONSTRUÇÃO E MANUTENÇÃO DO CAPS 1,280.5,1,UNCLASSIFIED,,,,
58951274000146,RAFAEL L. SCHRAMM,MATERIAL DE CONSUMO,MANUTENÇÃO DO FUNDO ESTADUAL DE ASSISTÊN,280.0,1,UNCLASSIFIED,,,,
55240764000146,NOROESTE SUPRIMENTOS LTDA,MATERIAL DE CONSUMO,MANUTENÇÃO DAS ATIVIDADES DO GABINETE DO,276.3,1,UNCLASSIFIED,,,,
07381576000195,DRC MATERIAIS DE CONSTRUCAO LTDA,MATERIAL DE CONSUMO,PROGRAMA SALVAR/SAMU,273.55,1,UNCLASSIFIED,,,,
48994988000188,SUL PRIME LUB LTDA,MATERIAL DE CONSUMO,MANUTENÇÃO DOS SERVIÇOS DE SEGURANÇA NO,266.66,1,UNCLASSIFIED,,,,
30986684000103,WE COMERCIO DE PRODUTOS E UTILIDADES DOM,MATERIAL DE CONSUMO,ATENÇÃO BÁSICA,263.25,1,UNCLASSIFIED,,,,
30468657000149,COMERCIO DE ALIMENTOS DAL MOLIN LTDA,MATERIAL DE CONSUMO,PROMOÇÃO DE EVENTOS ESPORTIVOS E DE LAZE,260.5,1,ALIMENTOS_CONSUMO,MEDIA_ALTA,fornecimento associado a merenda escolar e restaurante popular,Portal PMSB /despesas — ações orçamentárias,Itens e condições ainda não abertos.
55875621000100,BS COLORS COMERCIO DE TINTAS LTDA,MATERIAL DE CONSUMO,FARMÁCIA BÁSICA E DEMANDAS JUDICIAIS,260.0,1,UNCLASSIFIED,,,,
63732144000152,PEPCON COMERCIAL LTDA,EQUIPAMENTOS E MATERIAL PERMANENTE,MANUTENÇÃO DO RESTAURANTE POPULAR,260.0,1,UNCLASSIFIED,,,,
27403752000150,KAPRICHO DITRIBUIDORA LTDA,MATERIAL DE CONSUMO,MANUTENÇÃO DO CAPS AD E AÇÕES PARA RECUP,259.2,1,UNCLASSIFIED,,,,
17952607000174,INDUSTRIA DE BOLAS TITA LTDA,MATERIAL DE CONSUMO,PROGRAMA DE INICIAÇÃO ESPORTIVA EDUCACIO,242.96,2,UNCLASSIFIED,,,,
73993362000102,BARONESA LTDA,MATERIAL DE CONSUMO,PROGRAMA DE INICIAÇÃO ESPORTIVA EDUCACIO,242.9,1,UNCLASSIFIED,,,,
55240764000146,NOROESTE SUPRIMENTOS LTDA,MATERIAL DE CONSUMO,CONSTRUÇÃO E MANUTENÇÃO DO CAPS 1,236.4,1,UNCLASSIFIED,,,,
26979673000129,JARDEL JACOBS PEREIRA DA SILVA,MATERIAL DE CONSUMO,MANUTENÇÃO DAS ATIVIDADES DA SECRETARIA,234.9,1,UNCLASSIFIED,,,,
01634429000101,J.    P.    GOLLEM INDUSTRIA E COMÉRCIO,MATERIAL DE CONSUMO,MANUTENÇÃO DO RESTAURANTE POPULAR,233.1,2,UNCLASSIFIED,,,,
52996455000102,ELEVATE UTILIDADES LTDA,MATERIAL DE CONSUMO,ATENÇÃO BÁSICA,229.5,2,UNCLASSIFIED,,,,
52996455000102,ELEVATE UTILIDADES LTDA,MATERIAL DE CONSUMO,MANUTENÇÃO DAS ATIVIDADES DA SECRETARIA,229.5,6,UNCLASSIFIED,,,,
31296543000121,IMPERMEABILIZA COMERCIO DE TINTAS LTDA.,MATERIAL DE CONSUMO,MANUT. DAS ATIV. DOS SERV. URBANOS,226.0,1,UNCLASSIFIED,,,,
24402903000167,NACIONAL SAFETY EQUIPAMENTOS DE SEGURANC,MATERIAL DE CONSUMO,MANUTENÇÃO E AMPLIAÇÃO DOS CEMITÉRIOS MU,224.6,1,UNCLASSIFIED,,,,
42188256000114,ODIMED COMERCIO VAREJISTA DE PRODUTOS DE,MATERIAL DE CONSUMO,MANUTENÇÃO DAS ATIVIDADES DO CONSELHO TU,223.6,2,UNCLASSIFIED,,,,
58951274000146,RAFAEL L. SCHRAMM,MATERIAL DE CONSUMO,MANUTENÇÃO DAS ATIVIDADES DA SECRETARIA,222.0,1,UNCLASSIFIED,,,,
58951274000146,RAFAEL L. SCHRAMM,MATERIAL DE CONSUMO,MANUT.DO ENS.FUND.FUNDEB 30%,222.0,1,UNCLASSIFIED,,,,
11383230000101,AMAZONAS COMERCIO DE ADESIVOS E BRINDES,MATERIAL DE CONSUMO,BLOCO DE PROTEÇÃO SOCIAL BÁSICA,220.8,1,UNCLASSIFIED,,,,
07381576000195,DRC MATERIAIS DE CONSTRUCAO LTDA,MATERIAL DE CONSUMO,ATENÇÃO BÁSICA,219.75,1,UNCLASSIFIED,,,,
56004897000186,TRIUNFO ILUMINACAO LTDA,MATERIAL DE CONSUMO,MANUTENÇÃO DO CAPS AD E AÇÕES PARA RECUP,218.5,1,UNCLASSIFIED,,,,
46924137000133,"MM DISTRIBUIDORA, INDUSTRIA E COMÉRCIO L",MATERIAL DE CONSUMO,ATENÇÃO BÁSICA,215.52,2,UNCLASSIFIED,,,,
41507227000105,JAB COMERCIO E DISTRIBUICAO DE PRODUTOS,MATERIAL DE CONSUMO,MANUTENÇÃO E AMPLIAÇÃO DOS CEMITÉRIOS MU,215.4,1,UNCLASSIFIED,,,,
20992564000165,HELPFIX ATACADO DE PAPELARIA LTDA-ME,MATERIAL DE CONSUMO,MANUTENÇÃO DO FUNDO MUNICIPAL DE ILUMINA,215.0,1,UNCLASSIFIED,,,,
42572060000129,PORTO ATACADISTA LTDA,MATERIAL DE CONSUMO,MANUTENÇÃO DO FUNDO ESTADUAL DE ASSISTÊN,214.15,1,UNCLASSIFIED,,,,
15759650000192,TAIUR SCHUMACHER - ME,MATERIAL DE CONSUMO,ATENÇÃO BÁSICA,208.0,2,UNCLASSIFIED,,,,
19555146000121,2B DISTRIBUIDORA LTDA,MATERIAL DE CONSUMO,MANUTENÇÃO DAS ATIVIDADES DA SECRETARIA,204.75,7,UNCLASSIFIED,,,,
13779852000170,GRANDIOSA SUPRIMENTOS & TRANSPORTES LTDA,MATERIAL DE CONSUMO,CONSTRUÇÃO E MANUTENÇÃO DO CAPS 1,204.0,1,UNCLASSIFIED,,,,
13779852000170,GRANDIOSA SUPRIMENTOS & TRANSPORTES LTDA,MATERIAL DE CONSUMO,MANUTENÇÃO E AMPLIAÇÃO DOS CEMITÉRIOS MU,204.0,1,UNCLASSIFIED,,,,
42572060000129,PORTO ATACADISTA LTDA,MATERIAL DE CONSUMO,MANUTENÇÃO DO FUNDO MUNICIPAL DE ILUMINA,202.95,2,UNCLASSIFIED,,,,
42572060000129,PORTO ATACADISTA LTDA,MATERIAL DE CONSUMO,MANUTENÇÃO DOS SERVIÇOS DE SEGURANÇA NO,201.56,1,UNCLASSIFIED,,,,
59777691000187,HELLA COMERCIO E SERVICOS LTDA,MATERIAL DE CONSUMO,BLOC PROT SOC ESPEC MÉDIA E ALTA COMPLEX,201.0,1,UNCLASSIFIED,,,,
24241038000114,PARASOU E-COMMERCE LTDA,MATERIAL DE CONSUMO,MANUTENÇÃO E IMPLANTAÇÃO DE UNIDADES ESP,200.0,1,UNCLASSIFIED,,,,
30401055000174,ARMACOES NORTE COMERCIO DE FERRAGENS LTD,MATERIAL DE CONSUMO,MANUTENÇÃO DAS ATIVIDADES DA SECRETARIA,200.0,1,UNCLASSIFIED,,,,
22850731000169,BMH MATERIAIS HIDRULICOS LTDA ME,MATERIAL DE CONSUMO,MANUTENÇÃO DA EDUCAÇÃO BÁSICA - SALÁRIO,199.0,1,UNCLASSIFIED,,,,
16989002000276,ELIANE RESTA DAL ROSSO GOYA /ME,EQUIPAMENTOS E MATERIAL PERMANENTE,MANUTENÇÃO E IMPLANTAÇÃO DE UNIDADES ESP,197.8,1,UNCLASSIFIED,,,,
39700820000121,MBEM COMERCIO E DISTRIBUICAO DE MATERIAI,MATERIAL DE CONSUMO,MANUTENÇÃO DAS ATIVIDADES DA SECRETARIA,197.41,3,UNCLASSIFIED,,,,
46615867000152,LCA INDUSTRIA E COMERCIO DE CORDAS E RED,MATERIAL DE CONSUMO,BLOCO DE PROTEÇÃO SOCIAL BÁSICA,195.9,1,UNCLASSIFIED,,,,
19316524000114,DELTA SHOP - DISTRIBUIDORA DE PRODUTOS H,MATERIAL DE CONSUMO,PROGRAMA DE VIGILÂNCIA SANITÁRIA,194.0,1,UNCLASSIFIED,,,,
55818205000170,BF3 TINTAS LTDA,MATERIAL DE CONSUMO,ATENÇÃO BÁSICA,194.0,1,UNCLASSIFIED,,,,
23310852000261,MURIEL A. BLAU & CIA LTDA,MATERIAL DE CONSUMO,MANUTENÇÃO DO FUNDO MUNICIPAL DE ILUMINA,183.2,2,UNCLASSIFIED,,,,
45232778000164,INOVARE COMERCIO DE SUPRIMENTOS DE INFOR,MATERIAL DE CONSUMO,BLOCO DE PROTEÇÃO SOCIAL BÁSICA,181.69,3,UNCLASSIFIED,,,,
36473417000119,MATEUS ARAUJO CAPUTO 05936424146,MATERIAL DE CONSUMO,MANUTENÇÃO DO RESTAURANTE POPULAR,179.76,1,UNCLASSIFIED,,,,
24738613000199,MEGA PAPELARIA E ESPORTES EIRELI ME,MATERIAL DE CONSUMO,MANUTENÇÃO DAS ATIVIDADES DA SECRETARIA,178.1,9,UNCLASSIFIED,,,,
23310852000261,MURIEL A. BLAU & CIA LTDA,MATERIAL DE CONSUMO,MANUTENÇÃO E AMPLIAÇÃO DOS CEMITÉRIOS MU,177.56,2,UNCLASSIFIED,,,,
05090524000134,COSTA MACHADO & RODRIGUES LTDA,SERVIÇOS DE TECNOLOGIA DA INFORMAÇÃO E COMUNICAÇÃO,BLOC PROT SOC ESPEC MÉDIA E ALTA COMPLEX,176.4,1,SERVICO_TIC,ALTA_RUBRICA_ACAO,"serviços TIC em educação, administração e saúde",Portal PMSB /despesas,Objeto específico por empenho ainda não aberto.
07381576000195,DRC MATERIAIS DE CONSTRUCAO LTDA,MATERIAL DE CONSUMO,CONSTRUÇÃO E MANUTENÇÃO DO CAPS 1,175.15,1,UNCLASSIFIED,,,,
43463101000101,ABF DISTRIBUIDORA DE ALIMENTOS LTDA,MATERIAL DE CONSUMO,MANUTENÇÃO DO CONSELHO MUNICIPAL DA SAÚD,174.86,1,ALIMENTOS_CONSUMO,MEDIA_ALTA,"fornecimento associado a merenda escolar, restaurante popular e unidades sociais/saúde",Portal PMSB /despesas — ações orçamentárias,Ação e perfil do fornecedor sustentam alimento/consumo; itens e condições ainda não abertos.
42338388000185,42.338.388 CARLOS ANSELMO FONTANELLA,EQUIPAMENTOS E MATERIAL PERMANENTE,PRÓ-INFÂNCIA,173.64,1,UNCLASSIFIED,,,,
19555146000121,2B DISTRIBUIDORA LTDA,EQUIPAMENTOS E MATERIAL PERMANENTE,AQUISIÇÃO DE EQUIPAMENTOS E MATERIAIS PE,170.0,1,UNCLASSIFIED,,,,
52815475000130,RGK PRODUTOS E SERVICOS LTDA,MATERIAL DE CONSUMO,MANUT. DAS ATIV. DOS SERV. URBANOS,169.8,1,UNCLASSIFIED,,,,
20992564000165,HELPFIX ATACADO DE PAPELARIA LTDA-ME,MATERIAL DE CONSUMO,CONSTRUÇÃO E MANUTENÇÃO DO CAPS 1,169.5,1,UNCLASSIFIED,,,,
21112395000194,CIRURGICA LAJEADENSE LTDA,MATERIAL DE CONSUMO,BLOC PROT SOC ESPEC MÉDIA E ALTA COMPLEX,167.24,2,UNCLASSIFIED,,,,
27403752000150,KAPRICHO DITRIBUIDORA LTDA,MATERIAL DE CONSUMO,MANUTENÇÃO DAS ATIVIDADES DO CONSELHO TU,163.9,2,UNCLASSIFIED,,,,
44449147000139,DM DISTRIBUIDORA DE DESCARTAVEIS LTDA,MATERIAL DE CONSUMO,MANUTENÇÃO DO CAPS AD E AÇÕES PARA RECUP,159.6,1,UNCLASSIFIED,,,,
26155703000182,COMTELAS SERVICOS E CONSTRUCOES LTDA,MATERIAL DE CONSUMO,ASSISTÊNCIA À SAÚDE - MÉDIA E ALTA COMPL,158.5,1,UNCLASSIFIED,,,,
55240764000146,NOROESTE SUPRIMENTOS LTDA,MATERIAL DE CONSUMO,MANUTENÇÃO DO RESTAURANTE POPULAR,157.6,1,UNCLASSIFIED,,,,
48057203000140,TACCUINO DISTRIBUIDORA DE MATERIAIS LTDA,MATERIAL DE CONSUMO,MANUTENÇÃO DO FUNDO ESTADUAL DE ASSISTÊN,154.9,1,UNCLASSIFIED,,,,
59777691000187,HELLA COMERCIO E SERVICOS LTDA,MATERIAL DE CONSUMO,MANUTENÇÃO DAS ATIVIDADES DA SECRETARIA,149.25,5,UNCLASSIFIED,,,,
27403752000150,KAPRICHO DITRIBUIDORA LTDA,MATERIAL DE CONSUMO,MANUTENÇÃO DAS ATIVIDADES DO GABINETE DO,144.6,1,UNCLASSIFIED,,,,
46924137000133,"MM DISTRIBUIDORA, INDUSTRIA E COMÉRCIO L",MATERIAL DE CONSUMO,MANUTENÇÃO DAS ATIVIDADES DA SECRETARIA,143.68,2,UNCLASSIFIED,,,,
41507227000105,JAB COMERCIO E DISTRIBUICAO DE PRODUTOS,MATERIAL DE CONSUMO,MANUTENÇÃO DOS SERVIÇOS DE SEGURANÇA NO,143.6,1,UNCLASSIFIED,,,,
07319261000118,ELIETE BEATRIZ HAUPENTHAL & CIA LTDA,EQUIPAMENTOS E MATERIAL PERMANENTE,ASSISTÊNCIA À SAÚDE - MÉDIA E ALTA COMPL,139.5,1,UNCLASSIFIED,,,,
23143410000197,DFER DISTRIBUIDORA DE FERRAGENS LTDA,MATERIAL DE CONSUMO,ATENÇÃO BÁSICA,137.0,1,UNCLASSIFIED,,,,
24738613000199,MEGA PAPELARIA E ESPORTES EIRELI ME,MATERIAL DE CONSUMO,BLOCO DE PROTEÇÃO SOCIAL BÁSICA,136.92,2,UNCLASSIFIED,,,,
52996455000102,ELEVATE UTILIDADES LTDA,MATERIAL DE CONSUMO,BLOC PROT SOC ESPEC MÉDIA E ALTA COMPLEX,135.0,1,UNCLASSIFIED,,,,
52996455000102,ELEVATE UTILIDADES LTDA,MATERIAL DE CONSUMO,ASSISTÊNCIA À SAÚDE - MÉDIA E ALTA COMPL,135.0,1,UNCLASSIFIED,,,,
59777691000187,HELLA COMERCIO E SERVICOS LTDA,MATERIAL DE CONSUMO,MANUTENÇÃO DO RESTAURANTE POPULAR,134.0,1,UNCLASSIFIED,,,,
48057203000140,TACCUINO DISTRIBUIDORA DE MATERIAIS LTDA,MATERIAL DE CONSUMO,CONSTRUÇÃO E MANUTENÇÃO DO CAPS 1,132.22,1,UNCLASSIFIED,,,,
43496899000198,ALS UNIFORMES PROFISSIONAIS LTDA,MATERIAL DE CONSUMO,MANUTENÇÃO DAS ATIVIDADES DO GABINETE DO,131.0,1,UNCLASSIFIED,,,,
43496899000198,ALS UNIFORMES PROFISSIONAIS LTDA,MATERIAL DE CONSUMO,MANUTENÇÃO E AMPLIAÇÃO DOS CEMITÉRIOS MU,130.6,1,UNCLASSIFIED,,,,
23310852000261,MURIEL A. BLAU & CIA LTDA,MATERIAL DE CONSUMO,CONSTRUÇÃO E MANUTENÇÃO DO CAPS 1,124.95,1,UNCLASSIFIED,,,,
45232778000164,INOVARE COMERCIO DE SUPRIMENTOS DE INFOR,MATERIAL DE CONSUMO,CONSTRUÇÃO E MANUTENÇÃO DO CAPS 1,121.28,1,UNCLASSIFIED,,,,
59777691000187,HELLA COMERCIO E SERVICOS LTDA,MATERIAL DE CONSUMO,MANUTENÇÃO DAS ATIVIDADES DO GABINETE DO,120.6,1,UNCLASSIFIED,,,,
43463101000101,ABF DISTRIBUIDORA DE ALIMENTOS LTDA,MATERIAL DE CONSUMO,ASSISTÊNCIA À SAÚDE - MÉDIA E ALTA COMPL,120.58,1,ALIMENTOS_CONSUMO,MEDIA_ALTA,"fornecimento associado a merenda escolar, restaurante popular e unidades sociais/saúde",Portal PMSB /despesas — ações orçamentárias,Ação e perfil do fornecedor sustentam alimento/consumo; itens e condições ainda não abertos.
19555146000121,2B DISTRIBUIDORA LTDA,MATERIAL DE CONSUMO,MANUTENÇÃO DAS ATIVIDADES DO GABINETE DO,120.0,1,UNCLASSIFIED,,,,
58421861000123,VANINHA UTILIDADES LTDA,MATERIAL DE CONSUMO,MANUTENÇÃO E IMPLANTAÇÃO DE UNIDADES ESP,120.0,1,UNCLASSIFIED,,,,
26348306000127,"T&T INDUSTRIA, COMERCIO, IMPORTACAO E EX",MATERIAL DE CONSUMO,ASSISTÊNCIA À SAÚDE - MÉDIA E ALTA COMPL,119.67,1,UNCLASSIFIED,,,,
23310852000261,MURIEL A. BLAU & CIA LTDA,MATERIAL DE CONSUMO,MANUTENÇÃO DAS ATIVIDADES DO GABINETE DO,117.99,1,UNCLASSIFIED,,,,
51978129000100,ARPL DISTRIBUIDORA LTDA,MATERIAL DE CONSUMO,MANUTENÇÃO DAS ATIVIDADES DO GABINETE DO,117.0,1,MATERIAL_EDUCACIONAL_CONSUMO,MEDIA,principalmente manutenção da educação infantil; item exato não aberto,Portal PMSB /despesas,Necessita termo/objeto.
08658622000113,J.J.VITALLI,MATERIAL DE CONSUMO,MANUTENÇÃO DA EDUCAÇÃO BÁSICA - SALÁRIO,116.8,1,UNCLASSIFIED,,,,
52996455000102,ELEVATE UTILIDADES LTDA,MATERIAL DE CONSUMO,BLOCO DE PROTEÇÃO SOCIAL BÁSICA,108.0,1,UNCLASSIFIED,,,,
20992564000165,HELPFIX ATACADO DE PAPELARIA LTDA-ME,MATERIAL DE CONSUMO,MANUTENÇÃO DA EDUCAÇÃO BÁSICA - SALÁRIO,107.5,1,UNCLASSIFIED,,,,
30986684000103,WE COMERCIO DE PRODUTOS E UTILIDADES DOM,MATERIAL DE CONSUMO,MANUTENÇÃO DO RESTAURANTE POPULAR,107.04,2,UNCLASSIFIED,,,,
39700820000121,MBEM COMERCIO E DISTRIBUICAO DE MATERIAI,MATERIAL DE CONSUMO,CONSTRUÇÃO E MANUTENÇÃO DO CAPS 1,105.5,1,UNCLASSIFIED,,,,
42188256000114,ODIMED COMERCIO VAREJISTA DE PRODUTOS DE,MATERIAL DE CONSUMO,MANUTENÇÃO E IMPLANTAÇÃO DE UNIDADES ESP,105.0,1,UNCLASSIFIED,,,,
41278073000127,MP COMERCIO DE TELAS E FERRAGENS LTDA,MATERIAL DE CONSUMO,MANUTENÇÃO DAS ATIVIDADES DA SECRETARIA,101.89,2,UNCLASSIFIED,,,,
73993362000102,BARONESA LTDA,MATERIAL DE CONSUMO,MANUTENÇÃO E IMPLANTAÇÃO DE UNIDADES ESP,101.1,1,UNCLASSIFIED,,,,
59777691000187,HELLA COMERCIO E SERVICOS LTDA,MATERIAL DE CONSUMO,MANUTENÇÃO DO CER,100.5,1,UNCLASSIFIED,,,,
59777691000187,HELLA COMERCIO E SERVICOS LTDA,MATERIAL DE CONSUMO,BLOCO DE PROTEÇÃO SOCIAL BÁSICA,100.5,1,UNCLASSIFIED,,,,
39538437000119,UTILAR COMERCIO DE FERRAGEM LTDA,"MATERIAL, BEM OU SERVIÇO PARA DIST. GRATUITA",MELHORIAS HABITACIONAIS,100.0,1,UNCLASSIFIED,,,,
07381576000195,DRC MATERIAIS DE CONSTRUCAO LTDA,MATERIAL DE CONSUMO,FARMÁCIA BÁSICA E DEMANDAS JUDICIAIS,99.9,1,UNCLASSIFIED,,,,
27403752000150,KAPRICHO DITRIBUIDORA LTDA,MATERIAL DE CONSUMO,MANUTENÇÃO E IMPLANTAÇÃO DE UNIDADES ESP,98.25,1,UNCLASSIFIED,,,,
97530228000125,R. DE O. SANTIL EPI,MATERIAL DE CONSUMO,MANUTENÇÃO DAS ATIVIDADES DO GABINETE DO,97.5,1,UNCLASSIFIED,,,,
47484691000100,MAIS ESPORTE COMERCIO DE ARTIGOS ESPORTI,MATERIAL DE CONSUMO,MANUTENÇÃO DO CONSELHO MUNICIPAL DA SAÚD,97.4,1,UNCLASSIFIED,,,,
41507227000105,JAB COMERCIO E DISTRIBUICAO DE PRODUTOS,MATERIAL DE CONSUMO,MANUTENÇÃO DAS ATIVIDADES DO CONSELHO TU,96.25,2,UNCLASSIFIED,,,,
48057203000140,TACCUINO DISTRIBUIDORA DE MATERIAIS LTDA,MATERIAL DE CONSUMO,MANUTENÇÃO DOS SERVIÇOS DE SEGURANÇA NO,95.1,2,UNCLASSIFIED,,,,
08658622000113,J.J.VITALLI,MATERIAL DE CONSUMO,CONSTRUÇÃO E MANUTENÇÃO DO CAPS 1,94.4,1,UNCLASSIFIED,,,,
48057203000140,TACCUINO DISTRIBUIDORA DE MATERIAIS LTDA,MATERIAL DE CONSUMO,MANUTENÇÃO E AMPLIAÇÃO DOS CEMITÉRIOS MU,93.28,1,UNCLASSIFIED,,,,
46924137000133,"MM DISTRIBUIDORA, INDUSTRIA E COMÉRCIO L",MATERIAL DE CONSUMO,PROGRAMA SALVAR/SAMU,89.8,1,UNCLASSIFIED,,,,
46924137000133,"MM DISTRIBUIDORA, INDUSTRIA E COMÉRCIO L",MATERIAL DE CONSUMO,CONSTRUÇÃO E MANUTENÇÃO DO CAPS 1,89.8,1,UNCLASSIFIED,,,,
48057203000140,TACCUINO DISTRIBUIDORA DE MATERIAIS LTDA,MATERIAL DE CONSUMO,MANUTENÇÃO DO FUNDO MUNICIPAL DE ILUMINA,89.69,2,UNCLASSIFIED,,,,
34034228000114,NOVO HORIZONTE COMERCIO DE PRODUTOS E AC,MATERIAL DE CONSUMO,CONSTRUÇÃO E MANUTENÇÃO DO CAPS 1,87.0,1,UNCLASSIFIED,,,,
10583148000150,ANGELO CELESTINO FLAIN PETRINI JUNIOR,MATERIAL DE CONSUMO,MANUTENÇÃO DAS ATIVIDADES DO CONSELHO TU,86.4,1,UNCLASSIFIED,,,,
05340639000130,PRIME CONSULTORIA E ASSESSORIA EMPRESARI,OUTROS SERVIÇOS DE TERCEIROS - PESSOA JURÍDICA,TRANSPORTE SANITÁRIO ELETIVO,86.28,1,UNCLASSIFIED,,,,
39700820000121,MBEM COMERCIO E DISTRIBUICAO DE MATERIAI,MATERIAL DE CONSUMO,MANUTENÇÃO DAS ATIVIDADES DO GABINETE DO,85.0,1,UNCLASSIFIED,,,,
20784313000195,RM COMERCIO DE MERCADORIAS E MATERIAIS L,MATERIAL DE CONSUMO,ATENÇÃO BÁSICA,84.2,1,UNCLASSIFIED,,,,
39700820000121,MBEM COMERCIO E DISTRIBUICAO DE MATERIAI,MATERIAL DE CONSUMO,BLOCO DE PROTEÇÃO SOCIAL BÁSICA,82.0,1,UNCLASSIFIED,,,,
26348306000127,"T&T INDUSTRIA, COMERCIO, IMPORTACAO E EX",MATERIAL DE CONSUMO,MANUTENÇÃO E IMPLANTAÇÃO DE UNIDADES ESP,79.78,1,UNCLASSIFIED,,,,
34034228000114,NOVO HORIZONTE COMERCIO DE PRODUTOS E AC,MATERIAL DE CONSUMO,MANUTENÇÃO DO CER,79.0,1,UNCLASSIFIED,,,,
55240764000146,NOROESTE SUPRIMENTOS LTDA,MATERIAL DE CONSUMO,MANUTENÇÃO E IMPLANTAÇÃO DE UNIDADES ESP,78.8,1,UNCLASSIFIED,,,,
23310852000261,MURIEL A. BLAU & CIA LTDA,MATERIAL DE CONSUMO,MANUTENÇÃO DOS SERVIÇOS DE SEGURANÇA NO,70.65,3,UNCLASSIFIED,,,,
31296543000121,IMPERMEABILIZA COMERCIO DE TINTAS LTDA.,MATERIAL DE CONSUMO,MANUTENÇÃO DAS ATIVIDADES DA SECRETARIA,70.0,1,UNCLASSIFIED,,,,
42572060000129,PORTO ATACADISTA LTDA,MATERIAL DE CONSUMO,MANUTENÇÃO DAS ATIVIDADES DO GABINETE DO,69.33,2,UNCLASSIFIED,,,,
34034228000114,NOVO HORIZONTE COMERCIO DE PRODUTOS E AC,MATERIAL DE CONSUMO,MANUTENÇÃO DAS ATIVIDADES DO GABINETE DO,68.85,1,UNCLASSIFIED,,,,
44639579000102,OESTE PRODUTOS DE LIMPEZA LTDA,MATERIAL DE CONSUMO,MANUTENÇÃO DO CAPS AD E AÇÕES PARA RECUP,68.0,1,UNCLASSIFIED,,,,
51978129000100,ARPL DISTRIBUIDORA LTDA,MATERIAL DE CONSUMO,MANUTENÇÃO DAS ATIVIDADES DO CONSELHO TU,67.6,2,MATERIAL_EDUCACIONAL_CONSUMO,MEDIA,principalmente manutenção da educação infantil; item exato não aberto,Portal PMSB /despesas,Necessita termo/objeto.
52996455000102,ELEVATE UTILIDADES LTDA,MATERIAL DE CONSUMO,MANUTENÇÃO DAS ATIVIDADES DO GABINETE DO,67.5,1,UNCLASSIFIED,,,,
37968398000164,LUCAS MORAES LEITE,MATERIAL DE CONSUMO,BLOCO DE PROTEÇÃO SOCIAL BÁSICA,64.0,1,UNCLASSIFIED,,,,
55240764000146,NOROESTE SUPRIMENTOS LTDA,MATERIAL DE CONSUMO,MANUTENÇÃO DAS ATIVIDADES DO CONSELHO TU,63.04,1,UNCLASSIFIED,,,,
45232778000164,INOVARE COMERCIO DE SUPRIMENTOS DE INFOR,MATERIAL DE CONSUMO,MANUTENÇÃO DO FUNDO MUNICIPAL DE ILUMINA,62.35,2,UNCLASSIFIED,,,,
61237085000110,RM SUPRIMENTOS ESCOLAR E ESCRITORIO LTDA,MATERIAL DE CONSUMO,FARMÁCIA BÁSICA E DEMANDAS JUDICIAIS,60.0,1,UNCLASSIFIED,,,,
20992564000165,HELPFIX ATACADO DE PAPELARIA LTDA-ME,MATERIAL DE CONSUMO,MANUTENÇÃO DAS ATIVIDADES DO GABINETE DO,59.5,1,UNCLASSIFIED,,,,
10583148000150,ANGELO CELESTINO FLAIN PETRINI JUNIOR,MATERIAL DE CONSUMO,MANUTENÇÃO DO RESTAURANTE POPULAR,55.6,1,UNCLASSIFIED,,,,
25433520000119,RMS ELETRO REFRIGERACAO E DISTRIBUIDORA,OUTROS SERVIÇOS DE TERCEIROS - PESSOA JURÍDICA,BLOCO DE PROTEÇÃO SOCIAL BÁSICA,55.0,1,UNCLASSIFIED,,,,
07381576000195,DRC MATERIAIS DE CONSTRUCAO LTDA,MATERIAL DE CONSUMO,MANUTENÇÃO DAS ATIVIDADES DA SECRETARIA,54.55,2,UNCLASSIFIED,,,,
24738613000199,MEGA PAPELARIA E ESPORTES EIRELI ME,MATERIAL DE CONSUMO,MANUTENÇÃO DO FUNDO ESTADUAL DE ASSISTÊN,54.0,1,UNCLASSIFIED,,,,
52996455000102,ELEVATE UTILIDADES LTDA,MATERIAL DE CONSUMO,MANUTENÇÃO DO RESTAURANTE POPULAR,54.0,1,UNCLASSIFIED,,,,
52996455000102,ELEVATE UTILIDADES LTDA,MATERIAL DE CONSUMO,MANUTENÇÃO E AMPLIAÇÃO DOS CEMITÉRIOS MU,54.0,1,UNCLASSIFIED,,,,
52815475000130,RGK PRODUTOS E SERVICOS LTDA,MATERIAL DE CONSUMO,ASSISTÊNCIA À SAÚDE - MÉDIA E ALTA COMPL,52.95,1,UNCLASSIFIED,,,,
48057203000140,TACCUINO DISTRIBUIDORA DE MATERIAIS LTDA,MATERIAL DE CONSUMO,MANUTENÇÃO DAS ATIVIDADES DO GABINETE DO,51.74,1,UNCLASSIFIED,,,,
61237085000110,RM SUPRIMENTOS ESCOLAR E ESCRITORIO LTDA,MATERIAL DE CONSUMO,MANUTENÇÃO DAS ATIVIDADES DA SECRETARIA,50.75,7,UNCLASSIFIED,,,,
25433520000119,RMS ELETRO REFRIGERACAO E DISTRIBUIDORA,OUTROS SERVIÇOS DE TERCEIROS - PESSOA JURÍDICA,BLOCO DE GESTÃO DO PROG BOLSA FAMIL E CAD ÚNICO,50.0,1,UNCLASSIFIED,,,,
39700820000121,MBEM COMERCIO E DISTRIBUICAO DE MATERIAI,MATERIAL DE CONSUMO,ATENÇÃO BÁSICA,49.96,1,UNCLASSIFIED,,,,
11383230000101,AMAZONAS COMERCIO DE ADESIVOS E BRINDES,MATERIAL DE CONSUMO,MANUTENÇÃO DAS ATIVIDADES DO GABINETE DO,48.0,1,UNCLASSIFIED,,,,
31296543000121,IMPERMEABILIZA COMERCIO DE TINTAS LTDA.,MATERIAL DE CONSUMO,CONSTRUÇÃO E MANUTENÇÃO DO CAPS 1,47.5,1,UNCLASSIFIED,,,,
62234180000123,CHSF DISTRIBUIDORA TEXTIL LTDA,MATERIAL DE CONSUMO,CONSTRUÇÃO E MANUTENÇÃO DO CAPS 1,46.8,1,UNCLASSIFIED,,,,
45232778000164,INOVARE COMERCIO DE SUPRIMENTOS DE INFOR,MATERIAL DE CONSUMO,MANUTENÇÃO E AMPLIAÇÃO DOS CEMITÉRIOS MU,44.86,2,UNCLASSIFIED,,,,
54887860000118,MM PRODUTOS AUTOMOTIVOS LTDA.,MATERIAL DE CONSUMO,ATENÇÃO BÁSICA,44.0,1,AUTOPECAS_CONSUMO,MEDIA_ALTA,materiais para manutenção de veículos/equipamentos e transporte escolar,Portal PMSB /despesas,Itens heterogêneos; não tratar como categoria única.
28337943000123,CA COMERCIO DE ALIMENTOS EIRELI,MATERIAL DE CONSUMO,MANUTENÇÃO DO FUNDO MUNICIPAL DA CRIANÇA,42.2,1,UNCLASSIFIED,,,,
05340639000130,PRIME CONSULTORIA E ASSESSORIA EMPRESARI,OUTROS SERVIÇOS DE TERCEIROS - PESSOA JURÍDICA,MANUTENÇÃO DAS ATIVIDADES DO GABINETE DO,41.24,3,UNCLASSIFIED,,,,
24738613000199,MEGA PAPELARIA E ESPORTES EIRELI ME,MATERIAL DE CONSUMO,CONSTRUÇÃO E MANUTENÇÃO DO CAPS 1,40.99,1,UNCLASSIFIED,,,,
20784313000195,RM COMERCIO DE MERCADORIAS E MATERIAIS L,"MATERIAL, BEM OU SERVIÇO PARA DIST. GRATUITA",MELHORIAS HABITACIONAIS,40.89,2,UNCLASSIFIED,,,,
52996455000102,ELEVATE UTILIDADES LTDA,MATERIAL DE CONSUMO,MANUTENÇÃO DO FUNDO MUNICIPAL DE ILUMINA,40.5,1,UNCLASSIFIED,,,,
07851418000151,LEOMAR D.SCHUQUEL & CIA LTDA,MATERIAL DE CONSUMO,MANUTENÇÃO DAS ATIVIDADES DA SECRETARIA,40.0,1,UNCLASSIFIED,,,,
08658622000113,J.J.VITALLI,MATERIAL DE CONSUMO,MANUTENÇÃO DAS ATIVIDADES DA SECRETARIA,39.61,1,UNCLASSIFIED,,,,
97530228000125,R. DE O. SANTIL EPI,MATERIAL DE CONSUMO,MANUTENÇÃO DAS ATIVIDADES DA SECRETARIA,39.0,1,UNCLASSIFIED,,,,
47484691000100,MAIS ESPORTE COMERCIO DE ARTIGOS ESPORTI,MATERIAL DE CONSUMO,MANUTENÇÃO DOS SERVIÇOS DE SEGURANÇA NO,38.96,1,UNCLASSIFIED,,,,
47484691000100,MAIS ESPORTE COMERCIO DE ARTIGOS ESPORTI,MATERIAL DE CONSUMO,MANUTENÇÃO DO CAPS AD E AÇÕES PARA RECUP,38.9,1,UNCLASSIFIED,,,,
23608114000114,SUELEN DAIANE KANIS,MATERIAL DE CONSUMO,MANUTENÇÃO DAS ATIVIDADES DA SECRETARIA,37.4,1,UNCLASSIFIED,,,,
24738613000199,MEGA PAPELARIA E ESPORTES EIRELI ME,MATERIAL DE CONSUMO,MANUTENÇÃO DOS SERVIÇOS DE SEGURANÇA NO,36.85,2,UNCLASSIFIED,,,,
45232778000164,INOVARE COMERCIO DE SUPRIMENTOS DE INFOR,MATERIAL DE CONSUMO,MANUTENÇÃO DOS SERVIÇOS DE SEGURANÇA NO,33.62,1,UNCLASSIFIED,,,,
43496899000198,ALS UNIFORMES PROFISSIONAIS LTDA,MATERIAL DE CONSUMO,MANUTENÇÃO E IMPLANTAÇÃO DE UNIDADES ESP,32.7,1,UNCLASSIFIED,,,,
34034228000114,NOVO HORIZONTE COMERCIO DE PRODUTOS E AC,MATERIAL DE CONSUMO,MANUTENÇÃO DAS ATIVIDADES DO CONSELHO TU,32.33,2,UNCLASSIFIED,,,,
18274923000105,MASTERSUL EQUIPAMENTOS DE SEGURANCA LTDA,MATERIAL DE CONSUMO,MANUTENÇÃO E IMPLANTAÇÃO DE UNIDADES ESP,32.05,1,UNCLASSIFIED,,,,
19555146000121,2B DISTRIBUIDORA LTDA,MATERIAL DE CONSUMO,MANUTENÇÃO DO FUNDO MUNICIPAL DE ILUMINA,30.0,1,UNCLASSIFIED,,,,
52996455000102,ELEVATE UTILIDADES LTDA,MATERIAL DE CONSUMO,MANUTENÇÃO DOS SERVIÇOS DE SEGURANÇA NO,27.0,1,UNCLASSIFIED,,,,
24738613000199,MEGA PAPELARIA E ESPORTES EIRELI ME,MATERIAL DE CONSUMO,MANUTENÇÃO DO FUNDO MUNICIPAL DE ILUMINA,25.23,2,UNCLASSIFIED,,,,
39700820000121,MBEM COMERCIO E DISTRIBUICAO DE MATERIAI,MATERIAL DE CONSUMO,MANUTENÇÃO E AMPLIAÇÃO DOS CEMITÉRIOS MU,24.98,1,UNCLASSIFIED,,,,
39700820000121,MBEM COMERCIO E DISTRIBUICAO DE MATERIAI,MATERIAL DE CONSUMO,MANUTENÇÃO DO FUNDO MUNICIPAL DE ILUMINA,24.98,1,UNCLASSIFIED,,,,
20992564000165,HELPFIX ATACADO DE PAPELARIA LTDA-ME,MATERIAL DE CONSUMO,MANUTENÇÃO E AMPLIAÇÃO DOS CEMITÉRIOS MU,21.5,1,UNCLASSIFIED,,,,
18274923000105,MASTERSUL EQUIPAMENTOS DE SEGURANCA LTDA,MATERIAL DE CONSUMO,MANUTENÇÃO E AMPLIAÇÃO DOS CEMITÉRIOS MU,21.4,1,UNCLASSIFIED,,,,
59777691000187,HELLA COMERCIO E SERVICOS LTDA,MATERIAL DE CONSUMO,MANUTENÇÃO DAS ATIVIDADES DO CONSELHO TU,20.1,1,UNCLASSIFIED,,,,
52996455000102,ELEVATE UTILIDADES LTDA,MATERIAL DE CONSUMO,MANUTENÇÃO DAS ATIVIDADES DO CONSELHO TU,16.2,1,UNCLASSIFIED,,,,
37968398000164,LUCAS MORAES LEITE,MATERIAL DE CONSUMO,MANUTENÇÃO DO RESTAURANTE POPULAR,16.0,1,UNCLASSIFIED,,,,
13460002000105,MORK TELECOM PRODUTOS E SERVIÇOS PARA TE,"MATERIAL, BEM OU SERVIÇO PARA DIST. GRATUITA",MELHORIAS HABITACIONAIS,14.25,1,UNCLASSIFIED,,,,
61237085000110,RM SUPRIMENTOS ESCOLAR E ESCRITORIO LTDA,MATERIAL DE CONSUMO,MANUTENÇÃO DO FUNDO MUNICIPAL DE ILUMINA,12.0,1,UNCLASSIFIED,,,,
30986684000103,WE COMERCIO DE PRODUTOS E UTILIDADES DOM,MATERIAL DE CONSUMO,MANUTENÇÃO DAS ATIVIDADES DO CONSELHO TU,11.7,2,UNCLASSIFIED,,,,
22850731000169,BMH MATERIAIS HIDRULICOS LTDA ME,"MATERIAL, BEM OU SERVIÇO PARA DIST. GRATUITA",MELHORIAS HABITACIONAIS,10.96,1,UNCLASSIFIED,,,,
19555146000121,2B DISTRIBUIDORA LTDA,MATERIAL DE CONSUMO,MANUTENÇÃO E AMPLIAÇÃO DOS CEMITÉRIOS MU,10.5,1,UNCLASSIFIED,,,,
31296543000121,IMPERMEABILIZA COMERCIO DE TINTAS LTDA.,"MATERIAL, BEM OU SERVIÇO PARA DIST. GRATUITA",MELHORIAS HABITACIONAIS,10.4,1,UNCLASSIFIED,,,,
28337943000123,CA COMERCIO DE ALIMENTOS EIRELI,MATERIAL DE CONSUMO,MANUTENÇÃO DO CONSELHO MUNICIPAL DA SAÚD,10.3,1,UNCLASSIFIED,,,,
24738613000199,MEGA PAPELARIA E ESPORTES EIRELI ME,MATERIAL DE CONSUMO,MANUTENÇÃO E AMPLIAÇÃO DOS CEMITÉRIOS MU,9.56,1,UNCLASSIFIED,,,,
23143410000197,DFER DISTRIBUIDORA DE FERRAGENS LTDA,"MATERIAL, BEM OU SERVIÇO PARA DIST. GRATUITA",MELHORIAS HABITACIONAIS,8.22,1,UNCLASSIFIED,,,,
61237085000110,RM SUPRIMENTOS ESCOLAR E ESCRITORIO LTDA,MATERIAL DE CONSUMO,MANUTENÇÃO E AMPLIAÇÃO DOS CEMITÉRIOS MU,3.6,1,UNCLASSIFIED,,,,
