period,grupo_afinidade_final,int_rs,ouf,ext,demanda_rs,n_ncm,part_rs,dependencia_nt,taxonomy_snapshot,natureza
2024-07,Acessórios Pessoais e Artigos de Uso Pessoal,22424287.0,166458527.0,4391067.0,193273881.0,59,0.1160233699658569,ALTA,2026-08,DADO_CALCULADO_SOBRE_DADOS_OFICIAIS
2024-07,Adubos e Fertilizantes,1181314780.0,116654849.0,1678092211.0,2976061840.0,34,0.39693892247884205,FORA_DAS_FAIXAS_NT,2026-08,DADO_CALCULADO_SOBRE_DADOS_OFICIAIS
2024-07,Aeronaves e Espaço,374691.0,3603038.0,631650.0,4609379.0,24,0.081288824373088,ALTA,2026-08,DADO_CALCULADO_SOBRE_DADOS_OFICIAIS
2024-07,Alumínio e Suas Obras,156745701.0,359589845.0,23554132.0,539889678.0,54,0.2903291309081112,MEDIA,2026-08,DADO_CALCULADO_SOBRE_DADOS_OFICIAIS
2024-07,Animais Vivos e Genética,37394277.0,99675287.0,37625.0,137107189.0,48,0.272737536760381,MEDIA,2026-08,DADO_CALCULADO_SOBRE_DADOS_OFICIAIS
2024-07,Aparelhos Telefônicos,2115959.0,443382007.0,6597797.0,452095763.0,51,0.004680333622148987,CRITICA,2026-08,DADO_CALCULADO_SOBRE_DADOS_OFICIAIS
2024-07,Armas e Munições,41716140.0,31007498.0,0.0,72723638.0,25,0.5736255933730928,FORA_DAS_FAIXAS_NT,2026-08,DADO_CALCULADO_SOBRE_DADOS_OFICIAIS
2024-07,Artefatos de Metal Diversos,90985776.0,100974648.0,27544607.0,219505031.0,40,0.4145042853254694,FORA_DAS_FAIXAS_NT,2026-08,DADO_CALCULADO_SOBRE_DADOS_OFICIAIS
2024-07,"Açúcares, Sacarídeos e Produtos de Confeitaria (sem cacau)",47173253.0,238475829.0,270293.0,285919375.0,30,0.16498795508349162,MEDIA,2026-08,DADO_CALCULADO_SOBRE_DADOS_OFICIAIS
2024-07,Bebidas Alcoólicas,265875070.0,188667929.0,31576620.0,486119619.0,26,0.5469334287452405,FORA_DAS_FAIXAS_NT,2026-08,DADO_CALCULADO_SOBRE_DADOS_OFICIAIS
2024-07,Bebidas Não Alcoólicas (Exceto Sucos),237285624.0,151952659.0,8130071.0,397368354.0,5,0.5971427306966675,FORA_DAS_FAIXAS_NT,2026-08,DADO_CALCULADO_SOBRE_DADOS_OFICIAIS
2024-07,Biodiesel,291932682.0,0.0,0.0,291932682.0,1,1.0,FORA_DAS_FAIXAS_NT,2026-08,DADO_CALCULADO_SOBRE_DADOS_OFICIAIS
2024-07,Borracha e Suas Obras (Exceto Pneumáticos),78542861.0,230584778.0,39165486.0,348293125.0,89,0.22550792812806741,MEDIA,2026-08,DADO_CALCULADO_SOBRE_DADOS_OFICIAIS
2024-07,"Brinquedos, Jogos e Artigos de Lazer",12722338.0,171071044.0,4115626.0,187909008.0,75,0.0677047797516977,ALTA,2026-08,DADO_CALCULADO_SOBRE_DADOS_OFICIAIS
2024-07,Cabos e Fios,32761400.0,281610279.0,12359636.0,326731315.0,14,0.1002701562291328,ALTA,2026-08,DADO_CALCULADO_SOBRE_DADOS_OFICIAIS
2024-07,Cacau e Preparações,37264684.0,175475965.0,2288600.0,215029249.0,13,0.17330053550063787,MEDIA,2026-08,DADO_CALCULADO_SOBRE_DADOS_OFICIAIS
2024-07,Café,878953.0,149596142.0,4335.0,150479430.0,10,0.00584101760619375,CRITICA,2026-08,DADO_CALCULADO_SOBRE_DADOS_OFICIAIS
2024-07,Calçados,460141501.0,328047372.0,7172865.0,795361738.0,36,0.5785310997698508,FORA_DAS_FAIXAS_NT,2026-08,DADO_CALCULADO_SOBRE_DADOS_OFICIAIS
2024-07,Carnes Preparadas (Defumadas/Salgadas),11190696.0,15311442.0,0.0,26502138.0,7,0.4222563477708855,FORA_DAS_FAIXAS_NT,2026-08,DADO_CALCULADO_SOBRE_DADOS_OFICIAIS
2024-07,Carnes de Bovinos,624010478.0,502631593.0,3403570.0,1130045641.0,16,0.5521993584682126,FORA_DAS_FAIXAS_NT,2026-08,DADO_CALCULADO_SOBRE_DADOS_OFICIAIS
2024-07,Carnes de Espécies Exóticas/Diversas e Subprodutos,2922392.0,656684.0,0.0,3579076.0,9,0.816521359144092,FORA_DAS_FAIXAS_NT,2026-08,DADO_CALCULADO_SOBRE_DADOS_OFICIAIS
2024-07,Carnes de Frango,359944172.0,187815780.0,2351793.0,550111745.0,10,0.6543110109383322,FORA_DAS_FAIXAS_NT,2026-08,DADO_CALCULADO_SOBRE_DADOS_OFICIAIS
2024-07,Carnes de Outras Aves (Exceto Frango),0.0,168925.0,0.0,168925.0,7,0.0,CRITICA,2026-08,DADO_CALCULADO_SOBRE_DADOS_OFICIAIS
2024-07,Carnes de Ovinos e Caprinos,3926400.0,261754.0,0.0,4188154.0,12,0.937501343073822,FORA_DAS_FAIXAS_NT,2026-08,DADO_CALCULADO_SOBRE_DADOS_OFICIAIS
2024-07,Carnes de Suínos,107137242.0,60343291.0,0.0,167480533.0,10,0.6396996718418612,FORA_DAS_FAIXAS_NT,2026-08,DADO_CALCULADO_SOBRE_DADOS_OFICIAIS
2024-07,Cereais e Grãos (exceto soja),239377579.0,679459817.0,411859417.0,1330696813.0,42,0.17988889479665418,MEDIA,2026-08,DADO_CALCULADO_SOBRE_DADOS_OFICIAIS
2024-07,Chás e Especiarias,11220679.0,10765630.0,28721.0,22015030.0,40,0.5096826577115725,FORA_DAS_FAIXAS_NT,2026-08,DADO_CALCULADO_SOBRE_DADOS_OFICIAIS
2024-07,Combustíveis e Derivados de Petróleo,314379821.0,369083228.0,12185317.0,695648366.0,68,0.451923466460065,FORA_DAS_FAIXAS_NT,2026-08,DADO_CALCULADO_SOBRE_DADOS_OFICIAIS
2024-07,Componentes Elétricos e Eletrônicos,142580098.0,652358650.0,202758270.0,997697018.0,325,0.14290921535058654,ALTA,2026-08,DADO_CALCULADO_SOBRE_DADOS_OFICIAIS
2024-07,Conservas de Frutas e Hortícolas,41640734.0,152981699.0,17705618.0,212328051.0,49,0.19611508608441003,MEDIA,2026-08,DADO_CALCULADO_SOBRE_DADOS_OFICIAIS
2024-07,Couros e Suas Obras,155319067.0,126864674.0,18305838.0,300489579.0,105,0.5168867004203164,FORA_DAS_FAIXAS_NT,2026-08,DADO_CALCULADO_SOBRE_DADOS_OFICIAIS
2024-07,Eletrodomésticos (Linha Branca + Portáteis),127187130.0,818368534.0,32657293.0,978212957.0,105,0.13001987868782647,ALTA,2026-08,DADO_CALCULADO_SOBRE_DADOS_OFICIAIS
2024-07,Eletrônicos de Consumo – Comunicação/Imagem,2788292.0,237227781.0,10981973.0,250998046.0,50,0.011108819548340228,CRITICA,2026-08,DADO_CALCULADO_SOBRE_DADOS_OFICIAIS
2024-07,Eletrônicos de Consumo – Informática/TIC,5173506.0,316179583.0,8694156.0,330047245.0,139,0.015675046764895735,CRITICA,2026-08,DADO_CALCULADO_SOBRE_DADOS_OFICIAIS
2024-07,Eletrônicos de Consumo – Áudio/Vídeo,3691624.0,50253828.0,25155762.0,79101214.0,32,0.04666962507048248,CRITICA,2026-08,DADO_CALCULADO_SOBRE_DADOS_OFICIAIS
2024-07,Embarcações e Estruturas Flutuantes,398581.0,5752030.0,0.0,6150611.0,27,0.06480348049974222,ALTA,2026-08,DADO_CALCULADO_SOBRE_DADOS_OFICIAIS
2024-07,Erva-mate,34724019.0,33114544.0,0.0,67838563.0,2,0.5118625375363567,FORA_DAS_FAIXAS_NT,2026-08,DADO_CALCULADO_SOBRE_DADOS_OFICIAIS
2024-07,Etanol e Álcool Etílico,2677387.0,575987198.0,0.0,578664585.0,5,0.004626837496889497,CRITICA,2026-08,DADO_CALCULADO_SOBRE_DADOS_OFICIAIS
2024-07,Explosivos e Pirotecnia,2124.0,3604218.0,0.0,3606342.0,14,0.0005889624444936171,CRITICA,2026-08,DADO_CALCULADO_SOBRE_DADOS_OFICIAIS
2024-07,"Farinha, Malte e Preparações de Cereais",211271977.0,104579373.0,15301795.0,331153145.0,37,0.6379887378089071,FORA_DAS_FAIXAS_NT,2026-08,DADO_CALCULADO_SOBRE_DADOS_OFICIAIS
2024-07,"Feltros, Passamanarias, Têxteis Técnicos",17200476.0,49894570.0,2443865.0,69538911.0,74,0.24735037912802518,MEDIA,2026-08,DADO_CALCULADO_SOBRE_DADOS_OFICIAIS
2024-07,Ferramentas e Cutelaria (Metais Comuns),52552201.0,110659662.0,30255196.0,193467059.0,85,0.2716338443951846,MEDIA,2026-08,DADO_CALCULADO_SOBRE_DADOS_OFICIAIS
2024-07,Fibras Sintéticas/Descontínuas – Têxteis,4758801.0,21385525.0,368024.0,26512350.0,118,0.17949374536772486,MEDIA,2026-08,DADO_CALCULADO_SOBRE_DADOS_OFICIAIS
2024-07,Filamentos Sintéticos – Têxteis Técnicos,14545410.0,75018753.0,2848169.0,92412332.0,89,0.1573968504549804,MEDIA,2026-08,DADO_CALCULADO_SOBRE_DADOS_OFICIAIS
2024-07,Frutas e Hortícolas,28302051.0,300252892.0,77788780.0,406343723.0,174,0.0696505185094246,ALTA,2026-08,DADO_CALCULADO_SOBRE_DADOS_OFICIAIS
2024-07,Instrumentos Musicais,3850.0,12104101.0,0.0,12107951.0,19,0.0003179728758400162,CRITICA,2026-08,DADO_CALCULADO_SOBRE_DADOS_OFICIAIS
2024-07,Instrumentos Médicos,14185769.0,257141926.0,30280040.0,301607735.0,111,0.04703383684771878,CRITICA,2026-08,DADO_CALCULADO_SOBRE_DADOS_OFICIAIS
2024-07,"Joias, Bijuterias, Metais Preciosos e Relógios",15289467.0,61004824.0,3576775.0,79871066.0,107,0.19142685537713997,MEDIA,2026-08,DADO_CALCULADO_SOBRE_DADOS_OFICIAIS
2024-07,Laticínios,472533879.0,252979060.0,461254.0,725974193.0,44,0.6508962488698272,FORA_DAS_FAIXAS_NT,2026-08,DADO_CALCULADO_SOBRE_DADOS_OFICIAIS
2024-07,Madeira e Cortiça - Produtos e Obras,277752193.0,281811318.0,5643018.0,565206529.0,148,0.49141717009429664,FORA_DAS_FAIXAS_NT,2026-08,DADO_CALCULADO_SOBRE_DADOS_OFICIAIS
2024-07,Massas e Panificação,228290785.0,285885067.0,2194467.0,516370319.0,20,0.4421067141157662,FORA_DAS_FAIXAS_NT,2026-08,DADO_CALCULADO_SOBRE_DADOS_OFICIAIS
2024-07,Material Ferroviário e Contêineres,2928259.0,5424825.0,0.0,8353084.0,20,0.3505602242237717,FORA_DAS_FAIXAS_NT,2026-08,DADO_CALCULADO_SOBRE_DADOS_OFICIAIS
2024-07,Medicamentos,5314867.0,1266161279.0,0.0,1271476146.0,224,0.004180076060978654,CRITICA,2026-08,DADO_CALCULADO_SOBRE_DADOS_OFICIAIS
2024-07,Mel e Outros Produtos Comestíveis de Origem Animal,1562920.0,2090610.0,0.0,3653530.0,3,0.42778354084953457,FORA_DAS_FAIXAS_NT,2026-08,DADO_CALCULADO_SOBRE_DADOS_OFICIAIS
2024-07,"Metais Não Ferrosos e Suas Obras (NCMs dos Caps. 74, 75, 78, 79, 80, 81)",35015473.0,110889116.0,1868896.0,147773485.0,166,0.23695369301197708,MEDIA,2026-08,DADO_CALCULADO_SOBRE_DADOS_OFICIAIS
2024-07,Minerais e Materiais de Mineração (Não Metálicos),101921352.0,168879535.0,2278057.0,273078944.0,75,0.373230357885081,FORA_DAS_FAIXAS_NT,2026-08,DADO_CALCULADO_SOBRE_DADOS_OFICIAIS
2024-07,Minérios e Subprodutos da Metalurgia (NCMs do Cap. 26),1256322.0,47986.0,0.0,1304308.0,26,0.963209610000092,FORA_DAS_FAIXAS_NT,2026-08,DADO_CALCULADO_SOBRE_DADOS_OFICIAIS
2024-07,Mobiliário e Iluminação,581988758.0,488340450.0,24967507.0,1095296715.0,104,0.5313526006512308,FORA_DAS_FAIXAS_NT,2026-08,DADO_CALCULADO_SOBRE_DADOS_OFICIAIS
2024-07,Motocicletas,0.0,78639979.0,290354.0,78930333.0,9,0.0,CRITICA,2026-08,DADO_CALCULADO_SOBRE_DADOS_OFICIAIS
2024-07,Máquinas e Equipamentos Industriais,592782938.0,1401523000.0,280239149.0,2274545087.0,796,0.26061604203319977,MEDIA,2026-08,DADO_CALCULADO_SOBRE_DADOS_OFICIAIS
2024-07,Máquinas e Implementos Agrícolas,255638683.0,182492742.0,24035293.0,462166718.0,40,0.5531308790608328,FORA_DAS_FAIXAS_NT,2026-08,DADO_CALCULADO_SOBRE_DADOS_OFICIAIS
2024-07,Objetos de Arte e Coleções,765051.0,3977037.0,0.0,4742088.0,23,0.16133209674725563,MEDIA,2026-08,DADO_CALCULADO_SOBRE_DADOS_OFICIAIS
2024-07,Obras de Espartaria e Cestaria,50537.0,1918895.0,33116.0,2002548.0,11,0.025236348891512213,CRITICA,2026-08,DADO_CALCULADO_SOBRE_DADOS_OFICIAIS
2024-07,Obras de Ferro ou Aço,438545083.0,491790308.0,74250263.0,1004585654.0,152,0.43654324671453054,FORA_DAS_FAIXAS_NT,2026-08,DADO_CALCULADO_SOBRE_DADOS_OFICIAIS
2024-07,Outras Fibras Têxteis Vegetais,7128.0,2382383.0,0.0,2389511.0,28,0.0029830371151252284,CRITICA,2026-08,DADO_CALCULADO_SOBRE_DADOS_OFICIAIS
2024-07,Outros,0.0,866988.0,0.0,866988.0,8,0.0,CRITICA,2026-08,DADO_CALCULADO_SOBRE_DADOS_OFICIAIS
2024-07,Ovos,6101635.0,16653369.0,0.0,22755004.0,9,0.26814475620395406,MEDIA,2026-08,DADO_CALCULADO_SOBRE_DADOS_OFICIAIS
2024-07,Papel e Papelão,325435370.0,521439224.0,41664452.0,888539046.0,176,0.36625894097173983,FORA_DAS_FAIXAS_NT,2026-08,DADO_CALCULADO_SOBRE_DADOS_OFICIAIS
2024-07,Pasta Química e Pasta Mecânica,1435337.0,6098642.0,0.0,7533979.0,20,0.19051513151284336,MEDIA,2026-08,DADO_CALCULADO_SOBRE_DADOS_OFICIAIS
2024-07,Perfumaria e Cosméticos,35292833.0,478823726.0,2124912.0,516241471.0,56,0.06836497062437667,ALTA,2026-08,DADO_CALCULADO_SOBRE_DADOS_OFICIAIS
2024-07,Pescados e Frutos do Mar,2832462.0,52044240.0,10614137.0,65490839.0,186,0.043249743677890584,CRITICA,2026-08,DADO_CALCULADO_SOBRE_DADOS_OFICIAIS
2024-07,Pescados e Frutos do Mar - Preparações e Conservas,417916.0,9664360.0,857371.0,10939647.0,31,0.03820196392077368,CRITICA,2026-08,DADO_CALCULADO_SOBRE_DADOS_OFICIAIS
2024-07,Peças e Acessórios Automotivos,531766238.0,1274308283.0,207934035.0,2014008556.0,130,0.264033753191265,MEDIA,2026-08,DADO_CALCULADO_SOBRE_DADOS_OFICIAIS
2024-07,Plantas Vivas e Floricultura,84443.0,21674769.0,0.0,21759212.0,30,0.0038807931096034175,CRITICA,2026-08,DADO_CALCULADO_SOBRE_DADOS_OFICIAIS
2024-07,Plásticos e Suas Obras,696849385.0,1400178058.0,144069757.0,2241097200.0,308,0.3109411697984362,FORA_DAS_FAIXAS_NT,2026-08,DADO_CALCULADO_SOBRE_DADOS_OFICIAIS
2024-07,"Pneumáticos, Câmaras e Protetores",17549966.0,373295686.0,12079620.0,402925272.0,22,0.04355637935760952,CRITICA,2026-08,DADO_CALCULADO_SOBRE_DADOS_OFICIAIS
2024-07,"Preparações Alimentícias Diversas (Molhos, Condimentos, etc)",29906229.0,224049677.0,945447.0,254901353.0,23,0.1173247165934031,ALTA,2026-08,DADO_CALCULADO_SOBRE_DADOS_OFICIAIS
2024-07,Preparações de Carne,152750381.0,99519597.0,0.0,252269978.0,15,0.6055036045549582,FORA_DAS_FAIXAS_NT,2026-08,DADO_CALCULADO_SOBRE_DADOS_OFICIAIS
2024-07,"Preparações, Suplementos e Complementos alimentares",12376086.0,149100472.0,0.0,161476558.0,25,0.07664323635137182,ALTA,2026-08,DADO_CALCULADO_SOBRE_DADOS_OFICIAIS
2024-07,"Produtos Cerâmicos, Porcelana e Refratários",43391620.0,150253878.0,1373936.0,195019434.0,55,0.22249895361710464,MEDIA,2026-08,DADO_CALCULADO_SOBRE_DADOS_OFICIAIS
2024-07,"Produtos Editoriais, Impressos e Materiais Gráficos",29494381.0,158052525.0,1217116.0,188764022.0,37,0.15625001357515045,MEDIA,2026-08,DADO_CALCULADO_SOBRE_DADOS_OFICIAIS
2024-07,Produtos Farmacêuticos,795595.0,84116645.0,0.0,84912240.0,45,0.00936961502841051,CRITICA,2026-08,DADO_CALCULADO_SOBRE_DADOS_OFICIAIS
2024-07,Produtos Fotográficos,382355.0,8203176.0,0.0,8585531.0,46,0.0445348109511223,CRITICA,2026-08,DADO_CALCULADO_SOBRE_DADOS_OFICIAIS
2024-07,"Produtos Minerais: Pedra, Cimento, Gesso, Amianto e Abrasivos",195543846.0,139729523.0,6608579.0,341881948.0,66,0.5719630625247286,FORA_DAS_FAIXAS_NT,2026-08,DADO_CALCULADO_SOBRE_DADOS_OFICIAIS
2024-07,Produtos Químicos Diversos,123219715.0,1262380862.0,104553530.0,1490154107.0,247,0.08268924295894989,ALTA,2026-08,DADO_CALCULADO_SOBRE_DADOS_OFICIAIS
2024-07,Produtos de Origem Animal (Não Alimentares),19641935.0,12306628.0,0.0,31948563.0,30,0.6147987000229087,FORA_DAS_FAIXAS_NT,2026-08,DADO_CALCULADO_SOBRE_DADOS_OFICIAIS
2024-07,Químicos Inorgânicos,51599555.0,187679580.0,14697344.0,253976479.0,288,0.2031666680440908,MEDIA,2026-08,DADO_CALCULADO_SOBRE_DADOS_OFICIAIS
2024-07,Químicos Orgânicos,306024764.0,177717077.0,55893017.0,539634858.0,822,0.5670959899332523,FORA_DAS_FAIXAS_NT,2026-08,DADO_CALCULADO_SOBRE_DADOS_OFICIAIS
2024-07,Resíduos para Alimentação Animal,788724518.0,339421835.0,1567048.0,1129713401.0,37,0.6981633724994646,FORA_DAS_FAIXAS_NT,2026-08,DADO_CALCULADO_SOBRE_DADOS_OFICIAIS
2024-07,"Sabões e Preparações de Limpeza, Ceras e Pastas",80155407.0,290163688.0,15171437.0,385490532.0,58,0.20793093564227927,MEDIA,2026-08,DADO_CALCULADO_SOBRE_DADOS_OFICIAIS
2024-07,Siderurgia – Ferro e Aço,649908447.0,956720451.0,14968986.0,1621597884.0,206,0.40078274238793965,FORA_DAS_FAIXAS_NT,2026-08,DADO_CALCULADO_SOBRE_DADOS_OFICIAIS
2024-07,"Soja, Oleaginosas e Sementes",31635025.0,181340943.0,0.0,212975968.0,38,0.1485380031234322,ALTA,2026-08,DADO_CALCULADO_SOBRE_DADOS_OFICIAIS
2024-07,Sucos e Bebidas à Base de Frutas/Vegetais,53187383.0,14703346.0,0.0,67890729.0,24,0.7834263055269299,FORA_DAS_FAIXAS_NT,2026-08,DADO_CALCULADO_SOBRE_DADOS_OFICIAIS
2024-07,Tabaco e Sucedâneos,82293570.0,288227014.0,54776216.0,425296800.0,24,0.19349680035213057,MEDIA,2026-08,DADO_CALCULADO_SOBRE_DADOS_OFICIAIS
2024-07,Tecidos Impregnados/Revestidos/Laminados,28988171.0,39240197.0,17070101.0,85298469.0,26,0.3398439777389205,FORA_DAS_FAIXAS_NT,2026-08,DADO_CALCULADO_SOBRE_DADOS_OFICIAIS
2024-07,Tecidos Sintéticos (Inclusive Malhas),18831857.0,67873379.0,2483931.0,89189167.0,78,0.21114511586367882,MEDIA,2026-08,DADO_CALCULADO_SOBRE_DADOS_OFICIAIS
2024-07,"Tintas, Pigmentos e Corantes",120323152.0,256941049.0,32244439.0,409508640.0,93,0.2938232316661255,MEDIA,2026-08,DADO_CALCULADO_SOBRE_DADOS_OFICIAIS
2024-07,Toucinho e Gorduras Não Fundidas,2928256.0,4340515.0,0.0,7268771.0,5,0.4028543477294855,FORA_DAS_FAIXAS_NT,2026-08,DADO_CALCULADO_SOBRE_DADOS_OFICIAIS
2024-07,Tratores,5256593.0,438775928.0,2876940.0,446909461.0,13,0.011762098274307959,CRITICA,2026-08,DADO_CALCULADO_SOBRE_DADOS_OFICIAIS
2024-07,"Têxteis Naturais (Algodão, Lã, Seda e Afins)",59774515.0,245718070.0,6717346.0,312209931.0,319,0.19145616159147738,MEDIA,2026-08,DADO_CALCULADO_SOBRE_DADOS_OFICIAIS
2024-07,Vacinas e Soros,0.0,638181733.0,0.0,638181733.0,42,0.0,CRITICA,2026-08,DADO_CALCULADO_SOBRE_DADOS_OFICIAIS
2024-07,Vestuário Tecido (Plano),44559370.0,337365982.0,390766.0,382316118.0,115,0.11655111543060813,ALTA,2026-08,DADO_CALCULADO_SOBRE_DADOS_OFICIAIS
2024-07,Vestuário de Malha,95772251.0,476608889.0,786622.0,573167762.0,134,0.16709287812317677,MEDIA,2026-08,DADO_CALCULADO_SOBRE_DADOS_OFICIAIS
2024-07,Veículos Comerciais (Caminhões e Carga) e Ônibus,298069248.0,754699881.0,21447065.0,1074216194.0,47,0.27747603291111805,MEDIA,2026-08,DADO_CALCULADO_SOBRE_DADOS_OFICIAIS
2024-07,Veículos Leves e de Passageiros,0.0,1293557488.0,0.0,1293557488.0,19,0.0,CRITICA,2026-08,DADO_CALCULADO_SOBRE_DADOS_OFICIAIS
2024-07,Vidro e Suas Obras,103407320.0,179898645.0,27600938.0,310906903.0,89,0.33259898381863845,FORA_DAS_FAIXAS_NT,2026-08,DADO_CALCULADO_SOBRE_DADOS_OFICIAIS
2024-07,Óleos Brutos de Petróleo,0.0,0.0,728499877.0,728499877.0,2,0.0,CRITICA,2026-08,DADO_CALCULADO_SOBRE_DADOS_OFICIAIS
2024-07,Óleos e Gorduras Vegetais/animais,178612525.0,193390313.0,7028455.0,379031293.0,66,0.4712342445033951,FORA_DAS_FAIXAS_NT,2026-08,DADO_CALCULADO_SOBRE_DADOS_OFICIAIS
2024-07,"Óptica, Instrumentos e Aparelhos de Precisão",34890533.0,207608875.0,62157083.0,304656491.0,245,0.1145241740475505,ALTA,2026-08,DADO_CALCULADO_SOBRE_DADOS_OFICIAIS
2024-08,Acessórios Pessoais e Artigos de Uso Pessoal,17860650.0,154771025.0,4324920.0,176956595.0,59,0.10093237836091952,ALTA,2026-08,DADO_CALCULADO_SOBRE_DADOS_OFICIAIS
2024-08,Adubos e Fertilizantes,1597658510.0,138699961.0,1472649669.0,3209008140.0,35,0.4978667676424155,FORA_DAS_FAIXAS_NT,2026-08,DADO_CALCULADO_SOBRE_DADOS_OFICIAIS
2024-08,Aeronaves e Espaço,415472.0,2982466.0,1755254.0,5153192.0,28,0.08062420340635475,ALTA,2026-08,DADO_CALCULADO_SOBRE_DADOS_OFICIAIS
2024-08,Alumínio e Suas Obras,152306605.0,362006964.0,23601629.0,537915198.0,55,0.283142409001056,MEDIA,2026-08,DADO_CALCULADO_SOBRE_DADOS_OFICIAIS
2024-08,Animais Vivos e Genética,33278552.0,90119487.0,0.0,123398039.0,49,0.269684609817827,MEDIA,2026-08,DADO_CALCULADO_SOBRE_DADOS_OFICIAIS
2024-08,Aparelhos Telefônicos,1770253.0,386825138.0,10031833.0,398627224.0,52,0.0044408733107500955,CRITICA,2026-08,DADO_CALCULADO_SOBRE_DADOS_OFICIAIS
2024-08,Armas e Munições,37599764.0,25708123.0,0.0,63307887.0,26,0.5939191115318696,FORA_DAS_FAIXAS_NT,2026-08,DADO_CALCULADO_SOBRE_DADOS_OFICIAIS
2024-08,Artefatos de Metal Diversos,88424035.0,107828419.0,24596093.0,220848547.0,40,0.4003831413027137,FORA_DAS_FAIXAS_NT,2026-08,DADO_CALCULADO_SOBRE_DADOS_OFICIAIS
2024-08,"Açúcares, Sacarídeos e Produtos de Confeitaria (sem cacau)",52433814.0,251138927.0,197829.0,303770570.0,30,0.17260992070429995,MEDIA,2026-08,DADO_CALCULADO_SOBRE_DADOS_OFICIAIS
2024-08,Bebidas Alcoólicas,278166745.0,232768222.0,21051126.0,531986093.0,26,0.5228834901140922,FORA_DAS_FAIXAS_NT,2026-08,DADO_CALCULADO_SOBRE_DADOS_OFICIAIS
2024-08,Bebidas Não Alcoólicas (Exceto Sucos),264740883.0,186118796.0,38452705.0,489312384.0,5,0.5410467661492908,FORA_DAS_FAIXAS_NT,2026-08,DADO_CALCULADO_SOBRE_DADOS_OFICIAIS
2024-08,Biodiesel,288190217.0,0.0,0.0,288190217.0,1,1.0,FORA_DAS_FAIXAS_NT,2026-08,DADO_CALCULADO_SOBRE_DADOS_OFICIAIS
2024-08,Borracha e Suas Obras (Exceto Pneumáticos),81033967.0,225900542.0,47357130.0,354291639.0,90,0.2287210819558742,MEDIA,2026-08,DADO_CALCULADO_SOBRE_DADOS_OFICIAIS
2024-08,"Brinquedos, Jogos e Artigos de Lazer",14748813.0,230767660.0,5181035.0,250697508.0,74,0.058831111316830484,ALTA,2026-08,DADO_CALCULADO_SOBRE_DADOS_OFICIAIS
2024-08,Cabos e Fios,33022199.0,274453273.0,13676575.0,321152047.0,13,0.10282418968981381,ALTA,2026-08,DADO_CALCULADO_SOBRE_DADOS_OFICIAIS
2024-08,Cacau e Preparações,36299804.0,188723595.0,2290054.0,227313453.0,13,0.15969052214432727,MEDIA,2026-08,DADO_CALCULADO_SOBRE_DADOS_OFICIAIS
2024-08,Café,784553.0,103675025.0,16971.0,104476549.0,10,0.007509369399251501,CRITICA,2026-08,DADO_CALCULADO_SOBRE_DADOS_OFICIAIS
2024-08,Calçados,499525290.0,358683451.0,2527262.0,860736003.0,38,0.5803466896457914,FORA_DAS_FAIXAS_NT,2026-08,DADO_CALCULADO_SOBRE_DADOS_OFICIAIS
2024-08,Carnes Preparadas (Defumadas/Salgadas),9658134.0,14076788.0,0.0,23734922.0,7,0.40691661004826557,FORA_DAS_FAIXAS_NT,2026-08,DADO_CALCULADO_SOBRE_DADOS_OFICIAIS
2024-08,Carnes de Bovinos,624594330.0,447876680.0,0.0,1072471010.0,16,0.5823880777905596,FORA_DAS_FAIXAS_NT,2026-08,DADO_CALCULADO_SOBRE_DADOS_OFICIAIS
2024-08,Carnes de Espécies Exóticas/Diversas e Subprodutos,1543099.0,155115.0,0.0,1698214.0,10,0.9086599215411014,FORA_DAS_FAIXAS_NT,2026-08,DADO_CALCULADO_SOBRE_DADOS_OFICIAIS
2024-08,Carnes de Frango,365619801.0,182023095.0,0.0,547642896.0,23,0.6676244751287708,FORA_DAS_FAIXAS_NT,2026-08,DADO_CALCULADO_SOBRE_DADOS_OFICIAIS
2024-08,Carnes de Outras Aves (Exceto Frango),0.0,754224.0,0.0,754224.0,10,0.0,CRITICA,2026-08,DADO_CALCULADO_SOBRE_DADOS_OFICIAIS
2024-08,Carnes de Ovinos e Caprinos,4915122.0,1523611.0,0.0,6438733.0,12,0.7633678861974864,FORA_DAS_FAIXAS_NT,2026-08,DADO_CALCULADO_SOBRE_DADOS_OFICIAIS
2024-08,Carnes de Suínos,103414344.0,54270325.0,0.0,157684669.0,10,0.6558300477518204,FORA_DAS_FAIXAS_NT,2026-08,DADO_CALCULADO_SOBRE_DADOS_OFICIAIS
2024-08,Cereais e Grãos (exceto soja),216429210.0,640911535.0,181159348.0,1038500093.0,41,0.20840557594442122,MEDIA,2026-08,DADO_CALCULADO_SOBRE_DADOS_OFICIAIS
2024-08,Chás e Especiarias,8143253.0,10560307.0,35437.0,18738997.0,41,0.43456183914219104,FORA_DAS_FAIXAS_NT,2026-08,DADO_CALCULADO_SOBRE_DADOS_OFICIAIS
2024-08,Combustíveis e Derivados de Petróleo,356828364.0,205567845.0,4798736.0,567194945.0,63,0.6291106208642251,FORA_DAS_FAIXAS_NT,2026-08,DADO_CALCULADO_SOBRE_DADOS_OFICIAIS
2024-08,Componentes Elétricos e Eletrônicos,147213593.0,636852208.0,277950065.0,1062015866.0,325,0.13861713154481253,ALTA,2026-08,DADO_CALCULADO_SOBRE_DADOS_OFICIAIS
2024-08,Conservas de Frutas e Hortícolas,41753992.0,160078200.0,13127941.0,214960133.0,48,0.19424063158725344,MEDIA,2026-08,DADO_CALCULADO_SOBRE_DADOS_OFICIAIS
2024-08,Couros e Suas Obras,145640182.0,125499637.0,15846791.0,286986610.0,106,0.5074807566805991,FORA_DAS_FAIXAS_NT,2026-08,DADO_CALCULADO_SOBRE_DADOS_OFICIAIS
2024-08,Eletrodomésticos (Linha Branca + Portáteis),126574647.0,795034442.0,41038825.0,962647914.0,106,0.13148592040682489,ALTA,2026-08,DADO_CALCULADO_SOBRE_DADOS_OFICIAIS
2024-08,Eletrônicos de Consumo – Comunicação/Imagem,1232624.0,217315973.0,17771703.0,236320300.0,49,0.005215904008246435,CRITICA,2026-08,DADO_CALCULADO_SOBRE_DADOS_OFICIAIS
2024-08,Eletrônicos de Consumo – Informática/TIC,4967612.0,295133229.0,9679860.0,309780701.0,142,0.01603589889222957,CRITICA,2026-08,DADO_CALCULADO_SOBRE_DADOS_OFICIAIS
2024-08,Eletrônicos de Consumo – Áudio/Vídeo,3866084.0,52522972.0,82031540.0,138420596.0,32,0.027929976547709706,CRITICA,2026-08,DADO_CALCULADO_SOBRE_DADOS_OFICIAIS
2024-08,Embarcações e Estruturas Flutuantes,726582.0,2683857.0,0.0,3410439.0,30,0.21304647290275533,MEDIA,2026-08,DADO_CALCULADO_SOBRE_DADOS_OFICIAIS
2024-08,Erva-mate,31266343.0,32437197.0,0.0,63703540.0,2,0.4908101339423209,FORA_DAS_FAIXAS_NT,2026-08,DADO_CALCULADO_SOBRE_DADOS_OFICIAIS
2024-08,Etanol e Álcool Etílico,2143319.0,681281514.0,0.0,683424833.0,5,0.0031361444543821543,CRITICA,2026-08,DADO_CALCULADO_SOBRE_DADOS_OFICIAIS
2024-08,Explosivos e Pirotecnia,5442.0,4955988.0,0.0,4961430.0,14,0.0010968611871980457,CRITICA,2026-08,DADO_CALCULADO_SOBRE_DADOS_OFICIAIS
2024-08,"Farinha, Malte e Preparações de Cereais",202285668.0,106504000.0,10161952.0,318951620.0,36,0.6342205378985064,FORA_DAS_FAIXAS_NT,2026-08,DADO_CALCULADO_SOBRE_DADOS_OFICIAIS
2024-08,"Feltros, Passamanarias, Têxteis Técnicos",17180047.0,47415814.0,1304447.0,65900308.0,73,0.2606975220813839,MEDIA,2026-08,DADO_CALCULADO_SOBRE_DADOS_OFICIAIS
2024-08,Ferramentas e Cutelaria (Metais Comuns),50466293.0,107959057.0,22747005.0,181172355.0,84,0.27855404871234357,MEDIA,2026-08,DADO_CALCULADO_SOBRE_DADOS_OFICIAIS
2024-08,Fibras Sintéticas/Descontínuas – Têxteis,4557550.0,20940386.0,5657122.0,31155058.0,117,0.14628603804878168,ALTA,2026-08,DADO_CALCULADO_SOBRE_DADOS_OFICIAIS
2024-08,Filamentos Sintéticos – Têxteis Técnicos,15305960.0,79642338.0,1900394.0,96848692.0,89,0.15803992479320217,MEDIA,2026-08,DADO_CALCULADO_SOBRE_DADOS_OFICIAIS
2024-08,Frutas e Hortícolas,23647444.0,339046492.0,63413241.0,426107177.0,170,0.05549646961238581,ALTA,2026-08,DADO_CALCULADO_SOBRE_DADOS_OFICIAIS
2024-08,Instrumentos Musicais,205695.0,10361872.0,0.0,10567567.0,19,0.0194647452909454,CRITICA,2026-08,DADO_CALCULADO_SOBRE_DADOS_OFICIAIS
2024-08,Instrumentos Médicos,15383340.0,263675937.0,19911378.0,298970655.0,112,0.051454347584715295,ALTA,2026-08,DADO_CALCULADO_SOBRE_DADOS_OFICIAIS
2024-08,"Joias, Bijuterias, Metais Preciosos e Relógios",19957892.0,54126243.0,4916205.0,79000340.0,108,0.2526304570334761,MEDIA,2026-08,DADO_CALCULADO_SOBRE_DADOS_OFICIAIS
2024-08,Laticínios,439682224.0,235829326.0,0.0,675511550.0,42,0.6508877960709925,FORA_DAS_FAIXAS_NT,2026-08,DADO_CALCULADO_SOBRE_DADOS_OFICIAIS
2024-08,Madeira e Cortiça - Produtos e Obras,274105032.0,289949156.0,8762635.0,572816823.0,146,0.47852126717304877,FORA_DAS_FAIXAS_NT,2026-08,DADO_CALCULADO_SOBRE_DADOS_OFICIAIS
2024-08,Massas e Panificação,226278111.0,282577828.0,2034513.0,510890452.0,21,0.4429092579714134,FORA_DAS_FAIXAS_NT,2026-08,DADO_CALCULADO_SOBRE_DADOS_OFICIAIS
2024-08,Material Ferroviário e Contêineres,3086425.0,4186683.0,0.0,7273108.0,19,0.4243612221900184,FORA_DAS_FAIXAS_NT,2026-08,DADO_CALCULADO_SOBRE_DADOS_OFICIAIS
2024-08,Medicamentos,6011529.0,1274695970.0,1545852.0,1282253351.0,220,0.004688253686614853,CRITICA,2026-08,DADO_CALCULADO_SOBRE_DADOS_OFICIAIS
2024-08,Mel e Outros Produtos Comestíveis de Origem Animal,858012.0,1970823.0,0.0,2828835.0,3,0.30330931284433343,FORA_DAS_FAIXAS_NT,2026-08,DADO_CALCULADO_SOBRE_DADOS_OFICIAIS
2024-08,"Metais Não Ferrosos e Suas Obras (NCMs dos Caps. 74, 75, 78, 79, 80, 81)",27607806.0,117801124.0,4181859.0,149590789.0,156,0.18455552099534683,MEDIA,2026-08,DADO_CALCULADO_SOBRE_DADOS_OFICIAIS
2024-08,Minerais e Materiais de Mineração (Não Metálicos),100866719.0,175540485.0,2736723.0,279143927.0,74,0.36134305368570674,FORA_DAS_FAIXAS_NT,2026-08,DADO_CALCULADO_SOBRE_DADOS_OFICIAIS
2024-08,Minérios e Subprodutos da Metalurgia (NCMs do Cap. 26),1453347.0,202267.0,0.0,1655614.0,26,0.8778296148739984,FORA_DAS_FAIXAS_NT,2026-08,DADO_CALCULADO_SOBRE_DADOS_OFICIAIS
2024-08,Mobiliário e Iluminação,539400000.0,481292587.0,20420604.0,1041113191.0,108,0.5180992851333491,FORA_DAS_FAIXAS_NT,2026-08,DADO_CALCULADO_SOBRE_DADOS_OFICIAIS
2024-08,Motocicletas,0.0,58768245.0,0.0,58768245.0,9,0.0,CRITICA,2026-08,DADO_CALCULADO_SOBRE_DADOS_OFICIAIS
2024-08,Máquinas e Equipamentos Industriais,637944759.0,1557375377.0,248808820.0,2444128956.0,785,0.26101108840183473,MEDIA,2026-08,DADO_CALCULADO_SOBRE_DADOS_OFICIAIS
2024-08,Máquinas e Implementos Agrícolas,309351456.0,216337203.0,21823235.0,547511894.0,40,0.5650132159503369,FORA_DAS_FAIXAS_NT,2026-08,DADO_CALCULADO_SOBRE_DADOS_OFICIAIS
2024-08,Objetos de Arte e Coleções,810097.0,4289305.0,0.0,5099402.0,23,0.1588611762712569,MEDIA,2026-08,DADO_CALCULADO_SOBRE_DADOS_OFICIAIS
2024-08,Obras de Espartaria e Cestaria,49957.0,1816997.0,0.0,1866954.0,11,0.026758559664565917,CRITICA,2026-08,DADO_CALCULADO_SOBRE_DADOS_OFICIAIS
2024-08,Obras de Ferro ou Aço,453530054.0,509292627.0,69181598.0,1032004279.0,152,0.43946528442640304,FORA_DAS_FAIXAS_NT,2026-08,DADO_CALCULADO_SOBRE_DADOS_OFICIAIS
2024-08,Outras Fibras Têxteis Vegetais,8336.0,2755725.0,0.0,2764061.0,28,0.0030158523997842303,CRITICA,2026-08,DADO_CALCULADO_SOBRE_DADOS_OFICIAIS
2024-08,Outros,0.0,1993435.0,0.0,1993435.0,7,0.0,CRITICA,2026-08,DADO_CALCULADO_SOBRE_DADOS_OFICIAIS
2024-08,Ovos,6244634.0,11572582.0,0.0,17817216.0,9,0.35048315067853475,FORA_DAS_FAIXAS_NT,2026-08,DADO_CALCULADO_SOBRE_DADOS_OFICIAIS
2024-08,Papel e Papelão,330337769.0,514331993.0,16715583.0,861385345.0,176,0.38349592423121615,FORA_DAS_FAIXAS_NT,2026-08,DADO_CALCULADO_SOBRE_DADOS_OFICIAIS
2024-08,Pasta Química e Pasta Mecânica,1587748.0,10054842.0,0.0,11642590.0,16,0.13637412293999876,ALTA,2026-08,DADO_CALCULADO_SOBRE_DADOS_OFICIAIS
2024-08,Perfumaria e Cosméticos,41847811.0,482642065.0,4098350.0,528588226.0,58,0.07916901841850711,ALTA,2026-08,DADO_CALCULADO_SOBRE_DADOS_OFICIAIS
2024-08,Pescados e Frutos do Mar,2335785.0,45026197.0,5739327.0,53101309.0,188,0.043987333720906956,CRITICA,2026-08,DADO_CALCULADO_SOBRE_DADOS_OFICIAIS
2024-08,Pescados e Frutos do Mar - Preparações e Conservas,282907.0,9703305.0,0.0,9986212.0,30,0.028329761074569616,CRITICA,2026-08,DADO_CALCULADO_SOBRE_DADOS_OFICIAIS
2024-08,Peças e Acessórios Automotivos,529688986.0,1257693210.0,279031658.0,2066413854.0,127,0.2563324790794787,MEDIA,2026-08,DADO_CALCULADO_SOBRE_DADOS_OFICIAIS
2024-08,Plantas Vivas e Floricultura,65821.0,28914388.0,0.0,28980209.0,30,0.002271239658761605,CRITICA,2026-08,DADO_CALCULADO_SOBRE_DADOS_OFICIAIS
2024-08,Plásticos e Suas Obras,682189477.0,1411112622.0,126784127.0,2220086226.0,305,0.3072806222617409,FORA_DAS_FAIXAS_NT,2026-08,DADO_CALCULADO_SOBRE_DADOS_OFICIAIS
2024-08,"Pneumáticos, Câmaras e Protetores",12006140.0,360055759.0,2534817.0,374596716.0,22,0.032050841577586066,CRITICA,2026-08,DADO_CALCULADO_SOBRE_DADOS_OFICIAIS
2024-08,"Preparações Alimentícias Diversas (Molhos, Condimentos, etc)",28590116.0,229381436.0,781413.0,258752965.0,23,0.11049193581221378,ALTA,2026-08,DADO_CALCULADO_SOBRE_DADOS_OFICIAIS
2024-08,Preparações de Carne,146459822.0,101350642.0,0.0,247810464.0,15,0.5910154867390911,FORA_DAS_FAIXAS_NT,2026-08,DADO_CALCULADO_SOBRE_DADOS_OFICIAIS
2024-08,"Preparações, Suplementos e Complementos alimentares",12483155.0,155941335.0,4452770.0,172877260.0,26,0.07220819557181783,ALTA,2026-08,DADO_CALCULADO_SOBRE_DADOS_OFICIAIS
2024-08,"Produtos Cerâmicos, Porcelana e Refratários",43963161.0,150949305.0,173370.0,195085836.0,56,0.2253529108079379,MEDIA,2026-08,DADO_CALCULADO_SOBRE_DADOS_OFICIAIS
2024-08,"Produtos Editoriais, Impressos e Materiais Gráficos",33643941.0,169645303.0,519176.0,203808420.0,39,0.1650763054833554,MEDIA,2026-08,DADO_CALCULADO_SOBRE_DADOS_OFICIAIS
2024-08,Produtos Farmacêuticos,795659.0,95152267.0,678772.0,96626698.0,46,0.008234359824652189,CRITICA,2026-08,DADO_CALCULADO_SOBRE_DADOS_OFICIAIS
2024-08,Produtos Fotográficos,402356.0,8351024.0,0.0,8753380.0,49,0.04596578693030578,CRITICA,2026-08,DADO_CALCULADO_SOBRE_DADOS_OFICIAIS
2024-08,"Produtos Minerais: Pedra, Cimento, Gesso, Amianto e Abrasivos",195594805.0,144784015.0,6233551.0,346612371.0,67,0.5643041661660715,FORA_DAS_FAIXAS_NT,2026-08,DADO_CALCULADO_SOBRE_DADOS_OFICIAIS
2024-08,Produtos Químicos Diversos,126328678.0,1344918093.0,106719599.0,1577966370.0,249,0.08005790262817832,ALTA,2026-08,DADO_CALCULADO_SOBRE_DADOS_OFICIAIS
2024-08,Produtos de Origem Animal (Não Alimentares),22711679.0,11708683.0,0.0,34420362.0,31,0.6598326595170615,FORA_DAS_FAIXAS_NT,2026-08,DADO_CALCULADO_SOBRE_DADOS_OFICIAIS
2024-08,Químicos Inorgânicos,49524873.0,186321712.0,40626695.0,276473280.0,292,0.17913077531398333,MEDIA,2026-08,DADO_CALCULADO_SOBRE_DADOS_OFICIAIS
2024-08,Químicos Orgânicos,355648136.0,175093822.0,48224295.0,578966253.0,793,0.6142812886885136,FORA_DAS_FAIXAS_NT,2026-08,DADO_CALCULADO_SOBRE_DADOS_OFICIAIS
2024-08,Resíduos para Alimentação Animal,780595793.0,339329383.0,1229461.0,1121154637.0,37,0.6962427547806681,FORA_DAS_FAIXAS_NT,2026-08,DADO_CALCULADO_SOBRE_DADOS_OFICIAIS
2024-08,"Sabões e Preparações de Limpeza, Ceras e Pastas",82275535.0,263540462.0,13757491.0,359573488.0,54,0.22881424172184797,MEDIA,2026-08,DADO_CALCULADO_SOBRE_DADOS_OFICIAIS
2024-08,Siderurgia – Ferro e Aço,652801861.0,1024148100.0,26375419.0,1703325380.0,207,0.383251414359833,FORA_DAS_FAIXAS_NT,2026-08,DADO_CALCULADO_SOBRE_DADOS_OFICIAIS
2024-08,"Soja, Oleaginosas e Sementes",28256137.0,201508604.0,132902.0,229897643.0,38,0.12290746712875172,ALTA,2026-08,DADO_CALCULADO_SOBRE_DADOS_OFICIAIS
2024-08,Sucos e Bebidas à Base de Frutas/Vegetais,42874752.0,9847991.0,0.0,52722743.0,24,0.8132117101722116,FORA_DAS_FAIXAS_NT,2026-08,DADO_CALCULADO_SOBRE_DADOS_OFICIAIS
2024-08,Tabaco e Sucedâneos,163251479.0,126325670.0,36339236.0,325916385.0,23,0.5008998826493488,FORA_DAS_FAIXAS_NT,2026-08,DADO_CALCULADO_SOBRE_DADOS_OFICIAIS
2024-08,Tecidos Impregnados/Revestidos/Laminados,27447521.0,38656654.0,10239803.0,76343978.0,26,0.35952437532139075,FORA_DAS_FAIXAS_NT,2026-08,DADO_CALCULADO_SOBRE_DADOS_OFICIAIS
2024-08,Tecidos Sintéticos (Inclusive Malhas),16634623.0,67075318.0,896454.0,84606395.0,82,0.19661188731655568,MEDIA,2026-08,DADO_CALCULADO_SOBRE_DADOS_OFICIAIS
2024-08,"Tintas, Pigmentos e Corantes",124201797.0,278690555.0,27412496.0,430304848.0,92,0.2886367596769442,MEDIA,2026-08,DADO_CALCULADO_SOBRE_DADOS_OFICIAIS
2024-08,Toucinho e Gorduras Não Fundidas,2100169.0,4277488.0,0.0,6377657.0,5,0.3293010270072536,FORA_DAS_FAIXAS_NT,2026-08,DADO_CALCULADO_SOBRE_DADOS_OFICIAIS
2024-08,Tratores,7467773.0,484206272.0,0.0,491674045.0,14,0.015188462917541234,CRITICA,2026-08,DADO_CALCULADO_SOBRE_DADOS_OFICIAIS
2024-08,"Têxteis Naturais (Algodão, Lã, Seda e Afins)",61888642.0,244565222.0,6150556.0,312604420.0,315,0.19797750140577028,MEDIA,2026-08,DADO_CALCULADO_SOBRE_DADOS_OFICIAIS
2024-08,Vacinas e Soros,0.0,696041540.0,0.0,696041540.0,40,0.0,CRITICA,2026-08,DADO_CALCULADO_SOBRE_DADOS_OFICIAIS
2024-08,Vestuário Tecido (Plano),46965178.0,351622853.0,1124749.0,399712780.0,119,0.11749731394627913,ALTA,2026-08,DADO_CALCULADO_SOBRE_DADOS_OFICIAIS
2024-08,Vestuário de Malha,69716191.0,467963539.0,1025039.0,538704769.0,135,0.12941446783442156,ALTA,2026-08,DADO_CALCULADO_SOBRE_DADOS_OFICIAIS
2024-08,Veículos Comerciais (Caminhões e Carga) e Ônibus,271071283.0,812289264.0,25658618.0,1109019165.0,46,0.2444243450021894,MEDIA,2026-08,DADO_CALCULADO_SOBRE_DADOS_OFICIAIS
2024-08,Veículos Leves e de Passageiros,0.0,1320705715.0,0.0,1320705715.0,21,0.0,CRITICA,2026-08,DADO_CALCULADO_SOBRE_DADOS_OFICIAIS
2024-08,Vidro e Suas Obras,99029172.0,180027356.0,22888758.0,301945286.0,91,0.32797058471050283,FORA_DAS_FAIXAS_NT,2026-08,DADO_CALCULADO_SOBRE_DADOS_OFICIAIS
2024-08,Óleos Brutos de Petróleo,0.0,0.0,826491325.0,826491325.0,2,0.0,CRITICA,2026-08,DADO_CALCULADO_SOBRE_DADOS_OFICIAIS
2024-08,Óleos e Gorduras Vegetais/animais,176058902.0,174609323.0,42890706.0,393558931.0,63,0.4473507983992364,FORA_DAS_FAIXAS_NT,2026-08,DADO_CALCULADO_SOBRE_DADOS_OFICIAIS
2024-08,"Óptica, Instrumentos e Aparelhos de Precisão",32338109.0,218731007.0,70461086.0,321530202.0,248,0.1005756498109624,ALTA,2026-08,DADO_CALCULADO_SOBRE_DADOS_OFICIAIS
2024-09,Acessórios Pessoais e Artigos de Uso Pessoal,17263835.0,166459477.0,2362538.0,186085850.0,59,0.09277349674894679,ALTA,2026-08,DADO_CALCULADO_SOBRE_DADOS_OFICIAIS
2024-09,Adubos e Fertilizantes,1517501740.0,138761322.0,1805149064.0,3461412126.0,35,0.43840539200792067,FORA_DAS_FAIXAS_NT,2026-08,DADO_CALCULADO_SOBRE_DADOS_OFICIAIS
2024-09,Aeronaves e Espaço,1190633.0,7416195.0,1237443.0,9844271.0,28,0.12094679230183729,ALTA,2026-08,DADO_CALCULADO_SOBRE_DADOS_OFICIAIS
2024-09,Alumínio e Suas Obras,169632727.0,303360906.0,21178713.0,494172346.0,54,0.343266328788054,FORA_DAS_FAIXAS_NT,2026-08,DADO_CALCULADO_SOBRE_DADOS_OFICIAIS
2024-09,Animais Vivos e Genética,16045112.0,96436315.0,2490624.0,114972051.0,47,0.1395566301587505,ALTA,2026-08,DADO_CALCULADO_SOBRE_DADOS_OFICIAIS
2024-09,Aparelhos Telefônicos,2422330.0,386920827.0,4868198.0,394211355.0,51,0.006144749432699624,CRITICA,2026-08,DADO_CALCULADO_SOBRE_DADOS_OFICIAIS
2024-09,Armas e Munições,29026900.0,17608853.0,0.0,46635753.0,26,0.6224173114562983,FORA_DAS_FAIXAS_NT,2026-08,DADO_CALCULADO_SOBRE_DADOS_OFICIAIS
2024-09,Artefatos de Metal Diversos,81548831.0,92164780.0,19509382.0,193222993.0,40,0.4220451703695533,FORA_DAS_FAIXAS_NT,2026-08,DADO_CALCULADO_SOBRE_DADOS_OFICIAIS
2024-09,"Açúcares, Sacarídeos e Produtos de Confeitaria (sem cacau)",58599092.0,257336597.0,1357905.0,317293594.0,30,0.1846841320092961,MEDIA,2026-08,DADO_CALCULADO_SOBRE_DADOS_OFICIAIS
2024-09,Bebidas Alcoólicas,297277879.0,228213417.0,20073757.0,545565053.0,25,0.5448990498297185,FORA_DAS_FAIXAS_NT,2026-08,DADO_CALCULADO_SOBRE_DADOS_OFICIAIS
2024-09,Bebidas Não Alcoólicas (Exceto Sucos),265284460.0,167470170.0,3295640.0,436050270.0,5,0.6083804511805485,FORA_DAS_FAIXAS_NT,2026-08,DADO_CALCULADO_SOBRE_DADOS_OFICIAIS
2024-09,Biodiesel,284227944.0,0.0,0.0,284227944.0,1,1.0,FORA_DAS_FAIXAS_NT,2026-08,DADO_CALCULADO_SOBRE_DADOS_OFICIAIS
2024-09,Borracha e Suas Obras (Exceto Pneumáticos),75470168.0,226311389.0,32161168.0,333942725.0,90,0.22599734131054958,MEDIA,2026-08,DADO_CALCULADO_SOBRE_DADOS_OFICIAIS
2024-09,"Brinquedos, Jogos e Artigos de Lazer",18665441.0,220668213.0,10720693.0,250054347.0,76,0.07464553695601221,ALTA,2026-08,DADO_CALCULADO_SOBRE_DADOS_OFICIAIS
2024-09,Cabos e Fios,32012687.0,247843717.0,8311974.0,288168378.0,13,0.111090214763259,ALTA,2026-08,DADO_CALCULADO_SOBRE_DADOS_OFICIAIS
2024-09,Cacau e Preparações,42107636.0,211696490.0,1778358.0,255582484.0,13,0.16475165019524576,MEDIA,2026-08,DADO_CALCULADO_SOBRE_DADOS_OFICIAIS
2024-09,Café,650059.0,110414232.0,0.0,111064291.0,10,0.005852997341872916,CRITICA,2026-08,DADO_CALCULADO_SOBRE_DADOS_OFICIAIS
2024-09,Calçados,483168101.0,365925453.0,2574836.0,851668390.0,36,0.5673195185745945,FORA_DAS_FAIXAS_NT,2026-08,DADO_CALCULADO_SOBRE_DADOS_OFICIAIS
2024-09,Carnes Preparadas (Defumadas/Salgadas),9045834.0,12644040.0,1901764.0,23591638.0,8,0.3834339099302897,FORA_DAS_FAIXAS_NT,2026-08,DADO_CALCULADO_SOBRE_DADOS_OFICIAIS
2024-09,Carnes de Bovinos,618243695.0,321229568.0,0.0,939473263.0,16,0.6580748163346082,FORA_DAS_FAIXAS_NT,2026-08,DADO_CALCULADO_SOBRE_DADOS_OFICIAIS
2024-09,Carnes de Espécies Exóticas/Diversas e Subprodutos,1217751.0,146612.0,0.0,1364363.0,7,0.8925417942292484,FORA_DAS_FAIXAS_NT,2026-08,DADO_CALCULADO_SOBRE_DADOS_OFICIAIS
2024-09,Carnes de Frango,345093221.0,162799959.0,1943194.0,509836374.0,22,0.6768705384680929,FORA_DAS_FAIXAS_NT,2026-08,DADO_CALCULADO_SOBRE_DADOS_OFICIAIS
2024-09,Carnes de Outras Aves (Exceto Frango),0.0,170312.0,0.0,170312.0,11,0.0,CRITICA,2026-08,DADO_CALCULADO_SOBRE_DADOS_OFICIAIS
2024-09,Carnes de Ovinos e Caprinos,4236568.0,243340.0,0.0,4479908.0,13,0.9456819202537194,FORA_DAS_FAIXAS_NT,2026-08,DADO_CALCULADO_SOBRE_DADOS_OFICIAIS
2024-09,Carnes de Suínos,91405606.0,52209343.0,0.0,143614949.0,10,0.6364630328281494,FORA_DAS_FAIXAS_NT,2026-08,DADO_CALCULADO_SOBRE_DADOS_OFICIAIS
2024-09,Cereais e Grãos (exceto soja),191381151.0,420679431.0,190382130.0,802442712.0,41,0.2384982106984355,MEDIA,2026-08,DADO_CALCULADO_SOBRE_DADOS_OFICIAIS
2024-09,Chás e Especiarias,7202272.0,8908928.0,0.0,16111200.0,41,0.4470351060132082,FORA_DAS_FAIXAS_NT,2026-08,DADO_CALCULADO_SOBRE_DADOS_OFICIAIS
2024-09,Combustíveis e Derivados de Petróleo,326030784.0,204219453.0,34197657.0,564447894.0,67,0.5776100636846384,FORA_DAS_FAIXAS_NT,2026-08,DADO_CALCULADO_SOBRE_DADOS_OFICIAIS
2024-09,Componentes Elétricos e Eletrônicos,146450292.0,601860199.0,200057158.0,948367649.0,328,0.1544235425516924,MEDIA,2026-08,DADO_CALCULADO_SOBRE_DADOS_OFICIAIS
2024-09,Conservas de Frutas e Hortícolas,42960230.0,149651456.0,11817631.0,204429317.0,47,0.2101471091839533,MEDIA,2026-08,DADO_CALCULADO_SOBRE_DADOS_OFICIAIS
2024-09,Couros e Suas Obras,132883832.0,111669049.0,10294325.0,254847206.0,107,0.5214255007370966,FORA_DAS_FAIXAS_NT,2026-08,DADO_CALCULADO_SOBRE_DADOS_OFICIAIS
2024-09,Eletrodomésticos (Linha Branca + Portáteis),113659906.0,713123501.0,33107134.0,859890541.0,106,0.13217950492608105,ALTA,2026-08,DADO_CALCULADO_SOBRE_DADOS_OFICIAIS
2024-09,Eletrônicos de Consumo – Comunicação/Imagem,2045862.0,171758977.0,11580261.0,185385100.0,51,0.011035741275863055,CRITICA,2026-08,DADO_CALCULADO_SOBRE_DADOS_OFICIAIS
2024-09,Eletrônicos de Consumo – Informática/TIC,4128079.0,307394791.0,4923803.0,316446673.0,139,0.013045101599156329,CRITICA,2026-08,DADO_CALCULADO_SOBRE_DADOS_OFICIAIS
2024-09,Eletrônicos de Consumo – Áudio/Vídeo,3592718.0,51480926.0,67266530.0,122340174.0,33,0.029366624899519925,CRITICA,2026-08,DADO_CALCULADO_SOBRE_DADOS_OFICIAIS
2024-09,Embarcações e Estruturas Flutuantes,426983.0,3500368.0,0.0,3927351.0,28,0.10872035629104707,ALTA,2026-08,DADO_CALCULADO_SOBRE_DADOS_OFICIAIS
2024-09,Erva-mate,31262666.0,28644460.0,0.0,59907126.0,2,0.5218522083666641,FORA_DAS_FAIXAS_NT,2026-08,DADO_CALCULADO_SOBRE_DADOS_OFICIAIS
2024-09,Etanol e Álcool Etílico,1821162.0,619114258.0,0.0,620935420.0,5,0.002932933025466642,CRITICA,2026-08,DADO_CALCULADO_SOBRE_DADOS_OFICIAIS
2024-09,Explosivos e Pirotecnia,1671.0,2664931.0,0.0,2666602.0,15,0.0006266401960247536,CRITICA,2026-08,DADO_CALCULADO_SOBRE_DADOS_OFICIAIS
2024-09,"Farinha, Malte e Preparações de Cereais",195687192.0,100027612.0,9842249.0,305557053.0,35,0.6404276716204617,FORA_DAS_FAIXAS_NT,2026-08,DADO_CALCULADO_SOBRE_DADOS_OFICIAIS
2024-09,"Feltros, Passamanarias, Têxteis Técnicos",16171161.0,43694182.0,1385989.0,61251332.0,74,0.26401321362284824,MEDIA,2026-08,DADO_CALCULADO_SOBRE_DADOS_OFICIAIS
2024-09,Ferramentas e Cutelaria (Metais Comuns),49888792.0,98685661.0,52138032.0,200712485.0,85,0.24855848902473607,MEDIA,2026-08,DADO_CALCULADO_SOBRE_DADOS_OFICIAIS
2024-09,Fibras Sintéticas/Descontínuas – Têxteis,3918945.0,20491155.0,5892950.0,30303050.0,120,0.12932510093868438,ALTA,2026-08,DADO_CALCULADO_SOBRE_DADOS_OFICIAIS
2024-09,Filamentos Sintéticos – Têxteis Técnicos,15304115.0,72788389.0,2167050.0,90259554.0,93,0.16955673191117251,MEDIA,2026-08,DADO_CALCULADO_SOBRE_DADOS_OFICIAIS
2024-09,Frutas e Hortícolas,24418396.0,319821754.0,64390754.0,408630904.0,170,0.05975660617191107,ALTA,2026-08,DADO_CALCULADO_SOBRE_DADOS_OFICIAIS
2024-09,Instrumentos Musicais,96757.0,12271345.0,0.0,12368102.0,19,0.007823108185880097,CRITICA,2026-08,DADO_CALCULADO_SOBRE_DADOS_OFICIAIS
2024-09,Instrumentos Médicos,16801573.0,266920617.0,17541999.0,301264189.0,116,0.0557702296305785,ALTA,2026-08,DADO_CALCULADO_SOBRE_DADOS_OFICIAIS
2024-09,"Joias, Bijuterias, Metais Preciosos e Relógios",15225248.0,64090744.0,4448816.0,83764808.0,106,0.1817618683015426,MEDIA,2026-08,DADO_CALCULADO_SOBRE_DADOS_OFICIAIS
2024-09,Laticínios,467596078.0,240475389.0,0.0,708071467.0,42,0.6603797777378876,FORA_DAS_FAIXAS_NT,2026-08,DADO_CALCULADO_SOBRE_DADOS_OFICIAIS
2024-09,Madeira e Cortiça - Produtos e Obras,259734334.0,283607888.0,6272362.0,549614584.0,149,0.4725754038579151,FORA_DAS_FAIXAS_NT,2026-08,DADO_CALCULADO_SOBRE_DADOS_OFICIAIS
2024-09,Massas e Panificação,215937105.0,296088532.0,1634888.0,513660525.0,20,0.4203887479965489,FORA_DAS_FAIXAS_NT,2026-08,DADO_CALCULADO_SOBRE_DADOS_OFICIAIS
2024-09,Material Ferroviário e Contêineres,3352980.0,4850420.0,0.0,8203400.0,20,0.4087305263671161,FORA_DAS_FAIXAS_NT,2026-08,DADO_CALCULADO_SOBRE_DADOS_OFICIAIS
2024-09,Medicamentos,5319313.0,1359499955.0,0.0,1364819268.0,220,0.003897448640064188,CRITICA,2026-08,DADO_CALCULADO_SOBRE_DADOS_OFICIAIS
2024-09,Mel e Outros Produtos Comestíveis de Origem Animal,1518710.0,1335816.0,0.0,2854526.0,3,0.5320357915815095,FORA_DAS_FAIXAS_NT,2026-08,DADO_CALCULADO_SOBRE_DADOS_OFICIAIS
2024-09,"Metais Não Ferrosos e Suas Obras (NCMs dos Caps. 74, 75, 78, 79, 80, 81)",26221660.0,107730771.0,2076377.0,136028808.0,158,0.1927654912627037,MEDIA,2026-08,DADO_CALCULADO_SOBRE_DADOS_OFICIAIS
2024-09,Minerais e Materiais de Mineração (Não Metálicos),98319059.0,160855684.0,3126226.0,262300969.0,77,0.3748329995685224,FORA_DAS_FAIXAS_NT,2026-08,DADO_CALCULADO_SOBRE_DADOS_OFICIAIS
2024-09,Minérios e Subprodutos da Metalurgia (NCMs do Cap. 26),1754676.0,2592500.0,0.0,4347176.0,23,0.40363583162954525,FORA_DAS_FAIXAS_NT,2026-08,DADO_CALCULADO_SOBRE_DADOS_OFICIAIS
2024-09,Mobiliário e Iluminação,454183878.0,407773984.0,21987336.0,883945198.0,104,0.5138145204336525,FORA_DAS_FAIXAS_NT,2026-08,DADO_CALCULADO_SOBRE_DADOS_OFICIAIS
2024-09,Motocicletas,0.0,59310115.0,0.0,59310115.0,9,0.0,CRITICA,2026-08,DADO_CALCULADO_SOBRE_DADOS_OFICIAIS
2024-09,Máquinas e Equipamentos Industriais,658432443.0,1504778489.0,244957643.0,2408168575.0,789,0.2734162590756339,MEDIA,2026-08,DADO_CALCULADO_SOBRE_DADOS_OFICIAIS
2024-09,Máquinas e Implementos Agrícolas,322720107.0,254642849.0,20103129.0,597466085.0,41,0.5401479935049368,FORA_DAS_FAIXAS_NT,2026-08,DADO_CALCULADO_SOBRE_DADOS_OFICIAIS
2024-09,Objetos de Arte e Coleções,936060.0,3962682.0,0.0,4898742.0,24,0.1910817103656408,MEDIA,2026-08,DADO_CALCULADO_SOBRE_DADOS_OFICIAIS
2024-09,Obras de Espartaria e Cestaria,44469.0,1953564.0,0.0,1998033.0,11,0.022256389158737618,CRITICA,2026-08,DADO_CALCULADO_SOBRE_DADOS_OFICIAIS
2024-09,Obras de Ferro ou Aço,474715779.0,504735568.0,71427489.0,1050878836.0,153,0.4517321719094931,FORA_DAS_FAIXAS_NT,2026-08,DADO_CALCULADO_SOBRE_DADOS_OFICIAIS
2024-09,Outras Fibras Têxteis Vegetais,29001.0,1941292.0,0.0,1970293.0,27,0.014719130606463099,CRITICA,2026-08,DADO_CALCULADO_SOBRE_DADOS_OFICIAIS
2024-09,Outros,0.0,2034465.0,0.0,2034465.0,10,0.0,CRITICA,2026-08,DADO_CALCULADO_SOBRE_DADOS_OFICIAIS
2024-09,Ovos,6760075.0,15922969.0,0.0,22683044.0,9,0.29802327236150494,MEDIA,2026-08,DADO_CALCULADO_SOBRE_DADOS_OFICIAIS
2024-09,Papel e Papelão,305680123.0,482886413.0,24811998.0,813378534.0,176,0.3758153310202799,FORA_DAS_FAIXAS_NT,2026-08,DADO_CALCULADO_SOBRE_DADOS_OFICIAIS
2024-09,Pasta Química e Pasta Mecânica,1740869.0,15605888.0,0.0,17346757.0,18,0.10035702927065848,ALTA,2026-08,DADO_CALCULADO_SOBRE_DADOS_OFICIAIS
2024-09,Perfumaria e Cosméticos,32963744.0,475036944.0,852533.0,508853221.0,57,0.06478045660243546,ALTA,2026-08,DADO_CALCULADO_SOBRE_DADOS_OFICIAIS
2024-09,Pescados e Frutos do Mar,4935828.0,52053455.0,6056942.0,63046225.0,180,0.07828903316574466,ALTA,2026-08,DADO_CALCULADO_SOBRE_DADOS_OFICIAIS
2024-09,Pescados e Frutos do Mar - Preparações e Conservas,463422.0,10790028.0,0.0,11253450.0,28,0.041180437999013636,CRITICA,2026-08,DADO_CALCULADO_SOBRE_DADOS_OFICIAIS
2024-09,Peças e Acessórios Automotivos,368560301.0,923257033.0,218906932.0,1510724266.0,129,0.24396265373816403,MEDIA,2026-08,DADO_CALCULADO_SOBRE_DADOS_OFICIAIS
2024-09,Plantas Vivas e Floricultura,162529.0,26602002.0,0.0,26764531.0,30,0.006072551766365717,CRITICA,2026-08,DADO_CALCULADO_SOBRE_DADOS_OFICIAIS
2024-09,Plásticos e Suas Obras,653913365.0,1323357502.0,153886180.0,2131157047.0,308,0.3068349026274271,FORA_DAS_FAIXAS_NT,2026-08,DADO_CALCULADO_SOBRE_DADOS_OFICIAIS
2024-09,"Pneumáticos, Câmaras e Protetores",21488421.0,322454084.0,4381336.0,348323841.0,21,0.06169092801201627,ALTA,2026-08,DADO_CALCULADO_SOBRE_DADOS_OFICIAIS
2024-09,"Preparações Alimentícias Diversas (Molhos, Condimentos, etc)",25395653.0,227286976.0,2774800.0,255457429.0,23,0.09941246609821631,ALTA,2026-08,DADO_CALCULADO_SOBRE_DADOS_OFICIAIS
2024-09,Preparações de Carne,138268009.0,98775454.0,0.0,237043463.0,15,0.5833023499154668,FORA_DAS_FAIXAS_NT,2026-08,DADO_CALCULADO_SOBRE_DADOS_OFICIAIS
2024-09,"Preparações, Suplementos e Complementos alimentares",11578867.0,156778929.0,0.0,168357796.0,27,0.06877535388975987,ALTA,2026-08,DADO_CALCULADO_SOBRE_DADOS_OFICIAIS
2024-09,"Produtos Cerâmicos, Porcelana e Refratários",40353026.0,128267552.0,476635.0,169097213.0,52,0.23863803124892424,MEDIA,2026-08,DADO_CALCULADO_SOBRE_DADOS_OFICIAIS
2024-09,"Produtos Editoriais, Impressos e Materiais Gráficos",38114573.0,165457346.0,545227.0,204117146.0,39,0.18672891399333988,MEDIA,2026-08,DADO_CALCULADO_SOBRE_DADOS_OFICIAIS
2024-09,Produtos Farmacêuticos,767716.0,80363995.0,1470873.0,82602584.0,44,0.009294091816788686,CRITICA,2026-08,DADO_CALCULADO_SOBRE_DADOS_OFICIAIS
2024-09,Produtos Fotográficos,368935.0,7295396.0,0.0,7664331.0,46,0.048136621448108124,CRITICA,2026-08,DADO_CALCULADO_SOBRE_DADOS_OFICIAIS
2024-09,"Produtos Minerais: Pedra, Cimento, Gesso, Amianto e Abrasivos",190043651.0,128615411.0,6616902.0,325275964.0,65,0.5842535939729011,FORA_DAS_FAIXAS_NT,2026-08,DADO_CALCULADO_SOBRE_DADOS_OFICIAIS
2024-09,Produtos Químicos Diversos,119438425.0,1558955450.0,68807290.0,1747201165.0,249,0.06835985883743387,ALTA,2026-08,DADO_CALCULADO_SOBRE_DADOS_OFICIAIS
2024-09,Produtos de Origem Animal (Não Alimentares),21483953.0,13872148.0,0.0,35356101.0,33,0.6076448588038597,FORA_DAS_FAIXAS_NT,2026-08,DADO_CALCULADO_SOBRE_DADOS_OFICIAIS
2024-09,Químicos Inorgânicos,48765966.0,185005244.0,22178817.0,255950027.0,286,0.1905292473362388,MEDIA,2026-08,DADO_CALCULADO_SOBRE_DADOS_OFICIAIS
2024-09,Químicos Orgânicos,378088737.0,174191273.0,45543040.0,597823050.0,782,0.632442554699087,FORA_DAS_FAIXAS_NT,2026-08,DADO_CALCULADO_SOBRE_DADOS_OFICIAIS
2024-09,Resíduos para Alimentação Animal,661862463.0,313771995.0,180149.0,975814607.0,37,0.6782666074602017,FORA_DAS_FAIXAS_NT,2026-08,DADO_CALCULADO_SOBRE_DADOS_OFICIAIS
2024-09,"Sabões e Preparações de Limpeza, Ceras e Pastas",79517795.0,280984861.0,20588785.0,381091441.0,55,0.20865804488114967,MEDIA,2026-08,DADO_CALCULADO_SOBRE_DADOS_OFICIAIS
2024-09,Siderurgia – Ferro e Aço,582459773.0,986928849.0,16277085.0,1585665707.0,203,0.3673282271469342,FORA_DAS_FAIXAS_NT,2026-08,DADO_CALCULADO_SOBRE_DADOS_OFICIAIS
2024-09,"Soja, Oleaginosas e Sementes",37552666.0,259836093.0,0.0,297388759.0,38,0.1262746652774458,ALTA,2026-08,DADO_CALCULADO_SOBRE_DADOS_OFICIAIS
2024-09,Sucos e Bebidas à Base de Frutas/Vegetais,54490446.0,15730708.0,0.0,70221154.0,24,0.7759833454175361,FORA_DAS_FAIXAS_NT,2026-08,DADO_CALCULADO_SOBRE_DADOS_OFICIAIS
2024-09,Tabaco e Sucedâneos,81235313.0,129778294.0,22871944.0,233885551.0,23,0.3473293354492001,FORA_DAS_FAIXAS_NT,2026-08,DADO_CALCULADO_SOBRE_DADOS_OFICIAIS
2024-09,Tecidos Impregnados/Revestidos/Laminados,26923536.0,38044794.0,13860288.0,78828618.0,26,0.34154519872465605,FORA_DAS_FAIXAS_NT,2026-08,DADO_CALCULADO_SOBRE_DADOS_OFICIAIS
2024-09,Tecidos Sintéticos (Inclusive Malhas),15819050.0,65282197.0,311599.0,81412846.0,81,0.19430655943412173,MEDIA,2026-08,DADO_CALCULADO_SOBRE_DADOS_OFICIAIS
2024-09,"Tintas, Pigmentos e Corantes",120062699.0,238490698.0,24163761.0,382717158.0,92,0.31371130478555653,FORA_DAS_FAIXAS_NT,2026-08,DADO_CALCULADO_SOBRE_DADOS_OFICIAIS
2024-09,Toucinho e Gorduras Não Fundidas,2863522.0,3288674.0,0.0,6152196.0,5,0.46544713464915616,FORA_DAS_FAIXAS_NT,2026-08,DADO_CALCULADO_SOBRE_DADOS_OFICIAIS
2024-09,Tratores,0.0,605344023.0,10821148.0,616165171.0,10,0.0,CRITICA,2026-08,DADO_CALCULADO_SOBRE_DADOS_OFICIAIS
2024-09,"Têxteis Naturais (Algodão, Lã, Seda e Afins)",57434711.0,220688393.0,8772967.0,286896071.0,315,0.20019343868951067,MEDIA,2026-08,DADO_CALCULADO_SOBRE_DADOS_OFICIAIS
2024-09,Vacinas e Soros,1389250.0,690554175.0,1861562.0,693804987.0,41,0.0020023638140842593,CRITICA,2026-08,DADO_CALCULADO_SOBRE_DADOS_OFICIAIS
2024-09,Vestuário Tecido (Plano),46023909.0,384910192.0,254369.0,431188470.0,118,0.10673733692368907,ALTA,2026-08,DADO_CALCULADO_SOBRE_DADOS_OFICIAIS
2024-09,Vestuário de Malha,65362371.0,468656060.0,2100586.0,536119017.0,136,0.12191765061003236,ALTA,2026-08,DADO_CALCULADO_SOBRE_DADOS_OFICIAIS
2024-09,Veículos Comerciais (Caminhões e Carga) e Ônibus,244305492.0,836917845.0,23457254.0,1104680591.0,45,0.2211548695526959,MEDIA,2026-08,DADO_CALCULADO_SOBRE_DADOS_OFICIAIS
2024-09,Veículos Leves e de Passageiros,0.0,1292514390.0,0.0,1292514390.0,19,0.0,CRITICA,2026-08,DADO_CALCULADO_SOBRE_DADOS_OFICIAIS
2024-09,Vidro e Suas Obras,91079286.0,173255046.0,35151724.0,299486056.0,89,0.3041186197997813,FORA_DAS_FAIXAS_NT,2026-08,DADO_CALCULADO_SOBRE_DADOS_OFICIAIS
2024-09,Óleos Brutos de Petróleo,0.0,119444954.0,1017019841.0,1136464795.0,2,0.0,CRITICA,2026-08,DADO_CALCULADO_SOBRE_DADOS_OFICIAIS
2024-09,Óleos e Gorduras Vegetais/animais,186510407.0,166888286.0,42865367.0,396264060.0,64,0.4706720235996169,FORA_DAS_FAIXAS_NT,2026-08,DADO_CALCULADO_SOBRE_DADOS_OFICIAIS
2024-09,"Óptica, Instrumentos e Aparelhos de Precisão",29800569.0,206556095.0,47608775.0,283965439.0,245,0.10494435204841952,ALTA,2026-08,DADO_CALCULADO_SOBRE_DADOS_OFICIAIS
2024-10,Acessórios Pessoais e Artigos de Uso Pessoal,19831463.0,197193473.0,10783739.0,227808675.0,58,0.08705315107073952,ALTA,2026-08,DADO_CALCULADO_SOBRE_DADOS_OFICIAIS
2024-10,Adubos e Fertilizantes,1769522803.0,170452323.0,1215749972.0,3155725098.0,36,0.560734141298134,FORA_DAS_FAIXAS_NT,2026-08,DADO_CALCULADO_SOBRE_DADOS_OFICIAIS
2024-10,Aeronaves e Espaço,816842.0,5144577.0,1891157.0,7852576.0,27,0.1040221705590624,ALTA,2026-08,DADO_CALCULADO_SOBRE_DADOS_OFICIAIS
2024-10,Alumínio e Suas Obras,192082687.0,378394145.0,16114079.0,586590911.0,55,0.327455955075308,FORA_DAS_FAIXAS_NT,2026-08,DADO_CALCULADO_SOBRE_DADOS_OFICIAIS
2024-10,Animais Vivos e Genética,18493193.0,90224897.0,7278.0,108725368.0,48,0.17009087520402782,MEDIA,2026-08,DADO_CALCULADO_SOBRE_DADOS_OFICIAIS
2024-10,Aparelhos Telefônicos,3037724.0,420822168.0,6448586.0,430308478.0,52,0.0070594100634940316,CRITICA,2026-08,DADO_CALCULADO_SOBRE_DADOS_OFICIAIS
2024-10,Armas e Munições,35121172.0,28052936.0,0.0,63174108.0,25,0.555942507332276,FORA_DAS_FAIXAS_NT,2026-08,DADO_CALCULADO_SOBRE_DADOS_OFICIAIS
2024-10,Artefatos de Metal Diversos,94098978.0,100714537.0,22378391.0,217191906.0,40,0.43325269220667917,FORA_DAS_FAIXAS_NT,2026-08,DADO_CALCULADO_SOBRE_DADOS_OFICIAIS
2024-10,"Açúcares, Sacarídeos e Produtos de Confeitaria (sem cacau)",74540597.0,263806959.0,144531.0,338492087.0,30,0.2202137062069637,MEDIA,2026-08,DADO_CALCULADO_SOBRE_DADOS_OFICIAIS
2024-10,Bebidas Alcoólicas,321581352.0,238487955.0,30562301.0,590631608.0,26,0.5444702715605427,FORA_DAS_FAIXAS_NT,2026-08,DADO_CALCULADO_SOBRE_DADOS_OFICIAIS
2024-10,Bebidas Não Alcoólicas (Exceto Sucos),309160041.0,203345542.0,6890945.0,519396528.0,6,0.5952293177439184,FORA_DAS_FAIXAS_NT,2026-08,DADO_CALCULADO_SOBRE_DADOS_OFICIAIS
2024-10,Biodiesel,368026648.0,6638962.0,0.0,374665610.0,1,0.9822803005592107,FORA_DAS_FAIXAS_NT,2026-08,DADO_CALCULADO_SOBRE_DADOS_OFICIAIS
2024-10,Borracha e Suas Obras (Exceto Pneumáticos),77081935.0,222939094.0,37051718.0,337072747.0,90,0.2286804130148202,MEDIA,2026-08,DADO_CALCULADO_SOBRE_DADOS_OFICIAIS
2024-10,"Brinquedos, Jogos e Artigos de Lazer",22420718.0,227685291.0,9631147.0,259737156.0,80,0.08632079578171711,ALTA,2026-08,DADO_CALCULADO_SOBRE_DADOS_OFICIAIS
2024-10,Cabos e Fios,37185644.0,272771676.0,11824433.0,321781753.0,14,0.11556169252393873,ALTA,2026-08,DADO_CALCULADO_SOBRE_DADOS_OFICIAIS
2024-10,Cacau e Preparações,52435219.0,243104305.0,1151165.0,296690689.0,13,0.17673361835766946,MEDIA,2026-08,DADO_CALCULADO_SOBRE_DADOS_OFICIAIS
2024-10,Café,806585.0,104354951.0,0.0,105161536.0,10,0.0076699621428123685,CRITICA,2026-08,DADO_CALCULADO_SOBRE_DADOS_OFICIAIS
2024-10,Calçados,513738657.0,357446563.0,3041669.0,874226889.0,36,0.5876491142793023,FORA_DAS_FAIXAS_NT,2026-08,DADO_CALCULADO_SOBRE_DADOS_OFICIAIS
2024-10,Carnes Preparadas (Defumadas/Salgadas),9281618.0,12900868.0,0.0,22182486.0,7,0.418421001144777,FORA_DAS_FAIXAS_NT,2026-08,DADO_CALCULADO_SOBRE_DADOS_OFICIAIS
2024-10,Carnes de Bovinos,736363193.0,263926490.0,0.0,1000289683.0,16,0.7361499428760978,FORA_DAS_FAIXAS_NT,2026-08,DADO_CALCULADO_SOBRE_DADOS_OFICIAIS
2024-10,Carnes de Espécies Exóticas/Diversas e Subprodutos,1802544.0,151992.0,0.0,1954536.0,10,0.9222362750033768,FORA_DAS_FAIXAS_NT,2026-08,DADO_CALCULADO_SOBRE_DADOS_OFICIAIS
2024-10,Carnes de Frango,414783251.0,183909034.0,0.0,598692285.0,23,0.6928154268765966,FORA_DAS_FAIXAS_NT,2026-08,DADO_CALCULADO_SOBRE_DADOS_OFICIAIS
2024-10,Carnes de Outras Aves (Exceto Frango),0.0,483294.0,0.0,483294.0,11,0.0,CRITICA,2026-08,DADO_CALCULADO_SOBRE_DADOS_OFICIAIS
2024-10,Carnes de Ovinos e Caprinos,4798162.0,2183431.0,0.0,6981593.0,13,0.6872589106812729,FORA_DAS_FAIXAS_NT,2026-08,DADO_CALCULADO_SOBRE_DADOS_OFICIAIS
2024-10,Carnes de Suínos,112150952.0,47327046.0,0.0,159477998.0,10,0.7032377720216929,FORA_DAS_FAIXAS_NT,2026-08,DADO_CALCULADO_SOBRE_DADOS_OFICIAIS
2024-10,Cereais e Grãos (exceto soja),276749606.0,376221537.0,238528185.0,891499328.0,41,0.3104316484689487,FORA_DAS_FAIXAS_NT,2026-08,DADO_CALCULADO_SOBRE_DADOS_OFICIAIS
2024-10,Chás e Especiarias,6273002.0,9156322.0,0.0,15429324.0,40,0.4065636316924837,FORA_DAS_FAIXAS_NT,2026-08,DADO_CALCULADO_SOBRE_DADOS_OFICIAIS
2024-10,Combustíveis e Derivados de Petróleo,367314260.0,190949439.0,52218068.0,610481767.0,65,0.6016793291059911,FORA_DAS_FAIXAS_NT,2026-08,DADO_CALCULADO_SOBRE_DADOS_OFICIAIS
2024-10,Componentes Elétricos e Eletrônicos,163798528.0,668649812.0,165562032.0,998010372.0,327,0.16412507584640612,MEDIA,2026-08,DADO_CALCULADO_SOBRE_DADOS_OFICIAIS
2024-10,Conservas de Frutas e Hortícolas,48408983.0,170746629.0,18207243.0,237362855.0,48,0.20394506545685087,MEDIA,2026-08,DADO_CALCULADO_SOBRE_DADOS_OFICIAIS
2024-10,Couros e Suas Obras,154300601.0,143547941.0,16887461.0,314736003.0,105,0.4902540526957127,FORA_DAS_FAIXAS_NT,2026-08,DADO_CALCULADO_SOBRE_DADOS_OFICIAIS
2024-10,Eletrodomésticos (Linha Branca + Portáteis),126308079.0,763153821.0,40412680.0,929874580.0,105,0.13583345723893217,ALTA,2026-08,DADO_CALCULADO_SOBRE_DADOS_OFICIAIS
2024-10,Eletrônicos de Consumo – Comunicação/Imagem,2452543.0,179284028.0,28541782.0,210278353.0,50,0.011663316575434656,CRITICA,2026-08,DADO_CALCULADO_SOBRE_DADOS_OFICIAIS
2024-10,Eletrônicos de Consumo – Informática/TIC,4130944.0,323111508.0,12514284.0,339756736.0,139,0.012158534510997892,CRITICA,2026-08,DADO_CALCULADO_SOBRE_DADOS_OFICIAIS
2024-10,Eletrônicos de Consumo – Áudio/Vídeo,4611723.0,61671793.0,83172286.0,149455802.0,33,0.030856767942672444,CRITICA,2026-08,DADO_CALCULADO_SOBRE_DADOS_OFICIAIS
2024-10,Embarcações e Estruturas Flutuantes,442813.0,3454108.0,0.0,3896921.0,28,0.11363150548856392,ALTA,2026-08,DADO_CALCULADO_SOBRE_DADOS_OFICIAIS
2024-10,Erva-mate,33611184.0,34819795.0,0.0,68430979.0,2,0.4911691238554398,FORA_DAS_FAIXAS_NT,2026-08,DADO_CALCULADO_SOBRE_DADOS_OFICIAIS
2024-10,Etanol e Álcool Etílico,2237026.0,655055774.0,0.0,657292800.0,5,0.003403393434402446,CRITICA,2026-08,DADO_CALCULADO_SOBRE_DADOS_OFICIAIS
2024-10,Explosivos e Pirotecnia,0.0,4342774.0,0.0,4342774.0,14,0.0,CRITICA,2026-08,DADO_CALCULADO_SOBRE_DADOS_OFICIAIS
2024-10,"Farinha, Malte e Preparações de Cereais",213516622.0,109137947.0,12570355.0,335224924.0,37,0.6369354028103232,FORA_DAS_FAIXAS_NT,2026-08,DADO_CALCULADO_SOBRE_DADOS_OFICIAIS
2024-10,"Feltros, Passamanarias, Têxteis Técnicos",17674799.0,51508892.0,1139956.0,70323647.0,72,0.2513350736772796,MEDIA,2026-08,DADO_CALCULADO_SOBRE_DADOS_OFICIAIS
2024-10,Ferramentas e Cutelaria (Metais Comuns),56605581.0,109157021.0,35109632.0,200872234.0,85,0.28179893195193917,MEDIA,2026-08,DADO_CALCULADO_SOBRE_DADOS_OFICIAIS
2024-10,Fibras Sintéticas/Descontínuas – Têxteis,4511996.0,24540089.0,533210.0,29585295.0,122,0.1525080618597854,MEDIA,2026-08,DADO_CALCULADO_SOBRE_DADOS_OFICIAIS
2024-10,Filamentos Sintéticos – Têxteis Técnicos,16650139.0,81649986.0,6223987.0,104524112.0,91,0.15929471852389426,MEDIA,2026-08,DADO_CALCULADO_SOBRE_DADOS_OFICIAIS
2024-10,Frutas e Hortícolas,26439184.0,333643782.0,81741822.0,441824788.0,171,0.05984087972900244,ALTA,2026-08,DADO_CALCULADO_SOBRE_DADOS_OFICIAIS
2024-10,Instrumentos Musicais,68641.0,11726308.0,0.0,11794949.0,19,0.005819524950892115,CRITICA,2026-08,DADO_CALCULADO_SOBRE_DADOS_OFICIAIS
2024-10,Instrumentos Médicos,19665739.0,276820193.0,19168829.0,315654761.0,115,0.06230141733867274,ALTA,2026-08,DADO_CALCULADO_SOBRE_DADOS_OFICIAIS
2024-10,"Joias, Bijuterias, Metais Preciosos e Relógios",17483923.0,71712901.0,4850366.0,94047190.0,107,0.18590585215783692,MEDIA,2026-08,DADO_CALCULADO_SOBRE_DADOS_OFICIAIS
2024-10,Laticínios,506777662.0,244391884.0,694330.0,751863876.0,43,0.6740284753353412,FORA_DAS_FAIXAS_NT,2026-08,DADO_CALCULADO_SOBRE_DADOS_OFICIAIS
2024-10,Madeira e Cortiça - Produtos e Obras,304223693.0,307639081.0,3228320.0,615091094.0,158,0.49459941131906554,FORA_DAS_FAIXAS_NT,2026-08,DADO_CALCULADO_SOBRE_DADOS_OFICIAIS
2024-10,Massas e Panificação,230056373.0,310101375.0,3346431.0,543504179.0,20,0.4232835401988694,FORA_DAS_FAIXAS_NT,2026-08,DADO_CALCULADO_SOBRE_DADOS_OFICIAIS
2024-10,Material Ferroviário e Contêineres,7920687.0,5168561.0,0.0,13089248.0,20,0.6051292633465268,FORA_DAS_FAIXAS_NT,2026-08,DADO_CALCULADO_SOBRE_DADOS_OFICIAIS
2024-10,Medicamentos,6957367.0,1221245879.0,2876708.0,1231079954.0,225,0.005651433911659649,CRITICA,2026-08,DADO_CALCULADO_SOBRE_DADOS_OFICIAIS
2024-10,Mel e Outros Produtos Comestíveis de Origem Animal,489698.0,1388551.0,0.0,1878249.0,3,0.26072049020124594,MEDIA,2026-08,DADO_CALCULADO_SOBRE_DADOS_OFICIAIS
2024-10,"Metais Não Ferrosos e Suas Obras (NCMs dos Caps. 74, 75, 78, 79, 80, 81)",38110054.0,145191552.0,1873142.0,185174748.0,158,0.2058058909846606,MEDIA,2026-08,DADO_CALCULADO_SOBRE_DADOS_OFICIAIS
2024-10,Minerais e Materiais de Mineração (Não Metálicos),116784938.0,167880341.0,4098096.0,288763375.0,78,0.40443126833518966,FORA_DAS_FAIXAS_NT,2026-08,DADO_CALCULADO_SOBRE_DADOS_OFICIAIS
2024-10,Minérios e Subprodutos da Metalurgia (NCMs do Cap. 26),1506186.0,46675.0,0.0,1552861.0,29,0.9699425769595604,FORA_DAS_FAIXAS_NT,2026-08,DADO_CALCULADO_SOBRE_DADOS_OFICIAIS
2024-10,Mobiliário e Iluminação,526764342.0,428225832.0,26348128.0,981338302.0,105,0.5367815980752375,FORA_DAS_FAIXAS_NT,2026-08,DADO_CALCULADO_SOBRE_DADOS_OFICIAIS
2024-10,Motocicletas,0.0,66692266.0,0.0,66692266.0,9,0.0,CRITICA,2026-08,DADO_CALCULADO_SOBRE_DADOS_OFICIAIS
2024-10,Máquinas e Equipamentos Industriais,763705550.0,1564976465.0,319002101.0,2647684116.0,792,0.28844284912422685,MEDIA,2026-08,DADO_CALCULADO_SOBRE_DADOS_OFICIAIS
2024-10,Máquinas e Implementos Agrícolas,332615494.0,228675450.0,22712730.0,584003674.0,41,0.569543495714378,FORA_DAS_FAIXAS_NT,2026-08,DADO_CALCULADO_SOBRE_DADOS_OFICIAIS
2024-10,Objetos de Arte e Coleções,959740.0,3807460.0,0.0,4767200.0,24,0.20132153045813056,MEDIA,2026-08,DADO_CALCULADO_SOBRE_DADOS_OFICIAIS
2024-10,Obras de Espartaria e Cestaria,49545.0,2178070.0,0.0,2227615.0,11,0.022241275983507024,CRITICA,2026-08,DADO_CALCULADO_SOBRE_DADOS_OFICIAIS
2024-10,Obras de Ferro ou Aço,481273893.0,557316352.0,67209389.0,1105799634.0,155,0.43522703227807363,FORA_DAS_FAIXAS_NT,2026-08,DADO_CALCULADO_SOBRE_DADOS_OFICIAIS
2024-10,Outras Fibras Têxteis Vegetais,48858.0,3037846.0,0.0,3086704.0,28,0.015828534255309223,CRITICA,2026-08,DADO_CALCULADO_SOBRE_DADOS_OFICIAIS
2024-10,Outros,0.0,1681196.0,0.0,1681196.0,9,0.0,CRITICA,2026-08,DADO_CALCULADO_SOBRE_DADOS_OFICIAIS
2024-10,Ovos,13655849.0,10186019.0,0.0,23841868.0,9,0.572767578446454,FORA_DAS_FAIXAS_NT,2026-08,DADO_CALCULADO_SOBRE_DADOS_OFICIAIS
2024-10,Papel e Papelão,343990950.0,526094476.0,24780773.0,894866199.0,173,0.3844048980556031,FORA_DAS_FAIXAS_NT,2026-08,DADO_CALCULADO_SOBRE_DADOS_OFICIAIS
2024-10,Pasta Química e Pasta Mecânica,1422422.0,13189266.0,0.0,14611688.0,17,0.09734823245609953,ALTA,2026-08,DADO_CALCULADO_SOBRE_DADOS_OFICIAIS
2024-10,Perfumaria e Cosméticos,35724890.0,556398611.0,3651376.0,595774877.0,57,0.05996374029715926,ALTA,2026-08,DADO_CALCULADO_SOBRE_DADOS_OFICIAIS
2024-10,Pescados e Frutos do Mar,3247707.0,53648847.0,10201278.0,67097832.0,183,0.048402562395756694,CRITICA,2026-08,DADO_CALCULADO_SOBRE_DADOS_OFICIAIS
2024-10,Pescados e Frutos do Mar - Preparações e Conservas,379032.0,9690739.0,0.0,10069771.0,31,0.03764057792376808,CRITICA,2026-08,DADO_CALCULADO_SOBRE_DADOS_OFICIAIS
2024-10,Peças e Acessórios Automotivos,430582529.0,1014500564.0,234213996.0,1679297089.0,129,0.2564064046918621,MEDIA,2026-08,DADO_CALCULADO_SOBRE_DADOS_OFICIAIS
2024-10,Plantas Vivas e Floricultura,121768.0,31346170.0,0.0,31467938.0,30,0.0038695894214612983,CRITICA,2026-08,DADO_CALCULADO_SOBRE_DADOS_OFICIAIS
2024-10,Plásticos e Suas Obras,739145553.0,1437788753.0,158050655.0,2334984961.0,316,0.316552596845612,FORA_DAS_FAIXAS_NT,2026-08,DADO_CALCULADO_SOBRE_DADOS_OFICIAIS
2024-10,"Pneumáticos, Câmaras e Protetores",26044413.0,331262955.0,16154142.0,373461510.0,23,0.06973787740535832,ALTA,2026-08,DADO_CALCULADO_SOBRE_DADOS_OFICIAIS
2024-10,"Preparações Alimentícias Diversas (Molhos, Condimentos, etc)",29822968.0,254662464.0,120150.0,284605582.0,23,0.10478701011563435,ALTA,2026-08,DADO_CALCULADO_SOBRE_DADOS_OFICIAIS
2024-10,Preparações de Carne,153103566.0,99589973.0,0.0,252693539.0,15,0.6058863499473962,FORA_DAS_FAIXAS_NT,2026-08,DADO_CALCULADO_SOBRE_DADOS_OFICIAIS
2024-10,"Preparações, Suplementos e Complementos alimentares",13021713.0,171125494.0,1883663.0,186030870.0,27,0.06999759233507859,ALTA,2026-08,DADO_CALCULADO_SOBRE_DADOS_OFICIAIS
2024-10,"Produtos Cerâmicos, Porcelana e Refratários",43881637.0,152843858.0,853902.0,197579397.0,56,0.2220962188684076,MEDIA,2026-08,DADO_CALCULADO_SOBRE_DADOS_OFICIAIS
2024-10,"Produtos Editoriais, Impressos e Materiais Gráficos",37334978.0,197113710.0,1871602.0,236320290.0,40,0.1579846487155208,MEDIA,2026-08,DADO_CALCULADO_SOBRE_DADOS_OFICIAIS
2024-10,Produtos Farmacêuticos,1177502.0,77744048.0,0.0,78921550.0,46,0.014919904639480598,CRITICA,2026-08,DADO_CALCULADO_SOBRE_DADOS_OFICIAIS
2024-10,Produtos Fotográficos,445637.0,8286290.0,0.0,8731927.0,51,0.05103535565517211,ALTA,2026-08,DADO_CALCULADO_SOBRE_DADOS_OFICIAIS
2024-10,"Produtos Minerais: Pedra, Cimento, Gesso, Amianto e Abrasivos",211088114.0,143519442.0,4517820.0,359125376.0,67,0.5877838997375668,FORA_DAS_FAIXAS_NT,2026-08,DADO_CALCULADO_SOBRE_DADOS_OFICIAIS
2024-10,Produtos Químicos Diversos,125038473.0,1579448937.0,117153134.0,1821640544.0,258,0.06864058521964914,ALTA,2026-08,DADO_CALCULADO_SOBRE_DADOS_OFICIAIS
2024-10,Produtos de Origem Animal (Não Alimentares),26019369.0,11424241.0,0.0,37443610.0,30,0.6948947764384897,FORA_DAS_FAIXAS_NT,2026-08,DADO_CALCULADO_SOBRE_DADOS_OFICIAIS
2024-10,Químicos Inorgânicos,57500401.0,212260531.0,19755094.0,289516026.0,299,0.19860869808982526,MEDIA,2026-08,DADO_CALCULADO_SOBRE_DADOS_OFICIAIS
2024-10,Químicos Orgânicos,364974036.0,175127793.0,49378404.0,589480233.0,852,0.619145504069854,FORA_DAS_FAIXAS_NT,2026-08,DADO_CALCULADO_SOBRE_DADOS_OFICIAIS
2024-10,Resíduos para Alimentação Animal,700624605.0,330748934.0,698904.0,1032072443.0,37,0.6788521578615582,FORA_DAS_FAIXAS_NT,2026-08,DADO_CALCULADO_SOBRE_DADOS_OFICIAIS
2024-10,"Sabões e Preparações de Limpeza, Ceras e Pastas",84960989.0,293215801.0,18134253.0,396311043.0,59,0.2143795649923386,MEDIA,2026-08,DADO_CALCULADO_SOBRE_DADOS_OFICIAIS
2024-10,Siderurgia – Ferro e Aço,662430481.0,1099136365.0,21094725.0,1782661571.0,204,0.3715963207915026,FORA_DAS_FAIXAS_NT,2026-08,DADO_CALCULADO_SOBRE_DADOS_OFICIAIS
2024-10,"Soja, Oleaginosas e Sementes",61776369.0,210262059.0,0.0,272038428.0,36,0.2270869209698565,MEDIA,2026-08,DADO_CALCULADO_SOBRE_DADOS_OFICIAIS
2024-10,Sucos e Bebidas à Base de Frutas/Vegetais,61399883.0,19133014.0,0.0,80532897.0,23,0.7624198965548203,FORA_DAS_FAIXAS_NT,2026-08,DADO_CALCULADO_SOBRE_DADOS_OFICIAIS
2024-10,Tabaco e Sucedâneos,116712405.0,212275767.0,45482303.0,374470475.0,24,0.3116731833130503,FORA_DAS_FAIXAS_NT,2026-08,DADO_CALCULADO_SOBRE_DADOS_OFICIAIS
2024-10,Tecidos Impregnados/Revestidos/Laminados,31422977.0,40806726.0,19258564.0,91488267.0,26,0.34346455595229497,FORA_DAS_FAIXAS_NT,2026-08,DADO_CALCULADO_SOBRE_DADOS_OFICIAIS
2024-10,Tecidos Sintéticos (Inclusive Malhas),17858188.0,72941612.0,1995984.0,92795784.0,81,0.19244611371568346,MEDIA,2026-08,DADO_CALCULADO_SOBRE_DADOS_OFICIAIS
2024-10,"Tintas, Pigmentos e Corantes",131806416.0,273199001.0,20122195.0,425127612.0,94,0.3100396499298662,FORA_DAS_FAIXAS_NT,2026-08,DADO_CALCULADO_SOBRE_DADOS_OFICIAIS
2024-10,Toucinho e Gorduras Não Fundidas,3090102.0,4023336.0,0.0,7113438.0,5,0.4344034487964891,FORA_DAS_FAIXAS_NT,2026-08,DADO_CALCULADO_SOBRE_DADOS_OFICIAIS
2024-10,Tratores,7851798.0,673269483.0,6683413.0,687804694.0,12,0.011415737735572942,CRITICA,2026-08,DADO_CALCULADO_SOBRE_DADOS_OFICIAIS
2024-10,"Têxteis Naturais (Algodão, Lã, Seda e Afins)",63148426.0,253801817.0,11335864.0,328286107.0,316,0.19235789956837862,MEDIA,2026-08,DADO_CALCULADO_SOBRE_DADOS_OFICIAIS
2024-10,Vacinas e Soros,2273085.0,749969637.0,0.0,752242722.0,38,0.003021744090732459,CRITICA,2026-08,DADO_CALCULADO_SOBRE_DADOS_OFICIAIS
2024-10,Vestuário Tecido (Plano),48824060.0,382217956.0,0.0,431042016.0,119,0.11326983956942147,ALTA,2026-08,DADO_CALCULADO_SOBRE_DADOS_OFICIAIS
2024-10,Vestuário de Malha,72483368.0,510689434.0,1543072.0,584715874.0,134,0.12396340038478244,ALTA,2026-08,DADO_CALCULADO_SOBRE_DADOS_OFICIAIS
2024-10,Veículos Comerciais (Caminhões e Carga) e Ônibus,310791014.0,805592922.0,23731930.0,1140115866.0,45,0.27259599069556323,MEDIA,2026-08,DADO_CALCULADO_SOBRE_DADOS_OFICIAIS
2024-10,Veículos Leves e de Passageiros,0.0,1124788964.0,0.0,1124788964.0,21,0.0,CRITICA,2026-08,DADO_CALCULADO_SOBRE_DADOS_OFICIAIS
2024-10,Vidro e Suas Obras,105127119.0,174594497.0,34955940.0,314677556.0,87,0.3340788594404871,FORA_DAS_FAIXAS_NT,2026-08,DADO_CALCULADO_SOBRE_DADOS_OFICIAIS
2024-10,Óleos Brutos de Petróleo,0.0,63786262.0,493354697.0,557140959.0,2,0.0,CRITICA,2026-08,DADO_CALCULADO_SOBRE_DADOS_OFICIAIS
2024-10,Óleos e Gorduras Vegetais/animais,229481077.0,232287887.0,52585487.0,514354451.0,62,0.4461535747456767,FORA_DAS_FAIXAS_NT,2026-08,DADO_CALCULADO_SOBRE_DADOS_OFICIAIS
2024-10,"Óptica, Instrumentos e Aparelhos de Precisão",36839489.0,223680511.0,55275411.0,315795411.0,249,0.11665618852200484,ALTA,2026-08,DADO_CALCULADO_SOBRE_DADOS_OFICIAIS
2024-11,Acessórios Pessoais e Artigos de Uso Pessoal,17901916.0,187895788.0,1891915.0,207689619.0,57,0.08619552621934368,ALTA,2026-08,DADO_CALCULADO_SOBRE_DADOS_OFICIAIS
2024-11,Adubos e Fertilizantes,1032305247.0,109655013.0,817327956.0,1959288216.0,34,0.5268776888310546,FORA_DAS_FAIXAS_NT,2026-08,DADO_CALCULADO_SOBRE_DADOS_OFICIAIS
2024-11,Aeronaves e Espaço,270740.0,5334308.0,693078.0,6298126.0,30,0.04298739021734402,CRITICA,2026-08,DADO_CALCULADO_SOBRE_DADOS_OFICIAIS
2024-11,Alumínio e Suas Obras,177055716.0,321980542.0,18520849.0,517557107.0,54,0.3420988980835307,FORA_DAS_FAIXAS_NT,2026-08,DADO_CALCULADO_SOBRE_DADOS_OFICIAIS
2024-11,Animais Vivos e Genética,15134608.0,72926402.0,0.0,88061010.0,48,0.1718650285750754,MEDIA,2026-08,DADO_CALCULADO_SOBRE_DADOS_OFICIAIS
2024-11,Aparelhos Telefônicos,2314353.0,481577114.0,8037574.0,491929041.0,53,0.004704648042927801,CRITICA,2026-08,DADO_CALCULADO_SOBRE_DADOS_OFICIAIS
2024-11,Armas e Munições,28104854.0,22936894.0,0.0,51041748.0,26,0.5506248336165916,FORA_DAS_FAIXAS_NT,2026-08,DADO_CALCULADO_SOBRE_DADOS_OFICIAIS
2024-11,Artefatos de Metal Diversos,83621582.0,94162698.0,24061424.0,201845704.0,40,0.4142846755856642,FORA_DAS_FAIXAS_NT,2026-08,DADO_CALCULADO_SOBRE_DADOS_OFICIAIS
2024-11,"Açúcares, Sacarídeos e Produtos de Confeitaria (sem cacau)",77162712.0,242945695.0,438830.0,320547237.0,30,0.2407218128665386,MEDIA,2026-08,DADO_CALCULADO_SOBRE_DADOS_OFICIAIS
2024-11,Bebidas Alcoólicas,362256042.0,277299017.0,23387474.0,662942533.0,26,0.5464365672250509,FORA_DAS_FAIXAS_NT,2026-08,DADO_CALCULADO_SOBRE_DADOS_OFICIAIS
2024-11,Bebidas Não Alcoólicas (Exceto Sucos),310393079.0,211601956.0,11454063.0,533449098.0,5,0.581860725163322,FORA_DAS_FAIXAS_NT,2026-08,DADO_CALCULADO_SOBRE_DADOS_OFICIAIS
2024-11,Biodiesel,399544379.0,3215771.0,0.0,402760150.0,1,0.9920156673891397,FORA_DAS_FAIXAS_NT,2026-08,DADO_CALCULADO_SOBRE_DADOS_OFICIAIS
2024-11,Borracha e Suas Obras (Exceto Pneumáticos),65189331.0,222373790.0,38959278.0,326522399.0,90,0.19964734792972044,MEDIA,2026-08,DADO_CALCULADO_SOBRE_DADOS_OFICIAIS
2024-11,"Brinquedos, Jogos e Artigos de Lazer",20669290.0,247355332.0,9759346.0,277783968.0,74,0.07440778583737417,ALTA,2026-08,DADO_CALCULADO_SOBRE_DADOS_OFICIAIS
2024-11,Cabos e Fios,33080441.0,287098185.0,8467118.0,328645744.0,13,0.10065683674272684,ALTA,2026-08,DADO_CALCULADO_SOBRE_DADOS_OFICIAIS
2024-11,Cacau e Preparações,36172396.0,204256072.0,2228403.0,242656871.0,13,0.14906808882407455,ALTA,2026-08,DADO_CALCULADO_SOBRE_DADOS_OFICIAIS
2024-11,Café,655778.0,119503990.0,0.0,120159768.0,10,0.0054575504839523324,CRITICA,2026-08,DADO_CALCULADO_SOBRE_DADOS_OFICIAIS
2024-11,Calçados,434910118.0,336228969.0,1749767.0,772888854.0,36,0.562707193601216,FORA_DAS_FAIXAS_NT,2026-08,DADO_CALCULADO_SOBRE_DADOS_OFICIAIS
2024-11,Carnes Preparadas (Defumadas/Salgadas),7914469.0,14618578.0,0.0,22533047.0,6,0.35123829458128764,FORA_DAS_FAIXAS_NT,2026-08,DADO_CALCULADO_SOBRE_DADOS_OFICIAIS
2024-11,Carnes de Bovinos,712495475.0,252150624.0,0.0,964646099.0,16,0.7386081545746239,FORA_DAS_FAIXAS_NT,2026-08,DADO_CALCULADO_SOBRE_DADOS_OFICIAIS
2024-11,Carnes de Espécies Exóticas/Diversas e Subprodutos,2235626.0,118676.0,0.0,2354302.0,9,0.9495918535514984,FORA_DAS_FAIXAS_NT,2026-08,DADO_CALCULADO_SOBRE_DADOS_OFICIAIS
2024-11,Carnes de Frango,320593639.0,210965241.0,1811289.0,533370169.0,22,0.6010715589907691,FORA_DAS_FAIXAS_NT,2026-08,DADO_CALCULADO_SOBRE_DADOS_OFICIAIS
2024-11,Carnes de Outras Aves (Exceto Frango),0.0,1202538.0,0.0,1202538.0,11,0.0,CRITICA,2026-08,DADO_CALCULADO_SOBRE_DADOS_OFICIAIS
2024-11,Carnes de Ovinos e Caprinos,5305873.0,259920.0,0.0,5565793.0,13,0.9533004551193334,FORA_DAS_FAIXAS_NT,2026-08,DADO_CALCULADO_SOBRE_DADOS_OFICIAIS
2024-11,Carnes de Suínos,104669006.0,53130771.0,0.0,157799777.0,10,0.6633026230448982,FORA_DAS_FAIXAS_NT,2026-08,DADO_CALCULADO_SOBRE_DADOS_OFICIAIS
2024-11,Cereais e Grãos (exceto soja),188479810.0,366837459.0,171036572.0,726353841.0,41,0.2594875931825629,MEDIA,2026-08,DADO_CALCULADO_SOBRE_DADOS_OFICIAIS
2024-11,Chás e Especiarias,5770903.0,8507562.0,0.0,14278465.0,41,0.404168305206477,FORA_DAS_FAIXAS_NT,2026-08,DADO_CALCULADO_SOBRE_DADOS_OFICIAIS
2024-11,Combustíveis e Derivados de Petróleo,354383926.0,197432685.0,9715659.0,561532270.0,62,0.6311016212834928,FORA_DAS_FAIXAS_NT,2026-08,DADO_CALCULADO_SOBRE_DADOS_OFICIAIS
2024-11,Componentes Elétricos e Eletrônicos,146308565.0,701741343.0,214359272.0,1062409180.0,324,0.1377139502879672,ALTA,2026-08,DADO_CALCULADO_SOBRE_DADOS_OFICIAIS
2024-11,Conservas de Frutas e Hortícolas,49510927.0,157129324.0,11250039.0,217890290.0,49,0.22722869844268875,MEDIA,2026-08,DADO_CALCULADO_SOBRE_DADOS_OFICIAIS
2024-11,Couros e Suas Obras,142173309.0,141894003.0,11900274.0,295967586.0,103,0.48036783663194793,FORA_DAS_FAIXAS_NT,2026-08,DADO_CALCULADO_SOBRE_DADOS_OFICIAIS
2024-11,Eletrodomésticos (Linha Branca + Portáteis),115585728.0,911036829.0,36733006.0,1063355563.0,106,0.1086990391754785,ALTA,2026-08,DADO_CALCULADO_SOBRE_DADOS_OFICIAIS
2024-11,Eletrônicos de Consumo – Comunicação/Imagem,1658872.0,196888910.0,27639451.0,226187233.0,50,0.007334065579200927,CRITICA,2026-08,DADO_CALCULADO_SOBRE_DADOS_OFICIAIS
2024-11,Eletrônicos de Consumo – Informática/TIC,4606691.0,315976283.0,6055753.0,326638727.0,138,0.0141033215574588,CRITICA,2026-08,DADO_CALCULADO_SOBRE_DADOS_OFICIAIS
2024-11,Eletrônicos de Consumo – Áudio/Vídeo,3154403.0,64687231.0,111051729.0,178893363.0,34,0.01763286768777442,CRITICA,2026-08,DADO_CALCULADO_SOBRE_DADOS_OFICIAIS
2024-11,Embarcações e Estruturas Flutuantes,257721.0,9830742.0,0.0,10088463.0,28,0.02554611143441771,CRITICA,2026-08,DADO_CALCULADO_SOBRE_DADOS_OFICIAIS
2024-11,Erva-mate,31170193.0,34705241.0,0.0,65875434.0,2,0.4731686928999967,FORA_DAS_FAIXAS_NT,2026-08,DADO_CALCULADO_SOBRE_DADOS_OFICIAIS
2024-11,Etanol e Álcool Etílico,2217275.0,580899642.0,0.0,583116917.0,6,0.0038024535652427314,CRITICA,2026-08,DADO_CALCULADO_SOBRE_DADOS_OFICIAIS
2024-11,Explosivos e Pirotecnia,1157.0,3408553.0,0.0,3409710.0,14,0.00033932504523845135,CRITICA,2026-08,DADO_CALCULADO_SOBRE_DADOS_OFICIAIS
2024-11,"Farinha, Malte e Preparações de Cereais",192833821.0,102096191.0,13324156.0,308254168.0,36,0.6255676030307561,FORA_DAS_FAIXAS_NT,2026-08,DADO_CALCULADO_SOBRE_DADOS_OFICIAIS
2024-11,"Feltros, Passamanarias, Têxteis Técnicos",16143484.0,44487863.0,1166170.0,61797517.0,75,0.26123191972259985,MEDIA,2026-08,DADO_CALCULADO_SOBRE_DADOS_OFICIAIS
2024-11,Ferramentas e Cutelaria (Metais Comuns),54734874.0,104241375.0,30323827.0,189300076.0,85,0.2891434338357054,MEDIA,2026-08,DADO_CALCULADO_SOBRE_DADOS_OFICIAIS
2024-11,Fibras Sintéticas/Descontínuas – Têxteis,4115649.0,17848554.0,4212149.0,26176352.0,120,0.15722775274415626,MEDIA,2026-08,DADO_CALCULADO_SOBRE_DADOS_OFICIAIS
2024-11,Filamentos Sintéticos – Têxteis Técnicos,13936719.0,71096557.0,687487.0,85720763.0,89,0.1625827688911262,MEDIA,2026-08,DADO_CALCULADO_SOBRE_DADOS_OFICIAIS
2024-11,Frutas e Hortícolas,26717686.0,305035224.0,55387413.0,387140323.0,170,0.06901292480452882,ALTA,2026-08,DADO_CALCULADO_SOBRE_DADOS_OFICIAIS
2024-11,Instrumentos Musicais,77123.0,11734878.0,0.0,11812001.0,19,0.006529207032745764,CRITICA,2026-08,DADO_CALCULADO_SOBRE_DADOS_OFICIAIS
2024-11,Instrumentos Médicos,20566610.0,256530129.0,22154743.0,299251482.0,112,0.06872684426672279,ALTA,2026-08,DADO_CALCULADO_SOBRE_DADOS_OFICIAIS
2024-11,"Joias, Bijuterias, Metais Preciosos e Relógios",17282018.0,77969983.0,4143405.0,99395406.0,107,0.17387139602810214,MEDIA,2026-08,DADO_CALCULADO_SOBRE_DADOS_OFICIAIS
2024-11,Laticínios,436827677.0,274928500.0,0.0,711756177.0,44,0.6137321896399924,FORA_DAS_FAIXAS_NT,2026-08,DADO_CALCULADO_SOBRE_DADOS_OFICIAIS
2024-11,Madeira e Cortiça - Produtos e Obras,270295026.0,293520327.0,2412275.0,566227628.0,154,0.47736106935424916,FORA_DAS_FAIXAS_NT,2026-08,DADO_CALCULADO_SOBRE_DADOS_OFICIAIS
2024-11,Massas e Panificação,209814574.0,315942741.0,1793762.0,527551077.0,20,0.3977142368718925,FORA_DAS_FAIXAS_NT,2026-08,DADO_CALCULADO_SOBRE_DADOS_OFICIAIS
2024-11,Material Ferroviário e Contêineres,4976445.0,4327495.0,0.0,9303940.0,20,0.5348750099420245,FORA_DAS_FAIXAS_NT,2026-08,DADO_CALCULADO_SOBRE_DADOS_OFICIAIS
2024-11,Medicamentos,7877375.0,1374577077.0,311277.0,1382765729.0,220,0.005696825452636019,CRITICA,2026-08,DADO_CALCULADO_SOBRE_DADOS_OFICIAIS
2024-11,Mel e Outros Produtos Comestíveis de Origem Animal,434350.0,1371008.0,0.0,1805358.0,3,0.2405894011049332,MEDIA,2026-08,DADO_CALCULADO_SOBRE_DADOS_OFICIAIS
2024-11,"Metais Não Ferrosos e Suas Obras (NCMs dos Caps. 74, 75, 78, 79, 80, 81)",37516175.0,117579912.0,1480698.0,156576785.0,158,0.23960240976974972,MEDIA,2026-08,DADO_CALCULADO_SOBRE_DADOS_OFICIAIS
2024-11,Minerais e Materiais de Mineração (Não Metálicos),104554250.0,159250093.0,3426122.0,267230465.0,76,0.39125123701745607,FORA_DAS_FAIXAS_NT,2026-08,DADO_CALCULADO_SOBRE_DADOS_OFICIAIS
2024-11,Minérios e Subprodutos da Metalurgia (NCMs do Cap. 26),1432480.0,626193.0,0.0,2058673.0,29,0.695826874884938,FORA_DAS_FAIXAS_NT,2026-08,DADO_CALCULADO_SOBRE_DADOS_OFICIAIS
2024-11,Mobiliário e Iluminação,510545056.0,441495407.0,24186987.0,976227450.0,103,0.5229775663448103,FORA_DAS_FAIXAS_NT,2026-08,DADO_CALCULADO_SOBRE_DADOS_OFICIAIS
2024-11,Motocicletas,0.0,62667804.0,0.0,62667804.0,9,0.0,CRITICA,2026-08,DADO_CALCULADO_SOBRE_DADOS_OFICIAIS
2024-11,Máquinas e Equipamentos Industriais,715896985.0,1438403037.0,287276238.0,2441576260.0,783,0.2932109869875619,MEDIA,2026-08,DADO_CALCULADO_SOBRE_DADOS_OFICIAIS
2024-11,Máquinas e Implementos Agrícolas,255536436.0,219059257.0,20152123.0,494747816.0,41,0.5164983608538052,FORA_DAS_FAIXAS_NT,2026-08,DADO_CALCULADO_SOBRE_DADOS_OFICIAIS
2024-11,Objetos de Arte e Coleções,725080.0,4861696.0,0.0,5586776.0,25,0.12978504955272951,ALTA,2026-08,DADO_CALCULADO_SOBRE_DADOS_OFICIAIS
2024-11,Obras de Espartaria e Cestaria,102280.0,2682887.0,617471.0,3402638.0,11,0.030059030669733307,CRITICA,2026-08,DADO_CALCULADO_SOBRE_DADOS_OFICIAIS
2024-11,Obras de Ferro ou Aço,514701878.0,519997441.0,58753176.0,1093452495.0,157,0.4707126101532193,FORA_DAS_FAIXAS_NT,2026-08,DADO_CALCULADO_SOBRE_DADOS_OFICIAIS
2024-11,Outras Fibras Têxteis Vegetais,37713.0,2354345.0,0.0,2392058.0,30,0.015765922063762667,CRITICA,2026-08,DADO_CALCULADO_SOBRE_DADOS_OFICIAIS
2024-11,Outros,0.0,1377400.0,0.0,1377400.0,10,0.0,CRITICA,2026-08,DADO_CALCULADO_SOBRE_DADOS_OFICIAIS
2024-11,Ovos,12076085.0,11771452.0,0.0,23847537.0,9,0.5063870956568807,FORA_DAS_FAIXAS_NT,2026-08,DADO_CALCULADO_SOBRE_DADOS_OFICIAIS
2024-11,Papel e Papelão,315925597.0,524889729.0,17359358.0,858174684.0,175,0.3681367009423457,FORA_DAS_FAIXAS_NT,2026-08,DADO_CALCULADO_SOBRE_DADOS_OFICIAIS
2024-11,Pasta Química e Pasta Mecânica,1164987.0,11495783.0,0.0,12660770.0,19,0.09201549352843469,ALTA,2026-08,DADO_CALCULADO_SOBRE_DADOS_OFICIAIS
2024-11,Perfumaria e Cosméticos,31917059.0,576818862.0,4830025.0,613565946.0,58,0.05201895445481585,ALTA,2026-08,DADO_CALCULADO_SOBRE_DADOS_OFICIAIS
2024-11,Pescados e Frutos do Mar,3040793.0,53474154.0,9416439.0,65931386.0,192,0.046120568434584404,CRITICA,2026-08,DADO_CALCULADO_SOBRE_DADOS_OFICIAIS
2024-11,Pescados e Frutos do Mar - Preparações e Conservas,395423.0,16096824.0,0.0,16492247.0,30,0.02397629625605292,CRITICA,2026-08,DADO_CALCULADO_SOBRE_DADOS_OFICIAIS
2024-11,Peças e Acessórios Automotivos,444917456.0,1122412558.0,227177761.0,1794507775.0,126,0.24793286615879945,MEDIA,2026-08,DADO_CALCULADO_SOBRE_DADOS_OFICIAIS
2024-11,Plantas Vivas e Floricultura,136477.0,26157592.0,0.0,26294069.0,30,0.005190410050266468,CRITICA,2026-08,DADO_CALCULADO_SOBRE_DADOS_OFICIAIS
2024-11,Plásticos e Suas Obras,688483755.0,1341957657.0,149404079.0,2179845491.0,321,0.3158406216599138,FORA_DAS_FAIXAS_NT,2026-08,DADO_CALCULADO_SOBRE_DADOS_OFICIAIS
2024-11,"Pneumáticos, Câmaras e Protetores",25847066.0,320326302.0,2680508.0,348853876.0,21,0.07409138260513408,ALTA,2026-08,DADO_CALCULADO_SOBRE_DADOS_OFICIAIS
2024-11,"Preparações Alimentícias Diversas (Molhos, Condimentos, etc)",29884000.0,254313963.0,545044.0,284743007.0,23,0.10495077759714745,ALTA,2026-08,DADO_CALCULADO_SOBRE_DADOS_OFICIAIS
2024-11,Preparações de Carne,138461944.0,102579641.0,0.0,241041585.0,15,0.5744317686925267,FORA_DAS_FAIXAS_NT,2026-08,DADO_CALCULADO_SOBRE_DADOS_OFICIAIS
2024-11,"Preparações, Suplementos e Complementos alimentares",13432946.0,181552487.0,3003403.0,197988836.0,27,0.06784698708971651,ALTA,2026-08,DADO_CALCULADO_SOBRE_DADOS_OFICIAIS
2024-11,"Produtos Cerâmicos, Porcelana e Refratários",43145371.0,137308337.0,914232.0,181367940.0,55,0.2378886312542338,MEDIA,2026-08,DADO_CALCULADO_SOBRE_DADOS_OFICIAIS
2024-11,"Produtos Editoriais, Impressos e Materiais Gráficos",32781187.0,225890662.0,1318522.0,259990371.0,40,0.12608615801390582,ALTA,2026-08,DADO_CALCULADO_SOBRE_DADOS_OFICIAIS
2024-11,Produtos Farmacêuticos,970263.0,82165715.0,909046.0,84045024.0,45,0.011544562114706518,CRITICA,2026-08,DADO_CALCULADO_SOBRE_DADOS_OFICIAIS
2024-11,Produtos Fotográficos,405208.0,8780640.0,0.0,9185848.0,47,0.04411220390322156,CRITICA,2026-08,DADO_CALCULADO_SOBRE_DADOS_OFICIAIS
2024-11,"Produtos Minerais: Pedra, Cimento, Gesso, Amianto e Abrasivos",196822005.0,130614019.0,7329807.0,334765831.0,67,0.587939349759982,FORA_DAS_FAIXAS_NT,2026-08,DADO_CALCULADO_SOBRE_DADOS_OFICIAIS
2024-11,Produtos Químicos Diversos,126655782.0,1348575106.0,73696682.0,1548927570.0,254,0.08176998360226748,ALTA,2026-08,DADO_CALCULADO_SOBRE_DADOS_OFICIAIS
2024-11,Produtos de Origem Animal (Não Alimentares),23895740.0,10920943.0,0.0,34816683.0,32,0.6863301710849365,FORA_DAS_FAIXAS_NT,2026-08,DADO_CALCULADO_SOBRE_DADOS_OFICIAIS
2024-11,Químicos Inorgânicos,60452691.0,191255316.0,16572397.0,268280404.0,293,0.22533397929429091,MEDIA,2026-08,DADO_CALCULADO_SOBRE_DADOS_OFICIAIS
2024-11,Químicos Orgânicos,40166026.0,193102794.0,32955863.0,266224683.0,805,0.1508726596924899,MEDIA,2026-08,DADO_CALCULADO_SOBRE_DADOS_OFICIAIS
2024-11,Resíduos para Alimentação Animal,855602488.0,330009850.0,0.0,1185612338.0,37,0.7216545076136007,FORA_DAS_FAIXAS_NT,2026-08,DADO_CALCULADO_SOBRE_DADOS_OFICIAIS
2024-11,"Sabões e Preparações de Limpeza, Ceras e Pastas",83220380.0,271628966.0,11599084.0,366448430.0,57,0.22709984048778706,MEDIA,2026-08,DADO_CALCULADO_SOBRE_DADOS_OFICIAIS
2024-11,Siderurgia – Ferro e Aço,610392896.0,1005920256.0,20475905.0,1636789057.0,206,0.37292092917505376,FORA_DAS_FAIXAS_NT,2026-08,DADO_CALCULADO_SOBRE_DADOS_OFICIAIS
2024-11,"Soja, Oleaginosas e Sementes",29433376.0,101578543.0,1384982.0,132396901.0,38,0.22231166876028313,MEDIA,2026-08,DADO_CALCULADO_SOBRE_DADOS_OFICIAIS
2024-11,Sucos e Bebidas à Base de Frutas/Vegetais,54329186.0,18538310.0,0.0,72867496.0,23,0.7455887601791613,FORA_DAS_FAIXAS_NT,2026-08,DADO_CALCULADO_SOBRE_DADOS_OFICIAIS
2024-11,Tabaco e Sucedâneos,108174126.0,179531064.0,22401181.0,310106371.0,26,0.34882909903195763,FORA_DAS_FAIXAS_NT,2026-08,DADO_CALCULADO_SOBRE_DADOS_OFICIAIS
2024-11,Tecidos Impregnados/Revestidos/Laminados,25626142.0,40160730.0,17827236.0,83614108.0,26,0.3064810785280398,FORA_DAS_FAIXAS_NT,2026-08,DADO_CALCULADO_SOBRE_DADOS_OFICIAIS
2024-11,Tecidos Sintéticos (Inclusive Malhas),17504561.0,67144978.0,1726498.0,86376037.0,79,0.20265529199956234,MEDIA,2026-08,DADO_CALCULADO_SOBRE_DADOS_OFICIAIS
2024-11,"Tintas, Pigmentos e Corantes",137941194.0,268305436.0,29416108.0,435662738.0,96,0.31662380545384167,FORA_DAS_FAIXAS_NT,2026-08,DADO_CALCULADO_SOBRE_DADOS_OFICIAIS
2024-11,Toucinho e Gorduras Não Fundidas,2624864.0,3215526.0,0.0,5840390.0,5,0.4494330001934802,FORA_DAS_FAIXAS_NT,2026-08,DADO_CALCULADO_SOBRE_DADOS_OFICIAIS
2024-11,Tratores,6072931.0,476220298.0,16404233.0,498697462.0,12,0.012177585535817305,CRITICA,2026-08,DADO_CALCULADO_SOBRE_DADOS_OFICIAIS
2024-11,"Têxteis Naturais (Algodão, Lã, Seda e Afins)",55646189.0,226189572.0,7701577.0,289537338.0,315,0.1921900276640659,MEDIA,2026-08,DADO_CALCULADO_SOBRE_DADOS_OFICIAIS
2024-11,Vacinas e Soros,306315.0,597648673.0,5061474.0,603016462.0,38,0.0005079712069286759,CRITICA,2026-08,DADO_CALCULADO_SOBRE_DADOS_OFICIAIS
2024-11,Vestuário Tecido (Plano),42727006.0,394792106.0,243537.0,437762649.0,119,0.09760313287943394,ALTA,2026-08,DADO_CALCULADO_SOBRE_DADOS_OFICIAIS
2024-11,Vestuário de Malha,64472818.0,514751414.0,776194.0,580000426.0,137,0.11115994938941648,ALTA,2026-08,DADO_CALCULADO_SOBRE_DADOS_OFICIAIS
2024-11,Veículos Comerciais (Caminhões e Carga) e Ônibus,317817482.0,717281977.0,25304957.0,1060404416.0,48,0.2997134651691228,MEDIA,2026-08,DADO_CALCULADO_SOBRE_DADOS_OFICIAIS
2024-11,Veículos Leves e de Passageiros,0.0,1157502226.0,0.0,1157502226.0,20,0.0,CRITICA,2026-08,DADO_CALCULADO_SOBRE_DADOS_OFICIAIS
2024-11,Vidro e Suas Obras,97921466.0,189895200.0,23074266.0,310890932.0,89,0.31497047974368064,FORA_DAS_FAIXAS_NT,2026-08,DADO_CALCULADO_SOBRE_DADOS_OFICIAIS
2024-11,Óleos Brutos de Petróleo,0.0,0.0,610667063.0,610667063.0,2,0.0,CRITICA,2026-08,DADO_CALCULADO_SOBRE_DADOS_OFICIAIS
2024-11,Óleos e Gorduras Vegetais/animais,229858604.0,258511271.0,23997570.0,512367445.0,62,0.44862062616019643,FORA_DAS_FAIXAS_NT,2026-08,DADO_CALCULADO_SOBRE_DADOS_OFICIAIS
2024-11,"Óptica, Instrumentos e Aparelhos de Precisão",32762537.0,211638219.0,35298993.0,279699749.0,240,0.1171346671462333,ALTA,2026-08,DADO_CALCULADO_SOBRE_DADOS_OFICIAIS
2024-12,Acessórios Pessoais e Artigos de Uso Pessoal,13709043.0,144962759.0,11310333.0,169982135.0,58,0.0806499047679334,ALTA,2026-08,DADO_CALCULADO_SOBRE_DADOS_OFICIAIS
2024-12,Adubos e Fertilizantes,485253049.0,313090860.0,435259556.0,1233603465.0,35,0.3933622616729599,FORA_DAS_FAIXAS_NT,2026-08,DADO_CALCULADO_SOBRE_DADOS_OFICIAIS
2024-12,Aeronaves e Espaço,0.0,7913005.0,2312267.0,10225272.0,25,0.0,CRITICA,2026-08,DADO_CALCULADO_SOBRE_DADOS_OFICIAIS
2024-12,Alumínio e Suas Obras,157365587.0,305816988.0,7987262.0,471169837.0,54,0.33398909404296184,FORA_DAS_FAIXAS_NT,2026-08,DADO_CALCULADO_SOBRE_DADOS_OFICIAIS
2024-12,Animais Vivos e Genética,14734870.0,105192915.0,0.0,119927785.0,49,0.12286452217890959,ALTA,2026-08,DADO_CALCULADO_SOBRE_DADOS_OFICIAIS
2024-12,Aparelhos Telefônicos,2345222.0,416459511.0,4392640.0,423197373.0,51,0.005541674286338257,CRITICA,2026-08,DADO_CALCULADO_SOBRE_DADOS_OFICIAIS
2024-12,Armas e Munições,15561505.0,27146070.0,0.0,42707575.0,27,0.3643734161913899,FORA_DAS_FAIXAS_NT,2026-08,DADO_CALCULADO_SOBRE_DADOS_OFICIAIS
2024-12,Artefatos de Metal Diversos,54665566.0,113807877.0,20335365.0,188808808.0,40,0.2895286855473395,MEDIA,2026-08,DADO_CALCULADO_SOBRE_DADOS_OFICIAIS
2024-12,"Açúcares, Sacarídeos e Produtos de Confeitaria (sem cacau)",66527855.0,183237923.0,253696.0,250019474.0,30,0.26609069259940926,MEDIA,2026-08,DADO_CALCULADO_SOBRE_DADOS_OFICIAIS
2024-12,Bebidas Alcoólicas,386757813.0,269144825.0,21221982.0,677124620.0,26,0.5711767104259183,FORA_DAS_FAIXAS_NT,2026-08,DADO_CALCULADO_SOBRE_DADOS_OFICIAIS
2024-12,Bebidas Não Alcoólicas (Exceto Sucos),341110615.0,205538469.0,35595937.0,582245021.0,6,0.5858540695017811,FORA_DAS_FAIXAS_NT,2026-08,DADO_CALCULADO_SOBRE_DADOS_OFICIAIS
2024-12,Biodiesel,342087718.0,5156864.0,0.0,347244582.0,1,0.9851491880152647,FORA_DAS_FAIXAS_NT,2026-08,DADO_CALCULADO_SOBRE_DADOS_OFICIAIS
2024-12,Borracha e Suas Obras (Exceto Pneumáticos),56165128.0,181861948.0,35067094.0,273094170.0,89,0.2056621274632117,MEDIA,2026-08,DADO_CALCULADO_SOBRE_DADOS_OFICIAIS
2024-12,"Brinquedos, Jogos e Artigos de Lazer",19519906.0,224201326.0,7354012.0,251075244.0,76,0.07774524357327718,ALTA,2026-08,DADO_CALCULADO_SOBRE_DADOS_OFICIAIS
2024-12,Cabos e Fios,24160397.0,224312483.0,11889112.0,260361992.0,13,0.09279540694250027,ALTA,2026-08,DADO_CALCULADO_SOBRE_DADOS_OFICIAIS
2024-12,Cacau e Preparações,23831588.0,148049725.0,1753144.0,173634457.0,13,0.13725149035366868,ALTA,2026-08,DADO_CALCULADO_SOBRE_DADOS_OFICIAIS
2024-12,Café,788924.0,93900749.0,0.0,94689673.0,10,0.008331679421894297,CRITICA,2026-08,DADO_CALCULADO_SOBRE_DADOS_OFICIAIS
2024-12,Calçados,274261592.0,243572410.0,2272156.0,520106158.0,37,0.5273184863925414,FORA_DAS_FAIXAS_NT,2026-08,DADO_CALCULADO_SOBRE_DADOS_OFICIAIS
2024-12,Carnes Preparadas (Defumadas/Salgadas),11014034.0,15368737.0,0.0,26382771.0,6,0.41747070465039476,FORA_DAS_FAIXAS_NT,2026-08,DADO_CALCULADO_SOBRE_DADOS_OFICIAIS
2024-12,Carnes de Bovinos,835982337.0,328528992.0,0.0,1164511329.0,16,0.7178825282171214,FORA_DAS_FAIXAS_NT,2026-08,DADO_CALCULADO_SOBRE_DADOS_OFICIAIS
2024-12,Carnes de Espécies Exóticas/Diversas e Subprodutos,1435827.0,111964.0,0.0,1547791.0,11,0.9276620680699138,FORA_DAS_FAIXAS_NT,2026-08,DADO_CALCULADO_SOBRE_DADOS_OFICIAIS
2024-12,Carnes de Frango,347514664.0,189561546.0,2017931.0,539094141.0,23,0.6446270466886784,FORA_DAS_FAIXAS_NT,2026-08,DADO_CALCULADO_SOBRE_DADOS_OFICIAIS
2024-12,Carnes de Outras Aves (Exceto Frango),0.0,364285.0,0.0,364285.0,11,0.0,CRITICA,2026-08,DADO_CALCULADO_SOBRE_DADOS_OFICIAIS
2024-12,Carnes de Ovinos e Caprinos,7675355.0,387810.0,0.0,8063165.0,13,0.9519035019127104,FORA_DAS_FAIXAS_NT,2026-08,DADO_CALCULADO_SOBRE_DADOS_OFICIAIS
2024-12,Carnes de Suínos,133511980.0,50818233.0,0.0,184330213.0,10,0.7243087165531567,FORA_DAS_FAIXAS_NT,2026-08,DADO_CALCULADO_SOBRE_DADOS_OFICIAIS
2024-12,Cereais e Grãos (exceto soja),191879229.0,275501002.0,179612175.0,646992406.0,42,0.29657106825454765,MEDIA,2026-08,DADO_CALCULADO_SOBRE_DADOS_OFICIAIS
2024-12,Chás e Especiarias,5633241.0,6146923.0,19048.0,11799212.0,40,0.47742518737691975,FORA_DAS_FAIXAS_NT,2026-08,DADO_CALCULADO_SOBRE_DADOS_OFICIAIS
2024-12,Combustíveis e Derivados de Petróleo,283078389.0,156086334.0,10752073.0,449916796.0,64,0.6291794205433486,FORA_DAS_FAIXAS_NT,2026-08,DADO_CALCULADO_SOBRE_DADOS_OFICIAIS
2024-12,Componentes Elétricos e Eletrônicos,154785922.0,622017236.0,125098843.0,901902001.0,328,0.1716216638042474,MEDIA,2026-08,DADO_CALCULADO_SOBRE_DADOS_OFICIAIS
2024-12,Conservas de Frutas e Hortícolas,45477584.0,150865646.0,12731468.0,209074698.0,48,0.2175183531772936,MEDIA,2026-08,DADO_CALCULADO_SOBRE_DADOS_OFICIAIS
2024-12,Couros e Suas Obras,103471010.0,121354543.0,9656045.0,234481598.0,99,0.4412756091844785,FORA_DAS_FAIXAS_NT,2026-08,DADO_CALCULADO_SOBRE_DADOS_OFICIAIS
2024-12,Eletrodomésticos (Linha Branca + Portáteis),113180021.0,713835571.0,38918928.0,865934520.0,105,0.13070274759343237,ALTA,2026-08,DADO_CALCULADO_SOBRE_DADOS_OFICIAIS
2024-12,Eletrônicos de Consumo – Comunicação/Imagem,1402969.0,169004473.0,22994785.0,193402227.0,50,0.007254151215125356,CRITICA,2026-08,DADO_CALCULADO_SOBRE_DADOS_OFICIAIS
2024-12,Eletrônicos de Consumo – Informática/TIC,2240053.0,356605829.0,5675755.0,364521637.0,137,0.006145185285667967,CRITICA,2026-08,DADO_CALCULADO_SOBRE_DADOS_OFICIAIS
2024-12,Eletrônicos de Consumo – Áudio/Vídeo,3210080.0,72347138.0,117981473.0,193538691.0,36,0.01658624424611821,CRITICA,2026-08,DADO_CALCULADO_SOBRE_DADOS_OFICIAIS
2024-12,Embarcações e Estruturas Flutuantes,404762.0,11349950.0,0.0,11754712.0,28,0.03443402101216942,CRITICA,2026-08,DADO_CALCULADO_SOBRE_DADOS_OFICIAIS
2024-12,Erva-mate,30412585.0,25790452.0,0.0,56203037.0,2,0.5411199576279125,FORA_DAS_FAIXAS_NT,2026-08,DADO_CALCULADO_SOBRE_DADOS_OFICIAIS
2024-12,Etanol e Álcool Etílico,1284736.0,601896991.0,0.0,603181727.0,5,0.0021299318969588083,CRITICA,2026-08,DADO_CALCULADO_SOBRE_DADOS_OFICIAIS
2024-12,Explosivos e Pirotecnia,1077.0,4505701.0,0.0,4506778.0,14,0.00023897338630835598,CRITICA,2026-08,DADO_CALCULADO_SOBRE_DADOS_OFICIAIS
2024-12,"Farinha, Malte e Preparações de Cereais",199293135.0,87147372.0,12106878.0,298547385.0,37,0.6675427252528103,FORA_DAS_FAIXAS_NT,2026-08,DADO_CALCULADO_SOBRE_DADOS_OFICIAIS
2024-12,"Feltros, Passamanarias, Têxteis Técnicos",9310953.0,31881696.0,255118.0,41447767.0,71,0.22464305495637438,MEDIA,2026-08,DADO_CALCULADO_SOBRE_DADOS_OFICIAIS
2024-12,Ferramentas e Cutelaria (Metais Comuns),48821824.0,81191166.0,35062288.0,165075278.0,85,0.29575491007199756,MEDIA,2026-08,DADO_CALCULADO_SOBRE_DADOS_OFICIAIS
2024-12,Fibras Sintéticas/Descontínuas – Têxteis,2929548.0,12807270.0,5203136.0,20939954.0,114,0.1399023130614327,ALTA,2026-08,DADO_CALCULADO_SOBRE_DADOS_OFICIAIS
2024-12,Filamentos Sintéticos – Têxteis Técnicos,10775346.0,40455390.0,134385.0,51365121.0,92,0.2097794337912686,MEDIA,2026-08,DADO_CALCULADO_SOBRE_DADOS_OFICIAIS
2024-12,Frutas e Hortícolas,24344540.0,250644504.0,70282045.0,345271089.0,180,0.07050848094611246,ALTA,2026-08,DADO_CALCULADO_SOBRE_DADOS_OFICIAIS
2024-12,Instrumentos Musicais,119972.0,10502291.0,0.0,10622263.0,19,0.011294391788265834,CRITICA,2026-08,DADO_CALCULADO_SOBRE_DADOS_OFICIAIS
2024-12,Instrumentos Médicos,15681929.0,249092281.0,28461831.0,293236041.0,113,0.05347885937390622,ALTA,2026-08,DADO_CALCULADO_SOBRE_DADOS_OFICIAIS
2024-12,"Joias, Bijuterias, Metais Preciosos e Relógios",15960852.0,72013135.0,5452503.0,93426490.0,109,0.1708386133311869,MEDIA,2026-08,DADO_CALCULADO_SOBRE_DADOS_OFICIAIS
2024-12,Laticínios,435741745.0,237154592.0,204010.0,673100347.0,45,0.6473652063055615,FORA_DAS_FAIXAS_NT,2026-08,DADO_CALCULADO_SOBRE_DADOS_OFICIAIS
2024-12,Madeira e Cortiça - Produtos e Obras,237851134.0,207754393.0,3094016.0,448699543.0,151,0.5300899849590441,FORA_DAS_FAIXAS_NT,2026-08,DADO_CALCULADO_SOBRE_DADOS_OFICIAIS
2024-12,Massas e Panificação,213193641.0,258273573.0,2164513.0,473631727.0,21,0.4501253375705551,FORA_DAS_FAIXAS_NT,2026-08,DADO_CALCULADO_SOBRE_DADOS_OFICIAIS
2024-12,Material Ferroviário e Contêineres,5824767.0,3714203.0,0.0,9538970.0,18,0.6106285060127037,FORA_DAS_FAIXAS_NT,2026-08,DADO_CALCULADO_SOBRE_DADOS_OFICIAIS
2024-12,Medicamentos,6461001.0,1273898194.0,0.0,1280359195.0,217,0.005046240949595398,CRITICA,2026-08,DADO_CALCULADO_SOBRE_DADOS_OFICIAIS
2024-12,Mel e Outros Produtos Comestíveis de Origem Animal,1721215.0,736049.0,0.0,2457264.0,3,0.7004599424400472,FORA_DAS_FAIXAS_NT,2026-08,DADO_CALCULADO_SOBRE_DADOS_OFICIAIS
2024-12,"Metais Não Ferrosos e Suas Obras (NCMs dos Caps. 74, 75, 78, 79, 80, 81)",27580413.0,78624814.0,1772111.0,107977338.0,159,0.25542779170940483,MEDIA,2026-08,DADO_CALCULADO_SOBRE_DADOS_OFICIAIS
2024-12,Minerais e Materiais de Mineração (Não Metálicos),89846310.0,132767747.0,1017022.0,223631079.0,75,0.4017612864981079,FORA_DAS_FAIXAS_NT,2026-08,DADO_CALCULADO_SOBRE_DADOS_OFICIAIS
2024-12,Minérios e Subprodutos da Metalurgia (NCMs do Cap. 26),1166955.0,133542.0,0.0,1300497.0,26,0.8973146420176287,FORA_DAS_FAIXAS_NT,2026-08,DADO_CALCULADO_SOBRE_DADOS_OFICIAIS
2024-12,Mobiliário e Iluminação,453484386.0,361714920.0,21937891.0,837137197.0,102,0.5417085605861568,FORA_DAS_FAIXAS_NT,2026-08,DADO_CALCULADO_SOBRE_DADOS_OFICIAIS
2024-12,Motocicletas,0.0,54591368.0,0.0,54591368.0,9,0.0,CRITICA,2026-08,DADO_CALCULADO_SOBRE_DADOS_OFICIAIS
2024-12,Máquinas e Equipamentos Industriais,676071777.0,1348645744.0,269859515.0,2294577036.0,779,0.2946389536690195,MEDIA,2026-08,DADO_CALCULADO_SOBRE_DADOS_OFICIAIS
2024-12,Máquinas e Implementos Agrícolas,214698984.0,191991293.0,18616288.0,425306565.0,40,0.5048099457387872,FORA_DAS_FAIXAS_NT,2026-08,DADO_CALCULADO_SOBRE_DADOS_OFICIAIS
2024-12,Objetos de Arte e Coleções,858665.0,3078395.0,0.0,3937060.0,22,0.21809802238218365,MEDIA,2026-08,DADO_CALCULADO_SOBRE_DADOS_OFICIAIS
2024-12,Obras de Espartaria e Cestaria,71728.0,1555398.0,0.0,1627126.0,11,0.04408263404309193,CRITICA,2026-08,DADO_CALCULADO_SOBRE_DADOS_OFICIAIS
2024-12,Obras de Ferro ou Aço,366270022.0,414266008.0,69129361.0,849665391.0,155,0.4310756044434438,FORA_DAS_FAIXAS_NT,2026-08,DADO_CALCULADO_SOBRE_DADOS_OFICIAIS
2024-12,Outras Fibras Têxteis Vegetais,17478.0,1006883.0,0.0,1024361.0,28,0.017062344232160343,CRITICA,2026-08,DADO_CALCULADO_SOBRE_DADOS_OFICIAIS
2024-12,Outros,0.0,518303.0,0.0,518303.0,8,0.0,CRITICA,2026-08,DADO_CALCULADO_SOBRE_DADOS_OFICIAIS
2024-12,Ovos,14085064.0,14399767.0,0.0,28484831.0,9,0.4944759545878998,FORA_DAS_FAIXAS_NT,2026-08,DADO_CALCULADO_SOBRE_DADOS_OFICIAIS
2024-12,Papel e Papelão,236470466.0,451884465.0,10273256.0,698628187.0,175,0.33847827843224426,FORA_DAS_FAIXAS_NT,2026-08,DADO_CALCULADO_SOBRE_DADOS_OFICIAIS
2024-12,Pasta Química e Pasta Mecânica,1012978.0,3121327.0,0.0,4134305.0,15,0.24501772365609215,MEDIA,2026-08,DADO_CALCULADO_SOBRE_DADOS_OFICIAIS
2024-12,Perfumaria e Cosméticos,27031546.0,474641172.0,7324810.0,508997528.0,57,0.053107420985352996,ALTA,2026-08,DADO_CALCULADO_SOBRE_DADOS_OFICIAIS
2024-12,Pescados e Frutos do Mar,2314844.0,53909527.0,10477923.0,66702294.0,182,0.03470411377455774,CRITICA,2026-08,DADO_CALCULADO_SOBRE_DADOS_OFICIAIS
2024-12,Pescados e Frutos do Mar - Preparações e Conservas,329182.0,10370451.0,0.0,10699633.0,30,0.030765728132918203,CRITICA,2026-08,DADO_CALCULADO_SOBRE_DADOS_OFICIAIS
2024-12,Peças e Acessórios Automotivos,348737577.0,875294449.0,208766257.0,1432798283.0,127,0.2433961438520233,MEDIA,2026-08,DADO_CALCULADO_SOBRE_DADOS_OFICIAIS
2024-12,Plantas Vivas e Floricultura,175872.0,22083575.0,0.0,22259447.0,30,0.007901004908163261,CRITICA,2026-08,DADO_CALCULADO_SOBRE_DADOS_OFICIAIS
2024-12,Plásticos e Suas Obras,546263519.0,1032365032.0,116551679.0,1695180230.0,304,0.32224509779706434,FORA_DAS_FAIXAS_NT,2026-08,DADO_CALCULADO_SOBRE_DADOS_OFICIAIS
2024-12,"Pneumáticos, Câmaras e Protetores",26270041.0,293003523.0,3827596.0,323101160.0,21,0.08130593217306926,ALTA,2026-08,DADO_CALCULADO_SOBRE_DADOS_OFICIAIS
2024-12,"Preparações Alimentícias Diversas (Molhos, Condimentos, etc)",30262302.0,204726671.0,2825559.0,237814532.0,23,0.12725169376949597,ALTA,2026-08,DADO_CALCULADO_SOBRE_DADOS_OFICIAIS
2024-12,Preparações de Carne,157997430.0,105813364.0,0.0,263810794.0,15,0.5989043420262781,FORA_DAS_FAIXAS_NT,2026-08,DADO_CALCULADO_SOBRE_DADOS_OFICIAIS
2024-12,"Preparações, Suplementos e Complementos alimentares",12078830.0,140628533.0,2009677.0,154717040.0,27,0.07807045688050909,ALTA,2026-08,DADO_CALCULADO_SOBRE_DADOS_OFICIAIS
2024-12,"Produtos Cerâmicos, Porcelana e Refratários",34362152.0,110744305.0,517753.0,145624210.0,55,0.23596455561887683,MEDIA,2026-08,DADO_CALCULADO_SOBRE_DADOS_OFICIAIS
2024-12,"Produtos Editoriais, Impressos e Materiais Gráficos",32245829.0,240656536.0,625393.0,273527758.0,39,0.11788868974680076,ALTA,2026-08,DADO_CALCULADO_SOBRE_DADOS_OFICIAIS
2024-12,Produtos Farmacêuticos,772542.0,72371243.0,426743.0,73570528.0,47,0.010500699410503075,CRITICA,2026-08,DADO_CALCULADO_SOBRE_DADOS_OFICIAIS
2024-12,Produtos Fotográficos,285699.0,6416864.0,0.0,6702563.0,50,0.04262533600952352,CRITICA,2026-08,DADO_CALCULADO_SOBRE_DADOS_OFICIAIS
2024-12,"Produtos Minerais: Pedra, Cimento, Gesso, Amianto e Abrasivos",169850543.0,104891022.0,4178302.0,278919867.0,65,0.6089582102088124,FORA_DAS_FAIXAS_NT,2026-08,DADO_CALCULADO_SOBRE_DADOS_OFICIAIS
2024-12,Produtos Químicos Diversos,110701025.0,1310631758.0,94910894.0,1516243677.0,252,0.07301004889862436,ALTA,2026-08,DADO_CALCULADO_SOBRE_DADOS_OFICIAIS
2024-12,Produtos de Origem Animal (Não Alimentares),23384960.0,7823363.0,0.0,31208323.0,31,0.749318058519197,FORA_DAS_FAIXAS_NT,2026-08,DADO_CALCULADO_SOBRE_DADOS_OFICIAIS
2024-12,Químicos Inorgânicos,55163944.0,165327037.0,6713282.0,227204263.0,277,0.24279449369310468,MEDIA,2026-08,DADO_CALCULADO_SOBRE_DADOS_OFICIAIS
2024-12,Químicos Orgânicos,289735702.0,135295877.0,61032796.0,486064375.0,782,0.5960850391473351,FORA_DAS_FAIXAS_NT,2026-08,DADO_CALCULADO_SOBRE_DADOS_OFICIAIS
2024-12,Resíduos para Alimentação Animal,651789431.0,322512794.0,205114.0,974507339.0,38,0.6688399408760122,FORA_DAS_FAIXAS_NT,2026-08,DADO_CALCULADO_SOBRE_DADOS_OFICIAIS
2024-12,"Sabões e Preparações de Limpeza, Ceras e Pastas",74568478.0,255761531.0,14467017.0,344797026.0,55,0.2162677528430886,MEDIA,2026-08,DADO_CALCULADO_SOBRE_DADOS_OFICIAIS
2024-12,Siderurgia – Ferro e Aço,467013168.0,803274986.0,14221346.0,1284509500.0,201,0.36357315224215936,FORA_DAS_FAIXAS_NT,2026-08,DADO_CALCULADO_SOBRE_DADOS_OFICIAIS
2024-12,"Soja, Oleaginosas e Sementes",8503973.0,93587186.0,0.0,102091159.0,36,0.08329783972772804,ALTA,2026-08,DADO_CALCULADO_SOBRE_DADOS_OFICIAIS
2024-12,Sucos e Bebidas à Base de Frutas/Vegetais,46394854.0,17039296.0,704382.0,64138532.0,21,0.7233538491339341,FORA_DAS_FAIXAS_NT,2026-08,DADO_CALCULADO_SOBRE_DADOS_OFICIAIS
2024-12,Tabaco e Sucedâneos,226000993.0,126551087.0,13099931.0,365652011.0,22,0.6180767128339409,FORA_DAS_FAIXAS_NT,2026-08,DADO_CALCULADO_SOBRE_DADOS_OFICIAIS
2024-12,Tecidos Impregnados/Revestidos/Laminados,16125746.0,27491075.0,21301031.0,64917852.0,26,0.24840233469215833,MEDIA,2026-08,DADO_CALCULADO_SOBRE_DADOS_OFICIAIS
2024-12,Tecidos Sintéticos (Inclusive Malhas),9928706.0,37614913.0,778391.0,48322010.0,80,0.20546964002532178,MEDIA,2026-08,DADO_CALCULADO_SOBRE_DADOS_OFICIAIS
2024-12,"Tintas, Pigmentos e Corantes",115168570.0,214142669.0,14587569.0,343898808.0,95,0.33489086708320315,FORA_DAS_FAIXAS_NT,2026-08,DADO_CALCULADO_SOBRE_DADOS_OFICIAIS
2024-12,Toucinho e Gorduras Não Fundidas,2293372.0,2788354.0,0.0,5081726.0,5,0.45129784644036297,FORA_DAS_FAIXAS_NT,2026-08,DADO_CALCULADO_SOBRE_DADOS_OFICIAIS
2024-12,Tratores,4944271.0,584344791.0,12172260.0,601461322.0,13,0.008220430506751688,CRITICA,2026-08,DADO_CALCULADO_SOBRE_DADOS_OFICIAIS
2024-12,"Têxteis Naturais (Algodão, Lã, Seda e Afins)",43460223.0,165456277.0,7049169.0,215965669.0,319,0.2012367206382233,MEDIA,2026-08,DADO_CALCULADO_SOBRE_DADOS_OFICIAIS
2024-12,Vacinas e Soros,46830.0,640615208.0,4465094.0,645127132.0,39,7.259034332476347e-05,CRITICA,2026-08,DADO_CALCULADO_SOBRE_DADOS_OFICIAIS
2024-12,Vestuário Tecido (Plano),35276279.0,275897092.0,1310069.0,312483440.0,115,0.11289007507085816,ALTA,2026-08,DADO_CALCULADO_SOBRE_DADOS_OFICIAIS
2024-12,Vestuário de Malha,49985010.0,365203016.0,2735251.0,417923277.0,135,0.11960331656760052,ALTA,2026-08,DADO_CALCULADO_SOBRE_DADOS_OFICIAIS
2024-12,Veículos Comerciais (Caminhões e Carga) e Ônibus,318879438.0,627950728.0,22828927.0,969659093.0,44,0.3288572657153435,FORA_DAS_FAIXAS_NT,2026-08,DADO_CALCULADO_SOBRE_DADOS_OFICIAIS
2024-12,Veículos Leves e de Passageiros,0.0,1208948893.0,0.0,1208948893.0,20,0.0,CRITICA,2026-08,DADO_CALCULADO_SOBRE_DADOS_OFICIAIS
2024-12,Vidro e Suas Obras,75553641.0,139174588.0,19557076.0,234285305.0,89,0.32248561641542134,FORA_DAS_FAIXAS_NT,2026-08,DADO_CALCULADO_SOBRE_DADOS_OFICIAIS
2024-12,Óleos Brutos de Petróleo,0.0,20509849.0,755758922.0,776268771.0,2,0.0,CRITICA,2026-08,DADO_CALCULADO_SOBRE_DADOS_OFICIAIS
2024-12,Óleos e Gorduras Vegetais/animais,220901812.0,230873481.0,3144856.0,454920149.0,62,0.48558370625170966,FORA_DAS_FAIXAS_NT,2026-08,DADO_CALCULADO_SOBRE_DADOS_OFICIAIS
2024-12,"Óptica, Instrumentos e Aparelhos de Precisão",28802187.0,193551108.0,50638437.0,272991732.0,243,0.10550571179935955,ALTA,2026-08,DADO_CALCULADO_SOBRE_DADOS_OFICIAIS
2025-01,Acessórios Pessoais e Artigos de Uso Pessoal,14740935.0,147663702.0,6893190.0,169297827.0,57,0.08707102306753176,ALTA,2026-08,DADO_CALCULADO_SOBRE_DADOS_OFICIAIS
2025-01,Adubos e Fertilizantes,266271257.0,62739706.0,786437136.0,1115448099.0,35,0.2387123679162772,MEDIA,2026-08,DADO_CALCULADO_SOBRE_DADOS_OFICIAIS
2025-01,Aeronaves e Espaço,222580.0,4888264.0,154366.0,5265210.0,22,0.042273717477555504,CRITICA,2026-08,DADO_CALCULADO_SOBRE_DADOS_OFICIAIS
2025-01,Alumínio e Suas Obras,148226981.0,357412231.0,23490892.0,529130104.0,56,0.2801333356001986,MEDIA,2026-08,DADO_CALCULADO_SOBRE_DADOS_OFICIAIS
2025-01,Animais Vivos e Genética,19125611.0,98534870.0,15821.0,117676302.0,50,0.16252729457796863,MEDIA,2026-08,DADO_CALCULADO_SOBRE_DADOS_OFICIAIS
2025-01,Aparelhos Telefônicos,2157535.0,380035352.0,6461235.0,388654122.0,52,0.005551298385560413,CRITICA,2026-08,DADO_CALCULADO_SOBRE_DADOS_OFICIAIS
2025-01,Armas e Munições,20034483.0,15947543.0,0.0,35982026.0,27,0.5567914102446594,FORA_DAS_FAIXAS_NT,2026-08,DADO_CALCULADO_SOBRE_DADOS_OFICIAIS
2025-01,Artefatos de Metal Diversos,71295001.0,103011496.0,32375714.0,206682211.0,40,0.3449498660530586,FORA_DAS_FAIXAS_NT,2026-08,DADO_CALCULADO_SOBRE_DADOS_OFICIAIS
2025-01,"Açúcares, Sacarídeos e Produtos de Confeitaria (sem cacau)",77028939.0,225395278.0,291740.0,302715957.0,30,0.2544594601598752,MEDIA,2026-08,DADO_CALCULADO_SOBRE_DADOS_OFICIAIS
2025-01,Bebidas Alcoólicas,280776962.0,204711787.0,27838709.0,513327458.0,27,0.5469743681624761,FORA_DAS_FAIXAS_NT,2026-08,DADO_CALCULADO_SOBRE_DADOS_OFICIAIS
2025-01,Bebidas Não Alcoólicas (Exceto Sucos),330713798.0,221009507.0,10239413.0,561962718.0,6,0.5884977551126443,FORA_DAS_FAIXAS_NT,2026-08,DADO_CALCULADO_SOBRE_DADOS_OFICIAIS
2025-01,Biodiesel,371007539.0,0.0,0.0,371007539.0,1,1.0,FORA_DAS_FAIXAS_NT,2026-08,DADO_CALCULADO_SOBRE_DADOS_OFICIAIS
2025-01,Borracha e Suas Obras (Exceto Pneumáticos),66444115.0,226577870.0,69322016.0,362344001.0,90,0.18337302347114062,MEDIA,2026-08,DADO_CALCULADO_SOBRE_DADOS_OFICIAIS
2025-01,"Brinquedos, Jogos e Artigos de Lazer",15353957.0,153958715.0,6742995.0,176055667.0,75,0.08721080815876264,ALTA,2026-08,DADO_CALCULADO_SOBRE_DADOS_OFICIAIS
2025-01,Cabos e Fios,30069159.0,263256871.0,12213471.0,305539501.0,13,0.09841332757822367,ALTA,2026-08,DADO_CALCULADO_SOBRE_DADOS_OFICIAIS
2025-01,Cacau e Preparações,23034601.0,238670639.0,2866572.0,264571812.0,13,0.08706370049731527,ALTA,2026-08,DADO_CALCULADO_SOBRE_DADOS_OFICIAIS
2025-01,Café,926939.0,99765693.0,0.0,100692632.0,10,0.009205628868654461,CRITICA,2026-08,DADO_CALCULADO_SOBRE_DADOS_OFICIAIS
2025-01,Calçados,349107135.0,233438848.0,8695252.0,591241235.0,36,0.590464795643017,FORA_DAS_FAIXAS_NT,2026-08,DADO_CALCULADO_SOBRE_DADOS_OFICIAIS
2025-01,Carnes Preparadas (Defumadas/Salgadas),8494461.0,14442231.0,0.0,22936692.0,6,0.37034377058383133,FORA_DAS_FAIXAS_NT,2026-08,DADO_CALCULADO_SOBRE_DADOS_OFICIAIS
2025-01,Carnes de Bovinos,728096344.0,328730815.0,0.0,1056827159.0,16,0.6889455269951101,FORA_DAS_FAIXAS_NT,2026-08,DADO_CALCULADO_SOBRE_DADOS_OFICIAIS
2025-01,Carnes de Espécies Exóticas/Diversas e Subprodutos,1360414.0,162253.0,0.0,1522667.0,9,0.8934415732395855,FORA_DAS_FAIXAS_NT,2026-08,DADO_CALCULADO_SOBRE_DADOS_OFICIAIS
2025-01,Carnes de Frango,400478512.0,202730871.0,0.0,603209383.0,22,0.6639129351872167,FORA_DAS_FAIXAS_NT,2026-08,DADO_CALCULADO_SOBRE_DADOS_OFICIAIS
2025-01,Carnes de Outras Aves (Exceto Frango),0.0,137322.0,0.0,137322.0,12,0.0,CRITICA,2026-08,DADO_CALCULADO_SOBRE_DADOS_OFICIAIS
2025-01,Carnes de Ovinos e Caprinos,4137753.0,1015380.0,0.0,5153133.0,13,0.8029587049276624,FORA_DAS_FAIXAS_NT,2026-08,DADO_CALCULADO_SOBRE_DADOS_OFICIAIS
2025-01,Carnes de Suínos,100239584.0,46462072.0,0.0,146701656.0,10,0.6832887012536518,FORA_DAS_FAIXAS_NT,2026-08,DADO_CALCULADO_SOBRE_DADOS_OFICIAIS
2025-01,Cereais e Grãos (exceto soja),199559057.0,140333953.0,164635264.0,504528274.0,41,0.3955359239193005,FORA_DAS_FAIXAS_NT,2026-08,DADO_CALCULADO_SOBRE_DADOS_OFICIAIS
2025-01,Chás e Especiarias,5191425.0,8035737.0,0.0,13227162.0,41,0.3924821515000724,FORA_DAS_FAIXAS_NT,2026-08,DADO_CALCULADO_SOBRE_DADOS_OFICIAIS
2025-01,Combustíveis e Derivados de Petróleo,320542077.0,220005112.0,16903620.0,557450809.0,64,0.5750141031726442,FORA_DAS_FAIXAS_NT,2026-08,DADO_CALCULADO_SOBRE_DADOS_OFICIAIS
2025-01,Componentes Elétricos e Eletrônicos,122330298.0,580614420.0,167833961.0,870778679.0,326,0.14048380024702006,ALTA,2026-08,DADO_CALCULADO_SOBRE_DADOS_OFICIAIS
2025-01,Conservas de Frutas e Hortícolas,39689054.0,134485372.0,10847042.0,185021468.0,47,0.21451053452889046,MEDIA,2026-08,DADO_CALCULADO_SOBRE_DADOS_OFICIAIS
2025-01,Couros e Suas Obras,136666539.0,143039578.0,18182905.0,297889022.0,99,0.4587834022295726,FORA_DAS_FAIXAS_NT,2026-08,DADO_CALCULADO_SOBRE_DADOS_OFICIAIS
2025-01,Eletrodomésticos (Linha Branca + Portáteis),88050015.0,792567490.0,48310534.0,928928039.0,106,0.09478669100653554,ALTA,2026-08,DADO_CALCULADO_SOBRE_DADOS_OFICIAIS
2025-01,Eletrônicos de Consumo – Comunicação/Imagem,1802219.0,141341611.0,33890458.0,177034288.0,47,0.010180056193408138,CRITICA,2026-08,DADO_CALCULADO_SOBRE_DADOS_OFICIAIS
2025-01,Eletrônicos de Consumo – Informática/TIC,3307567.0,263237546.0,7981878.0,274526991.0,141,0.01204823973027847,CRITICA,2026-08,DADO_CALCULADO_SOBRE_DADOS_OFICIAIS
2025-01,Eletrônicos de Consumo – Áudio/Vídeo,3092868.0,50670520.0,138459630.0,192223018.0,33,0.016089998129152253,CRITICA,2026-08,DADO_CALCULADO_SOBRE_DADOS_OFICIAIS
2025-01,Embarcações e Estruturas Flutuantes,296006.0,10262491.0,0.0,10558497.0,26,0.028034861401201327,CRITICA,2026-08,DADO_CALCULADO_SOBRE_DADOS_OFICIAIS
2025-01,Erva-mate,32872696.0,33803156.0,0.0,66675852.0,2,0.49302251135838504,FORA_DAS_FAIXAS_NT,2026-08,DADO_CALCULADO_SOBRE_DADOS_OFICIAIS
2025-01,Etanol e Álcool Etílico,2483892.0,682709654.0,0.0,685193546.0,5,0.0036250954412813457,CRITICA,2026-08,DADO_CALCULADO_SOBRE_DADOS_OFICIAIS
2025-01,Explosivos e Pirotecnia,1005.0,1975370.0,0.0,1976375.0,14,0.0005085067358168364,CRITICA,2026-08,DADO_CALCULADO_SOBRE_DADOS_OFICIAIS
2025-01,"Farinha, Malte e Preparações de Cereais",202740472.0,96116351.0,13096802.0,311953625.0,37,0.6499058057107046,FORA_DAS_FAIXAS_NT,2026-08,DADO_CALCULADO_SOBRE_DADOS_OFICIAIS
2025-01,"Feltros, Passamanarias, Têxteis Técnicos",13850542.0,47038388.0,5336748.0,66225678.0,76,0.20914156590439134,MEDIA,2026-08,DADO_CALCULADO_SOBRE_DADOS_OFICIAIS
2025-01,Ferramentas e Cutelaria (Metais Comuns),37521805.0,103140192.0,38506038.0,179168035.0,84,0.20942242850405765,MEDIA,2026-08,DADO_CALCULADO_SOBRE_DADOS_OFICIAIS
2025-01,Fibras Sintéticas/Descontínuas – Têxteis,3162048.0,21801989.0,7820783.0,32784820.0,122,0.0964485392934901,ALTA,2026-08,DADO_CALCULADO_SOBRE_DADOS_OFICIAIS
2025-01,Filamentos Sintéticos – Têxteis Técnicos,12341471.0,72626345.0,5388136.0,90355952.0,89,0.13658724994674395,ALTA,2026-08,DADO_CALCULADO_SOBRE_DADOS_OFICIAIS
2025-01,Frutas e Hortícolas,21315958.0,217097382.0,56975068.0,295388408.0,172,0.07216247294308177,ALTA,2026-08,DADO_CALCULADO_SOBRE_DADOS_OFICIAIS
2025-01,Instrumentos Musicais,102334.0,9021999.0,466586.0,9590919.0,19,0.010669884710735229,CRITICA,2026-08,DADO_CALCULADO_SOBRE_DADOS_OFICIAIS
2025-01,Instrumentos Médicos,12663968.0,221237554.0,30814187.0,264715709.0,113,0.04783988093430451,CRITICA,2026-08,DADO_CALCULADO_SOBRE_DADOS_OFICIAIS
2025-01,"Joias, Bijuterias, Metais Preciosos e Relógios",9446197.0,52743447.0,4133795.0,66323439.0,110,0.14242622430962906,ALTA,2026-08,DADO_CALCULADO_SOBRE_DADOS_OFICIAIS
2025-01,Laticínios,469753367.0,258591499.0,609067.0,728953933.0,43,0.6444211982871625,FORA_DAS_FAIXAS_NT,2026-08,DADO_CALCULADO_SOBRE_DADOS_OFICIAIS
2025-01,Madeira e Cortiça - Produtos e Obras,236257660.0,244383188.0,7459685.0,488100533.0,152,0.4840348330453472,FORA_DAS_FAIXAS_NT,2026-08,DADO_CALCULADO_SOBRE_DADOS_OFICIAIS
2025-01,Massas e Panificação,204403331.0,240766861.0,5761448.0,450931640.0,21,0.4532911706971815,FORA_DAS_FAIXAS_NT,2026-08,DADO_CALCULADO_SOBRE_DADOS_OFICIAIS
2025-01,Material Ferroviário e Contêineres,4447297.0,4774911.0,0.0,9222208.0,19,0.4822377677883648,FORA_DAS_FAIXAS_NT,2026-08,DADO_CALCULADO_SOBRE_DADOS_OFICIAIS
2025-01,Medicamentos,6598142.0,936021660.0,1091045.0,943710847.0,209,0.006991698803690873,CRITICA,2026-08,DADO_CALCULADO_SOBRE_DADOS_OFICIAIS
2025-01,Mel e Outros Produtos Comestíveis de Origem Animal,1719163.0,1463359.0,0.0,3182522.0,3,0.5401888816479509,FORA_DAS_FAIXAS_NT,2026-08,DADO_CALCULADO_SOBRE_DADOS_OFICIAIS
2025-01,"Metais Não Ferrosos e Suas Obras (NCMs dos Caps. 74, 75, 78, 79, 80, 81)",35057118.0,122408347.0,4406812.0,161872277.0,157,0.2165727118300807,MEDIA,2026-08,DADO_CALCULADO_SOBRE_DADOS_OFICIAIS
2025-01,Minerais e Materiais de Mineração (Não Metálicos),99504528.0,150695386.0,4775708.0,254975622.0,77,0.3902511433034175,FORA_DAS_FAIXAS_NT,2026-08,DADO_CALCULADO_SOBRE_DADOS_OFICIAIS
2025-01,Minérios e Subprodutos da Metalurgia (NCMs do Cap. 26),1826576.0,103190.0,0.0,1929766.0,26,0.9465271955252605,FORA_DAS_FAIXAS_NT,2026-08,DADO_CALCULADO_SOBRE_DADOS_OFICIAIS
2025-01,Mobiliário e Iluminação,392019137.0,357147117.0,31892754.0,781059008.0,101,0.5019071964918687,FORA_DAS_FAIXAS_NT,2026-08,DADO_CALCULADO_SOBRE_DADOS_OFICIAIS
2025-01,Motocicletas,0.0,73687455.0,0.0,73687455.0,9,0.0,CRITICA,2026-08,DADO_CALCULADO_SOBRE_DADOS_OFICIAIS
2025-01,Máquinas e Equipamentos Industriais,592367663.0,1386444142.0,369425235.0,2348237040.0,784,0.25226059077920004,MEDIA,2026-08,DADO_CALCULADO_SOBRE_DADOS_OFICIAIS
2025-01,Máquinas e Implementos Agrícolas,218546030.0,170319947.0,26939398.0,415805375.0,40,0.5255969334210747,FORA_DAS_FAIXAS_NT,2026-08,DADO_CALCULADO_SOBRE_DADOS_OFICIAIS
2025-01,Objetos de Arte e Coleções,532404.0,2546015.0,0.0,3078419.0,22,0.17294721738658708,MEDIA,2026-08,DADO_CALCULADO_SOBRE_DADOS_OFICIAIS
2025-01,Obras de Espartaria e Cestaria,44070.0,1651233.0,84785.0,1780088.0,11,0.02475720301468242,CRITICA,2026-08,DADO_CALCULADO_SOBRE_DADOS_OFICIAIS
2025-01,Obras de Ferro ou Aço,401979180.0,506431316.0,101259456.0,1009669952.0,154,0.39812928888667176,FORA_DAS_FAIXAS_NT,2026-08,DADO_CALCULADO_SOBRE_DADOS_OFICIAIS
2025-01,Outras Fibras Têxteis Vegetais,19386.0,1669926.0,0.0,1689312.0,24,0.01147567767233051,CRITICA,2026-08,DADO_CALCULADO_SOBRE_DADOS_OFICIAIS
2025-01,Outros,0.0,1400708.0,0.0,1400708.0,10,0.0,CRITICA,2026-08,DADO_CALCULADO_SOBRE_DADOS_OFICIAIS
2025-01,Ovos,14016419.0,16595014.0,0.0,30611433.0,9,0.45788183127526244,FORA_DAS_FAIXAS_NT,2026-08,DADO_CALCULADO_SOBRE_DADOS_OFICIAIS
2025-01,Papel e Papelão,291442408.0,481574058.0,35921138.0,808937604.0,174,0.36027798257725696,FORA_DAS_FAIXAS_NT,2026-08,DADO_CALCULADO_SOBRE_DADOS_OFICIAIS
2025-01,Pasta Química e Pasta Mecânica,1230059.0,7559881.0,0.0,8789940.0,18,0.13993940800506033,ALTA,2026-08,DADO_CALCULADO_SOBRE_DADOS_OFICIAIS
2025-01,Perfumaria e Cosméticos,21039794.0,426803838.0,3370990.0,451214622.0,58,0.04662923800372764,CRITICA,2026-08,DADO_CALCULADO_SOBRE_DADOS_OFICIAIS
2025-01,Pescados e Frutos do Mar,2591786.0,81920643.0,12261836.0,96774265.0,183,0.026781768892793968,CRITICA,2026-08,DADO_CALCULADO_SOBRE_DADOS_OFICIAIS
2025-01,Pescados e Frutos do Mar - Preparações e Conservas,497888.0,20030474.0,0.0,20528362.0,30,0.024253664271898557,CRITICA,2026-08,DADO_CALCULADO_SOBRE_DADOS_OFICIAIS
2025-01,Peças e Acessórios Automotivos,420197227.0,1061972690.0,328968039.0,1811137956.0,126,0.23200729994529473,MEDIA,2026-08,DADO_CALCULADO_SOBRE_DADOS_OFICIAIS
2025-01,Plantas Vivas e Floricultura,54130.0,17144989.0,0.0,17199119.0,29,0.003147254228545078,CRITICA,2026-08,DADO_CALCULADO_SOBRE_DADOS_OFICIAIS
2025-01,Plásticos e Suas Obras,734885062.0,1330522731.0,188109231.0,2253517024.0,309,0.32610583997079223,FORA_DAS_FAIXAS_NT,2026-08,DADO_CALCULADO_SOBRE_DADOS_OFICIAIS
2025-01,"Pneumáticos, Câmaras e Protetores",25551638.0,346505379.0,6595073.0,378652090.0,23,0.06748051489693349,ALTA,2026-08,DADO_CALCULADO_SOBRE_DADOS_OFICIAIS
2025-01,"Preparações Alimentícias Diversas (Molhos, Condimentos, etc)",27309591.0,176310391.0,5672795.0,209292777.0,23,0.130485109861197,ALTA,2026-08,DADO_CALCULADO_SOBRE_DADOS_OFICIAIS
2025-01,Preparações de Carne,152792520.0,106116200.0,0.0,258908720.0,15,0.5901404943023936,FORA_DAS_FAIXAS_NT,2026-08,DADO_CALCULADO_SOBRE_DADOS_OFICIAIS
2025-01,"Preparações, Suplementos e Complementos alimentares",12656698.0,133170786.0,3875270.0,149702754.0,27,0.08454552546174267,ALTA,2026-08,DADO_CALCULADO_SOBRE_DADOS_OFICIAIS
2025-01,"Produtos Cerâmicos, Porcelana e Refratários",41365156.0,113572487.0,601319.0,155538962.0,55,0.26594722935080406,MEDIA,2026-08,DADO_CALCULADO_SOBRE_DADOS_OFICIAIS
2025-01,"Produtos Editoriais, Impressos e Materiais Gráficos",26025692.0,268335171.0,1442240.0,295803103.0,40,0.0879831608798235,ALTA,2026-08,DADO_CALCULADO_SOBRE_DADOS_OFICIAIS
2025-01,Produtos Farmacêuticos,861897.0,60877125.0,0.0,61739022.0,45,0.013960328040181783,CRITICA,2026-08,DADO_CALCULADO_SOBRE_DADOS_OFICIAIS
2025-01,Produtos Fotográficos,280031.0,7311561.0,0.0,7591592.0,46,0.03688699287316811,CRITICA,2026-08,DADO_CALCULADO_SOBRE_DADOS_OFICIAIS
2025-01,"Produtos Minerais: Pedra, Cimento, Gesso, Amianto e Abrasivos",181732748.0,126156982.0,19008758.0,326898488.0,69,0.5559302189247202,FORA_DAS_FAIXAS_NT,2026-08,DADO_CALCULADO_SOBRE_DADOS_OFICIAIS
2025-01,Produtos Químicos Diversos,112674940.0,830568972.0,102330543.0,1045574455.0,247,0.10776366949401035,ALTA,2026-08,DADO_CALCULADO_SOBRE_DADOS_OFICIAIS
2025-01,Produtos de Origem Animal (Não Alimentares),24746748.0,12905365.0,0.0,37652113.0,31,0.6572472572787614,FORA_DAS_FAIXAS_NT,2026-08,DADO_CALCULADO_SOBRE_DADOS_OFICIAIS
2025-01,Químicos Inorgânicos,59543502.0,195714175.0,12596152.0,267853829.0,293,0.22229849101765128,MEDIA,2026-08,DADO_CALCULADO_SOBRE_DADOS_OFICIAIS
2025-01,Químicos Orgânicos,325501349.0,186500706.0,47346047.0,559348102.0,798,0.5819298355284309,FORA_DAS_FAIXAS_NT,2026-08,DADO_CALCULADO_SOBRE_DADOS_OFICIAIS
2025-01,Resíduos para Alimentação Animal,735994639.0,327309300.0,321327.0,1063625266.0,37,0.691967991478683,FORA_DAS_FAIXAS_NT,2026-08,DADO_CALCULADO_SOBRE_DADOS_OFICIAIS
2025-01,"Sabões e Preparações de Limpeza, Ceras e Pastas",80868387.0,260965425.0,23743148.0,365576960.0,57,0.22120755914158266,MEDIA,2026-08,DADO_CALCULADO_SOBRE_DADOS_OFICIAIS
2025-01,Siderurgia – Ferro e Aço,618622199.0,1020370992.0,32554631.0,1671547822.0,205,0.3700894409708369,FORA_DAS_FAIXAS_NT,2026-08,DADO_CALCULADO_SOBRE_DADOS_OFICIAIS
2025-01,"Soja, Oleaginosas e Sementes",12264784.0,233078039.0,5459951.0,250802774.0,41,0.048902106640973594,CRITICA,2026-08,DADO_CALCULADO_SOBRE_DADOS_OFICIAIS
2025-01,Sucos e Bebidas à Base de Frutas/Vegetais,105399826.0,14262079.0,7116440.0,126778345.0,23,0.8313708938226004,FORA_DAS_FAIXAS_NT,2026-08,DADO_CALCULADO_SOBRE_DADOS_OFICIAIS
2025-01,Tabaco e Sucedâneos,78277826.0,540495914.0,44525675.0,663299415.0,23,0.1180128072327638,ALTA,2026-08,DADO_CALCULADO_SOBRE_DADOS_OFICIAIS
2025-01,Tecidos Impregnados/Revestidos/Laminados,24717712.0,38224992.0,11639888.0,74582592.0,26,0.3314139578308032,FORA_DAS_FAIXAS_NT,2026-08,DADO_CALCULADO_SOBRE_DADOS_OFICIAIS
2025-01,Tecidos Sintéticos (Inclusive Malhas),14371506.0,66341217.0,2789065.0,83501788.0,80,0.17211015888665762,MEDIA,2026-08,DADO_CALCULADO_SOBRE_DADOS_OFICIAIS
2025-01,"Tintas, Pigmentos e Corantes",102682691.0,241643238.0,32742911.0,377068840.0,91,0.2723181554858789,MEDIA,2026-08,DADO_CALCULADO_SOBRE_DADOS_OFICIAIS
2025-01,Toucinho e Gorduras Não Fundidas,2248541.0,3905285.0,0.0,6153826.0,5,0.3653891091493325,FORA_DAS_FAIXAS_NT,2026-08,DADO_CALCULADO_SOBRE_DADOS_OFICIAIS
2025-01,Tratores,568347.0,232673493.0,22611607.0,255853447.0,11,0.002221377146425547,CRITICA,2026-08,DADO_CALCULADO_SOBRE_DADOS_OFICIAIS
2025-01,"Têxteis Naturais (Algodão, Lã, Seda e Afins)",43186375.0,191852633.0,3711169.0,238750177.0,317,0.18088520621285237,MEDIA,2026-08,DADO_CALCULADO_SOBRE_DADOS_OFICIAIS
2025-01,Vacinas e Soros,24145.0,598911715.0,0.0,598935860.0,40,4.0313164751898476e-05,CRITICA,2026-08,DADO_CALCULADO_SOBRE_DADOS_OFICIAIS
2025-01,Vestuário Tecido (Plano),28776116.0,228782575.0,778788.0,258337479.0,118,0.1113896292221695,ALTA,2026-08,DADO_CALCULADO_SOBRE_DADOS_OFICIAIS
2025-01,Vestuário de Malha,75918385.0,331071517.0,4062686.0,411052588.0,135,0.18469263353719598,MEDIA,2026-08,DADO_CALCULADO_SOBRE_DADOS_OFICIAIS
2025-01,Veículos Comerciais (Caminhões e Carga) e Ônibus,207164024.0,422144679.0,27020229.0,656328932.0,47,0.31564054835845634,FORA_DAS_FAIXAS_NT,2026-08,DADO_CALCULADO_SOBRE_DADOS_OFICIAIS
2025-01,Veículos Leves e de Passageiros,0.0,857595305.0,0.0,857595305.0,21,0.0,CRITICA,2026-08,DADO_CALCULADO_SOBRE_DADOS_OFICIAIS
2025-01,Vidro e Suas Obras,76621709.0,171693854.0,43682530.0,291998093.0,88,0.2624048267328924,MEDIA,2026-08,DADO_CALCULADO_SOBRE_DADOS_OFICIAIS
2025-01,Óleos Brutos de Petróleo,0.0,77693895.0,802377159.0,880071054.0,2,0.0,CRITICA,2026-08,DADO_CALCULADO_SOBRE_DADOS_OFICIAIS
2025-01,Óleos e Gorduras Vegetais/animais,219004180.0,246771647.0,3189888.0,468965715.0,65,0.4669940104256875,FORA_DAS_FAIXAS_NT,2026-08,DADO_CALCULADO_SOBRE_DADOS_OFICIAIS
2025-01,"Óptica, Instrumentos e Aparelhos de Precisão",28293406.0,196118941.0,63984327.0,288396674.0,247,0.09810586789222125,ALTA,2026-08,DADO_CALCULADO_SOBRE_DADOS_OFICIAIS
2025-02,Acessórios Pessoais e Artigos de Uso Pessoal,14802571.0,154817699.0,4888179.0,174508449.0,58,0.08482438005050404,ALTA,2026-08,DADO_CALCULADO_SOBRE_DADOS_OFICIAIS
2025-02,Adubos e Fertilizantes,200482593.0,64970513.0,587325171.0,852778277.0,34,0.23509345677199983,MEDIA,2026-08,DADO_CALCULADO_SOBRE_DADOS_OFICIAIS
2025-02,Aeronaves e Espaço,87874.0,2175555.0,1006662.0,3270091.0,22,0.026872035059574795,CRITICA,2026-08,DADO_CALCULADO_SOBRE_DADOS_OFICIAIS
2025-02,Alumínio e Suas Obras,160635331.0,351266190.0,16270056.0,528171577.0,54,0.30413475089364755,FORA_DAS_FAIXAS_NT,2026-08,DADO_CALCULADO_SOBRE_DADOS_OFICIAIS
2025-02,Animais Vivos e Genética,13758280.0,127706649.0,0.0,141464929.0,49,0.09725576577357911,ALTA,2026-08,DADO_CALCULADO_SOBRE_DADOS_OFICIAIS
2025-02,Aparelhos Telefônicos,1661129.0,350565820.0,8017581.0,360244530.0,49,0.004611115122275417,CRITICA,2026-08,DADO_CALCULADO_SOBRE_DADOS_OFICIAIS
2025-02,Armas e Munições,29862485.0,14407045.0,0.0,44269530.0,26,0.6745606967139701,FORA_DAS_FAIXAS_NT,2026-08,DADO_CALCULADO_SOBRE_DADOS_OFICIAIS
2025-02,Artefatos de Metal Diversos,77074149.0,77466593.0,18674632.0,173215374.0,40,0.4449613635334702,FORA_DAS_FAIXAS_NT,2026-08,DADO_CALCULADO_SOBRE_DADOS_OFICIAIS
2025-02,"Açúcares, Sacarídeos e Produtos de Confeitaria (sem cacau)",74375016.0,218873896.0,232442.0,293481354.0,30,0.25342330947539515,MEDIA,2026-08,DADO_CALCULADO_SOBRE_DADOS_OFICIAIS
2025-02,Bebidas Alcoólicas,260036016.0,190688288.0,23444648.0,474168952.0,26,0.5484037175002551,FORA_DAS_FAIXAS_NT,2026-08,DADO_CALCULADO_SOBRE_DADOS_OFICIAIS
2025-02,Bebidas Não Alcoólicas (Exceto Sucos),331529344.0,198072441.0,5025192.0,534626977.0,6,0.6201133842148037,FORA_DAS_FAIXAS_NT,2026-08,DADO_CALCULADO_SOBRE_DADOS_OFICIAIS
2025-02,Biodiesel,323613134.0,0.0,0.0,323613134.0,1,1.0,FORA_DAS_FAIXAS_NT,2026-08,DADO_CALCULADO_SOBRE_DADOS_OFICIAIS
2025-02,Borracha e Suas Obras (Exceto Pneumáticos),67720159.0,236516414.0,37233527.0,341470100.0,90,0.19831943997439308,MEDIA,2026-08,DADO_CALCULADO_SOBRE_DADOS_OFICIAIS
2025-02,"Brinquedos, Jogos e Artigos de Lazer",14288288.0,141273609.0,4604952.0,160166849.0,76,0.08920877253444626,ALTA,2026-08,DADO_CALCULADO_SOBRE_DADOS_OFICIAIS
2025-02,Cabos e Fios,31357427.0,241947986.0,9324747.0,282630160.0,13,0.11094862275137232,ALTA,2026-08,DADO_CALCULADO_SOBRE_DADOS_OFICIAIS
2025-02,Cacau e Preparações,33571129.0,194769195.0,1774886.0,230115210.0,13,0.14588835305584538,ALTA,2026-08,DADO_CALCULADO_SOBRE_DADOS_OFICIAIS
2025-02,Café,765203.0,133052152.0,0.0,133817355.0,10,0.005718264271476596,CRITICA,2026-08,DADO_CALCULADO_SOBRE_DADOS_OFICIAIS
2025-02,Calçados,406375835.0,288163220.0,6622939.0,701161994.0,36,0.5795748179129059,FORA_DAS_FAIXAS_NT,2026-08,DADO_CALCULADO_SOBRE_DADOS_OFICIAIS
2025-02,Carnes Preparadas (Defumadas/Salgadas),7336336.0,13838713.0,0.0,21175049.0,6,0.34646134703159365,FORA_DAS_FAIXAS_NT,2026-08,DADO_CALCULADO_SOBRE_DADOS_OFICIAIS
2025-02,Carnes de Bovinos,671558318.0,436953977.0,0.0,1108512295.0,16,0.6058194582316293,FORA_DAS_FAIXAS_NT,2026-08,DADO_CALCULADO_SOBRE_DADOS_OFICIAIS
2025-02,Carnes de Espécies Exóticas/Diversas e Subprodutos,1756973.0,197341.0,0.0,1954314.0,9,0.8990228796396076,FORA_DAS_FAIXAS_NT,2026-08,DADO_CALCULADO_SOBRE_DADOS_OFICIAIS
2025-02,Carnes de Frango,346729943.0,206570091.0,0.0,553300034.0,22,0.626658090897569,FORA_DAS_FAIXAS_NT,2026-08,DADO_CALCULADO_SOBRE_DADOS_OFICIAIS
2025-02,Carnes de Outras Aves (Exceto Frango),0.0,76917.0,0.0,76917.0,11,0.0,CRITICA,2026-08,DADO_CALCULADO_SOBRE_DADOS_OFICIAIS
2025-02,Carnes de Ovinos e Caprinos,3615082.0,266268.0,0.0,3881350.0,12,0.9313980960232908,FORA_DAS_FAIXAS_NT,2026-08,DADO_CALCULADO_SOBRE_DADOS_OFICIAIS
2025-02,Carnes de Suínos,100449295.0,58896732.0,0.0,159346027.0,10,0.6303846847715883,FORA_DAS_FAIXAS_NT,2026-08,DADO_CALCULADO_SOBRE_DADOS_OFICIAIS
2025-02,Cereais e Grãos (exceto soja),184625629.0,118616426.0,85960683.0,389202738.0,42,0.47436878257521403,FORA_DAS_FAIXAS_NT,2026-08,DADO_CALCULADO_SOBRE_DADOS_OFICIAIS
2025-02,Chás e Especiarias,5288332.0,8286073.0,4769.0,13579174.0,41,0.3894443064062659,FORA_DAS_FAIXAS_NT,2026-08,DADO_CALCULADO_SOBRE_DADOS_OFICIAIS
2025-02,Combustíveis e Derivados de Petróleo,291286456.0,188087947.0,13354764.0,492729167.0,63,0.591169501439317,FORA_DAS_FAIXAS_NT,2026-08,DADO_CALCULADO_SOBRE_DADOS_OFICIAIS
2025-02,Componentes Elétricos e Eletrônicos,120602644.0,562099932.0,140443687.0,823146263.0,325,0.14651423376503867,ALTA,2026-08,DADO_CALCULADO_SOBRE_DADOS_OFICIAIS
2025-02,Conservas de Frutas e Hortícolas,35161030.0,134306042.0,10095229.0,179562301.0,47,0.19581521179103178,MEDIA,2026-08,DADO_CALCULADO_SOBRE_DADOS_OFICIAIS
2025-02,Couros e Suas Obras,154483765.0,128586783.0,9768594.0,292839142.0,103,0.5275379648530728,FORA_DAS_FAIXAS_NT,2026-08,DADO_CALCULADO_SOBRE_DADOS_OFICIAIS
2025-02,Eletrodomésticos (Linha Branca + Portáteis),103784643.0,630558576.0,48789950.0,783133169.0,105,0.13252489756311164,ALTA,2026-08,DADO_CALCULADO_SOBRE_DADOS_OFICIAIS
2025-02,Eletrônicos de Consumo – Comunicação/Imagem,2085536.0,116584022.0,14535925.0,133205483.0,50,0.0156565326969311,CRITICA,2026-08,DADO_CALCULADO_SOBRE_DADOS_OFICIAIS
2025-02,Eletrônicos de Consumo – Informática/TIC,5414513.0,289806153.0,6489008.0,301709674.0,143,0.01794610337883962,CRITICA,2026-08,DADO_CALCULADO_SOBRE_DADOS_OFICIAIS
2025-02,Eletrônicos de Consumo – Áudio/Vídeo,2763130.0,45190485.0,106772843.0,154726458.0,33,0.01785816101341892,CRITICA,2026-08,DADO_CALCULADO_SOBRE_DADOS_OFICIAIS
2025-02,Embarcações e Estruturas Flutuantes,1235696.0,10074535.0,0.0,11310231.0,26,0.10925470929815669,ALTA,2026-08,DADO_CALCULADO_SOBRE_DADOS_OFICIAIS
2025-02,Erva-mate,27830423.0,26263223.0,0.0,54093646.0,2,0.5144859897223418,FORA_DAS_FAIXAS_NT,2026-08,DADO_CALCULADO_SOBRE_DADOS_OFICIAIS
2025-02,Etanol e Álcool Etílico,1847840.0,595851597.0,0.0,597699437.0,5,0.003091587318995584,CRITICA,2026-08,DADO_CALCULADO_SOBRE_DADOS_OFICIAIS
2025-02,Explosivos e Pirotecnia,0.0,2681747.0,0.0,2681747.0,15,0.0,CRITICA,2026-08,DADO_CALCULADO_SOBRE_DADOS_OFICIAIS
2025-02,"Farinha, Malte e Preparações de Cereais",178462493.0,89663071.0,10316800.0,278442364.0,37,0.6409315394262347,FORA_DAS_FAIXAS_NT,2026-08,DADO_CALCULADO_SOBRE_DADOS_OFICIAIS
2025-02,"Feltros, Passamanarias, Têxteis Técnicos",14353474.0,44414256.0,1231348.0,59999078.0,73,0.23922824280733113,MEDIA,2026-08,DADO_CALCULADO_SOBRE_DADOS_OFICIAIS
2025-02,Ferramentas e Cutelaria (Metais Comuns),45875234.0,98240985.0,23858832.0,167975051.0,84,0.27310742712618674,MEDIA,2026-08,DADO_CALCULADO_SOBRE_DADOS_OFICIAIS
2025-02,Fibras Sintéticas/Descontínuas – Têxteis,3180013.0,21657624.0,4466927.0,29304564.0,120,0.10851596358847038,ALTA,2026-08,DADO_CALCULADO_SOBRE_DADOS_OFICIAIS
2025-02,Filamentos Sintéticos – Têxteis Técnicos,13671546.0,64060716.0,2271314.0,80003576.0,89,0.17088668636511947,MEDIA,2026-08,DADO_CALCULADO_SOBRE_DADOS_OFICIAIS
2025-02,Frutas e Hortícolas,21403974.0,246672751.0,48898044.0,316974769.0,172,0.06752579729776537,ALTA,2026-08,DADO_CALCULADO_SOBRE_DADOS_OFICIAIS
2025-02,Instrumentos Musicais,58055.0,8871323.0,0.0,8929378.0,19,0.006501572673930928,CRITICA,2026-08,DADO_CALCULADO_SOBRE_DADOS_OFICIAIS
2025-02,Instrumentos Médicos,14167715.0,231999535.0,32976572.0,279143822.0,113,0.050754177178243265,ALTA,2026-08,DADO_CALCULADO_SOBRE_DADOS_OFICIAIS
2025-02,"Joias, Bijuterias, Metais Preciosos e Relógios",12639611.0,51134333.0,3058948.0,66832892.0,107,0.18912261046551748,MEDIA,2026-08,DADO_CALCULADO_SOBRE_DADOS_OFICIAIS
2025-02,Laticínios,412539039.0,242047064.0,0.0,654586103.0,44,0.6302288379012532,FORA_DAS_FAIXAS_NT,2026-08,DADO_CALCULADO_SOBRE_DADOS_OFICIAIS
2025-02,Madeira e Cortiça - Produtos e Obras,244619638.0,228142851.0,3345637.0,476108126.0,153,0.5137900922951271,FORA_DAS_FAIXAS_NT,2026-08,DADO_CALCULADO_SOBRE_DADOS_OFICIAIS
2025-02,Massas e Panificação,197285647.0,256079194.0,2500769.0,455865610.0,21,0.43277150693600247,FORA_DAS_FAIXAS_NT,2026-08,DADO_CALCULADO_SOBRE_DADOS_OFICIAIS
2025-02,Material Ferroviário e Contêineres,5769386.0,5275018.0,1720044.0,12764448.0,21,0.4519886798081672,FORA_DAS_FAIXAS_NT,2026-08,DADO_CALCULADO_SOBRE_DADOS_OFICIAIS
2025-02,Medicamentos,6127550.0,1188577264.0,0.0,1194704814.0,208,0.005128923838085413,CRITICA,2026-08,DADO_CALCULADO_SOBRE_DADOS_OFICIAIS
2025-02,Mel e Outros Produtos Comestíveis de Origem Animal,611863.0,1056081.0,0.0,1667944.0,3,0.36683665638654533,FORA_DAS_FAIXAS_NT,2026-08,DADO_CALCULADO_SOBRE_DADOS_OFICIAIS
2025-02,"Metais Não Ferrosos e Suas Obras (NCMs dos Caps. 74, 75, 78, 79, 80, 81)",38132650.0,117337305.0,4892502.0,160362457.0,163,0.23779038257065369,MEDIA,2026-08,DADO_CALCULADO_SOBRE_DADOS_OFICIAIS
2025-02,Minerais e Materiais de Mineração (Não Metálicos),92721694.0,148728077.0,1906529.0,243356300.0,76,0.3810120962555726,FORA_DAS_FAIXAS_NT,2026-08,DADO_CALCULADO_SOBRE_DADOS_OFICIAIS
2025-02,Minérios e Subprodutos da Metalurgia (NCMs do Cap. 26),1431473.0,198200.0,0.0,1629673.0,29,0.8783805094641686,FORA_DAS_FAIXAS_NT,2026-08,DADO_CALCULADO_SOBRE_DADOS_OFICIAIS
2025-02,Mobiliário e Iluminação,395097735.0,326919212.0,22469530.0,744486477.0,102,0.5306983366468858,FORA_DAS_FAIXAS_NT,2026-08,DADO_CALCULADO_SOBRE_DADOS_OFICIAIS
2025-02,Motocicletas,0.0,68451393.0,506878.0,68958271.0,9,0.0,CRITICA,2026-08,DADO_CALCULADO_SOBRE_DADOS_OFICIAIS
2025-02,Máquinas e Equipamentos Industriais,615830862.0,1352537829.0,303864598.0,2272233289.0,787,0.2710244872220072,MEDIA,2026-08,DADO_CALCULADO_SOBRE_DADOS_OFICIAIS
2025-02,Máquinas e Implementos Agrícolas,242548971.0,266489395.0,14619479.0,523657845.0,39,0.4631821585715001,FORA_DAS_FAIXAS_NT,2026-08,DADO_CALCULADO_SOBRE_DADOS_OFICIAIS
2025-02,Objetos de Arte e Coleções,514768.0,2700603.0,0.0,3215371.0,21,0.16009598892320667,MEDIA,2026-08,DADO_CALCULADO_SOBRE_DADOS_OFICIAIS
2025-02,Obras de Espartaria e Cestaria,44049.0,2014581.0,79773.0,2138403.0,11,0.020599017116979354,CRITICA,2026-08,DADO_CALCULADO_SOBRE_DADOS_OFICIAIS
2025-02,Obras de Ferro ou Aço,407424321.0,496413254.0,70033147.0,973870722.0,154,0.418355652137574,FORA_DAS_FAIXAS_NT,2026-08,DADO_CALCULADO_SOBRE_DADOS_OFICIAIS
2025-02,Outras Fibras Têxteis Vegetais,44192.0,2316145.0,0.0,2360337.0,26,0.018722750183554297,CRITICA,2026-08,DADO_CALCULADO_SOBRE_DADOS_OFICIAIS
2025-02,Outros,0.0,2157.0,0.0,2157.0,9,0.0,CRITICA,2026-08,DADO_CALCULADO_SOBRE_DADOS_OFICIAIS
2025-02,Ovos,15006718.0,13460311.0,0.0,28467029.0,9,0.5271613697376006,FORA_DAS_FAIXAS_NT,2026-08,DADO_CALCULADO_SOBRE_DADOS_OFICIAIS
2025-02,Papel e Papelão,295020608.0,458542877.0,11834959.0,765398444.0,174,0.38544709662357246,FORA_DAS_FAIXAS_NT,2026-08,DADO_CALCULADO_SOBRE_DADOS_OFICIAIS
2025-02,Pasta Química e Pasta Mecânica,1528102.0,17948211.0,0.0,19476313.0,20,0.07845951130483475,ALTA,2026-08,DADO_CALCULADO_SOBRE_DADOS_OFICIAIS
2025-02,Perfumaria e Cosméticos,21424596.0,423379422.0,3986263.0,448790281.0,57,0.04773854717232613,CRITICA,2026-08,DADO_CALCULADO_SOBRE_DADOS_OFICIAIS
2025-02,Pescados e Frutos do Mar,3670138.0,64200229.0,6206861.0,74077228.0,196,0.04954475348348618,CRITICA,2026-08,DADO_CALCULADO_SOBRE_DADOS_OFICIAIS
2025-02,Pescados e Frutos do Mar - Preparações e Conservas,467073.0,24807783.0,0.0,25274856.0,28,0.018479749202131954,CRITICA,2026-08,DADO_CALCULADO_SOBRE_DADOS_OFICIAIS
2025-02,Peças e Acessórios Automotivos,345598264.0,895192604.0,189270525.0,1430061393.0,129,0.24166673241559217,MEDIA,2026-08,DADO_CALCULADO_SOBRE_DADOS_OFICIAIS
2025-02,Plantas Vivas e Floricultura,84883.0,19062814.0,701411.0,19849108.0,30,0.004276413831795363,CRITICA,2026-08,DADO_CALCULADO_SOBRE_DADOS_OFICIAIS
2025-02,Plásticos e Suas Obras,630043912.0,1255076601.0,138661403.0,2023781916.0,309,0.31132006221563646,FORA_DAS_FAIXAS_NT,2026-08,DADO_CALCULADO_SOBRE_DADOS_OFICIAIS
2025-02,"Pneumáticos, Câmaras e Protetores",31531660.0,305583983.0,2490798.0,339606441.0,20,0.09284765008329156,ALTA,2026-08,DADO_CALCULADO_SOBRE_DADOS_OFICIAIS
2025-02,"Preparações Alimentícias Diversas (Molhos, Condimentos, etc)",26255148.0,238459349.0,2129526.0,266844023.0,23,0.09839136625518496,ALTA,2026-08,DADO_CALCULADO_SOBRE_DADOS_OFICIAIS
2025-02,Preparações de Carne,131836652.0,100995840.0,0.0,232832492.0,15,0.5662296136915461,FORA_DAS_FAIXAS_NT,2026-08,DADO_CALCULADO_SOBRE_DADOS_OFICIAIS
2025-02,"Preparações, Suplementos e Complementos alimentares",11222348.0,142977546.0,1060646.0,155260540.0,25,0.07228074821844624,ALTA,2026-08,DADO_CALCULADO_SOBRE_DADOS_OFICIAIS
2025-02,"Produtos Cerâmicos, Porcelana e Refratários",41052733.0,112052612.0,0.0,153105345.0,54,0.26813389826462297,MEDIA,2026-08,DADO_CALCULADO_SOBRE_DADOS_OFICIAIS
2025-02,"Produtos Editoriais, Impressos e Materiais Gráficos",28037443.0,249926060.0,1230163.0,279193666.0,38,0.10042291933657263,ALTA,2026-08,DADO_CALCULADO_SOBRE_DADOS_OFICIAIS
2025-02,Produtos Farmacêuticos,1383890.0,78274264.0,1154717.0,80812871.0,44,0.017124623625857816,CRITICA,2026-08,DADO_CALCULADO_SOBRE_DADOS_OFICIAIS
2025-02,Produtos Fotográficos,248395.0,6287193.0,0.0,6535588.0,45,0.03800652672720496,CRITICA,2026-08,DADO_CALCULADO_SOBRE_DADOS_OFICIAIS
2025-02,"Produtos Minerais: Pedra, Cimento, Gesso, Amianto e Abrasivos",187337351.0,127709303.0,6729168.0,321775822.0,68,0.5821983449085867,FORA_DAS_FAIXAS_NT,2026-08,DADO_CALCULADO_SOBRE_DADOS_OFICIAIS
2025-02,Produtos Químicos Diversos,121358592.0,712292782.0,85202764.0,918854138.0,246,0.13207601400604455,ALTA,2026-08,DADO_CALCULADO_SOBRE_DADOS_OFICIAIS
2025-02,Produtos de Origem Animal (Não Alimentares),21901775.0,11866843.0,0.0,33768618.0,30,0.6485836938899898,FORA_DAS_FAIXAS_NT,2026-08,DADO_CALCULADO_SOBRE_DADOS_OFICIAIS
2025-02,Químicos Inorgânicos,59985481.0,182925445.0,16762366.0,259673292.0,289,0.23100366055358515,MEDIA,2026-08,DADO_CALCULADO_SOBRE_DADOS_OFICIAIS
2025-02,Químicos Orgânicos,46577178.0,171137732.0,33508794.0,251223704.0,814,0.18540120720455583,MEDIA,2026-08,DADO_CALCULADO_SOBRE_DADOS_OFICIAIS
2025-02,Resíduos para Alimentação Animal,604335673.0,345353387.0,2301968.0,951991028.0,36,0.6348123619080999,FORA_DAS_FAIXAS_NT,2026-08,DADO_CALCULADO_SOBRE_DADOS_OFICIAIS
2025-02,"Sabões e Preparações de Limpeza, Ceras e Pastas",82066796.0,245420237.0,18838094.0,346325127.0,56,0.2369646023402743,MEDIA,2026-08,DADO_CALCULADO_SOBRE_DADOS_OFICIAIS
2025-02,Siderurgia – Ferro e Aço,594171394.0,973917400.0,42079560.0,1610168354.0,205,0.36901196854599216,FORA_DAS_FAIXAS_NT,2026-08,DADO_CALCULADO_SOBRE_DADOS_OFICIAIS
2025-02,"Soja, Oleaginosas e Sementes",9100409.0,342504928.0,16052377.0,367657714.0,38,0.024752395104104902,CRITICA,2026-08,DADO_CALCULADO_SOBRE_DADOS_OFICIAIS
2025-02,Sucos e Bebidas à Base de Frutas/Vegetais,147473511.0,13139935.0,0.0,160613446.0,24,0.9181890724142735,FORA_DAS_FAIXAS_NT,2026-08,DADO_CALCULADO_SOBRE_DADOS_OFICIAIS
2025-02,Tabaco e Sucedâneos,151453345.0,1056558615.0,20389098.0,1228401058.0,23,0.12329307599798567,ALTA,2026-08,DADO_CALCULADO_SOBRE_DADOS_OFICIAIS
2025-02,Tecidos Impregnados/Revestidos/Laminados,30135261.0,37527165.0,20758433.0,88420859.0,26,0.3408161981326148,FORA_DAS_FAIXAS_NT,2026-08,DADO_CALCULADO_SOBRE_DADOS_OFICIAIS
2025-02,Tecidos Sintéticos (Inclusive Malhas),18002091.0,68642732.0,494449.0,87139272.0,80,0.2065898714416618,MEDIA,2026-08,DADO_CALCULADO_SOBRE_DADOS_OFICIAIS
2025-02,"Tintas, Pigmentos e Corantes",102143931.0,227754749.0,25240773.0,355139453.0,93,0.2876164000849548,MEDIA,2026-08,DADO_CALCULADO_SOBRE_DADOS_OFICIAIS
2025-02,Toucinho e Gorduras Não Fundidas,2161010.0,4392757.0,0.0,6553767.0,5,0.32973555513950986,FORA_DAS_FAIXAS_NT,2026-08,DADO_CALCULADO_SOBRE_DADOS_OFICIAIS
2025-02,Tratores,1920427.0,379750731.0,14483446.0,396154604.0,11,0.00484767053218445,CRITICA,2026-08,DADO_CALCULADO_SOBRE_DADOS_OFICIAIS
2025-02,"Têxteis Naturais (Algodão, Lã, Seda e Afins)",44124951.0,219341381.0,4422791.0,267889123.0,322,0.16471348483977083,MEDIA,2026-08,DADO_CALCULADO_SOBRE_DADOS_OFICIAIS
2025-02,Vacinas e Soros,11874.0,772479378.0,0.0,772491252.0,37,1.5371047852332183e-05,CRITICA,2026-08,DADO_CALCULADO_SOBRE_DADOS_OFICIAIS
2025-02,Vestuário Tecido (Plano),37930481.0,329985997.0,3227989.0,371144467.0,117,0.10219869719895353,ALTA,2026-08,DADO_CALCULADO_SOBRE_DADOS_OFICIAIS
2025-02,Vestuário de Malha,62291677.0,506461509.0,6964700.0,575717886.0,135,0.10819826605143895,ALTA,2026-08,DADO_CALCULADO_SOBRE_DADOS_OFICIAIS
2025-02,Veículos Comerciais (Caminhões e Carga) e Ônibus,238654402.0,570788239.0,14632811.0,824075452.0,43,0.2896026103202016,MEDIA,2026-08,DADO_CALCULADO_SOBRE_DADOS_OFICIAIS
2025-02,Veículos Leves e de Passageiros,0.0,928108070.0,0.0,928108070.0,20,0.0,CRITICA,2026-08,DADO_CALCULADO_SOBRE_DADOS_OFICIAIS
2025-02,Vidro e Suas Obras,94936915.0,156427578.0,11987959.0,263352452.0,88,0.36049375762030117,FORA_DAS_FAIXAS_NT,2026-08,DADO_CALCULADO_SOBRE_DADOS_OFICIAIS
2025-02,Óleos Brutos de Petróleo,0.0,45359425.0,866858715.0,912218140.0,2,0.0,CRITICA,2026-08,DADO_CALCULADO_SOBRE_DADOS_OFICIAIS
2025-02,Óleos e Gorduras Vegetais/animais,215896813.0,229339508.0,2728305.0,447964626.0,65,0.4819505837498874,FORA_DAS_FAIXAS_NT,2026-08,DADO_CALCULADO_SOBRE_DADOS_OFICIAIS
2025-02,"Óptica, Instrumentos e Aparelhos de Precisão",27901746.0,189100972.0,41473063.0,258475781.0,241,0.10794723548973434,ALTA,2026-08,DADO_CALCULADO_SOBRE_DADOS_OFICIAIS
2025-03,Acessórios Pessoais e Artigos de Uso Pessoal,13975749.0,168942803.0,12822303.0,195740855.0,57,0.07139924365815199,ALTA,2026-08,DADO_CALCULADO_SOBRE_DADOS_OFICIAIS
2025-03,Adubos e Fertilizantes,353036989.0,52092114.0,700648128.0,1105777231.0,35,0.31926592364425344,FORA_DAS_FAIXAS_NT,2026-08,DADO_CALCULADO_SOBRE_DADOS_OFICIAIS
2025-03,Aeronaves e Espaço,169637.0,7246783.0,640324.0,8056744.0,25,0.02105527989967163,CRITICA,2026-08,DADO_CALCULADO_SOBRE_DADOS_OFICIAIS
2025-03,Alumínio e Suas Obras,169172975.0,363234714.0,23535458.0,555943147.0,55,0.30429905632059173,FORA_DAS_FAIXAS_NT,2026-08,DADO_CALCULADO_SOBRE_DADOS_OFICIAIS
2025-03,Animais Vivos e Genética,18895840.0,90359014.0,0.0,109254854.0,49,0.1729519495765378,MEDIA,2026-08,DADO_CALCULADO_SOBRE_DADOS_OFICIAIS
2025-03,Aparelhos Telefônicos,2475798.0,433685204.0,6613863.0,442774865.0,50,0.005591550459848257,CRITICA,2026-08,DADO_CALCULADO_SOBRE_DADOS_OFICIAIS
2025-03,Armas e Munições,29130580.0,16509647.0,0.0,45640227.0,24,0.6382654494685138,FORA_DAS_FAIXAS_NT,2026-08,DADO_CALCULADO_SOBRE_DADOS_OFICIAIS
2025-03,Artefatos de Metal Diversos,81242516.0,85153746.0,18954390.0,185350652.0,40,0.4383179402034151,FORA_DAS_FAIXAS_NT,2026-08,DADO_CALCULADO_SOBRE_DADOS_OFICIAIS
2025-03,"Açúcares, Sacarídeos e Produtos de Confeitaria (sem cacau)",71782002.0,233338892.0,170738.0,305291632.0,30,0.23512600568102043,MEDIA,2026-08,DADO_CALCULADO_SOBRE_DADOS_OFICIAIS
2025-03,Bebidas Alcoólicas,296495864.0,197687846.0,18343608.0,512527318.0,26,0.5784976792202908,FORA_DAS_FAIXAS_NT,2026-08,DADO_CALCULADO_SOBRE_DADOS_OFICIAIS
2025-03,Bebidas Não Alcoólicas (Exceto Sucos),375331176.0,195283572.0,5844845.0,576459593.0,6,0.651097111675614,FORA_DAS_FAIXAS_NT,2026-08,DADO_CALCULADO_SOBRE_DADOS_OFICIAIS
2025-03,Biodiesel,326383633.0,4069607.0,0.0,330453240.0,1,0.9876847719816577,FORA_DAS_FAIXAS_NT,2026-08,DADO_CALCULADO_SOBRE_DADOS_OFICIAIS
2025-03,Borracha e Suas Obras (Exceto Pneumáticos),62908591.0,225495446.0,49221697.0,337625734.0,88,0.18632641017820045,MEDIA,2026-08,DADO_CALCULADO_SOBRE_DADOS_OFICIAIS
2025-03,"Brinquedos, Jogos e Artigos de Lazer",11478607.0,149367437.0,6381563.0,167227607.0,75,0.06864062223888667,ALTA,2026-08,DADO_CALCULADO_SOBRE_DADOS_OFICIAIS
2025-03,Cabos e Fios,32089888.0,255541223.0,13166347.0,300797458.0,14,0.10668271006465753,ALTA,2026-08,DADO_CALCULADO_SOBRE_DADOS_OFICIAIS
2025-03,Cacau e Preparações,71416275.0,225186130.0,2318151.0,298920556.0,13,0.2389138972429852,MEDIA,2026-08,DADO_CALCULADO_SOBRE_DADOS_OFICIAIS
2025-03,Café,963166.0,184115451.0,0.0,185078617.0,10,0.005204091188989164,CRITICA,2026-08,DADO_CALCULADO_SOBRE_DADOS_OFICIAIS
2025-03,Calçados,450331146.0,347656836.0,6085106.0,804073088.0,37,0.5600624529296521,FORA_DAS_FAIXAS_NT,2026-08,DADO_CALCULADO_SOBRE_DADOS_OFICIAIS
2025-03,Carnes Preparadas (Defumadas/Salgadas),8048967.0,18456299.0,0.0,26505266.0,6,0.30367425854168,FORA_DAS_FAIXAS_NT,2026-08,DADO_CALCULADO_SOBRE_DADOS_OFICIAIS
2025-03,Carnes de Bovinos,704604901.0,469249021.0,0.0,1173853922.0,16,0.6002492199365842,FORA_DAS_FAIXAS_NT,2026-08,DADO_CALCULADO_SOBRE_DADOS_OFICIAIS
2025-03,Carnes de Espécies Exóticas/Diversas e Subprodutos,2641022.0,499628.0,0.0,3140650.0,8,0.8409157340041075,FORA_DAS_FAIXAS_NT,2026-08,DADO_CALCULADO_SOBRE_DADOS_OFICIAIS
2025-03,Carnes de Frango,320644263.0,212118166.0,0.0,532762429.0,23,0.6018522432256573,FORA_DAS_FAIXAS_NT,2026-08,DADO_CALCULADO_SOBRE_DADOS_OFICIAIS
2025-03,Carnes de Outras Aves (Exceto Frango),0.0,324227.0,0.0,324227.0,10,0.0,CRITICA,2026-08,DADO_CALCULADO_SOBRE_DADOS_OFICIAIS
2025-03,Carnes de Ovinos e Caprinos,3946339.0,339864.0,0.0,4286203.0,13,0.9207074419946979,FORA_DAS_FAIXAS_NT,2026-08,DADO_CALCULADO_SOBRE_DADOS_OFICIAIS
2025-03,Carnes de Suínos,112670194.0,55604806.0,0.0,168275000.0,10,0.6695599108601991,FORA_DAS_FAIXAS_NT,2026-08,DADO_CALCULADO_SOBRE_DADOS_OFICIAIS
2025-03,Cereais e Grãos (exceto soja),180667939.0,100671498.0,26927779.0,308267216.0,42,0.5860757473477166,FORA_DAS_FAIXAS_NT,2026-08,DADO_CALCULADO_SOBRE_DADOS_OFICIAIS
2025-03,Chás e Especiarias,6254062.0,8888163.0,0.0,15142225.0,41,0.41302133603218816,FORA_DAS_FAIXAS_NT,2026-08,DADO_CALCULADO_SOBRE_DADOS_OFICIAIS
2025-03,Combustíveis e Derivados de Petróleo,291520847.0,209756995.0,8453187.0,509731029.0,63,0.571911126485494,FORA_DAS_FAIXAS_NT,2026-08,DADO_CALCULADO_SOBRE_DADOS_OFICIAIS
2025-03,Componentes Elétricos e Eletrônicos,140518777.0,644244515.0,130968611.0,915731903.0,322,0.1534496903948098,MEDIA,2026-08,DADO_CALCULADO_SOBRE_DADOS_OFICIAIS
2025-03,Conservas de Frutas e Hortícolas,37512258.0,145154810.0,12786660.0,195453728.0,49,0.1919239831537007,MEDIA,2026-08,DADO_CALCULADO_SOBRE_DADOS_OFICIAIS
2025-03,Couros e Suas Obras,161357559.0,131516424.0,8563783.0,301437766.0,102,0.535293109225073,FORA_DAS_FAIXAS_NT,2026-08,DADO_CALCULADO_SOBRE_DADOS_OFICIAIS
2025-03,Eletrodomésticos (Linha Branca + Portáteis),127081385.0,684571878.0,36272423.0,847925686.0,106,0.149873257878875,ALTA,2026-08,DADO_CALCULADO_SOBRE_DADOS_OFICIAIS
2025-03,Eletrônicos de Consumo – Comunicação/Imagem,1415414.0,128824727.0,17854967.0,148095108.0,51,0.009557466273632752,CRITICA,2026-08,DADO_CALCULADO_SOBRE_DADOS_OFICIAIS
2025-03,Eletrônicos de Consumo – Informática/TIC,5987367.0,313291834.0,12713094.0,331992295.0,139,0.018034656497073222,CRITICA,2026-08,DADO_CALCULADO_SOBRE_DADOS_OFICIAIS
2025-03,Eletrônicos de Consumo – Áudio/Vídeo,3050996.0,46974722.0,64384548.0,114410266.0,34,0.02666715240396347,CRITICA,2026-08,DADO_CALCULADO_SOBRE_DADOS_OFICIAIS
2025-03,Embarcações e Estruturas Flutuantes,659040.0,3225512.0,0.0,3884552.0,28,0.16965662964480846,MEDIA,2026-08,DADO_CALCULADO_SOBRE_DADOS_OFICIAIS
2025-03,Erva-mate,27675294.0,27932215.0,0.0,55607509.0,2,0.4976898713445337,FORA_DAS_FAIXAS_NT,2026-08,DADO_CALCULADO_SOBRE_DADOS_OFICIAIS
2025-03,Etanol e Álcool Etílico,2168835.0,604152617.0,0.0,606321452.0,5,0.0035770382077789323,CRITICA,2026-08,DADO_CALCULADO_SOBRE_DADOS_OFICIAIS
2025-03,Explosivos e Pirotecnia,0.0,1922229.0,0.0,1922229.0,14,0.0,CRITICA,2026-08,DADO_CALCULADO_SOBRE_DADOS_OFICIAIS
2025-03,"Farinha, Malte e Preparações de Cereais",190092595.0,95357126.0,8941472.0,294391193.0,37,0.645714272437491,FORA_DAS_FAIXAS_NT,2026-08,DADO_CALCULADO_SOBRE_DADOS_OFICIAIS
2025-03,"Feltros, Passamanarias, Têxteis Técnicos",13941100.0,44701342.0,875396.0,59517838.0,75,0.2342339787275203,MEDIA,2026-08,DADO_CALCULADO_SOBRE_DADOS_OFICIAIS
2025-03,Ferramentas e Cutelaria (Metais Comuns),44607974.0,100804628.0,39843145.0,185255747.0,85,0.24079130997215434,MEDIA,2026-08,DADO_CALCULADO_SOBRE_DADOS_OFICIAIS
2025-03,Fibras Sintéticas/Descontínuas – Têxteis,2912782.0,18138165.0,5009212.0,26060159.0,118,0.1117714592608587,ALTA,2026-08,DADO_CALCULADO_SOBRE_DADOS_OFICIAIS
2025-03,Filamentos Sintéticos – Têxteis Técnicos,13034003.0,68861731.0,5075994.0,86971728.0,91,0.14986482733791376,ALTA,2026-08,DADO_CALCULADO_SOBRE_DADOS_OFICIAIS
2025-03,Frutas e Hortícolas,21568713.0,276006455.0,57266684.0,354841852.0,171,0.06078401653703464,ALTA,2026-08,DADO_CALCULADO_SOBRE_DADOS_OFICIAIS
2025-03,Instrumentos Musicais,66734.0,10262037.0,28815.0,10357586.0,19,0.006443007086786439,CRITICA,2026-08,DADO_CALCULADO_SOBRE_DADOS_OFICIAIS
2025-03,Instrumentos Médicos,15402933.0,252547512.0,14598221.0,282548666.0,114,0.05451426551771439,ALTA,2026-08,DADO_CALCULADO_SOBRE_DADOS_OFICIAIS
2025-03,"Joias, Bijuterias, Metais Preciosos e Relógios",15168042.0,74247005.0,5307392.0,94722439.0,106,0.1601314552299482,MEDIA,2026-08,DADO_CALCULADO_SOBRE_DADOS_OFICIAIS
2025-03,Laticínios,469586385.0,271048904.0,0.0,740635289.0,44,0.6340318804333938,FORA_DAS_FAIXAS_NT,2026-08,DADO_CALCULADO_SOBRE_DADOS_OFICIAIS
2025-03,Madeira e Cortiça - Produtos e Obras,245536074.0,247476334.0,4322997.0,497335405.0,151,0.4937031860822376,FORA_DAS_FAIXAS_NT,2026-08,DADO_CALCULADO_SOBRE_DADOS_OFICIAIS
2025-03,Massas e Panificação,215163713.0,283069404.0,4114319.0,502347436.0,23,0.4283165346941275,FORA_DAS_FAIXAS_NT,2026-08,DADO_CALCULADO_SOBRE_DADOS_OFICIAIS
2025-03,Material Ferroviário e Contêineres,3905101.0,3682274.0,0.0,7587375.0,17,0.5146840639878746,FORA_DAS_FAIXAS_NT,2026-08,DADO_CALCULADO_SOBRE_DADOS_OFICIAIS
2025-03,Medicamentos,8648181.0,1569199550.0,0.0,1577847731.0,211,0.00548099847031437,CRITICA,2026-08,DADO_CALCULADO_SOBRE_DADOS_OFICIAIS
2025-03,Mel e Outros Produtos Comestíveis de Origem Animal,1236984.0,1602465.0,0.0,2839449.0,3,0.43564226721451943,FORA_DAS_FAIXAS_NT,2026-08,DADO_CALCULADO_SOBRE_DADOS_OFICIAIS
2025-03,"Metais Não Ferrosos e Suas Obras (NCMs dos Caps. 74, 75, 78, 79, 80, 81)",41043225.0,110890837.0,835738.0,152769800.0,162,0.26866059260403563,MEDIA,2026-08,DADO_CALCULADO_SOBRE_DADOS_OFICIAIS
2025-03,Minerais e Materiais de Mineração (Não Metálicos),98762172.0,202271573.0,1369956.0,302403701.0,79,0.3265904870655006,FORA_DAS_FAIXAS_NT,2026-08,DADO_CALCULADO_SOBRE_DADOS_OFICIAIS
2025-03,Minérios e Subprodutos da Metalurgia (NCMs do Cap. 26),76886.0,46983.0,0.0,123869.0,22,0.6207041309770807,FORA_DAS_FAIXAS_NT,2026-08,DADO_CALCULADO_SOBRE_DADOS_OFICIAIS
2025-03,Mobiliário e Iluminação,417499671.0,356608190.0,17188494.0,791296355.0,100,0.5276148036850239,FORA_DAS_FAIXAS_NT,2026-08,DADO_CALCULADO_SOBRE_DADOS_OFICIAIS
2025-03,Motocicletas,0.0,72602877.0,0.0,72602877.0,9,0.0,CRITICA,2026-08,DADO_CALCULADO_SOBRE_DADOS_OFICIAIS
2025-03,Máquinas e Equipamentos Industriais,653333743.0,1293950771.0,333230319.0,2280514833.0,788,0.2864851977921777,MEDIA,2026-08,DADO_CALCULADO_SOBRE_DADOS_OFICIAIS
2025-03,Máquinas e Implementos Agrícolas,258967425.0,163609996.0,18004488.0,440581909.0,41,0.587784971897246,FORA_DAS_FAIXAS_NT,2026-08,DADO_CALCULADO_SOBRE_DADOS_OFICIAIS
2025-03,Objetos de Arte e Coleções,592069.0,3440932.0,0.0,4033001.0,23,0.14680606327645343,ALTA,2026-08,DADO_CALCULADO_SOBRE_DADOS_OFICIAIS
2025-03,Obras de Espartaria e Cestaria,143962.0,2096013.0,0.0,2239975.0,11,0.06426946729316176,ALTA,2026-08,DADO_CALCULADO_SOBRE_DADOS_OFICIAIS
2025-03,Obras de Ferro ou Aço,417498740.0,484743227.0,71219592.0,973461559.0,154,0.4288805614767989,FORA_DAS_FAIXAS_NT,2026-08,DADO_CALCULADO_SOBRE_DADOS_OFICIAIS
2025-03,Outras Fibras Têxteis Vegetais,16547.0,1820823.0,0.0,1837370.0,27,0.009005807213571573,CRITICA,2026-08,DADO_CALCULADO_SOBRE_DADOS_OFICIAIS
2025-03,Outros,0.0,123294.0,0.0,123294.0,9,0.0,CRITICA,2026-08,DADO_CALCULADO_SOBRE_DADOS_OFICIAIS
2025-03,Ovos,17261126.0,16346122.0,0.0,33607248.0,9,0.5136131943918765,FORA_DAS_FAIXAS_NT,2026-08,DADO_CALCULADO_SOBRE_DADOS_OFICIAIS
2025-03,Papel e Papelão,306769847.0,505547486.0,19255975.0,831573308.0,175,0.36890295064641493,FORA_DAS_FAIXAS_NT,2026-08,DADO_CALCULADO_SOBRE_DADOS_OFICIAIS
2025-03,Pasta Química e Pasta Mecânica,1393988.0,6731355.0,0.0,8125343.0,19,0.17156051135318226,MEDIA,2026-08,DADO_CALCULADO_SOBRE_DADOS_OFICIAIS
2025-03,Perfumaria e Cosméticos,20232834.0,498998722.0,4678035.0,523909591.0,57,0.038618941793718754,CRITICA,2026-08,DADO_CALCULADO_SOBRE_DADOS_OFICIAIS
2025-03,Pescados e Frutos do Mar,6344228.0,80008680.0,0.0,86352908.0,204,0.07346860860783055,ALTA,2026-08,DADO_CALCULADO_SOBRE_DADOS_OFICIAIS
2025-03,Pescados e Frutos do Mar - Preparações e Conservas,568326.0,17534972.0,0.0,18103298.0,29,0.031393506310286666,CRITICA,2026-08,DADO_CALCULADO_SOBRE_DADOS_OFICIAIS
2025-03,Peças e Acessórios Automotivos,378270185.0,994212638.0,268149224.0,1640632047.0,129,0.23056369384694825,MEDIA,2026-08,DADO_CALCULADO_SOBRE_DADOS_OFICIAIS
2025-03,Plantas Vivas e Floricultura,228207.0,26363733.0,0.0,26591940.0,30,0.008581810879537183,CRITICA,2026-08,DADO_CALCULADO_SOBRE_DADOS_OFICIAIS
2025-03,Plásticos e Suas Obras,638712982.0,1252495385.0,126407879.0,2017616246.0,312,0.31656812006062723,FORA_DAS_FAIXAS_NT,2026-08,DADO_CALCULADO_SOBRE_DADOS_OFICIAIS
2025-03,"Pneumáticos, Câmaras e Protetores",23185255.0,320549347.0,6773282.0,350507884.0,23,0.06614759912219265,ALTA,2026-08,DADO_CALCULADO_SOBRE_DADOS_OFICIAIS
2025-03,"Preparações Alimentícias Diversas (Molhos, Condimentos, etc)",25872164.0,237538110.0,4542308.0,267952582.0,23,0.09655500912471147,ALTA,2026-08,DADO_CALCULADO_SOBRE_DADOS_OFICIAIS
2025-03,Preparações de Carne,139051642.0,107876852.0,0.0,246928494.0,15,0.5631251369475407,FORA_DAS_FAIXAS_NT,2026-08,DADO_CALCULADO_SOBRE_DADOS_OFICIAIS
2025-03,"Preparações, Suplementos e Complementos alimentares",13304724.0,183087111.0,695315.0,197087150.0,25,0.06750680599927494,ALTA,2026-08,DADO_CALCULADO_SOBRE_DADOS_OFICIAIS
2025-03,"Produtos Cerâmicos, Porcelana e Refratários",41527521.0,126270705.0,817372.0,168615598.0,57,0.24628516870663414,MEDIA,2026-08,DADO_CALCULADO_SOBRE_DADOS_OFICIAIS
2025-03,"Produtos Editoriais, Impressos e Materiais Gráficos",28360662.0,198417618.0,557076.0,227335356.0,39,0.124752535192986,ALTA,2026-08,DADO_CALCULADO_SOBRE_DADOS_OFICIAIS
2025-03,Produtos Farmacêuticos,1015559.0,81766946.0,956653.0,83739158.0,44,0.012127647617378718,CRITICA,2026-08,DADO_CALCULADO_SOBRE_DADOS_OFICIAIS
2025-03,Produtos Fotográficos,371255.0,7627699.0,0.0,7998954.0,47,0.04641294349236163,CRITICA,2026-08,DADO_CALCULADO_SOBRE_DADOS_OFICIAIS
2025-03,"Produtos Minerais: Pedra, Cimento, Gesso, Amianto e Abrasivos",187846884.0,130417550.0,7243352.0,325507786.0,68,0.5770887581779688,FORA_DAS_FAIXAS_NT,2026-08,DADO_CALCULADO_SOBRE_DADOS_OFICIAIS
2025-03,Produtos Químicos Diversos,128012394.0,804833567.0,47475446.0,980321407.0,251,0.13058206531646208,ALTA,2026-08,DADO_CALCULADO_SOBRE_DADOS_OFICIAIS
2025-03,Produtos de Origem Animal (Não Alimentares),23248505.0,12607049.0,0.0,35855554.0,30,0.6483934120778053,FORA_DAS_FAIXAS_NT,2026-08,DADO_CALCULADO_SOBRE_DADOS_OFICIAIS
2025-03,Químicos Inorgânicos,60254244.0,184733320.0,14971617.0,259959181.0,290,0.23178348142280075,MEDIA,2026-08,DADO_CALCULADO_SOBRE_DADOS_OFICIAIS
2025-03,Químicos Orgânicos,57360795.0,188581904.0,37696100.0,283638799.0,807,0.20223183570876704,MEDIA,2026-08,DADO_CALCULADO_SOBRE_DADOS_OFICIAIS
2025-03,Resíduos para Alimentação Animal,640749139.0,333863041.0,0.0,974612180.0,36,0.6574401101779787,FORA_DAS_FAIXAS_NT,2026-08,DADO_CALCULADO_SOBRE_DADOS_OFICIAIS
2025-03,"Sabões e Preparações de Limpeza, Ceras e Pastas",83245968.0,293373393.0,20056452.0,396675813.0,57,0.2098589459499009,MEDIA,2026-08,DADO_CALCULADO_SOBRE_DADOS_OFICIAIS
2025-03,Siderurgia – Ferro e Aço,650374527.0,1027248298.0,29967130.0,1707589955.0,205,0.3808727763334729,FORA_DAS_FAIXAS_NT,2026-08,DADO_CALCULADO_SOBRE_DADOS_OFICIAIS
2025-03,"Soja, Oleaginosas e Sementes",16764670.0,329923264.0,10347680.0,357035614.0,40,0.04695517573773467,CRITICA,2026-08,DADO_CALCULADO_SOBRE_DADOS_OFICIAIS
2025-03,Sucos e Bebidas à Base de Frutas/Vegetais,58913910.0,14096261.0,0.0,73010171.0,23,0.8069274348090487,FORA_DAS_FAIXAS_NT,2026-08,DADO_CALCULADO_SOBRE_DADOS_OFICIAIS
2025-03,Tabaco e Sucedâneos,89949707.0,1463669763.0,27013147.0,1580632617.0,23,0.05690740911744706,ALTA,2026-08,DADO_CALCULADO_SOBRE_DADOS_OFICIAIS
2025-03,Tecidos Impregnados/Revestidos/Laminados,25688903.0,46568383.0,7662186.0,79919472.0,26,0.32143484381378296,FORA_DAS_FAIXAS_NT,2026-08,DADO_CALCULADO_SOBRE_DADOS_OFICIAIS
2025-03,Tecidos Sintéticos (Inclusive Malhas),20754787.0,68141322.0,1080882.0,89976991.0,81,0.23066771592750862,MEDIA,2026-08,DADO_CALCULADO_SOBRE_DADOS_OFICIAIS
2025-03,"Tintas, Pigmentos e Corantes",101599926.0,242345910.0,22428690.0,366374526.0,93,0.27731165457720713,MEDIA,2026-08,DADO_CALCULADO_SOBRE_DADOS_OFICIAIS
2025-03,Toucinho e Gorduras Não Fundidas,2917535.0,4558703.0,0.0,7476238.0,4,0.39024105439125933,FORA_DAS_FAIXAS_NT,2026-08,DADO_CALCULADO_SOBRE_DADOS_OFICIAIS
2025-03,Tratores,5088936.0,397294763.0,4505836.0,406889535.0,11,0.0125069227941682,CRITICA,2026-08,DADO_CALCULADO_SOBRE_DADOS_OFICIAIS
2025-03,"Têxteis Naturais (Algodão, Lã, Seda e Afins)",48635913.0,222907884.0,3404875.0,274948672.0,318,0.17689088165517672,MEDIA,2026-08,DADO_CALCULADO_SOBRE_DADOS_OFICIAIS
2025-03,Vacinas e Soros,14985.0,683255704.0,4210609.0,687481298.0,39,2.179695657699186e-05,CRITICA,2026-08,DADO_CALCULADO_SOBRE_DADOS_OFICIAIS
2025-03,Vestuário Tecido (Plano),49171598.0,403405136.0,2711673.0,455288407.0,120,0.10800098848113214,ALTA,2026-08,DADO_CALCULADO_SOBRE_DADOS_OFICIAIS
2025-03,Vestuário de Malha,93029081.0,610804472.0,3749339.0,707582892.0,135,0.1314744633481048,ALTA,2026-08,DADO_CALCULADO_SOBRE_DADOS_OFICIAIS
2025-03,Veículos Comerciais (Caminhões e Carga) e Ônibus,228518634.0,537494192.0,18894423.0,784907249.0,44,0.29114093963476695,MEDIA,2026-08,DADO_CALCULADO_SOBRE_DADOS_OFICIAIS
2025-03,Veículos Leves e de Passageiros,0.0,968830138.0,0.0,968830138.0,20,0.0,CRITICA,2026-08,DADO_CALCULADO_SOBRE_DADOS_OFICIAIS
2025-03,Vidro e Suas Obras,80707264.0,160459169.0,16502467.0,257668900.0,90,0.31322081943144864,FORA_DAS_FAIXAS_NT,2026-08,DADO_CALCULADO_SOBRE_DADOS_OFICIAIS
2025-03,Óleos Brutos de Petróleo,0.0,0.0,0.0,0.0,2,,NAO_CALCULADO,2026-08,DADO_CALCULADO_SOBRE_DADOS_OFICIAIS
2025-03,Óleos e Gorduras Vegetais/animais,238581224.0,193328547.0,5505297.0,437415068.0,66,0.5454343973353931,FORA_DAS_FAIXAS_NT,2026-08,DADO_CALCULADO_SOBRE_DADOS_OFICIAIS
2025-03,"Óptica, Instrumentos e Aparelhos de Precisão",30573130.0,206521947.0,58572095.0,295667172.0,246,0.10340387061976566,ALTA,2026-08,DADO_CALCULADO_SOBRE_DADOS_OFICIAIS
2025-04,Acessórios Pessoais e Artigos de Uso Pessoal,15968672.0,164024834.0,2388011.0,182381517.0,57,0.0875564161471472,ALTA,2026-08,DADO_CALCULADO_SOBRE_DADOS_OFICIAIS
2025-04,Adubos e Fertilizantes,510487176.0,69215066.0,905132324.0,1484834566.0,35,0.3438007086373284,FORA_DAS_FAIXAS_NT,2026-08,DADO_CALCULADO_SOBRE_DADOS_OFICIAIS
2025-04,Aeronaves e Espaço,0.0,9250191.0,297274.0,9547465.0,27,0.0,CRITICA,2026-08,DADO_CALCULADO_SOBRE_DADOS_OFICIAIS
2025-04,Alumínio e Suas Obras,176550241.0,338923532.0,11769024.0,527242797.0,56,0.334855671816793,FORA_DAS_FAIXAS_NT,2026-08,DADO_CALCULADO_SOBRE_DADOS_OFICIAIS
2025-04,Animais Vivos e Genética,23851361.0,111606557.0,0.0,135457918.0,49,0.17607948912960555,MEDIA,2026-08,DADO_CALCULADO_SOBRE_DADOS_OFICIAIS
2025-04,Aparelhos Telefônicos,2097845.0,398678399.0,5186095.0,405962339.0,51,0.005167585262139304,CRITICA,2026-08,DADO_CALCULADO_SOBRE_DADOS_OFICIAIS
2025-04,Armas e Munições,30420051.0,21182677.0,0.0,51602728.0,26,0.5895047060302704,FORA_DAS_FAIXAS_NT,2026-08,DADO_CALCULADO_SOBRE_DADOS_OFICIAIS
2025-04,Artefatos de Metal Diversos,74773707.0,89590457.0,20061582.0,184425746.0,40,0.4054407186727606,FORA_DAS_FAIXAS_NT,2026-08,DADO_CALCULADO_SOBRE_DADOS_OFICIAIS
2025-04,"Açúcares, Sacarídeos e Produtos de Confeitaria (sem cacau)",45244903.0,211609124.0,432965.0,257286992.0,30,0.17585383018508763,MEDIA,2026-08,DADO_CALCULADO_SOBRE_DADOS_OFICIAIS
2025-04,Bebidas Alcoólicas,255291318.0,160770714.0,30241067.0,446303099.0,27,0.5720133213773628,FORA_DAS_FAIXAS_NT,2026-08,DADO_CALCULADO_SOBRE_DADOS_OFICIAIS
2025-04,Bebidas Não Alcoólicas (Exceto Sucos),332668053.0,153232291.0,8805857.0,494706201.0,5,0.6724557976583763,FORA_DAS_FAIXAS_NT,2026-08,DADO_CALCULADO_SOBRE_DADOS_OFICIAIS
2025-04,Biodiesel,349127660.0,12315514.0,0.0,361443174.0,1,0.9659268319727626,FORA_DAS_FAIXAS_NT,2026-08,DADO_CALCULADO_SOBRE_DADOS_OFICIAIS
2025-04,Borracha e Suas Obras (Exceto Pneumáticos),65292720.0,227007612.0,48252252.0,340552584.0,88,0.19172580995597438,MEDIA,2026-08,DADO_CALCULADO_SOBRE_DADOS_OFICIAIS
2025-04,"Brinquedos, Jogos e Artigos de Lazer",11151661.0,149424867.0,730449.0,161306977.0,77,0.06913315968967666,ALTA,2026-08,DADO_CALCULADO_SOBRE_DADOS_OFICIAIS
2025-04,Cabos e Fios,32128317.0,276645084.0,11061812.0,319835213.0,13,0.10045271969475106,ALTA,2026-08,DADO_CALCULADO_SOBRE_DADOS_OFICIAIS
2025-04,Cacau e Preparações,47563713.0,187012226.0,1767519.0,236343458.0,13,0.20124827402669213,MEDIA,2026-08,DADO_CALCULADO_SOBRE_DADOS_OFICIAIS
2025-04,Café,1091534.0,181597753.0,0.0,182689287.0,10,0.005974811210467968,CRITICA,2026-08,DADO_CALCULADO_SOBRE_DADOS_OFICIAIS
2025-04,Calçados,435123733.0,319513225.0,7146657.0,761783615.0,36,0.5711907219217363,FORA_DAS_FAIXAS_NT,2026-08,DADO_CALCULADO_SOBRE_DADOS_OFICIAIS
2025-04,Carnes Preparadas (Defumadas/Salgadas),9709813.0,18473153.0,0.0,28182966.0,7,0.34452771933230875,FORA_DAS_FAIXAS_NT,2026-08,DADO_CALCULADO_SOBRE_DADOS_OFICIAIS
2025-04,Carnes de Bovinos,725941845.0,440785073.0,0.0,1166726918.0,16,0.6222037340532157,FORA_DAS_FAIXAS_NT,2026-08,DADO_CALCULADO_SOBRE_DADOS_OFICIAIS
2025-04,Carnes de Espécies Exóticas/Diversas e Subprodutos,2348075.0,625501.0,0.0,2973576.0,9,0.7896468763535891,FORA_DAS_FAIXAS_NT,2026-08,DADO_CALCULADO_SOBRE_DADOS_OFICIAIS
2025-04,Carnes de Frango,364806012.0,174637233.0,1086407.0,540529652.0,23,0.6749047173456453,FORA_DAS_FAIXAS_NT,2026-08,DADO_CALCULADO_SOBRE_DADOS_OFICIAIS
2025-04,Carnes de Outras Aves (Exceto Frango),0.0,266126.0,0.0,266126.0,12,0.0,CRITICA,2026-08,DADO_CALCULADO_SOBRE_DADOS_OFICIAIS
2025-04,Carnes de Ovinos e Caprinos,4616180.0,1222637.0,0.0,5838817.0,13,0.7906019318639375,FORA_DAS_FAIXAS_NT,2026-08,DADO_CALCULADO_SOBRE_DADOS_OFICIAIS
2025-04,Carnes de Suínos,123745974.0,60469631.0,0.0,184215605.0,10,0.6717453388381511,FORA_DAS_FAIXAS_NT,2026-08,DADO_CALCULADO_SOBRE_DADOS_OFICIAIS
2025-04,Cereais e Grãos (exceto soja),189518314.0,77434134.0,24603400.0,291555848.0,44,0.6500240530246542,FORA_DAS_FAIXAS_NT,2026-08,DADO_CALCULADO_SOBRE_DADOS_OFICIAIS
2025-04,Chás e Especiarias,7791017.0,9589394.0,33856.0,17414267.0,41,0.44739276134907086,FORA_DAS_FAIXAS_NT,2026-08,DADO_CALCULADO_SOBRE_DADOS_OFICIAIS
2025-04,Combustíveis e Derivados de Petróleo,244843986.0,280409305.0,6992386.0,532245677.0,64,0.4600206193877644,FORA_DAS_FAIXAS_NT,2026-08,DADO_CALCULADO_SOBRE_DADOS_OFICIAIS
2025-04,Componentes Elétricos e Eletrônicos,132253219.0,571889446.0,133106333.0,837248998.0,324,0.15796163305769642,MEDIA,2026-08,DADO_CALCULADO_SOBRE_DADOS_OFICIAIS
2025-04,Conservas de Frutas e Hortícolas,42093679.0,130942486.0,7985653.0,181021818.0,48,0.23253373248079964,MEDIA,2026-08,DADO_CALCULADO_SOBRE_DADOS_OFICIAIS
2025-04,Couros e Suas Obras,155022448.0,125804214.0,18222394.0,299049056.0,103,0.5183846759910855,FORA_DAS_FAIXAS_NT,2026-08,DADO_CALCULADO_SOBRE_DADOS_OFICIAIS
2025-04,Eletrodomésticos (Linha Branca + Portáteis),127007913.0,593901916.0,44964993.0,765874822.0,105,0.16583377511788736,MEDIA,2026-08,DADO_CALCULADO_SOBRE_DADOS_OFICIAIS
2025-04,Eletrônicos de Consumo – Comunicação/Imagem,2127660.0,132792759.0,22874852.0,157795271.0,53,0.01348367404495918,CRITICA,2026-08,DADO_CALCULADO_SOBRE_DADOS_OFICIAIS
2025-04,Eletrônicos de Consumo – Informática/TIC,6197944.0,348322223.0,10599751.0,365119918.0,140,0.01697509145474775,CRITICA,2026-08,DADO_CALCULADO_SOBRE_DADOS_OFICIAIS
2025-04,Eletrônicos de Consumo – Áudio/Vídeo,3794596.0,61580791.0,36431583.0,101806970.0,32,0.03727245786806149,CRITICA,2026-08,DADO_CALCULADO_SOBRE_DADOS_OFICIAIS
2025-04,Embarcações e Estruturas Flutuantes,281806.0,4927382.0,0.0,5209188.0,27,0.05409787475514418,ALTA,2026-08,DADO_CALCULADO_SOBRE_DADOS_OFICIAIS
2025-04,Erva-mate,30076755.0,27974253.0,0.0,58051008.0,2,0.5181090912323176,FORA_DAS_FAIXAS_NT,2026-08,DADO_CALCULADO_SOBRE_DADOS_OFICIAIS
2025-04,Etanol e Álcool Etílico,2159535.0,1512948608.0,0.0,1515108143.0,6,0.0014253339010666252,CRITICA,2026-08,DADO_CALCULADO_SOBRE_DADOS_OFICIAIS
2025-04,Explosivos e Pirotecnia,0.0,1841536.0,0.0,1841536.0,15,0.0,CRITICA,2026-08,DADO_CALCULADO_SOBRE_DADOS_OFICIAIS
2025-04,"Farinha, Malte e Preparações de Cereais",199402056.0,104088570.0,9637330.0,313127956.0,36,0.6368069416325127,FORA_DAS_FAIXAS_NT,2026-08,DADO_CALCULADO_SOBRE_DADOS_OFICIAIS
2025-04,"Feltros, Passamanarias, Têxteis Técnicos",13272178.0,42833129.0,1535748.0,57641055.0,73,0.2302556398386532,MEDIA,2026-08,DADO_CALCULADO_SOBRE_DADOS_OFICIAIS
2025-04,Ferramentas e Cutelaria (Metais Comuns),46709146.0,104630797.0,27503262.0,178843205.0,86,0.2611737247719308,MEDIA,2026-08,DADO_CALCULADO_SOBRE_DADOS_OFICIAIS
2025-04,Fibras Sintéticas/Descontínuas – Têxteis,3449100.0,17605427.0,4515203.0,25569730.0,119,0.13488996559603875,ALTA,2026-08,DADO_CALCULADO_SOBRE_DADOS_OFICIAIS
2025-04,Filamentos Sintéticos – Têxteis Técnicos,11686515.0,69025380.0,459704.0,81171599.0,90,0.1439729553682933,ALTA,2026-08,DADO_CALCULADO_SOBRE_DADOS_OFICIAIS
2025-04,Frutas e Hortícolas,24838235.0,264246734.0,79846606.0,368931575.0,174,0.06732477424844972,ALTA,2026-08,DADO_CALCULADO_SOBRE_DADOS_OFICIAIS
2025-04,Instrumentos Musicais,88324.0,10375301.0,0.0,10463625.0,19,0.008441051738761663,CRITICA,2026-08,DADO_CALCULADO_SOBRE_DADOS_OFICIAIS
2025-04,Instrumentos Médicos,17146636.0,249038641.0,19624038.0,285809315.0,115,0.05999327208772044,ALTA,2026-08,DADO_CALCULADO_SOBRE_DADOS_OFICIAIS
2025-04,"Joias, Bijuterias, Metais Preciosos e Relógios",19158829.0,69441063.0,3954527.0,92554419.0,108,0.2070006943698712,MEDIA,2026-08,DADO_CALCULADO_SOBRE_DADOS_OFICIAIS
2025-04,Laticínios,482344632.0,254516843.0,78753.0,736940228.0,44,0.6545234113613893,FORA_DAS_FAIXAS_NT,2026-08,DADO_CALCULADO_SOBRE_DADOS_OFICIAIS
2025-04,Madeira e Cortiça - Produtos e Obras,234251211.0,343899901.0,3423727.0,581574839.0,155,0.40278773305046645,FORA_DAS_FAIXAS_NT,2026-08,DADO_CALCULADO_SOBRE_DADOS_OFICIAIS
2025-04,Massas e Panificação,229138242.0,271981278.0,3433133.0,504552653.0,22,0.45414138769774737,FORA_DAS_FAIXAS_NT,2026-08,DADO_CALCULADO_SOBRE_DADOS_OFICIAIS
2025-04,Material Ferroviário e Contêineres,5863914.0,4153392.0,0.0,10017306.0,18,0.5853783442374626,FORA_DAS_FAIXAS_NT,2026-08,DADO_CALCULADO_SOBRE_DADOS_OFICIAIS
2025-04,Medicamentos,7570404.0,1211046924.0,0.0,1218617328.0,209,0.006212289802595028,CRITICA,2026-08,DADO_CALCULADO_SOBRE_DADOS_OFICIAIS
2025-04,Mel e Outros Produtos Comestíveis de Origem Animal,1188512.0,1915533.0,0.0,3104045.0,3,0.3828913562786622,FORA_DAS_FAIXAS_NT,2026-08,DADO_CALCULADO_SOBRE_DADOS_OFICIAIS
2025-04,"Metais Não Ferrosos e Suas Obras (NCMs dos Caps. 74, 75, 78, 79, 80, 81)",39721364.0,110599050.0,2144377.0,152464791.0,167,0.2605281110443394,MEDIA,2026-08,DADO_CALCULADO_SOBRE_DADOS_OFICIAIS
2025-04,Minerais e Materiais de Mineração (Não Metálicos),106092093.0,170660640.0,3274230.0,280026963.0,75,0.3788638489072925,FORA_DAS_FAIXAS_NT,2026-08,DADO_CALCULADO_SOBRE_DADOS_OFICIAIS
2025-04,Minérios e Subprodutos da Metalurgia (NCMs do Cap. 26),86341.0,918865.0,0.0,1005206.0,27,0.08589383668621159,ALTA,2026-08,DADO_CALCULADO_SOBRE_DADOS_OFICIAIS
2025-04,Mobiliário e Iluminação,431684430.0,355612311.0,17948411.0,805245152.0,101,0.536090691049575,FORA_DAS_FAIXAS_NT,2026-08,DADO_CALCULADO_SOBRE_DADOS_OFICIAIS
2025-04,Motocicletas,0.0,68222070.0,40299.0,68262369.0,9,0.0,CRITICA,2026-08,DADO_CALCULADO_SOBRE_DADOS_OFICIAIS
2025-04,Máquinas e Equipamentos Industriais,581937533.0,1388454122.0,310495559.0,2280887214.0,788,0.25513647909817255,MEDIA,2026-08,DADO_CALCULADO_SOBRE_DADOS_OFICIAIS
2025-04,Máquinas e Implementos Agrícolas,292497789.0,194350617.0,29370317.0,516218723.0,38,0.5666160020313715,FORA_DAS_FAIXAS_NT,2026-08,DADO_CALCULADO_SOBRE_DADOS_OFICIAIS
2025-04,Objetos de Arte e Coleções,589095.0,3747573.0,0.0,4336668.0,23,0.13584046553713588,ALTA,2026-08,DADO_CALCULADO_SOBRE_DADOS_OFICIAIS
2025-04,Obras de Espartaria e Cestaria,51619.0,1900146.0,0.0,1951765.0,11,0.026447343814444874,CRITICA,2026-08,DADO_CALCULADO_SOBRE_DADOS_OFICIAIS
2025-04,Obras de Ferro ou Aço,429662878.0,497771269.0,62518888.0,989953035.0,154,0.43402349688235464,FORA_DAS_FAIXAS_NT,2026-08,DADO_CALCULADO_SOBRE_DADOS_OFICIAIS
2025-04,Outras Fibras Têxteis Vegetais,12660.0,2759674.0,0.0,2772334.0,28,0.004566549340736001,CRITICA,2026-08,DADO_CALCULADO_SOBRE_DADOS_OFICIAIS
2025-04,Outros,0.0,65973.0,0.0,65973.0,9,0.0,CRITICA,2026-08,DADO_CALCULADO_SOBRE_DADOS_OFICIAIS
2025-04,Ovos,18253915.0,18056969.0,0.0,36310884.0,9,0.5027119416866854,FORA_DAS_FAIXAS_NT,2026-08,DADO_CALCULADO_SOBRE_DADOS_OFICIAIS
2025-04,Papel e Papelão,308848025.0,509782196.0,22371682.0,841001903.0,175,0.3672381999354406,FORA_DAS_FAIXAS_NT,2026-08,DADO_CALCULADO_SOBRE_DADOS_OFICIAIS
2025-04,Pasta Química e Pasta Mecânica,1386506.0,7332554.0,0.0,8719060.0,18,0.1590201237289341,MEDIA,2026-08,DADO_CALCULADO_SOBRE_DADOS_OFICIAIS
2025-04,Perfumaria e Cosméticos,30231061.0,470880296.0,4824442.0,505935799.0,56,0.05975276123917849,ALTA,2026-08,DADO_CALCULADO_SOBRE_DADOS_OFICIAIS
2025-04,Pescados e Frutos do Mar,6374852.0,81658686.0,6655973.0,94689511.0,195,0.06732373979626952,ALTA,2026-08,DADO_CALCULADO_SOBRE_DADOS_OFICIAIS
2025-04,Pescados e Frutos do Mar - Preparações e Conservas,724576.0,10397816.0,0.0,11122392.0,27,0.06514569887484635,ALTA,2026-08,DADO_CALCULADO_SOBRE_DADOS_OFICIAIS
2025-04,Peças e Acessórios Automotivos,468793736.0,1027241025.0,294921680.0,1790956441.0,129,0.26175607919210137,MEDIA,2026-08,DADO_CALCULADO_SOBRE_DADOS_OFICIAIS
2025-04,Plantas Vivas e Floricultura,65512.0,31224552.0,0.0,31290064.0,30,0.00209369977638908,CRITICA,2026-08,DADO_CALCULADO_SOBRE_DADOS_OFICIAIS
2025-04,Plásticos e Suas Obras,668095717.0,1255409884.0,109323390.0,2032828991.0,311,0.32865318231778406,FORA_DAS_FAIXAS_NT,2026-08,DADO_CALCULADO_SOBRE_DADOS_OFICIAIS
2025-04,"Pneumáticos, Câmaras e Protetores",38997242.0,296414403.0,3849346.0,339260991.0,23,0.11494761565440337,ALTA,2026-08,DADO_CALCULADO_SOBRE_DADOS_OFICIAIS
2025-04,"Preparações Alimentícias Diversas (Molhos, Condimentos, etc)",26644928.0,243699445.0,564055.0,270908428.0,23,0.09835400174408748,ALTA,2026-08,DADO_CALCULADO_SOBRE_DADOS_OFICIAIS
2025-04,Preparações de Carne,143491650.0,105615743.0,0.0,249107393.0,15,0.5760232495388043,FORA_DAS_FAIXAS_NT,2026-08,DADO_CALCULADO_SOBRE_DADOS_OFICIAIS
2025-04,"Preparações, Suplementos e Complementos alimentares",12775671.0,154923212.0,0.0,167698883.0,25,0.07618220689042991,ALTA,2026-08,DADO_CALCULADO_SOBRE_DADOS_OFICIAIS
2025-04,"Produtos Cerâmicos, Porcelana e Refratários",42275520.0,122619262.0,0.0,164894782.0,57,0.25637876157900497,MEDIA,2026-08,DADO_CALCULADO_SOBRE_DADOS_OFICIAIS
2025-04,"Produtos Editoriais, Impressos e Materiais Gráficos",27820261.0,195895416.0,441875.0,224157552.0,40,0.12411029988407439,ALTA,2026-08,DADO_CALCULADO_SOBRE_DADOS_OFICIAIS
2025-04,Produtos Farmacêuticos,1108920.0,75388938.0,2323196.0,78821054.0,43,0.014068829883954609,CRITICA,2026-08,DADO_CALCULADO_SOBRE_DADOS_OFICIAIS
2025-04,Produtos Fotográficos,335553.0,7796527.0,0.0,8132080.0,44,0.04126287493482602,CRITICA,2026-08,DADO_CALCULADO_SOBRE_DADOS_OFICIAIS
2025-04,"Produtos Minerais: Pedra, Cimento, Gesso, Amianto e Abrasivos",189901367.0,123713880.0,4139784.0,317755031.0,67,0.5976344934724259,FORA_DAS_FAIXAS_NT,2026-08,DADO_CALCULADO_SOBRE_DADOS_OFICIAIS
2025-04,Produtos Químicos Diversos,128760393.0,668229709.0,39051028.0,836041130.0,249,0.15401203168078584,MEDIA,2026-08,DADO_CALCULADO_SOBRE_DADOS_OFICIAIS
2025-04,Produtos de Origem Animal (Não Alimentares),25761544.0,13221037.0,0.0,38982581.0,32,0.6608475718937132,FORA_DAS_FAIXAS_NT,2026-08,DADO_CALCULADO_SOBRE_DADOS_OFICIAIS
2025-04,Químicos Inorgânicos,83019578.0,204785823.0,6894367.0,294699768.0,287,0.2817090035849638,MEDIA,2026-08,DADO_CALCULADO_SOBRE_DADOS_OFICIAIS
2025-04,Químicos Orgânicos,33824811.0,168154721.0,61114337.0,263093869.0,811,0.12856556151827317,ALTA,2026-08,DADO_CALCULADO_SOBRE_DADOS_OFICIAIS
2025-04,Resíduos para Alimentação Animal,764046677.0,342909281.0,0.0,1106955958.0,37,0.6902231940468945,FORA_DAS_FAIXAS_NT,2026-08,DADO_CALCULADO_SOBRE_DADOS_OFICIAIS
2025-04,"Sabões e Preparações de Limpeza, Ceras e Pastas",89333917.0,263881570.0,23832971.0,377048458.0,55,0.23692953811257864,MEDIA,2026-08,DADO_CALCULADO_SOBRE_DADOS_OFICIAIS
2025-04,Siderurgia – Ferro e Aço,592161410.0,967627924.0,43084941.0,1602874275.0,206,0.3694372161534628,FORA_DAS_FAIXAS_NT,2026-08,DADO_CALCULADO_SOBRE_DADOS_OFICIAIS
2025-04,"Soja, Oleaginosas e Sementes",28941073.0,262793775.0,5451907.0,297186755.0,38,0.09738345506010185,ALTA,2026-08,DADO_CALCULADO_SOBRE_DADOS_OFICIAIS
2025-04,Sucos e Bebidas à Base de Frutas/Vegetais,46524687.0,15787448.0,0.0,62312135.0,24,0.7466392701838895,FORA_DAS_FAIXAS_NT,2026-08,DADO_CALCULADO_SOBRE_DADOS_OFICIAIS
2025-04,Tabaco e Sucedâneos,81526305.0,1577072944.0,58516182.0,1717115431.0,24,0.04747863977468385,CRITICA,2026-08,DADO_CALCULADO_SOBRE_DADOS_OFICIAIS
2025-04,Tecidos Impregnados/Revestidos/Laminados,25369866.0,36251064.0,9734939.0,71355869.0,26,0.35554000470514907,FORA_DAS_FAIXAS_NT,2026-08,DADO_CALCULADO_SOBRE_DADOS_OFICIAIS
2025-04,Tecidos Sintéticos (Inclusive Malhas),20766222.0,70952904.0,562695.0,92281821.0,81,0.22503047485376346,MEDIA,2026-08,DADO_CALCULADO_SOBRE_DADOS_OFICIAIS
2025-04,"Tintas, Pigmentos e Corantes",99036035.0,337898742.0,20279954.0,457214731.0,93,0.2166072706874355,MEDIA,2026-08,DADO_CALCULADO_SOBRE_DADOS_OFICIAIS
2025-04,Toucinho e Gorduras Não Fundidas,3177085.0,5659444.0,0.0,8836529.0,5,0.3595399279513483,FORA_DAS_FAIXAS_NT,2026-08,DADO_CALCULADO_SOBRE_DADOS_OFICIAIS
2025-04,Tratores,0.0,214231694.0,0.0,214231694.0,9,0.0,CRITICA,2026-08,DADO_CALCULADO_SOBRE_DADOS_OFICIAIS
2025-04,"Têxteis Naturais (Algodão, Lã, Seda e Afins)",51898270.0,231220363.0,3284922.0,286403555.0,324,0.1812067940287962,MEDIA,2026-08,DADO_CALCULADO_SOBRE_DADOS_OFICIAIS
2025-04,Vacinas e Soros,0.0,547234667.0,0.0,547234667.0,39,0.0,CRITICA,2026-08,DADO_CALCULADO_SOBRE_DADOS_OFICIAIS
2025-04,Vestuário Tecido (Plano),54930140.0,404118095.0,2858312.0,461906547.0,118,0.1189204620648081,ALTA,2026-08,DADO_CALCULADO_SOBRE_DADOS_OFICIAIS
2025-04,Vestuário de Malha,121706752.0,639906562.0,3914160.0,765527474.0,135,0.15898417252624952,MEDIA,2026-08,DADO_CALCULADO_SOBRE_DADOS_OFICIAIS
2025-04,Veículos Comerciais (Caminhões e Carga) e Ônibus,194976716.0,551347328.0,21344171.0,767668215.0,43,0.25398565707191617,MEDIA,2026-08,DADO_CALCULADO_SOBRE_DADOS_OFICIAIS
2025-04,Veículos Leves e de Passageiros,0.0,898197848.0,0.0,898197848.0,20,0.0,CRITICA,2026-08,DADO_CALCULADO_SOBRE_DADOS_OFICIAIS
2025-04,Vidro e Suas Obras,88107146.0,158494961.0,9540594.0,256142701.0,89,0.3439767975274064,FORA_DAS_FAIXAS_NT,2026-08,DADO_CALCULADO_SOBRE_DADOS_OFICIAIS
2025-04,Óleos Brutos de Petróleo,0.0,0.0,0.0,0.0,2,,NAO_CALCULADO,2026-08,DADO_CALCULADO_SOBRE_DADOS_OFICIAIS
2025-04,Óleos e Gorduras Vegetais/animais,249234988.0,258055069.0,4734773.0,512024830.0,65,0.48676347981014906,FORA_DAS_FAIXAS_NT,2026-08,DADO_CALCULADO_SOBRE_DADOS_OFICIAIS
2025-04,"Óptica, Instrumentos e Aparelhos de Precisão",30099262.0,191553677.0,58003748.0,279656687.0,240,0.10762933052982925,ALTA,2026-08,DADO_CALCULADO_SOBRE_DADOS_OFICIAIS
2025-05,Acessórios Pessoais e Artigos de Uso Pessoal,16227847.0,163831497.0,3443703.0,183503047.0,58,0.0884336650824114,ALTA,2026-08,DADO_CALCULADO_SOBRE_DADOS_OFICIAIS
2025-05,Adubos e Fertilizantes,883069121.0,90590080.0,1722591333.0,2696250534.0,35,0.3275174579900519,FORA_DAS_FAIXAS_NT,2026-08,DADO_CALCULADO_SOBRE_DADOS_OFICIAIS
2025-05,Aeronaves e Espaço,82840.0,5638949.0,474545.0,6196334.0,27,0.013369195398440432,CRITICA,2026-08,DADO_CALCULADO_SOBRE_DADOS_OFICIAIS
2025-05,Alumínio e Suas Obras,162440600.0,351514549.0,13236060.0,527191209.0,55,0.3081246371845324,FORA_DAS_FAIXAS_NT,2026-08,DADO_CALCULADO_SOBRE_DADOS_OFICIAIS
2025-05,Animais Vivos e Genética,19668142.0,80531044.0,4088567.0,104287753.0,49,0.18859493501600327,MEDIA,2026-08,DADO_CALCULADO_SOBRE_DADOS_OFICIAIS
2025-05,Aparelhos Telefônicos,2086454.0,411322816.0,8475844.0,421885114.0,49,0.004945550176487147,CRITICA,2026-08,DADO_CALCULADO_SOBRE_DADOS_OFICIAIS
2025-05,Armas e Munições,29648620.0,18737347.0,0.0,48385967.0,26,0.6127524536194554,FORA_DAS_FAIXAS_NT,2026-08,DADO_CALCULADO_SOBRE_DADOS_OFICIAIS
2025-05,Artefatos de Metal Diversos,81360804.0,87422657.0,21239226.0,190022687.0,40,0.42816363290347537,FORA_DAS_FAIXAS_NT,2026-08,DADO_CALCULADO_SOBRE_DADOS_OFICIAIS
2025-05,"Açúcares, Sacarídeos e Produtos de Confeitaria (sem cacau)",49656802.0,231079653.0,2233031.0,282969486.0,30,0.1754846527869086,MEDIA,2026-08,DADO_CALCULADO_SOBRE_DADOS_OFICIAIS
2025-05,Bebidas Alcoólicas,266531118.0,185767966.0,39392487.0,491691571.0,27,0.542069731758733,FORA_DAS_FAIXAS_NT,2026-08,DADO_CALCULADO_SOBRE_DADOS_OFICIAIS
2025-05,Bebidas Não Alcoólicas (Exceto Sucos),276905488.0,130127243.0,8548709.0,415581440.0,6,0.6663086012695851,FORA_DAS_FAIXAS_NT,2026-08,DADO_CALCULADO_SOBRE_DADOS_OFICIAIS
2025-05,Biodiesel,285204976.0,3883524.0,0.0,289088500.0,1,0.9865663144677149,FORA_DAS_FAIXAS_NT,2026-08,DADO_CALCULADO_SOBRE_DADOS_OFICIAIS
2025-05,Borracha e Suas Obras (Exceto Pneumáticos),72150629.0,238632461.0,51442607.0,362225697.0,89,0.19918694227814543,MEDIA,2026-08,DADO_CALCULADO_SOBRE_DADOS_OFICIAIS
2025-05,"Brinquedos, Jogos e Artigos de Lazer",10498691.0,154286939.0,3147598.0,167933228.0,79,0.06251705588604538,ALTA,2026-08,DADO_CALCULADO_SOBRE_DADOS_OFICIAIS
2025-05,Cabos e Fios,30998953.0,255288569.0,11005306.0,297292828.0,13,0.10427077305746509,ALTA,2026-08,DADO_CALCULADO_SOBRE_DADOS_OFICIAIS
2025-05,Cacau e Preparações,25917957.0,187659346.0,3937095.0,217514398.0,13,0.11915513289377745,ALTA,2026-08,DADO_CALCULADO_SOBRE_DADOS_OFICIAIS
2025-05,Café,1180391.0,206131031.0,0.0,207311422.0,10,0.005693805910993172,CRITICA,2026-08,DADO_CALCULADO_SOBRE_DADOS_OFICIAIS
2025-05,Calçados,424544651.0,305573123.0,3999566.0,734117340.0,36,0.5783062568716876,FORA_DAS_FAIXAS_NT,2026-08,DADO_CALCULADO_SOBRE_DADOS_OFICIAIS
2025-05,Carnes Preparadas (Defumadas/Salgadas),10261602.0,20939232.0,0.0,31200834.0,7,0.3288887085518291,FORA_DAS_FAIXAS_NT,2026-08,DADO_CALCULADO_SOBRE_DADOS_OFICIAIS
2025-05,Carnes de Bovinos,748603994.0,471974621.0,0.0,1220578615.0,16,0.6133189495541015,FORA_DAS_FAIXAS_NT,2026-08,DADO_CALCULADO_SOBRE_DADOS_OFICIAIS
2025-05,Carnes de Espécies Exóticas/Diversas e Subprodutos,3192379.0,272982.0,0.0,3465361.0,9,0.9212255231128879,FORA_DAS_FAIXAS_NT,2026-08,DADO_CALCULADO_SOBRE_DADOS_OFICIAIS
2025-05,Carnes de Frango,348023800.0,179932496.0,0.0,527956296.0,22,0.6591905478479226,FORA_DAS_FAIXAS_NT,2026-08,DADO_CALCULADO_SOBRE_DADOS_OFICIAIS
2025-05,Carnes de Outras Aves (Exceto Frango),0.0,180810.0,0.0,180810.0,9,0.0,CRITICA,2026-08,DADO_CALCULADO_SOBRE_DADOS_OFICIAIS
2025-05,Carnes de Ovinos e Caprinos,4410742.0,278816.0,0.0,4689558.0,12,0.9405453563001034,FORA_DAS_FAIXAS_NT,2026-08,DADO_CALCULADO_SOBRE_DADOS_OFICIAIS
2025-05,Carnes de Suínos,120608232.0,65877646.0,0.0,186485878.0,10,0.6467419050358333,FORA_DAS_FAIXAS_NT,2026-08,DADO_CALCULADO_SOBRE_DADOS_OFICIAIS
2025-05,Cereais e Grãos (exceto soja),192485997.0,131199770.0,52028720.0,375714487.0,42,0.5123198696354767,FORA_DAS_FAIXAS_NT,2026-08,DADO_CALCULADO_SOBRE_DADOS_OFICIAIS
2025-05,Chás e Especiarias,10316133.0,10556701.0,0.0,20872834.0,43,0.4942372942744622,FORA_DAS_FAIXAS_NT,2026-08,DADO_CALCULADO_SOBRE_DADOS_OFICIAIS
2025-05,Combustíveis e Derivados de Petróleo,202596831.0,287387544.0,5803840.0,495788215.0,64,0.40863583455689845,FORA_DAS_FAIXAS_NT,2026-08,DADO_CALCULADO_SOBRE_DADOS_OFICIAIS
2025-05,Componentes Elétricos e Eletrônicos,137412690.0,576370224.0,121677388.0,835460302.0,325,0.16447542710413546,MEDIA,2026-08,DADO_CALCULADO_SOBRE_DADOS_OFICIAIS
2025-05,Conservas de Frutas e Hortícolas,43957871.0,135029191.0,9918937.0,188905999.0,49,0.23269706220393774,MEDIA,2026-08,DADO_CALCULADO_SOBRE_DADOS_OFICIAIS
2025-05,Couros e Suas Obras,164061225.0,121434405.0,20280405.0,305776035.0,102,0.5365404944177525,FORA_DAS_FAIXAS_NT,2026-08,DADO_CALCULADO_SOBRE_DADOS_OFICIAIS
2025-05,Eletrodomésticos (Linha Branca + Portáteis),128158268.0,712500065.0,52457019.0,893115352.0,107,0.14349576201216166,ALTA,2026-08,DADO_CALCULADO_SOBRE_DADOS_OFICIAIS
2025-05,Eletrônicos de Consumo – Comunicação/Imagem,1205882.0,164697925.0,13415822.0,179319629.0,51,0.0067247629650181795,CRITICA,2026-08,DADO_CALCULADO_SOBRE_DADOS_OFICIAIS
2025-05,Eletrônicos de Consumo – Informática/TIC,3509274.0,330378058.0,11814159.0,345701491.0,139,0.01015116825168683,CRITICA,2026-08,DADO_CALCULADO_SOBRE_DADOS_OFICIAIS
2025-05,Eletrônicos de Consumo – Áudio/Vídeo,3322177.0,51339104.0,53645769.0,108307050.0,33,0.03067369114014277,CRITICA,2026-08,DADO_CALCULADO_SOBRE_DADOS_OFICIAIS
2025-05,Embarcações e Estruturas Flutuantes,881081.0,6060061.0,0.0,6941142.0,28,0.12693602868231194,ALTA,2026-08,DADO_CALCULADO_SOBRE_DADOS_OFICIAIS
2025-05,Erva-mate,31152016.0,28397575.0,0.0,59549591.0,2,0.5231272873058019,FORA_DAS_FAIXAS_NT,2026-08,DADO_CALCULADO_SOBRE_DADOS_OFICIAIS
2025-05,Etanol e Álcool Etílico,2166731.0,728523403.0,0.0,730690134.0,6,0.002965321275297252,CRITICA,2026-08,DADO_CALCULADO_SOBRE_DADOS_OFICIAIS
2025-05,Explosivos e Pirotecnia,3685.0,2348490.0,0.0,2352175.0,15,0.0015666351355660187,CRITICA,2026-08,DADO_CALCULADO_SOBRE_DADOS_OFICIAIS
2025-05,"Farinha, Malte e Preparações de Cereais",205915007.0,115540927.0,10763626.0,332219560.0,37,0.6198160246795824,FORA_DAS_FAIXAS_NT,2026-08,DADO_CALCULADO_SOBRE_DADOS_OFICIAIS
2025-05,"Feltros, Passamanarias, Têxteis Técnicos",14296371.0,45133036.0,652634.0,60082041.0,73,0.23794749249613542,MEDIA,2026-08,DADO_CALCULADO_SOBRE_DADOS_OFICIAIS
2025-05,Ferramentas e Cutelaria (Metais Comuns),48567492.0,102850941.0,36046124.0,187464557.0,85,0.25907559688736254,MEDIA,2026-08,DADO_CALCULADO_SOBRE_DADOS_OFICIAIS
2025-05,Fibras Sintéticas/Descontínuas – Têxteis,3941958.0,17338405.0,4015903.0,25296266.0,122,0.15583161562263775,MEDIA,2026-08,DADO_CALCULADO_SOBRE_DADOS_OFICIAIS
2025-05,Filamentos Sintéticos – Têxteis Técnicos,13900309.0,72145076.0,139256.0,86184641.0,93,0.16128522250269628,MEDIA,2026-08,DADO_CALCULADO_SOBRE_DADOS_OFICIAIS
2025-05,Frutas e Hortícolas,24825290.0,225055112.0,100309695.0,350190097.0,173,0.07089089672344447,ALTA,2026-08,DADO_CALCULADO_SOBRE_DADOS_OFICIAIS
2025-05,Instrumentos Musicais,109358.0,10704554.0,378575.0,11192487.0,19,0.009770661337377475,CRITICA,2026-08,DADO_CALCULADO_SOBRE_DADOS_OFICIAIS
2025-05,Instrumentos Médicos,14808187.0,277265808.0,19379621.0,311453616.0,114,0.04754540078931047,CRITICA,2026-08,DADO_CALCULADO_SOBRE_DADOS_OFICIAIS
2025-05,"Joias, Bijuterias, Metais Preciosos e Relógios",15471315.0,65053542.0,3709313.0,84234170.0,111,0.18367029674537066,MEDIA,2026-08,DADO_CALCULADO_SOBRE_DADOS_OFICIAIS
2025-05,Laticínios,470171609.0,264663251.0,1003824.0,735838684.0,43,0.6389601677967776,FORA_DAS_FAIXAS_NT,2026-08,DADO_CALCULADO_SOBRE_DADOS_OFICIAIS
2025-05,Madeira e Cortiça - Produtos e Obras,227049506.0,226675588.0,7330308.0,461055402.0,156,0.4924560150799404,FORA_DAS_FAIXAS_NT,2026-08,DADO_CALCULADO_SOBRE_DADOS_OFICIAIS
2025-05,Massas e Panificação,234880041.0,307317108.0,1810580.0,544007729.0,22,0.4317586469437827,FORA_DAS_FAIXAS_NT,2026-08,DADO_CALCULADO_SOBRE_DADOS_OFICIAIS
2025-05,Material Ferroviário e Contêineres,4363333.0,3727977.0,0.0,8091310.0,17,0.5392616275980033,FORA_DAS_FAIXAS_NT,2026-08,DADO_CALCULADO_SOBRE_DADOS_OFICIAIS
2025-05,Medicamentos,10094693.0,1310138667.0,0.0,1320233360.0,211,0.007646142951576379,CRITICA,2026-08,DADO_CALCULADO_SOBRE_DADOS_OFICIAIS
2025-05,Mel e Outros Produtos Comestíveis de Origem Animal,1510573.0,2781924.0,0.0,4292497.0,3,0.35191008869662577,FORA_DAS_FAIXAS_NT,2026-08,DADO_CALCULADO_SOBRE_DADOS_OFICIAIS
2025-05,"Metais Não Ferrosos e Suas Obras (NCMs dos Caps. 74, 75, 78, 79, 80, 81)",36898089.0,107043997.0,1748247.0,145690333.0,156,0.2532638112646774,MEDIA,2026-08,DADO_CALCULADO_SOBRE_DADOS_OFICIAIS
2025-05,Minerais e Materiais de Mineração (Não Metálicos),108253104.0,184489882.0,2543826.0,295286812.0,77,0.366603246744389,FORA_DAS_FAIXAS_NT,2026-08,DADO_CALCULADO_SOBRE_DADOS_OFICIAIS
2025-05,Minérios e Subprodutos da Metalurgia (NCMs do Cap. 26),1639497.0,102410.0,0.0,1741907.0,27,0.9412081127178431,FORA_DAS_FAIXAS_NT,2026-08,DADO_CALCULADO_SOBRE_DADOS_OFICIAIS
2025-05,Mobiliário e Iluminação,429547319.0,377778345.0,21919728.0,829245392.0,104,0.5179978365197837,FORA_DAS_FAIXAS_NT,2026-08,DADO_CALCULADO_SOBRE_DADOS_OFICIAIS
2025-05,Motocicletas,0.0,68719131.0,0.0,68719131.0,9,0.0,CRITICA,2026-08,DADO_CALCULADO_SOBRE_DADOS_OFICIAIS
2025-05,Máquinas e Equipamentos Industriais,609222766.0,1552758262.0,324631754.0,2486612782.0,797,0.24500105943716652,MEDIA,2026-08,DADO_CALCULADO_SOBRE_DADOS_OFICIAIS
2025-05,Máquinas e Implementos Agrícolas,316121873.0,220922442.0,25342063.0,562386378.0,41,0.5621079837036878,FORA_DAS_FAIXAS_NT,2026-08,DADO_CALCULADO_SOBRE_DADOS_OFICIAIS
2025-05,Objetos de Arte e Coleções,805800.0,3950390.0,0.0,4756190.0,22,0.16942132252916725,MEDIA,2026-08,DADO_CALCULADO_SOBRE_DADOS_OFICIAIS
2025-05,Obras de Espartaria e Cestaria,32833.0,1753084.0,20726.0,1806643.0,11,0.01817348529842365,CRITICA,2026-08,DADO_CALCULADO_SOBRE_DADOS_OFICIAIS
2025-05,Obras de Ferro ou Aço,438858427.0,494746616.0,70401067.0,1004006110.0,154,0.4371073269663668,FORA_DAS_FAIXAS_NT,2026-08,DADO_CALCULADO_SOBRE_DADOS_OFICIAIS
2025-05,Outras Fibras Têxteis Vegetais,18712.0,1621249.0,0.0,1639961.0,27,0.011410027433579214,CRITICA,2026-08,DADO_CALCULADO_SOBRE_DADOS_OFICIAIS
2025-05,Outros,0.0,138264.0,0.0,138264.0,10,0.0,CRITICA,2026-08,DADO_CALCULADO_SOBRE_DADOS_OFICIAIS
2025-05,Ovos,18379217.0,19447541.0,0.0,37826758.0,9,0.4858787263767093,FORA_DAS_FAIXAS_NT,2026-08,DADO_CALCULADO_SOBRE_DADOS_OFICIAIS
2025-05,Papel e Papelão,310370486.0,542961362.0,26148909.0,879480757.0,175,0.35290196349344344,FORA_DAS_FAIXAS_NT,2026-08,DADO_CALCULADO_SOBRE_DADOS_OFICIAIS
2025-05,Pasta Química e Pasta Mecânica,1411405.0,12429476.0,0.0,13840881.0,16,0.10197363881677764,ALTA,2026-08,DADO_CALCULADO_SOBRE_DADOS_OFICIAIS
2025-05,Perfumaria e Cosméticos,24471963.0,520681708.0,3465089.0,548618760.0,57,0.04460650051412752,CRITICA,2026-08,DADO_CALCULADO_SOBRE_DADOS_OFICIAIS
2025-05,Pescados e Frutos do Mar,5269734.0,52168949.0,5938967.0,63377650.0,189,0.08314814449573311,ALTA,2026-08,DADO_CALCULADO_SOBRE_DADOS_OFICIAIS
2025-05,Pescados e Frutos do Mar - Preparações e Conservas,492819.0,6737167.0,0.0,7229986.0,27,0.06816320252902287,ALTA,2026-08,DADO_CALCULADO_SOBRE_DADOS_OFICIAIS
2025-05,Peças e Acessórios Automotivos,377891931.0,947954162.0,258688711.0,1584534804.0,129,0.2384876179721957,MEDIA,2026-08,DADO_CALCULADO_SOBRE_DADOS_OFICIAIS
2025-05,Plantas Vivas e Floricultura,68628.0,33955637.0,0.0,34024265.0,29,0.002017031080612616,CRITICA,2026-08,DADO_CALCULADO_SOBRE_DADOS_OFICIAIS
2025-05,Plásticos e Suas Obras,672411081.0,1292249164.0,146289274.0,2110949519.0,311,0.318534893870193,FORA_DAS_FAIXAS_NT,2026-08,DADO_CALCULADO_SOBRE_DADOS_OFICIAIS
2025-05,"Pneumáticos, Câmaras e Protetores",37987086.0,321016394.0,6066660.0,365070140.0,22,0.10405421270553653,ALTA,2026-08,DADO_CALCULADO_SOBRE_DADOS_OFICIAIS
2025-05,"Preparações Alimentícias Diversas (Molhos, Condimentos, etc)",27349338.0,244125116.0,5055817.0,276530271.0,23,0.09890178713924595,ALTA,2026-08,DADO_CALCULADO_SOBRE_DADOS_OFICIAIS
2025-05,Preparações de Carne,142171045.0,113749231.0,0.0,255920276.0,15,0.5555286483045212,FORA_DAS_FAIXAS_NT,2026-08,DADO_CALCULADO_SOBRE_DADOS_OFICIAIS
2025-05,"Preparações, Suplementos e Complementos alimentares",13676214.0,161150308.0,5510753.0,180337275.0,25,0.0758368673364949,ALTA,2026-08,DADO_CALCULADO_SOBRE_DADOS_OFICIAIS
2025-05,"Produtos Cerâmicos, Porcelana e Refratários",43123779.0,131147812.0,63575.0,174335166.0,56,0.24736133271012,MEDIA,2026-08,DADO_CALCULADO_SOBRE_DADOS_OFICIAIS
2025-05,"Produtos Editoriais, Impressos e Materiais Gráficos",30352200.0,181194692.0,1250289.0,212797181.0,40,0.14263440830073779,ALTA,2026-08,DADO_CALCULADO_SOBRE_DADOS_OFICIAIS
2025-05,Produtos Farmacêuticos,1248468.0,76875111.0,0.0,78123579.0,45,0.015980681069411834,CRITICA,2026-08,DADO_CALCULADO_SOBRE_DADOS_OFICIAIS
2025-05,Produtos Fotográficos,266130.0,5362830.0,0.0,5628960.0,47,0.047278715784088,CRITICA,2026-08,DADO_CALCULADO_SOBRE_DADOS_OFICIAIS
2025-05,"Produtos Minerais: Pedra, Cimento, Gesso, Amianto e Abrasivos",193017647.0,126597028.0,5615622.0,325230297.0,66,0.5934799087921382,FORA_DAS_FAIXAS_NT,2026-08,DADO_CALCULADO_SOBRE_DADOS_OFICIAIS
2025-05,Produtos Químicos Diversos,124722102.0,985398558.0,44390823.0,1154511483.0,244,0.10803019617952124,ALTA,2026-08,DADO_CALCULADO_SOBRE_DADOS_OFICIAIS
2025-05,Produtos de Origem Animal (Não Alimentares),28208722.0,13253352.0,0.0,41462074.0,31,0.6803499988929642,FORA_DAS_FAIXAS_NT,2026-08,DADO_CALCULADO_SOBRE_DADOS_OFICIAIS
2025-05,Químicos Inorgânicos,63665187.0,198079413.0,15546439.0,277291039.0,283,0.2295969867241184,MEDIA,2026-08,DADO_CALCULADO_SOBRE_DADOS_OFICIAIS
2025-05,Químicos Orgânicos,42059366.0,186775294.0,55980232.0,284814892.0,799,0.14767263644346237,ALTA,2026-08,DADO_CALCULADO_SOBRE_DADOS_OFICIAIS
2025-05,Resíduos para Alimentação Animal,767795446.0,357615780.0,0.0,1125411226.0,37,0.6822354604804698,FORA_DAS_FAIXAS_NT,2026-08,DADO_CALCULADO_SOBRE_DADOS_OFICIAIS
2025-05,"Sabões e Preparações de Limpeza, Ceras e Pastas",87112568.0,294444251.0,20296274.0,401853093.0,56,0.21677714945446494,MEDIA,2026-08,DADO_CALCULADO_SOBRE_DADOS_OFICIAIS
2025-05,Siderurgia – Ferro e Aço,625840894.0,1036267544.0,19947904.0,1682056342.0,204,0.37206892443083217,FORA_DAS_FAIXAS_NT,2026-08,DADO_CALCULADO_SOBRE_DADOS_OFICIAIS
2025-05,"Soja, Oleaginosas e Sementes",22926214.0,263462780.0,2203450.0,288592444.0,39,0.07944149085206126,ALTA,2026-08,DADO_CALCULADO_SOBRE_DADOS_OFICIAIS
2025-05,Sucos e Bebidas à Base de Frutas/Vegetais,42964751.0,16669620.0,0.0,59634371.0,23,0.7204695929466582,FORA_DAS_FAIXAS_NT,2026-08,DADO_CALCULADO_SOBRE_DADOS_OFICIAIS
2025-05,Tabaco e Sucedâneos,73010824.0,1250424506.0,11064455.0,1334499785.0,23,0.05471025534859865,ALTA,2026-08,DADO_CALCULADO_SOBRE_DADOS_OFICIAIS
2025-05,Tecidos Impregnados/Revestidos/Laminados,28188954.0,48572550.0,8560839.0,85322343.0,26,0.3303818555474971,FORA_DAS_FAIXAS_NT,2026-08,DADO_CALCULADO_SOBRE_DADOS_OFICIAIS
2025-05,Tecidos Sintéticos (Inclusive Malhas),19664096.0,70109267.0,1653227.0,91426590.0,79,0.21508071120228808,MEDIA,2026-08,DADO_CALCULADO_SOBRE_DADOS_OFICIAIS
2025-05,"Tintas, Pigmentos e Corantes",102664049.0,225619384.0,25906967.0,354190400.0,92,0.28985553815123166,MEDIA,2026-08,DADO_CALCULADO_SOBRE_DADOS_OFICIAIS
2025-05,Toucinho e Gorduras Não Fundidas,3320168.0,6426581.0,0.0,9746749.0,5,0.34064363409789256,FORA_DAS_FAIXAS_NT,2026-08,DADO_CALCULADO_SOBRE_DADOS_OFICIAIS
2025-05,Tratores,2206404.0,304919376.0,25763938.0,332889718.0,9,0.006628032891060937,CRITICA,2026-08,DADO_CALCULADO_SOBRE_DADOS_OFICIAIS
2025-05,"Têxteis Naturais (Algodão, Lã, Seda e Afins)",59072497.0,240207477.0,3834571.0,303114545.0,323,0.1948850623449957,MEDIA,2026-08,DADO_CALCULADO_SOBRE_DADOS_OFICIAIS
2025-05,Vacinas e Soros,0.0,500333373.0,4108430.0,504441803.0,40,0.0,CRITICA,2026-08,DADO_CALCULADO_SOBRE_DADOS_OFICIAIS
2025-05,Vestuário Tecido (Plano),52986148.0,361406657.0,2393019.0,416785824.0,116,0.12713039875367738,ALTA,2026-08,DADO_CALCULADO_SOBRE_DADOS_OFICIAIS
2025-05,Vestuário de Malha,106360392.0,1425307397.0,3124341.0,1534792130.0,136,0.0692995422122734,ALTA,2026-08,DADO_CALCULADO_SOBRE_DADOS_OFICIAIS
2025-05,Veículos Comerciais (Caminhões e Carga) e Ônibus,201092014.0,460141172.0,16524795.0,677757981.0,42,0.2967018015830639,MEDIA,2026-08,DADO_CALCULADO_SOBRE_DADOS_OFICIAIS
2025-05,Veículos Leves e de Passageiros,0.0,889291240.0,0.0,889291240.0,21,0.0,CRITICA,2026-08,DADO_CALCULADO_SOBRE_DADOS_OFICIAIS
2025-05,Vidro e Suas Obras,90197731.0,231331000.0,17353877.0,338882608.0,89,0.266162172005003,MEDIA,2026-08,DADO_CALCULADO_SOBRE_DADOS_OFICIAIS
2025-05,Óleos Brutos de Petróleo,0.0,0.0,626992221.0,626992221.0,2,0.0,CRITICA,2026-08,DADO_CALCULADO_SOBRE_DADOS_OFICIAIS
2025-05,Óleos e Gorduras Vegetais/animais,196514543.0,280544747.0,9560857.0,486620147.0,61,0.4038356081463269,FORA_DAS_FAIXAS_NT,2026-08,DADO_CALCULADO_SOBRE_DADOS_OFICIAIS
2025-05,"Óptica, Instrumentos e Aparelhos de Precisão",32175486.0,204012459.0,56013407.0,292201352.0,244,0.11011409009496985,ALTA,2026-08,DADO_CALCULADO_SOBRE_DADOS_OFICIAIS
2025-06,Acessórios Pessoais e Artigos de Uso Pessoal,17727753.0,173356015.0,2089549.0,193173317.0,57,0.0917712304955658,ALTA,2026-08,DADO_CALCULADO_SOBRE_DADOS_OFICIAIS
2025-06,Adubos e Fertilizantes,897238904.0,90225304.0,1547142785.0,2534606993.0,36,0.35399527677386156,FORA_DAS_FAIXAS_NT,2026-08,DADO_CALCULADO_SOBRE_DADOS_OFICIAIS
2025-06,Aeronaves e Espaço,662491.0,3694057.0,376632.0,4733180.0,25,0.13996742147985075,ALTA,2026-08,DADO_CALCULADO_SOBRE_DADOS_OFICIAIS
2025-06,Alumínio e Suas Obras,152296816.0,289631671.0,18386574.0,460315061.0,55,0.33085342823488456,FORA_DAS_FAIXAS_NT,2026-08,DADO_CALCULADO_SOBRE_DADOS_OFICIAIS
2025-06,Animais Vivos e Genética,43889051.0,90650192.0,0.0,134539243.0,50,0.3262174665275915,FORA_DAS_FAIXAS_NT,2026-08,DADO_CALCULADO_SOBRE_DADOS_OFICIAIS
2025-06,Aparelhos Telefônicos,1736090.0,375585239.0,10684574.0,388005903.0,52,0.004474390689875664,CRITICA,2026-08,DADO_CALCULADO_SOBRE_DADOS_OFICIAIS
2025-06,Armas e Munições,27843418.0,25118459.0,25474.0,52987351.0,25,0.5254729189991023,FORA_DAS_FAIXAS_NT,2026-08,DADO_CALCULADO_SOBRE_DADOS_OFICIAIS
2025-06,Artefatos de Metal Diversos,77235429.0,85599573.0,19346429.0,182181431.0,40,0.42394786656385414,FORA_DAS_FAIXAS_NT,2026-08,DADO_CALCULADO_SOBRE_DADOS_OFICIAIS
2025-06,"Açúcares, Sacarídeos e Produtos de Confeitaria (sem cacau)",43364522.0,211160586.0,355980.0,254881088.0,30,0.17013628723995403,MEDIA,2026-08,DADO_CALCULADO_SOBRE_DADOS_OFICIAIS
2025-06,Bebidas Alcoólicas,222326551.0,143757886.0,32775339.0,398859776.0,27,0.5574052947369654,FORA_DAS_FAIXAS_NT,2026-08,DADO_CALCULADO_SOBRE_DADOS_OFICIAIS
2025-06,Bebidas Não Alcoólicas (Exceto Sucos),237032416.0,96322456.0,6547677.0,339902549.0,6,0.697354040731245,FORA_DAS_FAIXAS_NT,2026-08,DADO_CALCULADO_SOBRE_DADOS_OFICIAIS
2025-06,Biodiesel,264717327.0,0.0,0.0,264717327.0,1,1.0,FORA_DAS_FAIXAS_NT,2026-08,DADO_CALCULADO_SOBRE_DADOS_OFICIAIS
2025-06,Borracha e Suas Obras (Exceto Pneumáticos),74362938.0,203686261.0,62730636.0,340779835.0,88,0.2182140207914591,MEDIA,2026-08,DADO_CALCULADO_SOBRE_DADOS_OFICIAIS
2025-06,"Brinquedos, Jogos e Artigos de Lazer",8731753.0,155791930.0,4575806.0,169099489.0,75,0.05163677934000144,ALTA,2026-08,DADO_CALCULADO_SOBRE_DADOS_OFICIAIS
2025-06,Cabos e Fios,33475857.0,255790167.0,14221526.0,303487550.0,13,0.11030388890746919,ALTA,2026-08,DADO_CALCULADO_SOBRE_DADOS_OFICIAIS
2025-06,Cacau e Preparações,33180466.0,169963675.0,3312676.0,206456817.0,13,0.16071383101871614,MEDIA,2026-08,DADO_CALCULADO_SOBRE_DADOS_OFICIAIS
2025-06,Café,1080462.0,154977057.0,0.0,156057519.0,10,0.006923485692477272,CRITICA,2026-08,DADO_CALCULADO_SOBRE_DADOS_OFICIAIS
2025-06,Calçados,416996757.0,273814240.0,3726481.0,694537478.0,36,0.6003948961844215,FORA_DAS_FAIXAS_NT,2026-08,DADO_CALCULADO_SOBRE_DADOS_OFICIAIS
2025-06,Carnes Preparadas (Defumadas/Salgadas),11521701.0,18819621.0,0.0,30341322.0,7,0.3797362883528938,FORA_DAS_FAIXAS_NT,2026-08,DADO_CALCULADO_SOBRE_DADOS_OFICIAIS
2025-06,Carnes de Bovinos,690870258.0,465339253.0,0.0,1156209511.0,16,0.5975303363509522,FORA_DAS_FAIXAS_NT,2026-08,DADO_CALCULADO_SOBRE_DADOS_OFICIAIS
2025-06,Carnes de Espécies Exóticas/Diversas e Subprodutos,3719842.0,418673.0,0.0,4138515.0,8,0.8988349685817256,FORA_DAS_FAIXAS_NT,2026-08,DADO_CALCULADO_SOBRE_DADOS_OFICIAIS
2025-06,Carnes de Frango,322958320.0,192971049.0,0.0,515929369.0,23,0.6259739014779754,FORA_DAS_FAIXAS_NT,2026-08,DADO_CALCULADO_SOBRE_DADOS_OFICIAIS
2025-06,Carnes de Outras Aves (Exceto Frango),0.0,284471.0,0.0,284471.0,8,0.0,CRITICA,2026-08,DADO_CALCULADO_SOBRE_DADOS_OFICIAIS
2025-06,Carnes de Ovinos e Caprinos,3802210.0,1468867.0,0.0,5271077.0,12,0.7213345583834195,FORA_DAS_FAIXAS_NT,2026-08,DADO_CALCULADO_SOBRE_DADOS_OFICIAIS
2025-06,Carnes de Suínos,127538736.0,72066951.0,0.0,199605687.0,10,0.6389534181959455,FORA_DAS_FAIXAS_NT,2026-08,DADO_CALCULADO_SOBRE_DADOS_OFICIAIS
2025-06,Cereais e Grãos (exceto soja),163675699.0,437508358.0,77614572.0,678798629.0,42,0.24112555919732123,MEDIA,2026-08,DADO_CALCULADO_SOBRE_DADOS_OFICIAIS
2025-06,Chás e Especiarias,10939052.0,10849239.0,27275.0,21815566.0,41,0.5014333343448435,FORA_DAS_FAIXAS_NT,2026-08,DADO_CALCULADO_SOBRE_DADOS_OFICIAIS
2025-06,Combustíveis e Derivados de Petróleo,171274063.0,305304085.0,5619910.0,482198058.0,64,0.3551944271828652,FORA_DAS_FAIXAS_NT,2026-08,DADO_CALCULADO_SOBRE_DADOS_OFICIAIS
2025-06,Componentes Elétricos e Eletrônicos,123250264.0,528684919.0,205811386.0,857746569.0,328,0.14369076887557913,ALTA,2026-08,DADO_CALCULADO_SOBRE_DADOS_OFICIAIS
2025-06,Conservas de Frutas e Hortícolas,39753320.0,117572219.0,14200809.0,171526348.0,49,0.23176217801827156,MEDIA,2026-08,DADO_CALCULADO_SOBRE_DADOS_OFICIAIS
2025-06,Couros e Suas Obras,157073215.0,106924068.0,15317247.0,279314530.0,103,0.5623524669482823,FORA_DAS_FAIXAS_NT,2026-08,DADO_CALCULADO_SOBRE_DADOS_OFICIAIS
2025-06,Eletrodomésticos (Linha Branca + Portáteis),113911128.0,673119723.0,45449248.0,832480099.0,107,0.1368334548019027,ALTA,2026-08,DADO_CALCULADO_SOBRE_DADOS_OFICIAIS
2025-06,Eletrônicos de Consumo – Comunicação/Imagem,1117223.0,158427089.0,17106550.0,176650862.0,52,0.006324469563018606,CRITICA,2026-08,DADO_CALCULADO_SOBRE_DADOS_OFICIAIS
2025-06,Eletrônicos de Consumo – Informática/TIC,17384265.0,286500948.0,9830454.0,313715667.0,141,0.055414079781995716,ALTA,2026-08,DADO_CALCULADO_SOBRE_DADOS_OFICIAIS
2025-06,Eletrônicos de Consumo – Áudio/Vídeo,3687303.0,43547899.0,36512072.0,83747274.0,35,0.044028931616329384,CRITICA,2026-08,DADO_CALCULADO_SOBRE_DADOS_OFICIAIS
2025-06,Embarcações e Estruturas Flutuantes,446682.0,2769799.0,0.0,3216481.0,26,0.13887288623809685,ALTA,2026-08,DADO_CALCULADO_SOBRE_DADOS_OFICIAIS
2025-06,Erva-mate,32079305.0,31029085.0,0.0,63108390.0,2,0.5083207636892654,FORA_DAS_FAIXAS_NT,2026-08,DADO_CALCULADO_SOBRE_DADOS_OFICIAIS
2025-06,Etanol e Álcool Etílico,2463837.0,585050064.0,0.0,587513901.0,5,0.004193665878894668,CRITICA,2026-08,DADO_CALCULADO_SOBRE_DADOS_OFICIAIS
2025-06,Explosivos e Pirotecnia,9412.0,3584798.0,0.0,3594210.0,14,0.002618656116364931,CRITICA,2026-08,DADO_CALCULADO_SOBRE_DADOS_OFICIAIS
2025-06,"Farinha, Malte e Preparações de Cereais",200694863.0,101485921.0,12702458.0,314883242.0,37,0.6373627943020226,FORA_DAS_FAIXAS_NT,2026-08,DADO_CALCULADO_SOBRE_DADOS_OFICIAIS
2025-06,"Feltros, Passamanarias, Têxteis Técnicos",13779830.0,40679538.0,1771434.0,56230802.0,74,0.24505839344066266,MEDIA,2026-08,DADO_CALCULADO_SOBRE_DADOS_OFICIAIS
2025-06,Ferramentas e Cutelaria (Metais Comuns),47210922.0,98042264.0,40747303.0,186000489.0,84,0.2538214939854271,MEDIA,2026-08,DADO_CALCULADO_SOBRE_DADOS_OFICIAIS
2025-06,Fibras Sintéticas/Descontínuas – Têxteis,4132397.0,17874793.0,238065.0,22245255.0,118,0.18576532388592534,MEDIA,2026-08,DADO_CALCULADO_SOBRE_DADOS_OFICIAIS
2025-06,Filamentos Sintéticos – Têxteis Técnicos,13855746.0,64834472.0,1328450.0,80018668.0,90,0.1731564189496381,MEDIA,2026-08,DADO_CALCULADO_SOBRE_DADOS_OFICIAIS
2025-06,Frutas e Hortícolas,23307260.0,220478490.0,62762596.0,306548346.0,168,0.07603126979520548,ALTA,2026-08,DADO_CALCULADO_SOBRE_DADOS_OFICIAIS
2025-06,Instrumentos Musicais,87794.0,11748330.0,306838.0,12142962.0,19,0.007230031684196986,CRITICA,2026-08,DADO_CALCULADO_SOBRE_DADOS_OFICIAIS
2025-06,Instrumentos Médicos,15300948.0,292043094.0,27602519.0,334946561.0,115,0.04568175876867713,CRITICA,2026-08,DADO_CALCULADO_SOBRE_DADOS_OFICIAIS
2025-06,"Joias, Bijuterias, Metais Preciosos e Relógios",13144838.0,229838205.0,4449650.0,247432693.0,109,0.05312490374907733,ALTA,2026-08,DADO_CALCULADO_SOBRE_DADOS_OFICIAIS
2025-06,Laticínios,467663284.0,254679370.0,101399.0,722444053.0,43,0.6473349487174753,FORA_DAS_FAIXAS_NT,2026-08,DADO_CALCULADO_SOBRE_DADOS_OFICIAIS
2025-06,Madeira e Cortiça - Produtos e Obras,243274938.0,223020853.0,5459892.0,471755683.0,147,0.5156799308764236,FORA_DAS_FAIXAS_NT,2026-08,DADO_CALCULADO_SOBRE_DADOS_OFICIAIS
2025-06,Massas e Panificação,235536626.0,264407054.0,1979774.0,501923454.0,22,0.46926802109550353,FORA_DAS_FAIXAS_NT,2026-08,DADO_CALCULADO_SOBRE_DADOS_OFICIAIS
2025-06,Material Ferroviário e Contêineres,4363329.0,3044442.0,0.0,7407771.0,19,0.5890205029286137,FORA_DAS_FAIXAS_NT,2026-08,DADO_CALCULADO_SOBRE_DADOS_OFICIAIS
2025-06,Medicamentos,8327351.0,1303164060.0,488862.0,1311980273.0,210,0.0063471617457772555,CRITICA,2026-08,DADO_CALCULADO_SOBRE_DADOS_OFICIAIS
2025-06,Mel e Outros Produtos Comestíveis de Origem Animal,2972548.0,2812973.0,0.0,5785521.0,3,0.5137908928167403,FORA_DAS_FAIXAS_NT,2026-08,DADO_CALCULADO_SOBRE_DADOS_OFICIAIS
2025-06,"Metais Não Ferrosos e Suas Obras (NCMs dos Caps. 74, 75, 78, 79, 80, 81)",40272244.0,92855158.0,1958527.0,135085929.0,159,0.29812315981481685,MEDIA,2026-08,DADO_CALCULADO_SOBRE_DADOS_OFICIAIS
2025-06,Minerais e Materiais de Mineração (Não Metálicos),96012648.0,161017809.0,1849680.0,258880137.0,79,0.37087684328597215,FORA_DAS_FAIXAS_NT,2026-08,DADO_CALCULADO_SOBRE_DADOS_OFICIAIS
2025-06,Minérios e Subprodutos da Metalurgia (NCMs do Cap. 26),61258.0,109851.0,0.0,171109.0,31,0.3580057156549334,FORA_DAS_FAIXAS_NT,2026-08,DADO_CALCULADO_SOBRE_DADOS_OFICIAIS
2025-06,Mobiliário e Iluminação,395199091.0,364128606.0,24194028.0,783521725.0,102,0.5043881725168501,FORA_DAS_FAIXAS_NT,2026-08,DADO_CALCULADO_SOBRE_DADOS_OFICIAIS
2025-06,Motocicletas,0.0,60751447.0,0.0,60751447.0,9,0.0,CRITICA,2026-08,DADO_CALCULADO_SOBRE_DADOS_OFICIAIS
2025-06,Máquinas e Equipamentos Industriais,594347107.0,1280987897.0,331669456.0,2207004460.0,790,0.2693003651655511,MEDIA,2026-08,DADO_CALCULADO_SOBRE_DADOS_OFICIAIS
2025-06,Máquinas e Implementos Agrícolas,294996816.0,174863394.0,31096270.0,500956480.0,41,0.5888671526915871,FORA_DAS_FAIXAS_NT,2026-08,DADO_CALCULADO_SOBRE_DADOS_OFICIAIS
2025-06,Objetos de Arte e Coleções,708273.0,3293226.0,0.0,4001499.0,21,0.1770019185310305,MEDIA,2026-08,DADO_CALCULADO_SOBRE_DADOS_OFICIAIS
2025-06,Obras de Espartaria e Cestaria,37022.0,1781079.0,718835.0,2536936.0,11,0.014593194309986535,CRITICA,2026-08,DADO_CALCULADO_SOBRE_DADOS_OFICIAIS
2025-06,Obras de Ferro ou Aço,417029102.0,459701778.0,77858869.0,954589749.0,154,0.43686735839858676,FORA_DAS_FAIXAS_NT,2026-08,DADO_CALCULADO_SOBRE_DADOS_OFICIAIS
2025-06,Outras Fibras Têxteis Vegetais,4259.0,1753578.0,0.0,1757837.0,26,0.0024228640084376423,CRITICA,2026-08,DADO_CALCULADO_SOBRE_DADOS_OFICIAIS
2025-06,Outros,0.0,24149.0,0.0,24149.0,10,0.0,CRITICA,2026-08,DADO_CALCULADO_SOBRE_DADOS_OFICIAIS
2025-06,Ovos,15043213.0,14868257.0,0.0,29911470.0,9,0.5029245637208737,FORA_DAS_FAIXAS_NT,2026-08,DADO_CALCULADO_SOBRE_DADOS_OFICIAIS
2025-06,Papel e Papelão,299528629.0,490489791.0,10507701.0,800526121.0,175,0.3741647163565822,FORA_DAS_FAIXAS_NT,2026-08,DADO_CALCULADO_SOBRE_DADOS_OFICIAIS
2025-06,Pasta Química e Pasta Mecânica,1049004.0,6921243.0,0.0,7970247.0,18,0.1316149926093884,ALTA,2026-08,DADO_CALCULADO_SOBRE_DADOS_OFICIAIS
2025-06,Perfumaria e Cosméticos,27354868.0,468260746.0,6336718.0,501952332.0,57,0.05449694374564635,ALTA,2026-08,DADO_CALCULADO_SOBRE_DADOS_OFICIAIS
2025-06,Pescados e Frutos do Mar,4695035.0,41206253.0,5695217.0,51596505.0,184,0.09099521372620104,ALTA,2026-08,DADO_CALCULADO_SOBRE_DADOS_OFICIAIS
2025-06,Pescados e Frutos do Mar - Preparações e Conservas,407160.0,7858481.0,0.0,8265641.0,31,0.04925933753958102,CRITICA,2026-08,DADO_CALCULADO_SOBRE_DADOS_OFICIAIS
2025-06,Peças e Acessórios Automotivos,347758753.0,849780633.0,381290157.0,1578829543.0,129,0.2202636469160623,MEDIA,2026-08,DADO_CALCULADO_SOBRE_DADOS_OFICIAIS
2025-06,Plantas Vivas e Floricultura,35790.0,28492812.0,0.0,28528602.0,29,0.0012545304533324135,CRITICA,2026-08,DADO_CALCULADO_SOBRE_DADOS_OFICIAIS
2025-06,Plásticos e Suas Obras,622512076.0,1238342554.0,149156672.0,2010011302.0,313,0.3097057590574682,FORA_DAS_FAIXAS_NT,2026-08,DADO_CALCULADO_SOBRE_DADOS_OFICIAIS
2025-06,"Pneumáticos, Câmaras e Protetores",40139799.0,287019179.0,8442052.0,335601030.0,22,0.11960570859988123,ALTA,2026-08,DADO_CALCULADO_SOBRE_DADOS_OFICIAIS
2025-06,"Preparações Alimentícias Diversas (Molhos, Condimentos, etc)",27318834.0,205353785.0,3157050.0,235829669.0,23,0.11584137871982511,ALTA,2026-08,DADO_CALCULADO_SOBRE_DADOS_OFICIAIS
2025-06,Preparações de Carne,135995632.0,111845240.0,0.0,247840872.0,15,0.5487215684102338,FORA_DAS_FAIXAS_NT,2026-08,DADO_CALCULADO_SOBRE_DADOS_OFICIAIS
2025-06,"Preparações, Suplementos e Complementos alimentares",12699160.0,151065386.0,1222180.0,164986726.0,27,0.07697079824470243,ALTA,2026-08,DADO_CALCULADO_SOBRE_DADOS_OFICIAIS
2025-06,"Produtos Cerâmicos, Porcelana e Refratários",36555708.0,118647881.0,120506.0,155324095.0,54,0.23535117329993135,MEDIA,2026-08,DADO_CALCULADO_SOBRE_DADOS_OFICIAIS
2025-06,"Produtos Editoriais, Impressos e Materiais Gráficos",31803771.0,169727294.0,1035480.0,202566545.0,38,0.1570040650098465,MEDIA,2026-08,DADO_CALCULADO_SOBRE_DADOS_OFICIAIS
2025-06,Produtos Farmacêuticos,1077809.0,86014415.0,0.0,87092224.0,43,0.012375490606371472,CRITICA,2026-08,DADO_CALCULADO_SOBRE_DADOS_OFICIAIS
2025-06,Produtos Fotográficos,220445.0,5637966.0,0.0,5858411.0,48,0.03762880412453138,CRITICA,2026-08,DADO_CALCULADO_SOBRE_DADOS_OFICIAIS
2025-06,"Produtos Minerais: Pedra, Cimento, Gesso, Amianto e Abrasivos",178060948.0,128367795.0,8045690.0,314474433.0,67,0.5662175659284836,FORA_DAS_FAIXAS_NT,2026-08,DADO_CALCULADO_SOBRE_DADOS_OFICIAIS
2025-06,Produtos Químicos Diversos,119282716.0,1096766517.0,38302544.0,1254351777.0,238,0.09509510664168334,ALTA,2026-08,DADO_CALCULADO_SOBRE_DADOS_OFICIAIS
2025-06,Produtos de Origem Animal (Não Alimentares),26504795.0,9931068.0,0.0,36435863.0,32,0.7274370034819815,FORA_DAS_FAIXAS_NT,2026-08,DADO_CALCULADO_SOBRE_DADOS_OFICIAIS
2025-06,Químicos Inorgânicos,63272916.0,179385947.0,36046166.0,278705029.0,286,0.22702466556496906,MEDIA,2026-08,DADO_CALCULADO_SOBRE_DADOS_OFICIAIS
2025-06,Químicos Orgânicos,256616429.0,174218314.0,49846349.0,480681092.0,810,0.5338600441558454,FORA_DAS_FAIXAS_NT,2026-08,DADO_CALCULADO_SOBRE_DADOS_OFICIAIS
2025-06,Resíduos para Alimentação Animal,669307000.0,332914856.0,0.0,1002221856.0,37,0.6678231930316235,FORA_DAS_FAIXAS_NT,2026-08,DADO_CALCULADO_SOBRE_DADOS_OFICIAIS
2025-06,"Sabões e Preparações de Limpeza, Ceras e Pastas",86144476.0,268474236.0,19662704.0,374281416.0,58,0.23015964009284393,MEDIA,2026-08,DADO_CALCULADO_SOBRE_DADOS_OFICIAIS
2025-06,Siderurgia – Ferro e Aço,605215227.0,969480036.0,32278552.0,1606973815.0,205,0.37661797681501114,FORA_DAS_FAIXAS_NT,2026-08,DADO_CALCULADO_SOBRE_DADOS_OFICIAIS
2025-06,"Soja, Oleaginosas e Sementes",15263690.0,180380593.0,0.0,195644283.0,39,0.07801756210785878,ALTA,2026-08,DADO_CALCULADO_SOBRE_DADOS_OFICIAIS
2025-06,Sucos e Bebidas à Base de Frutas/Vegetais,31812939.0,11090222.0,0.0,42903161.0,25,0.7415057132969759,FORA_DAS_FAIXAS_NT,2026-08,DADO_CALCULADO_SOBRE_DADOS_OFICIAIS
2025-06,Tabaco e Sucedâneos,165631906.0,570544193.0,10100749.0,746276848.0,22,0.22194431790814445,MEDIA,2026-08,DADO_CALCULADO_SOBRE_DADOS_OFICIAIS
2025-06,Tecidos Impregnados/Revestidos/Laminados,25896108.0,38406597.0,4515598.0,68818303.0,26,0.3762968116200134,FORA_DAS_FAIXAS_NT,2026-08,DADO_CALCULADO_SOBRE_DADOS_OFICIAIS
2025-06,Tecidos Sintéticos (Inclusive Malhas),20562049.0,62845112.0,871614.0,84278775.0,80,0.24397660027687873,MEDIA,2026-08,DADO_CALCULADO_SOBRE_DADOS_OFICIAIS
2025-06,"Tintas, Pigmentos e Corantes",99086243.0,204072086.0,28253467.0,331411796.0,94,0.2989822456410091,MEDIA,2026-08,DADO_CALCULADO_SOBRE_DADOS_OFICIAIS
2025-06,Toucinho e Gorduras Não Fundidas,4069476.0,5499719.0,0.0,9569195.0,5,0.42526837419448554,FORA_DAS_FAIXAS_NT,2026-08,DADO_CALCULADO_SOBRE_DADOS_OFICIAIS
2025-06,Tratores,2470025.0,309978651.0,23790262.0,336238938.0,12,0.007346040927597743,CRITICA,2026-08,DADO_CALCULADO_SOBRE_DADOS_OFICIAIS
2025-06,"Têxteis Naturais (Algodão, Lã, Seda e Afins)",60855981.0,224031853.0,3365328.0,288253162.0,325,0.21111990785377752,MEDIA,2026-08,DADO_CALCULADO_SOBRE_DADOS_OFICIAIS
2025-06,Vacinas e Soros,0.0,599905251.0,0.0,599905251.0,39,0.0,CRITICA,2026-08,DADO_CALCULADO_SOBRE_DADOS_OFICIAIS
2025-06,Vestuário Tecido (Plano),48367133.0,307043793.0,2708727.0,358119653.0,119,0.13505858333890433,ALTA,2026-08,DADO_CALCULADO_SOBRE_DADOS_OFICIAIS
2025-06,Vestuário de Malha,104649314.0,442261494.0,3561570.0,550472378.0,137,0.19010820194142422,MEDIA,2026-08,DADO_CALCULADO_SOBRE_DADOS_OFICIAIS
2025-06,Veículos Comerciais (Caminhões e Carga) e Ônibus,181566882.0,467219327.0,12724606.0,661510815.0,45,0.2744730363932145,MEDIA,2026-08,DADO_CALCULADO_SOBRE_DADOS_OFICIAIS
2025-06,Veículos Leves e de Passageiros,0.0,1111626741.0,0.0,1111626741.0,20,0.0,CRITICA,2026-08,DADO_CALCULADO_SOBRE_DADOS_OFICIAIS
2025-06,Vidro e Suas Obras,86635900.0,142405919.0,16615606.0,245657425.0,91,0.35266957634193224,FORA_DAS_FAIXAS_NT,2026-08,DADO_CALCULADO_SOBRE_DADOS_OFICIAIS
2025-06,Óleos Brutos de Petróleo,0.0,0.0,0.0,0.0,2,,NAO_CALCULADO,2026-08,DADO_CALCULADO_SOBRE_DADOS_OFICIAIS
2025-06,Óleos e Gorduras Vegetais/animais,227964304.0,225969301.0,5817702.0,459751307.0,64,0.49584264477142637,FORA_DAS_FAIXAS_NT,2026-08,DADO_CALCULADO_SOBRE_DADOS_OFICIAIS
2025-06,"Óptica, Instrumentos e Aparelhos de Precisão",27948031.0,175174152.0,75211778.0,278333961.0,245,0.10041186098738414,ALTA,2026-08,DADO_CALCULADO_SOBRE_DADOS_OFICIAIS
2025-07,Acessórios Pessoais e Artigos de Uso Pessoal,19170529.0,185877859.0,3772883.0,208821271.0,57,0.09180352608810623,ALTA,2026-08,DADO_CALCULADO_SOBRE_DADOS_OFICIAIS
2025-07,Adubos e Fertilizantes,1330774914.0,141716378.0,1581131231.0,3053622523.0,35,0.4358020364260982,FORA_DAS_FAIXAS_NT,2026-08,DADO_CALCULADO_SOBRE_DADOS_OFICIAIS
2025-07,Aeronaves e Espaço,0.0,8715153.0,7758357.0,16473510.0,27,0.0,CRITICA,2026-08,DADO_CALCULADO_SOBRE_DADOS_OFICIAIS
2025-07,Alumínio e Suas Obras,157542570.0,322768200.0,9482980.0,489793750.0,55,0.32165083772506287,FORA_DAS_FAIXAS_NT,2026-08,DADO_CALCULADO_SOBRE_DADOS_OFICIAIS
2025-07,Animais Vivos e Genética,24725507.0,103111401.0,2071953.0,129908861.0,49,0.19032964194798074,MEDIA,2026-08,DADO_CALCULADO_SOBRE_DADOS_OFICIAIS
2025-07,Aparelhos Telefônicos,2174570.0,396786875.0,19030204.0,417991649.0,53,0.0052024245106389675,CRITICA,2026-08,DADO_CALCULADO_SOBRE_DADOS_OFICIAIS
2025-07,Armas e Munições,27650293.0,27610932.0,0.0,55261225.0,25,0.5003561357896066,FORA_DAS_FAIXAS_NT,2026-08,DADO_CALCULADO_SOBRE_DADOS_OFICIAIS
2025-07,Artefatos de Metal Diversos,86841493.0,93257519.0,23972641.0,204071653.0,40,0.4255441249353726,FORA_DAS_FAIXAS_NT,2026-08,DADO_CALCULADO_SOBRE_DADOS_OFICIAIS
2025-07,"Açúcares, Sacarídeos e Produtos de Confeitaria (sem cacau)",49327162.0,245414813.0,556794.0,295298769.0,30,0.1670415429330828,MEDIA,2026-08,DADO_CALCULADO_SOBRE_DADOS_OFICIAIS
2025-07,Bebidas Alcoólicas,255855744.0,149382061.0,35757857.0,440995662.0,27,0.5801774621538114,FORA_DAS_FAIXAS_NT,2026-08,DADO_CALCULADO_SOBRE_DADOS_OFICIAIS
2025-07,Bebidas Não Alcoólicas (Exceto Sucos),280468240.0,91194149.0,2998660.0,374661049.0,6,0.7485919359607622,FORA_DAS_FAIXAS_NT,2026-08,DADO_CALCULADO_SOBRE_DADOS_OFICIAIS
2025-07,Biodiesel,304232414.0,0.0,0.0,304232414.0,1,1.0,FORA_DAS_FAIXAS_NT,2026-08,DADO_CALCULADO_SOBRE_DADOS_OFICIAIS
2025-07,Borracha e Suas Obras (Exceto Pneumáticos),76712722.0,232481970.0,47095625.0,356290317.0,89,0.2153095897916305,MEDIA,2026-08,DADO_CALCULADO_SOBRE_DADOS_OFICIAIS
2025-07,"Brinquedos, Jogos e Artigos de Lazer",9671726.0,168064879.0,12640835.0,190377440.0,74,0.050802899755349164,ALTA,2026-08,DADO_CALCULADO_SOBRE_DADOS_OFICIAIS
2025-07,Cabos e Fios,37116550.0,312661918.0,14674635.0,364453103.0,13,0.10184177249274237,ALTA,2026-08,DADO_CALCULADO_SOBRE_DADOS_OFICIAIS
2025-07,Cacau e Preparações,38530552.0,180952192.0,2986677.0,222469421.0,13,0.17319482303143136,MEDIA,2026-08,DADO_CALCULADO_SOBRE_DADOS_OFICIAIS
2025-07,Café,1146171.0,184695256.0,0.0,185841427.0,10,0.006167467708908627,CRITICA,2026-08,DADO_CALCULADO_SOBRE_DADOS_OFICIAIS
2025-07,Calçados,476286303.0,320756961.0,9600255.0,806643519.0,38,0.5904545090630053,FORA_DAS_FAIXAS_NT,2026-08,DADO_CALCULADO_SOBRE_DADOS_OFICIAIS
2025-07,Carnes Preparadas (Defumadas/Salgadas),11814870.0,23171193.0,0.0,34986063.0,6,0.3377021872966958,FORA_DAS_FAIXAS_NT,2026-08,DADO_CALCULADO_SOBRE_DADOS_OFICIAIS
2025-07,Carnes de Bovinos,765595943.0,453099641.0,0.0,1218695584.0,16,0.6282093354988312,FORA_DAS_FAIXAS_NT,2026-08,DADO_CALCULADO_SOBRE_DADOS_OFICIAIS
2025-07,Carnes de Espécies Exóticas/Diversas e Subprodutos,3850975.0,264366.0,0.0,4115341.0,9,0.9357608518953836,FORA_DAS_FAIXAS_NT,2026-08,DADO_CALCULADO_SOBRE_DADOS_OFICIAIS
2025-07,Carnes de Frango,366655849.0,189747290.0,1492979.0,557896118.0,23,0.6572116872123495,FORA_DAS_FAIXAS_NT,2026-08,DADO_CALCULADO_SOBRE_DADOS_OFICIAIS
2025-07,Carnes de Outras Aves (Exceto Frango),0.0,261341.0,0.0,261341.0,10,0.0,CRITICA,2026-08,DADO_CALCULADO_SOBRE_DADOS_OFICIAIS
2025-07,Carnes de Ovinos e Caprinos,4713079.0,589366.0,0.0,5302445.0,13,0.8888501436601417,FORA_DAS_FAIXAS_NT,2026-08,DADO_CALCULADO_SOBRE_DADOS_OFICIAIS
2025-07,Carnes de Suínos,138462943.0,77366028.0,0.0,215828971.0,10,0.6415401155760503,FORA_DAS_FAIXAS_NT,2026-08,DADO_CALCULADO_SOBRE_DADOS_OFICIAIS
2025-07,Cereais e Grãos (exceto soja),183858423.0,901217097.0,116137423.0,1201212943.0,41,0.1530606409724641,MEDIA,2026-08,DADO_CALCULADO_SOBRE_DADOS_OFICIAIS
2025-07,Chás e Especiarias,11262052.0,11851339.0,20468.0,23133859.0,43,0.4868211568160764,FORA_DAS_FAIXAS_NT,2026-08,DADO_CALCULADO_SOBRE_DADOS_OFICIAIS
2025-07,Combustíveis e Derivados de Petróleo,206019509.0,285331899.0,6343973.0,497695381.0,64,0.41394699823424724,FORA_DAS_FAIXAS_NT,2026-08,DADO_CALCULADO_SOBRE_DADOS_OFICIAIS
2025-07,Componentes Elétricos e Eletrônicos,140529487.0,618816944.0,173121417.0,932467848.0,326,0.15070705901700968,MEDIA,2026-08,DADO_CALCULADO_SOBRE_DADOS_OFICIAIS
2025-07,Conservas de Frutas e Hortícolas,39949604.0,108739158.0,8983997.0,157672759.0,48,0.253370361839105,MEDIA,2026-08,DADO_CALCULADO_SOBRE_DADOS_OFICIAIS
2025-07,Couros e Suas Obras,169333495.0,113493612.0,14530436.0,297357543.0,106,0.569460903165991,FORA_DAS_FAIXAS_NT,2026-08,DADO_CALCULADO_SOBRE_DADOS_OFICIAIS
2025-07,Eletrodomésticos (Linha Branca + Portáteis),137490396.0,678655727.0,34988997.0,851135120.0,107,0.16153768393436754,MEDIA,2026-08,DADO_CALCULADO_SOBRE_DADOS_OFICIAIS
2025-07,Eletrônicos de Consumo – Comunicação/Imagem,2314439.0,195224834.0,31254859.0,228794132.0,48,0.010115814508739236,CRITICA,2026-08,DADO_CALCULADO_SOBRE_DADOS_OFICIAIS
2025-07,Eletrônicos de Consumo – Informática/TIC,15857920.0,317513233.0,16251178.0,349622331.0,142,0.045357285830806955,CRITICA,2026-08,DADO_CALCULADO_SOBRE_DADOS_OFICIAIS
2025-07,Eletrônicos de Consumo – Áudio/Vídeo,3760704.0,95163841.0,48510542.0,147435087.0,33,0.025507523863705524,CRITICA,2026-08,DADO_CALCULADO_SOBRE_DADOS_OFICIAIS
2025-07,Embarcações e Estruturas Flutuantes,614449.0,4009702.0,0.0,4624151.0,25,0.13287822997129636,ALTA,2026-08,DADO_CALCULADO_SOBRE_DADOS_OFICIAIS
2025-07,Erva-mate,33664172.0,41253333.0,0.0,74917505.0,2,0.4493498815797456,FORA_DAS_FAIXAS_NT,2026-08,DADO_CALCULADO_SOBRE_DADOS_OFICIAIS
2025-07,Etanol e Álcool Etílico,3155414.0,566414008.0,0.0,569569422.0,5,0.005539998950294772,CRITICA,2026-08,DADO_CALCULADO_SOBRE_DADOS_OFICIAIS
2025-07,Explosivos e Pirotecnia,9397.0,9593925.0,0.0,9603322.0,15,0.000978515559511594,CRITICA,2026-08,DADO_CALCULADO_SOBRE_DADOS_OFICIAIS
2025-07,"Farinha, Malte e Preparações de Cereais",220153689.0,110753019.0,11488265.0,342394973.0,37,0.6429816625841641,FORA_DAS_FAIXAS_NT,2026-08,DADO_CALCULADO_SOBRE_DADOS_OFICIAIS
2025-07,"Feltros, Passamanarias, Têxteis Técnicos",15781268.0,46406756.0,629346.0,62817370.0,74,0.2512245896318168,MEDIA,2026-08,DADO_CALCULADO_SOBRE_DADOS_OFICIAIS
2025-07,Ferramentas e Cutelaria (Metais Comuns),45591164.0,105371828.0,33101308.0,184064300.0,86,0.24769150780460958,MEDIA,2026-08,DADO_CALCULADO_SOBRE_DADOS_OFICIAIS
2025-07,Fibras Sintéticas/Descontínuas – Têxteis,4805656.0,18127743.0,870486.0,23803885.0,126,0.2018853645108771,MEDIA,2026-08,DADO_CALCULADO_SOBRE_DADOS_OFICIAIS
2025-07,Filamentos Sintéticos – Têxteis Técnicos,16615592.0,78115828.0,1027546.0,95758966.0,89,0.17351473907936726,MEDIA,2026-08,DADO_CALCULADO_SOBRE_DADOS_OFICIAIS
2025-07,Frutas e Hortícolas,24767110.0,263205470.0,45897900.0,333870480.0,173,0.0741817904955239,ALTA,2026-08,DADO_CALCULADO_SOBRE_DADOS_OFICIAIS
2025-07,Instrumentos Musicais,116824.0,12331171.0,0.0,12447995.0,19,0.009384965209256592,CRITICA,2026-08,DADO_CALCULADO_SOBRE_DADOS_OFICIAIS
2025-07,Instrumentos Médicos,17857101.0,274021688.0,30060775.0,321939564.0,114,0.05546724602012569,ALTA,2026-08,DADO_CALCULADO_SOBRE_DADOS_OFICIAIS
2025-07,"Joias, Bijuterias, Metais Preciosos e Relógios",16121047.0,55182299.0,4000603.0,75303949.0,108,0.21407970251334363,MEDIA,2026-08,DADO_CALCULADO_SOBRE_DADOS_OFICIAIS
2025-07,Laticínios,494002253.0,254621252.0,238630.0,748862135.0,43,0.659670491952434,FORA_DAS_FAIXAS_NT,2026-08,DADO_CALCULADO_SOBRE_DADOS_OFICIAIS
2025-07,Madeira e Cortiça - Produtos e Obras,247053253.0,264409237.0,8284709.0,519747199.0,151,0.47533349573664563,FORA_DAS_FAIXAS_NT,2026-08,DADO_CALCULADO_SOBRE_DADOS_OFICIAIS
2025-07,Massas e Panificação,249311443.0,278330242.0,3080514.0,530722199.0,23,0.4697588370521505,FORA_DAS_FAIXAS_NT,2026-08,DADO_CALCULADO_SOBRE_DADOS_OFICIAIS
2025-07,Material Ferroviário e Contêineres,4556924.0,3581149.0,0.0,8138073.0,22,0.5599512316982165,FORA_DAS_FAIXAS_NT,2026-08,DADO_CALCULADO_SOBRE_DADOS_OFICIAIS
2025-07,Medicamentos,10937801.0,1231210298.0,1962118.0,1244110217.0,215,0.008791665602083871,CRITICA,2026-08,DADO_CALCULADO_SOBRE_DADOS_OFICIAIS
2025-07,Mel e Outros Produtos Comestíveis de Origem Animal,2596151.0,2150343.0,0.0,4746494.0,3,0.5469618206617347,FORA_DAS_FAIXAS_NT,2026-08,DADO_CALCULADO_SOBRE_DADOS_OFICIAIS
2025-07,"Metais Não Ferrosos e Suas Obras (NCMs dos Caps. 74, 75, 78, 79, 80, 81)",40559249.0,112061580.0,2431450.0,155052279.0,170,0.26158434601274066,MEDIA,2026-08,DADO_CALCULADO_SOBRE_DADOS_OFICIAIS
2025-07,Minerais e Materiais de Mineração (Não Metálicos),114754995.0,187384945.0,3504848.0,305644788.0,79,0.3754521572276901,FORA_DAS_FAIXAS_NT,2026-08,DADO_CALCULADO_SOBRE_DADOS_OFICIAIS
2025-07,Minérios e Subprodutos da Metalurgia (NCMs do Cap. 26),87020.0,227020.0,0.0,314040.0,32,0.27709845879505796,MEDIA,2026-08,DADO_CALCULADO_SOBRE_DADOS_OFICIAIS
2025-07,Mobiliário e Iluminação,480171712.0,416951128.0,25630213.0,922753053.0,105,0.5203685974691649,FORA_DAS_FAIXAS_NT,2026-08,DADO_CALCULADO_SOBRE_DADOS_OFICIAIS
2025-07,Motocicletas,0.0,38019638.0,0.0,38019638.0,9,0.0,CRITICA,2026-08,DADO_CALCULADO_SOBRE_DADOS_OFICIAIS
2025-07,Máquinas e Equipamentos Industriais,645871919.0,1465420199.0,383707865.0,2494999983.0,799,0.25886650236502223,MEDIA,2026-08,DADO_CALCULADO_SOBRE_DADOS_OFICIAIS
2025-07,Máquinas e Implementos Agrícolas,285336120.0,225496795.0,33646647.0,544479562.0,39,0.5240529487496172,FORA_DAS_FAIXAS_NT,2026-08,DADO_CALCULADO_SOBRE_DADOS_OFICIAIS
2025-07,Objetos de Arte e Coleções,752759.0,3860180.0,0.0,4612939.0,22,0.16318425194870342,MEDIA,2026-08,DADO_CALCULADO_SOBRE_DADOS_OFICIAIS
2025-07,Obras de Espartaria e Cestaria,48916.0,1938473.0,0.0,1987389.0,11,0.024613198523288596,CRITICA,2026-08,DADO_CALCULADO_SOBRE_DADOS_OFICIAIS
2025-07,Obras de Ferro ou Aço,476656161.0,502040869.0,76561577.0,1055258607.0,155,0.45169606562612,FORA_DAS_FAIXAS_NT,2026-08,DADO_CALCULADO_SOBRE_DADOS_OFICIAIS
2025-07,Outras Fibras Têxteis Vegetais,59076.0,1913192.0,0.0,1972268.0,26,0.029953332914188134,CRITICA,2026-08,DADO_CALCULADO_SOBRE_DADOS_OFICIAIS
2025-07,Outros,0.0,294629.0,0.0,294629.0,9,0.0,CRITICA,2026-08,DADO_CALCULADO_SOBRE_DADOS_OFICIAIS
2025-07,Ovos,16733597.0,26157943.0,0.0,42891540.0,9,0.3901374723313735,FORA_DAS_FAIXAS_NT,2026-08,DADO_CALCULADO_SOBRE_DADOS_OFICIAIS
2025-07,Papel e Papelão,345371084.0,553448134.0,38536087.0,937355305.0,178,0.3684526904128419,FORA_DAS_FAIXAS_NT,2026-08,DADO_CALCULADO_SOBRE_DADOS_OFICIAIS
2025-07,Pasta Química e Pasta Mecânica,1598310.0,7869847.0,0.0,9468157.0,17,0.16880898785265178,MEDIA,2026-08,DADO_CALCULADO_SOBRE_DADOS_OFICIAIS
2025-07,Perfumaria e Cosméticos,33648012.0,444004520.0,3547144.0,481199676.0,58,0.06992525905192006,ALTA,2026-08,DADO_CALCULADO_SOBRE_DADOS_OFICIAIS
2025-07,Pescados e Frutos do Mar,1884554.0,47394480.0,6130613.0,55409647.0,193,0.03401129770778002,CRITICA,2026-08,DADO_CALCULADO_SOBRE_DADOS_OFICIAIS
2025-07,Pescados e Frutos do Mar - Preparações e Conservas,328192.0,9573596.0,0.0,9901788.0,28,0.033144720933229434,CRITICA,2026-08,DADO_CALCULADO_SOBRE_DADOS_OFICIAIS
2025-07,Peças e Acessórios Automotivos,559403550.0,1181905634.0,368274446.0,2109583630.0,130,0.2651724928297818,MEDIA,2026-08,DADO_CALCULADO_SOBRE_DADOS_OFICIAIS
2025-07,Plantas Vivas e Floricultura,27691.0,28535372.0,0.0,28563063.0,30,0.0009694688556335853,CRITICA,2026-08,DADO_CALCULADO_SOBRE_DADOS_OFICIAIS
2025-07,Plásticos e Suas Obras,710335595.0,1336903178.0,139658055.0,2186896828.0,313,0.3248144063794856,FORA_DAS_FAIXAS_NT,2026-08,DADO_CALCULADO_SOBRE_DADOS_OFICIAIS
2025-07,"Pneumáticos, Câmaras e Protetores",30732921.0,310054693.0,11799311.0,352586925.0,25,0.08716409719390474,ALTA,2026-08,DADO_CALCULADO_SOBRE_DADOS_OFICIAIS
2025-07,"Preparações Alimentícias Diversas (Molhos, Condimentos, etc)",27830860.0,220456725.0,947790.0,249235375.0,23,0.11166496730249469,ALTA,2026-08,DADO_CALCULADO_SOBRE_DADOS_OFICIAIS
2025-07,Preparações de Carne,154089338.0,120847841.0,0.0,274937179.0,15,0.5604528953139509,FORA_DAS_FAIXAS_NT,2026-08,DADO_CALCULADO_SOBRE_DADOS_OFICIAIS
2025-07,"Preparações, Suplementos e Complementos alimentares",13574415.0,161046657.0,2623059.0,177244131.0,26,0.07658597733766428,ALTA,2026-08,DADO_CALCULADO_SOBRE_DADOS_OFICIAIS
2025-07,"Produtos Cerâmicos, Porcelana e Refratários",46521903.0,129355809.0,1222130.0,177099842.0,57,0.26268743367935926,MEDIA,2026-08,DADO_CALCULADO_SOBRE_DADOS_OFICIAIS
2025-07,"Produtos Editoriais, Impressos e Materiais Gráficos",31653511.0,181627529.0,1452921.0,214733961.0,39,0.14740803388803506,ALTA,2026-08,DADO_CALCULADO_SOBRE_DADOS_OFICIAIS
2025-07,Produtos Farmacêuticos,1451132.0,80864851.0,0.0,82315983.0,46,0.017628799986510516,CRITICA,2026-08,DADO_CALCULADO_SOBRE_DADOS_OFICIAIS
2025-07,Produtos Fotográficos,532878.0,5846063.0,0.0,6378941.0,47,0.08353706359723347,ALTA,2026-08,DADO_CALCULADO_SOBRE_DADOS_OFICIAIS
2025-07,"Produtos Minerais: Pedra, Cimento, Gesso, Amianto e Abrasivos",206011783.0,138652928.0,7930902.0,352595613.0,67,0.584272110611881,FORA_DAS_FAIXAS_NT,2026-08,DADO_CALCULADO_SOBRE_DADOS_OFICIAIS
2025-07,Produtos Químicos Diversos,130884768.0,1240622287.0,61442362.0,1432949417.0,261,0.09133941955468201,ALTA,2026-08,DADO_CALCULADO_SOBRE_DADOS_OFICIAIS
2025-07,Produtos de Origem Animal (Não Alimentares),28345074.0,14070164.0,0.0,42415238.0,31,0.668275726756502,FORA_DAS_FAIXAS_NT,2026-08,DADO_CALCULADO_SOBRE_DADOS_OFICIAIS
2025-07,Químicos Inorgânicos,65868076.0,200771842.0,15022587.0,281662505.0,291,0.23385461263294524,MEDIA,2026-08,DADO_CALCULADO_SOBRE_DADOS_OFICIAIS
2025-07,Químicos Orgânicos,50349500.0,195881695.0,40635058.0,286866253.0,809,0.175515591232685,MEDIA,2026-08,DADO_CALCULADO_SOBRE_DADOS_OFICIAIS
2025-07,Resíduos para Alimentação Animal,711998670.0,360695109.0,0.0,1072693779.0,37,0.6637482979194196,FORA_DAS_FAIXAS_NT,2026-08,DADO_CALCULADO_SOBRE_DADOS_OFICIAIS
2025-07,"Sabões e Preparações de Limpeza, Ceras e Pastas",91236556.0,296011696.0,19917309.0,407165561.0,56,0.22407729125204673,MEDIA,2026-08,DADO_CALCULADO_SOBRE_DADOS_OFICIAIS
2025-07,Siderurgia – Ferro e Aço,627731152.0,1067413141.0,54062369.0,1749206662.0,206,0.35886620239730144,FORA_DAS_FAIXAS_NT,2026-08,DADO_CALCULADO_SOBRE_DADOS_OFICIAIS
2025-07,"Soja, Oleaginosas e Sementes",22542758.0,174225088.0,28237762.0,225005608.0,40,0.10018753843681977,ALTA,2026-08,DADO_CALCULADO_SOBRE_DADOS_OFICIAIS
2025-07,Sucos e Bebidas à Base de Frutas/Vegetais,35660251.0,9495493.0,1561330.0,46717074.0,23,0.7633237261391842,FORA_DAS_FAIXAS_NT,2026-08,DADO_CALCULADO_SOBRE_DADOS_OFICIAIS
2025-07,Tabaco e Sucedâneos,281012327.0,414006979.0,30372366.0,725391672.0,24,0.3873939250297872,FORA_DAS_FAIXAS_NT,2026-08,DADO_CALCULADO_SOBRE_DADOS_OFICIAIS
2025-07,Tecidos Impregnados/Revestidos/Laminados,31677374.0,38901473.0,5607095.0,76185942.0,26,0.4157902779491786,FORA_DAS_FAIXAS_NT,2026-08,DADO_CALCULADO_SOBRE_DADOS_OFICIAIS
2025-07,Tecidos Sintéticos (Inclusive Malhas),20451084.0,67197310.0,1723169.0,89371563.0,81,0.22883211743762386,MEDIA,2026-08,DADO_CALCULADO_SOBRE_DADOS_OFICIAIS
2025-07,"Tintas, Pigmentos e Corantes",110048863.0,237617665.0,19835225.0,367501753.0,92,0.29945126003249295,MEDIA,2026-08,DADO_CALCULADO_SOBRE_DADOS_OFICIAIS
2025-07,Toucinho e Gorduras Não Fundidas,4129223.0,4974372.0,0.0,9103595.0,5,0.4535815795847684,FORA_DAS_FAIXAS_NT,2026-08,DADO_CALCULADO_SOBRE_DADOS_OFICIAIS
2025-07,Tratores,2633278.0,297653706.0,0.0,300286984.0,12,0.008769204595294747,CRITICA,2026-08,DADO_CALCULADO_SOBRE_DADOS_OFICIAIS
2025-07,"Têxteis Naturais (Algodão, Lã, Seda e Afins)",63094328.0,228098717.0,9853309.0,301046354.0,326,0.20958343179269995,MEDIA,2026-08,DADO_CALCULADO_SOBRE_DADOS_OFICIAIS
2025-07,Vacinas e Soros,0.0,622226715.0,0.0,622226715.0,39,0.0,CRITICA,2026-08,DADO_CALCULADO_SOBRE_DADOS_OFICIAIS
2025-07,Vestuário Tecido (Plano),50878891.0,340344160.0,941513.0,392164564.0,121,0.1297386242169499,ALTA,2026-08,DADO_CALCULADO_SOBRE_DADOS_OFICIAIS
2025-07,Vestuário de Malha,102524305.0,471045634.0,1470362.0,575040301.0,137,0.1782906429718219,MEDIA,2026-08,DADO_CALCULADO_SOBRE_DADOS_OFICIAIS
2025-07,Veículos Comerciais (Caminhões e Carga) e Ônibus,195356706.0,369293127.0,16214445.0,580864278.0,44,0.3363207437590094,FORA_DAS_FAIXAS_NT,2026-08,DADO_CALCULADO_SOBRE_DADOS_OFICIAIS
2025-07,Veículos Leves e de Passageiros,206186.0,1104573317.0,0.0,1104779503.0,20,0.00018663090638458378,CRITICA,2026-08,DADO_CALCULADO_SOBRE_DADOS_OFICIAIS
2025-07,Vidro e Suas Obras,104643738.0,172458731.0,19422223.0,296524692.0,90,0.35290058744922326,FORA_DAS_FAIXAS_NT,2026-08,DADO_CALCULADO_SOBRE_DADOS_OFICIAIS
2025-07,Óleos Brutos de Petróleo,0.0,168415.0,607195076.0,607363491.0,2,0.0,CRITICA,2026-08,DADO_CALCULADO_SOBRE_DADOS_OFICIAIS
2025-07,Óleos e Gorduras Vegetais/animais,271475557.0,293798750.0,3909979.0,569184286.0,63,0.47695546710859127,FORA_DAS_FAIXAS_NT,2026-08,DADO_CALCULADO_SOBRE_DADOS_OFICIAIS
2025-07,"Óptica, Instrumentos e Aparelhos de Precisão",31378799.0,217175606.0,95846588.0,344400993.0,249,0.09111123265547612,ALTA,2026-08,DADO_CALCULADO_SOBRE_DADOS_OFICIAIS
2025-08,Acessórios Pessoais e Artigos de Uso Pessoal,18367289.0,192231065.0,4846670.0,215445024.0,56,0.08525278820085443,ALTA,2026-08,DADO_CALCULADO_SOBRE_DADOS_OFICIAIS
2025-08,Adubos e Fertilizantes,1696072904.0,120075175.0,1940198212.0,3756346291.0,34,0.4515219771041072,FORA_DAS_FAIXAS_NT,2026-08,DADO_CALCULADO_SOBRE_DADOS_OFICIAIS
2025-08,Aeronaves e Espaço,318638.0,8548568.0,767341.0,9634547.0,26,0.03307244232655671,CRITICA,2026-08,DADO_CALCULADO_SOBRE_DADOS_OFICIAIS
2025-08,Alumínio e Suas Obras,168283368.0,353356339.0,12968112.0,534607819.0,56,0.31477909977968355,FORA_DAS_FAIXAS_NT,2026-08,DADO_CALCULADO_SOBRE_DADOS_OFICIAIS
2025-08,Animais Vivos e Genética,17909295.0,98405997.0,0.0,116315292.0,49,0.15397197300592255,MEDIA,2026-08,DADO_CALCULADO_SOBRE_DADOS_OFICIAIS
2025-08,Aparelhos Telefônicos,2334017.0,341722836.0,6053751.0,350110604.0,51,0.006666513305606705,CRITICA,2026-08,DADO_CALCULADO_SOBRE_DADOS_OFICIAIS
2025-08,Armas e Munições,20478180.0,20509381.0,0.0,40987561.0,27,0.4996193845249782,FORA_DAS_FAIXAS_NT,2026-08,DADO_CALCULADO_SOBRE_DADOS_OFICIAIS
2025-08,Artefatos de Metal Diversos,78528880.0,93487511.0,20592441.0,192608832.0,40,0.40771172943928136,FORA_DAS_FAIXAS_NT,2026-08,DADO_CALCULADO_SOBRE_DADOS_OFICIAIS
2025-08,"Açúcares, Sacarídeos e Produtos de Confeitaria (sem cacau)",54758694.0,250473548.0,691060.0,305923302.0,30,0.17899484492358153,MEDIA,2026-08,DADO_CALCULADO_SOBRE_DADOS_OFICIAIS
2025-08,Bebidas Alcoólicas,243677952.0,186491648.0,21354572.0,451524172.0,27,0.5396786420550703,FORA_DAS_FAIXAS_NT,2026-08,DADO_CALCULADO_SOBRE_DADOS_OFICIAIS
2025-08,Bebidas Não Alcoólicas (Exceto Sucos),318299863.0,123895557.0,3161817.0,445357237.0,6,0.7147068388157797,FORA_DAS_FAIXAS_NT,2026-08,DADO_CALCULADO_SOBRE_DADOS_OFICIAIS
2025-08,Biodiesel,384568100.0,3678931.0,0.0,388247031.0,1,0.9905242520708419,FORA_DAS_FAIXAS_NT,2026-08,DADO_CALCULADO_SOBRE_DADOS_OFICIAIS
2025-08,Borracha e Suas Obras (Exceto Pneumáticos),73668437.0,204373681.0,45926674.0,323968792.0,89,0.22739362191405152,MEDIA,2026-08,DADO_CALCULADO_SOBRE_DADOS_OFICIAIS
2025-08,"Brinquedos, Jogos e Artigos de Lazer",13261623.0,213244868.0,15393018.0,241899509.0,77,0.054822860347351926,ALTA,2026-08,DADO_CALCULADO_SOBRE_DADOS_OFICIAIS
2025-08,Cabos e Fios,34146815.0,295165639.0,13605712.0,342918166.0,14,0.09957715392657267,ALTA,2026-08,DADO_CALCULADO_SOBRE_DADOS_OFICIAIS
2025-08,Cacau e Preparações,48947737.0,180494716.0,249380.0,229691833.0,13,0.21310177362727564,MEDIA,2026-08,DADO_CALCULADO_SOBRE_DADOS_OFICIAIS
2025-08,Café,1404412.0,123785196.0,0.0,125189608.0,10,0.011218279395842504,CRITICA,2026-08,DADO_CALCULADO_SOBRE_DADOS_OFICIAIS
2025-08,Calçados,476153345.0,369493234.0,5280149.0,850926728.0,37,0.559570324132538,FORA_DAS_FAIXAS_NT,2026-08,DADO_CALCULADO_SOBRE_DADOS_OFICIAIS
2025-08,Carnes Preparadas (Defumadas/Salgadas),9843052.0,20114107.0,0.0,29957159.0,7,0.32857094359314915,FORA_DAS_FAIXAS_NT,2026-08,DADO_CALCULADO_SOBRE_DADOS_OFICIAIS
2025-08,Carnes de Bovinos,723827557.0,370656271.0,0.0,1094483828.0,16,0.6613414821511643,FORA_DAS_FAIXAS_NT,2026-08,DADO_CALCULADO_SOBRE_DADOS_OFICIAIS
2025-08,Carnes de Espécies Exóticas/Diversas e Subprodutos,2491604.0,198052.0,0.0,2689656.0,9,0.9263653047081114,FORA_DAS_FAIXAS_NT,2026-08,DADO_CALCULADO_SOBRE_DADOS_OFICIAIS
2025-08,Carnes de Frango,313205132.0,156615840.0,1099045.0,470920017.0,22,0.6650919916194601,FORA_DAS_FAIXAS_NT,2026-08,DADO_CALCULADO_SOBRE_DADOS_OFICIAIS
2025-08,Carnes de Outras Aves (Exceto Frango),0.0,126742.0,0.0,126742.0,11,0.0,CRITICA,2026-08,DADO_CALCULADO_SOBRE_DADOS_OFICIAIS
2025-08,Carnes de Ovinos e Caprinos,4882716.0,997236.0,0.0,5879952.0,13,0.8304006563318884,FORA_DAS_FAIXAS_NT,2026-08,DADO_CALCULADO_SOBRE_DADOS_OFICIAIS
2025-08,Carnes de Suínos,127689620.0,71925064.0,0.0,199614684.0,10,0.6396804956493081,FORA_DAS_FAIXAS_NT,2026-08,DADO_CALCULADO_SOBRE_DADOS_OFICIAIS
2025-08,Cereais e Grãos (exceto soja),163544030.0,760376584.0,94123537.0,1018044151.0,41,0.160645321560322,MEDIA,2026-08,DADO_CALCULADO_SOBRE_DADOS_OFICIAIS
2025-08,Chás e Especiarias,8933253.0,9875955.0,26532.0,18835740.0,41,0.47427141168863024,FORA_DAS_FAIXAS_NT,2026-08,DADO_CALCULADO_SOBRE_DADOS_OFICIAIS
2025-08,Combustíveis e Derivados de Petróleo,255710255.0,289649520.0,9948689.0,555308464.0,64,0.4604832657475936,FORA_DAS_FAIXAS_NT,2026-08,DADO_CALCULADO_SOBRE_DADOS_OFICIAIS
2025-08,Componentes Elétricos e Eletrônicos,130387784.0,588207299.0,136743390.0,855338473.0,328,0.1524399850069646,MEDIA,2026-08,DADO_CALCULADO_SOBRE_DADOS_OFICIAIS
2025-08,Conservas de Frutas e Hortícolas,40903135.0,134478480.0,8675514.0,184057129.0,48,0.22223064774633097,MEDIA,2026-08,DADO_CALCULADO_SOBRE_DADOS_OFICIAIS
2025-08,Couros e Suas Obras,149543382.0,114497042.0,17867072.0,281907496.0,103,0.5304696899581557,FORA_DAS_FAIXAS_NT,2026-08,DADO_CALCULADO_SOBRE_DADOS_OFICIAIS
2025-08,Eletrodomésticos (Linha Branca + Portáteis),118924080.0,639710824.0,46631555.0,805266459.0,106,0.14768289262622822,ALTA,2026-08,DADO_CALCULADO_SOBRE_DADOS_OFICIAIS
2025-08,Eletrônicos de Consumo – Comunicação/Imagem,1315893.0,155647298.0,31364152.0,188327343.0,50,0.006987264722361638,CRITICA,2026-08,DADO_CALCULADO_SOBRE_DADOS_OFICIAIS
2025-08,Eletrônicos de Consumo – Informática/TIC,3521090.0,272006355.0,10278786.0,285806231.0,140,0.012319850367433032,CRITICA,2026-08,DADO_CALCULADO_SOBRE_DADOS_OFICIAIS
2025-08,Eletrônicos de Consumo – Áudio/Vídeo,3751966.0,53187703.0,59418540.0,116358209.0,32,0.032244961762861096,CRITICA,2026-08,DADO_CALCULADO_SOBRE_DADOS_OFICIAIS
2025-08,Embarcações e Estruturas Flutuantes,206509.0,2633524.0,0.0,2840033.0,26,0.07271359170826536,ALTA,2026-08,DADO_CALCULADO_SOBRE_DADOS_OFICIAIS
2025-08,Erva-mate,33281671.0,38872315.0,0.0,72153986.0,2,0.46125893862606565,FORA_DAS_FAIXAS_NT,2026-08,DADO_CALCULADO_SOBRE_DADOS_OFICIAIS
2025-08,Etanol e Álcool Etílico,2312382.0,724866561.0,0.0,727178943.0,5,0.0031799353133909435,CRITICA,2026-08,DADO_CALCULADO_SOBRE_DADOS_OFICIAIS
2025-08,Explosivos e Pirotecnia,6302.0,6786764.0,0.0,6793066.0,14,0.0009277106979381622,CRITICA,2026-08,DADO_CALCULADO_SOBRE_DADOS_OFICIAIS
2025-08,"Farinha, Malte e Preparações de Cereais",204877815.0,104416068.0,11974385.0,321268268.0,37,0.6377156893689856,FORA_DAS_FAIXAS_NT,2026-08,DADO_CALCULADO_SOBRE_DADOS_OFICIAIS
2025-08,"Feltros, Passamanarias, Têxteis Técnicos",15716896.0,47030745.0,2122798.0,64870439.0,71,0.24228132632183974,MEDIA,2026-08,DADO_CALCULADO_SOBRE_DADOS_OFICIAIS
2025-08,Ferramentas e Cutelaria (Metais Comuns),46585736.0,107259214.0,27208606.0,181053556.0,85,0.25730362346487134,MEDIA,2026-08,DADO_CALCULADO_SOBRE_DADOS_OFICIAIS
2025-08,Fibras Sintéticas/Descontínuas – Têxteis,3822694.0,18516584.0,1906879.0,24246157.0,120,0.15766185131936578,MEDIA,2026-08,DADO_CALCULADO_SOBRE_DADOS_OFICIAIS
2025-08,Filamentos Sintéticos – Têxteis Técnicos,15362287.0,74005444.0,1211858.0,90579589.0,93,0.16959987530965723,MEDIA,2026-08,DADO_CALCULADO_SOBRE_DADOS_OFICIAIS
2025-08,Frutas e Hortícolas,22120366.0,273422839.0,50366423.0,345909628.0,173,0.06394839637132044,ALTA,2026-08,DADO_CALCULADO_SOBRE_DADOS_OFICIAIS
2025-08,Instrumentos Musicais,76595.0,13340816.0,0.0,13417411.0,19,0.005708627394659074,CRITICA,2026-08,DADO_CALCULADO_SOBRE_DADOS_OFICIAIS
2025-08,Instrumentos Médicos,17328441.0,279729173.0,25243620.0,322301234.0,116,0.05376473674934797,ALTA,2026-08,DADO_CALCULADO_SOBRE_DADOS_OFICIAIS
2025-08,"Joias, Bijuterias, Metais Preciosos e Relógios",12798123.0,49007154.0,4533373.0,66338650.0,109,0.1929210648694238,MEDIA,2026-08,DADO_CALCULADO_SOBRE_DADOS_OFICIAIS
2025-08,Laticínios,496744738.0,250622490.0,376845.0,747744073.0,43,0.6643245408914127,FORA_DAS_FAIXAS_NT,2026-08,DADO_CALCULADO_SOBRE_DADOS_OFICIAIS
2025-08,Madeira e Cortiça - Produtos e Obras,270631132.0,251554677.0,4583995.0,526769804.0,148,0.5137559707199921,FORA_DAS_FAIXAS_NT,2026-08,DADO_CALCULADO_SOBRE_DADOS_OFICIAIS
2025-08,Massas e Panificação,236958248.0,325476614.0,3349549.0,565784411.0,21,0.41881367424243154,FORA_DAS_FAIXAS_NT,2026-08,DADO_CALCULADO_SOBRE_DADOS_OFICIAIS
2025-08,Material Ferroviário e Contêineres,2339280.0,3422366.0,0.0,5761646.0,19,0.40600897729572416,FORA_DAS_FAIXAS_NT,2026-08,DADO_CALCULADO_SOBRE_DADOS_OFICIAIS
2025-08,Medicamentos,11463606.0,1294905568.0,281500.0,1306650674.0,215,0.008773275235765118,CRITICA,2026-08,DADO_CALCULADO_SOBRE_DADOS_OFICIAIS
2025-08,Mel e Outros Produtos Comestíveis de Origem Animal,2134165.0,1552158.0,0.0,3686323.0,3,0.578941400414451,FORA_DAS_FAIXAS_NT,2026-08,DADO_CALCULADO_SOBRE_DADOS_OFICIAIS
2025-08,"Metais Não Ferrosos e Suas Obras (NCMs dos Caps. 74, 75, 78, 79, 80, 81)",37972256.0,117105904.0,1209500.0,156287660.0,170,0.24296387827420285,MEDIA,2026-08,DADO_CALCULADO_SOBRE_DADOS_OFICIAIS
2025-08,Minerais e Materiais de Mineração (Não Metálicos),106125058.0,167489894.0,2841900.0,276456852.0,79,0.38387566534252515,FORA_DAS_FAIXAS_NT,2026-08,DADO_CALCULADO_SOBRE_DADOS_OFICIAIS
2025-08,Minérios e Subprodutos da Metalurgia (NCMs do Cap. 26),1185482.0,188912.0,0.0,1374394.0,31,0.8625488760864788,FORA_DAS_FAIXAS_NT,2026-08,DADO_CALCULADO_SOBRE_DADOS_OFICIAIS
2025-08,Mobiliário e Iluminação,473144950.0,401995178.0,13534218.0,888674346.0,102,0.5324165732134232,FORA_DAS_FAIXAS_NT,2026-08,DADO_CALCULADO_SOBRE_DADOS_OFICIAIS
2025-08,Motocicletas,0.0,65496013.0,0.0,65496013.0,9,0.0,CRITICA,2026-08,DADO_CALCULADO_SOBRE_DADOS_OFICIAIS
2025-08,Máquinas e Equipamentos Industriais,694073773.0,1610110201.0,320442445.0,2624626419.0,803,0.2644466915274162,MEDIA,2026-08,DADO_CALCULADO_SOBRE_DADOS_OFICIAIS
2025-08,Máquinas e Implementos Agrícolas,275513020.0,177098356.0,36568730.0,489180106.0,39,0.5632138687177111,FORA_DAS_FAIXAS_NT,2026-08,DADO_CALCULADO_SOBRE_DADOS_OFICIAIS
2025-08,Objetos de Arte e Coleções,826811.0,4502512.0,0.0,5329323.0,23,0.15514372088162043,MEDIA,2026-08,DADO_CALCULADO_SOBRE_DADOS_OFICIAIS
2025-08,Obras de Espartaria e Cestaria,33552.0,2240282.0,0.0,2273834.0,11,0.014755694566973666,CRITICA,2026-08,DADO_CALCULADO_SOBRE_DADOS_OFICIAIS
2025-08,Obras de Ferro ou Aço,435645459.0,486994455.0,59324194.0,981964108.0,153,0.44364702889934954,FORA_DAS_FAIXAS_NT,2026-08,DADO_CALCULADO_SOBRE_DADOS_OFICIAIS
2025-08,Outras Fibras Têxteis Vegetais,24511.0,2399558.0,0.0,2424069.0,28,0.01011151085220759,CRITICA,2026-08,DADO_CALCULADO_SOBRE_DADOS_OFICIAIS
2025-08,Outros,0.0,4159.0,0.0,4159.0,9,0.0,CRITICA,2026-08,DADO_CALCULADO_SOBRE_DADOS_OFICIAIS
2025-08,Ovos,15202400.0,25945342.0,0.0,41147742.0,9,0.3694589122290112,FORA_DAS_FAIXAS_NT,2026-08,DADO_CALCULADO_SOBRE_DADOS_OFICIAIS
2025-08,Papel e Papelão,323435144.0,560332759.0,2800321.0,886568224.0,176,0.3648169822066621,FORA_DAS_FAIXAS_NT,2026-08,DADO_CALCULADO_SOBRE_DADOS_OFICIAIS
2025-08,Pasta Química e Pasta Mecânica,1496629.0,10378804.0,0.0,11875433.0,18,0.1260273204353896,ALTA,2026-08,DADO_CALCULADO_SOBRE_DADOS_OFICIAIS
2025-08,Perfumaria e Cosméticos,31544959.0,495803588.0,7241215.0,534589762.0,58,0.059007787358262204,ALTA,2026-08,DADO_CALCULADO_SOBRE_DADOS_OFICIAIS
2025-08,Pescados e Frutos do Mar,2924898.0,43586240.0,5771418.0,52282556.0,194,0.05594405139641604,ALTA,2026-08,DADO_CALCULADO_SOBRE_DADOS_OFICIAIS
2025-08,Pescados e Frutos do Mar - Preparações e Conservas,388848.0,9129515.0,0.0,9518363.0,29,0.04085240287641898,CRITICA,2026-08,DADO_CALCULADO_SOBRE_DADOS_OFICIAIS
2025-08,Peças e Acessórios Automotivos,579574932.0,1152497204.0,333613243.0,2065685379.0,128,0.2805727038067011,MEDIA,2026-08,DADO_CALCULADO_SOBRE_DADOS_OFICIAIS
2025-08,Plantas Vivas e Floricultura,133250.0,115251733.0,0.0,115384983.0,30,0.0011548296540460556,CRITICA,2026-08,DADO_CALCULADO_SOBRE_DADOS_OFICIAIS
2025-08,Plásticos e Suas Obras,681523131.0,1304593365.0,152994347.0,2139110843.0,313,0.31860112963767534,FORA_DAS_FAIXAS_NT,2026-08,DADO_CALCULADO_SOBRE_DADOS_OFICIAIS
2025-08,"Pneumáticos, Câmaras e Protetores",13296808.0,318521356.0,5053128.0,336871292.0,22,0.039471478620386566,CRITICA,2026-08,DADO_CALCULADO_SOBRE_DADOS_OFICIAIS
2025-08,"Preparações Alimentícias Diversas (Molhos, Condimentos, etc)",27161447.0,260279115.0,1171643.0,288612205.0,23,0.09411052800071293,ALTA,2026-08,DADO_CALCULADO_SOBRE_DADOS_OFICIAIS
2025-08,Preparações de Carne,143284489.0,116637220.0,4659.0,259926368.0,15,0.5512503025472199,FORA_DAS_FAIXAS_NT,2026-08,DADO_CALCULADO_SOBRE_DADOS_OFICIAIS
2025-08,"Preparações, Suplementos e Complementos alimentares",13319663.0,178163159.0,2304508.0,193787330.0,26,0.06873340481031448,ALTA,2026-08,DADO_CALCULADO_SOBRE_DADOS_OFICIAIS
2025-08,"Produtos Cerâmicos, Porcelana e Refratários",42678894.0,288229704.0,822399.0,331730997.0,57,0.1286551283599223,ALTA,2026-08,DADO_CALCULADO_SOBRE_DADOS_OFICIAIS
2025-08,"Produtos Editoriais, Impressos e Materiais Gráficos",32460654.0,188401260.0,523521.0,221385435.0,43,0.1466250659172768,ALTA,2026-08,DADO_CALCULADO_SOBRE_DADOS_OFICIAIS
2025-08,Produtos Farmacêuticos,2830606.0,85206528.0,1733604.0,89770738.0,44,0.03153149971876136,CRITICA,2026-08,DADO_CALCULADO_SOBRE_DADOS_OFICIAIS
2025-08,Produtos Fotográficos,279072.0,6476297.0,0.0,6755369.0,45,0.041311140812589214,CRITICA,2026-08,DADO_CALCULADO_SOBRE_DADOS_OFICIAIS
2025-08,"Produtos Minerais: Pedra, Cimento, Gesso, Amianto e Abrasivos",193043064.0,137200454.0,4521677.0,334765195.0,66,0.576652133744071,FORA_DAS_FAIXAS_NT,2026-08,DADO_CALCULADO_SOBRE_DADOS_OFICIAIS
2025-08,Produtos Químicos Diversos,136365578.0,1312817533.0,40695298.0,1489878409.0,242,0.09152799126173523,ALTA,2026-08,DADO_CALCULADO_SOBRE_DADOS_OFICIAIS
2025-08,Produtos de Origem Animal (Não Alimentares),26104253.0,12804034.0,0.0,38908287.0,31,0.6709175605700657,FORA_DAS_FAIXAS_NT,2026-08,DADO_CALCULADO_SOBRE_DADOS_OFICIAIS
2025-08,Químicos Inorgânicos,65449641.0,198177778.0,3021380.0,266648799.0,295,0.2454525999946469,MEDIA,2026-08,DADO_CALCULADO_SOBRE_DADOS_OFICIAIS
2025-08,Químicos Orgânicos,300869842.0,176893139.0,35444154.0,513207135.0,827,0.5862542070854101,FORA_DAS_FAIXAS_NT,2026-08,DADO_CALCULADO_SOBRE_DADOS_OFICIAIS
2025-08,Resíduos para Alimentação Animal,646546344.0,352122328.0,0.0,998668672.0,38,0.6474082567396287,FORA_DAS_FAIXAS_NT,2026-08,DADO_CALCULADO_SOBRE_DADOS_OFICIAIS
2025-08,"Sabões e Preparações de Limpeza, Ceras e Pastas",98215819.0,294588145.0,16382013.0,409185977.0,56,0.24002733358577438,MEDIA,2026-08,DADO_CALCULADO_SOBRE_DADOS_OFICIAIS
2025-08,Siderurgia – Ferro e Aço,629345082.0,925498064.0,45811954.0,1600655100.0,206,0.3931796937391447,FORA_DAS_FAIXAS_NT,2026-08,DADO_CALCULADO_SOBRE_DADOS_OFICIAIS
2025-08,"Soja, Oleaginosas e Sementes",23352046.0,194847396.0,1016016.0,219215458.0,40,0.10652554438017779,ALTA,2026-08,DADO_CALCULADO_SOBRE_DADOS_OFICIAIS
2025-08,Sucos e Bebidas à Base de Frutas/Vegetais,30367269.0,9696003.0,1199483.0,41262755.0,23,0.735948653937431,FORA_DAS_FAIXAS_NT,2026-08,DADO_CALCULADO_SOBRE_DADOS_OFICIAIS
2025-08,Tabaco e Sucedâneos,129973626.0,265428250.0,11428772.0,406830648.0,24,0.3194784528622829,FORA_DAS_FAIXAS_NT,2026-08,DADO_CALCULADO_SOBRE_DADOS_OFICIAIS
2025-08,Tecidos Impregnados/Revestidos/Laminados,26568880.0,39847371.0,13801174.0,80217425.0,26,0.33121083106320104,FORA_DAS_FAIXAS_NT,2026-08,DADO_CALCULADO_SOBRE_DADOS_OFICIAIS
2025-08,Tecidos Sintéticos (Inclusive Malhas),18209154.0,63863304.0,1449705.0,83522163.0,82,0.2180158337135019,MEDIA,2026-08,DADO_CALCULADO_SOBRE_DADOS_OFICIAIS
2025-08,"Tintas, Pigmentos e Corantes",105714751.0,242471503.0,15600126.0,363786380.0,93,0.2905956814545943,MEDIA,2026-08,DADO_CALCULADO_SOBRE_DADOS_OFICIAIS
2025-08,Toucinho e Gorduras Não Fundidas,3419500.0,4355374.0,0.0,7774874.0,5,0.4398142014905965,FORA_DAS_FAIXAS_NT,2026-08,DADO_CALCULADO_SOBRE_DADOS_OFICIAIS
2025-08,Tratores,4484199.0,295359069.0,0.0,299843268.0,13,0.01495514316499512,CRITICA,2026-08,DADO_CALCULADO_SOBRE_DADOS_OFICIAIS
2025-08,"Têxteis Naturais (Algodão, Lã, Seda e Afins)",59124956.0,217855979.0,3187506.0,280168441.0,324,0.2110336046021686,MEDIA,2026-08,DADO_CALCULADO_SOBRE_DADOS_OFICIAIS
2025-08,Vacinas e Soros,0.0,730788497.0,0.0,730788497.0,40,0.0,CRITICA,2026-08,DADO_CALCULADO_SOBRE_DADOS_OFICIAIS
2025-08,Vestuário Tecido (Plano),48828989.0,358618338.0,27502.0,407474829.0,117,0.11983314188960614,ALTA,2026-08,DADO_CALCULADO_SOBRE_DADOS_OFICIAIS
2025-08,Vestuário de Malha,77253174.0,489273447.0,193577.0,566720198.0,139,0.13631625319272633,ALTA,2026-08,DADO_CALCULADO_SOBRE_DADOS_OFICIAIS
2025-08,Veículos Comerciais (Caminhões e Carga) e Ônibus,185414438.0,460460901.0,7128256.0,653003595.0,48,0.28394091459787446,MEDIA,2026-08,DADO_CALCULADO_SOBRE_DADOS_OFICIAIS
2025-08,Veículos Leves e de Passageiros,0.0,1089616522.0,0.0,1089616522.0,21,0.0,CRITICA,2026-08,DADO_CALCULADO_SOBRE_DADOS_OFICIAIS
2025-08,Vidro e Suas Obras,101692934.0,166710192.0,14866099.0,283269225.0,88,0.35899746610313915,FORA_DAS_FAIXAS_NT,2026-08,DADO_CALCULADO_SOBRE_DADOS_OFICIAIS
2025-08,Óleos Brutos de Petróleo,0.0,0.0,788942186.0,788942186.0,2,0.0,CRITICA,2026-08,DADO_CALCULADO_SOBRE_DADOS_OFICIAIS
2025-08,Óleos e Gorduras Vegetais/animais,277244081.0,289007797.0,2826409.0,569078287.0,64,0.4871809157603653,FORA_DAS_FAIXAS_NT,2026-08,DADO_CALCULADO_SOBRE_DADOS_OFICIAIS
2025-08,"Óptica, Instrumentos e Aparelhos de Precisão",33113841.0,198120103.0,74470125.0,305704069.0,248,0.10831992229714156,ALTA,2026-08,DADO_CALCULADO_SOBRE_DADOS_OFICIAIS
2025-09,Acessórios Pessoais e Artigos de Uso Pessoal,18252922.0,195803461.0,5023348.0,219079731.0,58,0.08331634294365643,ALTA,2026-08,DADO_CALCULADO_SOBRE_DADOS_OFICIAIS
2025-09,Adubos e Fertilizantes,1835558961.0,130490471.0,1490920003.0,3456969435.0,35,0.5309734423498019,FORA_DAS_FAIXAS_NT,2026-08,DADO_CALCULADO_SOBRE_DADOS_OFICIAIS
2025-09,Aeronaves e Espaço,1344768.0,14967021.0,1629518.0,17941307.0,34,0.07495373664806025,ALTA,2026-08,DADO_CALCULADO_SOBRE_DADOS_OFICIAIS
2025-09,Alumínio e Suas Obras,183637556.0,365709129.0,14656753.0,564003438.0,55,0.32559651879285173,FORA_DAS_FAIXAS_NT,2026-08,DADO_CALCULADO_SOBRE_DADOS_OFICIAIS
2025-09,Animais Vivos e Genética,27883171.0,124601352.0,0.0,152484523.0,49,0.1828590236662904,MEDIA,2026-08,DADO_CALCULADO_SOBRE_DADOS_OFICIAIS
2025-09,Aparelhos Telefônicos,2740496.0,455216136.0,11163802.0,469120434.0,55,0.005841774950267888,CRITICA,2026-08,DADO_CALCULADO_SOBRE_DADOS_OFICIAIS
2025-09,Armas e Munições,23630184.0,21000118.0,2517733.0,47148035.0,28,0.5011912797638333,FORA_DAS_FAIXAS_NT,2026-08,DADO_CALCULADO_SOBRE_DADOS_OFICIAIS
2025-09,Artefatos de Metal Diversos,85661252.0,95678943.0,24095936.0,205436131.0,40,0.4169726697199141,FORA_DAS_FAIXAS_NT,2026-08,DADO_CALCULADO_SOBRE_DADOS_OFICIAIS
2025-09,"Açúcares, Sacarídeos e Produtos de Confeitaria (sem cacau)",63734835.0,260048430.0,459622.0,324242887.0,30,0.19656509843498896,MEDIA,2026-08,DADO_CALCULADO_SOBRE_DADOS_OFICIAIS
2025-09,Bebidas Alcoólicas,344049690.0,212860161.0,24429578.0,581339429.0,27,0.5918223895320887,FORA_DAS_FAIXAS_NT,2026-08,DADO_CALCULADO_SOBRE_DADOS_OFICIAIS
2025-09,Bebidas Não Alcoólicas (Exceto Sucos),328638398.0,152668422.0,2899180.0,484206000.0,5,0.6787160795198738,FORA_DAS_FAIXAS_NT,2026-08,DADO_CALCULADO_SOBRE_DADOS_OFICIAIS
2025-09,Biodiesel,367784572.0,4723561.0,0.0,372508133.0,1,0.9873195761876158,FORA_DAS_FAIXAS_NT,2026-08,DADO_CALCULADO_SOBRE_DADOS_OFICIAIS
2025-09,Borracha e Suas Obras (Exceto Pneumáticos),68424492.0,204039059.0,33839254.0,306302805.0,89,0.22338839502302305,MEDIA,2026-08,DADO_CALCULADO_SOBRE_DADOS_OFICIAIS
2025-09,"Brinquedos, Jogos e Artigos de Lazer",15332922.0,223423003.0,12049363.0,250805288.0,77,0.06113476363385129,ALTA,2026-08,DADO_CALCULADO_SOBRE_DADOS_OFICIAIS
2025-09,Cabos e Fios,35871780.0,302585858.0,12354948.0,350812586.0,15,0.10225340090848394,ALTA,2026-08,DADO_CALCULADO_SOBRE_DADOS_OFICIAIS
2025-09,Cacau e Preparações,44904161.0,184259812.0,2250149.0,231414122.0,13,0.19404244050412792,MEDIA,2026-08,DADO_CALCULADO_SOBRE_DADOS_OFICIAIS
2025-09,Café,1090889.0,195932357.0,0.0,197023246.0,10,0.00553685426540988,CRITICA,2026-08,DADO_CALCULADO_SOBRE_DADOS_OFICIAIS
2025-09,Calçados,507115762.0,367890529.0,11403910.0,886410201.0,36,0.5721005482878011,FORA_DAS_FAIXAS_NT,2026-08,DADO_CALCULADO_SOBRE_DADOS_OFICIAIS
2025-09,Carnes Preparadas (Defumadas/Salgadas),9466504.0,22552133.0,0.0,32018637.0,6,0.2956560580639332,MEDIA,2026-08,DADO_CALCULADO_SOBRE_DADOS_OFICIAIS
2025-09,Carnes de Bovinos,757122335.0,381900436.0,0.0,1139022771.0,16,0.6647122026676322,FORA_DAS_FAIXAS_NT,2026-08,DADO_CALCULADO_SOBRE_DADOS_OFICIAIS
2025-09,Carnes de Espécies Exóticas/Diversas e Subprodutos,2744223.0,364558.0,0.0,3108781.0,8,0.8827328139228849,FORA_DAS_FAIXAS_NT,2026-08,DADO_CALCULADO_SOBRE_DADOS_OFICIAIS
2025-09,Carnes de Frango,325638284.0,162344635.0,0.0,487982919.0,23,0.6673149229635228,FORA_DAS_FAIXAS_NT,2026-08,DADO_CALCULADO_SOBRE_DADOS_OFICIAIS
2025-09,Carnes de Outras Aves (Exceto Frango),0.0,120085.0,0.0,120085.0,13,0.0,CRITICA,2026-08,DADO_CALCULADO_SOBRE_DADOS_OFICIAIS
2025-09,Carnes de Ovinos e Caprinos,4029742.0,2379796.0,0.0,6409538.0,13,0.6287102128109702,FORA_DAS_FAIXAS_NT,2026-08,DADO_CALCULADO_SOBRE_DADOS_OFICIAIS
2025-09,Carnes de Suínos,129377608.0,75359928.0,0.0,204737536.0,10,0.6319193369602729,FORA_DAS_FAIXAS_NT,2026-08,DADO_CALCULADO_SOBRE_DADOS_OFICIAIS
2025-09,Cereais e Grãos (exceto soja),151390164.0,553640325.0,107703390.0,812733879.0,42,0.1862727368843941,MEDIA,2026-08,DADO_CALCULADO_SOBRE_DADOS_OFICIAIS
2025-09,Chás e Especiarias,7152065.0,11188655.0,0.0,18340720.0,42,0.38995551973968307,FORA_DAS_FAIXAS_NT,2026-08,DADO_CALCULADO_SOBRE_DADOS_OFICIAIS
2025-09,Combustíveis e Derivados de Petróleo,275527125.0,243505436.0,25531186.0,544563747.0,63,0.5059593601628424,FORA_DAS_FAIXAS_NT,2026-08,DADO_CALCULADO_SOBRE_DADOS_OFICIAIS
2025-09,Componentes Elétricos e Eletrônicos,135920272.0,593319781.0,114793574.0,844033627.0,328,0.1610365602175232,MEDIA,2026-08,DADO_CALCULADO_SOBRE_DADOS_OFICIAIS
2025-09,Conservas de Frutas e Hortícolas,48943823.0,141382073.0,15070070.0,205395966.0,49,0.23829008891050957,MEDIA,2026-08,DADO_CALCULADO_SOBRE_DADOS_OFICIAIS
2025-09,Couros e Suas Obras,152194392.0,121405856.0,16190624.0,289790872.0,104,0.5251869769038136,FORA_DAS_FAIXAS_NT,2026-08,DADO_CALCULADO_SOBRE_DADOS_OFICIAIS
2025-09,Eletrodomésticos (Linha Branca + Portáteis),133804047.0,684332659.0,41191312.0,859328018.0,106,0.15570776722888138,MEDIA,2026-08,DADO_CALCULADO_SOBRE_DADOS_OFICIAIS
2025-09,Eletrônicos de Consumo – Comunicação/Imagem,2137272.0,180377231.0,28898653.0,211413156.0,54,0.010109456007553285,CRITICA,2026-08,DADO_CALCULADO_SOBRE_DADOS_OFICIAIS
2025-09,Eletrônicos de Consumo – Informática/TIC,6163456.0,290420492.0,9450245.0,306034193.0,138,0.02013976261796341,CRITICA,2026-08,DADO_CALCULADO_SOBRE_DADOS_OFICIAIS
2025-09,Eletrônicos de Consumo – Áudio/Vídeo,4077221.0,55194649.0,82497875.0,141769745.0,30,0.028759457809562964,CRITICA,2026-08,DADO_CALCULADO_SOBRE_DADOS_OFICIAIS
2025-09,Embarcações e Estruturas Flutuantes,729765.0,2864250.0,0.0,3594015.0,27,0.20305007074260958,MEDIA,2026-08,DADO_CALCULADO_SOBRE_DADOS_OFICIAIS
2025-09,Erva-mate,34503479.0,40364164.0,0.0,74867643.0,2,0.46085969341922517,FORA_DAS_FAIXAS_NT,2026-08,DADO_CALCULADO_SOBRE_DADOS_OFICIAIS
2025-09,Etanol e Álcool Etílico,2391888.0,619947788.0,0.0,622339676.0,5,0.0038433802186187468,CRITICA,2026-08,DADO_CALCULADO_SOBRE_DADOS_OFICIAIS
2025-09,Explosivos e Pirotecnia,0.0,2603704.0,0.0,2603704.0,15,0.0,CRITICA,2026-08,DADO_CALCULADO_SOBRE_DADOS_OFICIAIS
2025-09,"Farinha, Malte e Preparações de Cereais",203234351.0,103371223.0,10577632.0,317183206.0,35,0.640747514860544,FORA_DAS_FAIXAS_NT,2026-08,DADO_CALCULADO_SOBRE_DADOS_OFICIAIS
2025-09,"Feltros, Passamanarias, Têxteis Técnicos",16518823.0,46295756.0,863091.0,63677670.0,74,0.2594131192300221,MEDIA,2026-08,DADO_CALCULADO_SOBRE_DADOS_OFICIAIS
2025-09,Ferramentas e Cutelaria (Metais Comuns),50420838.0,108951833.0,21624795.0,180997466.0,85,0.27857206575477694,MEDIA,2026-08,DADO_CALCULADO_SOBRE_DADOS_OFICIAIS
2025-09,Fibras Sintéticas/Descontínuas – Têxteis,4205469.0,19132801.0,4332691.0,27670961.0,124,0.1519813135510545,MEDIA,2026-08,DADO_CALCULADO_SOBRE_DADOS_OFICIAIS
2025-09,Filamentos Sintéticos – Têxteis Técnicos,15634963.0,70558850.0,1073100.0,87266913.0,90,0.17916255385360086,MEDIA,2026-08,DADO_CALCULADO_SOBRE_DADOS_OFICIAIS
2025-09,Frutas e Hortícolas,24019479.0,319669710.0,64620761.0,408309950.0,171,0.05882658259981174,ALTA,2026-08,DADO_CALCULADO_SOBRE_DADOS_OFICIAIS
2025-09,Instrumentos Musicais,101321.0,12894995.0,202055.0,13198371.0,19,0.007676780717862834,CRITICA,2026-08,DADO_CALCULADO_SOBRE_DADOS_OFICIAIS
2025-09,Instrumentos Médicos,16328339.0,305723229.0,31891089.0,353942657.0,117,0.0461327242621677,CRITICA,2026-08,DADO_CALCULADO_SOBRE_DADOS_OFICIAIS
2025-09,"Joias, Bijuterias, Metais Preciosos e Relógios",16137820.0,124260952.0,4951829.0,145350601.0,111,0.11102685430244626,ALTA,2026-08,DADO_CALCULADO_SOBRE_DADOS_OFICIAIS
2025-09,Laticínios,498323233.0,263391124.0,0.0,761714357.0,44,0.6542127352865426,FORA_DAS_FAIXAS_NT,2026-08,DADO_CALCULADO_SOBRE_DADOS_OFICIAIS
2025-09,Madeira e Cortiça - Produtos e Obras,252098786.0,286948303.0,3568769.0,542615858.0,147,0.4645990018227591,FORA_DAS_FAIXAS_NT,2026-08,DADO_CALCULADO_SOBRE_DADOS_OFICIAIS
2025-09,Massas e Panificação,248223206.0,345238177.0,2420396.0,595881779.0,21,0.41656451790918075,FORA_DAS_FAIXAS_NT,2026-08,DADO_CALCULADO_SOBRE_DADOS_OFICIAIS
2025-09,Material Ferroviário e Contêineres,2849547.0,5311271.0,0.0,8160818.0,21,0.34917418817574414,FORA_DAS_FAIXAS_NT,2026-08,DADO_CALCULADO_SOBRE_DADOS_OFICIAIS
2025-09,Medicamentos,10456433.0,1378998024.0,1451059.0,1390905516.0,217,0.0075177162501094,CRITICA,2026-08,DADO_CALCULADO_SOBRE_DADOS_OFICIAIS
2025-09,Mel e Outros Produtos Comestíveis de Origem Animal,1715186.0,1185449.0,0.0,2900635.0,3,0.5913139709063705,FORA_DAS_FAIXAS_NT,2026-08,DADO_CALCULADO_SOBRE_DADOS_OFICIAIS
2025-09,"Metais Não Ferrosos e Suas Obras (NCMs dos Caps. 74, 75, 78, 79, 80, 81)",39499452.0,139559411.0,2317899.0,181376762.0,167,0.21777570381370023,MEDIA,2026-08,DADO_CALCULADO_SOBRE_DADOS_OFICIAIS
2025-09,Minerais e Materiais de Mineração (Não Metálicos),109207797.0,165326105.0,2742567.0,277276469.0,79,0.39385887087302746,FORA_DAS_FAIXAS_NT,2026-08,DADO_CALCULADO_SOBRE_DADOS_OFICIAIS
2025-09,Minérios e Subprodutos da Metalurgia (NCMs do Cap. 26),81258.0,63383.0,0.0,144641.0,33,0.5617909168216481,FORA_DAS_FAIXAS_NT,2026-08,DADO_CALCULADO_SOBRE_DADOS_OFICIAIS
2025-09,Mobiliário e Iluminação,485168179.0,416677141.0,21462339.0,923307659.0,103,0.5254675126657863,FORA_DAS_FAIXAS_NT,2026-08,DADO_CALCULADO_SOBRE_DADOS_OFICIAIS
2025-09,Motocicletas,0.0,70321913.0,1089373.0,71411286.0,9,0.0,CRITICA,2026-08,DADO_CALCULADO_SOBRE_DADOS_OFICIAIS
2025-09,Máquinas e Equipamentos Industriais,708876304.0,1572547644.0,367044919.0,2648468867.0,809,0.2676551394779903,MEDIA,2026-08,DADO_CALCULADO_SOBRE_DADOS_OFICIAIS
2025-09,Máquinas e Implementos Agrícolas,294923777.0,211683058.0,29586831.0,536193666.0,41,0.5500321911672862,FORA_DAS_FAIXAS_NT,2026-08,DADO_CALCULADO_SOBRE_DADOS_OFICIAIS
2025-09,Objetos de Arte e Coleções,931459.0,5627876.0,0.0,6559335.0,23,0.1420050965532329,ALTA,2026-08,DADO_CALCULADO_SOBRE_DADOS_OFICIAIS
2025-09,Obras de Espartaria e Cestaria,47765.0,2064737.0,0.0,2112502.0,11,0.022610629481060848,CRITICA,2026-08,DADO_CALCULADO_SOBRE_DADOS_OFICIAIS
2025-09,Obras de Ferro ou Aço,444696606.0,480341692.0,72996641.0,998034939.0,156,0.4455721825185521,FORA_DAS_FAIXAS_NT,2026-08,DADO_CALCULADO_SOBRE_DADOS_OFICIAIS
2025-09,Outras Fibras Têxteis Vegetais,0.0,2310970.0,0.0,2310970.0,28,0.0,CRITICA,2026-08,DADO_CALCULADO_SOBRE_DADOS_OFICIAIS
2025-09,Outros,0.0,156102.0,0.0,156102.0,9,0.0,CRITICA,2026-08,DADO_CALCULADO_SOBRE_DADOS_OFICIAIS
2025-09,Ovos,15188882.0,26589728.0,0.0,41778610.0,9,0.363556422772323,FORA_DAS_FAIXAS_NT,2026-08,DADO_CALCULADO_SOBRE_DADOS_OFICIAIS
2025-09,Papel e Papelão,329115351.0,542330407.0,7715684.0,879161442.0,176,0.374351439084154,FORA_DAS_FAIXAS_NT,2026-08,DADO_CALCULADO_SOBRE_DADOS_OFICIAIS
2025-09,Pasta Química e Pasta Mecânica,1725183.0,11429437.0,0.0,13154620.0,20,0.1311465477528047,ALTA,2026-08,DADO_CALCULADO_SOBRE_DADOS_OFICIAIS
2025-09,Perfumaria e Cosméticos,35395516.0,537467764.0,8588250.0,581451530.0,59,0.06087440512883335,ALTA,2026-08,DADO_CALCULADO_SOBRE_DADOS_OFICIAIS
2025-09,Pescados e Frutos do Mar,3672647.0,47276226.0,8558675.0,59507548.0,196,0.06171733037966881,ALTA,2026-08,DADO_CALCULADO_SOBRE_DADOS_OFICIAIS
2025-09,Pescados e Frutos do Mar - Preparações e Conservas,444459.0,11443239.0,0.0,11887698.0,28,0.03738814697345104,CRITICA,2026-08,DADO_CALCULADO_SOBRE_DADOS_OFICIAIS
2025-09,Peças e Acessórios Automotivos,546421932.0,1133333631.0,379336056.0,2059091619.0,130,0.2653703832107142,MEDIA,2026-08,DADO_CALCULADO_SOBRE_DADOS_OFICIAIS
2025-09,Plantas Vivas e Floricultura,128412.0,39217805.0,0.0,39346217.0,30,0.0032636428554236865,CRITICA,2026-08,DADO_CALCULADO_SOBRE_DADOS_OFICIAIS
2025-09,Plásticos e Suas Obras,707638458.0,1287902024.0,183993613.0,2179534095.0,318,0.324674185929631,FORA_DAS_FAIXAS_NT,2026-08,DADO_CALCULADO_SOBRE_DADOS_OFICIAIS
2025-09,"Pneumáticos, Câmaras e Protetores",35323156.0,352322809.0,9218295.0,396864260.0,22,0.08900563633520439,ALTA,2026-08,DADO_CALCULADO_SOBRE_DADOS_OFICIAIS
2025-09,"Preparações Alimentícias Diversas (Molhos, Condimentos, etc)",28141584.0,272831012.0,3977661.0,304950257.0,23,0.09228253905029501,ALTA,2026-08,DADO_CALCULADO_SOBRE_DADOS_OFICIAIS
2025-09,Preparações de Carne,135742805.0,113821600.0,0.0,249564405.0,15,0.5439189334713017,FORA_DAS_FAIXAS_NT,2026-08,DADO_CALCULADO_SOBRE_DADOS_OFICIAIS
2025-09,"Preparações, Suplementos e Complementos alimentares",14549888.0,181388808.0,0.0,195938696.0,26,0.0742573483289896,ALTA,2026-08,DADO_CALCULADO_SOBRE_DADOS_OFICIAIS
2025-09,"Produtos Cerâmicos, Porcelana e Refratários",44143806.0,134400798.0,1139430.0,179684034.0,56,0.2456746156979089,MEDIA,2026-08,DADO_CALCULADO_SOBRE_DADOS_OFICIAIS
2025-09,"Produtos Editoriais, Impressos e Materiais Gráficos",35342157.0,185365531.0,1144595.0,221852283.0,41,0.15930490559792887,MEDIA,2026-08,DADO_CALCULADO_SOBRE_DADOS_OFICIAIS
2025-09,Produtos Farmacêuticos,917504.0,89164997.0,2007164.0,92089665.0,45,0.00996315927525635,CRITICA,2026-08,DADO_CALCULADO_SOBRE_DADOS_OFICIAIS
2025-09,Produtos Fotográficos,279013.0,6816778.0,0.0,7095791.0,47,0.039320915737230705,CRITICA,2026-08,DADO_CALCULADO_SOBRE_DADOS_OFICIAIS
2025-09,"Produtos Minerais: Pedra, Cimento, Gesso, Amianto e Abrasivos",191211784.0,130290035.0,2781019.0,324282838.0,68,0.5896450924732564,FORA_DAS_FAIXAS_NT,2026-08,DADO_CALCULADO_SOBRE_DADOS_OFICIAIS
2025-09,Produtos Químicos Diversos,130866467.0,1538676225.0,70764078.0,1740306770.0,252,0.07519735557886728,ALTA,2026-08,DADO_CALCULADO_SOBRE_DADOS_OFICIAIS
2025-09,Produtos de Origem Animal (Não Alimentares),26961877.0,14782946.0,0.0,41744823.0,31,0.6458735493979697,FORA_DAS_FAIXAS_NT,2026-08,DADO_CALCULADO_SOBRE_DADOS_OFICIAIS
2025-09,Químicos Inorgânicos,64418158.0,198875684.0,9924561.0,273218403.0,296,0.23577532586631803,MEDIA,2026-08,DADO_CALCULADO_SOBRE_DADOS_OFICIAIS
2025-09,Químicos Orgânicos,139864268.0,169921489.0,35696969.0,345482726.0,821,0.40483722477053746,FORA_DAS_FAIXAS_NT,2026-08,DADO_CALCULADO_SOBRE_DADOS_OFICIAIS
2025-09,Resíduos para Alimentação Animal,686623551.0,350328921.0,162629.0,1037115101.0,37,0.6620514447605175,FORA_DAS_FAIXAS_NT,2026-08,DADO_CALCULADO_SOBRE_DADOS_OFICIAIS
2025-09,"Sabões e Preparações de Limpeza, Ceras e Pastas",94790221.0,309379547.0,21560097.0,425729865.0,53,0.22265344480824711,MEDIA,2026-08,DADO_CALCULADO_SOBRE_DADOS_OFICIAIS
2025-09,Siderurgia – Ferro e Aço,617231101.0,966021617.0,33574539.0,1616827257.0,205,0.38175451231893726,FORA_DAS_FAIXAS_NT,2026-08,DADO_CALCULADO_SOBRE_DADOS_OFICIAIS
2025-09,"Soja, Oleaginosas e Sementes",25660717.0,255427938.0,19417939.0,300506594.0,38,0.08539152721553923,ALTA,2026-08,DADO_CALCULADO_SOBRE_DADOS_OFICIAIS
2025-09,Sucos e Bebidas à Base de Frutas/Vegetais,44055653.0,13165078.0,0.0,57220731.0,23,0.7699246799206393,FORA_DAS_FAIXAS_NT,2026-08,DADO_CALCULADO_SOBRE_DADOS_OFICIAIS
2025-09,Tabaco e Sucedâneos,144965490.0,215655338.0,17152604.0,377773432.0,26,0.3837365937369571,FORA_DAS_FAIXAS_NT,2026-08,DADO_CALCULADO_SOBRE_DADOS_OFICIAIS
2025-09,Tecidos Impregnados/Revestidos/Laminados,29688263.0,41432730.0,7491286.0,78612279.0,26,0.37765427205080776,FORA_DAS_FAIXAS_NT,2026-08,DADO_CALCULADO_SOBRE_DADOS_OFICIAIS
2025-09,Tecidos Sintéticos (Inclusive Malhas),18805202.0,68488989.0,1349118.0,88643309.0,78,0.21214463011528598,MEDIA,2026-08,DADO_CALCULADO_SOBRE_DADOS_OFICIAIS
2025-09,"Tintas, Pigmentos e Corantes",112785820.0,253301963.0,23279454.0,389367237.0,93,0.28966438180313564,MEDIA,2026-08,DADO_CALCULADO_SOBRE_DADOS_OFICIAIS
2025-09,Toucinho e Gorduras Não Fundidas,2282864.0,5214067.0,0.0,7496931.0,5,0.30450647071448306,FORA_DAS_FAIXAS_NT,2026-08,DADO_CALCULADO_SOBRE_DADOS_OFICIAIS
2025-09,Tratores,0.0,302634268.0,27997205.0,330631473.0,12,0.0,CRITICA,2026-08,DADO_CALCULADO_SOBRE_DADOS_OFICIAIS
2025-09,"Têxteis Naturais (Algodão, Lã, Seda e Afins)",59571630.0,234558446.0,5744656.0,299874732.0,324,0.1986550504028462,MEDIA,2026-08,DADO_CALCULADO_SOBRE_DADOS_OFICIAIS
2025-09,Vacinas e Soros,0.0,726949294.0,0.0,726949294.0,37,0.0,CRITICA,2026-08,DADO_CALCULADO_SOBRE_DADOS_OFICIAIS
2025-09,Vestuário Tecido (Plano),51068586.0,391614936.0,1048432.0,443731954.0,117,0.11508881778660457,ALTA,2026-08,DADO_CALCULADO_SOBRE_DADOS_OFICIAIS
2025-09,Vestuário de Malha,79607580.0,524784327.0,2263738.0,606655645.0,137,0.13122366973112068,ALTA,2026-08,DADO_CALCULADO_SOBRE_DADOS_OFICIAIS
2025-09,Veículos Comerciais (Caminhões e Carga) e Ônibus,206599202.0,857396272.0,9903891.0,1073899365.0,46,0.19238227410628927,MEDIA,2026-08,DADO_CALCULADO_SOBRE_DADOS_OFICIAIS
2025-09,Veículos Leves e de Passageiros,0.0,1130946306.0,0.0,1130946306.0,20,0.0,CRITICA,2026-08,DADO_CALCULADO_SOBRE_DADOS_OFICIAIS
2025-09,Vidro e Suas Obras,103618219.0,170930024.0,20255737.0,294803980.0,87,0.35148175068735504,FORA_DAS_FAIXAS_NT,2026-08,DADO_CALCULADO_SOBRE_DADOS_OFICIAIS
2025-09,Óleos Brutos de Petróleo,0.0,29307066.0,0.0,29307066.0,2,0.0,CRITICA,2026-08,DADO_CALCULADO_SOBRE_DADOS_OFICIAIS
2025-09,Óleos e Gorduras Vegetais/animais,289344542.0,257583448.0,7773982.0,554701972.0,65,0.52162162134877,FORA_DAS_FAIXAS_NT,2026-08,DADO_CALCULADO_SOBRE_DADOS_OFICIAIS
2025-09,"Óptica, Instrumentos e Aparelhos de Precisão",32065803.0,215626609.0,65556681.0,313249093.0,250,0.10236519024813266,ALTA,2026-08,DADO_CALCULADO_SOBRE_DADOS_OFICIAIS
2025-10,Acessórios Pessoais e Artigos de Uso Pessoal,19066841.0,211107435.0,7186478.0,237360754.0,59,0.08032853232341855,ALTA,2026-08,DADO_CALCULADO_SOBRE_DADOS_OFICIAIS
2025-10,Adubos e Fertilizantes,1538261506.0,156248904.0,843757375.0,2538267785.0,36,0.6060280617712681,FORA_DAS_FAIXAS_NT,2026-08,DADO_CALCULADO_SOBRE_DADOS_OFICIAIS
2025-10,Aeronaves e Espaço,303450.0,7073246.0,534284.0,7910980.0,30,0.03835807952996974,CRITICA,2026-08,DADO_CALCULADO_SOBRE_DADOS_OFICIAIS
2025-10,Alumínio e Suas Obras,207779868.0,396514029.0,9635599.0,613929496.0,56,0.338442556276853,FORA_DAS_FAIXAS_NT,2026-08,DADO_CALCULADO_SOBRE_DADOS_OFICIAIS
2025-10,Animais Vivos e Genética,24974838.0,114332559.0,0.0,139307397.0,49,0.17927862078996423,MEDIA,2026-08,DADO_CALCULADO_SOBRE_DADOS_OFICIAIS
2025-10,Aparelhos Telefônicos,3341292.0,524312331.0,11835866.0,539489489.0,52,0.006193432991981796,CRITICA,2026-08,DADO_CALCULADO_SOBRE_DADOS_OFICIAIS
2025-10,Armas e Munições,24171535.0,23102445.0,2832641.0,50106621.0,25,0.48240201629241775,FORA_DAS_FAIXAS_NT,2026-08,DADO_CALCULADO_SOBRE_DADOS_OFICIAIS
2025-10,Artefatos de Metal Diversos,91679732.0,105226896.0,16721523.0,213628151.0,40,0.4291556687208326,FORA_DAS_FAIXAS_NT,2026-08,DADO_CALCULADO_SOBRE_DADOS_OFICIAIS
2025-10,"Açúcares, Sacarídeos e Produtos de Confeitaria (sem cacau)",75747314.0,258757856.0,1069543.0,335574713.0,30,0.22572414149691905,MEDIA,2026-08,DADO_CALCULADO_SOBRE_DADOS_OFICIAIS
2025-10,Bebidas Alcoólicas,357840793.0,228908338.0,24238046.0,610987177.0,27,0.5856764371995977,FORA_DAS_FAIXAS_NT,2026-08,DADO_CALCULADO_SOBRE_DADOS_OFICIAIS
2025-10,Bebidas Não Alcoólicas (Exceto Sucos),365569295.0,159743449.0,5417855.0,530730599.0,6,0.6888038784437978,FORA_DAS_FAIXAS_NT,2026-08,DADO_CALCULADO_SOBRE_DADOS_OFICIAIS
2025-10,Biodiesel,463355636.0,9621279.0,0.0,472976915.0,1,0.9796580367986881,FORA_DAS_FAIXAS_NT,2026-08,DADO_CALCULADO_SOBRE_DADOS_OFICIAIS
2025-10,Borracha e Suas Obras (Exceto Pneumáticos),74380078.0,205162938.0,43646905.0,323189921.0,88,0.2301435569830162,MEDIA,2026-08,DADO_CALCULADO_SOBRE_DADOS_OFICIAIS
2025-10,"Brinquedos, Jogos e Artigos de Lazer",18273376.0,257080230.0,9430151.0,284783757.0,78,0.06416579439957315,ALTA,2026-08,DADO_CALCULADO_SOBRE_DADOS_OFICIAIS
2025-10,Cabos e Fios,38608353.0,320282650.0,8691399.0,367582402.0,13,0.10503319198616043,ALTA,2026-08,DADO_CALCULADO_SOBRE_DADOS_OFICIAIS
2025-10,Cacau e Preparações,48426788.0,212047333.0,525895.0,261000016.0,13,0.1855432376678475,MEDIA,2026-08,DADO_CALCULADO_SOBRE_DADOS_OFICIAIS
2025-10,Café,1032147.0,178665148.0,0.0,179697295.0,10,0.005743809332243983,CRITICA,2026-08,DADO_CALCULADO_SOBRE_DADOS_OFICIAIS
2025-10,Calçados,499304054.0,364397909.0,7073107.0,870775070.0,36,0.5734018705886929,FORA_DAS_FAIXAS_NT,2026-08,DADO_CALCULADO_SOBRE_DADOS_OFICIAIS
2025-10,Carnes Preparadas (Defumadas/Salgadas),10197114.0,18382521.0,0.0,28579635.0,7,0.35679650912266725,FORA_DAS_FAIXAS_NT,2026-08,DADO_CALCULADO_SOBRE_DADOS_OFICIAIS
2025-10,Carnes de Bovinos,797308249.0,310488963.0,0.0,1107797212.0,16,0.7197240075740505,FORA_DAS_FAIXAS_NT,2026-08,DADO_CALCULADO_SOBRE_DADOS_OFICIAIS
2025-10,Carnes de Espécies Exóticas/Diversas e Subprodutos,2492347.0,574875.0,0.0,3067222.0,11,0.8125747011465098,FORA_DAS_FAIXAS_NT,2026-08,DADO_CALCULADO_SOBRE_DADOS_OFICIAIS
2025-10,Carnes de Frango,365721911.0,171553104.0,0.0,537275015.0,23,0.6806977819357559,FORA_DAS_FAIXAS_NT,2026-08,DADO_CALCULADO_SOBRE_DADOS_OFICIAIS
2025-10,Carnes de Outras Aves (Exceto Frango),0.0,1131292.0,0.0,1131292.0,11,0.0,CRITICA,2026-08,DADO_CALCULADO_SOBRE_DADOS_OFICIAIS
2025-10,Carnes de Ovinos e Caprinos,4213308.0,211806.0,0.0,4425114.0,13,0.95213547040822,FORA_DAS_FAIXAS_NT,2026-08,DADO_CALCULADO_SOBRE_DADOS_OFICIAIS
2025-10,Carnes de Suínos,138117118.0,69166153.0,0.0,207283271.0,10,0.6663206216964803,FORA_DAS_FAIXAS_NT,2026-08,DADO_CALCULADO_SOBRE_DADOS_OFICIAIS
2025-10,Cereais e Grãos (exceto soja),165907561.0,455402777.0,78862815.0,700173153.0,41,0.23695218859669703,MEDIA,2026-08,DADO_CALCULADO_SOBRE_DADOS_OFICIAIS
2025-10,Chás e Especiarias,7313237.0,10266971.0,2255.0,17582463.0,41,0.4159392799518475,FORA_DAS_FAIXAS_NT,2026-08,DADO_CALCULADO_SOBRE_DADOS_OFICIAIS
2025-10,Combustíveis e Derivados de Petróleo,297868029.0,218285299.0,29274762.0,545428090.0,63,0.5461178741270917,FORA_DAS_FAIXAS_NT,2026-08,DADO_CALCULADO_SOBRE_DADOS_OFICIAIS
2025-10,Componentes Elétricos e Eletrônicos,152292847.0,648399692.0,139771553.0,940464092.0,326,0.16193371793295433,MEDIA,2026-08,DADO_CALCULADO_SOBRE_DADOS_OFICIAIS
2025-10,Conservas de Frutas e Hortícolas,49779003.0,135556696.0,13278862.0,198614561.0,49,0.2506311860991904,MEDIA,2026-08,DADO_CALCULADO_SOBRE_DADOS_OFICIAIS
2025-10,Couros e Suas Obras,168625806.0,129177089.0,11155048.0,308957943.0,104,0.5457888680984648,FORA_DAS_FAIXAS_NT,2026-08,DADO_CALCULADO_SOBRE_DADOS_OFICIAIS
2025-10,Eletrodomésticos (Linha Branca + Portáteis),141462724.0,796381797.0,45870571.0,983715092.0,107,0.14380456816250614,ALTA,2026-08,DADO_CALCULADO_SOBRE_DADOS_OFICIAIS
2025-10,Eletrônicos de Consumo – Comunicação/Imagem,2430225.0,189346089.0,26228401.0,218004715.0,52,0.011147579996148248,CRITICA,2026-08,DADO_CALCULADO_SOBRE_DADOS_OFICIAIS
2025-10,Eletrônicos de Consumo – Informática/TIC,7123947.0,313674061.0,11650839.0,332448847.0,140,0.021428701180004395,CRITICA,2026-08,DADO_CALCULADO_SOBRE_DADOS_OFICIAIS
2025-10,Eletrônicos de Consumo – Áudio/Vídeo,4326076.0,65032069.0,48363663.0,117721808.0,33,0.03674829730783612,CRITICA,2026-08,DADO_CALCULADO_SOBRE_DADOS_OFICIAIS
2025-10,Embarcações e Estruturas Flutuantes,1164113.0,6630160.0,0.0,7794273.0,26,0.14935491738613724,ALTA,2026-08,DADO_CALCULADO_SOBRE_DADOS_OFICIAIS
2025-10,Erva-mate,32513507.0,36775215.0,0.0,69288722.0,2,0.4692467411940431,FORA_DAS_FAIXAS_NT,2026-08,DADO_CALCULADO_SOBRE_DADOS_OFICIAIS
2025-10,Etanol e Álcool Etílico,2689542.0,734103275.0,0.0,736792817.0,6,0.003650336889752822,CRITICA,2026-08,DADO_CALCULADO_SOBRE_DADOS_OFICIAIS
2025-10,Explosivos e Pirotecnia,3153.0,4679483.0,0.0,4682636.0,14,0.0006733386921383596,CRITICA,2026-08,DADO_CALCULADO_SOBRE_DADOS_OFICIAIS
2025-10,"Farinha, Malte e Preparações de Cereais",206659354.0,105284978.0,9475228.0,321419560.0,36,0.6429582381358496,FORA_DAS_FAIXAS_NT,2026-08,DADO_CALCULADO_SOBRE_DADOS_OFICIAIS
2025-10,"Feltros, Passamanarias, Têxteis Técnicos",15471446.0,52772846.0,934547.0,69178839.0,75,0.22364419848098346,MEDIA,2026-08,DADO_CALCULADO_SOBRE_DADOS_OFICIAIS
2025-10,Ferramentas e Cutelaria (Metais Comuns),53720762.0,114903081.0,29316236.0,197940079.0,87,0.27139911366813185,MEDIA,2026-08,DADO_CALCULADO_SOBRE_DADOS_OFICIAIS
2025-10,Fibras Sintéticas/Descontínuas – Têxteis,3564948.0,21356321.0,5753624.0,30674893.0,124,0.11621712910294422,ALTA,2026-08,DADO_CALCULADO_SOBRE_DADOS_OFICIAIS
2025-10,Filamentos Sintéticos – Têxteis Técnicos,16553707.0,81998869.0,2006286.0,100558862.0,94,0.16461708765160846,MEDIA,2026-08,DADO_CALCULADO_SOBRE_DADOS_OFICIAIS
2025-10,Frutas e Hortícolas,23771786.0,335400782.0,60460710.0,419633278.0,170,0.05664895337495136,ALTA,2026-08,DADO_CALCULADO_SOBRE_DADOS_OFICIAIS
2025-10,Instrumentos Musicais,104440.0,12517927.0,0.0,12622367.0,19,0.00827420086898123,CRITICA,2026-08,DADO_CALCULADO_SOBRE_DADOS_OFICIAIS
2025-10,Instrumentos Médicos,16673796.0,300328789.0,32033563.0,349036148.0,118,0.04777097184787863,CRITICA,2026-08,DADO_CALCULADO_SOBRE_DADOS_OFICIAIS
2025-10,"Joias, Bijuterias, Metais Preciosos e Relógios",15608670.0,68318219.0,4121008.0,88047897.0,111,0.17727476216723267,MEDIA,2026-08,DADO_CALCULADO_SOBRE_DADOS_OFICIAIS
2025-10,Laticínios,448800017.0,242427885.0,0.0,691227902.0,44,0.6492793703805088,FORA_DAS_FAIXAS_NT,2026-08,DADO_CALCULADO_SOBRE_DADOS_OFICIAIS
2025-10,Madeira e Cortiça - Produtos e Obras,267191023.0,287191680.0,5183882.0,559566585.0,151,0.47749638767297015,FORA_DAS_FAIXAS_NT,2026-08,DADO_CALCULADO_SOBRE_DADOS_OFICIAIS
2025-10,Massas e Panificação,256077637.0,332591108.0,2047194.0,590715939.0,20,0.43350385539537645,FORA_DAS_FAIXAS_NT,2026-08,DADO_CALCULADO_SOBRE_DADOS_OFICIAIS
2025-10,Material Ferroviário e Contêineres,1955532.0,4464361.0,0.0,6419893.0,23,0.3046050767512792,FORA_DAS_FAIXAS_NT,2026-08,DADO_CALCULADO_SOBRE_DADOS_OFICIAIS
2025-10,Medicamentos,8124777.0,1516124246.0,0.0,1524249023.0,212,0.005330347520255553,CRITICA,2026-08,DADO_CALCULADO_SOBRE_DADOS_OFICIAIS
2025-10,Mel e Outros Produtos Comestíveis de Origem Animal,942605.0,1515773.0,0.0,2458378.0,3,0.3834255757251326,FORA_DAS_FAIXAS_NT,2026-08,DADO_CALCULADO_SOBRE_DADOS_OFICIAIS
2025-10,"Metais Não Ferrosos e Suas Obras (NCMs dos Caps. 74, 75, 78, 79, 80, 81)",38364022.0,151224585.0,1259024.0,190847631.0,165,0.2010191156106098,MEDIA,2026-08,DADO_CALCULADO_SOBRE_DADOS_OFICIAIS
2025-10,Minerais e Materiais de Mineração (Não Metálicos),110984944.0,179541272.0,4757654.0,295283870.0,81,0.3758584713753582,FORA_DAS_FAIXAS_NT,2026-08,DADO_CALCULADO_SOBRE_DADOS_OFICIAIS
2025-10,Minérios e Subprodutos da Metalurgia (NCMs do Cap. 26),781858.0,388347.0,0.0,1170205.0,31,0.6681376340042984,FORA_DAS_FAIXAS_NT,2026-08,DADO_CALCULADO_SOBRE_DADOS_OFICIAIS
2025-10,Mobiliário e Iluminação,519465626.0,458675444.0,25099035.0,1003240105.0,105,0.5177879387108433,FORA_DAS_FAIXAS_NT,2026-08,DADO_CALCULADO_SOBRE_DADOS_OFICIAIS
2025-10,Motocicletas,0.0,86134426.0,200822.0,86335248.0,9,0.0,CRITICA,2026-08,DADO_CALCULADO_SOBRE_DADOS_OFICIAIS
2025-10,Máquinas e Equipamentos Industriais,757710506.0,1620144927.0,265089641.0,2642945074.0,805,0.2866917339501245,MEDIA,2026-08,DADO_CALCULADO_SOBRE_DADOS_OFICIAIS
2025-10,Máquinas e Implementos Agrícolas,284738473.0,214273901.0,24961556.0,523973930.0,43,0.5434210686779779,FORA_DAS_FAIXAS_NT,2026-08,DADO_CALCULADO_SOBRE_DADOS_OFICIAIS
2025-10,Objetos de Arte e Coleções,778657.0,4152916.0,0.0,4931573.0,25,0.15789221816244026,MEDIA,2026-08,DADO_CALCULADO_SOBRE_DADOS_OFICIAIS
2025-10,Obras de Espartaria e Cestaria,86993.0,2481773.0,0.0,2568766.0,11,0.033865677138361375,CRITICA,2026-08,DADO_CALCULADO_SOBRE_DADOS_OFICIAIS
2025-10,Obras de Ferro ou Aço,487787789.0,529025383.0,57938911.0,1074752083.0,155,0.4538607523685069,FORA_DAS_FAIXAS_NT,2026-08,DADO_CALCULADO_SOBRE_DADOS_OFICIAIS
2025-10,Outras Fibras Têxteis Vegetais,13555.0,2818487.0,0.0,2832042.0,26,0.004786299073248208,CRITICA,2026-08,DADO_CALCULADO_SOBRE_DADOS_OFICIAIS
2025-10,Outros,8807.0,262908.0,0.0,271715.0,10,0.032412638242275915,CRITICA,2026-08,DADO_CALCULADO_SOBRE_DADOS_OFICIAIS
2025-10,Ovos,16358214.0,25201024.0,0.0,41559238.0,9,0.3936119810473907,FORA_DAS_FAIXAS_NT,2026-08,DADO_CALCULADO_SOBRE_DADOS_OFICIAIS
2025-10,Papel e Papelão,350620167.0,764907180.0,21313460.0,1136840807.0,172,0.3084162398473791,FORA_DAS_FAIXAS_NT,2026-08,DADO_CALCULADO_SOBRE_DADOS_OFICIAIS
2025-10,Pasta Química e Pasta Mecânica,1985171.0,19024186.0,0.0,21009357.0,20,0.09448985040332267,ALTA,2026-08,DADO_CALCULADO_SOBRE_DADOS_OFICIAIS
2025-10,Perfumaria e Cosméticos,35680433.0,534866492.0,5669992.0,576216917.0,58,0.06192187689623142,ALTA,2026-08,DADO_CALCULADO_SOBRE_DADOS_OFICIAIS
2025-10,Pescados e Frutos do Mar,3695723.0,54223251.0,7128230.0,65047204.0,192,0.056816016257977824,ALTA,2026-08,DADO_CALCULADO_SOBRE_DADOS_OFICIAIS
2025-10,Pescados e Frutos do Mar - Preparações e Conservas,531306.0,14370491.0,36645.0,14938442.0,30,0.0355663595976073,CRITICA,2026-08,DADO_CALCULADO_SOBRE_DADOS_OFICIAIS
2025-10,Peças e Acessórios Automotivos,531216833.0,1166547053.0,349348084.0,2047111970.0,131,0.2594957387699707,MEDIA,2026-08,DADO_CALCULADO_SOBRE_DADOS_OFICIAIS
2025-10,Plantas Vivas e Floricultura,127293.0,35749563.0,1247153.0,37124009.0,30,0.0034288592053729975,CRITICA,2026-08,DADO_CALCULADO_SOBRE_DADOS_OFICIAIS
2025-10,Plásticos e Suas Obras,742337540.0,1353229604.0,160394172.0,2255961316.0,314,0.3290559703905845,FORA_DAS_FAIXAS_NT,2026-08,DADO_CALCULADO_SOBRE_DADOS_OFICIAIS
2025-10,"Pneumáticos, Câmaras e Protetores",29916757.0,345693344.0,8044610.0,383654711.0,23,0.07797833870466926,ALTA,2026-08,DADO_CALCULADO_SOBRE_DADOS_OFICIAIS
2025-10,"Preparações Alimentícias Diversas (Molhos, Condimentos, etc)",28819831.0,322411113.0,388851.0,351619795.0,23,0.08196305045909033,ALTA,2026-08,DADO_CALCULADO_SOBRE_DADOS_OFICIAIS
2025-10,Preparações de Carne,136938987.0,116483114.0,0.0,253422101.0,15,0.5403592917099208,FORA_DAS_FAIXAS_NT,2026-08,DADO_CALCULADO_SOBRE_DADOS_OFICIAIS
2025-10,"Preparações, Suplementos e Complementos alimentares",13771191.0,198863950.0,0.0,212635141.0,26,0.06476441727945617,ALTA,2026-08,DADO_CALCULADO_SOBRE_DADOS_OFICIAIS
2025-10,"Produtos Cerâmicos, Porcelana e Refratários",47496331.0,141888617.0,1301398.0,190686346.0,57,0.24908092265819598,MEDIA,2026-08,DADO_CALCULADO_SOBRE_DADOS_OFICIAIS
2025-10,"Produtos Editoriais, Impressos e Materiais Gráficos",38192298.0,197886282.0,936461.0,237015041.0,39,0.16113871018000078,MEDIA,2026-08,DADO_CALCULADO_SOBRE_DADOS_OFICIAIS
2025-10,Produtos Farmacêuticos,1373228.0,103618167.0,728383.0,105719778.0,46,0.012989319746774345,CRITICA,2026-08,DADO_CALCULADO_SOBRE_DADOS_OFICIAIS
2025-10,Produtos Fotográficos,373861.0,8637246.0,0.0,9011107.0,45,0.04148890918729519,CRITICA,2026-08,DADO_CALCULADO_SOBRE_DADOS_OFICIAIS
2025-10,"Produtos Minerais: Pedra, Cimento, Gesso, Amianto e Abrasivos",200199275.0,144347067.0,7673593.0,352219935.0,68,0.5683927997999318,FORA_DAS_FAIXAS_NT,2026-08,DADO_CALCULADO_SOBRE_DADOS_OFICIAIS
2025-10,Produtos Químicos Diversos,151584151.0,1390970137.0,69956415.0,1612510703.0,255,0.09400505107841135,ALTA,2026-08,DADO_CALCULADO_SOBRE_DADOS_OFICIAIS
2025-10,Produtos de Origem Animal (Não Alimentares),27723562.0,12120077.0,0.0,39843639.0,32,0.6958089847164813,FORA_DAS_FAIXAS_NT,2026-08,DADO_CALCULADO_SOBRE_DADOS_OFICIAIS
2025-10,Químicos Inorgânicos,69404163.0,192131803.0,10015649.0,271551615.0,304,0.2555836871012533,MEDIA,2026-08,DADO_CALCULADO_SOBRE_DADOS_OFICIAIS
2025-10,Químicos Orgânicos,316071954.0,181710923.0,44428180.0,542211057.0,847,0.5829315907882712,FORA_DAS_FAIXAS_NT,2026-08,DADO_CALCULADO_SOBRE_DADOS_OFICIAIS
2025-10,Resíduos para Alimentação Animal,684483577.0,349476682.0,1995642.0,1035955901.0,37,0.6607265582823298,FORA_DAS_FAIXAS_NT,2026-08,DADO_CALCULADO_SOBRE_DADOS_OFICIAIS
2025-10,"Sabões e Preparações de Limpeza, Ceras e Pastas",97106283.0,303382647.0,19438406.0,419927336.0,56,0.23124544337832773,MEDIA,2026-08,DADO_CALCULADO_SOBRE_DADOS_OFICIAIS
2025-10,Siderurgia – Ferro e Aço,588206164.0,980151967.0,29886835.0,1598244966.0,203,0.36803254601960683,FORA_DAS_FAIXAS_NT,2026-08,DADO_CALCULADO_SOBRE_DADOS_OFICIAIS
2025-10,"Soja, Oleaginosas e Sementes",26627699.0,285833852.0,0.0,312461551.0,36,0.08521912188805592,ALTA,2026-08,DADO_CALCULADO_SOBRE_DADOS_OFICIAIS
2025-10,Sucos e Bebidas à Base de Frutas/Vegetais,48120555.0,15222461.0,1302621.0,64645637.0,23,0.744374365125368,FORA_DAS_FAIXAS_NT,2026-08,DADO_CALCULADO_SOBRE_DADOS_OFICIAIS
2025-10,Tabaco e Sucedâneos,127471827.0,154968815.0,18672539.0,301113181.0,25,0.4233352607702683,FORA_DAS_FAIXAS_NT,2026-08,DADO_CALCULADO_SOBRE_DADOS_OFICIAIS
2025-10,Tecidos Impregnados/Revestidos/Laminados,29650614.0,45071037.0,8522426.0,83244077.0,26,0.3561888733537162,FORA_DAS_FAIXAS_NT,2026-08,DADO_CALCULADO_SOBRE_DADOS_OFICIAIS
2025-10,Tecidos Sintéticos (Inclusive Malhas),20533228.0,73948223.0,781073.0,95262524.0,80,0.21554360663381122,MEDIA,2026-08,DADO_CALCULADO_SOBRE_DADOS_OFICIAIS
2025-10,"Tintas, Pigmentos e Corantes",120857601.0,268974972.0,23920867.0,413753440.0,95,0.29210053455990603,MEDIA,2026-08,DADO_CALCULADO_SOBRE_DADOS_OFICIAIS
2025-10,Toucinho e Gorduras Não Fundidas,2637265.0,7321874.0,0.0,9959139.0,5,0.26480853415139605,MEDIA,2026-08,DADO_CALCULADO_SOBRE_DADOS_OFICIAIS
2025-10,Tratores,1476169.0,317889804.0,19693973.0,339059946.0,11,0.004353710951160241,CRITICA,2026-08,DADO_CALCULADO_SOBRE_DADOS_OFICIAIS
2025-10,"Têxteis Naturais (Algodão, Lã, Seda e Afins)",56040697.0,229220812.0,9616733.0,294878242.0,322,0.19004690417273987,MEDIA,2026-08,DADO_CALCULADO_SOBRE_DADOS_OFICIAIS
2025-10,Vacinas e Soros,1571363.0,764265118.0,0.0,765836481.0,37,0.0020518257343240874,CRITICA,2026-08,DADO_CALCULADO_SOBRE_DADOS_OFICIAIS
2025-10,Vestuário Tecido (Plano),52829568.0,420427120.0,788860.0,474045548.0,117,0.11144407583382683,ALTA,2026-08,DADO_CALCULADO_SOBRE_DADOS_OFICIAIS
2025-10,Vestuário de Malha,75076299.0,539012132.0,1999202.0,616087633.0,136,0.12185977282877873,ALTA,2026-08,DADO_CALCULADO_SOBRE_DADOS_OFICIAIS
2025-10,Veículos Comerciais (Caminhões e Carga) e Ônibus,240263914.0,613441746.0,16775402.0,870481062.0,47,0.27601279854150346,MEDIA,2026-08,DADO_CALCULADO_SOBRE_DADOS_OFICIAIS
2025-10,Veículos Leves e de Passageiros,0.0,1509688476.0,0.0,1509688476.0,21,0.0,CRITICA,2026-08,DADO_CALCULADO_SOBRE_DADOS_OFICIAIS
2025-10,Vidro e Suas Obras,111927294.0,182536812.0,13701230.0,308165336.0,90,0.36320533468436567,FORA_DAS_FAIXAS_NT,2026-08,DADO_CALCULADO_SOBRE_DADOS_OFICIAIS
2025-10,Óleos Brutos de Petróleo,0.0,27004826.0,826846528.0,853851354.0,2,0.0,CRITICA,2026-08,DADO_CALCULADO_SOBRE_DADOS_OFICIAIS
2025-10,Óleos e Gorduras Vegetais/animais,282364588.0,267605684.0,77449087.0,627419359.0,64,0.45004124267067763,FORA_DAS_FAIXAS_NT,2026-08,DADO_CALCULADO_SOBRE_DADOS_OFICIAIS
2025-10,"Óptica, Instrumentos e Aparelhos de Precisão",34931790.0,237222152.0,61643999.0,333797941.0,243,0.10464950711005135,ALTA,2026-08,DADO_CALCULADO_SOBRE_DADOS_OFICIAIS
2025-11,Acessórios Pessoais e Artigos de Uso Pessoal,17390839.0,199177991.0,2977906.0,219546736.0,58,0.07921246891140299,ALTA,2026-08,DADO_CALCULADO_SOBRE_DADOS_OFICIAIS
2025-11,Adubos e Fertilizantes,883296328.0,99759390.0,834542091.0,1817597809.0,35,0.485969076121394,FORA_DAS_FAIXAS_NT,2026-08,DADO_CALCULADO_SOBRE_DADOS_OFICIAIS
2025-11,Aeronaves e Espaço,134200.0,10672149.0,693719.0,11500068.0,28,0.011669496215152815,CRITICA,2026-08,DADO_CALCULADO_SOBRE_DADOS_OFICIAIS
2025-11,Alumínio e Suas Obras,203318977.0,367917842.0,10019868.0,581256687.0,55,0.3497920652739088,FORA_DAS_FAIXAS_NT,2026-08,DADO_CALCULADO_SOBRE_DADOS_OFICIAIS
2025-11,Animais Vivos e Genética,22840098.0,123426866.0,0.0,146266964.0,49,0.15615349751841434,MEDIA,2026-08,DADO_CALCULADO_SOBRE_DADOS_OFICIAIS
2025-11,Aparelhos Telefônicos,2340832.0,545938818.0,5869354.0,554149004.0,50,0.004224192379853127,CRITICA,2026-08,DADO_CALCULADO_SOBRE_DADOS_OFICIAIS
2025-11,Armas e Munições,19302343.0,15121760.0,0.0,34424103.0,26,0.5607217419724778,FORA_DAS_FAIXAS_NT,2026-08,DADO_CALCULADO_SOBRE_DADOS_OFICIAIS
2025-11,Artefatos de Metal Diversos,78934768.0,87351277.0,18647162.0,184933207.0,40,0.42682852517666015,FORA_DAS_FAIXAS_NT,2026-08,DADO_CALCULADO_SOBRE_DADOS_OFICIAIS
2025-11,"Açúcares, Sacarídeos e Produtos de Confeitaria (sem cacau)",76734791.0,235403671.0,54954.0,312193416.0,30,0.24579247052410613,MEDIA,2026-08,DADO_CALCULADO_SOBRE_DADOS_OFICIAIS
2025-11,Bebidas Alcoólicas,327687252.0,235213166.0,22272520.0,585172938.0,27,0.5599836060771491,FORA_DAS_FAIXAS_NT,2026-08,DADO_CALCULADO_SOBRE_DADOS_OFICIAIS
2025-11,Bebidas Não Alcoólicas (Exceto Sucos),360702154.0,150118671.0,385465.0,511206290.0,6,0.7055902109498692,FORA_DAS_FAIXAS_NT,2026-08,DADO_CALCULADO_SOBRE_DADOS_OFICIAIS
2025-11,Biodiesel,407490695.0,0.0,0.0,407490695.0,1,1.0,FORA_DAS_FAIXAS_NT,2026-08,DADO_CALCULADO_SOBRE_DADOS_OFICIAIS
2025-11,Borracha e Suas Obras (Exceto Pneumáticos),65595695.0,196675581.0,30667669.0,292938945.0,89,0.22392275291358069,MEDIA,2026-08,DADO_CALCULADO_SOBRE_DADOS_OFICIAIS
2025-11,"Brinquedos, Jogos e Artigos de Lazer",35834906.0,269402036.0,8140808.0,313377750.0,77,0.11435051148334557,ALTA,2026-08,DADO_CALCULADO_SOBRE_DADOS_OFICIAIS
2025-11,Cabos e Fios,33903606.0,294625118.0,8945596.0,337474320.0,14,0.10046277298966037,ALTA,2026-08,DADO_CALCULADO_SOBRE_DADOS_OFICIAIS
2025-11,Cacau e Preparações,37981944.0,183959422.0,2584753.0,224526119.0,13,0.16916492463845598,MEDIA,2026-08,DADO_CALCULADO_SOBRE_DADOS_OFICIAIS
2025-11,Café,914460.0,153118116.0,0.0,154032576.0,10,0.00593679612291883,CRITICA,2026-08,DADO_CALCULADO_SOBRE_DADOS_OFICIAIS
2025-11,Calçados,420225722.0,347482955.0,4481912.0,772190589.0,36,0.5441994864819572,FORA_DAS_FAIXAS_NT,2026-08,DADO_CALCULADO_SOBRE_DADOS_OFICIAIS
2025-11,Carnes Preparadas (Defumadas/Salgadas),9334270.0,18480976.0,0.0,27815246.0,7,0.33558106946097116,FORA_DAS_FAIXAS_NT,2026-08,DADO_CALCULADO_SOBRE_DADOS_OFICIAIS
2025-11,Carnes de Bovinos,737578797.0,362158041.0,0.0,1099736838.0,16,0.6706866329415437,FORA_DAS_FAIXAS_NT,2026-08,DADO_CALCULADO_SOBRE_DADOS_OFICIAIS
2025-11,Carnes de Espécies Exóticas/Diversas e Subprodutos,1258225.0,273538.0,0.0,1531763.0,9,0.8214227657934028,FORA_DAS_FAIXAS_NT,2026-08,DADO_CALCULADO_SOBRE_DADOS_OFICIAIS
2025-11,Carnes de Frango,314395958.0,170151525.0,0.0,484547483.0,21,0.6488444766103553,FORA_DAS_FAIXAS_NT,2026-08,DADO_CALCULADO_SOBRE_DADOS_OFICIAIS
2025-11,Carnes de Outras Aves (Exceto Frango),0.0,280106.0,0.0,280106.0,12,0.0,CRITICA,2026-08,DADO_CALCULADO_SOBRE_DADOS_OFICIAIS
2025-11,Carnes de Ovinos e Caprinos,3653318.0,375260.0,0.0,4028578.0,13,0.9068505065559113,FORA_DAS_FAIXAS_NT,2026-08,DADO_CALCULADO_SOBRE_DADOS_OFICIAIS
2025-11,Carnes de Suínos,125119561.0,61226145.0,0.0,186345706.0,10,0.6714378543286638,FORA_DAS_FAIXAS_NT,2026-08,DADO_CALCULADO_SOBRE_DADOS_OFICIAIS
2025-11,Cereais e Grãos (exceto soja),133553744.0,403462802.0,54464232.0,591480778.0,40,0.2257955777558675,MEDIA,2026-08,DADO_CALCULADO_SOBRE_DADOS_OFICIAIS
2025-11,Chás e Especiarias,6618043.0,8950091.0,0.0,15568134.0,42,0.42510187797715515,FORA_DAS_FAIXAS_NT,2026-08,DADO_CALCULADO_SOBRE_DADOS_OFICIAIS
2025-11,Combustíveis e Derivados de Petróleo,279301962.0,204097221.0,9666286.0,493065469.0,63,0.5664601955729331,FORA_DAS_FAIXAS_NT,2026-08,DADO_CALCULADO_SOBRE_DADOS_OFICIAIS
2025-11,Componentes Elétricos e Eletrônicos,140132176.0,594356243.0,143958051.0,878446470.0,327,0.15952272652424684,MEDIA,2026-08,DADO_CALCULADO_SOBRE_DADOS_OFICIAIS
2025-11,Conservas de Frutas e Hortícolas,49486153.0,148648030.0,9495515.0,207629698.0,49,0.23833851070765416,MEDIA,2026-08,DADO_CALCULADO_SOBRE_DADOS_OFICIAIS
2025-11,Couros e Suas Obras,153135403.0,125787674.0,6158936.0,285082013.0,105,0.5371626269525465,FORA_DAS_FAIXAS_NT,2026-08,DADO_CALCULADO_SOBRE_DADOS_OFICIAIS
2025-11,Eletrodomésticos (Linha Branca + Portáteis),136456520.0,818845106.0,42411568.0,997713194.0,105,0.1367692848211447,ALTA,2026-08,DADO_CALCULADO_SOBRE_DADOS_OFICIAIS
2025-11,Eletrônicos de Consumo – Comunicação/Imagem,2513005.0,205875141.0,22941866.0,231330012.0,55,0.010863289973805906,CRITICA,2026-08,DADO_CALCULADO_SOBRE_DADOS_OFICIAIS
2025-11,Eletrônicos de Consumo – Informática/TIC,4619564.0,299550133.0,10994554.0,315164251.0,144,0.014657639581083072,CRITICA,2026-08,DADO_CALCULADO_SOBRE_DADOS_OFICIAIS
2025-11,Eletrônicos de Consumo – Áudio/Vídeo,3905638.0,76347801.0,54867532.0,135120971.0,34,0.028904750839897384,CRITICA,2026-08,DADO_CALCULADO_SOBRE_DADOS_OFICIAIS
2025-11,Embarcações e Estruturas Flutuantes,190284.0,11032167.0,0.0,11222451.0,27,0.016955654339680343,CRITICA,2026-08,DADO_CALCULADO_SOBRE_DADOS_OFICIAIS
2025-11,Erva-mate,31037472.0,27596839.0,0.0,58634311.0,2,0.5293397580812368,FORA_DAS_FAIXAS_NT,2026-08,DADO_CALCULADO_SOBRE_DADOS_OFICIAIS
2025-11,Etanol e Álcool Etílico,2225130.0,699203511.0,0.0,701428641.0,5,0.0031722827810790805,CRITICA,2026-08,DADO_CALCULADO_SOBRE_DADOS_OFICIAIS
2025-11,Explosivos e Pirotecnia,3622.0,2919292.0,0.0,2922914.0,15,0.0012391743308219126,CRITICA,2026-08,DADO_CALCULADO_SOBRE_DADOS_OFICIAIS
2025-11,"Farinha, Malte e Preparações de Cereais",191741053.0,101031524.0,7719621.0,300492198.0,36,0.6380899546683072,FORA_DAS_FAIXAS_NT,2026-08,DADO_CALCULADO_SOBRE_DADOS_OFICIAIS
2025-11,"Feltros, Passamanarias, Têxteis Técnicos",12769778.0,45016068.0,2691677.0,60477523.0,76,0.21114915701821982,MEDIA,2026-08,DADO_CALCULADO_SOBRE_DADOS_OFICIAIS
2025-11,Ferramentas e Cutelaria (Metais Comuns),47591521.0,102425070.0,20136365.0,170152956.0,84,0.279698467301385,MEDIA,2026-08,DADO_CALCULADO_SOBRE_DADOS_OFICIAIS
2025-11,Fibras Sintéticas/Descontínuas – Têxteis,3138835.0,19389825.0,5556459.0,28085119.0,125,0.11176149903441748,ALTA,2026-08,DADO_CALCULADO_SOBRE_DADOS_OFICIAIS
2025-11,Filamentos Sintéticos – Têxteis Técnicos,13934855.0,66500930.0,158495.0,80594280.0,94,0.1729012902652645,MEDIA,2026-08,DADO_CALCULADO_SOBRE_DADOS_OFICIAIS
2025-11,Frutas e Hortícolas,237307455.0,261089545.0,40412936.0,538809936.0,172,0.44042887694632266,FORA_DAS_FAIXAS_NT,2026-08,DADO_CALCULADO_SOBRE_DADOS_OFICIAIS
2025-11,Instrumentos Musicais,175947.0,12949946.0,908265.0,14034158.0,19,0.012537054235815215,CRITICA,2026-08,DADO_CALCULADO_SOBRE_DADOS_OFICIAIS
2025-11,Instrumentos Médicos,18882573.0,275666112.0,15373447.0,309922132.0,117,0.06092682983995477,ALTA,2026-08,DADO_CALCULADO_SOBRE_DADOS_OFICIAIS
2025-11,"Joias, Bijuterias, Metais Preciosos e Relógios",15971128.0,85444852.0,4859655.0,106275635.0,112,0.15028024062147452,MEDIA,2026-08,DADO_CALCULADO_SOBRE_DADOS_OFICIAIS
2025-11,Laticínios,389859203.0,264528074.0,604380.0,654991657.0,43,0.5952124715383971,FORA_DAS_FAIXAS_NT,2026-08,DADO_CALCULADO_SOBRE_DADOS_OFICIAIS
2025-11,Madeira e Cortiça - Produtos e Obras,261475256.0,259816343.0,5559890.0,526851489.0,150,0.4962978400161644,FORA_DAS_FAIXAS_NT,2026-08,DADO_CALCULADO_SOBRE_DADOS_OFICIAIS
2025-11,Massas e Panificação,233190006.0,324051978.0,0.0,557241984.0,22,0.41847171012871853,FORA_DAS_FAIXAS_NT,2026-08,DADO_CALCULADO_SOBRE_DADOS_OFICIAIS
2025-11,Material Ferroviário e Contêineres,2311934.0,4102246.0,0.0,6414180.0,22,0.3604410852205582,FORA_DAS_FAIXAS_NT,2026-08,DADO_CALCULADO_SOBRE_DADOS_OFICIAIS
2025-11,Medicamentos,7593252.0,1629866926.0,0.0,1637460178.0,215,0.004637213229377234,CRITICA,2026-08,DADO_CALCULADO_SOBRE_DADOS_OFICIAIS
2025-11,Mel e Outros Produtos Comestíveis de Origem Animal,1681849.0,1324426.0,0.0,3006275.0,3,0.5594461584519048,FORA_DAS_FAIXAS_NT,2026-08,DADO_CALCULADO_SOBRE_DADOS_OFICIAIS
2025-11,"Metais Não Ferrosos e Suas Obras (NCMs dos Caps. 74, 75, 78, 79, 80, 81)",33358380.0,127890357.0,863394.0,162112131.0,170,0.20577349637085457,MEDIA,2026-08,DADO_CALCULADO_SOBRE_DADOS_OFICIAIS
2025-11,Minerais e Materiais de Mineração (Não Metálicos),95624897.0,162180797.0,954049.0,258759743.0,79,0.36955090421464826,FORA_DAS_FAIXAS_NT,2026-08,DADO_CALCULADO_SOBRE_DADOS_OFICIAIS
2025-11,Minérios e Subprodutos da Metalurgia (NCMs do Cap. 26),114230.0,34791.0,0.0,149021.0,27,0.7665362599902027,FORA_DAS_FAIXAS_NT,2026-08,DADO_CALCULADO_SOBRE_DADOS_OFICIAIS
2025-11,Mobiliário e Iluminação,513403220.0,438736289.0,15564939.0,967704448.0,106,0.5305372121220218,FORA_DAS_FAIXAS_NT,2026-08,DADO_CALCULADO_SOBRE_DADOS_OFICIAIS
2025-11,Motocicletas,0.0,78440993.0,3960026.0,82401019.0,9,0.0,CRITICA,2026-08,DADO_CALCULADO_SOBRE_DADOS_OFICIAIS
2025-11,Máquinas e Equipamentos Industriais,660705045.0,1456837029.0,199791537.0,2317333611.0,792,0.2851143408371338,MEDIA,2026-08,DADO_CALCULADO_SOBRE_DADOS_OFICIAIS
2025-11,Máquinas e Implementos Agrícolas,213155213.0,195707954.0,16109479.0,424972646.0,41,0.5015739601273066,FORA_DAS_FAIXAS_NT,2026-08,DADO_CALCULADO_SOBRE_DADOS_OFICIAIS
2025-11,Objetos de Arte e Coleções,798413.0,5247720.0,0.0,6046133.0,24,0.13205349601141755,ALTA,2026-08,DADO_CALCULADO_SOBRE_DADOS_OFICIAIS
2025-11,Obras de Espartaria e Cestaria,65828.0,2254592.0,0.0,2320420.0,11,0.028369002163401453,CRITICA,2026-08,DADO_CALCULADO_SOBRE_DADOS_OFICIAIS
2025-11,Obras de Ferro ou Aço,447743176.0,466424925.0,44353027.0,958521128.0,154,0.46711873418402106,FORA_DAS_FAIXAS_NT,2026-08,DADO_CALCULADO_SOBRE_DADOS_OFICIAIS
2025-11,Outras Fibras Têxteis Vegetais,120902.0,2308995.0,0.0,2429897.0,28,0.049756018464980206,CRITICA,2026-08,DADO_CALCULADO_SOBRE_DADOS_OFICIAIS
2025-11,Outros,0.0,83538.0,0.0,83538.0,9,0.0,CRITICA,2026-08,DADO_CALCULADO_SOBRE_DADOS_OFICIAIS
2025-11,Ovos,60227108.0,22125605.0,0.0,82352713.0,10,0.7313311948812178,FORA_DAS_FAIXAS_NT,2026-08,DADO_CALCULADO_SOBRE_DADOS_OFICIAIS
2025-11,Papel e Papelão,308579496.0,544712098.0,8966767.0,862258361.0,176,0.3578735909758259,FORA_DAS_FAIXAS_NT,2026-08,DADO_CALCULADO_SOBRE_DADOS_OFICIAIS
2025-11,Pasta Química e Pasta Mecânica,1589959.0,16212764.0,0.0,17802723.0,20,0.08930987692163721,ALTA,2026-08,DADO_CALCULADO_SOBRE_DADOS_OFICIAIS
2025-11,Perfumaria e Cosméticos,31963968.0,576328510.0,8405232.0,616697710.0,58,0.051830852428493696,ALTA,2026-08,DADO_CALCULADO_SOBRE_DADOS_OFICIAIS
2025-11,Pescados e Frutos do Mar,2449946.0,52323999.0,7497914.0,62271859.0,201,0.03934274709865334,CRITICA,2026-08,DADO_CALCULADO_SOBRE_DADOS_OFICIAIS
2025-11,Pescados e Frutos do Mar - Preparações e Conservas,408201.0,16246057.0,0.0,16654258.0,30,0.024510308414821002,CRITICA,2026-08,DADO_CALCULADO_SOBRE_DADOS_OFICIAIS
2025-11,Peças e Acessórios Automotivos,458870760.0,1088030540.0,252514284.0,1799415584.0,127,0.2550109958367461,MEDIA,2026-08,DADO_CALCULADO_SOBRE_DADOS_OFICIAIS
2025-11,Plantas Vivas e Floricultura,66692.0,28041617.0,0.0,28108309.0,30,0.0023726791960341693,CRITICA,2026-08,DADO_CALCULADO_SOBRE_DADOS_OFICIAIS
2025-11,Plásticos e Suas Obras,680064056.0,1259596134.0,137551975.0,2077212165.0,311,0.32739267921628024,FORA_DAS_FAIXAS_NT,2026-08,DADO_CALCULADO_SOBRE_DADOS_OFICIAIS
2025-11,"Pneumáticos, Câmaras e Protetores",29607699.0,325834036.0,6450024.0,361891759.0,21,0.0818136867272515,ALTA,2026-08,DADO_CALCULADO_SOBRE_DADOS_OFICIAIS
2025-11,"Preparações Alimentícias Diversas (Molhos, Condimentos, etc)",29237926.0,303823333.0,0.0,333061259.0,23,0.08778543048742873,ALTA,2026-08,DADO_CALCULADO_SOBRE_DADOS_OFICIAIS
2025-11,Preparações de Carne,133228418.0,109942614.0,0.0,243171032.0,15,0.5478794776838386,FORA_DAS_FAIXAS_NT,2026-08,DADO_CALCULADO_SOBRE_DADOS_OFICIAIS
2025-11,"Preparações, Suplementos e Complementos alimentares",13391623.0,202809589.0,0.0,216201212.0,27,0.061940554708823745,ALTA,2026-08,DADO_CALCULADO_SOBRE_DADOS_OFICIAIS
2025-11,"Produtos Cerâmicos, Porcelana e Refratários",47741723.0,134929205.0,1950355.0,184621283.0,56,0.2585927376531123,MEDIA,2026-08,DADO_CALCULADO_SOBRE_DADOS_OFICIAIS
2025-11,"Produtos Editoriais, Impressos e Materiais Gráficos",33573267.0,232408306.0,1830618.0,267812191.0,39,0.12536123495587995,ALTA,2026-08,DADO_CALCULADO_SOBRE_DADOS_OFICIAIS
2025-11,Produtos Farmacêuticos,975501.0,104587858.0,0.0,105563359.0,46,0.009240905265244544,CRITICA,2026-08,DADO_CALCULADO_SOBRE_DADOS_OFICIAIS
2025-11,Produtos Fotográficos,243913.0,6441343.0,0.0,6685256.0,48,0.03648521462753259,CRITICA,2026-08,DADO_CALCULADO_SOBRE_DADOS_OFICIAIS
2025-11,"Produtos Minerais: Pedra, Cimento, Gesso, Amianto e Abrasivos",209763581.0,150684497.0,8299452.0,368747530.0,65,0.5688541995115194,FORA_DAS_FAIXAS_NT,2026-08,DADO_CALCULADO_SOBRE_DADOS_OFICIAIS
2025-11,Produtos Químicos Diversos,140536281.0,1113536570.0,55463753.0,1309536604.0,257,0.10731756605407572,ALTA,2026-08,DADO_CALCULADO_SOBRE_DADOS_OFICIAIS
2025-11,Produtos de Origem Animal (Não Alimentares),25030933.0,12479863.0,0.0,37510796.0,32,0.6672994356078181,FORA_DAS_FAIXAS_NT,2026-08,DADO_CALCULADO_SOBRE_DADOS_OFICIAIS
2025-11,Químicos Inorgânicos,65650850.0,185409872.0,5277835.0,256338557.0,284,0.2561099304307935,MEDIA,2026-08,DADO_CALCULADO_SOBRE_DADOS_OFICIAIS
2025-11,Químicos Orgânicos,247103175.0,166843065.0,30932560.0,444878800.0,819,0.5554393129094936,FORA_DAS_FAIXAS_NT,2026-08,DADO_CALCULADO_SOBRE_DADOS_OFICIAIS
2025-11,Resíduos para Alimentação Animal,625808182.0,344640236.0,1013064.0,971461482.0,36,0.6441924807060956,FORA_DAS_FAIXAS_NT,2026-08,DADO_CALCULADO_SOBRE_DADOS_OFICIAIS
2025-11,"Sabões e Preparações de Limpeza, Ceras e Pastas",88507012.0,304008430.0,14573725.0,407089167.0,55,0.21741431404879413,MEDIA,2026-08,DADO_CALCULADO_SOBRE_DADOS_OFICIAIS
2025-11,Siderurgia – Ferro e Aço,561554861.0,942484450.0,23782562.0,1527821873.0,205,0.3675525733227934,FORA_DAS_FAIXAS_NT,2026-08,DADO_CALCULADO_SOBRE_DADOS_OFICIAIS
2025-11,"Soja, Oleaginosas e Sementes",33261427.0,152213764.0,0.0,185475191.0,38,0.17933086802967627,MEDIA,2026-08,DADO_CALCULADO_SOBRE_DADOS_OFICIAIS
2025-11,Sucos e Bebidas à Base de Frutas/Vegetais,69543944.0,12503178.0,1069394.0,83116516.0,24,0.8367042718681809,FORA_DAS_FAIXAS_NT,2026-08,DADO_CALCULADO_SOBRE_DADOS_OFICIAIS
2025-11,Tabaco e Sucedâneos,116526385.0,158978738.0,7686533.0,283191656.0,24,0.4114753472821247,FORA_DAS_FAIXAS_NT,2026-08,DADO_CALCULADO_SOBRE_DADOS_OFICIAIS
2025-11,Tecidos Impregnados/Revestidos/Laminados,24884902.0,38768179.0,11262411.0,74915492.0,26,0.33217297698585496,FORA_DAS_FAIXAS_NT,2026-08,DADO_CALCULADO_SOBRE_DADOS_OFICIAIS
2025-11,Tecidos Sintéticos (Inclusive Malhas),18595761.0,62858928.0,1717083.0,83171772.0,82,0.22358259963488575,MEDIA,2026-08,DADO_CALCULADO_SOBRE_DADOS_OFICIAIS
2025-11,"Tintas, Pigmentos e Corantes",115385802.0,256053799.0,13882997.0,385322598.0,95,0.29945246554161353,MEDIA,2026-08,DADO_CALCULADO_SOBRE_DADOS_OFICIAIS
2025-11,Toucinho e Gorduras Não Fundidas,2979877.0,5780104.0,0.0,8759981.0,5,0.3401693451161595,FORA_DAS_FAIXAS_NT,2026-08,DADO_CALCULADO_SOBRE_DADOS_OFICIAIS
2025-11,Tratores,761029.0,233605765.0,41251619.0,275618413.0,12,0.002761168935400553,CRITICA,2026-08,DADO_CALCULADO_SOBRE_DADOS_OFICIAIS
2025-11,"Têxteis Naturais (Algodão, Lã, Seda e Afins)",47863388.0,216245317.0,8576351.0,272685056.0,321,0.17552625986221995,MEDIA,2026-08,DADO_CALCULADO_SOBRE_DADOS_OFICIAIS
2025-11,Vacinas e Soros,548130.0,650077567.0,0.0,650625697.0,40,0.0008424659562747028,CRITICA,2026-08,DADO_CALCULADO_SOBRE_DADOS_OFICIAIS
2025-11,Vestuário Tecido (Plano),43966817.0,393058402.0,472258.0,437497477.0,117,0.10049616126129111,ALTA,2026-08,DADO_CALCULADO_SOBRE_DADOS_OFICIAIS
2025-11,Vestuário de Malha,65584265.0,504900188.0,309285.0,570793738.0,134,0.11490011300719631,ALTA,2026-08,DADO_CALCULADO_SOBRE_DADOS_OFICIAIS
2025-11,Veículos Comerciais (Caminhões e Carga) e Ônibus,201519294.0,495304604.0,14950490.0,711774388.0,46,0.2831224295190571,MEDIA,2026-08,DADO_CALCULADO_SOBRE_DADOS_OFICIAIS
2025-11,Veículos Leves e de Passageiros,0.0,1132231970.0,0.0,1132231970.0,20,0.0,CRITICA,2026-08,DADO_CALCULADO_SOBRE_DADOS_OFICIAIS
2025-11,Vidro e Suas Obras,100198269.0,174959894.0,15380509.0,290538672.0,91,0.34487067869574345,FORA_DAS_FAIXAS_NT,2026-08,DADO_CALCULADO_SOBRE_DADOS_OFICIAIS
2025-11,Óleos Brutos de Petróleo,0.0,80758092.0,711493896.0,792251988.0,2,0.0,CRITICA,2026-08,DADO_CALCULADO_SOBRE_DADOS_OFICIAIS
2025-11,Óleos e Gorduras Vegetais/animais,250491019.0,248956842.0,8024416.0,507472277.0,63,0.4936053265427936,FORA_DAS_FAIXAS_NT,2026-08,DADO_CALCULADO_SOBRE_DADOS_OFICIAIS
2025-11,"Óptica, Instrumentos e Aparelhos de Precisão",29479405.0,218171641.0,43993134.0,291644180.0,245,0.1010800386964691,ALTA,2026-08,DADO_CALCULADO_SOBRE_DADOS_OFICIAIS
2025-12,Acessórios Pessoais e Artigos de Uso Pessoal,14943420.0,167614772.0,4236871.0,186795063.0,57,0.07999900939566053,ALTA,2026-08,DADO_CALCULADO_SOBRE_DADOS_OFICIAIS
2025-12,Adubos e Fertilizantes,458499443.0,108015026.0,683770608.0,1250285077.0,36,0.366715920580407,FORA_DAS_FAIXAS_NT,2026-08,DADO_CALCULADO_SOBRE_DADOS_OFICIAIS
2025-12,Aeronaves e Espaço,100737.0,5491209.0,0.0,5591946.0,29,0.01801465893983955,CRITICA,2026-08,DADO_CALCULADO_SOBRE_DADOS_OFICIAIS
2025-12,Alumínio e Suas Obras,194842873.0,236914268.0,11013826.0,442770967.0,56,0.44005340801850723,FORA_DAS_FAIXAS_NT,2026-08,DADO_CALCULADO_SOBRE_DADOS_OFICIAIS
2025-12,Animais Vivos e Genética,23969480.0,128089253.0,2055942.0,154114675.0,48,0.15553015960355496,MEDIA,2026-08,DADO_CALCULADO_SOBRE_DADOS_OFICIAIS
2025-12,Aparelhos Telefônicos,1638651.0,499724751.0,6440094.0,507803496.0,52,0.0032269391859405393,CRITICA,2026-08,DADO_CALCULADO_SOBRE_DADOS_OFICIAIS
2025-12,Armas e Munições,9810990.0,17811004.0,153564.0,27775558.0,25,0.35322386682564577,FORA_DAS_FAIXAS_NT,2026-08,DADO_CALCULADO_SOBRE_DADOS_OFICIAIS
2025-12,Artefatos de Metal Diversos,57467619.0,63224298.0,14963688.0,135655605.0,40,0.42362878408157184,FORA_DAS_FAIXAS_NT,2026-08,DADO_CALCULADO_SOBRE_DADOS_OFICIAIS
2025-12,"Açúcares, Sacarídeos e Produtos de Confeitaria (sem cacau)",91488253.0,222124510.0,1113454.0,314726217.0,30,0.2906915536686923,MEDIA,2026-08,DADO_CALCULADO_SOBRE_DADOS_OFICIAIS
2025-12,Bebidas Alcoólicas,411438876.0,241373193.0,41937979.0,694750048.0,27,0.5922113675046482,FORA_DAS_FAIXAS_NT,2026-08,DADO_CALCULADO_SOBRE_DADOS_OFICIAIS
2025-12,Bebidas Não Alcoólicas (Exceto Sucos),450106567.0,163508290.0,590202.0,614205059.0,6,0.7328278404818545,FORA_DAS_FAIXAS_NT,2026-08,DADO_CALCULADO_SOBRE_DADOS_OFICIAIS
2025-12,Biodiesel,354448563.0,5321440.0,0.0,359770003.0,1,0.9852087723945123,FORA_DAS_FAIXAS_NT,2026-08,DADO_CALCULADO_SOBRE_DADOS_OFICIAIS
2025-12,Borracha e Suas Obras (Exceto Pneumáticos),53118713.0,138235583.0,24981478.0,216335774.0,89,0.24553827606894088,MEDIA,2026-08,DADO_CALCULADO_SOBRE_DADOS_OFICIAIS
2025-12,"Brinquedos, Jogos e Artigos de Lazer",19237280.0,257606560.0,2419381.0,279263221.0,80,0.06888583441498013,ALTA,2026-08,DADO_CALCULADO_SOBRE_DADOS_OFICIAIS
2025-12,Cabos e Fios,25865080.0,216856525.0,7035954.0,249757559.0,14,0.10356074948666519,ALTA,2026-08,DADO_CALCULADO_SOBRE_DADOS_OFICIAIS
2025-12,Cacau e Preparações,31588296.0,156164929.0,2369361.0,190122586.0,13,0.1661469931825985,MEDIA,2026-08,DADO_CALCULADO_SOBRE_DADOS_OFICIAIS
2025-12,Café,976352.0,155506843.0,3853.0,156487048.0,10,0.00623918728404922,CRITICA,2026-08,DADO_CALCULADO_SOBRE_DADOS_OFICIAIS
2025-12,Calçados,264022857.0,252065487.0,3324022.0,519412366.0,37,0.5083106877744223,FORA_DAS_FAIXAS_NT,2026-08,DADO_CALCULADO_SOBRE_DADOS_OFICIAIS
2025-12,Carnes Preparadas (Defumadas/Salgadas),13687181.0,22834188.0,0.0,36521369.0,8,0.3747718493247063,FORA_DAS_FAIXAS_NT,2026-08,DADO_CALCULADO_SOBRE_DADOS_OFICIAIS
2025-12,Carnes de Bovinos,922697906.0,406965332.0,0.0,1329663238.0,16,0.6939335311607675,FORA_DAS_FAIXAS_NT,2026-08,DADO_CALCULADO_SOBRE_DADOS_OFICIAIS
2025-12,Carnes de Espécies Exóticas/Diversas e Subprodutos,1497256.0,68767.0,0.0,1566023.0,9,0.9560881289738401,FORA_DAS_FAIXAS_NT,2026-08,DADO_CALCULADO_SOBRE_DADOS_OFICIAIS
2025-12,Carnes de Frango,339453500.0,156425572.0,0.0,495879072.0,23,0.6845489539030193,FORA_DAS_FAIXAS_NT,2026-08,DADO_CALCULADO_SOBRE_DADOS_OFICIAIS
2025-12,Carnes de Outras Aves (Exceto Frango),0.0,446102.0,0.0,446102.0,12,0.0,CRITICA,2026-08,DADO_CALCULADO_SOBRE_DADOS_OFICIAIS
2025-12,Carnes de Ovinos e Caprinos,7011304.0,229553.0,0.0,7240857.0,12,0.9682975371561681,FORA_DAS_FAIXAS_NT,2026-08,DADO_CALCULADO_SOBRE_DADOS_OFICIAIS
2025-12,Carnes de Suínos,147858539.0,59469646.0,0.0,207328185.0,10,0.7131617874337731,FORA_DAS_FAIXAS_NT,2026-08,DADO_CALCULADO_SOBRE_DADOS_OFICIAIS
2025-12,Cereais e Grãos (exceto soja),134310492.0,289691874.0,54999897.0,479002263.0,40,0.2803963621357672,MEDIA,2026-08,DADO_CALCULADO_SOBRE_DADOS_OFICIAIS
2025-12,Chás e Especiarias,6510031.0,7452674.0,104667.0,14067372.0,41,0.46277520776446374,FORA_DAS_FAIXAS_NT,2026-08,DADO_CALCULADO_SOBRE_DADOS_OFICIAIS
2025-12,Combustíveis e Derivados de Petróleo,261981154.0,177288357.0,5293696.0,444563207.0,66,0.5893001262247958,FORA_DAS_FAIXAS_NT,2026-08,DADO_CALCULADO_SOBRE_DADOS_OFICIAIS
2025-12,Componentes Elétricos e Eletrônicos,146348242.0,678982668.0,76070705.0,901401615.0,326,0.16235631217501204,MEDIA,2026-08,DADO_CALCULADO_SOBRE_DADOS_OFICIAIS
2025-12,Conservas de Frutas e Hortícolas,51049643.0,141683971.0,12636265.0,205369879.0,50,0.24857414947398396,MEDIA,2026-08,DADO_CALCULADO_SOBRE_DADOS_OFICIAIS
2025-12,Couros e Suas Obras,117132793.0,122270664.0,7926726.0,247330183.0,105,0.4735887532173944,FORA_DAS_FAIXAS_NT,2026-08,DADO_CALCULADO_SOBRE_DADOS_OFICIAIS
2025-12,Eletrodomésticos (Linha Branca + Portáteis),99529801.0,751494098.0,37543195.0,888567094.0,107,0.11201157647190568,ALTA,2026-08,DADO_CALCULADO_SOBRE_DADOS_OFICIAIS
2025-12,Eletrônicos de Consumo – Comunicação/Imagem,1302585.0,146177128.0,10314100.0,157793813.0,53,0.008254981454817878,CRITICA,2026-08,DADO_CALCULADO_SOBRE_DADOS_OFICIAIS
2025-12,Eletrônicos de Consumo – Informática/TIC,3698776.0,302364193.0,16053160.0,322116129.0,141,0.011482740747825142,CRITICA,2026-08,DADO_CALCULADO_SOBRE_DADOS_OFICIAIS
2025-12,Eletrônicos de Consumo – Áudio/Vídeo,3254513.0,68802045.0,35802725.0,107859283.0,33,0.0301736939972056,CRITICA,2026-08,DADO_CALCULADO_SOBRE_DADOS_OFICIAIS
2025-12,Embarcações e Estruturas Flutuantes,237403.0,13300875.0,0.0,13538278.0,28,0.01753568659175118,CRITICA,2026-08,DADO_CALCULADO_SOBRE_DADOS_OFICIAIS
2025-12,Erva-mate,32483850.0,22177544.0,0.0,54661394.0,2,0.5942740867530748,FORA_DAS_FAIXAS_NT,2026-08,DADO_CALCULADO_SOBRE_DADOS_OFICIAIS
2025-12,Etanol e Álcool Etílico,1888457.0,776403707.0,0.0,778292164.0,5,0.002426411426647744,CRITICA,2026-08,DADO_CALCULADO_SOBRE_DADOS_OFICIAIS
2025-12,Explosivos e Pirotecnia,0.0,2657818.0,0.0,2657818.0,15,0.0,CRITICA,2026-08,DADO_CALCULADO_SOBRE_DADOS_OFICIAIS
2025-12,"Farinha, Malte e Preparações de Cereais",201471372.0,92242474.0,10569666.0,304283512.0,35,0.6621172822535321,FORA_DAS_FAIXAS_NT,2026-08,DADO_CALCULADO_SOBRE_DADOS_OFICIAIS
2025-12,"Feltros, Passamanarias, Têxteis Técnicos",8339484.0,36896657.0,855797.0,46091938.0,74,0.18093151127644058,MEDIA,2026-08,DADO_CALCULADO_SOBRE_DADOS_OFICIAIS
2025-12,Ferramentas e Cutelaria (Metais Comuns),35605620.0,91758847.0,21268663.0,148633130.0,84,0.23955372533700933,MEDIA,2026-08,DADO_CALCULADO_SOBRE_DADOS_OFICIAIS
2025-12,Fibras Sintéticas/Descontínuas – Têxteis,2979616.0,10155661.0,10361911.0,23497188.0,119,0.12680734392557952,ALTA,2026-08,DADO_CALCULADO_SOBRE_DADOS_OFICIAIS
2025-12,Filamentos Sintéticos – Têxteis Técnicos,10488020.0,41953347.0,119536.0,52560903.0,90,0.19954033133715376,MEDIA,2026-08,DADO_CALCULADO_SOBRE_DADOS_OFICIAIS
2025-12,Frutas e Hortícolas,19548451.0,255566239.0,54499547.0,329614237.0,169,0.05930705899696924,ALTA,2026-08,DADO_CALCULADO_SOBRE_DADOS_OFICIAIS
2025-12,Instrumentos Musicais,150563.0,13030774.0,0.0,13181337.0,19,0.011422437648017042,CRITICA,2026-08,DADO_CALCULADO_SOBRE_DADOS_OFICIAIS
2025-12,Instrumentos Médicos,15553889.0,277497589.0,31454536.0,324506014.0,116,0.04793097301426284,CRITICA,2026-08,DADO_CALCULADO_SOBRE_DADOS_OFICIAIS
2025-12,"Joias, Bijuterias, Metais Preciosos e Relógios",13395422.0,61026287.0,3263127.0,77684836.0,109,0.1724329056960357,MEDIA,2026-08,DADO_CALCULADO_SOBRE_DADOS_OFICIAIS
2025-12,Laticínios,389378471.0,234279921.0,1103600.0,624761992.0,44,0.623242892470962,FORA_DAS_FAIXAS_NT,2026-08,DADO_CALCULADO_SOBRE_DADOS_OFICIAIS
2025-12,Madeira e Cortiça - Produtos e Obras,204665780.0,191393630.0,6816781.0,402876191.0,149,0.5080116039917584,FORA_DAS_FAIXAS_NT,2026-08,DADO_CALCULADO_SOBRE_DADOS_OFICIAIS
2025-12,Massas e Panificação,246775053.0,271802448.0,2589264.0,521166765.0,20,0.47350496918198537,FORA_DAS_FAIXAS_NT,2026-08,DADO_CALCULADO_SOBRE_DADOS_OFICIAIS
2025-12,Material Ferroviário e Contêineres,1608311.0,3979136.0,0.0,5587447.0,19,0.2878436251833798,MEDIA,2026-08,DADO_CALCULADO_SOBRE_DADOS_OFICIAIS
2025-12,Medicamentos,8205954.0,1304875932.0,1499154.0,1314581040.0,214,0.0062422579896633835,CRITICA,2026-08,DADO_CALCULADO_SOBRE_DADOS_OFICIAIS
2025-12,Mel e Outros Produtos Comestíveis de Origem Animal,1134368.0,1146650.0,0.0,2281018.0,4,0.49730778099953615,FORA_DAS_FAIXAS_NT,2026-08,DADO_CALCULADO_SOBRE_DADOS_OFICIAIS
2025-12,"Metais Não Ferrosos e Suas Obras (NCMs dos Caps. 74, 75, 78, 79, 80, 81)",27336426.0,93570816.0,1271630.0,122178872.0,159,0.22374102455291942,MEDIA,2026-08,DADO_CALCULADO_SOBRE_DADOS_OFICIAIS
2025-12,Minerais e Materiais de Mineração (Não Metálicos),88157033.0,129555088.0,5144380.0,222856501.0,81,0.3955775694423202,FORA_DAS_FAIXAS_NT,2026-08,DADO_CALCULADO_SOBRE_DADOS_OFICIAIS
2025-12,Minérios e Subprodutos da Metalurgia (NCMs do Cap. 26),1649039.0,59508.0,0.0,1708547.0,27,0.9651704050283663,FORA_DAS_FAIXAS_NT,2026-08,DADO_CALCULADO_SOBRE_DADOS_OFICIAIS
2025-12,Mobiliário e Iluminação,471330804.0,363864680.0,15484516.0,850680000.0,105,0.5540635773733954,FORA_DAS_FAIXAS_NT,2026-08,DADO_CALCULADO_SOBRE_DADOS_OFICIAIS
2025-12,Motocicletas,0.0,63533966.0,3326732.0,66860698.0,9,0.0,CRITICA,2026-08,DADO_CALCULADO_SOBRE_DADOS_OFICIAIS
2025-12,Máquinas e Equipamentos Industriais,652225626.0,1244263426.0,184674263.0,2081163315.0,806,0.3133947351940518,FORA_DAS_FAIXAS_NT,2026-08,DADO_CALCULADO_SOBRE_DADOS_OFICIAIS
2025-12,Máquinas e Implementos Agrícolas,173179538.0,197788238.0,16953825.0,387921601.0,40,0.4464292206300726,FORA_DAS_FAIXAS_NT,2026-08,DADO_CALCULADO_SOBRE_DADOS_OFICIAIS
2025-12,Objetos de Arte e Coleções,1072963.0,3980034.0,0.0,5052997.0,25,0.21234190323089447,MEDIA,2026-08,DADO_CALCULADO_SOBRE_DADOS_OFICIAIS
2025-12,Obras de Espartaria e Cestaria,49566.0,1726259.0,6697.0,1782522.0,11,0.027806669426800903,CRITICA,2026-08,DADO_CALCULADO_SOBRE_DADOS_OFICIAIS
2025-12,Obras de Ferro ou Aço,386957414.0,348193297.0,44326516.0,779477227.0,154,0.4964319682427361,FORA_DAS_FAIXAS_NT,2026-08,DADO_CALCULADO_SOBRE_DADOS_OFICIAIS
2025-12,Outras Fibras Têxteis Vegetais,22378.0,906109.0,0.0,928487.0,31,0.02410157600483367,CRITICA,2026-08,DADO_CALCULADO_SOBRE_DADOS_OFICIAIS
2025-12,Outros,0.0,3065.0,0.0,3065.0,7,0.0,CRITICA,2026-08,DADO_CALCULADO_SOBRE_DADOS_OFICIAIS
2025-12,Ovos,15608383.0,22900236.0,0.0,38508619.0,9,0.405321806009195,FORA_DAS_FAIXAS_NT,2026-08,DADO_CALCULADO_SOBRE_DADOS_OFICIAIS
2025-12,Papel e Papelão,242223701.0,462534251.0,5307997.0,710065949.0,172,0.341128456224564,FORA_DAS_FAIXAS_NT,2026-08,DADO_CALCULADO_SOBRE_DADOS_OFICIAIS
2025-12,Pasta Química e Pasta Mecânica,1212207.0,7112781.0,0.0,8324988.0,17,0.14561066033969058,ALTA,2026-08,DADO_CALCULADO_SOBRE_DADOS_OFICIAIS
2025-12,Perfumaria e Cosméticos,31408836.0,510624060.0,9039738.0,551072634.0,56,0.0569958188125161,ALTA,2026-08,DADO_CALCULADO_SOBRE_DADOS_OFICIAIS
2025-12,Pescados e Frutos do Mar,3551469.0,58941755.0,10717117.0,73210341.0,206,0.04851048296578758,CRITICA,2026-08,DADO_CALCULADO_SOBRE_DADOS_OFICIAIS
2025-12,Pescados e Frutos do Mar - Preparações e Conservas,517255.0,13742006.0,19402.0,14278663.0,30,0.036225730658395676,CRITICA,2026-08,DADO_CALCULADO_SOBRE_DADOS_OFICIAIS
2025-12,Peças e Acessórios Automotivos,313395898.0,696517556.0,164763842.0,1174677296.0,126,0.26679318572613325,MEDIA,2026-08,DADO_CALCULADO_SOBRE_DADOS_OFICIAIS
2025-12,Plantas Vivas e Floricultura,223379.0,23764848.0,0.0,23988227.0,30,0.00931202627021997,CRITICA,2026-08,DADO_CALCULADO_SOBRE_DADOS_OFICIAIS
2025-12,Plásticos e Suas Obras,560617619.0,979974120.0,119806553.0,1660398292.0,309,0.33764044548896704,FORA_DAS_FAIXAS_NT,2026-08,DADO_CALCULADO_SOBRE_DADOS_OFICIAIS
2025-12,"Pneumáticos, Câmaras e Protetores",19380193.0,278205907.0,5310598.0,302896698.0,20,0.06398284671957698,ALTA,2026-08,DADO_CALCULADO_SOBRE_DADOS_OFICIAIS
2025-12,"Preparações Alimentícias Diversas (Molhos, Condimentos, etc)",33556134.0,226668723.0,2431156.0,262656013.0,23,0.1277569609647581,ALTA,2026-08,DADO_CALCULADO_SOBRE_DADOS_OFICIAIS
2025-12,Preparações de Carne,155488214.0,107550996.0,6761.0,263045971.0,15,0.5911066168734438,FORA_DAS_FAIXAS_NT,2026-08,DADO_CALCULADO_SOBRE_DADOS_OFICIAIS
2025-12,"Preparações, Suplementos e Complementos alimentares",12581645.0,163932780.0,5259075.0,181773500.0,27,0.0692160573460928,ALTA,2026-08,DADO_CALCULADO_SOBRE_DADOS_OFICIAIS
2025-12,"Produtos Cerâmicos, Porcelana e Refratários",35797602.0,110394232.0,794065.0,146985899.0,54,0.2435444640849528,MEDIA,2026-08,DADO_CALCULADO_SOBRE_DADOS_OFICIAIS
2025-12,"Produtos Editoriais, Impressos e Materiais Gráficos",30728801.0,260123652.0,726085.0,291578538.0,40,0.10538773261837261,ALTA,2026-08,DADO_CALCULADO_SOBRE_DADOS_OFICIAIS
2025-12,Produtos Farmacêuticos,1011797.0,97830894.0,0.0,98842691.0,44,0.010236437209100266,CRITICA,2026-08,DADO_CALCULADO_SOBRE_DADOS_OFICIAIS
2025-12,Produtos Fotográficos,192403.0,6825011.0,0.0,7017414.0,50,0.02741793486888475,CRITICA,2026-08,DADO_CALCULADO_SOBRE_DADOS_OFICIAIS
2025-12,"Produtos Minerais: Pedra, Cimento, Gesso, Amianto e Abrasivos",180050264.0,123868946.0,7735252.0,311654462.0,66,0.5777240051194903,FORA_DAS_FAIXAS_NT,2026-08,DADO_CALCULADO_SOBRE_DADOS_OFICIAIS
2025-12,Produtos Químicos Diversos,113339198.0,856851330.0,33065284.0,1003255812.0,254,0.11297138441097812,ALTA,2026-08,DADO_CALCULADO_SOBRE_DADOS_OFICIAIS
2025-12,Produtos de Origem Animal (Não Alimentares),27752570.0,7713447.0,0.0,35466017.0,32,0.7825116082248537,FORA_DAS_FAIXAS_NT,2026-08,DADO_CALCULADO_SOBRE_DADOS_OFICIAIS
2025-12,Químicos Inorgânicos,61533155.0,155656227.0,13678953.0,230868335.0,277,0.2665292102531081,MEDIA,2026-08,DADO_CALCULADO_SOBRE_DADOS_OFICIAIS
2025-12,Químicos Orgânicos,29310148.0,143000715.0,38026638.0,210337501.0,784,0.13934818023724643,ALTA,2026-08,DADO_CALCULADO_SOBRE_DADOS_OFICIAIS
2025-12,Resíduos para Alimentação Animal,697849126.0,313807453.0,532023.0,1012188602.0,39,0.6894457461989876,FORA_DAS_FAIXAS_NT,2026-08,DADO_CALCULADO_SOBRE_DADOS_OFICIAIS
2025-12,"Sabões e Preparações de Limpeza, Ceras e Pastas",87110955.0,255005919.0,14593211.0,356710085.0,57,0.24420659427108712,MEDIA,2026-08,DADO_CALCULADO_SOBRE_DADOS_OFICIAIS
2025-12,Siderurgia – Ferro e Aço,434444620.0,714377691.0,25910419.0,1174732730.0,203,0.36982422376194457,FORA_DAS_FAIXAS_NT,2026-08,DADO_CALCULADO_SOBRE_DADOS_OFICIAIS
2025-12,"Soja, Oleaginosas e Sementes",14203661.0,129830777.0,157655.0,144192093.0,40,0.09850513092975216,ALTA,2026-08,DADO_CALCULADO_SOBRE_DADOS_OFICIAIS
2025-12,Sucos e Bebidas à Base de Frutas/Vegetais,44821494.0,15429279.0,0.0,60250773.0,23,0.7439156672728497,FORA_DAS_FAIXAS_NT,2026-08,DADO_CALCULADO_SOBRE_DADOS_OFICIAIS
2025-12,Tabaco e Sucedâneos,105295598.0,97873035.0,23373647.0,226542280.0,22,0.46479446573946376,FORA_DAS_FAIXAS_NT,2026-08,DADO_CALCULADO_SOBRE_DADOS_OFICIAIS
2025-12,Tecidos Impregnados/Revestidos/Laminados,14323507.0,28775485.0,7536162.0,50635154.0,26,0.2828767342151265,MEDIA,2026-08,DADO_CALCULADO_SOBRE_DADOS_OFICIAIS
2025-12,Tecidos Sintéticos (Inclusive Malhas),12073631.0,41042477.0,1315345.0,54431453.0,80,0.22181349816254217,MEDIA,2026-08,DADO_CALCULADO_SOBRE_DADOS_OFICIAIS
2025-12,"Tintas, Pigmentos e Corantes",100474371.0,192163144.0,21910066.0,314547581.0,95,0.31942503159800173,FORA_DAS_FAIXAS_NT,2026-08,DADO_CALCULADO_SOBRE_DADOS_OFICIAIS
2025-12,Toucinho e Gorduras Não Fundidas,3424241.0,4238886.0,0.0,7663127.0,5,0.44684643749216213,FORA_DAS_FAIXAS_NT,2026-08,DADO_CALCULADO_SOBRE_DADOS_OFICIAIS
2025-12,Tratores,0.0,402513647.0,7760825.0,410274472.0,11,0.0,CRITICA,2026-08,DADO_CALCULADO_SOBRE_DADOS_OFICIAIS
2025-12,"Têxteis Naturais (Algodão, Lã, Seda e Afins)",36493598.0,179961186.0,5993744.0,222448528.0,324,0.16405412221923088,MEDIA,2026-08,DADO_CALCULADO_SOBRE_DADOS_OFICIAIS
2025-12,Vacinas e Soros,111038.0,752497106.0,230589.0,752838733.0,39,0.0001474924112333099,CRITICA,2026-08,DADO_CALCULADO_SOBRE_DADOS_OFICIAIS
2025-12,Vestuário Tecido (Plano),32794279.0,291651206.0,311404.0,324756889.0,115,0.10098101106024575,ALTA,2026-08,DADO_CALCULADO_SOBRE_DADOS_OFICIAIS
2025-12,Vestuário de Malha,52005846.0,403123683.0,1221618.0,456351147.0,138,0.11396015183018703,ALTA,2026-08,DADO_CALCULADO_SOBRE_DADOS_OFICIAIS
2025-12,Veículos Comerciais (Caminhões e Carga) e Ônibus,189623929.0,391220792.0,12074488.0,592919209.0,49,0.31981410978371594,FORA_DAS_FAIXAS_NT,2026-08,DADO_CALCULADO_SOBRE_DADOS_OFICIAIS
2025-12,Veículos Leves e de Passageiros,0.0,1133775281.0,0.0,1133775281.0,21,0.0,CRITICA,2026-08,DADO_CALCULADO_SOBRE_DADOS_OFICIAIS
2025-12,Vidro e Suas Obras,78533020.0,129559850.0,14886498.0,222979368.0,91,0.35219859444574264,FORA_DAS_FAIXAS_NT,2026-08,DADO_CALCULADO_SOBRE_DADOS_OFICIAIS
2025-12,Óleos Brutos de Petróleo,0.0,39196851.0,0.0,39196851.0,2,0.0,CRITICA,2026-08,DADO_CALCULADO_SOBRE_DADOS_OFICIAIS
2025-12,Óleos e Gorduras Vegetais/animais,227220860.0,216424205.0,11796015.0,455441080.0,65,0.4989028657669616,FORA_DAS_FAIXAS_NT,2026-08,DADO_CALCULADO_SOBRE_DADOS_OFICIAIS
2025-12,"Óptica, Instrumentos e Aparelhos de Precisão",30625999.0,218661117.0,35469813.0,284756929.0,251,0.1075513741054568,ALTA,2026-08,DADO_CALCULADO_SOBRE_DADOS_OFICIAIS
2026-01,Acessórios Pessoais e Artigos de Uso Pessoal,12142791.0,158332325.0,3655124.0,174130240.0,59,0.06973395890340471,ALTA,2026-08,DADO_CALCULADO_SOBRE_DADOS_OFICIAIS
2026-01,Adubos e Fertilizantes,268870589.0,62482547.0,235998735.0,567351871.0,36,0.4739044722388868,FORA_DAS_FAIXAS_NT,2026-08,DADO_CALCULADO_SOBRE_DADOS_OFICIAIS
2026-01,Aeronaves e Espaço,209000.0,5167109.0,489345.0,5865454.0,28,0.035632365371887666,CRITICA,2026-08,DADO_CALCULADO_SOBRE_DADOS_OFICIAIS
2026-01,Alumínio e Suas Obras,181835308.0,389466120.0,13560553.0,584861981.0,56,0.3109029376282881,FORA_DAS_FAIXAS_NT,2026-08,DADO_CALCULADO_SOBRE_DADOS_OFICIAIS
2026-01,Animais Vivos e Genética,17639517.0,173297809.0,0.0,190937326.0,48,0.0923838066109714,ALTA,2026-08,DADO_CALCULADO_SOBRE_DADOS_OFICIAIS
2026-01,Aparelhos Telefônicos,1808986.0,368244983.0,10711613.0,380765582.0,52,0.004750917849502479,CRITICA,2026-08,DADO_CALCULADO_SOBRE_DADOS_OFICIAIS
2026-01,Armas e Munições,13127991.0,9211840.0,0.0,22339831.0,25,0.5876495216100784,FORA_DAS_FAIXAS_NT,2026-08,DADO_CALCULADO_SOBRE_DADOS_OFICIAIS
2026-01,Artefatos de Metal Diversos,65537524.0,74840982.0,24706899.0,165085405.0,40,0.3969916298778805,FORA_DAS_FAIXAS_NT,2026-08,DADO_CALCULADO_SOBRE_DADOS_OFICIAIS
2026-01,"Açúcares, Sacarídeos e Produtos de Confeitaria (sem cacau)",74438341.0,230475798.0,239049.0,305153188.0,30,0.24393761535927325,MEDIA,2026-08,DADO_CALCULADO_SOBRE_DADOS_OFICIAIS
2026-01,Bebidas Alcoólicas,320617020.0,221854033.0,23034583.0,565505636.0,27,0.5669563654003972,FORA_DAS_FAIXAS_NT,2026-08,DADO_CALCULADO_SOBRE_DADOS_OFICIAIS
2026-01,Bebidas Não Alcoólicas (Exceto Sucos),382902584.0,151507287.0,319969.0,534729840.0,5,0.7160673584253312,FORA_DAS_FAIXAS_NT,2026-08,DADO_CALCULADO_SOBRE_DADOS_OFICIAIS
2026-01,Biodiesel,313974110.0,6134472.0,0.0,320108582.0,1,0.9808362776103267,FORA_DAS_FAIXAS_NT,2026-08,DADO_CALCULADO_SOBRE_DADOS_OFICIAIS
2026-01,Borracha e Suas Obras (Exceto Pneumáticos),55952252.0,179486902.0,39660080.0,275099234.0,89,0.203389341316741,MEDIA,2026-08,DADO_CALCULADO_SOBRE_DADOS_OFICIAIS
2026-01,"Brinquedos, Jogos e Artigos de Lazer",11166779.0,162931679.0,5301383.0,179399841.0,80,0.062245200094686814,ALTA,2026-08,DADO_CALCULADO_SOBRE_DADOS_OFICIAIS
2026-01,Cabos e Fios,27440606.0,235415820.0,10595877.0,273452303.0,13,0.10034878367800765,ALTA,2026-08,DADO_CALCULADO_SOBRE_DADOS_OFICIAIS
2026-01,Cacau e Preparações,31885529.0,262852565.0,1805243.0,296543337.0,13,0.10752401090030224,ALTA,2026-08,DADO_CALCULADO_SOBRE_DADOS_OFICIAIS
2026-01,Café,629909.0,144085259.0,0.0,144715168.0,10,0.004352750362698677,CRITICA,2026-08,DADO_CALCULADO_SOBRE_DADOS_OFICIAIS
2026-01,Calçados,320065179.0,225115539.0,7861992.0,553042710.0,38,0.5787350112616076,FORA_DAS_FAIXAS_NT,2026-08,DADO_CALCULADO_SOBRE_DADOS_OFICIAIS
2026-01,Carnes Preparadas (Defumadas/Salgadas),9785643.0,20366868.0,0.0,30152511.0,8,0.32453824492427846,FORA_DAS_FAIXAS_NT,2026-08,DADO_CALCULADO_SOBRE_DADOS_OFICIAIS
2026-01,Carnes de Bovinos,758848889.0,380469210.0,0.0,1139318099.0,16,0.6660553270118813,FORA_DAS_FAIXAS_NT,2026-08,DADO_CALCULADO_SOBRE_DADOS_OFICIAIS
2026-01,Carnes de Espécies Exóticas/Diversas e Subprodutos,2152427.0,129915.0,0.0,2282342.0,8,0.9430782065089282,FORA_DAS_FAIXAS_NT,2026-08,DADO_CALCULADO_SOBRE_DADOS_OFICIAIS
2026-01,Carnes de Frango,320404945.0,166759671.0,0.0,487164616.0,22,0.6576933842830655,FORA_DAS_FAIXAS_NT,2026-08,DADO_CALCULADO_SOBRE_DADOS_OFICIAIS
2026-01,Carnes de Outras Aves (Exceto Frango),0.0,131301.0,0.0,131301.0,12,0.0,CRITICA,2026-08,DADO_CALCULADO_SOBRE_DADOS_OFICIAIS
2026-01,Carnes de Ovinos e Caprinos,3465527.0,186461.0,0.0,3651988.0,13,0.9489426033163307,FORA_DAS_FAIXAS_NT,2026-08,DADO_CALCULADO_SOBRE_DADOS_OFICIAIS
2026-01,Carnes de Suínos,118290890.0,63802391.0,0.0,182093281.0,10,0.649616994929099,FORA_DAS_FAIXAS_NT,2026-08,DADO_CALCULADO_SOBRE_DADOS_OFICIAIS
2026-01,Cereais e Grãos (exceto soja),131336872.0,161501524.0,55443554.0,348281950.0,40,0.37709927832895157,FORA_DAS_FAIXAS_NT,2026-08,DADO_CALCULADO_SOBRE_DADOS_OFICIAIS
2026-01,Chás e Especiarias,5631670.0,8295234.0,0.0,13926904.0,42,0.4043734343253892,FORA_DAS_FAIXAS_NT,2026-08,DADO_CALCULADO_SOBRE_DADOS_OFICIAIS
2026-01,Combustíveis e Derivados de Petróleo,216280301.0,202225793.0,9115959.0,427622053.0,64,0.5057744320777582,FORA_DAS_FAIXAS_NT,2026-08,DADO_CALCULADO_SOBRE_DADOS_OFICIAIS
2026-01,Componentes Elétricos e Eletrônicos,117684314.0,549747700.0,107515005.0,774947019.0,326,0.1518611093592709,MEDIA,2026-08,DADO_CALCULADO_SOBRE_DADOS_OFICIAIS
2026-01,Conservas de Frutas e Hortícolas,38033160.0,132661953.0,6834019.0,177529132.0,47,0.21423616265977125,MEDIA,2026-08,DADO_CALCULADO_SOBRE_DADOS_OFICIAIS
2026-01,Couros e Suas Obras,131901805.0,130149102.0,8078277.0,270129184.0,104,0.4882915760779109,FORA_DAS_FAIXAS_NT,2026-08,DADO_CALCULADO_SOBRE_DADOS_OFICIAIS
2026-01,Eletrodomésticos (Linha Branca + Portáteis),69301010.0,594319230.0,45486458.0,709106698.0,105,0.09773001749307972,ALTA,2026-08,DADO_CALCULADO_SOBRE_DADOS_OFICIAIS
2026-01,Eletrônicos de Consumo – Comunicação/Imagem,989074.0,149843020.0,16279011.0,167111105.0,51,0.0059186611206957195,CRITICA,2026-08,DADO_CALCULADO_SOBRE_DADOS_OFICIAIS
2026-01,Eletrônicos de Consumo – Informática/TIC,2403906.0,279056233.0,15657516.0,297117655.0,139,0.008090754485794525,CRITICA,2026-08,DADO_CALCULADO_SOBRE_DADOS_OFICIAIS
2026-01,Eletrônicos de Consumo – Áudio/Vídeo,2462966.0,56130050.0,93359624.0,151952640.0,32,0.01620877399695063,CRITICA,2026-08,DADO_CALCULADO_SOBRE_DADOS_OFICIAIS
2026-01,Embarcações e Estruturas Flutuantes,133627.0,4338891.0,0.0,4472518.0,27,0.029877353204615386,CRITICA,2026-08,DADO_CALCULADO_SOBRE_DADOS_OFICIAIS
2026-01,Erva-mate,30466519.0,29529853.0,0.0,59996372.0,2,0.5078060220041305,FORA_DAS_FAIXAS_NT,2026-08,DADO_CALCULADO_SOBRE_DADOS_OFICIAIS
2026-01,Etanol e Álcool Etílico,2575573.0,822565160.0,0.0,825140733.0,5,0.003121374205628993,CRITICA,2026-08,DADO_CALCULADO_SOBRE_DADOS_OFICIAIS
2026-01,Explosivos e Pirotecnia,2479.0,2466769.0,0.0,2469248.0,15,0.0010039493805401483,CRITICA,2026-08,DADO_CALCULADO_SOBRE_DADOS_OFICIAIS
2026-01,"Farinha, Malte e Preparações de Cereais",189341377.0,80696802.0,10268926.0,280307105.0,35,0.6754783365195114,FORA_DAS_FAIXAS_NT,2026-08,DADO_CALCULADO_SOBRE_DADOS_OFICIAIS
2026-01,"Feltros, Passamanarias, Têxteis Técnicos",12799611.0,46068185.0,2305596.0,61173392.0,74,0.20923493992289982,MEDIA,2026-08,DADO_CALCULADO_SOBRE_DADOS_OFICIAIS
2026-01,Ferramentas e Cutelaria (Metais Comuns),52221343.0,98496096.0,28342142.0,179059581.0,85,0.2916422718536351,MEDIA,2026-08,DADO_CALCULADO_SOBRE_DADOS_OFICIAIS
2026-01,Fibras Sintéticas/Descontínuas – Têxteis,3253874.0,16431504.0,2928500.0,22613878.0,123,0.14388836801896604,ALTA,2026-08,DADO_CALCULADO_SOBRE_DADOS_OFICIAIS
2026-01,Filamentos Sintéticos – Têxteis Técnicos,11677338.0,65804439.0,496996.0,77978773.0,90,0.14975021471548416,ALTA,2026-08,DADO_CALCULADO_SOBRE_DADOS_OFICIAIS
2026-01,Frutas e Hortícolas,19086699.0,216078395.0,38562490.0,273727584.0,172,0.0697288111087847,ALTA,2026-08,DADO_CALCULADO_SOBRE_DADOS_OFICIAIS
2026-01,Instrumentos Musicais,84952.0,10051365.0,0.0,10136317.0,19,0.008380953358108276,CRITICA,2026-08,DADO_CALCULADO_SOBRE_DADOS_OFICIAIS
2026-01,Instrumentos Médicos,16423858.0,240057322.0,29586591.0,286067771.0,119,0.057412472375295995,ALTA,2026-08,DADO_CALCULADO_SOBRE_DADOS_OFICIAIS
2026-01,"Joias, Bijuterias, Metais Preciosos e Relógios",7319395.0,49565097.0,2743304.0,59627796.0,113,0.12275139265586808,ALTA,2026-08,DADO_CALCULADO_SOBRE_DADOS_OFICIAIS
2026-01,Laticínios,399521912.0,232416091.0,2441162.0,634379165.0,46,0.6297841008066525,FORA_DAS_FAIXAS_NT,2026-08,DADO_CALCULADO_SOBRE_DADOS_OFICIAIS
2026-01,Madeira e Cortiça - Produtos e Obras,196622283.0,229777663.0,11106590.0,437506536.0,152,0.44941564712989795,FORA_DAS_FAIXAS_NT,2026-08,DADO_CALCULADO_SOBRE_DADOS_OFICIAIS
2026-01,Massas e Panificação,200832966.0,262063245.0,1577107.0,464473318.0,21,0.4323885963240627,FORA_DAS_FAIXAS_NT,2026-08,DADO_CALCULADO_SOBRE_DADOS_OFICIAIS
2026-01,Material Ferroviário e Contêineres,3229849.0,5166681.0,0.0,8396530.0,20,0.3846647365042464,FORA_DAS_FAIXAS_NT,2026-08,DADO_CALCULADO_SOBRE_DADOS_OFICIAIS
2026-01,Medicamentos,8617806.0,1128819901.0,0.0,1137437707.0,215,0.00757650809970906,CRITICA,2026-08,DADO_CALCULADO_SOBRE_DADOS_OFICIAIS
2026-01,Mel e Outros Produtos Comestíveis de Origem Animal,400783.0,878722.0,0.0,1279505.0,3,0.31323285176689425,FORA_DAS_FAIXAS_NT,2026-08,DADO_CALCULADO_SOBRE_DADOS_OFICIAIS
2026-01,"Metais Não Ferrosos e Suas Obras (NCMs dos Caps. 74, 75, 78, 79, 80, 81)",33480879.0,145576015.0,5171713.0,184228607.0,163,0.1817355053876079,MEDIA,2026-08,DADO_CALCULADO_SOBRE_DADOS_OFICIAIS
2026-01,Minerais e Materiais de Mineração (Não Metálicos),89935906.0,144221466.0,4116617.0,238273989.0,81,0.3774474351037956,FORA_DAS_FAIXAS_NT,2026-08,DADO_CALCULADO_SOBRE_DADOS_OFICIAIS
2026-01,Minérios e Subprodutos da Metalurgia (NCMs do Cap. 26),1738087.0,72748.0,0.0,1810835.0,28,0.9598262679923902,FORA_DAS_FAIXAS_NT,2026-08,DADO_CALCULADO_SOBRE_DADOS_OFICIAIS
2026-01,Mobiliário e Iluminação,333683664.0,324735438.0,21089192.0,679508294.0,104,0.49106635922828046,FORA_DAS_FAIXAS_NT,2026-08,DADO_CALCULADO_SOBRE_DADOS_OFICIAIS
2026-01,Motocicletas,0.0,71327825.0,818870.0,72146695.0,9,0.0,CRITICA,2026-08,DADO_CALCULADO_SOBRE_DADOS_OFICIAIS
2026-01,Máquinas e Equipamentos Industriais,517628246.0,1168658593.0,264192781.0,1950479620.0,793,0.2653851087149529,MEDIA,2026-08,DADO_CALCULADO_SOBRE_DADOS_OFICIAIS
2026-01,Máquinas e Implementos Agrícolas,174895970.0,150140913.0,20132301.0,345169184.0,41,0.506696362558252,FORA_DAS_FAIXAS_NT,2026-08,DADO_CALCULADO_SOBRE_DADOS_OFICIAIS
2026-01,Objetos de Arte e Coleções,397938.0,3146801.0,0.0,3544739.0,25,0.1122615797665216,ALTA,2026-08,DADO_CALCULADO_SOBRE_DADOS_OFICIAIS
2026-01,Obras de Espartaria e Cestaria,21348.0,1740151.0,0.0,1761499.0,11,0.012119223456839886,CRITICA,2026-08,DADO_CALCULADO_SOBRE_DADOS_OFICIAIS
2026-01,Obras de Ferro ou Aço,367272418.0,428985730.0,62099689.0,858357837.0,154,0.42787798068417937,FORA_DAS_FAIXAS_NT,2026-08,DADO_CALCULADO_SOBRE_DADOS_OFICIAIS
2026-01,Outras Fibras Têxteis Vegetais,40999.0,2037423.0,0.0,2078422.0,29,0.019726022915461827,CRITICA,2026-08,DADO_CALCULADO_SOBRE_DADOS_OFICIAIS
2026-01,Outros,0.0,14905.0,0.0,14905.0,9,0.0,CRITICA,2026-08,DADO_CALCULADO_SOBRE_DADOS_OFICIAIS
2026-01,Ovos,13238721.0,22140649.0,0.0,35379370.0,9,0.3741932374714417,FORA_DAS_FAIXAS_NT,2026-08,DADO_CALCULADO_SOBRE_DADOS_OFICIAIS
2026-01,Papel e Papelão,292286596.0,541352230.0,15021740.0,848660566.0,175,0.344409305333506,FORA_DAS_FAIXAS_NT,2026-08,DADO_CALCULADO_SOBRE_DADOS_OFICIAIS
2026-01,Pasta Química e Pasta Mecânica,1250341.0,14853587.0,0.0,16103928.0,20,0.07764198896070573,ALTA,2026-08,DADO_CALCULADO_SOBRE_DADOS_OFICIAIS
2026-01,Perfumaria e Cosméticos,18724758.0,459670358.0,3689315.0,482084431.0,57,0.038841241898558636,CRITICA,2026-08,DADO_CALCULADO_SOBRE_DADOS_OFICIAIS
2026-01,Pescados e Frutos do Mar,3176886.0,62010341.0,13433764.0,78620991.0,199,0.04040760564821677,CRITICA,2026-08,DADO_CALCULADO_SOBRE_DADOS_OFICIAIS
2026-01,Pescados e Frutos do Mar - Preparações e Conservas,430764.0,20679958.0,0.0,21110722.0,28,0.02040498662243764,CRITICA,2026-08,DADO_CALCULADO_SOBRE_DADOS_OFICIAIS
2026-01,Peças e Acessórios Automotivos,252086272.0,794296788.0,207523755.0,1253906815.0,127,0.20104067462142314,MEDIA,2026-08,DADO_CALCULADO_SOBRE_DADOS_OFICIAIS
2026-01,Plantas Vivas e Floricultura,47382.0,20280747.0,0.0,20328129.0,30,0.002330858880322926,CRITICA,2026-08,DADO_CALCULADO_SOBRE_DADOS_OFICIAIS
2026-01,Plásticos e Suas Obras,599135421.0,1243274156.0,154740889.0,1997150466.0,314,0.2999951336666088,MEDIA,2026-08,DADO_CALCULADO_SOBRE_DADOS_OFICIAIS
2026-01,"Pneumáticos, Câmaras e Protetores",14945427.0,301944317.0,5489281.0,322379025.0,21,0.046359799617856655,CRITICA,2026-08,DADO_CALCULADO_SOBRE_DADOS_OFICIAIS
2026-01,"Preparações Alimentícias Diversas (Molhos, Condimentos, etc)",26551930.0,185166634.0,1814495.0,213533059.0,23,0.12434575762809635,ALTA,2026-08,DADO_CALCULADO_SOBRE_DADOS_OFICIAIS
2026-01,Preparações de Carne,142045917.0,119730035.0,0.0,261775952.0,15,0.5426240107800276,FORA_DAS_FAIXAS_NT,2026-08,DADO_CALCULADO_SOBRE_DADOS_OFICIAIS
2026-01,"Preparações, Suplementos e Complementos alimentares",11950456.0,143156817.0,2697668.0,157804941.0,26,0.0757292891101553,ALTA,2026-08,DADO_CALCULADO_SOBRE_DADOS_OFICIAIS
2026-01,"Produtos Cerâmicos, Porcelana e Refratários",40983355.0,116766315.0,1118458.0,158868128.0,58,0.2579709065370242,MEDIA,2026-08,DADO_CALCULADO_SOBRE_DADOS_OFICIAIS
2026-01,"Produtos Editoriais, Impressos e Materiais Gráficos",27539067.0,297702225.0,523510.0,325764802.0,38,0.08453665598900399,ALTA,2026-08,DADO_CALCULADO_SOBRE_DADOS_OFICIAIS
2026-01,Produtos Farmacêuticos,721715.0,95437606.0,955147.0,97114468.0,46,0.007431590934524813,CRITICA,2026-08,DADO_CALCULADO_SOBRE_DADOS_OFICIAIS
2026-01,Produtos Fotográficos,272428.0,7058830.0,0.0,7331258.0,48,0.03715978894754488,CRITICA,2026-08,DADO_CALCULADO_SOBRE_DADOS_OFICIAIS
2026-01,"Produtos Minerais: Pedra, Cimento, Gesso, Amianto e Abrasivos",168825220.0,131136421.0,7080573.0,307042214.0,64,0.5498436771954751,FORA_DAS_FAIXAS_NT,2026-08,DADO_CALCULADO_SOBRE_DADOS_OFICIAIS
2026-01,Produtos Químicos Diversos,129521976.0,711478878.0,53478177.0,894479031.0,254,0.14480157892041182,ALTA,2026-08,DADO_CALCULADO_SOBRE_DADOS_OFICIAIS
2026-01,Produtos de Origem Animal (Não Alimentares),22982573.0,14696638.0,0.0,37679211.0,32,0.6099536691466284,FORA_DAS_FAIXAS_NT,2026-08,DADO_CALCULADO_SOBRE_DADOS_OFICIAIS
2026-01,Químicos Inorgânicos,63363021.0,158030182.0,9420856.0,230814059.0,292,0.27451976398023487,MEDIA,2026-08,DADO_CALCULADO_SOBRE_DADOS_OFICIAIS
2026-01,Químicos Orgânicos,34260167.0,157917545.0,39727782.0,231905494.0,822,0.14773331329528572,ALTA,2026-08,DADO_CALCULADO_SOBRE_DADOS_OFICIAIS
2026-01,Resíduos para Alimentação Animal,751212756.0,320083959.0,1578585.0,1072875300.0,37,0.7001864578297217,FORA_DAS_FAIXAS_NT,2026-08,DADO_CALCULADO_SOBRE_DADOS_OFICIAIS
2026-01,"Sabões e Preparações de Limpeza, Ceras e Pastas",90304751.0,265088004.0,17359325.0,372752080.0,56,0.24226491506097028,MEDIA,2026-08,DADO_CALCULADO_SOBRE_DADOS_OFICIAIS
2026-01,Siderurgia – Ferro e Aço,477002578.0,875311550.0,62968763.0,1415282891.0,204,0.33703691398612406,FORA_DAS_FAIXAS_NT,2026-08,DADO_CALCULADO_SOBRE_DADOS_OFICIAIS
2026-01,"Soja, Oleaginosas e Sementes",9295486.0,303208889.0,41226692.0,353731067.0,39,0.026278398668330708,CRITICA,2026-08,DADO_CALCULADO_SOBRE_DADOS_OFICIAIS
2026-01,Sucos e Bebidas à Base de Frutas/Vegetais,55264231.0,15281837.0,0.0,70546068.0,23,0.7833779056261505,FORA_DAS_FAIXAS_NT,2026-08,DADO_CALCULADO_SOBRE_DADOS_OFICIAIS
2026-01,Tabaco e Sucedâneos,108494530.0,715446244.0,23573548.0,847514322.0,24,0.12801498120287813,ALTA,2026-08,DADO_CALCULADO_SOBRE_DADOS_OFICIAIS
2026-01,Tecidos Impregnados/Revestidos/Laminados,25364130.0,34508375.0,9661312.0,69533817.0,27,0.36477402067543624,FORA_DAS_FAIXAS_NT,2026-08,DADO_CALCULADO_SOBRE_DADOS_OFICIAIS
2026-01,Tecidos Sintéticos (Inclusive Malhas),15267724.0,62449530.0,1832186.0,79549440.0,80,0.19192748559889297,MEDIA,2026-08,DADO_CALCULADO_SOBRE_DADOS_OFICIAIS
2026-01,"Tintas, Pigmentos e Corantes",91766651.0,220749573.0,18741960.0,331258184.0,93,0.2770245549616368,MEDIA,2026-08,DADO_CALCULADO_SOBRE_DADOS_OFICIAIS
2026-01,Toucinho e Gorduras Não Fundidas,3432786.0,4723099.0,0.0,8155885.0,5,0.4208968125470136,FORA_DAS_FAIXAS_NT,2026-08,DADO_CALCULADO_SOBRE_DADOS_OFICIAIS
2026-01,Tratores,0.0,182223039.0,10923400.0,193146439.0,11,0.0,CRITICA,2026-08,DADO_CALCULADO_SOBRE_DADOS_OFICIAIS
2026-01,"Têxteis Naturais (Algodão, Lã, Seda e Afins)",38056618.0,185332738.0,2943151.0,226332507.0,321,0.1681447287640392,MEDIA,2026-08,DADO_CALCULADO_SOBRE_DADOS_OFICIAIS
2026-01,Vacinas e Soros,121985.0,662824216.0,0.0,662946201.0,41,0.0001840043729279927,CRITICA,2026-08,DADO_CALCULADO_SOBRE_DADOS_OFICIAIS
2026-01,Vestuário Tecido (Plano),27997639.0,239597250.0,2167287.0,269762176.0,115,0.10378637737560362,ALTA,2026-08,DADO_CALCULADO_SOBRE_DADOS_OFICIAIS
2026-01,Vestuário de Malha,80124661.0,371811242.0,5491811.0,457427714.0,136,0.17516354726158984,MEDIA,2026-08,DADO_CALCULADO_SOBRE_DADOS_OFICIAIS
2026-01,Veículos Comerciais (Caminhões e Carga) e Ônibus,170703575.0,299209897.0,15388996.0,485302468.0,46,0.35174676878008376,FORA_DAS_FAIXAS_NT,2026-08,DADO_CALCULADO_SOBRE_DADOS_OFICIAIS
2026-01,Veículos Leves e de Passageiros,0.0,831758507.0,0.0,831758507.0,20,0.0,CRITICA,2026-08,DADO_CALCULADO_SOBRE_DADOS_OFICIAIS
2026-01,Vidro e Suas Obras,73609249.0,141273574.0,7976690.0,222859513.0,90,0.3302943994138585,FORA_DAS_FAIXAS_NT,2026-08,DADO_CALCULADO_SOBRE_DADOS_OFICIAIS
2026-01,Óleos Brutos de Petróleo,0.0,9505471.0,0.0,9505471.0,2,0.0,CRITICA,2026-08,DADO_CALCULADO_SOBRE_DADOS_OFICIAIS
2026-01,Óleos e Gorduras Vegetais/animais,195132498.0,235163100.0,0.0,430295598.0,65,0.4534847646756544,FORA_DAS_FAIXAS_NT,2026-08,DADO_CALCULADO_SOBRE_DADOS_OFICIAIS
2026-01,"Óptica, Instrumentos e Aparelhos de Precisão",29369006.0,175764623.0,50065504.0,255199133.0,240,0.11508270288676882,ALTA,2026-08,DADO_CALCULADO_SOBRE_DADOS_OFICIAIS
2026-02,Acessórios Pessoais e Artigos de Uso Pessoal,13741005.0,156039288.0,3442255.0,173222548.0,59,0.07932572958111665,ALTA,2026-08,DADO_CALCULADO_SOBRE_DADOS_OFICIAIS
2026-02,Adubos e Fertilizantes,162748471.0,40500844.0,559379169.0,762628484.0,35,0.2134046582503467,MEDIA,2026-08,DADO_CALCULADO_SOBRE_DADOS_OFICIAIS
2026-02,Aeronaves e Espaço,231261.0,4437184.0,151657.0,4820102.0,30,0.047978445269415464,CRITICA,2026-08,DADO_CALCULADO_SOBRE_DADOS_OFICIAIS
2026-02,Alumínio e Suas Obras,181351536.0,378629496.0,10301722.0,570282754.0,56,0.3180028410959101,FORA_DAS_FAIXAS_NT,2026-08,DADO_CALCULADO_SOBRE_DADOS_OFICIAIS
2026-02,Animais Vivos e Genética,15666464.0,101471961.0,0.0,117138425.0,49,0.13374316753874743,ALTA,2026-08,DADO_CALCULADO_SOBRE_DADOS_OFICIAIS
2026-02,Aparelhos Telefônicos,2609850.0,427969174.0,9096058.0,439675082.0,52,0.005935860608993984,CRITICA,2026-08,DADO_CALCULADO_SOBRE_DADOS_OFICIAIS
2026-02,Armas e Munições,17080003.0,13319462.0,0.0,30399465.0,25,0.5618520918049051,FORA_DAS_FAIXAS_NT,2026-08,DADO_CALCULADO_SOBRE_DADOS_OFICIAIS
2026-02,Artefatos de Metal Diversos,69273596.0,79736061.0,20270607.0,169280264.0,40,0.4092242909072968,FORA_DAS_FAIXAS_NT,2026-08,DADO_CALCULADO_SOBRE_DADOS_OFICIAIS
2026-02,"Açúcares, Sacarídeos e Produtos de Confeitaria (sem cacau)",66653497.0,228568162.0,233514.0,295455173.0,30,0.2255959722187704,MEDIA,2026-08,DADO_CALCULADO_SOBRE_DADOS_OFICIAIS
2026-02,Bebidas Alcoólicas,289467916.0,176774718.0,13536996.0,479779630.0,26,0.6033351520155201,FORA_DAS_FAIXAS_NT,2026-08,DADO_CALCULADO_SOBRE_DADOS_OFICIAIS
2026-02,Bebidas Não Alcoólicas (Exceto Sucos),322238493.0,142080773.0,149645.0,464468911.0,6,0.6937783894001035,FORA_DAS_FAIXAS_NT,2026-08,DADO_CALCULADO_SOBRE_DADOS_OFICIAIS
2026-02,Biodiesel,308948910.0,0.0,0.0,308948910.0,1,1.0,FORA_DAS_FAIXAS_NT,2026-08,DADO_CALCULADO_SOBRE_DADOS_OFICIAIS
2026-02,Borracha e Suas Obras (Exceto Pneumáticos),48882940.0,171250562.0,29347489.0,249480991.0,89,0.19593853545338852,MEDIA,2026-08,DADO_CALCULADO_SOBRE_DADOS_OFICIAIS
2026-02,"Brinquedos, Jogos e Artigos de Lazer",7458519.0,140868834.0,1149197.0,149476550.0,78,0.049897585942410366,CRITICA,2026-08,DADO_CALCULADO_SOBRE_DADOS_OFICIAIS
2026-02,Cabos e Fios,31063724.0,289549332.0,8930762.0,329543818.0,13,0.09426280301213237,ALTA,2026-08,DADO_CALCULADO_SOBRE_DADOS_OFICIAIS
2026-02,Cacau e Preparações,65550094.0,248664258.0,706952.0,314921304.0,13,0.20814753770992894,MEDIA,2026-08,DADO_CALCULADO_SOBRE_DADOS_OFICIAIS
2026-02,Café,501262.0,134902766.0,0.0,135404028.0,10,0.003701972588289619,CRITICA,2026-08,DADO_CALCULADO_SOBRE_DADOS_OFICIAIS
2026-02,Calçados,388473699.0,280163752.0,12649705.0,681287156.0,37,0.5702055228529803,FORA_DAS_FAIXAS_NT,2026-08,DADO_CALCULADO_SOBRE_DADOS_OFICIAIS
2026-02,Carnes Preparadas (Defumadas/Salgadas),8909557.0,19159423.0,0.0,28068980.0,7,0.31741648609960177,FORA_DAS_FAIXAS_NT,2026-08,DADO_CALCULADO_SOBRE_DADOS_OFICIAIS
2026-02,Carnes de Bovinos,730578449.0,409198126.0,0.0,1139776575.0,16,0.6409839130094422,FORA_DAS_FAIXAS_NT,2026-08,DADO_CALCULADO_SOBRE_DADOS_OFICIAIS
2026-02,Carnes de Espécies Exóticas/Diversas e Subprodutos,1511522.0,551139.0,0.0,2062661.0,9,0.7328019485509253,FORA_DAS_FAIXAS_NT,2026-08,DADO_CALCULADO_SOBRE_DADOS_OFICIAIS
2026-02,Carnes de Frango,292610558.0,155125141.0,0.0,447735699.0,22,0.6535341243808214,FORA_DAS_FAIXAS_NT,2026-08,DADO_CALCULADO_SOBRE_DADOS_OFICIAIS
2026-02,Carnes de Outras Aves (Exceto Frango),0.0,51877.0,0.0,51877.0,11,0.0,CRITICA,2026-08,DADO_CALCULADO_SOBRE_DADOS_OFICIAIS
2026-02,Carnes de Ovinos e Caprinos,3397019.0,175672.0,0.0,3572691.0,13,0.9508292208870008,FORA_DAS_FAIXAS_NT,2026-08,DADO_CALCULADO_SOBRE_DADOS_OFICIAIS
2026-02,Carnes de Suínos,111913983.0,70642994.0,0.0,182556977.0,10,0.6130359126181192,FORA_DAS_FAIXAS_NT,2026-08,DADO_CALCULADO_SOBRE_DADOS_OFICIAIS
2026-02,Cereais e Grãos (exceto soja),133351282.0,151355016.0,29370572.0,314076870.0,40,0.4245816700860525,FORA_DAS_FAIXAS_NT,2026-08,DADO_CALCULADO_SOBRE_DADOS_OFICIAIS
2026-02,Chás e Especiarias,6440176.0,8624593.0,18629.0,15083398.0,42,0.42697116392473367,FORA_DAS_FAIXAS_NT,2026-08,DADO_CALCULADO_SOBRE_DADOS_OFICIAIS
2026-02,Combustíveis e Derivados de Petróleo,225338951.0,304406785.0,6833510.0,536579246.0,62,0.4199546528864443,FORA_DAS_FAIXAS_NT,2026-08,DADO_CALCULADO_SOBRE_DADOS_OFICIAIS
2026-02,Componentes Elétricos e Eletrônicos,122217863.0,550888092.0,255587406.0,928693361.0,326,0.1316019561810995,ALTA,2026-08,DADO_CALCULADO_SOBRE_DADOS_OFICIAIS
2026-02,Conservas de Frutas e Hortícolas,37990435.0,133198154.0,5898996.0,177087585.0,48,0.21452907045968242,MEDIA,2026-08,DADO_CALCULADO_SOBRE_DADOS_OFICIAIS
2026-02,Couros e Suas Obras,143192977.0,122852004.0,7525524.0,273570505.0,106,0.5234225707190181,FORA_DAS_FAIXAS_NT,2026-08,DADO_CALCULADO_SOBRE_DADOS_OFICIAIS
2026-02,Eletrodomésticos (Linha Branca + Portáteis),94438817.0,557774156.0,34421723.0,686634696.0,106,0.13753866146024174,ALTA,2026-08,DADO_CALCULADO_SOBRE_DADOS_OFICIAIS
2026-02,Eletrônicos de Consumo – Comunicação/Imagem,1912622.0,140410984.0,21238548.0,163562154.0,52,0.011693548618832691,CRITICA,2026-08,DADO_CALCULADO_SOBRE_DADOS_OFICIAIS
2026-02,Eletrônicos de Consumo – Informática/TIC,4774960.0,239031555.0,15865661.0,259672176.0,144,0.018388416015738245,CRITICA,2026-08,DADO_CALCULADO_SOBRE_DADOS_OFICIAIS
2026-02,Eletrônicos de Consumo – Áudio/Vídeo,2768624.0,48872204.0,71666570.0,123307398.0,34,0.022453024270287496,CRITICA,2026-08,DADO_CALCULADO_SOBRE_DADOS_OFICIAIS
2026-02,Embarcações e Estruturas Flutuantes,611342.0,2830479.0,0.0,3441821.0,28,0.1776216717836285,MEDIA,2026-08,DADO_CALCULADO_SOBRE_DADOS_OFICIAIS
2026-02,Erva-mate,30919708.0,31068019.0,0.0,61987727.0,2,0.4988037067402068,FORA_DAS_FAIXAS_NT,2026-08,DADO_CALCULADO_SOBRE_DADOS_OFICIAIS
2026-02,Etanol e Álcool Etílico,1974308.0,697736127.0,0.0,699710435.0,5,0.002821607198126179,CRITICA,2026-08,DADO_CALCULADO_SOBRE_DADOS_OFICIAIS
2026-02,Explosivos e Pirotecnia,1817.0,4837124.0,0.0,4838941.0,14,0.000375495382150764,CRITICA,2026-08,DADO_CALCULADO_SOBRE_DADOS_OFICIAIS
2026-02,"Farinha, Malte e Preparações de Cereais",176951857.0,86231336.0,6795889.0,269979082.0,36,0.6554280268276488,FORA_DAS_FAIXAS_NT,2026-08,DADO_CALCULADO_SOBRE_DADOS_OFICIAIS
2026-02,"Feltros, Passamanarias, Têxteis Técnicos",11549520.0,41805328.0,732106.0,54086954.0,74,0.21353615143496527,MEDIA,2026-08,DADO_CALCULADO_SOBRE_DADOS_OFICIAIS
2026-02,Ferramentas e Cutelaria (Metais Comuns),40044892.0,92484951.0,30918445.0,163448288.0,85,0.24500037589870627,MEDIA,2026-08,DADO_CALCULADO_SOBRE_DADOS_OFICIAIS
2026-02,Fibras Sintéticas/Descontínuas – Têxteis,3388712.0,20779983.0,3984873.0,28153568.0,124,0.12036527661431759,ALTA,2026-08,DADO_CALCULADO_SOBRE_DADOS_OFICIAIS
2026-02,Filamentos Sintéticos – Têxteis Técnicos,11902470.0,60668820.0,732177.0,73303467.0,93,0.16237253825934317,MEDIA,2026-08,DADO_CALCULADO_SOBRE_DADOS_OFICIAIS
2026-02,Frutas e Hortícolas,18804932.0,221119619.0,43282182.0,283206733.0,168,0.06640001740354104,ALTA,2026-08,DADO_CALCULADO_SOBRE_DADOS_OFICIAIS
2026-02,Instrumentos Musicais,106691.0,9817397.0,0.0,9924088.0,19,0.010750710795793024,CRITICA,2026-08,DADO_CALCULADO_SOBRE_DADOS_OFICIAIS
2026-02,Instrumentos Médicos,13946499.0,234114905.0,32328581.0,280389985.0,115,0.04973964744140202,CRITICA,2026-08,DADO_CALCULADO_SOBRE_DADOS_OFICIAIS
2026-02,"Joias, Bijuterias, Metais Preciosos e Relógios",9932191.0,51054381.0,782978.0,61769550.0,116,0.1607942910382219,MEDIA,2026-08,DADO_CALCULADO_SOBRE_DADOS_OFICIAIS
2026-02,Laticínios,366562054.0,213428839.0,638507.0,580629400.0,45,0.6313184520108696,FORA_DAS_FAIXAS_NT,2026-08,DADO_CALCULADO_SOBRE_DADOS_OFICIAIS
2026-02,Madeira e Cortiça - Produtos e Obras,213452247.0,222577589.0,3638446.0,439668282.0,152,0.4854847523433587,FORA_DAS_FAIXAS_NT,2026-08,DADO_CALCULADO_SOBRE_DADOS_OFICIAIS
2026-02,Massas e Panificação,218214012.0,281837315.0,1236888.0,501288215.0,22,0.43530648730690785,FORA_DAS_FAIXAS_NT,2026-08,DADO_CALCULADO_SOBRE_DADOS_OFICIAIS
2026-02,Material Ferroviário e Contêineres,2569911.0,3347459.0,0.0,5917370.0,21,0.43429952833775815,FORA_DAS_FAIXAS_NT,2026-08,DADO_CALCULADO_SOBRE_DADOS_OFICIAIS
2026-02,Medicamentos,9542909.0,1226741867.0,496046.0,1236780822.0,215,0.007715925756811258,CRITICA,2026-08,DADO_CALCULADO_SOBRE_DADOS_OFICIAIS
2026-02,Mel e Outros Produtos Comestíveis de Origem Animal,1235080.0,1140341.0,0.0,2375421.0,3,0.5199415177351719,FORA_DAS_FAIXAS_NT,2026-08,DADO_CALCULADO_SOBRE_DADOS_OFICIAIS
2026-02,"Metais Não Ferrosos e Suas Obras (NCMs dos Caps. 74, 75, 78, 79, 80, 81)",37147646.0,126462533.0,5953679.0,169563858.0,158,0.21907761735404724,MEDIA,2026-08,DADO_CALCULADO_SOBRE_DADOS_OFICIAIS
2026-02,Minerais e Materiais de Mineração (Não Metálicos),90225220.0,147358320.0,801126.0,238384666.0,81,0.37848583767548205,FORA_DAS_FAIXAS_NT,2026-08,DADO_CALCULADO_SOBRE_DADOS_OFICIAIS
2026-02,Minérios e Subprodutos da Metalurgia (NCMs do Cap. 26),1534325.0,278445.0,0.0,1812770.0,29,0.846398053807157,FORA_DAS_FAIXAS_NT,2026-08,DADO_CALCULADO_SOBRE_DADOS_OFICIAIS
2026-02,Mobiliário e Iluminação,394729436.0,336228809.0,19310668.0,750268913.0,105,0.5261172749669824,FORA_DAS_FAIXAS_NT,2026-08,DADO_CALCULADO_SOBRE_DADOS_OFICIAIS
2026-02,Motocicletas,0.0,78124119.0,444611.0,78568730.0,9,0.0,CRITICA,2026-08,DADO_CALCULADO_SOBRE_DADOS_OFICIAIS
2026-02,Máquinas e Equipamentos Industriais,536447694.0,1385197921.0,221971376.0,2143616991.0,806,0.25025351835345666,MEDIA,2026-08,DADO_CALCULADO_SOBRE_DADOS_OFICIAIS
2026-02,Máquinas e Implementos Agrícolas,184062343.0,152534267.0,17326403.0,353923013.0,42,0.5200632234671895,FORA_DAS_FAIXAS_NT,2026-08,DADO_CALCULADO_SOBRE_DADOS_OFICIAIS
2026-02,Objetos de Arte e Coleções,466958.0,3360037.0,0.0,3826995.0,26,0.12201688269778246,ALTA,2026-08,DADO_CALCULADO_SOBRE_DADOS_OFICIAIS
2026-02,Obras de Espartaria e Cestaria,33926.0,2253930.0,118480.0,2406336.0,11,0.014098612995026464,CRITICA,2026-08,DADO_CALCULADO_SOBRE_DADOS_OFICIAIS
2026-02,Obras de Ferro ou Aço,388625387.0,447384304.0,54473227.0,890482918.0,155,0.43642093424188516,FORA_DAS_FAIXAS_NT,2026-08,DADO_CALCULADO_SOBRE_DADOS_OFICIAIS
2026-02,Outras Fibras Têxteis Vegetais,3692.0,1847587.0,0.0,1851279.0,30,0.001994296915807936,CRITICA,2026-08,DADO_CALCULADO_SOBRE_DADOS_OFICIAIS
2026-02,Outros,0.0,81972.0,0.0,81972.0,8,0.0,CRITICA,2026-08,DADO_CALCULADO_SOBRE_DADOS_OFICIAIS
2026-02,Ovos,13704924.0,20757767.0,0.0,34462691.0,9,0.39767422689075554,FORA_DAS_FAIXAS_NT,2026-08,DADO_CALCULADO_SOBRE_DADOS_OFICIAIS
2026-02,Papel e Papelão,291668583.0,473233629.0,18546728.0,783448940.0,175,0.37228792855345494,FORA_DAS_FAIXAS_NT,2026-08,DADO_CALCULADO_SOBRE_DADOS_OFICIAIS
2026-02,Pasta Química e Pasta Mecânica,1491862.0,12543780.0,0.0,14035642.0,17,0.10629096980387502,ALTA,2026-08,DADO_CALCULADO_SOBRE_DADOS_OFICIAIS
2026-02,Perfumaria e Cosméticos,20477501.0,438506310.0,10437054.0,469420865.0,57,0.04362290329808838,CRITICA,2026-08,DADO_CALCULADO_SOBRE_DADOS_OFICIAIS
2026-02,Pescados e Frutos do Mar,5102389.0,70027395.0,5982419.0,81112203.0,205,0.06290531894442566,ALTA,2026-08,DADO_CALCULADO_SOBRE_DADOS_OFICIAIS
2026-02,Pescados e Frutos do Mar - Preparações e Conservas,496078.0,29744487.0,0.0,30240565.0,31,0.016404389269843337,CRITICA,2026-08,DADO_CALCULADO_SOBRE_DADOS_OFICIAIS
2026-02,Peças e Acessórios Automotivos,393287643.0,922112338.0,159767057.0,1475167038.0,129,0.26660549813613715,MEDIA,2026-08,DADO_CALCULADO_SOBRE_DADOS_OFICIAIS
2026-02,Plantas Vivas e Floricultura,66132.0,22543400.0,0.0,22609532.0,30,0.0029249610297108317,CRITICA,2026-08,DADO_CALCULADO_SOBRE_DADOS_OFICIAIS
2026-02,Plásticos e Suas Obras,638646337.0,1158533468.0,158540460.0,1955720265.0,316,0.32655300884761246,FORA_DAS_FAIXAS_NT,2026-08,DADO_CALCULADO_SOBRE_DADOS_OFICIAIS
2026-02,"Pneumáticos, Câmaras e Protetores",22780675.0,319466165.0,9274527.0,351521367.0,23,0.06480594677478027,ALTA,2026-08,DADO_CALCULADO_SOBRE_DADOS_OFICIAIS
2026-02,"Preparações Alimentícias Diversas (Molhos, Condimentos, etc)",25829029.0,244810735.0,1828810.0,272468574.0,23,0.09479635989139797,ALTA,2026-08,DADO_CALCULADO_SOBRE_DADOS_OFICIAIS
2026-02,Preparações de Carne,141279831.0,105049905.0,0.0,246329736.0,15,0.573539489361528,FORA_DAS_FAIXAS_NT,2026-08,DADO_CALCULADO_SOBRE_DADOS_OFICIAIS
2026-02,"Preparações, Suplementos e Complementos alimentares",12358274.0,153423471.0,1550385.0,167332130.0,26,0.07385475819855995,ALTA,2026-08,DADO_CALCULADO_SOBRE_DADOS_OFICIAIS
2026-02,"Produtos Cerâmicos, Porcelana e Refratários",39251219.0,110295573.0,1871743.0,151418535.0,56,0.25922334409060294,MEDIA,2026-08,DADO_CALCULADO_SOBRE_DADOS_OFICIAIS
2026-02,"Produtos Editoriais, Impressos e Materiais Gráficos",27808744.0,240797191.0,3041340.0,271647275.0,39,0.10237078211073533,ALTA,2026-08,DADO_CALCULADO_SOBRE_DADOS_OFICIAIS
2026-02,Produtos Farmacêuticos,823771.0,82533681.0,2706478.0,86063930.0,47,0.009571617284964792,CRITICA,2026-08,DADO_CALCULADO_SOBRE_DADOS_OFICIAIS
2026-02,Produtos Fotográficos,210149.0,6104786.0,0.0,6314935.0,48,0.03327809391545598,CRITICA,2026-08,DADO_CALCULADO_SOBRE_DADOS_OFICIAIS
2026-02,"Produtos Minerais: Pedra, Cimento, Gesso, Amianto e Abrasivos",174408997.0,116524322.0,7587854.0,298521173.0,68,0.5842433059178687,FORA_DAS_FAIXAS_NT,2026-08,DADO_CALCULADO_SOBRE_DADOS_OFICIAIS
2026-02,Produtos Químicos Diversos,116434003.0,585876533.0,10001375.0,712311911.0,252,0.16345929529177844,MEDIA,2026-08,DADO_CALCULADO_SOBRE_DADOS_OFICIAIS
2026-02,Produtos de Origem Animal (Não Alimentares),20936253.0,10898615.0,67647.0,31902515.0,32,0.6562571320787719,FORA_DAS_FAIXAS_NT,2026-08,DADO_CALCULADO_SOBRE_DADOS_OFICIAIS
2026-02,Químicos Inorgânicos,64277759.0,154437177.0,7879915.0,226594851.0,287,0.28366822421750437,MEDIA,2026-08,DADO_CALCULADO_SOBRE_DADOS_OFICIAIS
2026-02,Químicos Orgânicos,36128457.0,146055385.0,31240548.0,213424390.0,791,0.1692798887699761,MEDIA,2026-08,DADO_CALCULADO_SOBRE_DADOS_OFICIAIS
2026-02,Resíduos para Alimentação Animal,624834614.0,313855312.0,0.0,938689926.0,37,0.6656453816038929,FORA_DAS_FAIXAS_NT,2026-08,DADO_CALCULADO_SOBRE_DADOS_OFICIAIS
2026-02,"Sabões e Preparações de Limpeza, Ceras e Pastas",85563888.0,253371038.0,18187364.0,357122290.0,55,0.23959268406348985,MEDIA,2026-08,DADO_CALCULADO_SOBRE_DADOS_OFICIAIS
2026-02,Siderurgia – Ferro e Aço,500889126.0,830335265.0,40844766.0,1372069157.0,204,0.3650611366377358,FORA_DAS_FAIXAS_NT,2026-08,DADO_CALCULADO_SOBRE_DADOS_OFICIAIS
2026-02,"Soja, Oleaginosas e Sementes",10414182.0,413451326.0,68097967.0,491963475.0,37,0.021168608096363253,CRITICA,2026-08,DADO_CALCULADO_SOBRE_DADOS_OFICIAIS
2026-02,Sucos e Bebidas à Base de Frutas/Vegetais,79449441.0,12464957.0,0.0,91914398.0,23,0.8643851532379073,FORA_DAS_FAIXAS_NT,2026-08,DADO_CALCULADO_SOBRE_DADOS_OFICIAIS
2026-02,Tabaco e Sucedâneos,100398427.0,956560103.0,10427026.0,1067385556.0,22,0.09406013266306557,ALTA,2026-08,DADO_CALCULADO_SOBRE_DADOS_OFICIAIS
2026-02,Tecidos Impregnados/Revestidos/Laminados,28195492.0,37799439.0,9208307.0,75203238.0,28,0.37492390952634247,FORA_DAS_FAIXAS_NT,2026-08,DADO_CALCULADO_SOBRE_DADOS_OFICIAIS
2026-02,Tecidos Sintéticos (Inclusive Malhas),19350453.0,64610586.0,1122118.0,85083157.0,81,0.22742988956086807,MEDIA,2026-08,DADO_CALCULADO_SOBRE_DADOS_OFICIAIS
2026-02,"Tintas, Pigmentos e Corantes",91039526.0,210051920.0,11968205.0,313059651.0,93,0.2908056841857273,MEDIA,2026-08,DADO_CALCULADO_SOBRE_DADOS_OFICIAIS
2026-02,Toucinho e Gorduras Não Fundidas,3521609.0,5536273.0,0.0,9057882.0,5,0.3887894543117254,FORA_DAS_FAIXAS_NT,2026-08,DADO_CALCULADO_SOBRE_DADOS_OFICIAIS
2026-02,Tratores,2569493.0,194809715.0,16351003.0,213730211.0,11,0.012022132893510314,CRITICA,2026-08,DADO_CALCULADO_SOBRE_DADOS_OFICIAIS
2026-02,"Têxteis Naturais (Algodão, Lã, Seda e Afins)",43272298.0,207353219.0,3707795.0,254333312.0,325,0.17014011125683765,MEDIA,2026-08,DADO_CALCULADO_SOBRE_DADOS_OFICIAIS
2026-02,Vacinas e Soros,81805.0,658853380.0,0.0,658935185.0,43,0.00012414726343684318,CRITICA,2026-08,DADO_CALCULADO_SOBRE_DADOS_OFICIAIS
2026-02,Vestuário Tecido (Plano),37721474.0,308834249.0,4185691.0,350741414.0,116,0.10754781869015331,ALTA,2026-08,DADO_CALCULADO_SOBRE_DADOS_OFICIAIS
2026-02,Vestuário de Malha,65889572.0,499049370.0,6050009.0,570988951.0,137,0.11539552890577737,ALTA,2026-08,DADO_CALCULADO_SOBRE_DADOS_OFICIAIS
2026-02,Veículos Comerciais (Caminhões e Carga) e Ônibus,199826127.0,350872486.0,17116023.0,567814636.0,44,0.3519214094368642,FORA_DAS_FAIXAS_NT,2026-08,DADO_CALCULADO_SOBRE_DADOS_OFICIAIS
2026-02,Veículos Leves e de Passageiros,0.0,795936206.0,0.0,795936206.0,20,0.0,CRITICA,2026-08,DADO_CALCULADO_SOBRE_DADOS_OFICIAIS
2026-02,Vidro e Suas Obras,82468504.0,134978334.0,12627752.0,230074590.0,91,0.3584424685924682,FORA_DAS_FAIXAS_NT,2026-08,DADO_CALCULADO_SOBRE_DADOS_OFICIAIS
2026-02,Óleos Brutos de Petróleo,0.0,1122214.0,0.0,1122214.0,2,0.0,CRITICA,2026-08,DADO_CALCULADO_SOBRE_DADOS_OFICIAIS
2026-02,Óleos e Gorduras Vegetais/animais,276187866.0,210360057.0,12730373.0,499278296.0,62,0.5531741880484226,FORA_DAS_FAIXAS_NT,2026-08,DADO_CALCULADO_SOBRE_DADOS_OFICIAIS
2026-02,"Óptica, Instrumentos e Aparelhos de Precisão",27182219.0,167321990.0,62352628.0,256856837.0,244,0.10582634014137611,ALTA,2026-08,DADO_CALCULADO_SOBRE_DADOS_OFICIAIS
2026-03,Acessórios Pessoais e Artigos de Uso Pessoal,17084235.0,191774152.0,4208132.0,213066519.0,59,0.08018263535811555,ALTA,2026-08,DADO_CALCULADO_SOBRE_DADOS_OFICIAIS
2026-03,Adubos e Fertilizantes,598917754.0,74573671.0,950498929.0,1623990354.0,36,0.3687939109520105,FORA_DAS_FAIXAS_NT,2026-08,DADO_CALCULADO_SOBRE_DADOS_OFICIAIS
2026-03,Aeronaves e Espaço,116174.0,4247267.0,2356040.0,6719481.0,29,0.017289132895829305,CRITICA,2026-08,DADO_CALCULADO_SOBRE_DADOS_OFICIAIS
2026-03,Alumínio e Suas Obras,193489219.0,423228110.0,8889605.0,625606934.0,57,0.3092824079855867,FORA_DAS_FAIXAS_NT,2026-08,DADO_CALCULADO_SOBRE_DADOS_OFICIAIS
2026-03,Animais Vivos e Genética,17643424.0,134811159.0,235049.0,152689632.0,48,0.11555089739164477,ALTA,2026-08,DADO_CALCULADO_SOBRE_DADOS_OFICIAIS
2026-03,Aparelhos Telefônicos,3147108.0,489116466.0,8761500.0,501025074.0,55,0.006281338326792004,CRITICA,2026-08,DADO_CALCULADO_SOBRE_DADOS_OFICIAIS
2026-03,Armas e Munições,22092007.0,21217759.0,0.0,43309766.0,27,0.5100929660991472,FORA_DAS_FAIXAS_NT,2026-08,DADO_CALCULADO_SOBRE_DADOS_OFICIAIS
2026-03,Artefatos de Metal Diversos,81456723.0,96977751.0,17697091.0,196131565.0,40,0.4153167441456963,FORA_DAS_FAIXAS_NT,2026-08,DADO_CALCULADO_SOBRE_DADOS_OFICIAIS
2026-03,"Açúcares, Sacarídeos e Produtos de Confeitaria (sem cacau)",67729937.0,244258259.0,478416.0,312466612.0,30,0.21675895727380948,MEDIA,2026-08,DADO_CALCULADO_SOBRE_DADOS_OFICIAIS
2026-03,Bebidas Alcoólicas,342474497.0,176891949.0,19091323.0,538457769.0,25,0.6360285183293548,FORA_DAS_FAIXAS_NT,2026-08,DADO_CALCULADO_SOBRE_DADOS_OFICIAIS
2026-03,Bebidas Não Alcoólicas (Exceto Sucos),339113410.0,150187760.0,106430.0,489407600.0,6,0.6929058927568759,FORA_DAS_FAIXAS_NT,2026-08,DADO_CALCULADO_SOBRE_DADOS_OFICIAIS
2026-03,Biodiesel,369155199.0,11450946.0,0.0,380606145.0,1,0.9699139224354877,FORA_DAS_FAIXAS_NT,2026-08,DADO_CALCULADO_SOBRE_DADOS_OFICIAIS
2026-03,Borracha e Suas Obras (Exceto Pneumáticos),61417565.0,219477209.0,46871380.0,327766154.0,89,0.1873822670537239,MEDIA,2026-08,DADO_CALCULADO_SOBRE_DADOS_OFICIAIS
2026-03,"Brinquedos, Jogos e Artigos de Lazer",10270527.0,193777462.0,1882626.0,205930615.0,79,0.049873725672115336,CRITICA,2026-08,DADO_CALCULADO_SOBRE_DADOS_OFICIAIS
2026-03,Cabos e Fios,37780925.0,334886026.0,11346431.0,384013382.0,13,0.09838439692708417,ALTA,2026-08,DADO_CALCULADO_SOBRE_DADOS_OFICIAIS
2026-03,Cacau e Preparações,57433642.0,225535989.0,2053367.0,285022998.0,13,0.20150529046080695,MEDIA,2026-08,DADO_CALCULADO_SOBRE_DADOS_OFICIAIS
2026-03,Café,895881.0,188424300.0,0.0,189320181.0,10,0.004732094567350958,CRITICA,2026-08,DADO_CALCULADO_SOBRE_DADOS_OFICIAIS
2026-03,Calçados,441608601.0,364171480.0,21828449.0,827608530.0,36,0.5335959997899007,FORA_DAS_FAIXAS_NT,2026-08,DADO_CALCULADO_SOBRE_DADOS_OFICIAIS
2026-03,Carnes Preparadas (Defumadas/Salgadas),10846703.0,22001059.0,0.0,32847762.0,8,0.3302113245949602,FORA_DAS_FAIXAS_NT,2026-08,DADO_CALCULADO_SOBRE_DADOS_OFICIAIS
2026-03,Carnes de Bovinos,826437797.0,427386166.0,0.0,1253823963.0,16,0.6591338348826884,FORA_DAS_FAIXAS_NT,2026-08,DADO_CALCULADO_SOBRE_DADOS_OFICIAIS
2026-03,Carnes de Espécies Exóticas/Diversas e Subprodutos,1769490.0,302293.0,0.0,2071783.0,10,0.8540904139091787,FORA_DAS_FAIXAS_NT,2026-08,DADO_CALCULADO_SOBRE_DADOS_OFICIAIS
2026-03,Carnes de Frango,333273937.0,170070763.0,0.0,503344700.0,23,0.6621186971870371,FORA_DAS_FAIXAS_NT,2026-08,DADO_CALCULADO_SOBRE_DADOS_OFICIAIS
2026-03,Carnes de Outras Aves (Exceto Frango),0.0,465972.0,0.0,465972.0,12,0.0,CRITICA,2026-08,DADO_CALCULADO_SOBRE_DADOS_OFICIAIS
2026-03,Carnes de Ovinos e Caprinos,3785811.0,2400582.0,0.0,6186393.0,13,0.611957727224895,FORA_DAS_FAIXAS_NT,2026-08,DADO_CALCULADO_SOBRE_DADOS_OFICIAIS
2026-03,Carnes de Suínos,127322901.0,75052746.0,0.0,202375647.0,10,0.6291414154194156,FORA_DAS_FAIXAS_NT,2026-08,DADO_CALCULADO_SOBRE_DADOS_OFICIAIS
2026-03,Cereais e Grãos (exceto soja),165399833.0,131703270.0,69144677.0,366247780.0,41,0.451606376972442,FORA_DAS_FAIXAS_NT,2026-08,DADO_CALCULADO_SOBRE_DADOS_OFICIAIS
2026-03,Chás e Especiarias,7877782.0,11485161.0,0.0,19362943.0,41,0.40684838043473043,FORA_DAS_FAIXAS_NT,2026-08,DADO_CALCULADO_SOBRE_DADOS_OFICIAIS
2026-03,Combustíveis e Derivados de Petróleo,269296272.0,321017683.0,53687891.0,644001846.0,64,0.4181607144026727,FORA_DAS_FAIXAS_NT,2026-08,DADO_CALCULADO_SOBRE_DADOS_OFICIAIS
2026-03,Componentes Elétricos e Eletrônicos,128865517.0,613180195.0,244995074.0,987040786.0,333,0.13055743878855275,ALTA,2026-08,DADO_CALCULADO_SOBRE_DADOS_OFICIAIS
2026-03,Conservas de Frutas e Hortícolas,46251729.0,143500165.0,8654199.0,198406093.0,48,0.2331164749058387,MEDIA,2026-08,DADO_CALCULADO_SOBRE_DADOS_OFICIAIS
2026-03,Couros e Suas Obras,156882724.0,133570441.0,15302360.0,305755525.0,106,0.5130985744247794,FORA_DAS_FAIXAS_NT,2026-08,DADO_CALCULADO_SOBRE_DADOS_OFICIAIS
2026-03,Eletrodomésticos (Linha Branca + Portáteis),117300156.0,683433681.0,32522829.0,833256666.0,106,0.1407731384413551,ALTA,2026-08,DADO_CALCULADO_SOBRE_DADOS_OFICIAIS
2026-03,Eletrônicos de Consumo – Comunicação/Imagem,1925479.0,174600470.0,19859887.0,196385836.0,50,0.009804571649454393,CRITICA,2026-08,DADO_CALCULADO_SOBRE_DADOS_OFICIAIS
2026-03,Eletrônicos de Consumo – Informática/TIC,4845126.0,305144608.0,26595659.0,336585393.0,143,0.014394938404234316,CRITICA,2026-08,DADO_CALCULADO_SOBRE_DADOS_OFICIAIS
2026-03,Eletrônicos de Consumo – Áudio/Vídeo,2958247.0,56974153.0,35192127.0,95124527.0,34,0.031098677631269587,CRITICA,2026-08,DADO_CALCULADO_SOBRE_DADOS_OFICIAIS
2026-03,Embarcações e Estruturas Flutuantes,243399.0,5711396.0,0.0,5954795.0,25,0.04087445495604802,CRITICA,2026-08,DADO_CALCULADO_SOBRE_DADOS_OFICIAIS
2026-03,Erva-mate,34383607.0,33639963.0,0.0,68023570.0,2,0.5054660759498509,FORA_DAS_FAIXAS_NT,2026-08,DADO_CALCULADO_SOBRE_DADOS_OFICIAIS
2026-03,Etanol e Álcool Etílico,3628016.0,753285520.0,0.0,756913536.0,5,0.004793170986441442,CRITICA,2026-08,DADO_CALCULADO_SOBRE_DADOS_OFICIAIS
2026-03,Explosivos e Pirotecnia,3121.0,3922378.0,0.0,3925499.0,14,0.0007950581569375002,CRITICA,2026-08,DADO_CALCULADO_SOBRE_DADOS_OFICIAIS
2026-03,"Farinha, Malte e Preparações de Cereais",209830874.0,107213472.0,8377728.0,325422074.0,35,0.6447960687510091,FORA_DAS_FAIXAS_NT,2026-08,DADO_CALCULADO_SOBRE_DADOS_OFICIAIS
2026-03,"Feltros, Passamanarias, Têxteis Técnicos",15190398.0,54547972.0,522547.0,70260917.0,75,0.2161998255730138,MEDIA,2026-08,DADO_CALCULADO_SOBRE_DADOS_OFICIAIS
2026-03,Ferramentas e Cutelaria (Metais Comuns),44057812.0,120007846.0,22541363.0,186607021.0,85,0.23609943379354414,MEDIA,2026-08,DADO_CALCULADO_SOBRE_DADOS_OFICIAIS
2026-03,Fibras Sintéticas/Descontínuas – Têxteis,4124661.0,25763230.0,1655174.0,31543065.0,125,0.1307628475546051,ALTA,2026-08,DADO_CALCULADO_SOBRE_DADOS_OFICIAIS
2026-03,Filamentos Sintéticos – Têxteis Técnicos,14474840.0,85558670.0,1293157.0,101326667.0,90,0.14285321355729583,ALTA,2026-08,DADO_CALCULADO_SOBRE_DADOS_OFICIAIS
2026-03,Frutas e Hortícolas,25054984.0,245899378.0,74716941.0,345671303.0,174,0.07248210592708645,ALTA,2026-08,DADO_CALCULADO_SOBRE_DADOS_OFICIAIS
2026-03,Instrumentos Musicais,200085.0,14480789.0,0.0,14680874.0,19,0.013628956968093317,CRITICA,2026-08,DADO_CALCULADO_SOBRE_DADOS_OFICIAIS
2026-03,Instrumentos Médicos,15325024.0,302865852.0,23561172.0,341752048.0,115,0.0448425227871641,CRITICA,2026-08,DADO_CALCULADO_SOBRE_DADOS_OFICIAIS
2026-03,"Joias, Bijuterias, Metais Preciosos e Relógios",14669496.0,85980657.0,3102789.0,103752942.0,117,0.14138872322290388,ALTA,2026-08,DADO_CALCULADO_SOBRE_DADOS_OFICIAIS
2026-03,Laticínios,454448038.0,239675798.0,2422099.0,696545935.0,45,0.6524308235321192,FORA_DAS_FAIXAS_NT,2026-08,DADO_CALCULADO_SOBRE_DADOS_OFICIAIS
2026-03,Madeira e Cortiça - Produtos e Obras,256036364.0,268509099.0,2959798.0,527505261.0,154,0.4853721525253186,FORA_DAS_FAIXAS_NT,2026-08,DADO_CALCULADO_SOBRE_DADOS_OFICIAIS
2026-03,Massas e Panificação,263592100.0,323935305.0,2364987.0,589892392.0,22,0.4468477701607652,FORA_DAS_FAIXAS_NT,2026-08,DADO_CALCULADO_SOBRE_DADOS_OFICIAIS
2026-03,Material Ferroviário e Contêineres,4892910.0,9592412.0,0.0,14485322.0,21,0.3377839995548597,FORA_DAS_FAIXAS_NT,2026-08,DADO_CALCULADO_SOBRE_DADOS_OFICIAIS
2026-03,Medicamentos,8913878.0,1943897418.0,986902.0,1953798198.0,209,0.004562333003032076,CRITICA,2026-08,DADO_CALCULADO_SOBRE_DADOS_OFICIAIS
2026-03,Mel e Outros Produtos Comestíveis de Origem Animal,1563950.0,2071459.0,0.0,3635409.0,3,0.4301991880418407,FORA_DAS_FAIXAS_NT,2026-08,DADO_CALCULADO_SOBRE_DADOS_OFICIAIS
2026-03,"Metais Não Ferrosos e Suas Obras (NCMs dos Caps. 74, 75, 78, 79, 80, 81)",41523357.0,141328830.0,3875760.0,186727947.0,165,0.2223735528993954,MEDIA,2026-08,DADO_CALCULADO_SOBRE_DADOS_OFICIAIS
2026-03,Minerais e Materiais de Mineração (Não Metálicos),109944044.0,174984878.0,1687888.0,286616810.0,82,0.38359244874716175,FORA_DAS_FAIXAS_NT,2026-08,DADO_CALCULADO_SOBRE_DADOS_OFICIAIS
2026-03,Minérios e Subprodutos da Metalurgia (NCMs do Cap. 26),146623.0,134463.0,0.0,281086.0,34,0.521630390698932,FORA_DAS_FAIXAS_NT,2026-08,DADO_CALCULADO_SOBRE_DADOS_OFICIAIS
2026-03,Mobiliário e Iluminação,476995113.0,396278595.0,20206496.0,893480204.0,102,0.5338619824642472,FORA_DAS_FAIXAS_NT,2026-08,DADO_CALCULADO_SOBRE_DADOS_OFICIAIS
2026-03,Motocicletas,0.0,80705050.0,764510.0,81469560.0,9,0.0,CRITICA,2026-08,DADO_CALCULADO_SOBRE_DADOS_OFICIAIS
2026-03,Máquinas e Equipamentos Industriais,607906545.0,1420698275.0,248196690.0,2276801510.0,799,0.26700023797858424,MEDIA,2026-08,DADO_CALCULADO_SOBRE_DADOS_OFICIAIS
2026-03,Máquinas e Implementos Agrícolas,204281544.0,272254036.0,12419090.0,488954670.0,42,0.4177923978106191,FORA_DAS_FAIXAS_NT,2026-08,DADO_CALCULADO_SOBRE_DADOS_OFICIAIS
2026-03,Objetos de Arte e Coleções,614959.0,4690720.0,0.0,5305679.0,27,0.11590580583559616,ALTA,2026-08,DADO_CALCULADO_SOBRE_DADOS_OFICIAIS
2026-03,Obras de Espartaria e Cestaria,52675.0,2565591.0,0.0,2618266.0,11,0.02011827675262941,CRITICA,2026-08,DADO_CALCULADO_SOBRE_DADOS_OFICIAIS
2026-03,Obras de Ferro ou Aço,448599817.0,532474670.0,55865274.0,1036939761.0,157,0.4326189754430682,FORA_DAS_FAIXAS_NT,2026-08,DADO_CALCULADO_SOBRE_DADOS_OFICIAIS
2026-03,Outras Fibras Têxteis Vegetais,5078.0,1695154.0,0.0,1700232.0,29,0.0029866512334787254,CRITICA,2026-08,DADO_CALCULADO_SOBRE_DADOS_OFICIAIS
2026-03,Outros,0.0,213583.0,0.0,213583.0,9,0.0,CRITICA,2026-08,DADO_CALCULADO_SOBRE_DADOS_OFICIAIS
2026-03,Ovos,15992596.0,22928523.0,0.0,38921119.0,9,0.41089764145784197,FORA_DAS_FAIXAS_NT,2026-08,DADO_CALCULADO_SOBRE_DADOS_OFICIAIS
2026-03,Papel e Papelão,329565844.0,563877897.0,10780993.0,904224734.0,174,0.3644733788049642,FORA_DAS_FAIXAS_NT,2026-08,DADO_CALCULADO_SOBRE_DADOS_OFICIAIS
2026-03,Pasta Química e Pasta Mecânica,1982500.0,12765071.0,0.0,14747571.0,19,0.1344289171416771,ALTA,2026-08,DADO_CALCULADO_SOBRE_DADOS_OFICIAIS
2026-03,Perfumaria e Cosméticos,26357948.0,518640756.0,7486891.0,552485595.0,57,0.047707937073001874,CRITICA,2026-08,DADO_CALCULADO_SOBRE_DADOS_OFICIAIS
2026-03,Pescados e Frutos do Mar,8751422.0,93579403.0,12259294.0,114590119.0,213,0.07637152379604388,ALTA,2026-08,DADO_CALCULADO_SOBRE_DADOS_OFICIAIS
2026-03,Pescados e Frutos do Mar - Preparações e Conservas,789816.0,16415674.0,0.0,17205490.0,28,0.0459048826857009,CRITICA,2026-08,DADO_CALCULADO_SOBRE_DADOS_OFICIAIS
2026-03,Peças e Acessórios Automotivos,520002060.0,1235330630.0,288293616.0,2043626306.0,128,0.25445065884760637,MEDIA,2026-08,DADO_CALCULADO_SOBRE_DADOS_OFICIAIS
2026-03,Plantas Vivas e Floricultura,53345.0,29665511.0,0.0,29718856.0,30,0.0017949883400626189,CRITICA,2026-08,DADO_CALCULADO_SOBRE_DADOS_OFICIAIS
2026-03,Plásticos e Suas Obras,736621898.0,1460289119.0,159486654.0,2356397671.0,313,0.3126050865970322,FORA_DAS_FAIXAS_NT,2026-08,DADO_CALCULADO_SOBRE_DADOS_OFICIAIS
2026-03,"Pneumáticos, Câmaras e Protetores",32746628.0,398283744.0,8452053.0,439482425.0,24,0.07451180328769688,ALTA,2026-08,DADO_CALCULADO_SOBRE_DADOS_OFICIAIS
2026-03,"Preparações Alimentícias Diversas (Molhos, Condimentos, etc)",29968993.0,275551242.0,915947.0,306436182.0,23,0.09779848059848233,ALTA,2026-08,DADO_CALCULADO_SOBRE_DADOS_OFICIAIS
2026-03,Preparações de Carne,155352816.0,122736487.0,0.0,278089303.0,15,0.5586436239153003,FORA_DAS_FAIXAS_NT,2026-08,DADO_CALCULADO_SOBRE_DADOS_OFICIAIS
2026-03,"Preparações, Suplementos e Complementos alimentares",17021567.0,186987356.0,648093.0,204657016.0,27,0.08317118725116172,ALTA,2026-08,DADO_CALCULADO_SOBRE_DADOS_OFICIAIS
2026-03,"Produtos Cerâmicos, Porcelana e Refratários",45895397.0,130435289.0,1707064.0,178037750.0,59,0.2577846383702333,MEDIA,2026-08,DADO_CALCULADO_SOBRE_DADOS_OFICIAIS
2026-03,"Produtos Editoriais, Impressos e Materiais Gráficos",35091464.0,244343592.0,846632.0,280281688.0,39,0.12520070165982444,ALTA,2026-08,DADO_CALCULADO_SOBRE_DADOS_OFICIAIS
2026-03,Produtos Farmacêuticos,1393923.0,101557175.0,1379006.0,104330104.0,48,0.013360697886393366,CRITICA,2026-08,DADO_CALCULADO_SOBRE_DADOS_OFICIAIS
2026-03,Produtos Fotográficos,331457.0,7949782.0,0.0,8281239.0,53,0.04002504939176372,CRITICA,2026-08,DADO_CALCULADO_SOBRE_DADOS_OFICIAIS
2026-03,"Produtos Minerais: Pedra, Cimento, Gesso, Amianto e Abrasivos",205565745.0,149298518.0,5158495.0,360022758.0,66,0.5709798628896676,FORA_DAS_FAIXAS_NT,2026-08,DADO_CALCULADO_SOBRE_DADOS_OFICIAIS
2026-03,Produtos Químicos Diversos,135979159.0,849070042.0,25058627.0,1010107828.0,253,0.13461845877309644,ALTA,2026-08,DADO_CALCULADO_SOBRE_DADOS_OFICIAIS
2026-03,Produtos de Origem Animal (Não Alimentares),24792728.0,13884342.0,659686.0,39336756.0,32,0.6302687491566412,FORA_DAS_FAIXAS_NT,2026-08,DADO_CALCULADO_SOBRE_DADOS_OFICIAIS
2026-03,Químicos Inorgânicos,71022173.0,188426069.0,9607289.0,269055531.0,300,0.2639684556419693,MEDIA,2026-08,DADO_CALCULADO_SOBRE_DADOS_OFICIAIS
2026-03,Químicos Orgânicos,41545481.0,195240538.0,38556720.0,275342739.0,819,0.15088642304818506,MEDIA,2026-08,DADO_CALCULADO_SOBRE_DADOS_OFICIAIS
2026-03,Resíduos para Alimentação Animal,779888813.0,362386357.0,819038.0,1143094208.0,38,0.6822611885721321,FORA_DAS_FAIXAS_NT,2026-08,DADO_CALCULADO_SOBRE_DADOS_OFICIAIS
2026-03,"Sabões e Preparações de Limpeza, Ceras e Pastas",104689746.0,310102236.0,18864985.0,433656967.0,56,0.24141142415913266,MEDIA,2026-08,DADO_CALCULADO_SOBRE_DADOS_OFICIAIS
2026-03,Siderurgia – Ferro e Aço,581986768.0,984345067.0,23160262.0,1589492097.0,204,0.36614637411437223,FORA_DAS_FAIXAS_NT,2026-08,DADO_CALCULADO_SOBRE_DADOS_OFICIAIS
2026-03,"Soja, Oleaginosas e Sementes",15139809.0,420833709.0,4830617.0,440804135.0,40,0.034345886977670936,CRITICA,2026-08,DADO_CALCULADO_SOBRE_DADOS_OFICIAIS
2026-03,Sucos e Bebidas à Base de Frutas/Vegetais,83798991.0,15868860.0,0.0,99667851.0,22,0.8407825608680978,FORA_DAS_FAIXAS_NT,2026-08,DADO_CALCULADO_SOBRE_DADOS_OFICIAIS
2026-03,Tabaco e Sucedâneos,73507863.0,1574752124.0,41681161.0,1689941148.0,23,0.04349729165834833,CRITICA,2026-08,DADO_CALCULADO_SOBRE_DADOS_OFICIAIS
2026-03,Tecidos Impregnados/Revestidos/Laminados,29735509.0,41922138.0,9157018.0,80814665.0,28,0.367946943787987,FORA_DAS_FAIXAS_NT,2026-08,DADO_CALCULADO_SOBRE_DADOS_OFICIAIS
2026-03,Tecidos Sintéticos (Inclusive Malhas),24839316.0,82546397.0,1212097.0,108597810.0,81,0.2287275958879834,MEDIA,2026-08,DADO_CALCULADO_SOBRE_DADOS_OFICIAIS
2026-03,"Tintas, Pigmentos e Corantes",116417067.0,274572216.0,18504061.0,409493344.0,95,0.28429538283288924,MEDIA,2026-08,DADO_CALCULADO_SOBRE_DADOS_OFICIAIS
2026-03,Toucinho e Gorduras Não Fundidas,3312147.0,6534108.0,0.0,9846255.0,5,0.33638647384208514,FORA_DAS_FAIXAS_NT,2026-08,DADO_CALCULADO_SOBRE_DADOS_OFICIAIS
2026-03,Tratores,3660300.0,293036730.0,13095568.0,309792598.0,12,0.01181532426413881,CRITICA,2026-08,DADO_CALCULADO_SOBRE_DADOS_OFICIAIS
2026-03,"Têxteis Naturais (Algodão, Lã, Seda e Afins)",49634902.0,247877128.0,3430835.0,300942865.0,323,0.16493131345712417,MEDIA,2026-08,DADO_CALCULADO_SOBRE_DADOS_OFICIAIS
2026-03,Vacinas e Soros,670820.0,882244950.0,90790.0,883006560.0,44,0.0007596999052872269,CRITICA,2026-08,DADO_CALCULADO_SOBRE_DADOS_OFICIAIS
2026-03,Vestuário Tecido (Plano),52826816.0,430783433.0,3932039.0,487542288.0,114,0.10835330042180874,ALTA,2026-08,DADO_CALCULADO_SOBRE_DADOS_OFICIAIS
2026-03,Vestuário de Malha,110933888.0,650893419.0,7515700.0,769343007.0,136,0.14419301532690737,ALTA,2026-08,DADO_CALCULADO_SOBRE_DADOS_OFICIAIS
2026-03,Veículos Comerciais (Caminhões e Carga) e Ônibus,271654847.0,563347218.0,25124147.0,860126212.0,46,0.3158313782442896,FORA_DAS_FAIXAS_NT,2026-08,DADO_CALCULADO_SOBRE_DADOS_OFICIAIS
2026-03,Veículos Leves e de Passageiros,0.0,1025728418.0,0.0,1025728418.0,21,0.0,CRITICA,2026-08,DADO_CALCULADO_SOBRE_DADOS_OFICIAIS
2026-03,Vidro e Suas Obras,107266868.0,156680646.0,10818397.0,274765911.0,90,0.39039365403665377,FORA_DAS_FAIXAS_NT,2026-08,DADO_CALCULADO_SOBRE_DADOS_OFICIAIS
2026-03,Óleos Brutos de Petróleo,0.0,1487625.0,0.0,1487625.0,2,0.0,CRITICA,2026-08,DADO_CALCULADO_SOBRE_DADOS_OFICIAIS
2026-03,Óleos e Gorduras Vegetais/animais,249638869.0,210074396.0,13533405.0,473246670.0,64,0.5275026425436866,FORA_DAS_FAIXAS_NT,2026-08,DADO_CALCULADO_SOBRE_DADOS_OFICIAIS
2026-03,"Óptica, Instrumentos e Aparelhos de Precisão",37079215.0,217992098.0,52388185.0,307459498.0,248,0.12059869752340519,ALTA,2026-08,DADO_CALCULADO_SOBRE_DADOS_OFICIAIS
2026-04,Acessórios Pessoais e Artigos de Uso Pessoal,15932747.0,179811467.0,3476638.0,199220852.0,58,0.07997529796730314,ALTA,2026-08,DADO_CALCULADO_SOBRE_DADOS_OFICIAIS
2026-04,Adubos e Fertilizantes,523937359.0,171776080.0,1312982999.0,2008696438.0,37,0.26083451391075746,MEDIA,2026-08,DADO_CALCULADO_SOBRE_DADOS_OFICIAIS
2026-04,Aeronaves e Espaço,47971.0,6039428.0,87658.0,6175057.0,30,0.007768511286616464,CRITICA,2026-08,DADO_CALCULADO_SOBRE_DADOS_OFICIAIS
2026-04,Alumínio e Suas Obras,186038250.0,401295268.0,10063870.0,597397388.0,56,0.31141456882298924,FORA_DAS_FAIXAS_NT,2026-08,DADO_CALCULADO_SOBRE_DADOS_OFICIAIS
2026-04,Animais Vivos e Genética,22677343.0,115116814.0,44327.0,137838484.0,49,0.16452112894683316,MEDIA,2026-08,DADO_CALCULADO_SOBRE_DADOS_OFICIAIS
2026-04,Aparelhos Telefônicos,2385212.0,449796291.0,11071081.0,463252584.0,55,0.005148836903195774,CRITICA,2026-08,DADO_CALCULADO_SOBRE_DADOS_OFICIAIS
2026-04,Armas e Munições,21359456.0,23451193.0,997398.0,45808047.0,27,0.46628174303086967,FORA_DAS_FAIXAS_NT,2026-08,DADO_CALCULADO_SOBRE_DADOS_OFICIAIS
2026-04,Artefatos de Metal Diversos,74345236.0,93355055.0,17456132.0,185156423.0,40,0.40152663783097603,FORA_DAS_FAIXAS_NT,2026-08,DADO_CALCULADO_SOBRE_DADOS_OFICIAIS
2026-04,"Açúcares, Sacarídeos e Produtos de Confeitaria (sem cacau)",54030488.0,189006151.0,635041.0,243671680.0,30,0.22173478674255456,MEDIA,2026-08,DADO_CALCULADO_SOBRE_DADOS_OFICIAIS
2026-04,Bebidas Alcoólicas,282212956.0,160959231.0,27247691.0,470419878.0,27,0.599917157412298,FORA_DAS_FAIXAS_NT,2026-08,DADO_CALCULADO_SOBRE_DADOS_OFICIAIS
2026-04,Bebidas Não Alcoólicas (Exceto Sucos),314903572.0,130299561.0,113839.0,445316972.0,6,0.7071447795616467,FORA_DAS_FAIXAS_NT,2026-08,DADO_CALCULADO_SOBRE_DADOS_OFICIAIS
2026-04,Biodiesel,325699681.0,0.0,0.0,325699681.0,1,1.0,FORA_DAS_FAIXAS_NT,2026-08,DADO_CALCULADO_SOBRE_DADOS_OFICIAIS
2026-04,Borracha e Suas Obras (Exceto Pneumáticos),68080549.0,182391814.0,39862334.0,290334697.0,89,0.23448988255096495,MEDIA,2026-08,DADO_CALCULADO_SOBRE_DADOS_OFICIAIS
2026-04,"Brinquedos, Jogos e Artigos de Lazer",9405870.0,309460917.0,3204896.0,322071683.0,77,0.02920427499986082,CRITICA,2026-08,DADO_CALCULADO_SOBRE_DADOS_OFICIAIS
2026-04,Cabos e Fios,35907184.0,288184449.0,9941725.0,334033358.0,13,0.10749580285930604,ALTA,2026-08,DADO_CALCULADO_SOBRE_DADOS_OFICIAIS
2026-04,Cacau e Preparações,29986019.0,144085749.0,3958001.0,178029769.0,13,0.16843261196390139,MEDIA,2026-08,DADO_CALCULADO_SOBRE_DADOS_OFICIAIS
2026-04,Café,873443.0,174977595.0,0.0,175851038.0,10,0.004966948218980658,CRITICA,2026-08,DADO_CALCULADO_SOBRE_DADOS_OFICIAIS
2026-04,Calçados,401576805.0,329918327.0,7071964.0,738567096.0,39,0.5437242021407355,FORA_DAS_FAIXAS_NT,2026-08,DADO_CALCULADO_SOBRE_DADOS_OFICIAIS
2026-04,Carnes Preparadas (Defumadas/Salgadas),10499072.0,17113480.0,0.0,27612552.0,8,0.3802282382302078,FORA_DAS_FAIXAS_NT,2026-08,DADO_CALCULADO_SOBRE_DADOS_OFICIAIS
2026-04,Carnes de Bovinos,823162787.0,362753309.0,0.0,1185916096.0,16,0.6941155363153111,FORA_DAS_FAIXAS_NT,2026-08,DADO_CALCULADO_SOBRE_DADOS_OFICIAIS
2026-04,Carnes de Espécies Exóticas/Diversas e Subprodutos,2024444.0,441746.0,0.0,2466190.0,9,0.8208791698936416,FORA_DAS_FAIXAS_NT,2026-08,DADO_CALCULADO_SOBRE_DADOS_OFICIAIS
2026-04,Carnes de Frango,306132296.0,153238611.0,1816216.0,461187123.0,22,0.6637919419966112,FORA_DAS_FAIXAS_NT,2026-08,DADO_CALCULADO_SOBRE_DADOS_OFICIAIS
2026-04,Carnes de Outras Aves (Exceto Frango),0.0,636611.0,0.0,636611.0,12,0.0,CRITICA,2026-08,DADO_CALCULADO_SOBRE_DADOS_OFICIAIS
2026-04,Carnes de Ovinos e Caprinos,3703252.0,1234151.0,0.0,4937403.0,13,0.7500404564909934,FORA_DAS_FAIXAS_NT,2026-08,DADO_CALCULADO_SOBRE_DADOS_OFICIAIS
2026-04,Carnes de Suínos,116899280.0,68038351.0,0.0,184937631.0,10,0.6321011000730294,FORA_DAS_FAIXAS_NT,2026-08,DADO_CALCULADO_SOBRE_DADOS_OFICIAIS
2026-04,Cereais e Grãos (exceto soja),147485420.0,69577220.0,34194795.0,251257435.0,41,0.5869892765561345,FORA_DAS_FAIXAS_NT,2026-08,DADO_CALCULADO_SOBRE_DADOS_OFICIAIS
2026-04,Chás e Especiarias,10368717.0,11150398.0,47042.0,21566157.0,42,0.4807864933933292,FORA_DAS_FAIXAS_NT,2026-08,DADO_CALCULADO_SOBRE_DADOS_OFICIAIS
2026-04,Combustíveis e Derivados de Petróleo,281659696.0,294156245.0,24607004.0,600422945.0,64,0.46910215265007904,FORA_DAS_FAIXAS_NT,2026-08,DADO_CALCULADO_SOBRE_DADOS_OFICIAIS
2026-04,Componentes Elétricos e Eletrônicos,124211681.0,576888848.0,103123282.0,804223811.0,329,0.15444914624642966,MEDIA,2026-08,DADO_CALCULADO_SOBRE_DADOS_OFICIAIS
2026-04,Conservas de Frutas e Hortícolas,47965465.0,134285278.0,10404018.0,192654761.0,49,0.2489710856405983,MEDIA,2026-08,DADO_CALCULADO_SOBRE_DADOS_OFICIAIS
2026-04,Couros e Suas Obras,144419263.0,128902319.0,12210671.0,285532253.0,106,0.505789666430433,FORA_DAS_FAIXAS_NT,2026-08,DADO_CALCULADO_SOBRE_DADOS_OFICIAIS
2026-04,Eletrodomésticos (Linha Branca + Portáteis),104433269.0,665143260.0,37154150.0,806730679.0,108,0.12945245757785295,ALTA,2026-08,DADO_CALCULADO_SOBRE_DADOS_OFICIAIS
2026-04,Eletrônicos de Consumo – Comunicação/Imagem,1466075.0,166816124.0,25557941.0,193840140.0,51,0.007563319960458138,CRITICA,2026-08,DADO_CALCULADO_SOBRE_DADOS_OFICIAIS
2026-04,Eletrônicos de Consumo – Informática/TIC,3689624.0,288597614.0,21288564.0,313575802.0,139,0.011766290563453618,CRITICA,2026-08,DADO_CALCULADO_SOBRE_DADOS_OFICIAIS
2026-04,Eletrônicos de Consumo – Áudio/Vídeo,2972024.0,68758732.0,50838332.0,122569088.0,33,0.024247745075822055,CRITICA,2026-08,DADO_CALCULADO_SOBRE_DADOS_OFICIAIS
2026-04,Embarcações e Estruturas Flutuantes,820820.0,2225198.0,0.0,3046018.0,29,0.26947312852386296,MEDIA,2026-08,DADO_CALCULADO_SOBRE_DADOS_OFICIAIS
2026-04,Erva-mate,32087974.0,30692697.0,0.0,62780671.0,2,0.5111123135335714,FORA_DAS_FAIXAS_NT,2026-08,DADO_CALCULADO_SOBRE_DADOS_OFICIAIS
2026-04,Etanol e Álcool Etílico,3148566.0,665635974.0,0.0,668784540.0,5,0.004707892918696954,CRITICA,2026-08,DADO_CALCULADO_SOBRE_DADOS_OFICIAIS
2026-04,Explosivos e Pirotecnia,0.0,3810856.0,0.0,3810856.0,14,0.0,CRITICA,2026-08,DADO_CALCULADO_SOBRE_DADOS_OFICIAIS
2026-04,"Farinha, Malte e Preparações de Cereais",196544958.0,94616264.0,5568187.0,296729409.0,36,0.6623710088675437,FORA_DAS_FAIXAS_NT,2026-08,DADO_CALCULADO_SOBRE_DADOS_OFICIAIS
2026-04,"Feltros, Passamanarias, Têxteis Técnicos",12984852.0,51244244.0,488718.0,64717814.0,75,0.20063798817432246,MEDIA,2026-08,DADO_CALCULADO_SOBRE_DADOS_OFICIAIS
2026-04,Ferramentas e Cutelaria (Metais Comuns),44874742.0,105630308.0,22889846.0,173394896.0,85,0.25880082421803235,MEDIA,2026-08,DADO_CALCULADO_SOBRE_DADOS_OFICIAIS
2026-04,Fibras Sintéticas/Descontínuas – Têxteis,3517242.0,20128244.0,7322562.0,30968048.0,132,0.11357648373575241,ALTA,2026-08,DADO_CALCULADO_SOBRE_DADOS_OFICIAIS
2026-04,Filamentos Sintéticos – Têxteis Técnicos,13914144.0,73574778.0,963764.0,88452686.0,89,0.1573060653013974,MEDIA,2026-08,DADO_CALCULADO_SOBRE_DADOS_OFICIAIS
2026-04,Frutas e Hortícolas,24892415.0,240820673.0,84857275.0,350570363.0,172,0.07100547458428481,ALTA,2026-08,DADO_CALCULADO_SOBRE_DADOS_OFICIAIS
2026-04,Instrumentos Musicais,60485.0,11795902.0,0.0,11856387.0,19,0.00510146978164596,CRITICA,2026-08,DADO_CALCULADO_SOBRE_DADOS_OFICIAIS
2026-04,Instrumentos Médicos,14279600.0,274979097.0,31225560.0,320484257.0,117,0.044556322777502294,CRITICA,2026-08,DADO_CALCULADO_SOBRE_DADOS_OFICIAIS
2026-04,"Joias, Bijuterias, Metais Preciosos e Relógios",15254226.0,66511532.0,48840.0,81814598.0,115,0.18644870686769127,MEDIA,2026-08,DADO_CALCULADO_SOBRE_DADOS_OFICIAIS
2026-04,Laticínios,481221591.0,241838648.0,0.0,723060239.0,44,0.6655345779565124,FORA_DAS_FAIXAS_NT,2026-08,DADO_CALCULADO_SOBRE_DADOS_OFICIAIS
2026-04,Madeira e Cortiça - Produtos e Obras,246821350.0,260274138.0,7206532.0,514302020.0,149,0.4799151868001607,FORA_DAS_FAIXAS_NT,2026-08,DADO_CALCULADO_SOBRE_DADOS_OFICIAIS
2026-04,Massas e Panificação,240241291.0,268849947.0,2926529.0,512017767.0,22,0.469204989521389,FORA_DAS_FAIXAS_NT,2026-08,DADO_CALCULADO_SOBRE_DADOS_OFICIAIS
2026-04,Material Ferroviário e Contêineres,3931612.0,5420104.0,0.0,9351716.0,23,0.4204161033119483,FORA_DAS_FAIXAS_NT,2026-08,DADO_CALCULADO_SOBRE_DADOS_OFICIAIS
2026-04,Medicamentos,9080159.0,1478379868.0,0.0,1487460027.0,220,0.006104472614510131,CRITICA,2026-08,DADO_CALCULADO_SOBRE_DADOS_OFICIAIS
2026-04,Mel e Outros Produtos Comestíveis de Origem Animal,905439.0,2718804.0,0.0,3624243.0,4,0.24982844693360792,MEDIA,2026-08,DADO_CALCULADO_SOBRE_DADOS_OFICIAIS
2026-04,"Metais Não Ferrosos e Suas Obras (NCMs dos Caps. 74, 75, 78, 79, 80, 81)",38172415.0,138798216.0,2500337.0,179470968.0,164,0.21269409434510878,MEDIA,2026-08,DADO_CALCULADO_SOBRE_DADOS_OFICIAIS
2026-04,Minerais e Materiais de Mineração (Não Metálicos),104758133.0,170119915.0,2546281.0,277424329.0,83,0.3776097553434111,FORA_DAS_FAIXAS_NT,2026-08,DADO_CALCULADO_SOBRE_DADOS_OFICIAIS
2026-04,Minérios e Subprodutos da Metalurgia (NCMs do Cap. 26),1412350.0,21920.0,0.0,1434270.0,33,0.9847169640304824,FORA_DAS_FAIXAS_NT,2026-08,DADO_CALCULADO_SOBRE_DADOS_OFICIAIS
2026-04,Mobiliário e Iluminação,452698280.0,387838627.0,19383326.0,859920233.0,103,0.5264421775734633,FORA_DAS_FAIXAS_NT,2026-08,DADO_CALCULADO_SOBRE_DADOS_OFICIAIS
2026-04,Motocicletas,0.0,91694207.0,2904755.0,94598962.0,9,0.0,CRITICA,2026-08,DADO_CALCULADO_SOBRE_DADOS_OFICIAIS
2026-04,Máquinas e Equipamentos Industriais,570377487.0,1270228344.0,213450643.0,2054056474.0,802,0.27768344941814876,MEDIA,2026-08,DADO_CALCULADO_SOBRE_DADOS_OFICIAIS
2026-04,Máquinas e Implementos Agrícolas,196474191.0,171139269.0,16559731.0,384173191.0,42,0.5114208789233291,FORA_DAS_FAIXAS_NT,2026-08,DADO_CALCULADO_SOBRE_DADOS_OFICIAIS
2026-04,Objetos de Arte e Coleções,607805.0,3981078.0,0.0,4588883.0,26,0.13245162275874106,ALTA,2026-08,DADO_CALCULADO_SOBRE_DADOS_OFICIAIS
2026-04,Obras de Espartaria e Cestaria,74195.0,2395684.0,24868.0,2494747.0,11,0.02974049071909897,CRITICA,2026-08,DADO_CALCULADO_SOBRE_DADOS_OFICIAIS
2026-04,Obras de Ferro ou Aço,418215552.0,484851267.0,63484575.0,966551394.0,158,0.4326883749753301,FORA_DAS_FAIXAS_NT,2026-08,DADO_CALCULADO_SOBRE_DADOS_OFICIAIS
2026-04,Outras Fibras Têxteis Vegetais,3180.0,1575657.0,0.0,1578837.0,32,0.002014140788441112,CRITICA,2026-08,DADO_CALCULADO_SOBRE_DADOS_OFICIAIS
2026-04,Outros,0.0,36185.0,0.0,36185.0,9,0.0,CRITICA,2026-08,DADO_CALCULADO_SOBRE_DADOS_OFICIAIS
2026-04,Ovos,14074942.0,19818250.0,0.0,33893192.0,9,0.4152734271826625,FORA_DAS_FAIXAS_NT,2026-08,DADO_CALCULADO_SOBRE_DADOS_OFICIAIS
2026-04,Papel e Papelão,305684159.0,602263980.0,22265605.0,930213744.0,173,0.3286171172719202,FORA_DAS_FAIXAS_NT,2026-08,DADO_CALCULADO_SOBRE_DADOS_OFICIAIS
2026-04,Pasta Química e Pasta Mecânica,2129105.0,14790036.0,0.0,16919141.0,18,0.12584001752807664,ALTA,2026-08,DADO_CALCULADO_SOBRE_DADOS_OFICIAIS
2026-04,Perfumaria e Cosméticos,26788220.0,487698780.0,2844291.0,517331291.0,58,0.05178155751649672,ALTA,2026-08,DADO_CALCULADO_SOBRE_DADOS_OFICIAIS
2026-04,Pescados e Frutos do Mar,2652666.0,51130079.0,10628922.0,64411667.0,204,0.041183004936046756,CRITICA,2026-08,DADO_CALCULADO_SOBRE_DADOS_OFICIAIS
2026-04,Pescados e Frutos do Mar - Preparações e Conservas,363440.0,9502498.0,4102.0,9870040.0,27,0.03682254580528549,CRITICA,2026-08,DADO_CALCULADO_SOBRE_DADOS_OFICIAIS
2026-04,Peças e Acessórios Automotivos,466919535.0,1127700390.0,248536217.0,1843156142.0,129,0.25332608798587614,MEDIA,2026-08,DADO_CALCULADO_SOBRE_DADOS_OFICIAIS
2026-04,Plantas Vivas e Floricultura,133638.0,38386715.0,603318.0,39123671.0,30,0.0034157837591467324,CRITICA,2026-08,DADO_CALCULADO_SOBRE_DADOS_OFICIAIS
2026-04,Plásticos e Suas Obras,872011073.0,1494994970.0,139464737.0,2506470780.0,316,0.34790394524367846,FORA_DAS_FAIXAS_NT,2026-08,DADO_CALCULADO_SOBRE_DADOS_OFICIAIS
2026-04,"Pneumáticos, Câmaras e Protetores",39356135.0,326494286.0,5928873.0,371779294.0,22,0.10585886743870142,ALTA,2026-08,DADO_CALCULADO_SOBRE_DADOS_OFICIAIS
2026-04,"Preparações Alimentícias Diversas (Molhos, Condimentos, etc)",29102579.0,195959489.0,343052.0,225405120.0,23,0.1291123245115284,ALTA,2026-08,DADO_CALCULADO_SOBRE_DADOS_OFICIAIS
2026-04,Preparações de Carne,143193970.0,108588705.0,0.0,251782675.0,15,0.568720504697156,FORA_DAS_FAIXAS_NT,2026-08,DADO_CALCULADO_SOBRE_DADOS_OFICIAIS
2026-04,"Preparações, Suplementos e Complementos alimentares",12487539.0,175242139.0,1767904.0,189497582.0,25,0.06589814428344526,ALTA,2026-08,DADO_CALCULADO_SOBRE_DADOS_OFICIAIS
2026-04,"Produtos Cerâmicos, Porcelana e Refratários",44835666.0,130342885.0,62272.0,175240823.0,56,0.2558517201211729,MEDIA,2026-08,DADO_CALCULADO_SOBRE_DADOS_OFICIAIS
2026-04,"Produtos Editoriais, Impressos e Materiais Gráficos",30796199.0,250003849.0,3212477.0,284012525.0,37,0.10843253831851253,ALTA,2026-08,DADO_CALCULADO_SOBRE_DADOS_OFICIAIS
2026-04,Produtos Farmacêuticos,1328898.0,92350622.0,2830256.0,96509776.0,46,0.01376956879477163,CRITICA,2026-08,DADO_CALCULADO_SOBRE_DADOS_OFICIAIS
2026-04,Produtos Fotográficos,272090.0,7381393.0,0.0,7653483.0,49,0.03555113403923416,CRITICA,2026-08,DADO_CALCULADO_SOBRE_DADOS_OFICIAIS
2026-04,"Produtos Minerais: Pedra, Cimento, Gesso, Amianto e Abrasivos",194711462.0,133497062.0,6506741.0,334715265.0,66,0.5817226830093931,FORA_DAS_FAIXAS_NT,2026-08,DADO_CALCULADO_SOBRE_DADOS_OFICIAIS
2026-04,Produtos Químicos Diversos,134046709.0,756805583.0,32161162.0,923013454.0,248,0.14522725364304387,ALTA,2026-08,DADO_CALCULADO_SOBRE_DADOS_OFICIAIS
2026-04,Produtos de Origem Animal (Não Alimentares),26205208.0,12552312.0,0.0,38757520.0,32,0.6761322189861477,FORA_DAS_FAIXAS_NT,2026-08,DADO_CALCULADO_SOBRE_DADOS_OFICIAIS
2026-04,Químicos Inorgânicos,73852927.0,198518885.0,20264307.0,292636119.0,295,0.2523711948216481,MEDIA,2026-08,DADO_CALCULADO_SOBRE_DADOS_OFICIAIS
2026-04,Químicos Orgânicos,39518742.0,184826782.0,42082143.0,266427667.0,814,0.14832822148309394,ALTA,2026-08,DADO_CALCULADO_SOBRE_DADOS_OFICIAIS
2026-04,Resíduos para Alimentação Animal,701691013.0,361331473.0,0.0,1063022486.0,39,0.6600904705603753,FORA_DAS_FAIXAS_NT,2026-08,DADO_CALCULADO_SOBRE_DADOS_OFICIAIS
2026-04,"Sabões e Preparações de Limpeza, Ceras e Pastas",96997700.0,291167348.0,23875755.0,412040803.0,55,0.23540799671725715,MEDIA,2026-08,DADO_CALCULADO_SOBRE_DADOS_OFICIAIS
2026-04,Siderurgia – Ferro e Aço,547472357.0,929305260.0,29285256.0,1506062873.0,206,0.3635122854529062,FORA_DAS_FAIXAS_NT,2026-08,DADO_CALCULADO_SOBRE_DADOS_OFICIAIS
2026-04,"Soja, Oleaginosas e Sementes",29901516.0,346762579.0,1988981.0,378653076.0,40,0.0789681053587955,ALTA,2026-08,DADO_CALCULADO_SOBRE_DADOS_OFICIAIS
2026-04,Sucos e Bebidas à Base de Frutas/Vegetais,30167782.0,14735637.0,0.0,44903419.0,23,0.6718370821607148,FORA_DAS_FAIXAS_NT,2026-08,DADO_CALCULADO_SOBRE_DADOS_OFICIAIS
2026-04,Tabaco e Sucedâneos,121693664.0,1418524452.0,21394940.0,1561613056.0,23,0.07792818043652422,ALTA,2026-08,DADO_CALCULADO_SOBRE_DADOS_OFICIAIS
2026-04,Tecidos Impregnados/Revestidos/Laminados,27114718.0,36952798.0,6321640.0,70389156.0,28,0.38521158003371997,FORA_DAS_FAIXAS_NT,2026-08,DADO_CALCULADO_SOBRE_DADOS_OFICIAIS
2026-04,Tecidos Sintéticos (Inclusive Malhas),21642921.0,73544136.0,736843.0,95923900.0,82,0.2256259493202424,MEDIA,2026-08,DADO_CALCULADO_SOBRE_DADOS_OFICIAIS
2026-04,"Tintas, Pigmentos e Corantes",104150256.0,244463024.0,16777394.0,365390674.0,98,0.2850380795433219,MEDIA,2026-08,DADO_CALCULADO_SOBRE_DADOS_OFICIAIS
2026-04,Toucinho e Gorduras Não Fundidas,2921393.0,5921737.0,0.0,8843130.0,5,0.33035735084749407,FORA_DAS_FAIXAS_NT,2026-08,DADO_CALCULADO_SOBRE_DADOS_OFICIAIS
2026-04,Tratores,3094757.0,304224211.0,4354835.0,311673803.0,11,0.00992947424586724,CRITICA,2026-08,DADO_CALCULADO_SOBRE_DADOS_OFICIAIS
2026-04,"Têxteis Naturais (Algodão, Lã, Seda e Afins)",48734766.0,246343411.0,4599051.0,299677228.0,322,0.162624188448513,MEDIA,2026-08,DADO_CALCULADO_SOBRE_DADOS_OFICIAIS
2026-04,Vacinas e Soros,76674.0,628860308.0,0.0,628936982.0,40,0.0001219104651092055,CRITICA,2026-08,DADO_CALCULADO_SOBRE_DADOS_OFICIAIS
2026-04,Vestuário Tecido (Plano),50475515.0,403885243.0,1508580.0,455869338.0,116,0.11072364555477078,ALTA,2026-08,DADO_CALCULADO_SOBRE_DADOS_OFICIAIS
2026-04,Vestuário de Malha,113241617.0,597487123.0,4264781.0,714993521.0,137,0.15838131909449849,MEDIA,2026-08,DADO_CALCULADO_SOBRE_DADOS_OFICIAIS
2026-04,Veículos Comerciais (Caminhões e Carga) e Ônibus,292359126.0,476037940.0,22027710.0,790424776.0,49,0.36987596400950873,FORA_DAS_FAIXAS_NT,2026-08,DADO_CALCULADO_SOBRE_DADOS_OFICIAIS
2026-04,Veículos Leves e de Passageiros,0.0,1129589166.0,0.0,1129589166.0,20,0.0,CRITICA,2026-08,DADO_CALCULADO_SOBRE_DADOS_OFICIAIS
2026-04,Vidro e Suas Obras,97971618.0,265518325.0,16516707.0,380006650.0,90,0.25781553559654813,MEDIA,2026-08,DADO_CALCULADO_SOBRE_DADOS_OFICIAIS
2026-04,Óleos Brutos de Petróleo,0.0,15769073.0,0.0,15769073.0,2,0.0,CRITICA,2026-08,DADO_CALCULADO_SOBRE_DADOS_OFICIAIS
2026-04,Óleos e Gorduras Vegetais/animais,223113291.0,187818460.0,10436385.0,421368136.0,64,0.5294973016184593,FORA_DAS_FAIXAS_NT,2026-08,DADO_CALCULADO_SOBRE_DADOS_OFICIAIS
2026-04,"Óptica, Instrumentos e Aparelhos de Precisão",35151978.0,199819789.0,65596821.0,300568588.0,247,0.11695160240763416,ALTA,2026-08,DADO_CALCULADO_SOBRE_DADOS_OFICIAIS
2026-05,Acessórios Pessoais e Artigos de Uso Pessoal,16407228.0,183823902.0,1925905.0,202157035.0,59,0.08116080649876964,ALTA,2026-08,DADO_CALCULADO_SOBRE_DADOS_OFICIAIS
2026-05,Adubos e Fertilizantes,683363018.0,99794457.0,632905625.0,1416063100.0,36,0.482579496634013,FORA_DAS_FAIXAS_NT,2026-08,DADO_CALCULADO_SOBRE_DADOS_OFICIAIS
2026-05,Aeronaves e Espaço,823501.0,5285181.0,338479.0,6447161.0,27,0.1277307949964333,ALTA,2026-08,DADO_CALCULADO_SOBRE_DADOS_OFICIAIS
2026-05,Alumínio e Suas Obras,184961901.0,358272138.0,10864565.0,554098604.0,56,0.33380683449619375,FORA_DAS_FAIXAS_NT,2026-08,DADO_CALCULADO_SOBRE_DADOS_OFICIAIS
2026-05,Animais Vivos e Genética,14044160.0,97098684.0,0.0,111142844.0,49,0.1263613517033989,ALTA,2026-08,DADO_CALCULADO_SOBRE_DADOS_OFICIAIS
2026-05,Aparelhos Telefônicos,2588384.0,413936333.0,7076993.0,423601710.0,55,0.006110419148213543,CRITICA,2026-08,DADO_CALCULADO_SOBRE_DADOS_OFICIAIS
2026-05,Armas e Munições,23343024.0,18978954.0,0.0,42321978.0,27,0.5515579635715514,FORA_DAS_FAIXAS_NT,2026-08,DADO_CALCULADO_SOBRE_DADOS_OFICIAIS
2026-05,Artefatos de Metal Diversos,74409057.0,117595722.0,16585716.0,208590495.0,40,0.3567231431134961,FORA_DAS_FAIXAS_NT,2026-08,DADO_CALCULADO_SOBRE_DADOS_OFICIAIS
2026-05,"Açúcares, Sacarídeos e Produtos de Confeitaria (sem cacau)",47047224.0,186889763.0,550520.0,234487507.0,30,0.20063850992283355,MEDIA,2026-08,DADO_CALCULADO_SOBRE_DADOS_OFICIAIS
2026-05,Bebidas Alcoólicas,278312542.0,153599306.0,27780867.0,459692715.0,27,0.6054317001738868,FORA_DAS_FAIXAS_NT,2026-08,DADO_CALCULADO_SOBRE_DADOS_OFICIAIS
2026-05,Bebidas Não Alcoólicas (Exceto Sucos),262163542.0,116432820.0,158588.0,378754950.0,6,0.6921719227695902,FORA_DAS_FAIXAS_NT,2026-08,DADO_CALCULADO_SOBRE_DADOS_OFICIAIS
2026-05,Biodiesel,346792088.0,5506571.0,0.0,352298659.0,1,0.9843695942084185,FORA_DAS_FAIXAS_NT,2026-08,DADO_CALCULADO_SOBRE_DADOS_OFICIAIS
2026-05,Borracha e Suas Obras (Exceto Pneumáticos),59227345.0,179820293.0,32976478.0,272024116.0,89,0.21772828773754752,MEDIA,2026-08,DADO_CALCULADO_SOBRE_DADOS_OFICIAIS
2026-05,"Brinquedos, Jogos e Artigos de Lazer",9246790.0,157408223.0,5698714.0,172353727.0,77,0.05365007279477049,ALTA,2026-08,DADO_CALCULADO_SOBRE_DADOS_OFICIAIS
2026-05,Cabos e Fios,33899140.0,332899840.0,11495730.0,378294710.0,13,0.08961039925723518,ALTA,2026-08,DADO_CALCULADO_SOBRE_DADOS_OFICIAIS
2026-05,Cacau e Preparações,33398907.0,160550442.0,2270355.0,196219704.0,13,0.17021178973952586,MEDIA,2026-08,DADO_CALCULADO_SOBRE_DADOS_OFICIAIS
2026-05,Café,827356.0,188730055.0,0.0,189557411.0,10,0.0043646723999622465,CRITICA,2026-08,DADO_CALCULADO_SOBRE_DADOS_OFICIAIS
2026-05,Calçados,378857850.0,320061278.0,3960107.0,702879235.0,36,0.5390084542759326,FORA_DAS_FAIXAS_NT,2026-08,DADO_CALCULADO_SOBRE_DADOS_OFICIAIS
2026-05,Carnes Preparadas (Defumadas/Salgadas),11837362.0,19614265.0,0.0,31451627.0,8,0.3763672384897608,FORA_DAS_FAIXAS_NT,2026-08,DADO_CALCULADO_SOBRE_DADOS_OFICIAIS
2026-05,Carnes de Bovinos,822175500.0,435704206.0,0.0,1257879706.0,16,0.6536201324167003,FORA_DAS_FAIXAS_NT,2026-08,DADO_CALCULADO_SOBRE_DADOS_OFICIAIS
2026-05,Carnes de Espécies Exóticas/Diversas e Subprodutos,3445736.0,563508.0,0.0,4009244.0,10,0.8594478160969998,FORA_DAS_FAIXAS_NT,2026-08,DADO_CALCULADO_SOBRE_DADOS_OFICIAIS
2026-05,Carnes de Frango,293253446.0,158565081.0,0.0,451818527.0,22,0.6490513966905125,FORA_DAS_FAIXAS_NT,2026-08,DADO_CALCULADO_SOBRE_DADOS_OFICIAIS
2026-05,Carnes de Outras Aves (Exceto Frango),0.0,104760.0,0.0,104760.0,14,0.0,CRITICA,2026-08,DADO_CALCULADO_SOBRE_DADOS_OFICIAIS
2026-05,Carnes de Ovinos e Caprinos,3134552.0,922288.0,0.0,4056840.0,13,0.7726585223967423,FORA_DAS_FAIXAS_NT,2026-08,DADO_CALCULADO_SOBRE_DADOS_OFICIAIS
2026-05,Carnes de Suínos,120969220.0,52896869.0,0.0,173866089.0,10,0.6957608622576195,FORA_DAS_FAIXAS_NT,2026-08,DADO_CALCULADO_SOBRE_DADOS_OFICIAIS
2026-05,Cereais e Grãos (exceto soja),126844009.0,132932465.0,83141085.0,342917559.0,42,0.3698965120651637,FORA_DAS_FAIXAS_NT,2026-08,DADO_CALCULADO_SOBRE_DADOS_OFICIAIS
2026-05,Chás e Especiarias,9955053.0,11687527.0,0.0,21642580.0,41,0.45997533565776355,FORA_DAS_FAIXAS_NT,2026-08,DADO_CALCULADO_SOBRE_DADOS_OFICIAIS
2026-05,Combustíveis e Derivados de Petróleo,291758461.0,412073456.0,13514613.0,717346530.0,62,0.4067189967448508,FORA_DAS_FAIXAS_NT,2026-08,DADO_CALCULADO_SOBRE_DADOS_OFICIAIS
2026-05,Componentes Elétricos e Eletrônicos,126794258.0,607679877.0,94369897.0,828844032.0,327,0.15297722261936972,MEDIA,2026-08,DADO_CALCULADO_SOBRE_DADOS_OFICIAIS
2026-05,Conservas de Frutas e Hortícolas,44090723.0,121219590.0,9166891.0,174477204.0,49,0.2527019117064714,MEDIA,2026-08,DADO_CALCULADO_SOBRE_DADOS_OFICIAIS
2026-05,Couros e Suas Obras,143339659.0,112448821.0,9460049.0,265248529.0,103,0.5403975642782923,FORA_DAS_FAIXAS_NT,2026-08,DADO_CALCULADO_SOBRE_DADOS_OFICIAIS
2026-05,Eletrodomésticos (Linha Branca + Portáteis),103312303.0,674687205.0,35697650.0,813697158.0,107,0.12696652800647978,ALTA,2026-08,DADO_CALCULADO_SOBRE_DADOS_OFICIAIS
2026-05,Eletrônicos de Consumo – Comunicação/Imagem,1145082.0,167463528.0,23060413.0,191669023.0,50,0.005974267422441028,CRITICA,2026-08,DADO_CALCULADO_SOBRE_DADOS_OFICIAIS
2026-05,Eletrônicos de Consumo – Informática/TIC,5071717.0,290042594.0,18910581.0,314024892.0,143,0.016150684640630335,CRITICA,2026-08,DADO_CALCULADO_SOBRE_DADOS_OFICIAIS
2026-05,Eletrônicos de Consumo – Áudio/Vídeo,3285794.0,54303571.0,51501693.0,109091058.0,32,0.03011973721989203,CRITICA,2026-08,DADO_CALCULADO_SOBRE_DADOS_OFICIAIS
2026-05,Embarcações e Estruturas Flutuantes,950690.0,2457868.0,0.0,3408558.0,29,0.2789126662946618,MEDIA,2026-08,DADO_CALCULADO_SOBRE_DADOS_OFICIAIS
2026-05,Erva-mate,32850286.0,34500635.0,0.0,67350921.0,2,0.48774813339226647,FORA_DAS_FAIXAS_NT,2026-08,DADO_CALCULADO_SOBRE_DADOS_OFICIAIS
2026-05,Etanol e Álcool Etílico,3261410.0,565720431.0,0.0,568981841.0,6,0.005732010698738626,CRITICA,2026-08,DADO_CALCULADO_SOBRE_DADOS_OFICIAIS
2026-05,Explosivos e Pirotecnia,4914.0,2399802.0,0.0,2404716.0,14,0.0020434845528536426,CRITICA,2026-08,DADO_CALCULADO_SOBRE_DADOS_OFICIAIS
2026-05,"Farinha, Malte e Preparações de Cereais",197388353.0,102158437.0,7734669.0,307281459.0,36,0.6423698769277192,FORA_DAS_FAIXAS_NT,2026-08,DADO_CALCULADO_SOBRE_DADOS_OFICIAIS
2026-05,"Feltros, Passamanarias, Têxteis Técnicos",13096521.0,45775009.0,1713481.0,60585011.0,74,0.21616767553281455,MEDIA,2026-08,DADO_CALCULADO_SOBRE_DADOS_OFICIAIS
2026-05,Ferramentas e Cutelaria (Metais Comuns),41963218.0,108032844.0,25106173.0,175102235.0,85,0.23964981372168093,MEDIA,2026-08,DADO_CALCULADO_SOBRE_DADOS_OFICIAIS
2026-05,Fibras Sintéticas/Descontínuas – Têxteis,3687498.0,19687962.0,4143849.0,27519309.0,122,0.13399675115388981,ALTA,2026-08,DADO_CALCULADO_SOBRE_DADOS_OFICIAIS
2026-05,Filamentos Sintéticos – Têxteis Técnicos,13682336.0,64465922.0,0.0,78148258.0,93,0.17508177853433407,MEDIA,2026-08,DADO_CALCULADO_SOBRE_DADOS_OFICIAIS
2026-05,Frutas e Hortícolas,30088855.0,254844418.0,83672974.0,368606247.0,173,0.08162871694358452,ALTA,2026-08,DADO_CALCULADO_SOBRE_DADOS_OFICIAIS
2026-05,Instrumentos Musicais,85963.0,12553305.0,0.0,12639268.0,19,0.006801264123840083,CRITICA,2026-08,DADO_CALCULADO_SOBRE_DADOS_OFICIAIS
2026-05,Instrumentos Médicos,17215753.0,277697417.0,11702682.0,306615852.0,115,0.05614762866206931,ALTA,2026-08,DADO_CALCULADO_SOBRE_DADOS_OFICIAIS
2026-05,"Joias, Bijuterias, Metais Preciosos e Relógios",13354570.0,64548174.0,3840965.0,81743709.0,116,0.1633712265246002,MEDIA,2026-08,DADO_CALCULADO_SOBRE_DADOS_OFICIAIS
2026-05,Laticínios,471052375.0,265715428.0,3364583.0,740132386.0,44,0.6364434037885758,FORA_DAS_FAIXAS_NT,2026-08,DADO_CALCULADO_SOBRE_DADOS_OFICIAIS
2026-05,Madeira e Cortiça - Produtos e Obras,242318037.0,248753348.0,3620241.0,494691626.0,151,0.4898365451611667,FORA_DAS_FAIXAS_NT,2026-08,DADO_CALCULADO_SOBRE_DADOS_OFICIAIS
2026-05,Massas e Panificação,259332419.0,287377566.0,1598424.0,548308409.0,21,0.4729681594213887,FORA_DAS_FAIXAS_NT,2026-08,DADO_CALCULADO_SOBRE_DADOS_OFICIAIS
2026-05,Material Ferroviário e Contêineres,2174656.0,4308049.0,0.0,6482705.0,22,0.33545502996048715,FORA_DAS_FAIXAS_NT,2026-08,DADO_CALCULADO_SOBRE_DADOS_OFICIAIS
2026-05,Medicamentos,10617191.0,1340068745.0,0.0,1350685936.0,212,0.007860591953331778,CRITICA,2026-08,DADO_CALCULADO_SOBRE_DADOS_OFICIAIS
2026-05,Mel e Outros Produtos Comestíveis de Origem Animal,2026022.0,2758395.0,0.0,4784417.0,3,0.4234626705824346,FORA_DAS_FAIXAS_NT,2026-08,DADO_CALCULADO_SOBRE_DADOS_OFICIAIS
2026-05,"Metais Não Ferrosos e Suas Obras (NCMs dos Caps. 74, 75, 78, 79, 80, 81)",36338464.0,117966611.0,4414543.0,158719618.0,157,0.22894752682683497,MEDIA,2026-08,DADO_CALCULADO_SOBRE_DADOS_OFICIAIS
2026-05,Minerais e Materiais de Mineração (Não Metálicos),111197489.0,170789668.0,61290458.0,343277615.0,81,0.32392875078673566,FORA_DAS_FAIXAS_NT,2026-08,DADO_CALCULADO_SOBRE_DADOS_OFICIAIS
2026-05,Minérios e Subprodutos da Metalurgia (NCMs do Cap. 26),1435390.0,477098.0,0.0,1912488.0,32,0.7505354281961508,FORA_DAS_FAIXAS_NT,2026-08,DADO_CALCULADO_SOBRE_DADOS_OFICIAIS
2026-05,Mobiliário e Iluminação,465279008.0,401802055.0,15089913.0,882170976.0,103,0.527424978443181,FORA_DAS_FAIXAS_NT,2026-08,DADO_CALCULADO_SOBRE_DADOS_OFICIAIS
2026-05,Motocicletas,0.0,76854816.0,1646530.0,78501346.0,9,0.0,CRITICA,2026-08,DADO_CALCULADO_SOBRE_DADOS_OFICIAIS
2026-05,Máquinas e Equipamentos Industriais,606393634.0,1467499827.0,218370306.0,2292263767.0,805,0.26453920475025333,MEDIA,2026-08,DADO_CALCULADO_SOBRE_DADOS_OFICIAIS
2026-05,Máquinas e Implementos Agrícolas,182895718.0,166794230.0,18105383.0,367795331.0,42,0.49727580147013883,FORA_DAS_FAIXAS_NT,2026-08,DADO_CALCULADO_SOBRE_DADOS_OFICIAIS
2026-05,Objetos de Arte e Coleções,1132876.0,4855864.0,0.0,5988740.0,26,0.18916767132986237,MEDIA,2026-08,DADO_CALCULADO_SOBRE_DADOS_OFICIAIS
2026-05,Obras de Espartaria e Cestaria,30056.0,2048336.0,0.0,2078392.0,11,0.014461179604232504,CRITICA,2026-08,DADO_CALCULADO_SOBRE_DADOS_OFICIAIS
2026-05,Obras de Ferro ou Aço,422536649.0,482056373.0,53456445.0,958049467.0,155,0.44103844692186445,FORA_DAS_FAIXAS_NT,2026-08,DADO_CALCULADO_SOBRE_DADOS_OFICIAIS
2026-05,Outras Fibras Têxteis Vegetais,1654.0,2830167.0,0.0,2831821.0,30,0.0005840764652850586,CRITICA,2026-08,DADO_CALCULADO_SOBRE_DADOS_OFICIAIS
2026-05,Outros,0.0,194445.0,0.0,194445.0,8,0.0,CRITICA,2026-08,DADO_CALCULADO_SOBRE_DADOS_OFICIAIS
2026-05,Ovos,14311187.0,19671949.0,0.0,33983136.0,9,0.42112614327294573,FORA_DAS_FAIXAS_NT,2026-08,DADO_CALCULADO_SOBRE_DADOS_OFICIAIS
2026-05,Papel e Papelão,306386981.0,552838491.0,24316442.0,883541914.0,176,0.34677130325704053,FORA_DAS_FAIXAS_NT,2026-08,DADO_CALCULADO_SOBRE_DADOS_OFICIAIS
2026-05,Pasta Química e Pasta Mecânica,1855856.0,7543689.0,0.0,9399545.0,20,0.19744104634852006,MEDIA,2026-08,DADO_CALCULADO_SOBRE_DADOS_OFICIAIS
2026-05,Perfumaria e Cosméticos,29988685.0,527972021.0,5645448.0,563606154.0,56,0.053208583311529986,ALTA,2026-08,DADO_CALCULADO_SOBRE_DADOS_OFICIAIS
2026-05,Pescados e Frutos do Mar,2811346.0,43382767.0,11332851.0,57526964.0,206,0.04887005683108881,CRITICA,2026-08,DADO_CALCULADO_SOBRE_DADOS_OFICIAIS
2026-05,Pescados e Frutos do Mar - Preparações e Conservas,420186.0,9877698.0,0.0,10297884.0,27,0.04080313975181697,CRITICA,2026-08,DADO_CALCULADO_SOBRE_DADOS_OFICIAIS
2026-05,Peças e Acessórios Automotivos,493596832.0,1185189654.0,266022723.0,1944809209.0,127,0.25380218774971874,MEDIA,2026-08,DADO_CALCULADO_SOBRE_DADOS_OFICIAIS
2026-05,Plantas Vivas e Floricultura,60581.0,33846010.0,0.0,33906591.0,30,0.0017867027682022059,CRITICA,2026-08,DADO_CALCULADO_SOBRE_DADOS_OFICIAIS
2026-05,Plásticos e Suas Obras,780933912.0,1462598754.0,146008486.0,2389541152.0,315,0.3268133345794749,FORA_DAS_FAIXAS_NT,2026-08,DADO_CALCULADO_SOBRE_DADOS_OFICIAIS
2026-05,"Pneumáticos, Câmaras e Protetores",30950835.0,309323763.0,3909498.0,344184096.0,22,0.08992523291953618,ALTA,2026-08,DADO_CALCULADO_SOBRE_DADOS_OFICIAIS
2026-05,"Preparações Alimentícias Diversas (Molhos, Condimentos, etc)",28858053.0,229330328.0,1417388.0,259605769.0,23,0.11116106206407146,ALTA,2026-08,DADO_CALCULADO_SOBRE_DADOS_OFICIAIS
2026-05,Preparações de Carne,137059496.0,118731529.0,0.0,255791025.0,15,0.5358260556639937,FORA_DAS_FAIXAS_NT,2026-08,DADO_CALCULADO_SOBRE_DADOS_OFICIAIS
2026-05,"Preparações, Suplementos e Complementos alimentares",12754971.0,181248248.0,0.0,194003219.0,26,0.06574618228370736,ALTA,2026-08,DADO_CALCULADO_SOBRE_DADOS_OFICIAIS
2026-05,"Produtos Cerâmicos, Porcelana e Refratários",44146159.0,140112586.0,97614.0,184356359.0,57,0.23946100497677977,MEDIA,2026-08,DADO_CALCULADO_SOBRE_DADOS_OFICIAIS
2026-05,"Produtos Editoriais, Impressos e Materiais Gráficos",29319799.0,340836391.0,304629.0,370460819.0,37,0.0791441294092696,ALTA,2026-08,DADO_CALCULADO_SOBRE_DADOS_OFICIAIS
2026-05,Produtos Farmacêuticos,937046.0,90145801.0,0.0,91082847.0,46,0.01028784267140881,CRITICA,2026-08,DADO_CALCULADO_SOBRE_DADOS_OFICIAIS
2026-05,Produtos Fotográficos,277978.0,5583476.0,0.0,5861454.0,48,0.047424751606000834,CRITICA,2026-08,DADO_CALCULADO_SOBRE_DADOS_OFICIAIS
2026-05,"Produtos Minerais: Pedra, Cimento, Gesso, Amianto e Abrasivos",192478108.0,128959468.0,7714600.0,329152176.0,66,0.5847693621202128,FORA_DAS_FAIXAS_NT,2026-08,DADO_CALCULADO_SOBRE_DADOS_OFICIAIS
2026-05,Produtos Químicos Diversos,122781236.0,898232626.0,24518400.0,1045532262.0,250,0.11743419161942609,ALTA,2026-08,DADO_CALCULADO_SOBRE_DADOS_OFICIAIS
2026-05,Produtos de Origem Animal (Não Alimentares),23663523.0,11694766.0,0.0,35358289.0,31,0.6692496630705179,FORA_DAS_FAIXAS_NT,2026-08,DADO_CALCULADO_SOBRE_DADOS_OFICIAIS
2026-05,Químicos Inorgânicos,72680739.0,192706809.0,34088314.0,299475862.0,292,0.24269314566661135,MEDIA,2026-08,DADO_CALCULADO_SOBRE_DADOS_OFICIAIS
2026-05,Químicos Orgânicos,85487117.0,180529766.0,60385911.0,326402794.0,814,0.26190681750107814,MEDIA,2026-08,DADO_CALCULADO_SOBRE_DADOS_OFICIAIS
2026-05,Resíduos para Alimentação Animal,680801962.0,354570632.0,759309.0,1036131903.0,39,0.6570610942765267,FORA_DAS_FAIXAS_NT,2026-08,DADO_CALCULADO_SOBRE_DADOS_OFICIAIS
2026-05,"Sabões e Preparações de Limpeza, Ceras e Pastas",101890038.0,289496039.0,21474835.0,412860912.0,58,0.24679022653517754,MEDIA,2026-08,DADO_CALCULADO_SOBRE_DADOS_OFICIAIS
2026-05,Siderurgia – Ferro e Aço,548870232.0,944792063.0,18372607.0,1512034902.0,206,0.3630010334245578,FORA_DAS_FAIXAS_NT,2026-08,DADO_CALCULADO_SOBRE_DADOS_OFICIAIS
2026-05,"Soja, Oleaginosas e Sementes",50873226.0,221621084.0,0.0,272494310.0,40,0.18669463593570082,MEDIA,2026-08,DADO_CALCULADO_SOBRE_DADOS_OFICIAIS
2026-05,Sucos e Bebidas à Base de Frutas/Vegetais,47426141.0,10352803.0,0.0,57778944.0,23,0.8208204878233842,FORA_DAS_FAIXAS_NT,2026-08,DADO_CALCULADO_SOBRE_DADOS_OFICIAIS
2026-05,Tabaco e Sucedâneos,78760414.0,1523947747.0,47481849.0,1650190010.0,25,0.047728087991515594,CRITICA,2026-08,DADO_CALCULADO_SOBRE_DADOS_OFICIAIS
2026-05,Tecidos Impregnados/Revestidos/Laminados,26305890.0,38574462.0,6809845.0,71690197.0,28,0.36693845324486973,FORA_DAS_FAIXAS_NT,2026-08,DADO_CALCULADO_SOBRE_DADOS_OFICIAIS
2026-05,Tecidos Sintéticos (Inclusive Malhas),21904421.0,73852486.0,1728218.0,97485125.0,82,0.22469500859746552,MEDIA,2026-08,DADO_CALCULADO_SOBRE_DADOS_OFICIAIS
2026-05,"Tintas, Pigmentos e Corantes",98781754.0,230640480.0,17972283.0,347394517.0,97,0.28435035432640404,MEDIA,2026-08,DADO_CALCULADO_SOBRE_DADOS_OFICIAIS
2026-05,Toucinho e Gorduras Não Fundidas,2698082.0,5135649.0,0.0,7833731.0,5,0.3444185152643102,FORA_DAS_FAIXAS_NT,2026-08,DADO_CALCULADO_SOBRE_DADOS_OFICIAIS
2026-05,Tratores,5296369.0,364320321.0,2014463.0,371631153.0,12,0.014251681962733624,CRITICA,2026-08,DADO_CALCULADO_SOBRE_DADOS_OFICIAIS
2026-05,"Têxteis Naturais (Algodão, Lã, Seda e Afins)",52541084.0,251025732.0,3250171.0,306816987.0,325,0.17124568138725643,MEDIA,2026-08,DADO_CALCULADO_SOBRE_DADOS_OFICIAIS
2026-05,Vacinas e Soros,136733.0,739490992.0,0.0,739627725.0,42,0.00018486732632960723,CRITICA,2026-08,DADO_CALCULADO_SOBRE_DADOS_OFICIAIS
2026-05,Vestuário Tecido (Plano),54564280.0,389386018.0,1734175.0,445684473.0,116,0.12242804788041158,ALTA,2026-08,DADO_CALCULADO_SOBRE_DADOS_OFICIAIS
2026-05,Vestuário de Malha,121528686.0,582934980.0,2022696.0,706486362.0,138,0.1720184458422709,MEDIA,2026-08,DADO_CALCULADO_SOBRE_DADOS_OFICIAIS
2026-05,Veículos Comerciais (Caminhões e Carga) e Ônibus,234043321.0,367486960.0,25476521.0,627006802.0,50,0.3732707847083292,FORA_DAS_FAIXAS_NT,2026-08,DADO_CALCULADO_SOBRE_DADOS_OFICIAIS
2026-05,Veículos Leves e de Passageiros,0.0,1178365522.0,0.0,1178365522.0,21,0.0,CRITICA,2026-08,DADO_CALCULADO_SOBRE_DADOS_OFICIAIS
2026-05,Vidro e Suas Obras,91180339.0,152904858.0,13492725.0,257577922.0,87,0.3539912826845462,FORA_DAS_FAIXAS_NT,2026-08,DADO_CALCULADO_SOBRE_DADOS_OFICIAIS
2026-05,Óleos Brutos de Petróleo,0.0,0.0,0.0,0.0,2,,NAO_CALCULADO,2026-08,DADO_CALCULADO_SOBRE_DADOS_OFICIAIS
2026-05,Óleos e Gorduras Vegetais/animais,217340148.0,208290058.0,9347413.0,434977619.0,65,0.4996582318411192,FORA_DAS_FAIXAS_NT,2026-08,DADO_CALCULADO_SOBRE_DADOS_OFICIAIS
2026-05,"Óptica, Instrumentos e Aparelhos de Precisão",32368410.0,187907556.0,56180712.0,276456678.0,248,0.11708311853476008,ALTA,2026-08,DADO_CALCULADO_SOBRE_DADOS_OFICIAIS
2026-06,Acessórios Pessoais e Artigos de Uso Pessoal,18239216.0,179988998.0,3224069.0,201452283.0,59,0.0905386413516098,ALTA,2026-08,DADO_CALCULADO_SOBRE_DADOS_OFICIAIS
2026-06,Adubos e Fertilizantes,742100043.0,90870139.0,1741920810.0,2574890992.0,37,0.28820639215627036,MEDIA,2026-08,DADO_CALCULADO_SOBRE_DADOS_OFICIAIS
2026-06,Aeronaves e Espaço,265820.0,10568158.0,535966.0,11369944.0,31,0.023379182870205868,CRITICA,2026-08,DADO_CALCULADO_SOBRE_DADOS_OFICIAIS
2026-06,Alumínio e Suas Obras,172613796.0,461380712.0,9750342.0,643744850.0,57,0.2681400806546258,MEDIA,2026-08,DADO_CALCULADO_SOBRE_DADOS_OFICIAIS
2026-06,Animais Vivos e Genética,21808081.0,117238542.0,48662.0,139095285.0,49,0.1567851922514843,MEDIA,2026-08,DADO_CALCULADO_SOBRE_DADOS_OFICIAIS
2026-06,Aparelhos Telefônicos,2393239.0,402157244.0,14848640.0,419399123.0,54,0.005706351941990113,CRITICA,2026-08,DADO_CALCULADO_SOBRE_DADOS_OFICIAIS
2026-06,Armas e Munições,27077739.0,27644924.0,0.0,54722663.0,26,0.4948176407277548,FORA_DAS_FAIXAS_NT,2026-08,DADO_CALCULADO_SOBRE_DADOS_OFICIAIS
2026-06,Artefatos de Metal Diversos,75053021.0,97296843.0,23004934.0,195354798.0,40,0.3841882654962997,FORA_DAS_FAIXAS_NT,2026-08,DADO_CALCULADO_SOBRE_DADOS_OFICIAIS
2026-06,"Açúcares, Sacarídeos e Produtos de Confeitaria (sem cacau)",47724237.0,183202228.0,684619.0,231611084.0,30,0.2060533381036289,MEDIA,2026-08,DADO_CALCULADO_SOBRE_DADOS_OFICIAIS
2026-06,Bebidas Alcoólicas,264239244.0,145844425.0,46205335.0,456289004.0,26,0.5791050007420298,FORA_DAS_FAIXAS_NT,2026-08,DADO_CALCULADO_SOBRE_DADOS_OFICIAIS
2026-06,Bebidas Não Alcoólicas (Exceto Sucos),241298035.0,101256514.0,152340.0,342706889.0,5,0.7040944980828792,FORA_DAS_FAIXAS_NT,2026-08,DADO_CALCULADO_SOBRE_DADOS_OFICIAIS
2026-06,Biodiesel,285741756.0,23303.0,0.0,285765059.0,1,0.9999184539912558,FORA_DAS_FAIXAS_NT,2026-08,DADO_CALCULADO_SOBRE_DADOS_OFICIAIS
2026-06,Borracha e Suas Obras (Exceto Pneumáticos),68252163.0,199108296.0,39566041.0,306926500.0,89,0.2223729883213082,MEDIA,2026-08,DADO_CALCULADO_SOBRE_DADOS_OFICIAIS
2026-06,"Brinquedos, Jogos e Artigos de Lazer",8295447.0,164171080.0,7062976.0,179529503.0,77,0.046206594801301265,CRITICA,2026-08,DADO_CALCULADO_SOBRE_DADOS_OFICIAIS
2026-06,Cabos e Fios,35977048.0,312507130.0,16790807.0,365274985.0,13,0.09849305174839718,ALTA,2026-08,DADO_CALCULADO_SOBRE_DADOS_OFICIAIS
2026-06,Cacau e Preparações,39070032.0,174065890.0,823049.0,213958971.0,13,0.18260525285476345,MEDIA,2026-08,DADO_CALCULADO_SOBRE_DADOS_OFICIAIS
2026-06,Café,927034.0,170753847.0,0.0,171680881.0,10,0.005399750948388947,CRITICA,2026-08,DADO_CALCULADO_SOBRE_DADOS_OFICIAIS
2026-06,Calçados,378994780.0,286354282.0,6155384.0,671504446.0,37,0.5643965311884175,FORA_DAS_FAIXAS_NT,2026-08,DADO_CALCULADO_SOBRE_DADOS_OFICIAIS
2026-06,Carnes Preparadas (Defumadas/Salgadas),12541286.0,19850296.0,0.0,32391582.0,6,0.38717732279948536,FORA_DAS_FAIXAS_NT,2026-08,DADO_CALCULADO_SOBRE_DADOS_OFICIAIS
2026-06,Carnes de Bovinos,819709015.0,490237935.0,0.0,1309946950.0,16,0.6257574133059358,FORA_DAS_FAIXAS_NT,2026-08,DADO_CALCULADO_SOBRE_DADOS_OFICIAIS
2026-06,Carnes de Espécies Exóticas/Diversas e Subprodutos,4140851.0,291333.0,0.0,4432184.0,9,0.9342687487703579,FORA_DAS_FAIXAS_NT,2026-08,DADO_CALCULADO_SOBRE_DADOS_OFICIAIS
2026-06,Carnes de Frango,307028126.0,146145144.0,0.0,453173270.0,22,0.6775071398187276,FORA_DAS_FAIXAS_NT,2026-08,DADO_CALCULADO_SOBRE_DADOS_OFICIAIS
2026-06,Carnes de Outras Aves (Exceto Frango),0.0,252533.0,0.0,252533.0,14,0.0,CRITICA,2026-08,DADO_CALCULADO_SOBRE_DADOS_OFICIAIS
2026-06,Carnes de Ovinos e Caprinos,2810086.0,531742.0,0.0,3341828.0,13,0.8408828940328467,FORA_DAS_FAIXAS_NT,2026-08,DADO_CALCULADO_SOBRE_DADOS_OFICIAIS
2026-06,Carnes de Suínos,127550387.0,58427135.0,0.0,185977522.0,10,0.6858376519287099,FORA_DAS_FAIXAS_NT,2026-08,DADO_CALCULADO_SOBRE_DADOS_OFICIAIS
2026-06,Cereais e Grãos (exceto soja),130816376.0,373565512.0,51659990.0,556041878.0,42,0.23526353171550146,MEDIA,2026-08,DADO_CALCULADO_SOBRE_DADOS_OFICIAIS
2026-06,Chás e Especiarias,11328938.0,11694533.0,0.0,23023471.0,42,0.49206038481339326,FORA_DAS_FAIXAS_NT,2026-08,DADO_CALCULADO_SOBRE_DADOS_OFICIAIS
2026-06,Combustíveis e Derivados de Petróleo,263830470.0,301198159.0,19610550.0,584639179.0,66,0.4512705947132565,FORA_DAS_FAIXAS_NT,2026-08,DADO_CALCULADO_SOBRE_DADOS_OFICIAIS
2026-06,Componentes Elétricos e Eletrônicos,121293602.0,610918409.0,109661094.0,841873105.0,326,0.14407587233707864,ALTA,2026-08,DADO_CALCULADO_SOBRE_DADOS_OFICIAIS
2026-06,Conservas de Frutas e Hortícolas,43542233.0,132294669.0,7646082.0,183482984.0,49,0.23730937905391816,MEDIA,2026-08,DADO_CALCULADO_SOBRE_DADOS_OFICIAIS
2026-06,Couros e Suas Obras,146626044.0,115173668.0,8806631.0,270606343.0,109,0.5418425982719851,FORA_DAS_FAIXAS_NT,2026-08,DADO_CALCULADO_SOBRE_DADOS_OFICIAIS
2026-06,Eletrodomésticos (Linha Branca + Portáteis),118659035.0,696862584.0,31394615.0,846916234.0,106,0.14010716790676137,ALTA,2026-08,DADO_CALCULADO_SOBRE_DADOS_OFICIAIS
2026-06,Eletrônicos de Consumo – Comunicação/Imagem,2190607.0,172540752.0,15720736.0,190452095.0,52,0.01150214178531352,CRITICA,2026-08,DADO_CALCULADO_SOBRE_DADOS_OFICIAIS
2026-06,Eletrônicos de Consumo – Informática/TIC,4575522.0,280499328.0,49855746.0,334930596.0,143,0.013661104881561791,CRITICA,2026-08,DADO_CALCULADO_SOBRE_DADOS_OFICIAIS
2026-06,Eletrônicos de Consumo – Áudio/Vídeo,3469983.0,56201390.0,63581026.0,123252399.0,34,0.0281534722906286,CRITICA,2026-08,DADO_CALCULADO_SOBRE_DADOS_OFICIAIS
2026-06,Embarcações e Estruturas Flutuantes,197643.0,3261183.0,0.0,3458826.0,28,0.057141642858010204,ALTA,2026-08,DADO_CALCULADO_SOBRE_DADOS_OFICIAIS
2026-06,Erva-mate,34631505.0,39491010.0,0.0,74122515.0,2,0.46721977795815484,FORA_DAS_FAIXAS_NT,2026-08,DADO_CALCULADO_SOBRE_DADOS_OFICIAIS
2026-06,Etanol e Álcool Etílico,2974787.0,1292453714.0,0.0,1295428501.0,5,0.0022963729744278644,CRITICA,2026-08,DADO_CALCULADO_SOBRE_DADOS_OFICIAIS
2026-06,Explosivos e Pirotecnia,9678.0,2882352.0,0.0,2892030.0,14,0.003346438314955239,CRITICA,2026-08,DADO_CALCULADO_SOBRE_DADOS_OFICIAIS
2026-06,"Farinha, Malte e Preparações de Cereais",209177390.0,106232761.0,5434375.0,320844526.0,36,0.6519587309399818,FORA_DAS_FAIXAS_NT,2026-08,DADO_CALCULADO_SOBRE_DADOS_OFICIAIS
2026-06,"Feltros, Passamanarias, Têxteis Técnicos",12901531.0,43430178.0,4042306.0,60374015.0,73,0.21369344079568006,MEDIA,2026-08,DADO_CALCULADO_SOBRE_DADOS_OFICIAIS
2026-06,Ferramentas e Cutelaria (Metais Comuns),41393399.0,107710820.0,19697555.0,168801774.0,84,0.2452189809332217,MEDIA,2026-08,DADO_CALCULADO_SOBRE_DADOS_OFICIAIS
2026-06,Fibras Sintéticas/Descontínuas – Têxteis,3346081.0,18725006.0,3759610.0,25830697.0,125,0.12953893578636302,ALTA,2026-08,DADO_CALCULADO_SOBRE_DADOS_OFICIAIS
2026-06,Filamentos Sintéticos – Têxteis Técnicos,15869048.0,69210030.0,2884522.0,87963600.0,91,0.18040471285850057,MEDIA,2026-08,DADO_CALCULADO_SOBRE_DADOS_OFICIAIS
2026-06,Frutas e Hortícolas,29422565.0,243587785.0,57360327.0,330370677.0,174,0.08905925086081413,ALTA,2026-08,DADO_CALCULADO_SOBRE_DADOS_OFICIAIS
2026-06,Instrumentos Musicais,92844.0,14089170.0,0.0,14182014.0,19,0.006546601914227415,CRITICA,2026-08,DADO_CALCULADO_SOBRE_DADOS_OFICIAIS
2026-06,Instrumentos Médicos,18934324.0,301255845.0,15071793.0,335261962.0,110,0.05647620710398396,ALTA,2026-08,DADO_CALCULADO_SOBRE_DADOS_OFICIAIS
2026-06,"Joias, Bijuterias, Metais Preciosos e Relógios",13617079.0,64689724.0,2877231.0,81184034.0,118,0.16773099745203596,MEDIA,2026-08,DADO_CALCULADO_SOBRE_DADOS_OFICIAIS
2026-06,Laticínios,474531712.0,261922892.0,4328945.0,740783549.0,44,0.6405807912994029,FORA_DAS_FAIXAS_NT,2026-08,DADO_CALCULADO_SOBRE_DADOS_OFICIAIS
2026-06,Madeira e Cortiça - Produtos e Obras,253278032.0,255424310.0,7256571.0,515958913.0,155,0.49088798665641037,FORA_DAS_FAIXAS_NT,2026-08,DADO_CALCULADO_SOBRE_DADOS_OFICIAIS
2026-06,Massas e Panificação,266265467.0,279664048.0,2517374.0,548446889.0,21,0.48548997604032357,FORA_DAS_FAIXAS_NT,2026-08,DADO_CALCULADO_SOBRE_DADOS_OFICIAIS
2026-06,Material Ferroviário e Contêineres,3318299.0,2892162.0,0.0,6210461.0,22,0.5343080006460068,FORA_DAS_FAIXAS_NT,2026-08,DADO_CALCULADO_SOBRE_DADOS_OFICIAIS
2026-06,Medicamentos,10403987.0,1614037104.0,0.0,1624441091.0,212,0.00640465638159605,CRITICA,2026-08,DADO_CALCULADO_SOBRE_DADOS_OFICIAIS
2026-06,Mel e Outros Produtos Comestíveis de Origem Animal,2803077.0,3191888.0,0.0,5994965.0,3,0.46757187072818607,FORA_DAS_FAIXAS_NT,2026-08,DADO_CALCULADO_SOBRE_DADOS_OFICIAIS
2026-06,"Metais Não Ferrosos e Suas Obras (NCMs dos Caps. 74, 75, 78, 79, 80, 81)",48065841.0,149312801.0,2921087.0,200299729.0,163,0.23996957579508257,MEDIA,2026-08,DADO_CALCULADO_SOBRE_DADOS_OFICIAIS
2026-06,Minerais e Materiais de Mineração (Não Metálicos),109861723.0,174367024.0,2736609.0,286965356.0,84,0.38283967281402426,FORA_DAS_FAIXAS_NT,2026-08,DADO_CALCULADO_SOBRE_DADOS_OFICIAIS
2026-06,Minérios e Subprodutos da Metalurgia (NCMs do Cap. 26),177239.0,68461.0,0.0,245700.0,31,0.7213634513634514,FORA_DAS_FAIXAS_NT,2026-08,DADO_CALCULADO_SOBRE_DADOS_OFICIAIS
2026-06,Mobiliário e Iluminação,477862294.0,409784755.0,16691713.0,904338762.0,104,0.5284107173988413,FORA_DAS_FAIXAS_NT,2026-08,DADO_CALCULADO_SOBRE_DADOS_OFICIAIS
2026-06,Motocicletas,0.0,67759608.0,2408362.0,70167970.0,9,0.0,CRITICA,2026-08,DADO_CALCULADO_SOBRE_DADOS_OFICIAIS
2026-06,Máquinas e Equipamentos Industriais,617832425.0,1482620117.0,201961343.0,2302413885.0,811,0.26834116534178215,MEDIA,2026-08,DADO_CALCULADO_SOBRE_DADOS_OFICIAIS
2026-06,Máquinas e Implementos Agrícolas,204314040.0,179361614.0,25588000.0,409263654.0,42,0.4992235152159395,FORA_DAS_FAIXAS_NT,2026-08,DADO_CALCULADO_SOBRE_DADOS_OFICIAIS
2026-06,Objetos de Arte e Coleções,604999.0,11056115.0,0.0,11661114.0,25,0.0518817498911339,ALTA,2026-08,DADO_CALCULADO_SOBRE_DADOS_OFICIAIS
2026-06,Obras de Espartaria e Cestaria,56381.0,2005033.0,169749.0,2231163.0,11,0.02526978082730845,CRITICA,2026-08,DADO_CALCULADO_SOBRE_DADOS_OFICIAIS
2026-06,Obras de Ferro ou Aço,430348169.0,479654683.0,57195287.0,967198139.0,156,0.4449431317609266,FORA_DAS_FAIXAS_NT,2026-08,DADO_CALCULADO_SOBRE_DADOS_OFICIAIS
2026-06,Outras Fibras Têxteis Vegetais,4562.0,1513448.0,0.0,1518010.0,28,0.003005250294793842,CRITICA,2026-08,DADO_CALCULADO_SOBRE_DADOS_OFICIAIS
2026-06,Outros,0.0,257125.0,0.0,257125.0,9,0.0,CRITICA,2026-08,DADO_CALCULADO_SOBRE_DADOS_OFICIAIS
2026-06,Ovos,14210480.0,19311597.0,0.0,33522077.0,9,0.423914067138501,FORA_DAS_FAIXAS_NT,2026-08,DADO_CALCULADO_SOBRE_DADOS_OFICIAIS
2026-06,Papel e Papelão,319040634.0,568243074.0,17390641.0,904674349.0,176,0.3526579861058932,FORA_DAS_FAIXAS_NT,2026-08,DADO_CALCULADO_SOBRE_DADOS_OFICIAIS
2026-06,Pasta Química e Pasta Mecânica,1938860.0,5864448.0,0.0,7803308.0,17,0.24846641962613805,MEDIA,2026-08,DADO_CALCULADO_SOBRE_DADOS_OFICIAIS
2026-06,Perfumaria e Cosméticos,36712567.0,509368703.0,3109708.0,549190978.0,57,0.06684845248859861,ALTA,2026-08,DADO_CALCULADO_SOBRE_DADOS_OFICIAIS
2026-06,Pescados e Frutos do Mar,3497803.0,48746433.0,10568065.0,62812301.0,203,0.05568659234438809,ALTA,2026-08,DADO_CALCULADO_SOBRE_DADOS_OFICIAIS
2026-06,Pescados e Frutos do Mar - Preparações e Conservas,463562.0,11785589.0,0.0,12249151.0,27,0.037844418768288514,CRITICA,2026-08,DADO_CALCULADO_SOBRE_DADOS_OFICIAIS
2026-06,Peças e Acessórios Automotivos,533491715.0,1237076043.0,283543053.0,2054110811.0,129,0.25971905319960853,MEDIA,2026-08,DADO_CALCULADO_SOBRE_DADOS_OFICIAIS
2026-06,Plantas Vivas e Floricultura,68476.0,33009407.0,0.0,33077883.0,30,0.0020701445736415478,CRITICA,2026-08,DADO_CALCULADO_SOBRE_DADOS_OFICIAIS
2026-06,Plásticos e Suas Obras,771331475.0,1416944650.0,162307194.0,2350583319.0,317,0.32814470721597083,FORA_DAS_FAIXAS_NT,2026-08,DADO_CALCULADO_SOBRE_DADOS_OFICIAIS
2026-06,"Pneumáticos, Câmaras e Protetores",24207233.0,327507228.0,9267495.0,360981956.0,22,0.06705939894679944,ALTA,2026-08,DADO_CALCULADO_SOBRE_DADOS_OFICIAIS
2026-06,"Preparações Alimentícias Diversas (Molhos, Condimentos, etc)",28437289.0,224398469.0,1797817.0,254633575.0,23,0.11167925910791615,ALTA,2026-08,DADO_CALCULADO_SOBRE_DADOS_OFICIAIS
2026-06,Preparações de Carne,128757061.0,116134391.0,0.0,244891452.0,15,0.5257719693703314,FORA_DAS_FAIXAS_NT,2026-08,DADO_CALCULADO_SOBRE_DADOS_OFICIAIS
2026-06,"Preparações, Suplementos e Complementos alimentares",13552632.0,181527701.0,219971.0,195300304.0,27,0.06939380903370228,ALTA,2026-08,DADO_CALCULADO_SOBRE_DADOS_OFICIAIS
2026-06,"Produtos Cerâmicos, Porcelana e Refratários",45065600.0,119991638.0,216364.0,165273602.0,57,0.2726727042592077,MEDIA,2026-08,DADO_CALCULADO_SOBRE_DADOS_OFICIAIS
2026-06,"Produtos Editoriais, Impressos e Materiais Gráficos",30951648.0,291052016.0,594857.0,322598521.0,40,0.0959447920097563,ALTA,2026-08,DADO_CALCULADO_SOBRE_DADOS_OFICIAIS
2026-06,Produtos Farmacêuticos,1047221.0,98255206.0,2071563.0,101373990.0,47,0.0103302730808958,CRITICA,2026-08,DADO_CALCULADO_SOBRE_DADOS_OFICIAIS
2026-06,Produtos Fotográficos,234447.0,5252500.0,0.0,5486947.0,50,0.04272813278495309,CRITICA,2026-08,DADO_CALCULADO_SOBRE_DADOS_OFICIAIS
2026-06,"Produtos Minerais: Pedra, Cimento, Gesso, Amianto e Abrasivos",188765566.0,131072564.0,1956836.0,321794966.0,66,0.5866019855636897,FORA_DAS_FAIXAS_NT,2026-08,DADO_CALCULADO_SOBRE_DADOS_OFICIAIS
2026-06,Produtos Químicos Diversos,123779033.0,1128700319.0,38840729.0,1291320081.0,253,0.0958546489141138,ALTA,2026-08,DADO_CALCULADO_SOBRE_DADOS_OFICIAIS
2026-06,Produtos de Origem Animal (Não Alimentares),25624874.0,10233672.0,2155299.0,38013845.0,31,0.6740931889420815,FORA_DAS_FAIXAS_NT,2026-08,DADO_CALCULADO_SOBRE_DADOS_OFICIAIS
2026-06,Químicos Inorgânicos,69587277.0,192734296.0,76788327.0,339109900.0,296,0.20520567815920443,MEDIA,2026-08,DADO_CALCULADO_SOBRE_DADOS_OFICIAIS
2026-06,Químicos Orgânicos,42835876.0,182376127.0,56976197.0,282188200.0,813,0.15179896253634986,MEDIA,2026-08,DADO_CALCULADO_SOBRE_DADOS_OFICIAIS
2026-06,Resíduos para Alimentação Animal,718788644.0,361920633.0,421942.0,1081131219.0,38,0.6648486616313315,FORA_DAS_FAIXAS_NT,2026-08,DADO_CALCULADO_SOBRE_DADOS_OFICIAIS
2026-06,"Sabões e Preparações de Limpeza, Ceras e Pastas",93610652.0,297045660.0,17799782.0,408456094.0,57,0.2291816755217759,MEDIA,2026-08,DADO_CALCULADO_SOBRE_DADOS_OFICIAIS
2026-06,Siderurgia – Ferro e Aço,593490414.0,940292852.0,33467921.0,1567251187.0,205,0.3786823828387376,FORA_DAS_FAIXAS_NT,2026-08,DADO_CALCULADO_SOBRE_DADOS_OFICIAIS
2026-06,"Soja, Oleaginosas e Sementes",21156514.0,251622091.0,82752.0,272861357.0,39,0.07753576480234246,ALTA,2026-08,DADO_CALCULADO_SOBRE_DADOS_OFICIAIS
2026-06,Sucos e Bebidas à Base de Frutas/Vegetais,45007899.0,14035137.0,0.0,59043036.0,23,0.7622897135574126,FORA_DAS_FAIXAS_NT,2026-08,DADO_CALCULADO_SOBRE_DADOS_OFICIAIS
2026-06,Tabaco e Sucedâneos,207353425.0,1064885797.0,32879073.0,1305118295.0,26,0.15887711159546652,MEDIA,2026-08,DADO_CALCULADO_SOBRE_DADOS_OFICIAIS
2026-06,Tecidos Impregnados/Revestidos/Laminados,28157837.0,35753467.0,6497969.0,70409273.0,27,0.39991659905365023,FORA_DAS_FAIXAS_NT,2026-08,DADO_CALCULADO_SOBRE_DADOS_OFICIAIS
2026-06,Tecidos Sintéticos (Inclusive Malhas),22322434.0,72281984.0,491644.0,95096062.0,84,0.2347356297466871,MEDIA,2026-08,DADO_CALCULADO_SOBRE_DADOS_OFICIAIS
2026-06,"Tintas, Pigmentos e Corantes",106542301.0,223564638.0,22588518.0,352695457.0,94,0.30208016260328524,FORA_DAS_FAIXAS_NT,2026-08,DADO_CALCULADO_SOBRE_DADOS_OFICIAIS
2026-06,Toucinho e Gorduras Não Fundidas,3349903.0,4972980.0,0.0,8322883.0,5,0.40249310245019665,FORA_DAS_FAIXAS_NT,2026-08,DADO_CALCULADO_SOBRE_DADOS_OFICIAIS
2026-06,Tratores,3147533.0,340058619.0,0.0,343206152.0,13,0.00917096905652204,CRITICA,2026-08,DADO_CALCULADO_SOBRE_DADOS_OFICIAIS
2026-06,"Têxteis Naturais (Algodão, Lã, Seda e Afins)",53429795.0,250414596.0,4337951.0,308182342.0,325,0.17337072154510397,MEDIA,2026-08,DADO_CALCULADO_SOBRE_DADOS_OFICIAIS
2026-06,Vacinas e Soros,767640.0,636725307.0,0.0,637492947.0,43,0.0012041544986693005,CRITICA,2026-08,DADO_CALCULADO_SOBRE_DADOS_OFICIAIS
2026-06,Vestuário Tecido (Plano),48193402.0,304442903.0,1119788.0,353756093.0,115,0.13623341888276677,ALTA,2026-08,DADO_CALCULADO_SOBRE_DADOS_OFICIAIS
2026-06,Vestuário de Malha,104134572.0,458230162.0,2525860.0,564890594.0,135,0.1843446732979236,MEDIA,2026-08,DADO_CALCULADO_SOBRE_DADOS_OFICIAIS
2026-06,Veículos Comerciais (Caminhões e Carga) e Ônibus,279818057.0,519733390.0,22089361.0,821640808.0,49,0.34056007719616577,FORA_DAS_FAIXAS_NT,2026-08,DADO_CALCULADO_SOBRE_DADOS_OFICIAIS
2026-06,Veículos Leves e de Passageiros,0.0,1242411052.0,0.0,1242411052.0,20,0.0,CRITICA,2026-08,DADO_CALCULADO_SOBRE_DADOS_OFICIAIS
2026-06,Vidro e Suas Obras,104085451.0,170151507.0,21569230.0,295806188.0,90,0.3518704314596691,FORA_DAS_FAIXAS_NT,2026-08,DADO_CALCULADO_SOBRE_DADOS_OFICIAIS
2026-06,Óleos Brutos de Petróleo,0.0,0.0,0.0,0.0,2,,NAO_CALCULADO,2026-08,DADO_CALCULADO_SOBRE_DADOS_OFICIAIS
2026-06,Óleos e Gorduras Vegetais/animais,219546376.0,210994170.0,9660536.0,440201082.0,63,0.4987411094096311,FORA_DAS_FAIXAS_NT,2026-08,DADO_CALCULADO_SOBRE_DADOS_OFICIAIS
2026-06,"Óptica, Instrumentos e Aparelhos de Precisão",31270087.0,201049520.0,73170209.0,305489816.0,251,0.10236048916275493,ALTA,2026-08,DADO_CALCULADO_SOBRE_DADOS_OFICIAIS
2026-07,Acessórios Pessoais e Artigos de Uso Pessoal,17308616.0,199406454.0,6505164.0,223220234.0,59,0.07754053335505419,ALTA,2026-08,DADO_CALCULADO_SOBRE_DADOS_OFICIAIS
2026-07,Adubos e Fertilizantes,989627849.0,101639523.0,1278360786.0,2369628158.0,36,0.4176300174603175,FORA_DAS_FAIXAS_NT,2026-08,DADO_CALCULADO_SOBRE_DADOS_OFICIAIS
2026-07,Aeronaves e Espaço,863146.0,8017794.0,211363.0,9092303.0,31,0.0949315041524683,ALTA,2026-08,DADO_CALCULADO_SOBRE_DADOS_OFICIAIS
2026-07,Alumínio e Suas Obras,188957949.0,461061916.0,11431085.0,661450950.0,56,0.28567189902743356,MEDIA,2026-08,DADO_CALCULADO_SOBRE_DADOS_OFICIAIS
2026-07,Animais Vivos e Genética,20561566.0,94889110.0,0.0,115450676.0,49,0.17809827289361216,MEDIA,2026-08,DADO_CALCULADO_SOBRE_DADOS_OFICIAIS
2026-07,Aparelhos Telefônicos,2188948.0,355503627.0,5846520.0,363539095.0,54,0.006021217607971434,CRITICA,2026-08,DADO_CALCULADO_SOBRE_DADOS_OFICIAIS
2026-07,Armas e Munições,28944448.0,32752283.0,2102301.0,63799032.0,25,0.453681616987543,FORA_DAS_FAIXAS_NT,2026-08,DADO_CALCULADO_SOBRE_DADOS_OFICIAIS
2026-07,Artefatos de Metal Diversos,82178803.0,117036386.0,19732742.0,218947931.0,40,0.3753349146743022,FORA_DAS_FAIXAS_NT,2026-08,DADO_CALCULADO_SOBRE_DADOS_OFICIAIS
2026-07,"Açúcares, Sacarídeos e Produtos de Confeitaria (sem cacau)",47033610.0,222340158.0,498029.0,269871797.0,30,0.1742813088393968,MEDIA,2026-08,DADO_CALCULADO_SOBRE_DADOS_OFICIAIS
2026-07,Bebidas Alcoólicas,242243340.0,149560552.0,25321455.0,417125347.0,26,0.5807447131713144,FORA_DAS_FAIXAS_NT,2026-08,DADO_CALCULADO_SOBRE_DADOS_OFICIAIS
2026-07,Bebidas Não Alcoólicas (Exceto Sucos),268580060.0,106654371.0,51506.0,375285937.0,6,0.7156677975918933,FORA_DAS_FAIXAS_NT,2026-08,DADO_CALCULADO_SOBRE_DADOS_OFICIAIS
2026-07,Biodiesel,358727216.0,2757879.0,0.0,361485095.0,1,0.9923706978845145,FORA_DAS_FAIXAS_NT,2026-08,DADO_CALCULADO_SOBRE_DADOS_OFICIAIS
2026-07,Borracha e Suas Obras (Exceto Pneumáticos),70973130.0,204732278.0,45555584.0,321260992.0,88,0.2209204720378875,MEDIA,2026-08,DADO_CALCULADO_SOBRE_DADOS_OFICIAIS
2026-07,"Brinquedos, Jogos e Artigos de Lazer",9880616.0,197131689.0,1991328.0,209003633.0,78,0.04727485287301202,CRITICA,2026-08,DADO_CALCULADO_SOBRE_DADOS_OFICIAIS
2026-07,Cabos e Fios,41382012.0,380550065.0,12004044.0,433936121.0,13,0.09536429441420019,ALTA,2026-08,DADO_CALCULADO_SOBRE_DADOS_OFICIAIS
2026-07,Cacau e Preparações,40388531.0,197981803.0,249321.0,238619655.0,13,0.1692590285573919,MEDIA,2026-08,DADO_CALCULADO_SOBRE_DADOS_OFICIAIS
2026-07,Café,858009.0,182526305.0,14012.0,183398326.0,10,0.0046783905759314294,CRITICA,2026-08,DADO_CALCULADO_SOBRE_DADOS_OFICIAIS
2026-07,Calçados,446216614.0,337217220.0,15277864.0,798711698.0,38,0.558670437802953,FORA_DAS_FAIXAS_NT,2026-08,DADO_CALCULADO_SOBRE_DADOS_OFICIAIS
2026-07,Carnes Preparadas (Defumadas/Salgadas),12115629.0,20051032.0,0.0,32166661.0,7,0.37665174510963384,FORA_DAS_FAIXAS_NT,2026-08,DADO_CALCULADO_SOBRE_DADOS_OFICIAIS
2026-07,Carnes de Bovinos,837810994.0,547049969.0,4443470.0,1389304433.0,16,0.6030434900368593,FORA_DAS_FAIXAS_NT,2026-08,DADO_CALCULADO_SOBRE_DADOS_OFICIAIS
2026-07,Carnes de Espécies Exóticas/Diversas e Subprodutos,3302222.0,287387.0,0.0,3589609.0,10,0.9199391911486738,FORA_DAS_FAIXAS_NT,2026-08,DADO_CALCULADO_SOBRE_DADOS_OFICIAIS
2026-07,Carnes de Frango,343790107.0,166050736.0,0.0,509840843.0,22,0.6743086822489033,FORA_DAS_FAIXAS_NT,2026-08,DADO_CALCULADO_SOBRE_DADOS_OFICIAIS
2026-07,Carnes de Outras Aves (Exceto Frango),0.0,903319.0,0.0,903319.0,14,0.0,CRITICA,2026-08,DADO_CALCULADO_SOBRE_DADOS_OFICIAIS
2026-07,Carnes de Ovinos e Caprinos,2947941.0,929545.0,0.0,3877486.0,13,0.760271216968933,FORA_DAS_FAIXAS_NT,2026-08,DADO_CALCULADO_SOBRE_DADOS_OFICIAIS
2026-07,Carnes de Suínos,124750821.0,63358686.0,0.0,188109507.0,10,0.6631819039321601,FORA_DAS_FAIXAS_NT,2026-08,DADO_CALCULADO_SOBRE_DADOS_OFICIAIS
2026-07,Cereais e Grãos (exceto soja),163511773.0,679650873.0,81888251.0,925050897.0,42,0.1767597583336001,MEDIA,2026-08,DADO_CALCULADO_SOBRE_DADOS_OFICIAIS
2026-07,Chás e Especiarias,10977440.0,11759285.0,29463.0,22766188.0,41,0.4821817337184425,FORA_DAS_FAIXAS_NT,2026-08,DADO_CALCULADO_SOBRE_DADOS_OFICIAIS
2026-07,Combustíveis e Derivados de Petróleo,252750242.0,336502968.0,9424018.0,598677228.0,64,0.4221811523454171,FORA_DAS_FAIXAS_NT,2026-08,DADO_CALCULADO_SOBRE_DADOS_OFICIAIS
2026-07,Componentes Elétricos e Eletrônicos,124500713.0,630167782.0,121883006.0,876551501.0,330,0.14203468120009527,ALTA,2026-08,DADO_CALCULADO_SOBRE_DADOS_OFICIAIS
2026-07,Conservas de Frutas e Hortícolas,43475522.0,141736240.0,4776843.0,189988605.0,47,0.228832260755849,MEDIA,2026-08,DADO_CALCULADO_SOBRE_DADOS_OFICIAIS
2026-07,Couros e Suas Obras,159947918.0,128864690.0,11445883.0,300258491.0,106,0.5327007321834573,FORA_DAS_FAIXAS_NT,2026-08,DADO_CALCULADO_SOBRE_DADOS_OFICIAIS
2026-07,Eletrodomésticos (Linha Branca + Portáteis),116114035.0,702525555.0,30835844.0,849475434.0,106,0.13668910288934855,ALTA,2026-08,DADO_CALCULADO_SOBRE_DADOS_OFICIAIS
2026-07,Eletrônicos de Consumo – Comunicação/Imagem,2454319.0,181051704.0,36699019.0,220205042.0,53,0.011145607646894843,CRITICA,2026-08,DADO_CALCULADO_SOBRE_DADOS_OFICIAIS
2026-07,Eletrônicos de Consumo – Informática/TIC,5371949.0,298454640.0,34668044.0,338494633.0,143,0.015870115730904365,CRITICA,2026-08,DADO_CALCULADO_SOBRE_DADOS_OFICIAIS
2026-07,Eletrônicos de Consumo – Áudio/Vídeo,3521179.0,77821444.0,56677423.0,138020046.0,34,0.02551208394757382,CRITICA,2026-08,DADO_CALCULADO_SOBRE_DADOS_OFICIAIS
2026-07,Embarcações e Estruturas Flutuantes,128454.0,4204415.0,0.0,4332869.0,27,0.02964640749581859,CRITICA,2026-08,DADO_CALCULADO_SOBRE_DADOS_OFICIAIS
2026-07,Erva-mate,35645864.0,37459506.0,0.0,73105370.0,2,0.48759569919419055,FORA_DAS_FAIXAS_NT,2026-08,DADO_CALCULADO_SOBRE_DADOS_OFICIAIS
2026-07,Etanol e Álcool Etílico,3456953.0,576229347.0,0.0,579686300.0,5,0.005963489218220268,CRITICA,2026-08,DADO_CALCULADO_SOBRE_DADOS_OFICIAIS
2026-07,Explosivos e Pirotecnia,0.0,4829421.0,0.0,4829421.0,14,0.0,CRITICA,2026-08,DADO_CALCULADO_SOBRE_DADOS_OFICIAIS
2026-07,"Farinha, Malte e Preparações de Cereais",217461248.0,111400718.0,6395663.0,335257629.0,37,0.6486392230614981,FORA_DAS_FAIXAS_NT,2026-08,DADO_CALCULADO_SOBRE_DADOS_OFICIAIS
2026-07,"Feltros, Passamanarias, Têxteis Técnicos",14692504.0,51821567.0,1102976.0,67617047.0,75,0.21728993873394087,MEDIA,2026-08,DADO_CALCULADO_SOBRE_DADOS_OFICIAIS
2026-07,Ferramentas e Cutelaria (Metais Comuns),49179148.0,121078024.0,25464260.0,195721432.0,85,0.25127114336666,MEDIA,2026-08,DADO_CALCULADO_SOBRE_DADOS_OFICIAIS
2026-07,Fibras Sintéticas/Descontínuas – Têxteis,4406259.0,19838292.0,7499131.0,31743682.0,123,0.13880743260973946,ALTA,2026-08,DADO_CALCULADO_SOBRE_DADOS_OFICIAIS
2026-07,Filamentos Sintéticos – Têxteis Técnicos,15895196.0,211154233.0,738017.0,227787446.0,93,0.06978082541036963,ALTA,2026-08,DADO_CALCULADO_SOBRE_DADOS_OFICIAIS
2026-07,Frutas e Hortícolas,31480712.0,286007199.0,51602676.0,369090587.0,177,0.0852926438896151,ALTA,2026-08,DADO_CALCULADO_SOBRE_DADOS_OFICIAIS
2026-07,Instrumentos Musicais,111978.0,12963329.0,61080.0,13136387.0,19,0.00852426165581145,CRITICA,2026-08,DADO_CALCULADO_SOBRE_DADOS_OFICIAIS
2026-07,Instrumentos Médicos,18609279.0,318617668.0,28669845.0,365896792.0,114,0.0508593663756418,ALTA,2026-08,DADO_CALCULADO_SOBRE_DADOS_OFICIAIS
2026-07,"Joias, Bijuterias, Metais Preciosos e Relógios",12413476.0,57369139.0,4080774.0,73863389.0,120,0.16805993020439394,MEDIA,2026-08,DADO_CALCULADO_SOBRE_DADOS_OFICIAIS
2026-07,Laticínios,533050099.0,285855193.0,4062504.0,822967796.0,45,0.6477168384848926,FORA_DAS_FAIXAS_NT,2026-08,DADO_CALCULADO_SOBRE_DADOS_OFICIAIS
2026-07,Madeira e Cortiça - Produtos e Obras,264955381.0,269091051.0,6310332.0,540356764.0,151,0.49033416189456636,FORA_DAS_FAIXAS_NT,2026-08,DADO_CALCULADO_SOBRE_DADOS_OFICIAIS
2026-07,Massas e Panificação,289820343.0,327351453.0,2341829.0,619513625.0,21,0.467819158941016,FORA_DAS_FAIXAS_NT,2026-08,DADO_CALCULADO_SOBRE_DADOS_OFICIAIS
2026-07,Material Ferroviário e Contêineres,4218456.0,5115372.0,0.0,9333828.0,21,0.4519534750372516,FORA_DAS_FAIXAS_NT,2026-08,DADO_CALCULADO_SOBRE_DADOS_OFICIAIS
2026-07,Medicamentos,10667811.0,1596430134.0,0.0,1607097945.0,217,0.006637934565960757,CRITICA,2026-08,DADO_CALCULADO_SOBRE_DADOS_OFICIAIS
2026-07,Mel e Outros Produtos Comestíveis de Origem Animal,1782495.0,2040875.0,0.0,3823370.0,3,0.466210437389005,FORA_DAS_FAIXAS_NT,2026-08,DADO_CALCULADO_SOBRE_DADOS_OFICIAIS
2026-07,"Metais Não Ferrosos e Suas Obras (NCMs dos Caps. 74, 75, 78, 79, 80, 81)",48668617.0,152186008.0,4606192.0,205460817.0,169,0.2368754184404903,MEDIA,2026-08,DADO_CALCULADO_SOBRE_DADOS_OFICIAIS
2026-07,Minerais e Materiais de Mineração (Não Metálicos),96774996.0,172315982.0,1435655.0,270526633.0,82,0.3577281649751653,FORA_DAS_FAIXAS_NT,2026-08,DADO_CALCULADO_SOBRE_DADOS_OFICIAIS
2026-07,Minérios e Subprodutos da Metalurgia (NCMs do Cap. 26),103582.0,794117.0,0.0,897699.0,33,0.11538611494498713,ALTA,2026-08,DADO_CALCULADO_SOBRE_DADOS_OFICIAIS
2026-07,Mobiliário e Iluminação,503117712.0,449714115.0,20703754.0,973535581.0,104,0.5167943748734952,FORA_DAS_FAIXAS_NT,2026-08,DADO_CALCULADO_SOBRE_DADOS_OFICIAIS
2026-07,Motocicletas,0.0,70168422.0,2456368.0,72624790.0,9,0.0,CRITICA,2026-08,DADO_CALCULADO_SOBRE_DADOS_OFICIAIS
2026-07,Máquinas e Equipamentos Industriais,706640169.0,1475876344.0,243434580.0,2425951093.0,809,0.2912837653813329,MEDIA,2026-08,DADO_CALCULADO_SOBRE_DADOS_OFICIAIS
2026-07,Máquinas e Implementos Agrícolas,235263144.0,182365370.0,21128205.0,438756719.0,42,0.53620408260916,FORA_DAS_FAIXAS_NT,2026-08,DADO_CALCULADO_SOBRE_DADOS_OFICIAIS
2026-07,Objetos de Arte e Coleções,917107.0,4031088.0,0.0,4948195.0,25,0.18534172561913992,MEDIA,2026-08,DADO_CALCULADO_SOBRE_DADOS_OFICIAIS
2026-07,Obras de Espartaria e Cestaria,22422.0,2189909.0,0.0,2212331.0,11,0.01013501144268195,CRITICA,2026-08,DADO_CALCULADO_SOBRE_DADOS_OFICIAIS
2026-07,Obras de Ferro ou Aço,440950897.0,509878207.0,63462588.0,1014291692.0,156,0.43473775884974913,FORA_DAS_FAIXAS_NT,2026-08,DADO_CALCULADO_SOBRE_DADOS_OFICIAIS
2026-07,Outras Fibras Têxteis Vegetais,41819.0,2180051.0,0.0,2221870.0,29,0.018821533213014264,CRITICA,2026-08,DADO_CALCULADO_SOBRE_DADOS_OFICIAIS
2026-07,Outros,0.0,29386.0,0.0,29386.0,9,0.0,CRITICA,2026-08,DADO_CALCULADO_SOBRE_DADOS_OFICIAIS
2026-07,Ovos,13559382.0,21111600.0,0.0,34670982.0,9,0.39108733637830045,FORA_DAS_FAIXAS_NT,2026-08,DADO_CALCULADO_SOBRE_DADOS_OFICIAIS
2026-07,Papel e Papelão,342946223.0,609477330.0,20515772.0,972939325.0,175,0.3524846968232063,FORA_DAS_FAIXAS_NT,2026-08,DADO_CALCULADO_SOBRE_DADOS_OFICIAIS
2026-07,Pasta Química e Pasta Mecânica,1799658.0,7013234.0,0.0,8812892.0,18,0.20420742702849418,MEDIA,2026-08,DADO_CALCULADO_SOBRE_DADOS_OFICIAIS
2026-07,Perfumaria e Cosméticos,32058697.0,526999475.0,9760346.0,568818518.0,57,0.056360150004821044,ALTA,2026-08,DADO_CALCULADO_SOBRE_DADOS_OFICIAIS
2026-07,Pescados e Frutos do Mar,5696102.0,56181921.0,6884472.0,68762495.0,204,0.0828373374177304,ALTA,2026-08,DADO_CALCULADO_SOBRE_DADOS_OFICIAIS
2026-07,Pescados e Frutos do Mar - Preparações e Conservas,400644.0,12067381.0,549324.0,13017349.0,29,0.030777695212750308,CRITICA,2026-08,DADO_CALCULADO_SOBRE_DADOS_OFICIAIS
2026-07,Peças e Acessórios Automotivos,593383071.0,1195909098.0,332077147.0,2121369316.0,130,0.27971700473110833,MEDIA,2026-08,DADO_CALCULADO_SOBRE_DADOS_OFICIAIS
2026-07,Plantas Vivas e Floricultura,62875.0,31885234.0,0.0,31948109.0,30,0.0019680351034234923,CRITICA,2026-08,DADO_CALCULADO_SOBRE_DADOS_OFICIAIS
2026-07,Plásticos e Suas Obras,769235552.0,1484107881.0,228007717.0,2481351150.0,315,0.31000672839069954,FORA_DAS_FAIXAS_NT,2026-08,DADO_CALCULADO_SOBRE_DADOS_OFICIAIS
2026-07,"Pneumáticos, Câmaras e Protetores",27536254.0,332757610.0,7872507.0,368166371.0,22,0.07479296364088615,ALTA,2026-08,DADO_CALCULADO_SOBRE_DADOS_OFICIAIS
2026-07,"Preparações Alimentícias Diversas (Molhos, Condimentos, etc)",29193402.0,253425743.0,2949092.0,285568237.0,23,0.10222916353263756,ALTA,2026-08,DADO_CALCULADO_SOBRE_DADOS_OFICIAIS
2026-07,Preparações de Carne,136736495.0,129898160.0,0.0,266634655.0,15,0.512823417496124,FORA_DAS_FAIXAS_NT,2026-08,DADO_CALCULADO_SOBRE_DADOS_OFICIAIS
2026-07,"Preparações, Suplementos e Complementos alimentares",15907777.0,200188917.0,1113198.0,217209892.0,26,0.07323689015047252,ALTA,2026-08,DADO_CALCULADO_SOBRE_DADOS_OFICIAIS
2026-07,"Produtos Cerâmicos, Porcelana e Refratários",41777441.0,134544301.0,607496.0,176929238.0,55,0.23612513947525168,MEDIA,2026-08,DADO_CALCULADO_SOBRE_DADOS_OFICIAIS
2026-07,"Produtos Editoriais, Impressos e Materiais Gráficos",34783569.0,206451912.0,38395.0,241273876.0,38,0.14416632905586513,ALTA,2026-08,DADO_CALCULADO_SOBRE_DADOS_OFICIAIS
2026-07,Produtos Farmacêuticos,1219481.0,95994383.0,2969768.0,100183632.0,46,0.012172457472893377,CRITICA,2026-08,DADO_CALCULADO_SOBRE_DADOS_OFICIAIS
2026-07,Produtos Fotográficos,290462.0,6991281.0,0.0,7281743.0,50,0.039889076008312846,CRITICA,2026-08,DADO_CALCULADO_SOBRE_DADOS_OFICIAIS
2026-07,"Produtos Minerais: Pedra, Cimento, Gesso, Amianto e Abrasivos",185073531.0,141078307.0,3975547.0,330127385.0,68,0.5606124769079669,FORA_DAS_FAIXAS_NT,2026-08,DADO_CALCULADO_SOBRE_DADOS_OFICIAIS
2026-07,Produtos Químicos Diversos,120321766.0,856004179.0,60752469.0,1037078414.0,254,0.11601993096734149,ALTA,2026-08,DADO_CALCULADO_SOBRE_DADOS_OFICIAIS
2026-07,Produtos de Origem Animal (Não Alimentares),24437008.0,14618150.0,0.0,39055158.0,31,0.6257050093101659,FORA_DAS_FAIXAS_NT,2026-08,DADO_CALCULADO_SOBRE_DADOS_OFICIAIS
2026-07,Químicos Inorgânicos,69696570.0,197890458.0,96366188.0,363953216.0,296,0.19149870625130017,MEDIA,2026-08,DADO_CALCULADO_SOBRE_DADOS_OFICIAIS
2026-07,Químicos Orgânicos,50389507.0,198702937.0,58909226.0,308001670.0,844,0.16360140839496098,MEDIA,2026-08,DADO_CALCULADO_SOBRE_DADOS_OFICIAIS
2026-07,Resíduos para Alimentação Animal,771695313.0,389209549.0,1382615.0,1162287477.0,38,0.6639453046434226,FORA_DAS_FAIXAS_NT,2026-08,DADO_CALCULADO_SOBRE_DADOS_OFICIAIS
2026-07,"Sabões e Preparações de Limpeza, Ceras e Pastas",96369032.0,318334048.0,25300263.0,440003343.0,56,0.2190188632271369,MEDIA,2026-08,DADO_CALCULADO_SOBRE_DADOS_OFICIAIS
2026-07,Siderurgia – Ferro e Aço,583731838.0,1015611867.0,22427784.0,1621771489.0,208,0.3599347022433689,FORA_DAS_FAIXAS_NT,2026-08,DADO_CALCULADO_SOBRE_DADOS_OFICIAIS
2026-07,"Soja, Oleaginosas e Sementes",10655763.0,213716967.0,0.0,224372730.0,38,0.04749134620771428,CRITICA,2026-08,DADO_CALCULADO_SOBRE_DADOS_OFICIAIS
2026-07,Sucos e Bebidas à Base de Frutas/Vegetais,29166854.0,16057240.0,932893.0,46156987.0,24,0.6319055011108069,FORA_DAS_FAIXAS_NT,2026-08,DADO_CALCULADO_SOBRE_DADOS_OFICIAIS
2026-07,Tabaco e Sucedâneos,166704272.0,691872192.0,23478810.0,882055274.0,25,0.18899526697915306,MEDIA,2026-08,DADO_CALCULADO_SOBRE_DADOS_OFICIAIS
2026-07,Tecidos Impregnados/Revestidos/Laminados,27848168.0,41087642.0,4762446.0,73698256.0,28,0.37786739485395693,FORA_DAS_FAIXAS_NT,2026-08,DADO_CALCULADO_SOBRE_DADOS_OFICIAIS
2026-07,Tecidos Sintéticos (Inclusive Malhas),20133209.0,68630860.0,450722.0,89214791.0,82,0.22567120064205498,MEDIA,2026-08,DADO_CALCULADO_SOBRE_DADOS_OFICIAIS
2026-07,"Tintas, Pigmentos e Corantes",97959798.0,225586989.0,19393644.0,342940431.0,94,0.28564668713558594,MEDIA,2026-08,DADO_CALCULADO_SOBRE_DADOS_OFICIAIS
2026-07,Toucinho e Gorduras Não Fundidas,2755657.0,5109329.0,0.0,7864986.0,5,0.35037023587836014,FORA_DAS_FAIXAS_NT,2026-08,DADO_CALCULADO_SOBRE_DADOS_OFICIAIS
2026-07,Tratores,2475881.0,375768145.0,0.0,378244026.0,12,0.006545724003054049,CRITICA,2026-08,DADO_CALCULADO_SOBRE_DADOS_OFICIAIS
2026-07,"Têxteis Naturais (Algodão, Lã, Seda e Afins)",52786610.0,238235500.0,5084709.0,296106819.0,323,0.17826880913539517,MEDIA,2026-08,DADO_CALCULADO_SOBRE_DADOS_OFICIAIS
2026-07,Vacinas e Soros,767321.0,784472296.0,0.0,785239617.0,42,0.0009771807017729722,CRITICA,2026-08,DADO_CALCULADO_SOBRE_DADOS_OFICIAIS
2026-07,Vestuário Tecido (Plano),49607900.0,345397915.0,1542068.0,396547883.0,114,0.1250993943649423,ALTA,2026-08,DADO_CALCULADO_SOBRE_DADOS_OFICIAIS
2026-07,Vestuário de Malha,98294879.0,486921074.0,695792.0,585911745.0,137,0.16776396759208165,MEDIA,2026-08,DADO_CALCULADO_SOBRE_DADOS_OFICIAIS
2026-07,Veículos Comerciais (Caminhões e Carga) e Ônibus,269125123.0,490228981.0,24979653.0,784333757.0,48,0.34312576833282976,FORA_DAS_FAIXAS_NT,2026-08,DADO_CALCULADO_SOBRE_DADOS_OFICIAIS
2026-07,Veículos Leves e de Passageiros,0.0,1157387152.0,0.0,1157387152.0,21,0.0,CRITICA,2026-08,DADO_CALCULADO_SOBRE_DADOS_OFICIAIS
2026-07,Vidro e Suas Obras,106043259.0,168731007.0,19716430.0,294490696.0,90,0.36009035409390316,FORA_DAS_FAIXAS_NT,2026-08,DADO_CALCULADO_SOBRE_DADOS_OFICIAIS
2026-07,Óleos Brutos de Petróleo,0.0,0.0,0.0,0.0,2,,NAO_CALCULADO,2026-08,DADO_CALCULADO_SOBRE_DADOS_OFICIAIS
2026-07,Óleos e Gorduras Vegetais/animais,228533757.0,252076718.0,6006563.0,486617038.0,65,0.4696378037630487,FORA_DAS_FAIXAS_NT,2026-08,DADO_CALCULADO_SOBRE_DADOS_OFICIAIS
2026-07,"Óptica, Instrumentos e Aparelhos de Precisão",32860305.0,212730316.0,72948311.0,318538932.0,256,0.10315946246721264,ALTA,2026-08,DADO_CALCULADO_SOBRE_DADOS_OFICIAIS
2026-08,Acessórios Pessoais e Artigos de Uso Pessoal,17668684.0,194527222.0,6403644.0,218599550.0,59,0.0808267171638734,ALTA,2026-08,DADO_CALCULADO_SOBRE_DADOS_OFICIAIS
2026-08,Adubos e Fertilizantes,1379830487.0,121258967.0,789476786.0,2290566240.0,36,0.6023971116417048,FORA_DAS_FAIXAS_NT,2026-08,DADO_CALCULADO_SOBRE_DADOS_OFICIAIS
2026-08,Aeronaves e Espaço,381276.0,7079973.0,550172.0,8011421.0,29,0.04759155710329042,CRITICA,2026-08,DADO_CALCULADO_SOBRE_DADOS_OFICIAIS
2026-08,Alumínio e Suas Obras,191092632.0,397854140.0,18611925.0,607558697.0,55,0.31452538321577184,FORA_DAS_FAIXAS_NT,2026-08,DADO_CALCULADO_SOBRE_DADOS_OFICIAIS
2026-08,Animais Vivos e Genética,11592058.0,115486903.0,0.0,127078961.0,48,0.09121933252192706,ALTA,2026-08,DADO_CALCULADO_SOBRE_DADOS_OFICIAIS
2026-08,Aparelhos Telefônicos,2630425.0,422218270.0,11034603.0,435883298.0,54,0.006034700141229086,CRITICA,2026-08,DADO_CALCULADO_SOBRE_DADOS_OFICIAIS
2026-08,Armas e Munições,26729517.0,21171613.0,0.0,47901130.0,26,0.5580143307683973,FORA_DAS_FAIXAS_NT,2026-08,DADO_CALCULADO_SOBRE_DADOS_OFICIAIS
2026-08,Artefatos de Metal Diversos,76958985.0,97867985.0,24457499.0,199284469.0,40,0.38617653139844027,FORA_DAS_FAIXAS_NT,2026-08,DADO_CALCULADO_SOBRE_DADOS_OFICIAIS
2026-08,"Açúcares, Sacarídeos e Produtos de Confeitaria (sem cacau)",54076581.0,229969483.0,891243.0,284937307.0,30,0.18978413732253038,MEDIA,2026-08,DADO_CALCULADO_SOBRE_DADOS_OFICIAIS
2026-08,Bebidas Alcoólicas,281025486.0,178024414.0,25936916.0,484986816.0,27,0.5794497432276592,FORA_DAS_FAIXAS_NT,2026-08,DADO_CALCULADO_SOBRE_DADOS_OFICIAIS
2026-08,Bebidas Não Alcoólicas (Exceto Sucos),295534602.0,131223700.0,196221.0,426954523.0,5,0.6921922267585393,FORA_DAS_FAIXAS_NT,2026-08,DADO_CALCULADO_SOBRE_DADOS_OFICIAIS
2026-08,Biodiesel,337769122.0,2377987.0,0.0,340147109.0,1,0.9930089454324893,FORA_DAS_FAIXAS_NT,2026-08,DADO_CALCULADO_SOBRE_DADOS_OFICIAIS
2026-08,Borracha e Suas Obras (Exceto Pneumáticos),69075774.0,194628081.0,40700021.0,304403876.0,90,0.2269214666635848,MEDIA,2026-08,DADO_CALCULADO_SOBRE_DADOS_OFICIAIS
2026-08,"Brinquedos, Jogos e Artigos de Lazer",10230004.0,222905788.0,2126370.0,235262162.0,77,0.043483422548841494,CRITICA,2026-08,DADO_CALCULADO_SOBRE_DADOS_OFICIAIS
2026-08,Cabos e Fios,39129318.0,357688079.0,13669197.0,410486594.0,13,0.09532422878589794,ALTA,2026-08,DADO_CALCULADO_SOBRE_DADOS_OFICIAIS
2026-08,Cacau e Preparações,36839503.0,186896487.0,2364568.0,226100558.0,13,0.1629341533955878,MEDIA,2026-08,DADO_CALCULADO_SOBRE_DADOS_OFICIAIS
2026-08,Café,808416.0,178544632.0,0.0,179353048.0,10,0.0045074003983472865,CRITICA,2026-08,DADO_CALCULADO_SOBRE_DADOS_OFICIAIS
2026-08,Calçados,444180509.0,369090332.0,14079170.0,827350011.0,37,0.5368713399340246,FORA_DAS_FAIXAS_NT,2026-08,DADO_CALCULADO_SOBRE_DADOS_OFICIAIS
2026-08,Carnes Preparadas (Defumadas/Salgadas),10469119.0,17581851.0,0.0,28050970.0,7,0.37321771760477446,FORA_DAS_FAIXAS_NT,2026-08,DADO_CALCULADO_SOBRE_DADOS_OFICIAIS
2026-08,Carnes de Bovinos,824515378.0,537239917.0,0.0,1361755295.0,16,0.6054798399003104,FORA_DAS_FAIXAS_NT,2026-08,DADO_CALCULADO_SOBRE_DADOS_OFICIAIS
2026-08,Carnes de Espécies Exóticas/Diversas e Subprodutos,2335348.0,167070.0,0.0,2502418.0,10,0.9332365735860276,FORA_DAS_FAIXAS_NT,2026-08,DADO_CALCULADO_SOBRE_DADOS_OFICIAIS
2026-08,Carnes de Frango,299585582.0,158544143.0,0.0,458129725.0,22,0.6539317700897928,FORA_DAS_FAIXAS_NT,2026-08,DADO_CALCULADO_SOBRE_DADOS_OFICIAIS
2026-08,Carnes de Outras Aves (Exceto Frango),0.0,408083.0,0.0,408083.0,14,0.0,CRITICA,2026-08,DADO_CALCULADO_SOBRE_DADOS_OFICIAIS
2026-08,Carnes de Ovinos e Caprinos,3852085.0,862731.0,0.0,4714816.0,13,0.8170170373562828,FORA_DAS_FAIXAS_NT,2026-08,DADO_CALCULADO_SOBRE_DADOS_OFICIAIS
2026-08,Carnes de Suínos,114591787.0,60974509.0,0.0,175566296.0,10,0.6526980953109588,FORA_DAS_FAIXAS_NT,2026-08,DADO_CALCULADO_SOBRE_DADOS_OFICIAIS
2026-08,Cereais e Grãos (exceto soja),144135660.0,576679026.0,79889107.0,800703793.0,42,0.18001121171159482,MEDIA,2026-08,DADO_CALCULADO_SOBRE_DADOS_OFICIAIS
2026-08,Chás e Especiarias,8239917.0,10460787.0,37811.0,18738515.0,42,0.43973159025675196,FORA_DAS_FAIXAS_NT,2026-08,DADO_CALCULADO_SOBRE_DADOS_OFICIAIS
2026-08,Combustíveis e Derivados de Petróleo,235489034.0,368168430.0,14583046.0,618240510.0,62,0.3809019793931006,FORA_DAS_FAIXAS_NT,2026-08,DADO_CALCULADO_SOBRE_DADOS_OFICIAIS
2026-08,Componentes Elétricos e Eletrônicos,137706741.0,694916079.0,118397158.0,951019978.0,326,0.14479899916466318,ALTA,2026-08,DADO_CALCULADO_SOBRE_DADOS_OFICIAIS
2026-08,Conservas de Frutas e Hortícolas,45278237.0,144545433.0,7824003.0,197647673.0,48,0.22908560628487643,MEDIA,2026-08,DADO_CALCULADO_SOBRE_DADOS_OFICIAIS
2026-08,Couros e Suas Obras,136343160.0,117524133.0,10074406.0,263941699.0,108,0.5165654404611527,FORA_DAS_FAIXAS_NT,2026-08,DADO_CALCULADO_SOBRE_DADOS_OFICIAIS
2026-08,Eletrodomésticos (Linha Branca + Portáteis),123730820.0,647987017.0,48164239.0,819882076.0,106,0.15091294665648966,MEDIA,2026-08,DADO_CALCULADO_SOBRE_DADOS_OFICIAIS
2026-08,Eletrônicos de Consumo – Comunicação/Imagem,2000141.0,150576568.0,39976694.0,192553403.0,52,0.010387461186546779,CRITICA,2026-08,DADO_CALCULADO_SOBRE_DADOS_OFICIAIS
2026-08,Eletrônicos de Consumo – Informática/TIC,3912761.0,309988993.0,36624136.0,350525890.0,144,0.011162544940688975,CRITICA,2026-08,DADO_CALCULADO_SOBRE_DADOS_OFICIAIS
2026-08,Eletrônicos de Consumo – Áudio/Vídeo,3392032.0,58606086.0,66085912.0,128084030.0,33,0.02648286441330742,CRITICA,2026-08,DADO_CALCULADO_SOBRE_DADOS_OFICIAIS
2026-08,Embarcações e Estruturas Flutuantes,323623.0,3489451.0,0.0,3813074.0,27,0.08487194321432,ALTA,2026-08,DADO_CALCULADO_SOBRE_DADOS_OFICIAIS
2026-08,Erva-mate,34737616.0,38270174.0,0.0,73007790.0,2,0.47580697895388974,FORA_DAS_FAIXAS_NT,2026-08,DADO_CALCULADO_SOBRE_DADOS_OFICIAIS
2026-08,Etanol e Álcool Etílico,3619362.0,577732870.0,0.0,581352232.0,6,0.00622576434866083,CRITICA,2026-08,DADO_CALCULADO_SOBRE_DADOS_OFICIAIS
2026-08,Explosivos e Pirotecnia,0.0,4581551.0,0.0,4581551.0,14,0.0,CRITICA,2026-08,DADO_CALCULADO_SOBRE_DADOS_OFICIAIS
2026-08,"Farinha, Malte e Preparações de Cereais",207580820.0,99412156.0,7575293.0,314568269.0,35,0.6598911602237924,FORA_DAS_FAIXAS_NT,2026-08,DADO_CALCULADO_SOBRE_DADOS_OFICIAIS
2026-08,"Feltros, Passamanarias, Têxteis Técnicos",12364535.0,47349288.0,3460303.0,63174126.0,73,0.1957215047185615,MEDIA,2026-08,DADO_CALCULADO_SOBRE_DADOS_OFICIAIS
2026-08,Ferramentas e Cutelaria (Metais Comuns),47710809.0,111197424.0,23090558.0,181998791.0,85,0.2621490436164491,MEDIA,2026-08,DADO_CALCULADO_SOBRE_DADOS_OFICIAIS
2026-08,Fibras Sintéticas/Descontínuas – Têxteis,2844682.0,16980222.0,5197230.0,25022134.0,131,0.11368662640844301,ALTA,2026-08,DADO_CALCULADO_SOBRE_DADOS_OFICIAIS
2026-08,Filamentos Sintéticos – Têxteis Técnicos,17894974.0,66735889.0,663350.0,85294213.0,91,0.20980290890309286,MEDIA,2026-08,DADO_CALCULADO_SOBRE_DADOS_OFICIAIS
2026-08,Frutas e Hortícolas,26752727.0,344810927.0,44993541.0,416557195.0,177,0.06422341834714919,ALTA,2026-08,DADO_CALCULADO_SOBRE_DADOS_OFICIAIS
2026-08,Instrumentos Musicais,90689.0,14748728.0,48920.0,14888337.0,19,0.006091278025208591,CRITICA,2026-08,DADO_CALCULADO_SOBRE_DADOS_OFICIAIS
2026-08,Instrumentos Médicos,15858165.0,314684662.0,41991120.0,372533947.0,115,0.04256837565463531,CRITICA,2026-08,DADO_CALCULADO_SOBRE_DADOS_OFICIAIS
2026-08,"Joias, Bijuterias, Metais Preciosos e Relógios",12624397.0,59031977.0,3160455.0,74816829.0,117,0.168737397304021,MEDIA,2026-08,DADO_CALCULADO_SOBRE_DADOS_OFICIAIS
2026-08,Laticínios,509521492.0,309321959.0,5801850.0,824645301.0,45,0.6178674532943225,FORA_DAS_FAIXAS_NT,2026-08,DADO_CALCULADO_SOBRE_DADOS_OFICIAIS
2026-08,Madeira e Cortiça - Produtos e Obras,258917591.0,257015082.0,6689877.0,522622550.0,147,0.4954198608536888,FORA_DAS_FAIXAS_NT,2026-08,DADO_CALCULADO_SOBRE_DADOS_OFICIAIS
2026-08,Massas e Panificação,297607518.0,348292719.0,3264503.0,649164740.0,21,0.4584468312311602,FORA_DAS_FAIXAS_NT,2026-08,DADO_CALCULADO_SOBRE_DADOS_OFICIAIS
2026-08,Material Ferroviário e Contêineres,3691161.0,5369522.0,0.0,9060683.0,21,0.4073822028648392,FORA_DAS_FAIXAS_NT,2026-08,DADO_CALCULADO_SOBRE_DADOS_OFICIAIS
2026-08,Medicamentos,11274293.0,1664544739.0,1030721.0,1676849753.0,209,0.006723496234429776,CRITICA,2026-08,DADO_CALCULADO_SOBRE_DADOS_OFICIAIS
2026-08,Mel e Outros Produtos Comestíveis de Origem Animal,1115863.0,1857008.0,0.0,2972871.0,3,0.3753486108209875,FORA_DAS_FAIXAS_NT,2026-08,DADO_CALCULADO_SOBRE_DADOS_OFICIAIS
2026-08,"Metais Não Ferrosos e Suas Obras (NCMs dos Caps. 74, 75, 78, 79, 80, 81)",47991745.0,170010111.0,4880114.0,222881970.0,163,0.21532358584231825,MEDIA,2026-08,DADO_CALCULADO_SOBRE_DADOS_OFICIAIS
2026-08,Minerais e Materiais de Mineração (Não Metálicos),95709261.0,162139229.0,41336299.0,299184789.0,84,0.3199001570898713,FORA_DAS_FAIXAS_NT,2026-08,DADO_CALCULADO_SOBRE_DADOS_OFICIAIS
2026-08,Minérios e Subprodutos da Metalurgia (NCMs do Cap. 26),88213.0,156221.0,0.0,244434.0,33,0.36088678334437924,FORA_DAS_FAIXAS_NT,2026-08,DADO_CALCULADO_SOBRE_DADOS_OFICIAIS
2026-08,Mobiliário e Iluminação,505276586.0,433131088.0,28728442.0,967136116.0,105,0.5224461972217362,FORA_DAS_FAIXAS_NT,2026-08,DADO_CALCULADO_SOBRE_DADOS_OFICIAIS
2026-08,Motocicletas,0.0,71394534.0,1292837.0,72687371.0,9,0.0,CRITICA,2026-08,DADO_CALCULADO_SOBRE_DADOS_OFICIAIS
2026-08,Máquinas e Equipamentos Industriais,627367065.0,1417352063.0,244578851.0,2289297979.0,809,0.27404342761620026,MEDIA,2026-08,DADO_CALCULADO_SOBRE_DADOS_OFICIAIS
2026-08,Máquinas e Implementos Agrícolas,235281090.0,194134190.0,21008321.0,450423601.0,42,0.5223551551864619,FORA_DAS_FAIXAS_NT,2026-08,DADO_CALCULADO_SOBRE_DADOS_OFICIAIS
2026-08,Objetos de Arte e Coleções,1082176.0,4522983.0,0.0,5605159.0,24,0.193067850528415,MEDIA,2026-08,DADO_CALCULADO_SOBRE_DADOS_OFICIAIS
2026-08,Obras de Espartaria e Cestaria,0.0,2588896.0,0.0,2588896.0,11,0.0,CRITICA,2026-08,DADO_CALCULADO_SOBRE_DADOS_OFICIAIS
2026-08,Obras de Ferro ou Aço,420379649.0,498389987.0,60865903.0,979635539.0,155,0.42911841421057306,FORA_DAS_FAIXAS_NT,2026-08,DADO_CALCULADO_SOBRE_DADOS_OFICIAIS
2026-08,Outras Fibras Têxteis Vegetais,4728.0,2670041.0,0.0,2674769.0,30,0.0017676292793882388,CRITICA,2026-08,DADO_CALCULADO_SOBRE_DADOS_OFICIAIS
2026-08,Outros,0.0,4992.0,0.0,4992.0,9,0.0,CRITICA,2026-08,DADO_CALCULADO_SOBRE_DADOS_OFICIAIS
2026-08,Ovos,12723632.0,23770475.0,0.0,36494107.0,9,0.3486489476232423,FORA_DAS_FAIXAS_NT,2026-08,DADO_CALCULADO_SOBRE_DADOS_OFICIAIS
2026-08,Papel e Papelão,320012126.0,583533477.0,20830041.0,924375644.0,176,0.3461927281156274,FORA_DAS_FAIXAS_NT,2026-08,DADO_CALCULADO_SOBRE_DADOS_OFICIAIS
2026-08,Pasta Química e Pasta Mecânica,1838489.0,9760881.0,0.0,11599370.0,21,0.15849903917195504,MEDIA,2026-08,DADO_CALCULADO_SOBRE_DADOS_OFICIAIS
2026-08,Perfumaria e Cosméticos,36447452.0,543320064.0,1496522.0,581264038.0,56,0.0627037793795184,ALTA,2026-08,DADO_CALCULADO_SOBRE_DADOS_OFICIAIS
2026-08,Pescados e Frutos do Mar,5914633.0,60331114.0,8965814.0,75211561.0,203,0.07863994472871,ALTA,2026-08,DADO_CALCULADO_SOBRE_DADOS_OFICIAIS
2026-08,Pescados e Frutos do Mar - Preparações e Conservas,499254.0,13712879.0,0.0,14212133.0,29,0.03512871713204485,CRITICA,2026-08,DADO_CALCULADO_SOBRE_DADOS_OFICIAIS
2026-08,Peças e Acessórios Automotivos,614142754.0,1363405773.0,263908696.0,2241457223.0,129,0.27399262751845965,MEDIA,2026-08,DADO_CALCULADO_SOBRE_DADOS_OFICIAIS
2026-08,Plantas Vivas e Floricultura,58937.0,37572376.0,0.0,37631313.0,30,0.0015661691102832368,CRITICA,2026-08,DADO_CALCULADO_SOBRE_DADOS_OFICIAIS
2026-08,Plásticos e Suas Obras,711648376.0,1375666067.0,216000780.0,2303315223.0,312,0.308966991966084,FORA_DAS_FAIXAS_NT,2026-08,DADO_CALCULADO_SOBRE_DADOS_OFICIAIS
2026-08,"Pneumáticos, Câmaras e Protetores",31800323.0,324214866.0,7218174.0,363233363.0,25,0.08754791337821025,ALTA,2026-08,DADO_CALCULADO_SOBRE_DADOS_OFICIAIS
2026-08,"Preparações Alimentícias Diversas (Molhos, Condimentos, etc)",28010375.0,223243965.0,1890714.0,253145054.0,23,0.1106495053227467,ALTA,2026-08,DADO_CALCULADO_SOBRE_DADOS_OFICIAIS
2026-08,Preparações de Carne,129911631.0,115898245.0,0.0,245809876.0,15,0.528504521925718,FORA_DAS_FAIXAS_NT,2026-08,DADO_CALCULADO_SOBRE_DADOS_OFICIAIS
2026-08,"Preparações, Suplementos e Complementos alimentares",14970099.0,181628491.0,497624.0,197096214.0,26,0.07595325499250838,ALTA,2026-08,DADO_CALCULADO_SOBRE_DADOS_OFICIAIS
2026-08,"Produtos Cerâmicos, Porcelana e Refratários",40875547.0,129811508.0,279320.0,170966375.0,59,0.23908529966784403,MEDIA,2026-08,DADO_CALCULADO_SOBRE_DADOS_OFICIAIS
2026-08,"Produtos Editoriais, Impressos e Materiais Gráficos",39725114.0,255199642.0,406539.0,295331295.0,37,0.13451034371416684,ALTA,2026-08,DADO_CALCULADO_SOBRE_DADOS_OFICIAIS
2026-08,Produtos Farmacêuticos,1313034.0,97433003.0,677875.0,99423912.0,47,0.013206420604331078,CRITICA,2026-08,DADO_CALCULADO_SOBRE_DADOS_OFICIAIS
2026-08,Produtos Fotográficos,254872.0,6778331.0,0.0,7033203.0,54,0.03623839664517006,CRITICA,2026-08,DADO_CALCULADO_SOBRE_DADOS_OFICIAIS
2026-08,"Produtos Minerais: Pedra, Cimento, Gesso, Amianto e Abrasivos",185622078.0,145918461.0,4110519.0,335651058.0,69,0.5530209828803817,FORA_DAS_FAIXAS_NT,2026-08,DADO_CALCULADO_SOBRE_DADOS_OFICIAIS
2026-08,Produtos Químicos Diversos,133004925.0,1224976309.0,85326363.0,1443307597.0,251,0.09215286143886348,ALTA,2026-08,DADO_CALCULADO_SOBRE_DADOS_OFICIAIS
2026-08,Produtos de Origem Animal (Não Alimentares),24024107.0,13895497.0,0.0,37919604.0,29,0.6335537417532103,FORA_DAS_FAIXAS_NT,2026-08,DADO_CALCULADO_SOBRE_DADOS_OFICIAIS
2026-08,Químicos Inorgânicos,64348663.0,177182502.0,49907238.0,291438403.0,291,0.22079678703152927,MEDIA,2026-08,DADO_CALCULADO_SOBRE_DADOS_OFICIAIS
2026-08,Químicos Orgânicos,43164029.0,188152013.0,70162386.0,301478428.0,839,0.1431745192727355,ALTA,2026-08,DADO_CALCULADO_SOBRE_DADOS_OFICIAIS
2026-08,Resíduos para Alimentação Animal,718565168.0,354452823.0,813207.0,1073831198.0,38,0.6691602640511102,FORA_DAS_FAIXAS_NT,2026-08,DADO_CALCULADO_SOBRE_DADOS_OFICIAIS
2026-08,"Sabões e Preparações de Limpeza, Ceras e Pastas",107976249.0,303872070.0,22816971.0,434665290.0,57,0.248412402563821,MEDIA,2026-08,DADO_CALCULADO_SOBRE_DADOS_OFICIAIS
2026-08,Siderurgia – Ferro e Aço,576023691.0,949678840.0,30469654.0,1556172185.0,206,0.3701542133655345,FORA_DAS_FAIXAS_NT,2026-08,DADO_CALCULADO_SOBRE_DADOS_OFICIAIS
2026-08,"Soja, Oleaginosas e Sementes",6615309.0,189051708.0,159003.0,195826020.0,39,0.03378156283827859,CRITICA,2026-08,DADO_CALCULADO_SOBRE_DADOS_OFICIAIS
2026-08,Sucos e Bebidas à Base de Frutas/Vegetais,30136530.0,14762999.0,0.0,44899529.0,24,0.6711992457649166,FORA_DAS_FAIXAS_NT,2026-08,DADO_CALCULADO_SOBRE_DADOS_OFICIAIS
2026-08,Tabaco e Sucedâneos,140861398.0,227982974.0,30206044.0,399050416.0,26,0.35299148266017594,FORA_DAS_FAIXAS_NT,2026-08,DADO_CALCULADO_SOBRE_DADOS_OFICIAIS
2026-08,Tecidos Impregnados/Revestidos/Laminados,24321176.0,40892917.0,7813043.0,73027136.0,28,0.33304299377152075,FORA_DAS_FAIXAS_NT,2026-08,DADO_CALCULADO_SOBRE_DADOS_OFICIAIS
2026-08,Tecidos Sintéticos (Inclusive Malhas),17275060.0,60690251.0,1519406.0,79484717.0,80,0.2173381330652533,MEDIA,2026-08,DADO_CALCULADO_SOBRE_DADOS_OFICIAIS
2026-08,"Tintas, Pigmentos e Corantes",102262323.0,231554348.0,22408561.0,356225232.0,96,0.2870720931974858,MEDIA,2026-08,DADO_CALCULADO_SOBRE_DADOS_OFICIAIS
2026-08,Toucinho e Gorduras Não Fundidas,2466984.0,3744098.0,0.0,6211082.0,5,0.3971906988186599,FORA_DAS_FAIXAS_NT,2026-08,DADO_CALCULADO_SOBRE_DADOS_OFICIAIS
2026-08,Tratores,2178783.0,430200140.0,0.0,432378923.0,13,0.00503905922352279,CRITICA,2026-08,DADO_CALCULADO_SOBRE_DADOS_OFICIAIS
2026-08,"Têxteis Naturais (Algodão, Lã, Seda e Afins)",53266075.0,225902283.0,4865628.0,284033986.0,328,0.18753416008463156,MEDIA,2026-08,DADO_CALCULADO_SOBRE_DADOS_OFICIAIS
2026-08,Vacinas e Soros,1147337.0,766170648.0,290515.0,767608500.0,42,0.0014946903271654756,CRITICA,2026-08,DADO_CALCULADO_SOBRE_DADOS_OFICIAIS
2026-08,Vestuário Tecido (Plano),47983414.0,359489044.0,1799764.0,409272222.0,115,0.11724082754876045,ALTA,2026-08,DADO_CALCULADO_SOBRE_DADOS_OFICIAIS
2026-08,Vestuário de Malha,77786996.0,479251910.0,1180138.0,558219044.0,136,0.13934851710290272,ALTA,2026-08,DADO_CALCULADO_SOBRE_DADOS_OFICIAIS
2026-08,Veículos Comerciais (Caminhões e Carga) e Ônibus,252794808.0,502460151.0,23541366.0,778796325.0,47,0.3245968167607879,FORA_DAS_FAIXAS_NT,2026-08,DADO_CALCULADO_SOBRE_DADOS_OFICIAIS
2026-08,Veículos Leves e de Passageiros,0.0,1190325230.0,0.0,1190325230.0,21,0.0,CRITICA,2026-08,DADO_CALCULADO_SOBRE_DADOS_OFICIAIS
2026-08,Vidro e Suas Obras,95305779.0,169977361.0,13493842.0,278776982.0,90,0.34187104801930884,FORA_DAS_FAIXAS_NT,2026-08,DADO_CALCULADO_SOBRE_DADOS_OFICIAIS
2026-08,Óleos Brutos de Petróleo,0.0,531999.0,0.0,531999.0,2,0.0,CRITICA,2026-08,DADO_CALCULADO_SOBRE_DADOS_OFICIAIS
2026-08,Óleos e Gorduras Vegetais/animais,203588755.0,233310413.0,5018537.0,441917705.0,64,0.46069381854705277,FORA_DAS_FAIXAS_NT,2026-08,DADO_CALCULADO_SOBRE_DADOS_OFICIAIS
2026-08,"Óptica, Instrumentos e Aparelhos de Precisão",29539158.0,207502645.0,74476486.0,311518289.0,254,0.09482319030071458,ALTA,2026-08,DADO_CALCULADO_SOBRE_DADOS_OFICIAIS
