period,emit_setor,int_rs,ouf,ext,demanda_rs,n_ncm,part_rs,dependencia_nt,taxonomy_snapshot,additivity_rule,natureza
2024-07,ALIMENTOS,1507851853.0,1430730998.0,56156865.0,2994739716.0,81,0.5035001355690439,FORA_DAS_FAIXAS_NT,2026-08,NAO_ADITIVO_ENTRE_SETORES_PORTFOLIO,DADO_CALCULADO_SOBRE_DADOS_OFICIAIS
2024-07,ARROZ,247543987.0,26676819.0,260902867.0,535123673.0,4,0.4625921062550339,FORA_DAS_FAIXAS_NT,2026-08,NAO_ADITIVO_ENTRE_SETORES_PORTFOLIO,DADO_CALCULADO_SOBRE_DADOS_OFICIAIS
2024-07,ARTEFATOS DOMÉSTICOS E FERRAMENTAS,483822849.0,789526802.0,91473215.0,1364822866.0,74,0.35449497590700535,FORA_DAS_FAIXAS_NT,2026-08,NAO_ADITIVO_ENTRE_SETORES_PORTFOLIO,DADO_CALCULADO_SOBRE_DADOS_OFICIAIS
2024-07,AVES,269179166.0,81780079.0,0.0,350959245.0,10,0.7669812658731928,FORA_DAS_FAIXAS_NT,2026-08,NAO_ADITIVO_ENTRE_SETORES_PORTFOLIO,DADO_CALCULADO_SOBRE_DADOS_OFICIAIS
2024-07,BIODIESEL,701011275.0,8836908.0,0.0,709848183.0,2,0.9875509887724824,FORA_DAS_FAIXAS_NT,2026-08,NAO_ADITIVO_ENTRE_SETORES_PORTFOLIO,DADO_CALCULADO_SOBRE_DADOS_OFICIAIS
2024-07,BOVINOS,603990321.0,466517957.0,3403570.0,1073911848.0,6,0.5624207630494453,FORA_DAS_FAIXAS_NT,2026-08,NAO_ADITIVO_ENTRE_SETORES_PORTFOLIO,DADO_CALCULADO_SOBRE_DADOS_OFICIAIS
2024-07,CALÇADOS E ARTEFATOS,444447846.0,234635760.0,7353035.0,686436641.0,14,0.6474710402296255,FORA_DAS_FAIXAS_NT,2026-08,NAO_ADITIVO_ENTRE_SETORES_PORTFOLIO,DADO_CALCULADO_SOBRE_DADOS_OFICIAIS
2024-07,CERVEJA E CHOPP,124403874.0,117631541.0,3644876.0,245680291.0,2,0.5063648919237075,FORA_DAS_FAIXAS_NT,2026-08,NAO_ADITIVO_ENTRE_SETORES_PORTFOLIO,DADO_CALCULADO_SOBRE_DADOS_OFICIAIS
2024-07,CHÁ E MATE,39821443.0,34319276.0,0.0,74140719.0,3,0.537106242522412,FORA_DAS_FAIXAS_NT,2026-08,NAO_ADITIVO_ENTRE_SETORES_PORTFOLIO,DADO_CALCULADO_SOBRE_DADOS_OFICIAIS
2024-07,CIMENTO,255105784.0,127279327.0,338424.0,382723535.0,8,0.6665536886828766,FORA_DAS_FAIXAS_NT,2026-08,NAO_ADITIVO_ENTRE_SETORES_PORTFOLIO,DADO_CALCULADO_SOBRE_DADOS_OFICIAIS
2024-07,COMBUSTÍVEIS E DERIVADOS,156726413.0,27479952.0,0.0,184206365.0,4,0.850819747732387,FORA_DAS_FAIXAS_NT,2026-08,NAO_ADITIVO_ENTRE_SETORES_PORTFOLIO,DADO_CALCULADO_SOBRE_DADOS_OFICIAIS
2024-07,COSMÉTICOS,83590205.0,730951997.0,897679.0,815439881.0,17,0.10250934121285638,ALTA,2026-08,NAO_ADITIVO_ENTRE_SETORES_PORTFOLIO,DADO_CALCULADO_SOBRE_DADOS_OFICIAIS
2024-07,CURTIMENTO DE COURO,109356680.0,62824500.0,8513840.0,180695020.0,15,0.6052002982705335,FORA_DAS_FAIXAS_NT,2026-08,NAO_ADITIVO_ENTRE_SETORES_PORTFOLIO,DADO_CALCULADO_SOBRE_DADOS_OFICIAIS
2024-07,DEFENSIVOS AGRÍCOLAS,86104538.0,692178347.0,65006107.0,843288992.0,7,0.10210561126357025,ALTA,2026-08,NAO_ADITIVO_ENTRE_SETORES_PORTFOLIO,DADO_CALCULADO_SOBRE_DADOS_OFICIAIS
2024-07,DESTILADOS,223945978.0,124901639.0,36187367.0,385034984.0,8,0.5816250141052118,FORA_DAS_FAIXAS_NT,2026-08,NAO_ADITIVO_ENTRE_SETORES_PORTFOLIO,DADO_CALCULADO_SOBRE_DADOS_OFICIAIS
2024-07,ELETROELETRÔNICO,894355922.0,1660823976.0,261656509.0,2816836407.0,135,0.31750367887090436,FORA_DAS_FAIXAS_NT,2026-08,NAO_ADITIVO_ENTRE_SETORES_PORTFOLIO,DADO_CALCULADO_SOBRE_DADOS_OFICIAIS
2024-07,EMBALAGENS,510970195.0,500776489.0,10777323.0,1022524007.0,23,0.4997146194143097,FORA_DAS_FAIXAS_NT,2026-08,NAO_ADITIVO_ENTRE_SETORES_PORTFOLIO,DADO_CALCULADO_SOBRE_DADOS_OFICIAIS
2024-07,FERTILIZANTES,1053009543.0,85678086.0,1611621527.0,2750309156.0,9,0.3828695187603848,FORA_DAS_FAIXAS_NT,2026-08,NAO_ADITIVO_ENTRE_SETORES_PORTFOLIO,DADO_CALCULADO_SOBRE_DADOS_OFICIAIS
2024-07,LEITE,420365894.0,261640020.0,0.0,682005914.0,14,0.6163669337330703,FORA_DAS_FAIXAS_NT,2026-08,NAO_ADITIVO_ENTRE_SETORES_PORTFOLIO,DADO_CALCULADO_SOBRE_DADOS_OFICIAIS
2024-07,MADEIRAS,453339411.0,328559139.0,4345791.0,786244341.0,35,0.57658845648849,FORA_DAS_FAIXAS_NT,2026-08,NAO_ADITIVO_ENTRE_SETORES_PORTFOLIO,DADO_CALCULADO_SOBRE_DADOS_OFICIAIS
2024-07,MEDICAMENTOS,27077509.0,805335979.0,181404.0,832594892.0,19,0.03252182935563818,CRITICA,2026-08,NAO_ADITIVO_ENTRE_SETORES_PORTFOLIO,DADO_CALCULADO_SOBRE_DADOS_OFICIAIS
2024-07,METALURGIA,2075070370.0,2085504390.0,222325270.0,4382900030.0,130,0.47344688580542416,FORA_DAS_FAIXAS_NT,2026-08,NAO_ADITIVO_ENTRE_SETORES_PORTFOLIO,DADO_CALCULADO_SOBRE_DADOS_OFICIAIS
2024-07,MÁQUINAS E EQUIPAMENTOS,1841595041.0,2128890342.0,316890986.0,4287376369.0,209,0.4295389260237815,FORA_DAS_FAIXAS_NT,2026-08,NAO_ADITIVO_ENTRE_SETORES_PORTFOLIO,DADO_CALCULADO_SOBRE_DADOS_OFICIAIS
2024-07,MÓVEIS,553626244.0,389823189.0,9681742.0,953131175.0,20,0.580850001050485,FORA_DAS_FAIXAS_NT,2026-08,NAO_ADITIVO_ENTRE_SETORES_PORTFOLIO,DADO_CALCULADO_SOBRE_DADOS_OFICIAIS
2024-07,OUTRAS BEBIDAS,179033180.0,71657005.0,8130071.0,258820256.0,2,0.6917278530162647,FORA_DAS_FAIXAS_NT,2026-08,NAO_ADITIVO_ENTRE_SETORES_PORTFOLIO,DADO_CALCULADO_SOBRE_DADOS_OFICIAIS
2024-07,OUTRAS INDÚSTRIAS,1333923295.0,928621084.0,84590503.0,2347134882.0,80,0.5683198290945087,FORA_DAS_FAIXAS_NT,2026-08,NAO_ADITIVO_ENTRE_SETORES_PORTFOLIO,DADO_CALCULADO_SOBRE_DADOS_OFICIAIS
2024-07,OUTROS AGRO,692952988.0,99054030.0,11889794.0,803896812.0,14,0.8619924568129771,FORA_DAS_FAIXAS_NT,2026-08,NAO_ADITIVO_ENTRE_SETORES_PORTFOLIO,DADO_CALCULADO_SOBRE_DADOS_OFICIAIS
2024-07,OUTROS METAL MECÂN.,2430110121.0,2401607004.0,349642212.0,5181359337.0,185,0.46901015022189724,FORA_DAS_FAIXAS_NT,2026-08,NAO_ADITIVO_ENTRE_SETORES_PORTFOLIO,DADO_CALCULADO_SOBRE_DADOS_OFICIAIS
2024-07,OUTROS PRODUTOS DE PAPEL,416688586.0,613664817.0,2685130.0,1033038533.0,30,0.40336209414174873,FORA_DAS_FAIXAS_NT,2026-08,NAO_ADITIVO_ENTRE_SETORES_PORTFOLIO,DADO_CALCULADO_SOBRE_DADOS_OFICIAIS
2024-07,OUTROS QUÍMICOS,751247749.0,1401190733.0,372709180.0,2525147662.0,136,0.29750646281215376,MEDIA,2026-08,NAO_ADITIVO_ENTRE_SETORES_PORTFOLIO,DADO_CALCULADO_SOBRE_DADOS_OFICIAIS
2024-07,PEÇAS E ACESSÓRIOS PARA VEÍCULOS,899963703.0,951544299.0,226158119.0,2077666121.0,47,0.4331608885102478,FORA_DAS_FAIXAS_NT,2026-08,NAO_ADITIVO_ENTRE_SETORES_PORTFOLIO,DADO_CALCULADO_SOBRE_DADOS_OFICIAIS
2024-07,PLÁSTICOS,1768427141.0,1816447568.0,254253868.0,3839128577.0,115,0.46063243403582416,FORA_DAS_FAIXAS_NT,2026-08,NAO_ADITIVO_ENTRE_SETORES_PORTFOLIO,DADO_CALCULADO_SOBRE_DADOS_OFICIAIS
2024-07,PNEUMÁTICOS E BORRACHA,309913405.0,576380736.0,72856805.0,959150946.0,23,0.32311223409876094,FORA_DAS_FAIXAS_NT,2026-08,NAO_ADITIVO_ENTRE_SETORES_PORTFOLIO,DADO_CALCULADO_SOBRE_DADOS_OFICIAIS
2024-07,PRODUTOS DE LIMPEZA,120409362.0,279326669.0,5125128.0,404861159.0,19,0.2974090236203666,MEDIA,2026-08,NAO_ADITIVO_ENTRE_SETORES_PORTFOLIO,DADO_CALCULADO_SOBRE_DADOS_OFICIAIS
2024-07,RAÇÃO ANIMAL,731362614.0,469423999.0,1320074.0,1202106687.0,8,0.6084007533684072,FORA_DAS_FAIXAS_NT,2026-08,NAO_ADITIVO_ENTRE_SETORES_PORTFOLIO,DADO_CALCULADO_SOBRE_DADOS_OFICIAIS
2024-07,REFRIGERANTE,275309865.0,171852220.0,8362946.0,455525031.0,2,0.6043792245524264,FORA_DAS_FAIXAS_NT,2026-08,NAO_ADITIVO_ENTRE_SETORES_PORTFOLIO,DADO_CALCULADO_SOBRE_DADOS_OFICIAIS
2024-07,SUCOS E REFRESCOS,234686251.0,155355600.0,8130071.0,398171922.0,13,0.5894093431329395,FORA_DAS_FAIXAS_NT,2026-08,NAO_ADITIVO_ENTRE_SETORES_PORTFOLIO,DADO_CALCULADO_SOBRE_DADOS_OFICIAIS
2024-07,SUINOS,255832373.0,130270577.0,0.0,386102950.0,10,0.6626014460650974,FORA_DAS_FAIXAS_NT,2026-08,NAO_ADITIVO_ENTRE_SETORES_PORTFOLIO,DADO_CALCULADO_SOBRE_DADOS_OFICIAIS
2024-07,TABACOS,62698272.0,97815534.0,47499100.0,208012906.0,4,0.30141529776041875,FORA_DAS_FAIXAS_NT,2026-08,NAO_ADITIVO_ENTRE_SETORES_PORTFOLIO,DADO_CALCULADO_SOBRE_DADOS_OFICIAIS
2024-07,TINTAS E SOLVENTES,258867327.0,377291315.0,41724513.0,677883155.0,41,0.38187602847278307,FORA_DAS_FAIXAS_NT,2026-08,NAO_ADITIVO_ENTRE_SETORES_PORTFOLIO,DADO_CALCULADO_SOBRE_DADOS_OFICIAIS
2024-07,TRATORES,194098490.0,217647678.0,83757875.0,495504043.0,7,0.3917192861330498,FORA_DAS_FAIXAS_NT,2026-08,NAO_ADITIVO_ENTRE_SETORES_PORTFOLIO,DADO_CALCULADO_SOBRE_DADOS_OFICIAIS
2024-07,TRIGO,248104891.0,138002945.0,12641136.0,398748972.0,7,0.622208227285411,FORA_DAS_FAIXAS_NT,2026-08,NAO_ADITIVO_ENTRE_SETORES_PORTFOLIO,DADO_CALCULADO_SOBRE_DADOS_OFICIAIS
2024-07,TÊXTIL,885861899.0,1118787132.0,79293923.0,2083942954.0,138,0.42508932276655786,FORA_DAS_FAIXAS_NT,2026-08,NAO_ADITIVO_ENTRE_SETORES_PORTFOLIO,DADO_CALCULADO_SOBRE_DADOS_OFICIAIS
2024-07,VESTUÁRIO,352814670.0,792201732.0,16248440.0,1161264842.0,120,0.303819298784902,FORA_DAS_FAIXAS_NT,2026-08,NAO_ADITIVO_ENTRE_SETORES_PORTFOLIO,DADO_CALCULADO_SOBRE_DADOS_OFICIAIS
2024-07,VEÍCULOS,362855995.0,813016718.0,30479542.0,1206352255.0,8,0.30078776202892743,FORA_DAS_FAIXAS_NT,2026-08,NAO_ADITIVO_ENTRE_SETORES_PORTFOLIO,DADO_CALCULADO_SOBRE_DADOS_OFICIAIS
2024-07,VIDRO,93235658.0,109037037.0,8007856.0,210280551.0,12,0.4433869778094694,FORA_DAS_FAIXAS_NT,2026-08,NAO_ADITIVO_ENTRE_SETORES_PORTFOLIO,DADO_CALCULADO_SOBRE_DADOS_OFICIAIS
2024-07,VINHO,156528767.0,37027245.0,27306786.0,220862798.0,6,0.7087149507179565,FORA_DAS_FAIXAS_NT,2026-08,NAO_ADITIVO_ENTRE_SETORES_PORTFOLIO,DADO_CALCULADO_SOBRE_DADOS_OFICIAIS
2024-07,ÓLEOS VEGETAIS,802220166.0,20940752.0,0.0,823160918.0,3,0.9745605609521903,FORA_DAS_FAIXAS_NT,2026-08,NAO_ADITIVO_ENTRE_SETORES_PORTFOLIO,DADO_CALCULADO_SOBRE_DADOS_OFICIAIS
2024-08,ALIMENTOS,1490452810.0,1386646812.0,81716476.0,2958816098.0,81,0.5037328311845625,FORA_DAS_FAIXAS_NT,2026-08,NAO_ADITIVO_ENTRE_SETORES_PORTFOLIO,DADO_CALCULADO_SOBRE_DADOS_OFICIAIS
2024-08,ARROZ,222805469.0,25227009.0,150127582.0,398160060.0,4,0.5595876919447923,FORA_DAS_FAIXAS_NT,2026-08,NAO_ADITIVO_ENTRE_SETORES_PORTFOLIO,DADO_CALCULADO_SOBRE_DADOS_OFICIAIS
2024-08,ARTEFATOS DOMÉSTICOS E FERRAMENTAS,492656195.0,743818804.0,88106692.0,1324581691.0,74,0.37193341743087704,FORA_DAS_FAIXAS_NT,2026-08,NAO_ADITIVO_ENTRE_SETORES_PORTFOLIO,DADO_CALCULADO_SOBRE_DADOS_OFICIAIS
2024-08,AVES,417028157.0,214198963.0,0.0,631227120.0,17,0.6606626106305445,FORA_DAS_FAIXAS_NT,2026-08,NAO_ADITIVO_ENTRE_SETORES_PORTFOLIO,DADO_CALCULADO_SOBRE_DADOS_OFICIAIS
2024-08,BIODIESEL,710195605.0,13284733.0,0.0,723480338.0,2,0.9816377414806814,FORA_DAS_FAIXAS_NT,2026-08,NAO_ADITIVO_ENTRE_SETORES_PORTFOLIO,DADO_CALCULADO_SOBRE_DADOS_OFICIAIS
2024-08,BOVINOS,605647051.0,404879384.0,0.0,1010526435.0,6,0.5993381568489101,FORA_DAS_FAIXAS_NT,2026-08,NAO_ADITIVO_ENTRE_SETORES_PORTFOLIO,DADO_CALCULADO_SOBRE_DADOS_OFICIAIS
2024-08,CALÇADOS E ARTEFATOS,485537756.0,268254392.0,4313248.0,758105396.0,14,0.6404620763311385,FORA_DAS_FAIXAS_NT,2026-08,NAO_ADITIVO_ENTRE_SETORES_PORTFOLIO,DADO_CALCULADO_SOBRE_DADOS_OFICIAIS
2024-08,CERVEJA E CHOPP,175238162.0,184278767.0,3651234.0,363168163.0,2,0.48252622298282244,FORA_DAS_FAIXAS_NT,2026-08,NAO_ADITIVO_ENTRE_SETORES_PORTFOLIO,DADO_CALCULADO_SOBRE_DADOS_OFICIAIS
2024-08,CHÁ E MATE,34310696.0,33422684.0,0.0,67733380.0,3,0.5065552021765339,FORA_DAS_FAIXAS_NT,2026-08,NAO_ADITIVO_ENTRE_SETORES_PORTFOLIO,DADO_CALCULADO_SOBRE_DADOS_OFICIAIS
2024-08,CIMENTO,255389343.0,132953479.0,115440.0,388458262.0,8,0.6574434578508206,FORA_DAS_FAIXAS_NT,2026-08,NAO_ADITIVO_ENTRE_SETORES_PORTFOLIO,DADO_CALCULADO_SOBRE_DADOS_OFICIAIS
2024-08,COMBUSTÍVEIS E DERIVADOS,171904075.0,12012941.0,0.0,183917016.0,4,0.9346828191253386,FORA_DAS_FAIXAS_NT,2026-08,NAO_ADITIVO_ENTRE_SETORES_PORTFOLIO,DADO_CALCULADO_SOBRE_DADOS_OFICIAIS
2024-08,COSMÉTICOS,91549701.0,728605372.0,1693186.0,821848259.0,17,0.11139489558741038,ALTA,2026-08,NAO_ADITIVO_ENTRE_SETORES_PORTFOLIO,DADO_CALCULADO_SOBRE_DADOS_OFICIAIS
2024-08,CURTIMENTO DE COURO,101203843.0,60974582.0,4319431.0,166497856.0,15,0.6078387159531952,FORA_DAS_FAIXAS_NT,2026-08,NAO_ADITIVO_ENTRE_SETORES_PORTFOLIO,DADO_CALCULADO_SOBRE_DADOS_OFICIAIS
2024-08,DEFENSIVOS AGRÍCOLAS,62956760.0,733920562.0,45902735.0,842780057.0,7,0.07470129303261384,ALTA,2026-08,NAO_ADITIVO_ENTRE_SETORES_PORTFOLIO,DADO_CALCULADO_SOBRE_DADOS_OFICIAIS
2024-08,DESTILADOS,218134233.0,119780319.0,54035050.0,391949602.0,8,0.5565364319466767,FORA_DAS_FAIXAS_NT,2026-08,NAO_ADITIVO_ENTRE_SETORES_PORTFOLIO,DADO_CALCULADO_SOBRE_DADOS_OFICIAIS
2024-08,ELETROELETRÔNICO,907035881.0,1721057445.0,296616513.0,2924709839.0,135,0.31012850194743713,FORA_DAS_FAIXAS_NT,2026-08,NAO_ADITIVO_ENTRE_SETORES_PORTFOLIO,DADO_CALCULADO_SOBRE_DADOS_OFICIAIS
2024-08,EMBALAGENS,507932269.0,478925100.0,12230772.0,999088141.0,23,0.5083958543353384,FORA_DAS_FAIXAS_NT,2026-08,NAO_ADITIVO_ENTRE_SETORES_PORTFOLIO,DADO_CALCULADO_SOBRE_DADOS_OFICIAIS
2024-08,FERTILIZANTES,1495915806.0,99221863.0,1435715415.0,3030853084.0,9,0.4935626256175207,FORA_DAS_FAIXAS_NT,2026-08,NAO_ADITIVO_ENTRE_SETORES_PORTFOLIO,DADO_CALCULADO_SOBRE_DADOS_OFICIAIS
2024-08,LEITE,402041431.0,275365309.0,1862744.0,679269484.0,14,0.5918732409889916,FORA_DAS_FAIXAS_NT,2026-08,NAO_ADITIVO_ENTRE_SETORES_PORTFOLIO,DADO_CALCULADO_SOBRE_DADOS_OFICIAIS
2024-08,MADEIRAS,446734720.0,350253410.0,6795498.0,803783628.0,35,0.5557897728168208,FORA_DAS_FAIXAS_NT,2026-08,NAO_ADITIVO_ENTRE_SETORES_PORTFOLIO,DADO_CALCULADO_SOBRE_DADOS_OFICIAIS
2024-08,MEDICAMENTOS,33605864.0,824565105.0,209609.0,858380578.0,19,0.039150307988445654,CRITICA,2026-08,NAO_ADITIVO_ENTRE_SETORES_PORTFOLIO,DADO_CALCULADO_SOBRE_DADOS_OFICIAIS
2024-08,METALURGIA,2110000556.0,2192076908.0,257756917.0,4559834381.0,130,0.46273622673489817,FORA_DAS_FAIXAS_NT,2026-08,NAO_ADITIVO_ENTRE_SETORES_PORTFOLIO,DADO_CALCULADO_SOBRE_DADOS_OFICIAIS
2024-08,MÁQUINAS E EQUIPAMENTOS,1949655903.0,2373594055.0,369453169.0,4692703127.0,208,0.4154654258400523,FORA_DAS_FAIXAS_NT,2026-08,NAO_ADITIVO_ENTRE_SETORES_PORTFOLIO,DADO_CALCULADO_SOBRE_DADOS_OFICIAIS
2024-08,MÓVEIS,508005578.0,385877743.0,8690691.0,902574012.0,20,0.5628409097158893,FORA_DAS_FAIXAS_NT,2026-08,NAO_ADITIVO_ENTRE_SETORES_PORTFOLIO,DADO_CALCULADO_SOBRE_DADOS_OFICIAIS
2024-08,OUTRAS BEBIDAS,204710668.0,80997697.0,36589961.0,322298326.0,2,0.6351589551848928,FORA_DAS_FAIXAS_NT,2026-08,NAO_ADITIVO_ENTRE_SETORES_PORTFOLIO,DADO_CALCULADO_SOBRE_DADOS_OFICIAIS
2024-08,OUTRAS INDÚSTRIAS,1416128452.0,969085837.0,83638937.0,2468853226.0,80,0.5735976675674603,FORA_DAS_FAIXAS_NT,2026-08,NAO_ADITIVO_ENTRE_SETORES_PORTFOLIO,DADO_CALCULADO_SOBRE_DADOS_OFICIAIS
2024-08,OUTROS AGRO,662108700.0,73646551.0,42458316.0,778213567.0,13,0.8508059073711831,FORA_DAS_FAIXAS_NT,2026-08,NAO_ADITIVO_ENTRE_SETORES_PORTFOLIO,DADO_CALCULADO_SOBRE_DADOS_OFICIAIS
2024-08,OUTROS METAL MECÂN.,2460316943.0,2483574231.0,375619593.0,5319510767.0,184,0.46250812354075266,FORA_DAS_FAIXAS_NT,2026-08,NAO_ADITIVO_ENTRE_SETORES_PORTFOLIO,DADO_CALCULADO_SOBRE_DADOS_OFICIAIS
2024-08,OUTROS PRODUTOS DE PAPEL,424893858.0,584324631.0,1205056.0,1010423545.0,30,0.4205106463547423,FORA_DAS_FAIXAS_NT,2026-08,NAO_ADITIVO_ENTRE_SETORES_PORTFOLIO,DADO_CALCULADO_SOBRE_DADOS_OFICIAIS
2024-08,OUTROS QUÍMICOS,673429785.0,1495039905.0,331308470.0,2499778160.0,136,0.2693958191074043,MEDIA,2026-08,NAO_ADITIVO_ENTRE_SETORES_PORTFOLIO,DADO_CALCULADO_SOBRE_DADOS_OFICIAIS
2024-08,PEÇAS E ACESSÓRIOS PARA VEÍCULOS,914940649.0,995329029.0,247148065.0,2157417743.0,47,0.424090629628237,FORA_DAS_FAIXAS_NT,2026-08,NAO_ADITIVO_ENTRE_SETORES_PORTFOLIO,DADO_CALCULADO_SOBRE_DADOS_OFICIAIS
2024-08,PLÁSTICOS,1778375719.0,1875479370.0,280754961.0,3934610050.0,115,0.45198271147607116,FORA_DAS_FAIXAS_NT,2026-08,NAO_ADITIVO_ENTRE_SETORES_PORTFOLIO,DADO_CALCULADO_SOBRE_DADOS_OFICIAIS
2024-08,PNEUMÁTICOS E BORRACHA,305054661.0,556146602.0,81999893.0,943201156.0,23,0.3234248167100423,FORA_DAS_FAIXAS_NT,2026-08,NAO_ADITIVO_ENTRE_SETORES_PORTFOLIO,DADO_CALCULADO_SOBRE_DADOS_OFICIAIS
2024-08,PRODUTOS DE LIMPEZA,125998379.0,257765019.0,5072591.0,388835989.0,19,0.3240399103077879,FORA_DAS_FAIXAS_NT,2026-08,NAO_ADITIVO_ENTRE_SETORES_PORTFOLIO,DADO_CALCULADO_SOBRE_DADOS_OFICIAIS
2024-08,RAÇÃO ANIMAL,728998738.0,458706505.0,1020039.0,1188725282.0,8,0.6132609014367711,FORA_DAS_FAIXAS_NT,2026-08,NAO_ADITIVO_ENTRE_SETORES_PORTFOLIO,DADO_CALCULADO_SOBRE_DADOS_OFICIAIS
2024-08,REFRIGERANTE,346728818.0,235628345.0,36992384.0,619349547.0,2,0.5598273538415941,FORA_DAS_FAIXAS_NT,2026-08,NAO_ADITIVO_ENTRE_SETORES_PORTFOLIO,DADO_CALCULADO_SOBRE_DADOS_OFICIAIS
2024-08,SUCOS E REFRESCOS,244382491.0,176898703.0,38712783.0,459993977.0,13,0.5312732409972403,FORA_DAS_FAIXAS_NT,2026-08,NAO_ADITIVO_ENTRE_SETORES_PORTFOLIO,DADO_CALCULADO_SOBRE_DADOS_OFICIAIS
2024-08,SUINOS,243003962.0,130057854.0,0.0,373061816.0,10,0.6513772023240245,FORA_DAS_FAIXAS_NT,2026-08,NAO_ADITIVO_ENTRE_SETORES_PORTFOLIO,DADO_CALCULADO_SOBRE_DADOS_OFICIAIS
2024-08,TABACOS,147543009.0,106901474.0,20199692.0,274644175.0,4,0.5372151402810564,FORA_DAS_FAIXAS_NT,2026-08,NAO_ADITIVO_ENTRE_SETORES_PORTFOLIO,DADO_CALCULADO_SOBRE_DADOS_OFICIAIS
2024-08,TINTAS E SOLVENTES,258048086.0,383128161.0,32847566.0,674023813.0,41,0.38284713540232146,FORA_DAS_FAIXAS_NT,2026-08,NAO_ADITIVO_ENTRE_SETORES_PORTFOLIO,DADO_CALCULADO_SOBRE_DADOS_OFICIAIS
2024-08,TRATORES,197530472.0,290987330.0,78881907.0,567399709.0,7,0.34813283980729004,FORA_DAS_FAIXAS_NT,2026-08,NAO_ADITIVO_ENTRE_SETORES_PORTFOLIO,DADO_CALCULADO_SOBRE_DADOS_OFICIAIS
2024-08,TRIGO,235855251.0,129765125.0,7587139.0,373207515.0,7,0.6319681183268777,FORA_DAS_FAIXAS_NT,2026-08,NAO_ADITIVO_ENTRE_SETORES_PORTFOLIO,DADO_CALCULADO_SOBRE_DADOS_OFICIAIS
2024-08,TÊXTIL,884117754.0,1195472207.0,74801643.0,2154391604.0,138,0.41037931653580656,FORA_DAS_FAIXAS_NT,2026-08,NAO_ADITIVO_ENTRE_SETORES_PORTFOLIO,DADO_CALCULADO_SOBRE_DADOS_OFICIAIS
2024-08,VESTUÁRIO,341019399.0,800715173.0,10963148.0,1152697720.0,120,0.2958446026942779,MEDIA,2026-08,NAO_ADITIVO_ENTRE_SETORES_PORTFOLIO,DADO_CALCULADO_SOBRE_DADOS_OFICIAIS
2024-08,VEÍCULOS,341243671.0,885446530.0,30612827.0,1257303028.0,9,0.27140924932219285,MEDIA,2026-08,NAO_ADITIVO_ENTRE_SETORES_PORTFOLIO,DADO_CALCULADO_SOBRE_DADOS_OFICIAIS
2024-08,VIDRO,90040872.0,106296239.0,5445858.0,201782969.0,12,0.4462263215088286,FORA_DAS_FAIXAS_NT,2026-08,NAO_ADITIVO_ENTRE_SETORES_PORTFOLIO,DADO_CALCULADO_SOBRE_DADOS_OFICIAIS
2024-08,VINHO,114710454.0,29405423.0,18621753.0,162737630.0,6,0.7048797134381274,FORA_DAS_FAIXAS_NT,2026-08,NAO_ADITIVO_ENTRE_SETORES_PORTFOLIO,DADO_CALCULADO_SOBRE_DADOS_OFICIAIS
2024-08,ÓLEOS VEGETAIS,775672741.0,17651127.0,35931275.0,829255143.0,3,0.9353849024002978,FORA_DAS_FAIXAS_NT,2026-08,NAO_ADITIVO_ENTRE_SETORES_PORTFOLIO,DADO_CALCULADO_SOBRE_DADOS_OFICIAIS
2024-09,ALIMENTOS,1457776103.0,1253735324.0,79126973.0,2790638400.0,81,0.5223808656112523,FORA_DAS_FAIXAS_NT,2026-08,NAO_ADITIVO_ENTRE_SETORES_PORTFOLIO,DADO_CALCULADO_SOBRE_DADOS_OFICIAIS
2024-09,ARROZ,193478285.0,23467043.0,78501059.0,295446387.0,4,0.654867663011902,FORA_DAS_FAIXAS_NT,2026-08,NAO_ADITIVO_ENTRE_SETORES_PORTFOLIO,DADO_CALCULADO_SOBRE_DADOS_OFICIAIS
2024-09,ARTEFATOS DOMÉSTICOS E FERRAMENTAS,500742809.0,708151536.0,87627386.0,1296521731.0,74,0.3862201435017829,FORA_DAS_FAIXAS_NT,2026-08,NAO_ADITIVO_ENTRE_SETORES_PORTFOLIO,DADO_CALCULADO_SOBRE_DADOS_OFICIAIS
2024-09,AVES,384417243.0,185987351.0,0.0,570404594.0,17,0.6739378452481398,FORA_DAS_FAIXAS_NT,2026-08,NAO_ADITIVO_ENTRE_SETORES_PORTFOLIO,DADO_CALCULADO_SOBRE_DADOS_OFICIAIS
2024-09,BIODIESEL,606130726.0,16600975.0,0.0,622731701.0,2,0.9733416895697751,FORA_DAS_FAIXAS_NT,2026-08,NAO_ADITIVO_ENTRE_SETORES_PORTFOLIO,DADO_CALCULADO_SOBRE_DADOS_OFICIAIS
2024-09,BOVINOS,600515318.0,287691098.0,0.0,888206416.0,6,0.6760988292613279,FORA_DAS_FAIXAS_NT,2026-08,NAO_ADITIVO_ENTRE_SETORES_PORTFOLIO,DADO_CALCULADO_SOBRE_DADOS_OFICIAIS
2024-09,CALÇADOS E ARTEFATOS,470700262.0,279141263.0,3240196.0,753081721.0,14,0.6250321165344019,FORA_DAS_FAIXAS_NT,2026-08,NAO_ADITIVO_ENTRE_SETORES_PORTFOLIO,DADO_CALCULADO_SOBRE_DADOS_OFICIAIS
2024-09,CERVEJA E CHOPP,200392244.0,171993886.0,2794282.0,375180412.0,2,0.5341223517820541,FORA_DAS_FAIXAS_NT,2026-08,NAO_ADITIVO_ENTRE_SETORES_PORTFOLIO,DADO_CALCULADO_SOBRE_DADOS_OFICIAIS
2024-09,CHÁ E MATE,34219340.0,29333794.0,0.0,63553134.0,3,0.5384367040026696,FORA_DAS_FAIXAS_NT,2026-08,NAO_ADITIVO_ENTRE_SETORES_PORTFOLIO,DADO_CALCULADO_SOBRE_DADOS_OFICIAIS
2024-09,CIMENTO,247689631.0,118270680.0,0.0,365960311.0,8,0.6768210200805082,FORA_DAS_FAIXAS_NT,2026-08,NAO_ADITIVO_ENTRE_SETORES_PORTFOLIO,DADO_CALCULADO_SOBRE_DADOS_OFICIAIS
2024-09,COMBUSTÍVEIS E DERIVADOS,139415501.0,19304128.0,0.0,158719629.0,4,0.8783759253872752,FORA_DAS_FAIXAS_NT,2026-08,NAO_ADITIVO_ENTRE_SETORES_PORTFOLIO,DADO_CALCULADO_SOBRE_DADOS_OFICIAIS
2024-09,COSMÉTICOS,79390255.0,761209731.0,339631.0,840939617.0,17,0.09440660589070571,ALTA,2026-08,NAO_ADITIVO_ENTRE_SETORES_PORTFOLIO,DADO_CALCULADO_SOBRE_DADOS_OFICIAIS
2024-09,CURTIMENTO DE COURO,93201857.0,47086734.0,2396268.0,142684859.0,15,0.6532007506136303,FORA_DAS_FAIXAS_NT,2026-08,NAO_ADITIVO_ENTRE_SETORES_PORTFOLIO,DADO_CALCULADO_SOBRE_DADOS_OFICIAIS
2024-09,DEFENSIVOS AGRÍCOLAS,63004007.0,920264789.0,43159276.0,1026428072.0,7,0.06138180425759049,ALTA,2026-08,NAO_ADITIVO_ENTRE_SETORES_PORTFOLIO,DADO_CALCULADO_SOBRE_DADOS_OFICIAIS
2024-09,DESTILADOS,214407598.0,116207668.0,14452362.0,345067628.0,8,0.6213494996406908,FORA_DAS_FAIXAS_NT,2026-08,NAO_ADITIVO_ENTRE_SETORES_PORTFOLIO,DADO_CALCULADO_SOBRE_DADOS_OFICIAIS
2024-09,ELETROELETRÔNICO,904490117.0,1624205777.0,239862299.0,2768558193.0,135,0.32670077850879403,FORA_DAS_FAIXAS_NT,2026-08,NAO_ADITIVO_ENTRE_SETORES_PORTFOLIO,DADO_CALCULADO_SOBRE_DADOS_OFICIAIS
2024-09,EMBALAGENS,500611968.0,448625776.0,8233547.0,957471291.0,23,0.5228480192624386,FORA_DAS_FAIXAS_NT,2026-08,NAO_ADITIVO_ENTRE_SETORES_PORTFOLIO,DADO_CALCULADO_SOBRE_DADOS_OFICIAIS
2024-09,FERTILIZANTES,1415759024.0,102439326.0,1567834526.0,3086032876.0,9,0.4587634289350325,FORA_DAS_FAIXAS_NT,2026-08,NAO_ADITIVO_ENTRE_SETORES_PORTFOLIO,DADO_CALCULADO_SOBRE_DADOS_OFICIAIS
2024-09,LEITE,420758092.0,271451246.0,3295640.0,695504978.0,14,0.6049677648748619,FORA_DAS_FAIXAS_NT,2026-08,NAO_ADITIVO_ENTRE_SETORES_PORTFOLIO,DADO_CALCULADO_SOBRE_DADOS_OFICIAIS
2024-09,MADEIRAS,417404725.0,319186270.0,6604109.0,743195104.0,35,0.5616354612045453,FORA_DAS_FAIXAS_NT,2026-08,NAO_ADITIVO_ENTRE_SETORES_PORTFOLIO,DADO_CALCULADO_SOBRE_DADOS_OFICIAIS
2024-09,MEDICAMENTOS,26201960.0,856583397.0,1959138.0,884744495.0,19,0.029615284579984868,CRITICA,2026-08,NAO_ADITIVO_ENTRE_SETORES_PORTFOLIO,DADO_CALCULADO_SOBRE_DADOS_OFICIAIS
2024-09,METALURGIA,1967288542.0,1980725261.0,216725172.0,4164738975.0,130,0.47236778914817823,FORA_DAS_FAIXAS_NT,2026-08,NAO_ADITIVO_ENTRE_SETORES_PORTFOLIO,DADO_CALCULADO_SOBRE_DADOS_OFICIAIS
2024-09,MÁQUINAS E EQUIPAMENTOS,1892177383.0,2304568412.0,322654820.0,4519400615.0,209,0.41867883469321515,FORA_DAS_FAIXAS_NT,2026-08,NAO_ADITIVO_ENTRE_SETORES_PORTFOLIO,DADO_CALCULADO_SOBRE_DADOS_OFICIAIS
2024-09,MÓVEIS,460353018.0,325432928.0,12946947.0,798732893.0,20,0.5763541504731795,FORA_DAS_FAIXAS_NT,2026-08,NAO_ADITIVO_ENTRE_SETORES_PORTFOLIO,DADO_CALCULADO_SOBRE_DADOS_OFICIAIS
2024-09,OUTRAS BEBIDAS,204317794.0,69865395.0,0.0,274183189.0,2,0.7451871675473145,FORA_DAS_FAIXAS_NT,2026-08,NAO_ADITIVO_ENTRE_SETORES_PORTFOLIO,DADO_CALCULADO_SOBRE_DADOS_OFICIAIS
2024-09,OUTRAS INDÚSTRIAS,1392678246.0,876360069.0,109345650.0,2378383965.0,80,0.5855565234606683,FORA_DAS_FAIXAS_NT,2026-08,NAO_ADITIVO_ENTRE_SETORES_PORTFOLIO,DADO_CALCULADO_SOBRE_DADOS_OFICIAIS
2024-09,OUTROS AGRO,580837699.0,84768974.0,40562551.0,706169224.0,14,0.8225191345920224,FORA_DAS_FAIXAS_NT,2026-08,NAO_ADITIVO_ENTRE_SETORES_PORTFOLIO,DADO_CALCULADO_SOBRE_DADOS_OFICIAIS
2024-09,OUTROS METAL MECÂN.,2297255074.0,2218942593.0,325032997.0,4841230664.0,185,0.47451882247269844,FORA_DAS_FAIXAS_NT,2026-08,NAO_ADITIVO_ENTRE_SETORES_PORTFOLIO,DADO_CALCULADO_SOBRE_DADOS_OFICIAIS
2024-09,OUTROS PRODUTOS DE PAPEL,395274607.0,584013872.0,1613412.0,980901891.0,30,0.4029705831202236,FORA_DAS_FAIXAS_NT,2026-08,NAO_ADITIVO_ENTRE_SETORES_PORTFOLIO,DADO_CALCULADO_SOBRE_DADOS_OFICIAIS
2024-09,OUTROS QUÍMICOS,646792063.0,1516196818.0,446440566.0,2609429447.0,136,0.24786723540029093,MEDIA,2026-08,NAO_ADITIVO_ENTRE_SETORES_PORTFOLIO,DADO_CALCULADO_SOBRE_DADOS_OFICIAIS
2024-09,PEÇAS E ACESSÓRIOS PARA VEÍCULOS,729737434.0,833797494.0,232390947.0,1795925875.0,47,0.40632937258615975,FORA_DAS_FAIXAS_NT,2026-08,NAO_ADITIVO_ENTRE_SETORES_PORTFOLIO,DADO_CALCULADO_SOBRE_DADOS_OFICIAIS
2024-09,PLÁSTICOS,1603310835.0,1664930929.0,275147461.0,3543389225.0,115,0.45247945771466863,FORA_DAS_FAIXAS_NT,2026-08,NAO_ADITIVO_ENTRE_SETORES_PORTFOLIO,DADO_CALCULADO_SOBRE_DADOS_OFICIAIS
2024-09,PNEUMÁTICOS E BORRACHA,301617758.0,502973923.0,67949975.0,872541656.0,23,0.34567720168537147,FORA_DAS_FAIXAS_NT,2026-08,NAO_ADITIVO_ENTRE_SETORES_PORTFOLIO,DADO_CALCULADO_SOBRE_DADOS_OFICIAIS
2024-09,PRODUTOS DE LIMPEZA,115970692.0,274638466.0,7494668.0,398103826.0,19,0.2913076550035467,MEDIA,2026-08,NAO_ADITIVO_ENTRE_SETORES_PORTFOLIO,DADO_CALCULADO_SOBRE_DADOS_OFICIAIS
2024-09,RAÇÃO ANIMAL,620363293.0,398089724.0,0.0,1018453017.0,8,0.609123133463112,FORA_DAS_FAIXAS_NT,2026-08,NAO_ADITIVO_ENTRE_SETORES_PORTFOLIO,DADO_CALCULADO_SOBRE_DADOS_OFICIAIS
2024-09,REFRIGERANTE,362947723.0,220973088.0,476962.0,584397773.0,2,0.6210628099022547,FORA_DAS_FAIXAS_NT,2026-08,NAO_ADITIVO_ENTRE_SETORES_PORTFOLIO,DADO_CALCULADO_SOBRE_DADOS_OFICIAIS
2024-09,SUCOS E REFRESCOS,248290370.0,172692921.0,3728459.0,424711750.0,13,0.5846091378446676,FORA_DAS_FAIXAS_NT,2026-08,NAO_ADITIVO_ENTRE_SETORES_PORTFOLIO,DADO_CALCULADO_SOBRE_DADOS_OFICIAIS
2024-09,SUINOS,213361092.0,123419733.0,0.0,336780825.0,10,0.6335309974966656,FORA_DAS_FAIXAS_NT,2026-08,NAO_ADITIVO_ENTRE_SETORES_PORTFOLIO,DADO_CALCULADO_SOBRE_DADOS_OFICIAIS
2024-09,TABACOS,64455604.0,117013193.0,15966036.0,197434833.0,4,0.3264652089026256,FORA_DAS_FAIXAS_NT,2026-08,NAO_ADITIVO_ENTRE_SETORES_PORTFOLIO,DADO_CALCULADO_SOBRE_DADOS_OFICIAIS
2024-09,TINTAS E SOLVENTES,242390562.0,341865080.0,37118755.0,621374397.0,41,0.3900877847080011,FORA_DAS_FAIXAS_NT,2026-08,NAO_ADITIVO_ENTRE_SETORES_PORTFOLIO,DADO_CALCULADO_SOBRE_DADOS_OFICIAIS
2024-09,TRATORES,160735575.0,257540006.0,113137069.0,531412650.0,7,0.3024684771805865,FORA_DAS_FAIXAS_NT,2026-08,NAO_ADITIVO_ENTRE_SETORES_PORTFOLIO,DADO_CALCULADO_SOBRE_DADOS_OFICIAIS
2024-09,TRIGO,232187719.0,132035542.0,8045286.0,372268547.0,7,0.6237102781611039,FORA_DAS_FAIXAS_NT,2026-08,NAO_ADITIVO_ENTRE_SETORES_PORTFOLIO,DADO_CALCULADO_SOBRE_DADOS_OFICIAIS
2024-09,TÊXTIL,772589421.0,1088047963.0,80876558.0,1941513942.0,138,0.39793143087303157,FORA_DAS_FAIXAS_NT,2026-08,NAO_ADITIVO_ENTRE_SETORES_PORTFOLIO,DADO_CALCULADO_SOBRE_DADOS_OFICIAIS
2024-09,VESTUÁRIO,331696390.0,831582302.0,10539511.0,1173818203.0,120,0.2825790136430522,MEDIA,2026-08,NAO_ADITIVO_ENTRE_SETORES_PORTFOLIO,DADO_CALCULADO_SOBRE_DADOS_OFICIAIS
2024-09,VEÍCULOS,263636391.0,809752307.0,32900229.0,1106288927.0,9,0.23830699608909672,MEDIA,2026-08,NAO_ADITIVO_ENTRE_SETORES_PORTFOLIO,DADO_CALCULADO_SOBRE_DADOS_OFICIAIS
2024-09,VIDRO,81604787.0,101120893.0,4764306.0,187489986.0,12,0.43524877643331844,FORA_DAS_FAIXAS_NT,2026-08,NAO_ADITIVO_ENTRE_SETORES_PORTFOLIO,DADO_CALCULADO_SOBRE_DADOS_OFICIAIS
2024-09,VINHO,115992200.0,21988515.0,14040872.0,152021587.0,6,0.762998218141217,FORA_DAS_FAIXAS_NT,2026-08,NAO_ADITIVO_ENTRE_SETORES_PORTFOLIO,DADO_CALCULADO_SOBRE_DADOS_OFICIAIS
2024-09,ÓLEOS VEGETAIS,694806050.0,28653354.0,33359077.0,756818481.0,3,0.9180616851242035,FORA_DAS_FAIXAS_NT,2026-08,NAO_ADITIVO_ENTRE_SETORES_PORTFOLIO,DADO_CALCULADO_SOBRE_DADOS_OFICIAIS
2024-10,ALIMENTOS,1697908082.0,1267937918.0,103635879.0,3069481879.0,81,0.5531578777566062,FORA_DAS_FAIXAS_NT,2026-08,NAO_ADITIVO_ENTRE_SETORES_PORTFOLIO,DADO_CALCULADO_SOBRE_DADOS_OFICIAIS
2024-10,ARROZ,277955492.0,13752618.0,93766472.0,385474582.0,4,0.7210734636713348,FORA_DAS_FAIXAS_NT,2026-08,NAO_ADITIVO_ENTRE_SETORES_PORTFOLIO,DADO_CALCULADO_SOBRE_DADOS_OFICIAIS
2024-10,ARTEFATOS DOMÉSTICOS E FERRAMENTAS,559239013.0,784387938.0,104872510.0,1448499461.0,74,0.3860816162222928,FORA_DAS_FAIXAS_NT,2026-08,NAO_ADITIVO_ENTRE_SETORES_PORTFOLIO,DADO_CALCULADO_SOBRE_DADOS_OFICIAIS
2024-10,AVES,469794421.0,216544442.0,0.0,686338863.0,17,0.6844933987076294,FORA_DAS_FAIXAS_NT,2026-08,NAO_ADITIVO_ENTRE_SETORES_PORTFOLIO,DADO_CALCULADO_SOBRE_DADOS_OFICIAIS
2024-10,BIODIESEL,702286197.0,17274715.0,0.0,719560912.0,2,0.9759926995589777,FORA_DAS_FAIXAS_NT,2026-08,NAO_ADITIVO_ENTRE_SETORES_PORTFOLIO,DADO_CALCULADO_SOBRE_DADOS_OFICIAIS
2024-10,BOVINOS,715286798.0,225753998.0,0.0,941040796.0,6,0.7601017947791501,FORA_DAS_FAIXAS_NT,2026-08,NAO_ADITIVO_ENTRE_SETORES_PORTFOLIO,DADO_CALCULADO_SOBRE_DADOS_OFICIAIS
2024-10,CALÇADOS E ARTEFATOS,502491402.0,276652580.0,3705565.0,782849547.0,14,0.6418748071396662,FORA_DAS_FAIXAS_NT,2026-08,NAO_ADITIVO_ENTRE_SETORES_PORTFOLIO,DADO_CALCULADO_SOBRE_DADOS_OFICIAIS
2024-10,CERVEJA E CHOPP,204538120.0,185251378.0,3995313.0,393784811.0,2,0.5194159710746182,FORA_DAS_FAIXAS_NT,2026-08,NAO_ADITIVO_ENTRE_SETORES_PORTFOLIO,DADO_CALCULADO_SOBRE_DADOS_OFICIAIS
2024-10,CHÁ E MATE,35379500.0,35400593.0,0.0,70780093.0,3,0.49985099623986085,FORA_DAS_FAIXAS_NT,2026-08,NAO_ADITIVO_ENTRE_SETORES_PORTFOLIO,DADO_CALCULADO_SOBRE_DADOS_OFICIAIS
2024-10,CIMENTO,283460781.0,130562943.0,0.0,414023724.0,8,0.6846486434675902,FORA_DAS_FAIXAS_NT,2026-08,NAO_ADITIVO_ENTRE_SETORES_PORTFOLIO,DADO_CALCULADO_SOBRE_DADOS_OFICIAIS
2024-10,COMBUSTÍVEIS E DERIVADOS,169369041.0,3599884.0,34313977.0,207282902.0,4,0.8170912282962923,FORA_DAS_FAIXAS_NT,2026-08,NAO_ADITIVO_ENTRE_SETORES_PORTFOLIO,DADO_CALCULADO_SOBRE_DADOS_OFICIAIS
2024-10,COSMÉTICOS,86397895.0,838007878.0,1145968.0,925551741.0,17,0.09334745014541548,ALTA,2026-08,NAO_ADITIVO_ENTRE_SETORES_PORTFOLIO,DADO_CALCULADO_SOBRE_DADOS_OFICIAIS
2024-10,CURTIMENTO DE COURO,105602137.0,58852932.0,5971389.0,170426458.0,15,0.619634640297459,FORA_DAS_FAIXAS_NT,2026-08,NAO_ADITIVO_ENTRE_SETORES_PORTFOLIO,DADO_CALCULADO_SOBRE_DADOS_OFICIAIS
2024-10,DEFENSIVOS AGRÍCOLAS,86478137.0,874886840.0,78036635.0,1039401612.0,6,0.0831999258050025,ALTA,2026-08,NAO_ADITIVO_ENTRE_SETORES_PORTFOLIO,DADO_CALCULADO_SOBRE_DADOS_OFICIAIS
2024-10,DESTILADOS,251601785.0,123533820.0,18198094.0,393333699.0,8,0.6396649604131681,FORA_DAS_FAIXAS_NT,2026-08,NAO_ADITIVO_ENTRE_SETORES_PORTFOLIO,DADO_CALCULADO_SOBRE_DADOS_OFICIAIS
2024-10,ELETROELETRÔNICO,985271882.0,1744218937.0,259528909.0,2989019728.0,135,0.32963043795607894,FORA_DAS_FAIXAS_NT,2026-08,NAO_ADITIVO_ENTRE_SETORES_PORTFOLIO,DADO_CALCULADO_SOBRE_DADOS_OFICIAIS
2024-10,EMBALAGENS,564381102.0,520619912.0,13301115.0,1098302129.0,23,0.5138668924495912,FORA_DAS_FAIXAS_NT,2026-08,NAO_ADITIVO_ENTRE_SETORES_PORTFOLIO,DADO_CALCULADO_SOBRE_DADOS_OFICIAIS
2024-10,FERTILIZANTES,1648298515.0,132741996.0,1211396596.0,2992437107.0,9,0.55082143953644,FORA_DAS_FAIXAS_NT,2026-08,NAO_ADITIVO_ENTRE_SETORES_PORTFOLIO,DADO_CALCULADO_SOBRE_DADOS_OFICIAIS
2024-10,LEITE,468140084.0,293089055.0,6890945.0,768120084.0,14,0.6094621059276977,FORA_DAS_FAIXAS_NT,2026-08,NAO_ADITIVO_ENTRE_SETORES_PORTFOLIO,DADO_CALCULADO_SOBRE_DADOS_OFICIAIS
2024-10,MADEIRAS,489416014.0,337516129.0,6711300.0,833643443.0,35,0.5870807455028468,FORA_DAS_FAIXAS_NT,2026-08,NAO_ADITIVO_ENTRE_SETORES_PORTFOLIO,DADO_CALCULADO_SOBRE_DADOS_OFICIAIS
2024-10,MEDICAMENTOS,29313576.0,819812165.0,895175.0,850020916.0,19,0.03448571140807081,CRITICA,2026-08,NAO_ADITIVO_ENTRE_SETORES_PORTFOLIO,DADO_CALCULADO_SOBRE_DADOS_OFICIAIS
2024-10,METALURGIA,2210643187.0,2179069072.0,256313650.0,4646025909.0,130,0.47581378801992386,FORA_DAS_FAIXAS_NT,2026-08,NAO_ADITIVO_ENTRE_SETORES_PORTFOLIO,DADO_CALCULADO_SOBRE_DADOS_OFICIAIS
2024-10,MÁQUINAS E EQUIPAMENTOS,2095328476.0,2353028609.0,386666276.0,4835023361.0,209,0.4333647057222564,FORA_DAS_FAIXAS_NT,2026-08,NAO_ADITIVO_ENTRE_SETORES_PORTFOLIO,DADO_CALCULADO_SOBRE_DADOS_OFICIAIS
2024-10,MÓVEIS,510588096.0,353638613.0,13302318.0,877529027.0,20,0.5818475290162681,FORA_DAS_FAIXAS_NT,2026-08,NAO_ADITIVO_ENTRE_SETORES_PORTFOLIO,DADO_CALCULADO_SOBRE_DADOS_OFICIAIS
2024-10,OUTRAS BEBIDAS,247999321.0,81164965.0,0.0,329164286.0,2,0.753421107780812,FORA_DAS_FAIXAS_NT,2026-08,NAO_ADITIVO_ENTRE_SETORES_PORTFOLIO,DADO_CALCULADO_SOBRE_DADOS_OFICIAIS
2024-10,OUTRAS INDÚSTRIAS,1488417146.0,931413813.0,89779888.0,2509610847.0,80,0.5930868316811989,FORA_DAS_FAIXAS_NT,2026-08,NAO_ADITIVO_ENTRE_SETORES_PORTFOLIO,DADO_CALCULADO_SOBRE_DADOS_OFICIAIS
2024-10,OUTROS AGRO,625016354.0,68200705.0,55614103.0,748831162.0,14,0.8346559087240549,FORA_DAS_FAIXAS_NT,2026-08,NAO_ADITIVO_ENTRE_SETORES_PORTFOLIO,DADO_CALCULADO_SOBRE_DADOS_OFICIAIS
2024-10,OUTROS METAL MECÂN.,2549512882.0,2455943718.0,350206283.0,5355662883.0,184,0.4760405831540835,FORA_DAS_FAIXAS_NT,2026-08,NAO_ADITIVO_ENTRE_SETORES_PORTFOLIO,DADO_CALCULADO_SOBRE_DADOS_OFICIAIS
2024-10,OUTROS PRODUTOS DE PAPEL,446656065.0,648139569.0,2744271.0,1097539905.0,30,0.40696111637052507,FORA_DAS_FAIXAS_NT,2026-08,NAO_ADITIVO_ENTRE_SETORES_PORTFOLIO,DADO_CALCULADO_SOBRE_DADOS_OFICIAIS
2024-10,OUTROS QUÍMICOS,716093379.0,1664356231.0,148314328.0,2528763938.0,137,0.2831792118826079,MEDIA,2026-08,NAO_ADITIVO_ENTRE_SETORES_PORTFOLIO,DADO_CALCULADO_SOBRE_DADOS_OFICIAIS
2024-10,PEÇAS E ACESSÓRIOS PARA VEÍCULOS,807948777.0,850130281.0,224371915.0,1882450973.0,47,0.4292004352774185,FORA_DAS_FAIXAS_NT,2026-08,NAO_ADITIVO_ENTRE_SETORES_PORTFOLIO,DADO_CALCULADO_SOBRE_DADOS_OFICIAIS
2024-10,PLÁSTICOS,1799482484.0,1820774907.0,288993563.0,3909250954.0,115,0.4603138824226018,FORA_DAS_FAIXAS_NT,2026-08,NAO_ADITIVO_ENTRE_SETORES_PORTFOLIO,DADO_CALCULADO_SOBRE_DADOS_OFICIAIS
2024-10,PNEUMÁTICOS E BORRACHA,333052903.0,522218824.0,97805882.0,953077609.0,23,0.3494499292134771,FORA_DAS_FAIXAS_NT,2026-08,NAO_ADITIVO_ENTRE_SETORES_PORTFOLIO,DADO_CALCULADO_SOBRE_DADOS_OFICIAIS
2024-10,PRODUTOS DE LIMPEZA,122941807.0,280229788.0,7391783.0,410563378.0,19,0.2994465984737684,MEDIA,2026-08,NAO_ADITIVO_ENTRE_SETORES_PORTFOLIO,DADO_CALCULADO_SOBRE_DADOS_OFICIAIS
2024-10,RAÇÃO ANIMAL,672102352.0,395992980.0,698904.0,1068794236.0,8,0.6288416697636456,FORA_DAS_FAIXAS_NT,2026-08,NAO_ADITIVO_ENTRE_SETORES_PORTFOLIO,DADO_CALCULADO_SOBRE_DADOS_OFICIAIS
2024-10,REFRIGERANTE,401924095.0,235156210.0,476087.0,637556392.0,2,0.6304134034938826,FORA_DAS_FAIXAS_NT,2026-08,NAO_ADITIVO_ENTRE_SETORES_PORTFOLIO,DADO_CALCULADO_SOBRE_DADOS_OFICIAIS
2024-10,SUCOS E REFRESCOS,290186433.0,202044703.0,6973651.0,499204787.0,13,0.5812973764612558,FORA_DAS_FAIXAS_NT,2026-08,NAO_ADITIVO_ENTRE_SETORES_PORTFOLIO,DADO_CALCULADO_SOBRE_DADOS_OFICIAIS
2024-10,SUINOS,250399132.0,124203751.0,0.0,374602883.0,10,0.6684388811818087,FORA_DAS_FAIXAS_NT,2026-08,NAO_ADITIVO_ENTRE_SETORES_PORTFOLIO,DADO_CALCULADO_SOBRE_DADOS_OFICIAIS
2024-10,TABACOS,100908926.0,180104660.0,37674725.0,318688311.0,4,0.316638303059694,FORA_DAS_FAIXAS_NT,2026-08,NAO_ADITIVO_ENTRE_SETORES_PORTFOLIO,DADO_CALCULADO_SOBRE_DADOS_OFICIAIS
2024-10,TINTAS E SOLVENTES,271883386.0,388735211.0,35590440.0,696209037.0,41,0.39051975994388016,FORA_DAS_FAIXAS_NT,2026-08,NAO_ADITIVO_ENTRE_SETORES_PORTFOLIO,DADO_CALCULADO_SOBRE_DADOS_OFICIAIS
2024-10,TRATORES,184860153.0,235563183.0,96290576.0,516713912.0,7,0.3577611299151551,FORA_DAS_FAIXAS_NT,2026-08,NAO_ADITIVO_ENTRE_SETORES_PORTFOLIO,DADO_CALCULADO_SOBRE_DADOS_OFICIAIS
2024-10,TRIGO,248347506.0,134383876.0,10219940.0,392951322.0,7,0.6320057780591969,FORA_DAS_FAIXAS_NT,2026-08,NAO_ADITIVO_ENTRE_SETORES_PORTFOLIO,DADO_CALCULADO_SOBRE_DADOS_OFICIAIS
2024-10,TÊXTIL,888906490.0,1151989796.0,79589492.0,2120485778.0,138,0.4191994585497286,FORA_DAS_FAIXAS_NT,2026-08,NAO_ADITIVO_ENTRE_SETORES_PORTFOLIO,DADO_CALCULADO_SOBRE_DADOS_OFICIAIS
2024-10,VESTUÁRIO,380892297.0,874936378.0,8973221.0,1264801896.0,120,0.30114779097389965,FORA_DAS_FAIXAS_NT,2026-08,NAO_ADITIVO_ENTRE_SETORES_PORTFOLIO,DADO_CALCULADO_SOBRE_DADOS_OFICIAIS
2024-10,VEÍCULOS,333641290.0,777873054.0,31041328.0,1142555672.0,9,0.2920131580249159,MEDIA,2026-08,NAO_ADITIVO_ENTRE_SETORES_PORTFOLIO,DADO_CALCULADO_SOBRE_DADOS_OFICIAIS
2024-10,VIDRO,94957266.0,101179788.0,7567435.0,203704489.0,12,0.4661520542141808,FORA_DAS_FAIXAS_NT,2026-08,NAO_ADITIVO_ENTRE_SETORES_PORTFOLIO,DADO_CALCULADO_SOBRE_DADOS_OFICIAIS
2024-10,VINHO,137460746.0,30122950.0,23944049.0,191527745.0,6,0.7177067009273251,FORA_DAS_FAIXAS_NT,2026-08,NAO_ADITIVO_ENTRE_SETORES_PORTFOLIO,DADO_CALCULADO_SOBRE_DADOS_OFICIAIS
2024-10,ÓLEOS VEGETAIS,804645802.0,21607717.0,46933360.0,873186879.0,3,0.921504687429001,FORA_DAS_FAIXAS_NT,2026-08,NAO_ADITIVO_ENTRE_SETORES_PORTFOLIO,DADO_CALCULADO_SOBRE_DADOS_OFICIAIS
2024-11,ALIMENTOS,1617698424.0,1311996654.0,64560602.0,2994255680.0,81,0.5402672974139603,FORA_DAS_FAIXAS_NT,2026-08,NAO_ADITIVO_ENTRE_SETORES_PORTFOLIO,DADO_CALCULADO_SOBRE_DADOS_OFICIAIS
2024-11,ARROZ,196502991.0,12059643.0,63900032.0,272462666.0,4,0.7212107034143166,FORA_DAS_FAIXAS_NT,2026-08,NAO_ADITIVO_ENTRE_SETORES_PORTFOLIO,DADO_CALCULADO_SOBRE_DADOS_OFICIAIS
2024-11,ARTEFATOS DOMÉSTICOS E FERRAMENTAS,509520910.0,730171877.0,94642139.0,1334334926.0,74,0.38185383599859396,FORA_DAS_FAIXAS_NT,2026-08,NAO_ADITIVO_ENTRE_SETORES_PORTFOLIO,DADO_CALCULADO_SOBRE_DADOS_OFICIAIS
2024-11,AVES,368925903.0,238328809.0,0.0,607254712.0,17,0.6075307374477812,FORA_DAS_FAIXAS_NT,2026-08,NAO_ADITIVO_ENTRE_SETORES_PORTFOLIO,DADO_CALCULADO_SOBRE_DADOS_OFICIAIS
2024-11,BIODIESEL,906494557.0,7917355.0,0.0,914411912.0,2,0.9913415880785245,FORA_DAS_FAIXAS_NT,2026-08,NAO_ADITIVO_ENTRE_SETORES_PORTFOLIO,DADO_CALCULADO_SOBRE_DADOS_OFICIAIS
2024-11,BOVINOS,694292600.0,214486761.0,0.0,908779361.0,6,0.7639836794224908,FORA_DAS_FAIXAS_NT,2026-08,NAO_ADITIVO_ENTRE_SETORES_PORTFOLIO,DADO_CALCULADO_SOBRE_DADOS_OFICIAIS
2024-11,CALÇADOS E ARTEFATOS,430150260.0,256614103.0,3197680.0,689962043.0,14,0.6234404694636224,FORA_DAS_FAIXAS_NT,2026-08,NAO_ADITIVO_ENTRE_SETORES_PORTFOLIO,DADO_CALCULADO_SOBRE_DADOS_OFICIAIS
2024-11,CERVEJA E CHOPP,243017652.0,215592887.0,5059201.0,463669740.0,2,0.5241179896708377,FORA_DAS_FAIXAS_NT,2026-08,NAO_ADITIVO_ENTRE_SETORES_PORTFOLIO,DADO_CALCULADO_SOBRE_DADOS_OFICIAIS
2024-11,CHÁ E MATE,32742095.0,35214634.0,0.0,67956729.0,3,0.4818079899048702,FORA_DAS_FAIXAS_NT,2026-08,NAO_ADITIVO_ENTRE_SETORES_PORTFOLIO,DADO_CALCULADO_SOBRE_DADOS_OFICIAIS
2024-11,CIMENTO,266743803.0,131869797.0,230394.0,398843994.0,8,0.6687923273579494,FORA_DAS_FAIXAS_NT,2026-08,NAO_ADITIVO_ENTRE_SETORES_PORTFOLIO,DADO_CALCULADO_SOBRE_DADOS_OFICIAIS
2024-11,COMBUSTÍVEIS E DERIVADOS,167379727.0,3967554.0,0.0,171347281.0,4,0.9768449550127382,FORA_DAS_FAIXAS_NT,2026-08,NAO_ADITIVO_ENTRE_SETORES_PORTFOLIO,DADO_CALCULADO_SOBRE_DADOS_OFICIAIS
2024-11,COSMÉTICOS,84796511.0,852652024.0,2281406.0,939729941.0,17,0.09023497847665152,ALTA,2026-08,NAO_ADITIVO_ENTRE_SETORES_PORTFOLIO,DADO_CALCULADO_SOBRE_DADOS_OFICIAIS
2024-11,CURTIMENTO DE COURO,96048092.0,52640726.0,2641855.0,151330673.0,15,0.6346901794324274,FORA_DAS_FAIXAS_NT,2026-08,NAO_ADITIVO_ENTRE_SETORES_PORTFOLIO,DADO_CALCULADO_SOBRE_DADOS_OFICIAIS
2024-11,DEFENSIVOS AGRÍCOLAS,83674051.0,729048035.0,21759974.0,834482060.0,6,0.10027064092905724,ALTA,2026-08,NAO_ADITIVO_ENTRE_SETORES_PORTFOLIO,DADO_CALCULADO_SOBRE_DADOS_OFICIAIS
2024-11,DESTILADOS,264814517.0,130228825.0,14630860.0,409674202.0,8,0.646402716371191,FORA_DAS_FAIXAS_NT,2026-08,NAO_ADITIVO_ENTRE_SETORES_PORTFOLIO,DADO_CALCULADO_SOBRE_DADOS_OFICIAIS
2024-11,ELETROELETRÔNICO,896099629.0,1765440121.0,238135077.0,2899674827.0,135,0.30903452368385165,FORA_DAS_FAIXAS_NT,2026-08,NAO_ADITIVO_ENTRE_SETORES_PORTFOLIO,DADO_CALCULADO_SOBRE_DADOS_OFICIAIS
2024-11,EMBALAGENS,571420367.0,515570803.0,14392785.0,1101383955.0,23,0.5188203118502848,FORA_DAS_FAIXAS_NT,2026-08,NAO_ADITIVO_ENTRE_SETORES_PORTFOLIO,DADO_CALCULADO_SOBRE_DADOS_OFICIAIS
2024-11,FERTILIZANTES,968600774.0,81302954.0,800749310.0,1850653038.0,9,0.5233832350588884,FORA_DAS_FAIXAS_NT,2026-08,NAO_ADITIVO_ENTRE_SETORES_PORTFOLIO,DADO_CALCULADO_SOBRE_DADOS_OFICIAIS
2024-11,LEITE,402640648.0,324166355.0,11454063.0,738261066.0,14,0.5453906030580244,FORA_DAS_FAIXAS_NT,2026-08,NAO_ADITIVO_ENTRE_SETORES_PORTFOLIO,DADO_CALCULADO_SOBRE_DADOS_OFICIAIS
2024-11,MADEIRAS,447077858.0,335910024.0,5651675.0,788639557.0,35,0.5668975820851452,FORA_DAS_FAIXAS_NT,2026-08,NAO_ADITIVO_ENTRE_SETORES_PORTFOLIO,DADO_CALCULADO_SOBRE_DADOS_OFICIAIS
2024-11,MEDICAMENTOS,27248511.0,917215617.0,5580709.0,950044837.0,19,0.028681289491603226,CRITICA,2026-08,NAO_ADITIVO_ENTRE_SETORES_PORTFOLIO,DADO_CALCULADO_SOBRE_DADOS_OFICIAIS
2024-11,METALURGIA,2064394614.0,2122658811.0,234225266.0,4421278691.0,130,0.4669225258752186,FORA_DAS_FAIXAS_NT,2026-08,NAO_ADITIVO_ENTRE_SETORES_PORTFOLIO,DADO_CALCULADO_SOBRE_DADOS_OFICIAIS
2024-11,MÁQUINAS E EQUIPAMENTOS,1932502604.0,2373752928.0,359532479.0,4665788011.0,209,0.41418568512841936,FORA_DAS_FAIXAS_NT,2026-08,NAO_ADITIVO_ENTRE_SETORES_PORTFOLIO,DADO_CALCULADO_SOBRE_DADOS_OFICIAIS
2024-11,MÓVEIS,484899763.0,347830722.0,9148131.0,841878616.0,20,0.5759734880829899,FORA_DAS_FAIXAS_NT,2026-08,NAO_ADITIVO_ENTRE_SETORES_PORTFOLIO,DADO_CALCULADO_SOBRE_DADOS_OFICIAIS
2024-11,OUTRAS BEBIDAS,252708888.0,86237778.0,0.0,338946666.0,2,0.74557124571333,FORA_DAS_FAIXAS_NT,2026-08,NAO_ADITIVO_ENTRE_SETORES_PORTFOLIO,DADO_CALCULADO_SOBRE_DADOS_OFICIAIS
2024-11,OUTRAS INDÚSTRIAS,1104376090.0,910581692.0,80927102.0,2095884884.0,81,0.5269259292009857,FORA_DAS_FAIXAS_NT,2026-08,NAO_ADITIVO_ENTRE_SETORES_PORTFOLIO,DADO_CALCULADO_SOBRE_DADOS_OFICIAIS
2024-11,OUTROS AGRO,785403274.0,57803968.0,24082621.0,867289863.0,14,0.9055833666535084,FORA_DAS_FAIXAS_NT,2026-08,NAO_ADITIVO_ENTRE_SETORES_PORTFOLIO,DADO_CALCULADO_SOBRE_DADOS_OFICIAIS
2024-11,OUTROS METAL MECÂN.,2405829302.0,2398006868.0,333818652.0,5137654822.0,185,0.46827383024993735,FORA_DAS_FAIXAS_NT,2026-08,NAO_ADITIVO_ENTRE_SETORES_PORTFOLIO,DADO_CALCULADO_SOBRE_DADOS_OFICIAIS
2024-11,OUTROS PRODUTOS DE PAPEL,411206007.0,665379077.0,2207332.0,1078792416.0,30,0.3811725044607655,FORA_DAS_FAIXAS_NT,2026-08,NAO_ADITIVO_ENTRE_SETORES_PORTFOLIO,DADO_CALCULADO_SOBRE_DADOS_OFICIAIS
2024-11,OUTROS QUÍMICOS,705905293.0,1563340298.0,262795832.0,2532041423.0,138,0.2787889987058873,MEDIA,2026-08,NAO_ADITIVO_ENTRE_SETORES_PORTFOLIO,DADO_CALCULADO_SOBRE_DADOS_OFICIAIS
2024-11,PEÇAS E ACESSÓRIOS PARA VEÍCULOS,802033768.0,907759390.0,216413313.0,1926206471.0,47,0.4163799572242222,FORA_DAS_FAIXAS_NT,2026-08,NAO_ADITIVO_ENTRE_SETORES_PORTFOLIO,DADO_CALCULADO_SOBRE_DADOS_OFICIAIS
2024-11,PLÁSTICOS,1691371992.0,1747063577.0,291841400.0,3730276969.0,115,0.4534172679551506,FORA_DAS_FAIXAS_NT,2026-08,NAO_ADITIVO_ENTRE_SETORES_PORTFOLIO,DADO_CALCULADO_SOBRE_DADOS_OFICIAIS
2024-11,PNEUMÁTICOS E BORRACHA,290833649.0,502251313.0,70936778.0,864021740.0,23,0.3366045500197715,FORA_DAS_FAIXAS_NT,2026-08,NAO_ADITIVO_ENTRE_SETORES_PORTFOLIO,DADO_CALCULADO_SOBRE_DADOS_OFICIAIS
2024-11,PRODUTOS DE LIMPEZA,127432462.0,254565696.0,5565080.0,387563238.0,19,0.32880430728571836,FORA_DAS_FAIXAS_NT,2026-08,NAO_ADITIVO_ENTRE_SETORES_PORTFOLIO,DADO_CALCULADO_SOBRE_DADOS_OFICIAIS
2024-11,RAÇÃO ANIMAL,804105119.0,409427990.0,0.0,1213533109.0,8,0.6626148994505926,FORA_DAS_FAIXAS_NT,2026-08,NAO_ADITIVO_ENTRE_SETORES_PORTFOLIO,DADO_CALCULADO_SOBRE_DADOS_OFICIAIS
2024-11,REFRIGERANTE,445179835.0,268814840.0,575157.0,714569832.0,2,0.6230039599544696,FORA_DAS_FAIXAS_NT,2026-08,NAO_ADITIVO_ENTRE_SETORES_PORTFOLIO,DADO_CALCULADO_SOBRE_DADOS_OFICIAIS
2024-11,SUCOS E REFRESCOS,287005653.0,204203413.0,11700264.0,502909330.0,13,0.5706906511358618,FORA_DAS_FAIXAS_NT,2026-08,NAO_ADITIVO_ENTRE_SETORES_PORTFOLIO,DADO_CALCULADO_SOBRE_DADOS_OFICIAIS
2024-11,SUINOS,222861732.0,127382512.0,0.0,350244244.0,10,0.6363037674931783,FORA_DAS_FAIXAS_NT,2026-08,NAO_ADITIVO_ENTRE_SETORES_PORTFOLIO,DADO_CALCULADO_SOBRE_DADOS_OFICIAIS
2024-11,TABACOS,90761653.0,149013243.0,14110056.0,253884952.0,4,0.35749126635910267,FORA_DAS_FAIXAS_NT,2026-08,NAO_ADITIVO_ENTRE_SETORES_PORTFOLIO,DADO_CALCULADO_SOBRE_DADOS_OFICIAIS
2024-11,TINTAS E SOLVENTES,263550453.0,392099166.0,37031273.0,692680892.0,41,0.3804788843518438,FORA_DAS_FAIXAS_NT,2026-08,NAO_ADITIVO_ENTRE_SETORES_PORTFOLIO,DADO_CALCULADO_SOBRE_DADOS_OFICIAIS
2024-11,TRATORES,175256027.0,243552304.0,106432526.0,525240857.0,7,0.33366792522768274,FORA_DAS_FAIXAS_NT,2026-08,NAO_ADITIVO_ENTRE_SETORES_PORTFOLIO,DADO_CALCULADO_SOBRE_DADOS_OFICIAIS
2024-11,TRIGO,218867741.0,138312345.0,9146717.0,366326803.0,7,0.5974658125138608,FORA_DAS_FAIXAS_NT,2026-08,NAO_ADITIVO_ENTRE_SETORES_PORTFOLIO,DADO_CALCULADO_SOBRE_DADOS_OFICIAIS
2024-11,TÊXTIL,807906218.0,1115967326.0,78636823.0,2002510367.0,138,0.403446709347298,FORA_DAS_FAIXAS_NT,2026-08,NAO_ADITIVO_ENTRE_SETORES_PORTFOLIO,DADO_CALCULADO_SOBRE_DADOS_OFICIAIS
2024-11,VESTUÁRIO,332610050.0,887214669.0,7912414.0,1227737133.0,120,0.27091308152198734,MEDIA,2026-08,NAO_ADITIVO_ENTRE_SETORES_PORTFOLIO,DADO_CALCULADO_SOBRE_DADOS_OFICIAIS
2024-11,VEÍCULOS,348299254.0,715740971.0,32572917.0,1096613142.0,9,0.31761360561918195,FORA_DAS_FAIXAS_NT,2026-08,NAO_ADITIVO_ENTRE_SETORES_PORTFOLIO,DADO_CALCULADO_SOBRE_DADOS_OFICIAIS
2024-11,VIDRO,88164644.0,113176000.0,4811414.0,206152058.0,12,0.42766802745185306,FORA_DAS_FAIXAS_NT,2026-08,NAO_ADITIVO_ENTRE_SETORES_PORTFOLIO,DADO_CALCULADO_SOBRE_DADOS_OFICIAIS
2024-11,VINHO,136499456.0,34070567.0,19406146.0,189976169.0,6,0.7185083093237868,FORA_DAS_FAIXAS_NT,2026-08,NAO_ADITIVO_ENTRE_SETORES_PORTFOLIO,DADO_CALCULADO_SOBRE_DADOS_OFICIAIS
2024-11,ÓLEOS VEGETAIS,1010977055.0,12688724.0,15242509.0,1038908288.0,3,0.9731148232017954,FORA_DAS_FAIXAS_NT,2026-08,NAO_ADITIVO_ENTRE_SETORES_PORTFOLIO,DADO_CALCULADO_SOBRE_DADOS_OFICIAIS
2024-12,ALIMENTOS,1760089036.0,1219925015.0,51036281.0,3031050332.0,81,0.5806861791168699,FORA_DAS_FAIXAS_NT,2026-08,NAO_ADITIVO_ENTRE_SETORES_PORTFOLIO,DADO_CALCULADO_SOBRE_DADOS_OFICIAIS
2024-12,ARROZ,188773702.0,12234729.0,16499479.0,217507910.0,4,0.8678935032753522,FORA_DAS_FAIXAS_NT,2026-08,NAO_ADITIVO_ENTRE_SETORES_PORTFOLIO,DADO_CALCULADO_SOBRE_DADOS_OFICIAIS
2024-12,ARTEFATOS DOMÉSTICOS E FERRAMENTAS,416788548.0,588824317.0,108872599.0,1114485464.0,74,0.3739739650834961,FORA_DAS_FAIXAS_NT,2026-08,NAO_ADITIVO_ENTRE_SETORES_PORTFOLIO,DADO_CALCULADO_SOBRE_DADOS_OFICIAIS
2024-12,AVES,397695351.0,222226105.0,0.0,619921456.0,17,0.64152538543528,FORA_DAS_FAIXAS_NT,2026-08,NAO_ADITIVO_ENTRE_SETORES_PORTFOLIO,DADO_CALCULADO_SOBRE_DADOS_OFICIAIS
2024-12,BIODIESEL,640251521.0,19847132.0,0.0,660098653.0,2,0.9699330821085618,FORA_DAS_FAIXAS_NT,2026-08,NAO_ADITIVO_ENTRE_SETORES_PORTFOLIO,DADO_CALCULADO_SOBRE_DADOS_OFICIAIS
2024-12,BOVINOS,818278786.0,291616339.0,0.0,1109895125.0,6,0.737257753069237,FORA_DAS_FAIXAS_NT,2026-08,NAO_ADITIVO_ENTRE_SETORES_PORTFOLIO,DADO_CALCULADO_SOBRE_DADOS_OFICIAIS
2024-12,CALÇADOS E ARTEFATOS,271510259.0,189695571.0,3871932.0,465077762.0,14,0.5837954019396868,FORA_DAS_FAIXAS_NT,2026-08,NAO_ADITIVO_ENTRE_SETORES_PORTFOLIO,DADO_CALCULADO_SOBRE_DADOS_OFICIAIS
2024-12,CERVEJA E CHOPP,302326929.0,213530749.0,3539639.0,519397317.0,2,0.5820725658465424,FORA_DAS_FAIXAS_NT,2026-08,NAO_ADITIVO_ENTRE_SETORES_PORTFOLIO,DADO_CALCULADO_SOBRE_DADOS_OFICIAIS
2024-12,CHÁ E MATE,31381801.0,26167222.0,0.0,57549023.0,3,0.5453055388968115,FORA_DAS_FAIXAS_NT,2026-08,NAO_ADITIVO_ENTRE_SETORES_PORTFOLIO,DADO_CALCULADO_SOBRE_DADOS_OFICIAIS
2024-12,CIMENTO,228340858.0,111600133.0,217882.0,340158873.0,8,0.6712770888090284,FORA_DAS_FAIXAS_NT,2026-08,NAO_ADITIVO_ENTRE_SETORES_PORTFOLIO,DADO_CALCULADO_SOBRE_DADOS_OFICIAIS
2024-12,COMBUSTÍVEIS E DERIVADOS,169315934.0,4954720.0,0.0,174270654.0,4,0.971568821908478,FORA_DAS_FAIXAS_NT,2026-08,NAO_ADITIVO_ENTRE_SETORES_PORTFOLIO,DADO_CALCULADO_SOBRE_DADOS_OFICIAIS
2024-12,COSMÉTICOS,74827312.0,722693525.0,5035577.0,802556414.0,17,0.0932362020846051,ALTA,2026-08,NAO_ADITIVO_ENTRE_SETORES_PORTFOLIO,DADO_CALCULADO_SOBRE_DADOS_OFICIAIS
2024-12,CURTIMENTO DE COURO,69005980.0,44205507.0,3094585.0,116306072.0,15,0.5933136491790386,FORA_DAS_FAIXAS_NT,2026-08,NAO_ADITIVO_ENTRE_SETORES_PORTFOLIO,DADO_CALCULADO_SOBRE_DADOS_OFICIAIS
2024-12,DEFENSIVOS AGRÍCOLAS,56147890.0,715318969.0,54232569.0,825699428.0,7,0.06800039832412237,ALTA,2026-08,NAO_ADITIVO_ENTRE_SETORES_PORTFOLIO,DADO_CALCULADO_SOBRE_DADOS_OFICIAIS
2024-12,DESTILADOS,272924554.0,129381125.0,43602565.0,445908244.0,8,0.6120643824651961,FORA_DAS_FAIXAS_NT,2026-08,NAO_ADITIVO_ENTRE_SETORES_PORTFOLIO,DADO_CALCULADO_SOBRE_DADOS_OFICIAIS
2024-12,ELETROELETRÔNICO,752796171.0,1512970329.0,248221522.0,2513988022.0,135,0.2994430221672711,MEDIA,2026-08,NAO_ADITIVO_ENTRE_SETORES_PORTFOLIO,DADO_CALCULADO_SOBRE_DADOS_OFICIAIS
2024-12,EMBALAGENS,422269309.0,417791397.0,16011773.0,856072479.0,23,0.4932635020498072,FORA_DAS_FAIXAS_NT,2026-08,NAO_ADITIVO_ENTRE_SETORES_PORTFOLIO,DADO_CALCULADO_SOBRE_DADOS_OFICIAIS
2024-12,FERTILIZANTES,437770986.0,282974436.0,330057289.0,1050802711.0,9,0.4166062586414473,FORA_DAS_FAIXAS_NT,2026-08,NAO_ADITIVO_ENTRE_SETORES_PORTFOLIO,DADO_CALCULADO_SOBRE_DADOS_OFICIAIS
2024-12,LEITE,406055377.0,277871027.0,5603617.0,689530021.0,14,0.5888871617382414,FORA_DAS_FAIXAS_NT,2026-08,NAO_ADITIVO_ENTRE_SETORES_PORTFOLIO,DADO_CALCULADO_SOBRE_DADOS_OFICIAIS
2024-12,MADEIRAS,400634317.0,249271431.0,992125.0,650897873.0,35,0.6155102568602187,FORA_DAS_FAIXAS_NT,2026-08,NAO_ADITIVO_ENTRE_SETORES_PORTFOLIO,DADO_CALCULADO_SOBRE_DADOS_OFICIAIS
2024-12,MEDICAMENTOS,24640817.0,805207438.0,5546115.0,835394370.0,19,0.02949602952196099,CRITICA,2026-08,NAO_ADITIVO_ENTRE_SETORES_PORTFOLIO,DADO_CALCULADO_SOBRE_DADOS_OFICIAIS
2024-12,METALURGIA,1649537171.0,1726170379.0,220351574.0,3596059124.0,130,0.4587069105708063,FORA_DAS_FAIXAS_NT,2026-08,NAO_ADITIVO_ENTRE_SETORES_PORTFOLIO,DADO_CALCULADO_SOBRE_DADOS_OFICIAIS
2024-12,MÁQUINAS E EQUIPAMENTOS,1615983575.0,2012497080.0,327638572.0,3956119227.0,209,0.4084769649941594,FORA_DAS_FAIXAS_NT,2026-08,NAO_ADITIVO_ENTRE_SETORES_PORTFOLIO,DADO_CALCULADO_SOBRE_DADOS_OFICIAIS
2024-12,MÓVEIS,422963906.0,284168543.0,13996067.0,721128516.0,20,0.5865305512339496,FORA_DAS_FAIXAS_NT,2026-08,NAO_ADITIVO_ENTRE_SETORES_PORTFOLIO,DADO_CALCULADO_SOBRE_DADOS_OFICIAIS
2024-12,OUTRAS BEBIDAS,280703021.0,88547587.0,29992320.0,399242928.0,2,0.7030882736137032,FORA_DAS_FAIXAS_NT,2026-08,NAO_ADITIVO_ENTRE_SETORES_PORTFOLIO,DADO_CALCULADO_SOBRE_DADOS_OFICIAIS
2024-12,OUTRAS INDÚSTRIAS,1112316388.0,781555896.0,74186703.0,1968058987.0,80,0.5651844763532995,FORA_DAS_FAIXAS_NT,2026-08,NAO_ADITIVO_ENTRE_SETORES_PORTFOLIO,DADO_CALCULADO_SOBRE_DADOS_OFICIAIS
2024-12,OUTROS AGRO,581487174.0,61530363.0,9455412.0,652472949.0,14,0.891205029865537,FORA_DAS_FAIXAS_NT,2026-08,NAO_ADITIVO_ENTRE_SETORES_PORTFOLIO,DADO_CALCULADO_SOBRE_DADOS_OFICIAIS
2024-12,OUTROS METAL MECÂN.,1783403093.0,1975735441.0,312088081.0,4071226615.0,184,0.43805055862752557,FORA_DAS_FAIXAS_NT,2026-08,NAO_ADITIVO_ENTRE_SETORES_PORTFOLIO,DADO_CALCULADO_SOBRE_DADOS_OFICIAIS
2024-12,OUTROS PRODUTOS DE PAPEL,289064387.0,622213883.0,1944989.0,913223259.0,30,0.3165320026085757,FORA_DAS_FAIXAS_NT,2026-08,NAO_ADITIVO_ENTRE_SETORES_PORTFOLIO,DADO_CALCULADO_SOBRE_DADOS_OFICIAIS
2024-12,OUTROS QUÍMICOS,580190120.0,1459994033.0,129462268.0,2169646421.0,137,0.2674122909541121,MEDIA,2026-08,NAO_ADITIVO_ENTRE_SETORES_PORTFOLIO,DADO_CALCULADO_SOBRE_DADOS_OFICIAIS
2024-12,PEÇAS E ACESSÓRIOS PARA VEÍCULOS,621661801.0,689759430.0,196740451.0,1508161682.0,47,0.41219837927164626,FORA_DAS_FAIXAS_NT,2026-08,NAO_ADITIVO_ENTRE_SETORES_PORTFOLIO,DADO_CALCULADO_SOBRE_DADOS_OFICIAIS
2024-12,PLÁSTICOS,1299722864.0,1402858844.0,289106337.0,2991688045.0,115,0.434444649458764,FORA_DAS_FAIXAS_NT,2026-08,NAO_ADITIVO_ENTRE_SETORES_PORTFOLIO,DADO_CALCULADO_SOBRE_DADOS_OFICIAIS
2024-12,PNEUMÁTICOS E BORRACHA,198151196.0,430325444.0,58668236.0,687144876.0,23,0.2883688766675748,MEDIA,2026-08,NAO_ADITIVO_ENTRE_SETORES_PORTFOLIO,DADO_CALCULADO_SOBRE_DADOS_OFICIAIS
2024-12,PRODUTOS DE LIMPEZA,112701002.0,244324376.0,9924194.0,366949572.0,19,0.3071294003307899,FORA_DAS_FAIXAS_NT,2026-08,NAO_ADITIVO_ENTRE_SETORES_PORTFOLIO,DADO_CALCULADO_SOBRE_DADOS_OFICIAIS
2024-12,RAÇÃO ANIMAL,595035127.0,410712030.0,0.0,1005747157.0,8,0.591634908295346,FORA_DAS_FAIXAS_NT,2026-08,NAO_ADITIVO_ENTRE_SETORES_PORTFOLIO,DADO_CALCULADO_SOBRE_DADOS_OFICIAIS
2024-12,REFRIGERANTE,529513836.0,271820899.0,30880493.0,832215228.0,2,0.6362703038642307,FORA_DAS_FAIXAS_NT,2026-08,NAO_ADITIVO_ENTRE_SETORES_PORTFOLIO,DADO_CALCULADO_SOBRE_DADOS_OFICIAIS
2024-12,SUCOS E REFRESCOS,303980683.0,197095685.0,36540331.0,537616699.0,13,0.5654226953244248,FORA_DAS_FAIXAS_NT,2026-08,NAO_ADITIVO_ENTRE_SETORES_PORTFOLIO,DADO_CALCULADO_SOBRE_DADOS_OFICIAIS
2024-12,SUINOS,275049077.0,134871117.0,0.0,409920194.0,10,0.6709820131476616,FORA_DAS_FAIXAS_NT,2026-08,NAO_ADITIVO_ENTRE_SETORES_PORTFOLIO,DADO_CALCULADO_SOBRE_DADOS_OFICIAIS
2024-12,TABACOS,211792985.0,87672122.0,0.0,299465107.0,4,0.707237604813839,FORA_DAS_FAIXAS_NT,2026-08,NAO_ADITIVO_ENTRE_SETORES_PORTFOLIO,DADO_CALCULADO_SOBRE_DADOS_OFICIAIS
2024-12,TINTAS E SOLVENTES,206085095.0,309895902.0,37693781.0,553674778.0,41,0.37221326162702684,FORA_DAS_FAIXAS_NT,2026-08,NAO_ADITIVO_ENTRE_SETORES_PORTFOLIO,DADO_CALCULADO_SOBRE_DADOS_OFICIAIS
2024-12,TRATORES,130879306.0,169407744.0,76541445.0,376828495.0,7,0.347317964900717,FORA_DAS_FAIXAS_NT,2026-08,NAO_ADITIVO_ENTRE_SETORES_PORTFOLIO,DADO_CALCULADO_SOBRE_DADOS_OFICIAIS
2024-12,TRIGO,213372037.0,106459660.0,10895703.0,330727400.0,7,0.6451598416097366,FORA_DAS_FAIXAS_NT,2026-08,NAO_ADITIVO_ENTRE_SETORES_PORTFOLIO,DADO_CALCULADO_SOBRE_DADOS_OFICIAIS
2024-12,TÊXTIL,577725420.0,815963463.0,64014658.0,1457703541.0,138,0.3963257299928587,FORA_DAS_FAIXAS_NT,2026-08,NAO_ADITIVO_ENTRE_SETORES_PORTFOLIO,DADO_CALCULADO_SOBRE_DADOS_OFICIAIS
2024-12,VESTUÁRIO,224166185.0,626389635.0,8142284.0,858698104.0,120,0.26105354600852826,MEDIA,2026-08,NAO_ADITIVO_ENTRE_SETORES_PORTFOLIO,DADO_CALCULADO_SOBRE_DADOS_OFICIAIS
2024-12,VEÍCULOS,349626521.0,649550367.0,29741270.0,1028918158.0,9,0.3398001272322769,FORA_DAS_FAIXAS_NT,2026-08,NAO_ADITIVO_ENTRE_SETORES_PORTFOLIO,DADO_CALCULADO_SOBRE_DADOS_OFICIAIS
2024-12,VIDRO,67114534.0,82642321.0,3177632.0,152934487.0,12,0.43884499380443864,FORA_DAS_FAIXAS_NT,2026-08,NAO_ADITIVO_ENTRE_SETORES_PORTFOLIO,DADO_CALCULADO_SOBRE_DADOS_OFICIAIS
2024-12,VINHO,99695063.0,23512906.0,15697559.0,138905528.0,6,0.7177184697789709,FORA_DAS_FAIXAS_NT,2026-08,NAO_ADITIVO_ENTRE_SETORES_PORTFOLIO,DADO_CALCULADO_SOBRE_DADOS_OFICIAIS
2024-12,ÓLEOS VEGETAIS,747550985.0,24023957.0,0.0,771574942.0,3,0.9688637413007122,FORA_DAS_FAIXAS_NT,2026-08,NAO_ADITIVO_ENTRE_SETORES_PORTFOLIO,DADO_CALCULADO_SOBRE_DADOS_OFICIAIS
2025-01,ALIMENTOS,1612279873.0,1195393756.0,55630698.0,2863304327.0,81,0.5630836575060294,FORA_DAS_FAIXAS_NT,2026-08,NAO_ADITIVO_ENTRE_SETORES_PORTFOLIO,DADO_CALCULADO_SOBRE_DADOS_OFICIAIS
2025-01,ARROZ,201215032.0,14073830.0,45607407.0,260896269.0,4,0.7712453411896051,FORA_DAS_FAIXAS_NT,2026-08,NAO_ADITIVO_ENTRE_SETORES_PORTFOLIO,DADO_CALCULADO_SOBRE_DADOS_OFICIAIS
2025-01,ARTEFATOS DOMÉSTICOS E FERRAMENTAS,386652885.0,590144469.0,109852647.0,1086650001.0,74,0.3558209953933456,FORA_DAS_FAIXAS_NT,2026-08,NAO_ADITIVO_ENTRE_SETORES_PORTFOLIO,DADO_CALCULADO_SOBRE_DADOS_OFICIAIS
2025-01,AVES,447518323.0,234158111.0,0.0,681676434.0,17,0.6564966906278588,FORA_DAS_FAIXAS_NT,2026-08,NAO_ADITIVO_ENTRE_SETORES_PORTFOLIO,DADO_CALCULADO_SOBRE_DADOS_OFICIAIS
2025-01,BIODIESEL,739751809.0,14669581.0,0.0,754421390.0,2,0.9805551894545301,FORA_DAS_FAIXAS_NT,2026-08,NAO_ADITIVO_ENTRE_SETORES_PORTFOLIO,DADO_CALCULADO_SOBRE_DADOS_OFICIAIS
2025-01,BOVINOS,711068062.0,300759974.0,0.0,1011828036.0,6,0.7027558406179605,FORA_DAS_FAIXAS_NT,2026-08,NAO_ADITIVO_ENTRE_SETORES_PORTFOLIO,DADO_CALCULADO_SOBRE_DADOS_OFICIAIS
2025-01,CALÇADOS E ARTEFATOS,345481025.0,164803884.0,10827708.0,521112617.0,14,0.6629680681863053,FORA_DAS_FAIXAS_NT,2026-08,NAO_ADITIVO_ENTRE_SETORES_PORTFOLIO,DADO_CALCULADO_SOBRE_DADOS_OFICIAIS
2025-01,CERVEJA E CHOPP,224183621.0,154981109.0,4366447.0,383531177.0,2,0.5845251558258587,FORA_DAS_FAIXAS_NT,2026-08,NAO_ADITIVO_ENTRE_SETORES_PORTFOLIO,DADO_CALCULADO_SOBRE_DADOS_OFICIAIS
2025-01,CHÁ E MATE,34383425.0,34338824.0,0.0,68722249.0,3,0.5003245018945757,FORA_DAS_FAIXAS_NT,2026-08,NAO_ADITIVO_ENTRE_SETORES_PORTFOLIO,DADO_CALCULADO_SOBRE_DADOS_OFICIAIS
2025-01,CIMENTO,251373667.0,128092298.0,69612.0,379535577.0,8,0.6623191137625551,FORA_DAS_FAIXAS_NT,2026-08,NAO_ADITIVO_ENTRE_SETORES_PORTFOLIO,DADO_CALCULADO_SOBRE_DADOS_OFICIAIS
2025-01,COMBUSTÍVEIS E DERIVADOS,136491474.0,8530964.0,0.0,145022438.0,4,0.9411748684020882,FORA_DAS_FAIXAS_NT,2026-08,NAO_ADITIVO_ENTRE_SETORES_PORTFOLIO,DADO_CALCULADO_SOBRE_DADOS_OFICIAIS
2025-01,COSMÉTICOS,72890212.0,645440248.0,2158109.0,720488569.0,17,0.10116775634784568,ALTA,2026-08,NAO_ADITIVO_ENTRE_SETORES_PORTFOLIO,DADO_CALCULADO_SOBRE_DADOS_OFICIAIS
2025-01,CURTIMENTO DE COURO,99120251.0,58461615.0,8715855.0,166297721.0,15,0.5960409463458612,FORA_DAS_FAIXAS_NT,2026-08,NAO_ADITIVO_ENTRE_SETORES_PORTFOLIO,DADO_CALCULADO_SOBRE_DADOS_OFICIAIS
2025-01,DEFENSIVOS AGRÍCOLAS,22050179.0,316209961.0,22201477.0,360461617.0,7,0.06117205816118835,ALTA,2026-08,NAO_ADITIVO_ENTRE_SETORES_PORTFOLIO,DADO_CALCULADO_SOBRE_DADOS_OFICIAIS
2025-01,DESTILADOS,245830340.0,125141042.0,21359886.0,392331268.0,8,0.626588702076124,FORA_DAS_FAIXAS_NT,2026-08,NAO_ADITIVO_ENTRE_SETORES_PORTFOLIO,DADO_CALCULADO_SOBRE_DADOS_OFICIAIS
2025-01,ELETROELETRÔNICO,754441768.0,1803020335.0,304881923.0,2862344026.0,135,0.26357480482676265,MEDIA,2026-08,NAO_ADITIVO_ENTRE_SETORES_PORTFOLIO,DADO_CALCULADO_SOBRE_DADOS_OFICIAIS
2025-01,EMBALAGENS,480590352.0,475259168.0,23857047.0,979706567.0,23,0.4905451981113443,FORA_DAS_FAIXAS_NT,2026-08,NAO_ADITIVO_ENTRE_SETORES_PORTFOLIO,DADO_CALCULADO_SOBRE_DADOS_OFICIAIS
2025-01,FERTILIZANTES,244191892.0,46829840.0,767449859.0,1058471591.0,9,0.23070235807585315,MEDIA,2026-08,NAO_ADITIVO_ENTRE_SETORES_PORTFOLIO,DADO_CALCULADO_SOBRE_DADOS_OFICIAIS
2025-01,LEITE,438703592.0,311414674.0,2910021.0,753028287.0,14,0.5825858066338483,FORA_DAS_FAIXAS_NT,2026-08,NAO_ADITIVO_ENTRE_SETORES_PORTFOLIO,DADO_CALCULADO_SOBRE_DADOS_OFICIAIS
2025-01,MADEIRAS,365128594.0,257662937.0,6972650.0,629764181.0,35,0.5797862200105026,FORA_DAS_FAIXAS_NT,2026-08,NAO_ADITIVO_ENTRE_SETORES_PORTFOLIO,DADO_CALCULADO_SOBRE_DADOS_OFICIAIS
2025-01,MEDICAMENTOS,18610644.0,605567872.0,63175.0,624241691.0,19,0.029813202591750635,CRITICA,2026-08,NAO_ADITIVO_ENTRE_SETORES_PORTFOLIO,DADO_CALCULADO_SOBRE_DADOS_OFICIAIS
2025-01,METALURGIA,1901260316.0,2008367274.0,324705359.0,4234332949.0,130,0.449010585350642,FORA_DAS_FAIXAS_NT,2026-08,NAO_ADITIVO_ENTRE_SETORES_PORTFOLIO,DADO_CALCULADO_SOBRE_DADOS_OFICIAIS
2025-01,MÁQUINAS E EQUIPAMENTOS,1671243016.0,2286353011.0,457758561.0,4415354588.0,209,0.3785070899044179,FORA_DAS_FAIXAS_NT,2026-08,NAO_ADITIVO_ENTRE_SETORES_PORTFOLIO,DADO_CALCULADO_SOBRE_DADOS_OFICIAIS
2025-01,MÓVEIS,381025438.0,283227923.0,16798338.0,681051699.0,20,0.559466246922908,FORA_DAS_FAIXAS_NT,2026-08,NAO_ADITIVO_ENTRE_SETORES_PORTFOLIO,DADO_CALCULADO_SOBRE_DADOS_OFICIAIS
2025-01,OUTRAS BEBIDAS,266004789.0,92570077.0,7329392.0,365904258.0,2,0.7269792115947445,FORA_DAS_FAIXAS_NT,2026-08,NAO_ADITIVO_ENTRE_SETORES_PORTFOLIO,DADO_CALCULADO_SOBRE_DADOS_OFICIAIS
2025-01,OUTRAS INDÚSTRIAS,1279761015.0,845122930.0,96995148.0,2221879093.0,80,0.5759813929713231,FORA_DAS_FAIXAS_NT,2026-08,NAO_ADITIVO_ENTRE_SETORES_PORTFOLIO,DADO_CALCULADO_SOBRE_DADOS_OFICIAIS
2025-01,OUTROS AGRO,655781292.0,73013126.0,8784996.0,737579414.0,14,0.8890992339978729,FORA_DAS_FAIXAS_NT,2026-08,NAO_ADITIVO_ENTRE_SETORES_PORTFOLIO,DADO_CALCULADO_SOBRE_DADOS_OFICIAIS
2025-01,OUTROS METAL MECÂN.,2110491972.0,2333024504.0,474983059.0,4918499535.0,184,0.42909264440949063,FORA_DAS_FAIXAS_NT,2026-08,NAO_ADITIVO_ENTRE_SETORES_PORTFOLIO,DADO_CALCULADO_SOBRE_DADOS_OFICIAIS
2025-01,OUTROS PRODUTOS DE PAPEL,369620224.0,661651817.0,4121403.0,1035393444.0,30,0.3569852852960502,FORA_DAS_FAIXAS_NT,2026-08,NAO_ADITIVO_ENTRE_SETORES_PORTFOLIO,DADO_CALCULADO_SOBRE_DADOS_OFICIAIS
2025-01,OUTROS QUÍMICOS,606612679.0,1307011042.0,143959976.0,2057583697.0,138,0.2948179847480586,MEDIA,2026-08,NAO_ADITIVO_ENTRE_SETORES_PORTFOLIO,DADO_CALCULADO_SOBRE_DADOS_OFICIAIS
2025-01,PEÇAS E ACESSÓRIOS PARA VEÍCULOS,764185485.0,883710210.0,297457482.0,1945353177.0,47,0.392826091444474,FORA_DAS_FAIXAS_NT,2026-08,NAO_ADITIVO_ENTRE_SETORES_PORTFOLIO,DADO_CALCULADO_SOBRE_DADOS_OFICIAIS
2025-01,PLÁSTICOS,1516719722.0,1681402311.0,353418563.0,3551540596.0,115,0.4270596607309624,FORA_DAS_FAIXAS_NT,2026-08,NAO_ADITIVO_ENTRE_SETORES_PORTFOLIO,DADO_CALCULADO_SOBRE_DADOS_OFICIAIS
2025-01,PNEUMÁTICOS E BORRACHA,274191534.0,524060240.0,113665865.0,911917639.0,23,0.3006757653034059,FORA_DAS_FAIXAS_NT,2026-08,NAO_ADITIVO_ENTRE_SETORES_PORTFOLIO,DADO_CALCULADO_SOBRE_DADOS_OFICIAIS
2025-01,PRODUTOS DE LIMPEZA,122287627.0,248029825.0,12245626.0,382563078.0,19,0.319653500383014,FORA_DAS_FAIXAS_NT,2026-08,NAO_ADITIVO_ENTRE_SETORES_PORTFOLIO,DADO_CALCULADO_SOBRE_DADOS_OFICIAIS
2025-01,RAÇÃO ANIMAL,666903473.0,552649416.0,0.0,1219552889.0,8,0.5468426002802081,FORA_DAS_FAIXAS_NT,2026-08,NAO_ADITIVO_ENTRE_SETORES_PORTFOLIO,DADO_CALCULADO_SOBRE_DADOS_OFICIAIS
2025-01,REFRIGERANTE,436042432.0,218338417.0,8082811.0,662463660.0,2,0.6582133607147598,FORA_DAS_FAIXAS_NT,2026-08,NAO_ADITIVO_ENTRE_SETORES_PORTFOLIO,DADO_CALCULADO_SOBRE_DADOS_OFICIAIS
2025-01,SUCOS E REFRESCOS,349652466.0,215604332.0,17355853.0,582612651.0,13,0.600145680667686,FORA_DAS_FAIXAS_NT,2026-08,NAO_ADITIVO_ENTRE_SETORES_PORTFOLIO,DADO_CALCULADO_SOBRE_DADOS_OFICIAIS
2025-01,SUINOS,228121349.0,130003061.0,0.0,358124410.0,10,0.6369891094550075,FORA_DAS_FAIXAS_NT,2026-08,NAO_ADITIVO_ENTRE_SETORES_PORTFOLIO,DADO_CALCULADO_SOBRE_DADOS_OFICIAIS
2025-01,TABACOS,72068380.0,43838102.0,31807795.0,147714277.0,4,0.4878904156298988,FORA_DAS_FAIXAS_NT,2026-08,NAO_ADITIVO_ENTRE_SETORES_PORTFOLIO,DADO_CALCULADO_SOBRE_DADOS_OFICIAIS
2025-01,TINTAS E SOLVENTES,318561509.0,358226397.0,43085852.0,719873758.0,41,0.4425241307379342,FORA_DAS_FAIXAS_NT,2026-08,NAO_ADITIVO_ENTRE_SETORES_PORTFOLIO,DADO_CALCULADO_SOBRE_DADOS_OFICIAIS
2025-01,TRATORES,160601562.0,175248363.0,109580243.0,445430168.0,7,0.36055385004816287,FORA_DAS_FAIXAS_NT,2026-08,NAO_ADITIVO_ENTRE_SETORES_PORTFOLIO,DADO_CALCULADO_SOBRE_DADOS_OFICIAIS
2025-01,TRIGO,226194209.0,109171704.0,13260601.0,348626514.0,7,0.648815279149996,FORA_DAS_FAIXAS_NT,2026-08,NAO_ADITIVO_ENTRE_SETORES_PORTFOLIO,DADO_CALCULADO_SOBRE_DADOS_OFICIAIS
2025-01,TÊXTIL,687699861.0,891268617.0,96833239.0,1675801717.0,138,0.4103706626050676,FORA_DAS_FAIXAS_NT,2026-08,NAO_ADITIVO_ENTRE_SETORES_PORTFOLIO,DADO_CALCULADO_SOBRE_DADOS_OFICIAIS
2025-01,VESTUÁRIO,291267945.0,574616072.0,18309627.0,884193644.0,120,0.3294164654728054,FORA_DAS_FAIXAS_NT,2026-08,NAO_ADITIVO_ENTRE_SETORES_PORTFOLIO,DADO_CALCULADO_SOBRE_DADOS_OFICIAIS
2025-01,VEÍCULOS,243064777.0,532817376.0,38235093.0,814117246.0,9,0.2985623731646142,MEDIA,2026-08,NAO_ADITIVO_ENTRE_SETORES_PORTFOLIO,DADO_CALCULADO_SOBRE_DADOS_OFICIAIS
2025-01,VIDRO,69932823.0,110465608.0,7682670.0,188081101.0,12,0.37182270110169124,FORA_DAS_FAIXAS_NT,2026-08,NAO_ADITIVO_ENTRE_SETORES_PORTFOLIO,DADO_CALCULADO_SOBRE_DADOS_OFICIAIS
2025-01,VINHO,129076627.0,20631294.0,32132219.0,181840140.0,6,0.7098357216398975,FORA_DAS_FAIXAS_NT,2026-08,NAO_ADITIVO_ENTRE_SETORES_PORTFOLIO,DADO_CALCULADO_SOBRE_DADOS_OFICIAIS
2025-01,ÓLEOS VEGETAIS,844205139.0,25439920.0,0.0,869645059.0,3,0.9707467779679525,FORA_DAS_FAIXAS_NT,2026-08,NAO_ADITIVO_ENTRE_SETORES_PORTFOLIO,DADO_CALCULADO_SOBRE_DADOS_OFICIAIS
2025-02,ALIMENTOS,1523002258.0,1408666987.0,27648548.0,2959317793.0,81,0.5146464031685022,FORA_DAS_FAIXAS_NT,2026-08,NAO_ADITIVO_ENTRE_SETORES_PORTFOLIO,DADO_CALCULADO_SOBRE_DADOS_OFICIAIS
2025-02,ARROZ,186933576.0,19411919.0,61613313.0,267958808.0,4,0.6976205686062016,FORA_DAS_FAIXAS_NT,2026-08,NAO_ADITIVO_ENTRE_SETORES_PORTFOLIO,DADO_CALCULADO_SOBRE_DADOS_OFICIAIS
2025-02,ARTEFATOS DOMÉSTICOS E FERRAMENTAS,431833630.0,665715361.0,89146859.0,1186695850.0,74,0.36389579520312637,FORA_DAS_FAIXAS_NT,2026-08,NAO_ADITIVO_ENTRE_SETORES_PORTFOLIO,DADO_CALCULADO_SOBRE_DADOS_OFICIAIS
2025-02,AVES,397067602.0,245287609.0,0.0,642355211.0,17,0.6181433499727614,FORA_DAS_FAIXAS_NT,2026-08,NAO_ADITIVO_ENTRE_SETORES_PORTFOLIO,DADO_CALCULADO_SOBRE_DADOS_OFICIAIS
2025-02,BIODIESEL,596419090.0,17567568.0,0.0,613986658.0,2,0.9713877039979588,FORA_DAS_FAIXAS_NT,2026-08,NAO_ADITIVO_ENTRE_SETORES_PORTFOLIO,DADO_CALCULADO_SOBRE_DADOS_OFICIAIS
2025-02,BOVINOS,656106647.0,402740686.0,0.0,1058847333.0,6,0.6196423474393357,FORA_DAS_FAIXAS_NT,2026-08,NAO_ADITIVO_ENTRE_SETORES_PORTFOLIO,DADO_CALCULADO_SOBRE_DADOS_OFICIAIS
2025-02,CALÇADOS E ARTEFATOS,401847084.0,211314681.0,7908336.0,621070101.0,14,0.6470237149606402,FORA_DAS_FAIXAS_NT,2026-08,NAO_ADITIVO_ENTRE_SETORES_PORTFOLIO,DADO_CALCULADO_SOBRE_DADOS_OFICIAIS
2025-02,CERVEJA E CHOPP,212399922.0,150441798.0,1983362.0,364825082.0,2,0.5821965990814195,FORA_DAS_FAIXAS_NT,2026-08,NAO_ADITIVO_ENTRE_SETORES_PORTFOLIO,DADO_CALCULADO_SOBRE_DADOS_OFICIAIS
2025-02,CHÁ E MATE,29186330.0,26764272.0,0.0,55950602.0,3,0.5216446107228658,FORA_DAS_FAIXAS_NT,2026-08,NAO_ADITIVO_ENTRE_SETORES_PORTFOLIO,DADO_CALCULADO_SOBRE_DADOS_OFICIAIS
2025-02,CIMENTO,247424332.0,132620257.0,376901.0,380421490.0,8,0.6503952550104359,FORA_DAS_FAIXAS_NT,2026-08,NAO_ADITIVO_ENTRE_SETORES_PORTFOLIO,DADO_CALCULADO_SOBRE_DADOS_OFICIAIS
2025-02,COMBUSTÍVEIS E DERIVADOS,142510461.0,9021226.0,0.0,151531687.0,4,0.9404664055512033,FORA_DAS_FAIXAS_NT,2026-08,NAO_ADITIVO_ENTRE_SETORES_PORTFOLIO,DADO_CALCULADO_SOBRE_DADOS_OFICIAIS
2025-02,COSMÉTICOS,76184069.0,665760565.0,3179795.0,745124429.0,17,0.10224341872973272,ALTA,2026-08,NAO_ADITIVO_ENTRE_SETORES_PORTFOLIO,DADO_CALCULADO_SOBRE_DADOS_OFICIAIS
2025-02,CURTIMENTO DE COURO,111431174.0,57411795.0,2579767.0,171422736.0,15,0.6500373089366629,FORA_DAS_FAIXAS_NT,2026-08,NAO_ADITIVO_ENTRE_SETORES_PORTFOLIO,DADO_CALCULADO_SOBRE_DADOS_OFICIAIS
2025-02,DEFENSIVOS AGRÍCOLAS,15851671.0,225863612.0,28949433.0,270664716.0,7,0.05856570902281921,ALTA,2026-08,NAO_ADITIVO_ENTRE_SETORES_PORTFOLIO,DADO_CALCULADO_SOBRE_DADOS_OFICIAIS
2025-02,DESTILADOS,246830014.0,113912932.0,12991065.0,373734011.0,8,0.6604430068849153,FORA_DAS_FAIXAS_NT,2026-08,NAO_ADITIVO_ENTRE_SETORES_PORTFOLIO,DADO_CALCULADO_SOBRE_DADOS_OFICIAIS
2025-02,ELETROELETRÔNICO,788988196.0,1459828332.0,230046603.0,2478863131.0,135,0.31828630880548603,FORA_DAS_FAIXAS_NT,2026-08,NAO_ADITIVO_ENTRE_SETORES_PORTFOLIO,DADO_CALCULADO_SOBRE_DADOS_OFICIAIS
2025-02,EMBALAGENS,472229877.0,471683836.0,16239493.0,960153206.0,23,0.4918276313082477,FORA_DAS_FAIXAS_NT,2026-08,NAO_ADITIVO_ENTRE_SETORES_PORTFOLIO,DADO_CALCULADO_SOBRE_DADOS_OFICIAIS
2025-02,FERTILIZANTES,172913786.0,52309033.0,587325171.0,812547990.0,9,0.21280439817468505,MEDIA,2026-08,NAO_ADITIVO_ENTRE_SETORES_PORTFOLIO,DADO_CALCULADO_SOBRE_DADOS_OFICIAIS
2025-02,LEITE,386301435.0,276204670.0,5025192.0,667531297.0,14,0.5787016080535922,FORA_DAS_FAIXAS_NT,2026-08,NAO_ADITIVO_ENTRE_SETORES_PORTFOLIO,DADO_CALCULADO_SOBRE_DADOS_OFICIAIS
2025-02,MADEIRAS,390763044.0,236654683.0,3407451.0,630825178.0,35,0.6194474438051044,FORA_DAS_FAIXAS_NT,2026-08,NAO_ADITIVO_ENTRE_SETORES_PORTFOLIO,DADO_CALCULADO_SOBRE_DADOS_OFICIAIS
2025-02,MEDICAMENTOS,18996349.0,754623459.0,438231.0,774058039.0,19,0.024541246318611,CRITICA,2026-08,NAO_ADITIVO_ENTRE_SETORES_PORTFOLIO,DADO_CALCULADO_SOBRE_DADOS_OFICIAIS
2025-02,METALURGIA,1893136139.0,1921254458.0,213716996.0,4028107593.0,130,0.46998152241262636,FORA_DAS_FAIXAS_NT,2026-08,NAO_ADITIVO_ENTRE_SETORES_PORTFOLIO,DADO_CALCULADO_SOBRE_DADOS_OFICIAIS
2025-02,MÁQUINAS E EQUIPAMENTOS,1681506951.0,1991566204.0,351755345.0,4024828500.0,209,0.4177835033219428,FORA_DAS_FAIXAS_NT,2026-08,NAO_ADITIVO_ENTRE_SETORES_PORTFOLIO,DADO_CALCULADO_SOBRE_DADOS_OFICIAIS
2025-02,MÓVEIS,397033092.0,282485216.0,12956108.0,692474416.0,20,0.5733541670657187,FORA_DAS_FAIXAS_NT,2026-08,NAO_ADITIVO_ENTRE_SETORES_PORTFOLIO,DADO_CALCULADO_SOBRE_DADOS_OFICIAIS
2025-02,OUTRAS BEBIDAS,274605995.0,88840065.0,0.0,363446060.0,2,0.7555618982360134,FORA_DAS_FAIXAS_NT,2026-08,NAO_ADITIVO_ENTRE_SETORES_PORTFOLIO,DADO_CALCULADO_SOBRE_DADOS_OFICIAIS
2025-02,OUTRAS INDÚSTRIAS,1010952983.0,846494642.0,94171887.0,1951619512.0,80,0.5180072123607667,FORA_DAS_FAIXAS_NT,2026-08,NAO_ADITIVO_ENTRE_SETORES_PORTFOLIO,DADO_CALCULADO_SOBRE_DADOS_OFICIAIS
2025-02,OUTROS AGRO,531728892.0,90996506.0,8905355.0,631630753.0,14,0.8418350269908407,FORA_DAS_FAIXAS_NT,2026-08,NAO_ADITIVO_ENTRE_SETORES_PORTFOLIO,DADO_CALCULADO_SOBRE_DADOS_OFICIAIS
2025-02,OUTROS METAL MECÂN.,2119779821.0,2208792326.0,315341187.0,4643913334.0,184,0.45646412164504013,FORA_DAS_FAIXAS_NT,2026-08,NAO_ADITIVO_ENTRE_SETORES_PORTFOLIO,DADO_CALCULADO_SOBRE_DADOS_OFICIAIS
2025-02,OUTROS PRODUTOS DE PAPEL,378106600.0,634788032.0,3019613.0,1015914245.0,30,0.3721835793335096,FORA_DAS_FAIXAS_NT,2026-08,NAO_ADITIVO_ENTRE_SETORES_PORTFOLIO,DADO_CALCULADO_SOBRE_DADOS_OFICIAIS
2025-02,OUTROS QUÍMICOS,496238984.0,1125101416.0,170950648.0,1792291048.0,137,0.27687410733527246,MEDIA,2026-08,NAO_ADITIVO_ENTRE_SETORES_PORTFOLIO,DADO_CALCULADO_SOBRE_DADOS_OFICIAIS
2025-02,PEÇAS E ACESSÓRIOS PARA VEÍCULOS,722078047.0,778699072.0,178278261.0,1679055380.0,47,0.43005016725535283,FORA_DAS_FAIXAS_NT,2026-08,NAO_ADITIVO_ENTRE_SETORES_PORTFOLIO,DADO_CALCULADO_SOBRE_DADOS_OFICIAIS
2025-02,PLÁSTICOS,1533085058.0,1553972971.0,264670019.0,3351728048.0,115,0.4574013869994025,FORA_DAS_FAIXAS_NT,2026-08,NAO_ADITIVO_ENTRE_SETORES_PORTFOLIO,DADO_CALCULADO_SOBRE_DADOS_OFICIAIS
2025-02,PNEUMÁTICOS E BORRACHA,278286680.0,472184665.0,54508893.0,804980238.0,23,0.345706225896194,FORA_DAS_FAIXAS_NT,2026-08,NAO_ADITIVO_ENTRE_SETORES_PORTFOLIO,DADO_CALCULADO_SOBRE_DADOS_OFICIAIS
2025-02,PRODUTOS DE LIMPEZA,119239135.0,235653944.0,8871193.0,363764272.0,19,0.32779232095668814,FORA_DAS_FAIXAS_NT,2026-08,NAO_ADITIVO_ENTRE_SETORES_PORTFOLIO,DADO_CALCULADO_SOBRE_DADOS_OFICIAIS
2025-02,RAÇÃO ANIMAL,545304359.0,659519162.0,2132002.0,1206955523.0,8,0.45180153585493804,FORA_DAS_FAIXAS_NT,2026-08,NAO_ADITIVO_ENTRE_SETORES_PORTFOLIO,DADO_CALCULADO_SOBRE_DADOS_OFICIAIS
2025-02,REFRIGERANTE,432166284.0,210912136.0,571917.0,643650337.0,2,0.6714302147564944,FORA_DAS_FAIXAS_NT,2026-08,NAO_ADITIVO_ENTRE_SETORES_PORTFOLIO,DADO_CALCULADO_SOBRE_DADOS_OFICIAIS
2025-02,SUCOS E REFRESCOS,394322620.0,188139134.0,5025192.0,587486946.0,13,0.6712023521285186,FORA_DAS_FAIXAS_NT,2026-08,NAO_ADITIVO_ENTRE_SETORES_PORTFOLIO,DADO_CALCULADO_SOBRE_DADOS_OFICIAIS
2025-02,SUINOS,212475974.0,176602181.0,0.0,389078155.0,10,0.5461010115050021,FORA_DAS_FAIXAS_NT,2026-08,NAO_ADITIVO_ENTRE_SETORES_PORTFOLIO,DADO_CALCULADO_SOBRE_DADOS_OFICIAIS
2025-02,TABACOS,137969792.0,136152401.0,7328242.0,281450435.0,4,0.49020990854037944,FORA_DAS_FAIXAS_NT,2026-08,NAO_ADITIVO_ENTRE_SETORES_PORTFOLIO,DADO_CALCULADO_SOBRE_DADOS_OFICIAIS
2025-02,TINTAS E SOLVENTES,229467881.0,354735516.0,45814999.0,630018396.0,41,0.3642240964024168,FORA_DAS_FAIXAS_NT,2026-08,NAO_ADITIVO_ENTRE_SETORES_PORTFOLIO,DADO_CALCULADO_SOBRE_DADOS_OFICIAIS
2025-02,TRATORES,139383170.0,161730869.0,72574148.0,373688187.0,7,0.372993246372008,FORA_DAS_FAIXAS_NT,2026-08,NAO_ADITIVO_ENTRE_SETORES_PORTFOLIO,DADO_CALCULADO_SOBRE_DADOS_OFICIAIS
2025-02,TRIGO,203777478.0,124956598.0,10243351.0,338977427.0,7,0.6011535334475236,FORA_DAS_FAIXAS_NT,2026-08,NAO_ADITIVO_ENTRE_SETORES_PORTFOLIO,DADO_CALCULADO_SOBRE_DADOS_OFICIAIS
2025-02,TÊXTIL,678220816.0,1044798281.0,101684554.0,1824703651.0,138,0.37168820023367183,FORA_DAS_FAIXAS_NT,2026-08,NAO_ADITIVO_ENTRE_SETORES_PORTFOLIO,DADO_CALCULADO_SOBRE_DADOS_OFICIAIS
2025-02,VESTUÁRIO,308638584.0,825535189.0,19662742.0,1153836515.0,120,0.2674890073140041,MEDIA,2026-08,NAO_ADITIVO_ENTRE_SETORES_PORTFOLIO,DADO_CALCULADO_SOBRE_DADOS_OFICIAIS
2025-02,VEÍCULOS,238645920.0,550079466.0,21336115.0,810061501.0,8,0.29460222428222765,MEDIA,2026-08,NAO_ADITIVO_ENTRE_SETORES_PORTFOLIO,DADO_CALCULADO_SOBRE_DADOS_OFICIAIS
2025-02,VIDRO,86075403.0,93045713.0,5343102.0,184464218.0,12,0.46662384679938307,FORA_DAS_FAIXAS_NT,2026-08,NAO_ADITIVO_ENTRE_SETORES_PORTFOLIO,DADO_CALCULADO_SOBRE_DADOS_OFICIAIS
2025-02,VINHO,161763766.0,17644145.0,20657274.0,200065185.0,6,0.8085553016133217,FORA_DAS_FAIXAS_NT,2026-08,NAO_ADITIVO_ENTRE_SETORES_PORTFOLIO,DADO_CALCULADO_SOBRE_DADOS_OFICIAIS
2025-02,ÓLEOS VEGETAIS,698441863.0,42842226.0,0.0,741284089.0,3,0.9422053884121611,FORA_DAS_FAIXAS_NT,2026-08,NAO_ADITIVO_ENTRE_SETORES_PORTFOLIO,DADO_CALCULADO_SOBRE_DADOS_OFICIAIS
2025-03,ALIMENTOS,1661315994.0,1496561918.0,29793740.0,3187671652.0,81,0.5211691087937685,FORA_DAS_FAIXAS_NT,2026-08,NAO_ADITIVO_ENTRE_SETORES_PORTFOLIO,DADO_CALCULADO_SOBRE_DADOS_OFICIAIS
2025-03,ARROZ,192286574.0,13188564.0,18269356.0,223744494.0,4,0.8594024843355474,FORA_DAS_FAIXAS_NT,2026-08,NAO_ADITIVO_ENTRE_SETORES_PORTFOLIO,DADO_CALCULADO_SOBRE_DADOS_OFICIAIS
2025-03,ARTEFATOS DOMÉSTICOS E FERRAMENTAS,466356679.0,624175902.0,83659631.0,1174192212.0,74,0.397172348985057,FORA_DAS_FAIXAS_NT,2026-08,NAO_ADITIVO_ENTRE_SETORES_PORTFOLIO,DADO_CALCULADO_SOBRE_DADOS_OFICIAIS
2025-03,AVES,386814654.0,259685559.0,0.0,646500213.0,17,0.5983210000891369,FORA_DAS_FAIXAS_NT,2026-08,NAO_ADITIVO_ENTRE_SETORES_PORTFOLIO,DADO_CALCULADO_SOBRE_DADOS_OFICIAIS
2025-03,BIODIESEL,615136236.0,14710729.0,0.0,629846965.0,2,0.9766439630299719,FORA_DAS_FAIXAS_NT,2026-08,NAO_ADITIVO_ENTRE_SETORES_PORTFOLIO,DADO_CALCULADO_SOBRE_DADOS_OFICIAIS
2025-03,BOVINOS,688303089.0,440370640.0,0.0,1128673729.0,6,0.6098335340983204,FORA_DAS_FAIXAS_NT,2026-08,NAO_ADITIVO_ENTRE_SETORES_PORTFOLIO,DADO_CALCULADO_SOBRE_DADOS_OFICIAIS
2025-03,CALÇADOS E ARTEFATOS,444532091.0,258863814.0,7729270.0,711125175.0,14,0.6251108899357979,FORA_DAS_FAIXAS_NT,2026-08,NAO_ADITIVO_ENTRE_SETORES_PORTFOLIO,DADO_CALCULADO_SOBRE_DADOS_OFICIAIS
2025-03,CERVEJA E CHOPP,232300834.0,150225974.0,2663934.0,385190742.0,2,0.6030800034129584,FORA_DAS_FAIXAS_NT,2026-08,NAO_ADITIVO_ENTRE_SETORES_PORTFOLIO,DADO_CALCULADO_SOBRE_DADOS_OFICIAIS
2025-03,CHÁ E MATE,29703193.0,28670390.0,0.0,58373583.0,3,0.5088464931131604,FORA_DAS_FAIXAS_NT,2026-08,NAO_ADITIVO_ENTRE_SETORES_PORTFOLIO,DADO_CALCULADO_SOBRE_DADOS_OFICIAIS
2025-03,CIMENTO,251659556.0,144791179.0,267817.0,396718552.0,8,0.6343528799732058,FORA_DAS_FAIXAS_NT,2026-08,NAO_ADITIVO_ENTRE_SETORES_PORTFOLIO,DADO_CALCULADO_SOBRE_DADOS_OFICIAIS
2025-03,COMBUSTÍVEIS E DERIVADOS,148862158.0,10735652.0,0.0,159597810.0,4,0.9327330870016324,FORA_DAS_FAIXAS_NT,2026-08,NAO_ADITIVO_ENTRE_SETORES_PORTFOLIO,DADO_CALCULADO_SOBRE_DADOS_OFICIAIS
2025-03,COSMÉTICOS,74179122.0,819297710.0,2771884.0,896248716.0,17,0.08276622401320126,ALTA,2026-08,NAO_ADITIVO_ENTRE_SETORES_PORTFOLIO,DADO_CALCULADO_SOBRE_DADOS_OFICIAIS
2025-03,CURTIMENTO DE COURO,115008878.0,66062361.0,248072.0,181319311.0,15,0.6342891850057825,FORA_DAS_FAIXAS_NT,2026-08,NAO_ADITIVO_ENTRE_SETORES_PORTFOLIO,DADO_CALCULADO_SOBRE_DADOS_OFICIAIS
2025-03,DEFENSIVOS AGRÍCOLAS,26876030.0,321001417.0,7670071.0,355547518.0,6,0.07559054314647191,ALTA,2026-08,NAO_ADITIVO_ENTRE_SETORES_PORTFOLIO,DADO_CALCULADO_SOBRE_DADOS_OFICIAIS
2025-03,DESTILADOS,295578921.0,112306009.0,15798538.0,423683468.0,8,0.6976409119649672,FORA_DAS_FAIXAS_NT,2026-08,NAO_ADITIVO_ENTRE_SETORES_PORTFOLIO,DADO_CALCULADO_SOBRE_DADOS_OFICIAIS
2025-03,ELETROELETRÔNICO,868175602.0,1574518574.0,237323603.0,2680017779.0,135,0.3239439711194543,FORA_DAS_FAIXAS_NT,2026-08,NAO_ADITIVO_ENTRE_SETORES_PORTFOLIO,DADO_CALCULADO_SOBRE_DADOS_OFICIAIS
2025-03,EMBALAGENS,505666415.0,499408417.0,19897182.0,1024972014.0,23,0.49334655785050535,FORA_DAS_FAIXAS_NT,2026-08,NAO_ADITIVO_ENTRE_SETORES_PORTFOLIO,DADO_CALCULADO_SOBRE_DADOS_OFICIAIS
2025-03,FERTILIZANTES,317198763.0,41948858.0,668392277.0,1027539898.0,9,0.30869727162652716,FORA_DAS_FAIXAS_NT,2026-08,NAO_ADITIVO_ENTRE_SETORES_PORTFOLIO,DADO_CALCULADO_SOBRE_DADOS_OFICIAIS
2025-03,LEITE,436765823.0,305274615.0,5844845.0,747885283.0,14,0.5840010933869386,FORA_DAS_FAIXAS_NT,2026-08,NAO_ADITIVO_ENTRE_SETORES_PORTFOLIO,DADO_CALCULADO_SOBRE_DADOS_OFICIAIS
2025-03,MADEIRAS,396368078.0,264977300.0,4581288.0,665926666.0,35,0.595212803807439,FORA_DAS_FAIXAS_NT,2026-08,NAO_ADITIVO_ENTRE_SETORES_PORTFOLIO,DADO_CALCULADO_SOBRE_DADOS_OFICIAIS
2025-03,MEDICAMENTOS,20613173.0,1005222456.0,4257039.0,1030092668.0,19,0.0200109889530832,CRITICA,2026-08,NAO_ADITIVO_ENTRE_SETORES_PORTFOLIO,DADO_CALCULADO_SOBRE_DADOS_OFICIAIS
2025-03,METALURGIA,1953897811.0,2014662108.0,243126783.0,4211686702.0,130,0.4639228768066139,FORA_DAS_FAIXAS_NT,2026-08,NAO_ADITIVO_ENTRE_SETORES_PORTFOLIO,DADO_CALCULADO_SOBRE_DADOS_OFICIAIS
2025-03,MÁQUINAS E EQUIPAMENTOS,1769451948.0,1992858810.0,376861881.0,4139172639.0,209,0.4274892840486811,FORA_DAS_FAIXAS_NT,2026-08,NAO_ADITIVO_ENTRE_SETORES_PORTFOLIO,DADO_CALCULADO_SOBRE_DADOS_OFICIAIS
2025-03,MÓVEIS,406277140.0,282468024.0,11060814.0,699805978.0,20,0.5805568297103058,FORA_DAS_FAIXAS_NT,2026-08,NAO_ADITIVO_ENTRE_SETORES_PORTFOLIO,DADO_CALCULADO_SOBRE_DADOS_OFICIAIS
2025-03,OUTRAS BEBIDAS,309400023.0,78284762.0,0.0,387684785.0,2,0.7980711004689028,FORA_DAS_FAIXAS_NT,2026-08,NAO_ADITIVO_ENTRE_SETORES_PORTFOLIO,DADO_CALCULADO_SOBRE_DADOS_OFICIAIS
2025-03,OUTRAS INDÚSTRIAS,1040175322.0,894487474.0,59543354.0,1994206150.0,80,0.5215986932945724,FORA_DAS_FAIXAS_NT,2026-08,NAO_ADITIVO_ENTRE_SETORES_PORTFOLIO,DADO_CALCULADO_SOBRE_DADOS_OFICIAIS
2025-03,OUTROS AGRO,578927208.0,76662102.0,6336188.0,661925498.0,14,0.8746108281811498,FORA_DAS_FAIXAS_NT,2026-08,NAO_ADITIVO_ENTRE_SETORES_PORTFOLIO,DADO_CALCULADO_SOBRE_DADOS_OFICIAIS
2025-03,OUTROS METAL MECÂN.,2235559478.0,2292630097.0,366752047.0,4894941622.0,185,0.45670809799904905,FORA_DAS_FAIXAS_NT,2026-08,NAO_ADITIVO_ENTRE_SETORES_PORTFOLIO,DADO_CALCULADO_SOBRE_DADOS_OFICIAIS
2025-03,OUTROS PRODUTOS DE PAPEL,387090021.0,660890652.0,1770201.0,1049750874.0,30,0.36874465226689584,FORA_DAS_FAIXAS_NT,2026-08,NAO_ADITIVO_ENTRE_SETORES_PORTFOLIO,DADO_CALCULADO_SOBRE_DADOS_OFICIAIS
2025-03,OUTROS QUÍMICOS,511729468.0,1197404961.0,104605783.0,1813740212.0,137,0.2821404436061541,MEDIA,2026-08,NAO_ADITIVO_ENTRE_SETORES_PORTFOLIO,DADO_CALCULADO_SOBRE_DADOS_OFICIAIS
2025-03,PEÇAS E ACESSÓRIOS PARA VEÍCULOS,702405681.0,841114565.0,259332480.0,1802852726.0,47,0.3896079091043846,FORA_DAS_FAIXAS_NT,2026-08,NAO_ADITIVO_ENTRE_SETORES_PORTFOLIO,DADO_CALCULADO_SOBRE_DADOS_OFICIAIS
2025-03,PLÁSTICOS,1527471954.0,1599490810.0,266823403.0,3393786167.0,115,0.4500790205501477,FORA_DAS_FAIXAS_NT,2026-08,NAO_ADITIVO_ENTRE_SETORES_PORTFOLIO,DADO_CALCULADO_SOBRE_DADOS_OFICIAIS
2025-03,PNEUMÁTICOS E BORRACHA,271849024.0,506647797.0,73754397.0,852251218.0,23,0.3189775717046848,FORA_DAS_FAIXAS_NT,2026-08,NAO_ADITIVO_ENTRE_SETORES_PORTFOLIO,DADO_CALCULADO_SOBRE_DADOS_OFICIAIS
2025-03,PRODUTOS DE LIMPEZA,125059832.0,272269439.0,8976248.0,406305519.0,19,0.3077975221892076,FORA_DAS_FAIXAS_NT,2026-08,NAO_ADITIVO_ENTRE_SETORES_PORTFOLIO,DADO_CALCULADO_SOBRE_DADOS_OFICIAIS
2025-03,RAÇÃO ANIMAL,583543381.0,626790579.0,0.0,1210333960.0,8,0.48213418798890845,FORA_DAS_FAIXAS_NT,2026-08,NAO_ADITIVO_ENTRE_SETORES_PORTFOLIO,DADO_CALCULADO_SOBRE_DADOS_OFICIAIS
2025-03,REFRIGERANTE,484828628.0,203336048.0,58650.0,688223326.0,2,0.7044641029792704,FORA_DAS_FAIXAS_NT,2026-08,NAO_ADITIVO_ENTRE_SETORES_PORTFOLIO,DADO_CALCULADO_SOBRE_DADOS_OFICIAIS
2025-03,SUCOS E REFRESCOS,342099689.0,187660578.0,5844845.0,535605112.0,13,0.6387162507142016,FORA_DAS_FAIXAS_NT,2026-08,NAO_ADITIVO_ENTRE_SETORES_PORTFOLIO,DADO_CALCULADO_SOBRE_DADOS_OFICIAIS
2025-03,SUINOS,229558561.0,148882734.0,0.0,378441295.0,10,0.6065896191376261,FORA_DAS_FAIXAS_NT,2026-08,NAO_ADITIVO_ENTRE_SETORES_PORTFOLIO,DADO_CALCULADO_SOBRE_DADOS_OFICIAIS
2025-03,TABACOS,81752472.0,33997081.0,7045806.0,122795359.0,4,0.6657619039169062,FORA_DAS_FAIXAS_NT,2026-08,NAO_ADITIVO_ENTRE_SETORES_PORTFOLIO,DADO_CALCULADO_SOBRE_DADOS_OFICIAIS
2025-03,TINTAS E SOLVENTES,224179519.0,359619023.0,28389051.0,612187593.0,41,0.3661941561105764,FORA_DAS_FAIXAS_NT,2026-08,NAO_ADITIVO_ENTRE_SETORES_PORTFOLIO,DADO_CALCULADO_SOBRE_DADOS_OFICIAIS
2025-03,TRATORES,163520984.0,215556286.0,102860446.0,481937716.0,7,0.33929899771529815,FORA_DAS_FAIXAS_NT,2026-08,NAO_ADITIVO_ENTRE_SETORES_PORTFOLIO,DADO_CALCULADO_SOBRE_DADOS_OFICIAIS
2025-03,TRIGO,218896622.0,130835566.0,8599045.0,358331233.0,7,0.610877874550221,FORA_DAS_FAIXAS_NT,2026-08,NAO_ADITIVO_ENTRE_SETORES_PORTFOLIO,DADO_CALCULADO_SOBRE_DADOS_OFICIAIS
2025-03,TÊXTIL,730236818.0,1119965090.0,62464834.0,1912666742.0,138,0.3817898863219738,FORA_DAS_FAIXAS_NT,2026-08,NAO_ADITIVO_ENTRE_SETORES_PORTFOLIO,DADO_CALCULADO_SOBRE_DADOS_OFICIAIS
2025-03,VESTUÁRIO,382663177.0,973637931.0,15219830.0,1371520938.0,120,0.2790064419709209,MEDIA,2026-08,NAO_ADITIVO_ENTRE_SETORES_PORTFOLIO,DADO_CALCULADO_SOBRE_DADOS_OFICIAIS
2025-03,VEÍCULOS,259407928.0,570459616.0,32859171.0,862726715.0,9,0.30068377794467627,FORA_DAS_FAIXAS_NT,2026-08,NAO_ADITIVO_ENTRE_SETORES_PORTFOLIO,DADO_CALCULADO_SOBRE_DADOS_OFICIAIS
2025-03,VIDRO,71810832.0,99418632.0,5640663.0,176870127.0,12,0.4060088225073757,FORA_DAS_FAIXAS_NT,2026-08,NAO_ADITIVO_ENTRE_SETORES_PORTFOLIO,DADO_CALCULADO_SOBRE_DADOS_OFICIAIS
2025-03,VINHO,85559152.0,26675641.0,16954403.0,129189196.0,6,0.6622779198966452,FORA_DAS_FAIXAS_NT,2026-08,NAO_ADITIVO_ENTRE_SETORES_PORTFOLIO,DADO_CALCULADO_SOBRE_DADOS_OFICIAIS
2025-03,ÓLEOS VEGETAIS,737536679.0,25492867.0,0.0,763029546.0,3,0.9665899346445491,FORA_DAS_FAIXAS_NT,2026-08,NAO_ADITIVO_ENTRE_SETORES_PORTFOLIO,DADO_CALCULADO_SOBRE_DADOS_OFICIAIS
2025-04,ALIMENTOS,1678972145.0,1369384124.0,32542222.0,3080898491.0,81,0.544961851195246,FORA_DAS_FAIXAS_NT,2026-08,NAO_ADITIVO_ENTRE_SETORES_PORTFOLIO,DADO_CALCULADO_SOBRE_DADOS_OFICIAIS
2025-04,ARROZ,196405186.0,17031900.0,17257182.0,230694268.0,4,0.8513656958308128,FORA_DAS_FAIXAS_NT,2026-08,NAO_ADITIVO_ENTRE_SETORES_PORTFOLIO,DADO_CALCULADO_SOBRE_DADOS_OFICIAIS
2025-04,ARTEFATOS DOMÉSTICOS E FERRAMENTAS,473225146.0,744138816.0,78124230.0,1295488192.0,74,0.36528711641086115,FORA_DAS_FAIXAS_NT,2026-08,NAO_ADITIVO_ENTRE_SETORES_PORTFOLIO,DADO_CALCULADO_SOBRE_DADOS_OFICIAIS
2025-04,AVES,423283394.0,222988253.0,0.0,646271647.0,17,0.6549620364205766,FORA_DAS_FAIXAS_NT,2026-08,NAO_ADITIVO_ENTRE_SETORES_PORTFOLIO,DADO_CALCULADO_SOBRE_DADOS_OFICIAIS
2025-04,BIODIESEL,742846821.0,33348422.0,0.0,776195243.0,2,0.957036039191495,FORA_DAS_FAIXAS_NT,2026-08,NAO_ADITIVO_ENTRE_SETORES_PORTFOLIO,DADO_CALCULADO_SOBRE_DADOS_OFICIAIS
2025-04,BOVINOS,707537296.0,410218157.0,0.0,1117755453.0,6,0.632998295021514,FORA_DAS_FAIXAS_NT,2026-08,NAO_ADITIVO_ENTRE_SETORES_PORTFOLIO,DADO_CALCULADO_SOBRE_DADOS_OFICIAIS
2025-04,CALÇADOS E ARTEFATOS,426212078.0,226768192.0,7512116.0,660492386.0,14,0.6452944606692257,FORA_DAS_FAIXAS_NT,2026-08,NAO_ADITIVO_ENTRE_SETORES_PORTFOLIO,DADO_CALCULADO_SOBRE_DADOS_OFICIAIS
2025-04,CERVEJA E CHOPP,158424450.0,102575317.0,2629484.0,263629251.0,2,0.6009365402324038,FORA_DAS_FAIXAS_NT,2026-08,NAO_ADITIVO_ENTRE_SETORES_PORTFOLIO,DADO_CALCULADO_SOBRE_DADOS_OFICIAIS
2025-04,CHÁ E MATE,32912706.0,28876074.0,3307.0,61792087.0,3,0.5326362581021095,FORA_DAS_FAIXAS_NT,2026-08,NAO_ADITIVO_ENTRE_SETORES_PORTFOLIO,DADO_CALCULADO_SOBRE_DADOS_OFICIAIS
2025-04,CIMENTO,256208288.0,134041689.0,0.0,390249977.0,8,0.6565235185138781,FORA_DAS_FAIXAS_NT,2026-08,NAO_ADITIVO_ENTRE_SETORES_PORTFOLIO,DADO_CALCULADO_SOBRE_DADOS_OFICIAIS
2025-04,COMBUSTÍVEIS E DERIVADOS,90668178.0,73196924.0,0.0,163865102.0,4,0.553309868259808,FORA_DAS_FAIXAS_NT,2026-08,NAO_ADITIVO_ENTRE_SETORES_PORTFOLIO,DADO_CALCULADO_SOBRE_DADOS_OFICIAIS
2025-04,COSMÉTICOS,82885950.0,728959123.0,2964953.0,814810026.0,17,0.10172426376108436,ALTA,2026-08,NAO_ADITIVO_ENTRE_SETORES_PORTFOLIO,DADO_CALCULADO_SOBRE_DADOS_OFICIAIS
2025-04,CURTIMENTO DE COURO,105392441.0,53842021.0,10331099.0,169565561.0,15,0.6215439053688502,FORA_DAS_FAIXAS_NT,2026-08,NAO_ADITIVO_ENTRE_SETORES_PORTFOLIO,DADO_CALCULADO_SOBRE_DADOS_OFICIAIS
2025-04,DEFENSIVOS AGRÍCOLAS,26434921.0,233494109.0,2827399.0,262756429.0,6,0.10060618155226946,ALTA,2026-08,NAO_ADITIVO_ENTRE_SETORES_PORTFOLIO,DADO_CALCULADO_SOBRE_DADOS_OFICIAIS
2025-04,DESTILADOS,294376672.0,102704906.0,21645768.0,418727346.0,8,0.7030271005992524,FORA_DAS_FAIXAS_NT,2026-08,NAO_ADITIVO_ENTRE_SETORES_PORTFOLIO,DADO_CALCULADO_SOBRE_DADOS_OFICIAIS
2025-04,ELETROELETRÔNICO,888005888.0,1506447380.0,252710685.0,2647163953.0,135,0.335455568210512,FORA_DAS_FAIXAS_NT,2026-08,NAO_ADITIVO_ENTRE_SETORES_PORTFOLIO,DADO_CALCULADO_SOBRE_DADOS_OFICIAIS
2025-04,EMBALAGENS,512123553.0,511745007.0,21268500.0,1045137060.0,23,0.4900061174751568,FORA_DAS_FAIXAS_NT,2026-08,NAO_ADITIVO_ENTRE_SETORES_PORTFOLIO,DADO_CALCULADO_SOBRE_DADOS_OFICIAIS
2025-04,FERTILIZANTES,456435800.0,55119528.0,861734723.0,1373290051.0,9,0.3323666400026952,FORA_DAS_FAIXAS_NT,2026-08,NAO_ADITIVO_ENTRE_SETORES_PORTFOLIO,DADO_CALCULADO_SOBRE_DADOS_OFICIAIS
2025-04,LEITE,447675684.0,272012387.0,8805857.0,728493928.0,14,0.6145221899502229,FORA_DAS_FAIXAS_NT,2026-08,NAO_ADITIVO_ENTRE_SETORES_PORTFOLIO,DADO_CALCULADO_SOBRE_DADOS_OFICIAIS
2025-04,MADEIRAS,377883372.0,262779238.0,3821715.0,644484325.0,35,0.5863344651555334,FORA_DAS_FAIXAS_NT,2026-08,NAO_ADITIVO_ENTRE_SETORES_PORTFOLIO,DADO_CALCULADO_SOBRE_DADOS_OFICIAIS
2025-04,MEDICAMENTOS,21815681.0,735556441.0,199789.0,757571911.0,19,0.028796845135405237,CRITICA,2026-08,NAO_ADITIVO_ENTRE_SETORES_PORTFOLIO,DADO_CALCULADO_SOBRE_DADOS_OFICIAIS
2025-04,METALURGIA,1960131122.0,1959704141.0,263260597.0,4183095860.0,130,0.46858384019915816,FORA_DAS_FAIXAS_NT,2026-08,NAO_ADITIVO_ENTRE_SETORES_PORTFOLIO,DADO_CALCULADO_SOBRE_DADOS_OFICIAIS
2025-04,MÁQUINAS E EQUIPAMENTOS,1770466116.0,2001991012.0,377404630.0,4149861758.0,208,0.42663255290057306,FORA_DAS_FAIXAS_NT,2026-08,NAO_ADITIVO_ENTRE_SETORES_PORTFOLIO,DADO_CALCULADO_SOBRE_DADOS_OFICIAIS
2025-04,MÓVEIS,413601503.0,285481349.0,8075920.0,707158772.0,20,0.5848778511652261,FORA_DAS_FAIXAS_NT,2026-08,NAO_ADITIVO_ENTRE_SETORES_PORTFOLIO,DADO_CALCULADO_SOBRE_DADOS_OFICIAIS
2025-04,OUTRAS BEBIDAS,273819521.0,60460303.0,0.0,334279824.0,2,0.8191326587511905,FORA_DAS_FAIXAS_NT,2026-08,NAO_ADITIVO_ENTRE_SETORES_PORTFOLIO,DADO_CALCULADO_SOBRE_DADOS_OFICIAIS
2025-04,OUTRAS INDÚSTRIAS,1026401714.0,894418455.0,63454679.0,1984274848.0,80,0.5172679152963794,FORA_DAS_FAIXAS_NT,2026-08,NAO_ADITIVO_ENTRE_SETORES_PORTFOLIO,DADO_CALCULADO_SOBRE_DADOS_OFICIAIS
2025-04,OUTROS AGRO,681093318.0,92580878.0,7250320.0,780924516.0,14,0.8721628070900517,FORA_DAS_FAIXAS_NT,2026-08,NAO_ADITIVO_ENTRE_SETORES_PORTFOLIO,DADO_CALCULADO_SOBRE_DADOS_OFICIAIS
2025-04,OUTROS METAL MECÂN.,2284389335.0,2186327099.0,364873191.0,4835589625.0,184,0.4724117454445899,FORA_DAS_FAIXAS_NT,2026-08,NAO_ADITIVO_ENTRE_SETORES_PORTFOLIO,DADO_CALCULADO_SOBRE_DADOS_OFICIAIS
2025-04,OUTROS PRODUTOS DE PAPEL,385732198.0,625726605.0,1179727.0,1012638530.0,30,0.3809179549982164,FORA_DAS_FAIXAS_NT,2026-08,NAO_ADITIVO_ENTRE_SETORES_PORTFOLIO,DADO_CALCULADO_SOBRE_DADOS_OFICIAIS
2025-04,OUTROS QUÍMICOS,557027059.0,1253198297.0,335892541.0,2146117897.0,137,0.2595510059250021,MEDIA,2026-08,NAO_ADITIVO_ENTRE_SETORES_PORTFOLIO,DADO_CALCULADO_SOBRE_DADOS_OFICIAIS
2025-04,PEÇAS E ACESSÓRIOS PARA VEÍCULOS,841739756.0,881071713.0,253204763.0,1976016232.0,47,0.42597815866524724,FORA_DAS_FAIXAS_NT,2026-08,NAO_ADITIVO_ENTRE_SETORES_PORTFOLIO,DADO_CALCULADO_SOBRE_DADOS_OFICIAIS
2025-04,PLÁSTICOS,1612725448.0,1625011633.0,264711150.0,3502448231.0,115,0.4604566125277299,FORA_DAS_FAIXAS_NT,2026-08,NAO_ADITIVO_ENTRE_SETORES_PORTFOLIO,DADO_CALCULADO_SOBRE_DADOS_OFICIAIS
2025-04,PNEUMÁTICOS E BORRACHA,282051877.0,461341087.0,67942220.0,811335184.0,23,0.34763915402934137,FORA_DAS_FAIXAS_NT,2026-08,NAO_ADITIVO_ENTRE_SETORES_PORTFOLIO,DADO_CALCULADO_SOBRE_DADOS_OFICIAIS
2025-04,PRODUTOS DE LIMPEZA,125434202.0,231746107.0,9579048.0,366759357.0,19,0.3420068216555413,FORA_DAS_FAIXAS_NT,2026-08,NAO_ADITIVO_ENTRE_SETORES_PORTFOLIO,DADO_CALCULADO_SOBRE_DADOS_OFICIAIS
2025-04,RAÇÃO ANIMAL,735347522.0,596536071.0,0.0,1331883593.0,8,0.5521109546395621,FORA_DAS_FAIXAS_NT,2026-08,NAO_ADITIVO_ENTRE_SETORES_PORTFOLIO,DADO_CALCULADO_SOBRE_DADOS_OFICIAIS
2025-04,REFRIGERANTE,387091465.0,140984983.0,353849.0,528430297.0,2,0.7325307939336415,FORA_DAS_FAIXAS_NT,2026-08,NAO_ADITIVO_ENTRE_SETORES_PORTFOLIO,DADO_CALCULADO_SOBRE_DADOS_OFICIAIS
2025-04,SUCOS E REFRESCOS,306478828.0,153523135.0,8805857.0,468807820.0,13,0.6537408612339274,FORA_DAS_FAIXAS_NT,2026-08,NAO_ADITIVO_ENTRE_SETORES_PORTFOLIO,DADO_CALCULADO_SOBRE_DADOS_OFICIAIS
2025-04,SUINOS,252082462.0,154132995.0,0.0,406215457.0,10,0.6205634415334422,FORA_DAS_FAIXAS_NT,2026-08,NAO_ADITIVO_ENTRE_SETORES_PORTFOLIO,DADO_CALCULADO_SOBRE_DADOS_OFICIAIS
2025-04,TABACOS,71882291.0,177374121.0,30264065.0,279520477.0,4,0.25716288041394547,MEDIA,2026-08,NAO_ADITIVO_ENTRE_SETORES_PORTFOLIO,DADO_CALCULADO_SOBRE_DADOS_OFICIAIS
2025-04,TINTAS E SOLVENTES,223508806.0,447285200.0,21804692.0,692598698.0,41,0.3227104045176822,FORA_DAS_FAIXAS_NT,2026-08,NAO_ADITIVO_ENTRE_SETORES_PORTFOLIO,DADO_CALCULADO_SOBRE_DADOS_OFICIAIS
2025-04,TRATORES,181599848.0,201339188.0,104476190.0,487415226.0,7,0.3725772981905165,FORA_DAS_FAIXAS_NT,2026-08,NAO_ADITIVO_ENTRE_SETORES_PORTFOLIO,DADO_CALCULADO_SOBRE_DADOS_OFICIAIS
2025-04,TRIGO,228855478.0,134866026.0,8950935.0,372672439.0,7,0.6140928441450966,FORA_DAS_FAIXAS_NT,2026-08,NAO_ADITIVO_ENTRE_SETORES_PORTFOLIO,DADO_CALCULADO_SOBRE_DADOS_OFICIAIS
2025-04,TÊXTIL,778883497.0,1130709047.0,53865185.0,1963457729.0,138,0.3966897201279142,FORA_DAS_FAIXAS_NT,2026-08,NAO_ADITIVO_ENTRE_SETORES_PORTFOLIO,DADO_CALCULADO_SOBRE_DADOS_OFICIAIS
2025-04,VESTUÁRIO,405308553.0,1001787105.0,13787459.0,1420883117.0,120,0.28525115693946274,MEDIA,2026-08,NAO_ADITIVO_ENTRE_SETORES_PORTFOLIO,DADO_CALCULADO_SOBRE_DADOS_OFICIAIS
2025-04,VEÍCULOS,250418011.0,605190912.0,42628527.0,898237450.0,9,0.2787882101776095,MEDIA,2026-08,NAO_ADITIVO_ENTRE_SETORES_PORTFOLIO,DADO_CALCULADO_SOBRE_DADOS_OFICIAIS
2025-04,VIDRO,80170352.0,96277003.0,5453734.0,181901089.0,12,0.44073596502767504,FORA_DAS_FAIXAS_NT,2026-08,NAO_ADITIVO_ENTRE_SETORES_PORTFOLIO,DADO_CALCULADO_SOBRE_DADOS_OFICIAIS
2025-04,VINHO,104989362.0,35314887.0,27619725.0,167923974.0,6,0.6252196127754813,FORA_DAS_FAIXAS_NT,2026-08,NAO_ADITIVO_ENTRE_SETORES_PORTFOLIO,DADO_CALCULADO_SOBRE_DADOS_OFICIAIS
2025-04,ÓLEOS VEGETAIS,856327311.0,45600887.0,0.0,901928198.0,3,0.9494406682249001,FORA_DAS_FAIXAS_NT,2026-08,NAO_ADITIVO_ENTRE_SETORES_PORTFOLIO,DADO_CALCULADO_SOBRE_DADOS_OFICIAIS
2025-05,ALIMENTOS,1635112494.0,1412189156.0,42638615.0,3089940265.0,81,0.5291728492362943,FORA_DAS_FAIXAS_NT,2026-08,NAO_ADITIVO_ENTRE_SETORES_PORTFOLIO,DADO_CALCULADO_SOBRE_DADOS_OFICIAIS
2025-05,ARROZ,213738522.0,16352071.0,28258307.0,258348900.0,4,0.8273250708634718,FORA_DAS_FAIXAS_NT,2026-08,NAO_ADITIVO_ENTRE_SETORES_PORTFOLIO,DADO_CALCULADO_SOBRE_DADOS_OFICIAIS
2025-05,ARTEFATOS DOMÉSTICOS E FERRAMENTAS,492194348.0,648810177.0,86372959.0,1227377484.0,74,0.4010130171167455,FORA_DAS_FAIXAS_NT,2026-08,NAO_ADITIVO_ENTRE_SETORES_PORTFOLIO,DADO_CALCULADO_SOBRE_DADOS_OFICIAIS
2025-05,AVES,405434667.0,239233655.0,0.0,644668322.0,17,0.6289042801764967,FORA_DAS_FAIXAS_NT,2026-08,NAO_ADITIVO_ENTRE_SETORES_PORTFOLIO,DADO_CALCULADO_SOBRE_DADOS_OFICIAIS
2025-05,BIODIESEL,666773518.0,17642747.0,0.0,684416265.0,2,0.9742221979484955,FORA_DAS_FAIXAS_NT,2026-08,NAO_ADITIVO_ENTRE_SETORES_PORTFOLIO,DADO_CALCULADO_SOBRE_DADOS_OFICIAIS
2025-05,BOVINOS,730108061.0,439922493.0,0.0,1170030554.0,6,0.6240076880932461,FORA_DAS_FAIXAS_NT,2026-08,NAO_ADITIVO_ENTRE_SETORES_PORTFOLIO,DADO_CALCULADO_SOBRE_DADOS_OFICIAIS
2025-05,CALÇADOS E ARTEFATOS,415296172.0,210831907.0,4211793.0,630339872.0,14,0.6588448398200011,FORA_DAS_FAIXAS_NT,2026-08,NAO_ADITIVO_ENTRE_SETORES_PORTFOLIO,DADO_CALCULADO_SOBRE_DADOS_OFICIAIS
2025-05,CERVEJA E CHOPP,160650112.0,118950083.0,2041783.0,281641978.0,2,0.5704054244356997,FORA_DAS_FAIXAS_NT,2026-08,NAO_ADITIVO_ENTRE_SETORES_PORTFOLIO,DADO_CALCULADO_SOBRE_DADOS_OFICIAIS
2025-05,CHÁ E MATE,36007315.0,29566064.0,0.0,65573379.0,3,0.5491148321028264,FORA_DAS_FAIXAS_NT,2026-08,NAO_ADITIVO_ENTRE_SETORES_PORTFOLIO,DADO_CALCULADO_SOBRE_DADOS_OFICIAIS
2025-05,CIMENTO,258389767.0,140370914.0,295798.0,399056479.0,8,0.64750174623778,FORA_DAS_FAIXAS_NT,2026-08,NAO_ADITIVO_ENTRE_SETORES_PORTFOLIO,DADO_CALCULADO_SOBRE_DADOS_OFICIAIS
2025-05,COMBUSTÍVEIS E DERIVADOS,100977783.0,81465607.0,0.0,182443390.0,4,0.5534746038209442,FORA_DAS_FAIXAS_NT,2026-08,NAO_ADITIVO_ENTRE_SETORES_PORTFOLIO,DADO_CALCULADO_SOBRE_DADOS_OFICIAIS
2025-05,COSMÉTICOS,78832059.0,779605622.0,2086065.0,860523746.0,17,0.09160939412356438,ALTA,2026-08,NAO_ADITIVO_ENTRE_SETORES_PORTFOLIO,DADO_CALCULADO_SOBRE_DADOS_OFICIAIS
2025-05,CURTIMENTO DE COURO,114889613.0,59327347.0,11725576.0,185942536.0,15,0.6178769821661462,FORA_DAS_FAIXAS_NT,2026-08,NAO_ADITIVO_ENTRE_SETORES_PORTFOLIO,DADO_CALCULADO_SOBRE_DADOS_OFICIAIS
2025-05,DEFENSIVOS AGRÍCOLAS,37912562.0,492181531.0,22843485.0,552937578.0,7,0.06856571791906681,ALTA,2026-08,NAO_ADITIVO_ENTRE_SETORES_PORTFOLIO,DADO_CALCULADO_SOBRE_DADOS_OFICIAIS
2025-05,DESTILADOS,252576002.0,93490941.0,27094576.0,373161519.0,8,0.6768543623599088,FORA_DAS_FAIXAS_NT,2026-08,NAO_ADITIVO_ENTRE_SETORES_PORTFOLIO,DADO_CALCULADO_SOBRE_DADOS_OFICIAIS
2025-05,ELETROELETRÔNICO,883157363.0,1567127960.0,259348722.0,2709634045.0,135,0.3259323393244419,FORA_DAS_FAIXAS_NT,2026-08,NAO_ADITIVO_ENTRE_SETORES_PORTFOLIO,DADO_CALCULADO_SOBRE_DADOS_OFICIAIS
2025-05,EMBALAGENS,503437306.0,527371263.0,17649108.0,1048457677.0,23,0.4801694117405943,FORA_DAS_FAIXAS_NT,2026-08,NAO_ADITIVO_ENTRE_SETORES_PORTFOLIO,DADO_CALCULADO_SOBRE_DADOS_OFICIAIS
2025-05,FERTILIZANTES,801035905.0,67750015.0,1490456628.0,2359242548.0,9,0.33953096754679246,FORA_DAS_FAIXAS_NT,2026-08,NAO_ADITIVO_ENTRE_SETORES_PORTFOLIO,DADO_CALCULADO_SOBRE_DADOS_OFICIAIS
2025-05,LEITE,431357099.0,271226548.0,8548709.0,711132356.0,14,0.6065777985779064,FORA_DAS_FAIXAS_NT,2026-08,NAO_ADITIVO_ENTRE_SETORES_PORTFOLIO,DADO_CALCULADO_SOBRE_DADOS_OFICIAIS
2025-05,MADEIRAS,377132090.0,265008909.0,5592613.0,647733612.0,35,0.582233317853513,FORA_DAS_FAIXAS_NT,2026-08,NAO_ADITIVO_ENTRE_SETORES_PORTFOLIO,DADO_CALCULADO_SOBRE_DADOS_OFICIAIS
2025-05,MEDICAMENTOS,22717898.0,830754943.0,4291972.0,857764813.0,19,0.026484996418243145,CRITICA,2026-08,NAO_ADITIVO_ENTRE_SETORES_PORTFOLIO,DADO_CALCULADO_SOBRE_DADOS_OFICIAIS
2025-05,METALURGIA,1980268889.0,2036398071.0,248477992.0,4265144952.0,130,0.46429111115471416,FORA_DAS_FAIXAS_NT,2026-08,NAO_ADITIVO_ENTRE_SETORES_PORTFOLIO,DADO_CALCULADO_SOBRE_DADOS_OFICIAIS
2025-05,MÁQUINAS E EQUIPAMENTOS,1799961820.0,2053259451.0,420010650.0,4273231921.0,209,0.42121791030213546,FORA_DAS_FAIXAS_NT,2026-08,NAO_ADITIVO_ENTRE_SETORES_PORTFOLIO,DADO_CALCULADO_SOBRE_DADOS_OFICIAIS
2025-05,MÓVEIS,429054155.0,308293970.0,11916122.0,749264247.0,20,0.5726339628747826,FORA_DAS_FAIXAS_NT,2026-08,NAO_ADITIVO_ENTRE_SETORES_PORTFOLIO,DADO_CALCULADO_SOBRE_DADOS_OFICIAIS
2025-05,OUTRAS BEBIDAS,221369081.0,44437635.0,0.0,265806716.0,2,0.8328197433506533,FORA_DAS_FAIXAS_NT,2026-08,NAO_ADITIVO_ENTRE_SETORES_PORTFOLIO,DADO_CALCULADO_SOBRE_DADOS_OFICIAIS
2025-05,OUTRAS INDÚSTRIAS,1012455752.0,929201778.0,91602324.0,2033259854.0,80,0.4979470528610555,FORA_DAS_FAIXAS_NT,2026-08,NAO_ADITIVO_ENTRE_SETORES_PORTFOLIO,DADO_CALCULADO_SOBRE_DADOS_OFICIAIS
2025-05,OUTROS AGRO,643480563.0,84550390.0,9012327.0,737043280.0,14,0.873056685355031,FORA_DAS_FAIXAS_NT,2026-08,NAO_ADITIVO_ENTRE_SETORES_PORTFOLIO,DADO_CALCULADO_SOBRE_DADOS_OFICIAIS
2025-05,OUTROS METAL MECÂN.,2306563679.0,2322529075.0,367172876.0,4996265630.0,184,0.46165753581040087,FORA_DAS_FAIXAS_NT,2026-08,NAO_ADITIVO_ENTRE_SETORES_PORTFOLIO,DADO_CALCULADO_SOBRE_DADOS_OFICIAIS
2025-05,OUTROS PRODUTOS DE PAPEL,396693865.0,646394884.0,3015984.0,1046104733.0,30,0.379210467638712,FORA_DAS_FAIXAS_NT,2026-08,NAO_ADITIVO_ENTRE_SETORES_PORTFOLIO,DADO_CALCULADO_SOBRE_DADOS_OFICIAIS
2025-05,OUTROS QUÍMICOS,593010351.0,1411787567.0,360067837.0,2364865755.0,138,0.2507585683230463,MEDIA,2026-08,NAO_ADITIVO_ENTRE_SETORES_PORTFOLIO,DADO_CALCULADO_SOBRE_DADOS_OFICIAIS
2025-05,PEÇAS E ACESSÓRIOS PARA VEÍCULOS,774858340.0,849942126.0,249677482.0,1874477948.0,47,0.41337287580616555,FORA_DAS_FAIXAS_NT,2026-08,NAO_ADITIVO_ENTRE_SETORES_PORTFOLIO,DADO_CALCULADO_SOBRE_DADOS_OFICIAIS
2025-05,PLÁSTICOS,1587320259.0,1664879137.0,278981539.0,3531180935.0,115,0.44951541374358944,FORA_DAS_FAIXAS_NT,2026-08,NAO_ADITIVO_ENTRE_SETORES_PORTFOLIO,DADO_CALCULADO_SOBRE_DADOS_OFICIAIS
2025-05,PNEUMÁTICOS E BORRACHA,296388847.0,485946427.0,85765317.0,868100591.0,23,0.34142223847420466,FORA_DAS_FAIXAS_NT,2026-08,NAO_ADITIVO_ENTRE_SETORES_PORTFOLIO,DADO_CALCULADO_SOBRE_DADOS_OFICIAIS
2025-05,PRODUTOS DE LIMPEZA,123618149.0,259394604.0,8242221.0,391254974.0,19,0.3159529136107545,FORA_DAS_FAIXAS_NT,2026-08,NAO_ADITIVO_ENTRE_SETORES_PORTFOLIO,DADO_CALCULADO_SOBRE_DADOS_OFICIAIS
2025-05,RAÇÃO ANIMAL,710146507.0,594337329.0,0.0,1304483836.0,8,0.5443888896144207,FORA_DAS_FAIXAS_NT,2026-08,NAO_ADITIVO_ENTRE_SETORES_PORTFOLIO,DADO_CALCULADO_SOBRE_DADOS_OFICIAIS
2025-05,REFRIGERANTE,348507512.0,138635043.0,290484.0,487433039.0,2,0.7149854115654233,FORA_DAS_FAIXAS_NT,2026-08,NAO_ADITIVO_ENTRE_SETORES_PORTFOLIO,DADO_CALCULADO_SOBRE_DADOS_OFICIAIS
2025-05,SUCOS E REFRESCOS,257774225.0,134110885.0,8776167.0,400661277.0,13,0.643371944826103,FORA_DAS_FAIXAS_NT,2026-08,NAO_ADITIVO_ENTRE_SETORES_PORTFOLIO,DADO_CALCULADO_SOBRE_DADOS_OFICIAIS
2025-05,SUINOS,242698830.0,158898209.0,0.0,401597039.0,10,0.6043342117370541,FORA_DAS_FAIXAS_NT,2026-08,NAO_ADITIVO_ENTRE_SETORES_PORTFOLIO,DADO_CALCULADO_SOBRE_DADOS_OFICIAIS
2025-05,TABACOS,62883438.0,49772465.0,0.0,112655903.0,4,0.5581903506645364,FORA_DAS_FAIXAS_NT,2026-08,NAO_ADITIVO_ENTRE_SETORES_PORTFOLIO,DADO_CALCULADO_SOBRE_DADOS_OFICIAIS
2025-05,TINTAS E SOLVENTES,230013320.0,341343587.0,30976127.0,602333034.0,41,0.3818706712340137,FORA_DAS_FAIXAS_NT,2026-08,NAO_ADITIVO_ENTRE_SETORES_PORTFOLIO,DADO_CALCULADO_SOBRE_DADOS_OFICIAIS
2025-05,TRATORES,173565440.0,225223455.0,131423026.0,530211921.0,7,0.3273510706297379,FORA_DAS_FAIXAS_NT,2026-08,NAO_ADITIVO_ENTRE_SETORES_PORTFOLIO,DADO_CALCULADO_SOBRE_DADOS_OFICIAIS
2025-05,TRIGO,240088953.0,140248108.0,9295092.0,389632153.0,7,0.6161938924994211,FORA_DAS_FAIXAS_NT,2026-08,NAO_ADITIVO_ENTRE_SETORES_PORTFOLIO,DADO_CALCULADO_SOBRE_DADOS_OFICIAIS
2025-05,TÊXTIL,767688626.0,1080606521.0,65113475.0,1913408622.0,138,0.40121520159011803,FORA_DAS_FAIXAS_NT,2026-08,NAO_ADITIVO_ENTRE_SETORES_PORTFOLIO,DADO_CALCULADO_SOBRE_DADOS_OFICIAIS
2025-05,VESTUÁRIO,387816661.0,881150500.0,13299151.0,1282266312.0,120,0.30244626827566534,FORA_DAS_FAIXAS_NT,2026-08,NAO_ADITIVO_ENTRE_SETORES_PORTFOLIO,DADO_CALCULADO_SOBRE_DADOS_OFICIAIS
2025-05,VEÍCULOS,243900062.0,635275236.0,41614100.0,920789398.0,8,0.26488148378962983,MEDIA,2026-08,NAO_ADITIVO_ENTRE_SETORES_PORTFOLIO,DADO_CALCULADO_SOBRE_DADOS_OFICIAIS
2025-05,VIDRO,82714579.0,96783676.0,3635262.0,183133517.0,12,0.45166270137213604,FORA_DAS_FAIXAS_NT,2026-08,NAO_ADITIVO_ENTRE_SETORES_PORTFOLIO,DADO_CALCULADO_SOBRE_DADOS_OFICIAIS
2025-05,VINHO,107476059.0,40717454.0,36874161.0,185067674.0,6,0.5807392327198104,FORA_DAS_FAIXAS_NT,2026-08,NAO_ADITIVO_ENTRE_SETORES_PORTFOLIO,DADO_CALCULADO_SOBRE_DADOS_OFICIAIS
2025-05,ÓLEOS VEGETAIS,746213586.0,26353658.0,0.0,772567244.0,3,0.9658882017006665,FORA_DAS_FAIXAS_NT,2026-08,NAO_ADITIVO_ENTRE_SETORES_PORTFOLIO,DADO_CALCULADO_SOBRE_DADOS_OFICIAIS
2025-06,ALIMENTOS,1611250183.0,1330532277.0,31186468.0,2972968928.0,81,0.5419667080355035,FORA_DAS_FAIXAS_NT,2026-08,NAO_ADITIVO_ENTRE_SETORES_PORTFOLIO,DADO_CALCULADO_SOBRE_DADOS_OFICIAIS
2025-06,ARROZ,174017007.0,17429790.0,36417208.0,227864005.0,4,0.7636880032895059,FORA_DAS_FAIXAS_NT,2026-08,NAO_ADITIVO_ENTRE_SETORES_PORTFOLIO,DADO_CALCULADO_SOBRE_DADOS_OFICIAIS
2025-06,ARTEFATOS DOMÉSTICOS E FERRAMENTAS,466338447.0,622252232.0,103171183.0,1191761862.0,74,0.391301703695566,FORA_DAS_FAIXAS_NT,2026-08,NAO_ADITIVO_ENTRE_SETORES_PORTFOLIO,DADO_CALCULADO_SOBRE_DADOS_OFICIAIS
2025-06,AVES,381411795.0,249350302.0,0.0,630762097.0,17,0.6046840747312691,FORA_DAS_FAIXAS_NT,2026-08,NAO_ADITIVO_ENTRE_SETORES_PORTFOLIO,DADO_CALCULADO_SOBRE_DADOS_OFICIAIS
2025-06,BIODIESEL,566915944.0,11675026.0,0.0,578590970.0,2,0.9798216242469183,FORA_DAS_FAIXAS_NT,2026-08,NAO_ADITIVO_ENTRE_SETORES_PORTFOLIO,DADO_CALCULADO_SOBRE_DADOS_OFICIAIS
2025-06,BOVINOS,672825024.0,431003865.0,0.0,1103828889.0,6,0.6095374298543114,FORA_DAS_FAIXAS_NT,2026-08,NAO_ADITIVO_ENTRE_SETORES_PORTFOLIO,DADO_CALCULADO_SOBRE_DADOS_OFICIAIS
2025-06,CALÇADOS E ARTEFATOS,404838246.0,187961687.0,4977267.0,597777200.0,14,0.6772393560677791,FORA_DAS_FAIXAS_NT,2026-08,NAO_ADITIVO_ENTRE_SETORES_PORTFOLIO,DADO_CALCULADO_SOBRE_DADOS_OFICIAIS
2025-06,CERVEJA E CHOPP,98156903.0,73570457.0,3120354.0,174847714.0,2,0.5613851091012834,FORA_DAS_FAIXAS_NT,2026-08,NAO_ADITIVO_ENTRE_SETORES_PORTFOLIO,DADO_CALCULADO_SOBRE_DADOS_OFICIAIS
2025-06,CHÁ E MATE,36819064.0,32310957.0,0.0,69130021.0,3,0.5326060005102559,FORA_DAS_FAIXAS_NT,2026-08,NAO_ADITIVO_ENTRE_SETORES_PORTFOLIO,DADO_CALCULADO_SOBRE_DADOS_OFICIAIS
2025-06,CIMENTO,233748493.0,124505067.0,0.0,358253560.0,8,0.6524666300594473,FORA_DAS_FAIXAS_NT,2026-08,NAO_ADITIVO_ENTRE_SETORES_PORTFOLIO,DADO_CALCULADO_SOBRE_DADOS_OFICIAIS
2025-06,COMBUSTÍVEIS E DERIVADOS,97840699.0,82473140.0,0.0,180313839.0,4,0.5426133653557229,FORA_DAS_FAIXAS_NT,2026-08,NAO_ADITIVO_ENTRE_SETORES_PORTFOLIO,DADO_CALCULADO_SOBRE_DADOS_OFICIAIS
2025-06,COSMÉTICOS,81303289.0,720008922.0,5047473.0,806359684.0,17,0.10082757188044138,ALTA,2026-08,NAO_ADITIVO_ENTRE_SETORES_PORTFOLIO,DADO_CALCULADO_SOBRE_DADOS_OFICIAIS
2025-06,CURTIMENTO DE COURO,112060137.0,46191055.0,5677586.0,163928778.0,15,0.6835903882599552,FORA_DAS_FAIXAS_NT,2026-08,NAO_ADITIVO_ENTRE_SETORES_PORTFOLIO,DADO_CALCULADO_SOBRE_DADOS_OFICIAIS
2025-06,DEFENSIVOS AGRÍCOLAS,40441085.0,580108324.0,24894774.0,645444183.0,7,0.06265620802720907,ALTA,2026-08,NAO_ADITIVO_ENTRE_SETORES_PORTFOLIO,DADO_CALCULADO_SOBRE_DADOS_OFICIAIS
2025-06,DESTILADOS,231276964.0,73944593.0,22532209.0,327753766.0,8,0.7056424303603578,FORA_DAS_FAIXAS_NT,2026-08,NAO_ADITIVO_ENTRE_SETORES_PORTFOLIO,DADO_CALCULADO_SOBRE_DADOS_OFICIAIS
2025-06,ELETROELETRÔNICO,824724361.0,1472825874.0,292816389.0,2590366624.0,135,0.31838132616396775,FORA_DAS_FAIXAS_NT,2026-08,NAO_ADITIVO_ENTRE_SETORES_PORTFOLIO,DADO_CALCULADO_SOBRE_DADOS_OFICIAIS
2025-06,EMBALAGENS,467760432.0,461523539.0,12991785.0,942275756.0,23,0.4964156501125134,FORA_DAS_FAIXAS_NT,2026-08,NAO_ADITIVO_ENTRE_SETORES_PORTFOLIO,DADO_CALCULADO_SOBRE_DADOS_OFICIAIS
2025-06,FERTILIZANTES,797553182.0,64857593.0,1453459847.0,2315870622.0,9,0.3443858972187437,FORA_DAS_FAIXAS_NT,2026-08,NAO_ADITIVO_ENTRE_SETORES_PORTFOLIO,DADO_CALCULADO_SOBRE_DADOS_OFICIAIS
2025-06,LEITE,424910606.0,260473839.0,6541140.0,691925585.0,14,0.614098705426538,FORA_DAS_FAIXAS_NT,2026-08,NAO_ADITIVO_ENTRE_SETORES_PORTFOLIO,DADO_CALCULADO_SOBRE_DADOS_OFICIAIS
2025-06,MADEIRAS,361025430.0,262403822.0,4246242.0,627675494.0,35,0.575178469529352,FORA_DAS_FAIXAS_NT,2026-08,NAO_ADITIVO_ENTRE_SETORES_PORTFOLIO,DADO_CALCULADO_SOBRE_DADOS_OFICIAIS
2025-06,MEDICAMENTOS,23985418.0,875294522.0,735198.0,900015138.0,19,0.026650016191172108,CRITICA,2026-08,NAO_ADITIVO_ENTRE_SETORES_PORTFOLIO,DADO_CALCULADO_SOBRE_DADOS_OFICIAIS
2025-06,METALURGIA,1867204450.0,1887739785.0,276874594.0,4031818829.0,130,0.4631171511402255,FORA_DAS_FAIXAS_NT,2026-08,NAO_ADITIVO_ENTRE_SETORES_PORTFOLIO,DADO_CALCULADO_SOBRE_DADOS_OFICIAIS
2025-06,MÁQUINAS E EQUIPAMENTOS,1708522546.0,1868727884.0,440967195.0,4018217625.0,209,0.42519412969823905,FORA_DAS_FAIXAS_NT,2026-08,NAO_ADITIVO_ENTRE_SETORES_PORTFOLIO,DADO_CALCULADO_SOBRE_DADOS_OFICIAIS
2025-06,MÓVEIS,409457832.0,289163749.0,11983571.0,710605152.0,20,0.5762100525834634,FORA_DAS_FAIXAS_NT,2026-08,NAO_ADITIVO_ENTRE_SETORES_PORTFOLIO,DADO_CALCULADO_SOBRE_DADOS_OFICIAIS
2025-06,OUTRAS BEBIDAS,185439593.0,23034040.0,6537.0,208480170.0,2,0.889483124462149,FORA_DAS_FAIXAS_NT,2026-08,NAO_ADITIVO_ENTRE_SETORES_PORTFOLIO,DADO_CALCULADO_SOBRE_DADOS_OFICIAIS
2025-06,OUTRAS INDÚSTRIAS,1140844601.0,861686456.0,99071728.0,2101602785.0,80,0.5428450176896773,FORA_DAS_FAIXAS_NT,2026-08,NAO_ADITIVO_ENTRE_SETORES_PORTFOLIO,DADO_CALCULADO_SOBRE_DADOS_OFICIAIS
2025-06,OUTROS AGRO,560679571.0,69840652.0,8941706.0,639461929.0,13,0.8767989861050821,FORA_DAS_FAIXAS_NT,2026-08,NAO_ADITIVO_ENTRE_SETORES_PORTFOLIO,DADO_CALCULADO_SOBRE_DADOS_OFICIAIS
2025-06,OUTROS METAL MECÂN.,2166870410.0,2062127450.0,375734590.0,4604732450.0,185,0.4705746606407067,FORA_DAS_FAIXAS_NT,2026-08,NAO_ADITIVO_ENTRE_SETORES_PORTFOLIO,DADO_CALCULADO_SOBRE_DADOS_OFICIAIS
2025-06,OUTROS PRODUTOS DE PAPEL,389017240.0,599616975.0,4001423.0,992635638.0,30,0.3919033581987916,FORA_DAS_FAIXAS_NT,2026-08,NAO_ADITIVO_ENTRE_SETORES_PORTFOLIO,DADO_CALCULADO_SOBRE_DADOS_OFICIAIS
2025-06,OUTROS QUÍMICOS,622169264.0,1309489132.0,245987806.0,2177646202.0,138,0.28570722986524877,MEDIA,2026-08,NAO_ADITIVO_ENTRE_SETORES_PORTFOLIO,DADO_CALCULADO_SOBRE_DADOS_OFICIAIS
2025-06,PEÇAS E ACESSÓRIOS PARA VEÍCULOS,719309075.0,789817121.0,303379891.0,1812506087.0,47,0.39685884652149034,FORA_DAS_FAIXAS_NT,2026-08,NAO_ADITIVO_ENTRE_SETORES_PORTFOLIO,DADO_CALCULADO_SOBRE_DADOS_OFICIAIS
2025-06,PLÁSTICOS,1510398491.0,1549492471.0,294408842.0,3354299804.0,115,0.45028726686828974,FORA_DAS_FAIXAS_NT,2026-08,NAO_ADITIVO_ENTRE_SETORES_PORTFOLIO,DADO_CALCULADO_SOBRE_DADOS_OFICIAIS
2025-06,PNEUMÁTICOS E BORRACHA,302173934.0,438804997.0,96154160.0,837133091.0,23,0.3609628352393013,FORA_DAS_FAIXAS_NT,2026-08,NAO_ADITIVO_ENTRE_SETORES_PORTFOLIO,DADO_CALCULADO_SOBRE_DADOS_OFICIAIS
2025-06,PRODUTOS DE LIMPEZA,121963630.0,237603803.0,10268441.0,369835874.0,19,0.3297777164797161,FORA_DAS_FAIXAS_NT,2026-08,NAO_ADITIVO_ENTRE_SETORES_PORTFOLIO,DADO_CALCULADO_SOBRE_DADOS_OFICIAIS
2025-06,RAÇÃO ANIMAL,639349964.0,483828212.0,0.0,1123178176.0,8,0.5692328943542436,FORA_DAS_FAIXAS_NT,2026-08,NAO_ADITIVO_ENTRE_SETORES_PORTFOLIO,DADO_CALCULADO_SOBRE_DADOS_OFICIAIS
2025-06,REFRIGERANTE,251977760.0,79968335.0,135252.0,332081347.0,2,0.7587832387345743,FORA_DAS_FAIXAS_NT,2026-08,NAO_ADITIVO_ENTRE_SETORES_PORTFOLIO,DADO_CALCULADO_SOBRE_DADOS_OFICIAIS
2025-06,SUCOS E REFRESCOS,212548961.0,98262676.0,6550740.0,317362377.0,13,0.6697358489976271,FORA_DAS_FAIXAS_NT,2026-08,NAO_ADITIVO_ENTRE_SETORES_PORTFOLIO,DADO_CALCULADO_SOBRE_DADOS_OFICIAIS
2025-06,SUINOS,246991575.0,166444591.0,0.0,413436166.0,10,0.5974116328274968,FORA_DAS_FAIXAS_NT,2026-08,NAO_ADITIVO_ENTRE_SETORES_PORTFOLIO,DADO_CALCULADO_SOBRE_DADOS_OFICIAIS
2025-06,TABACOS,153544952.0,111370287.0,4282674.0,269197913.0,4,0.570379429353154,FORA_DAS_FAIXAS_NT,2026-08,NAO_ADITIVO_ENTRE_SETORES_PORTFOLIO,DADO_CALCULADO_SOBRE_DADOS_OFICIAIS
2025-06,TINTAS E SOLVENTES,218731970.0,315782376.0,21784175.0,556298521.0,41,0.39319171585573925,FORA_DAS_FAIXAS_NT,2026-08,NAO_ADITIVO_ENTRE_SETORES_PORTFOLIO,DADO_CALCULADO_SOBRE_DADOS_OFICIAIS
2025-06,TRATORES,169511570.0,239205836.0,187209440.0,595926846.0,7,0.284450299794012,MEDIA,2026-08,NAO_ADITIVO_ENTRE_SETORES_PORTFOLIO,DADO_CALCULADO_SOBRE_DADOS_OFICIAIS
2025-06,TRIGO,233589387.0,131387796.0,10160992.0,375138175.0,7,0.622675596798433,FORA_DAS_FAIXAS_NT,2026-08,NAO_ADITIVO_ENTRE_SETORES_PORTFOLIO,DADO_CALCULADO_SOBRE_DADOS_OFICIAIS
2025-06,TÊXTIL,717525906.0,939428259.0,72251661.0,1729205826.0,138,0.4149453438170408,FORA_DAS_FAIXAS_NT,2026-08,NAO_ADITIVO_ENTRE_SETORES_PORTFOLIO,DADO_CALCULADO_SOBRE_DADOS_OFICIAIS
2025-06,VESTUÁRIO,372265945.0,739095672.0,12120881.0,1123482498.0,120,0.3313500171677797,FORA_DAS_FAIXAS_NT,2026-08,NAO_ADITIVO_ENTRE_SETORES_PORTFOLIO,DADO_CALCULADO_SOBRE_DADOS_OFICIAIS
2025-06,VEÍCULOS,217932071.0,767278905.0,44246510.0,1029457486.0,9,0.21169603792652394,MEDIA,2026-08,NAO_ADITIVO_ENTRE_SETORES_PORTFOLIO,DADO_CALCULADO_SOBRE_DADOS_OFICIAIS
2025-06,VIDRO,78834105.0,87268813.0,9281163.0,175384081.0,12,0.449494073524267,FORA_DAS_FAIXAS_NT,2026-08,NAO_ADITIVO_ENTRE_SETORES_PORTFOLIO,DADO_CALCULADO_SOBRE_DADOS_OFICIAIS
2025-06,VINHO,125908770.0,41444340.0,29892334.0,197245444.0,6,0.6383355044692439,FORA_DAS_FAIXAS_NT,2026-08,NAO_ADITIVO_ENTRE_SETORES_PORTFOLIO,DADO_CALCULADO_SOBRE_DADOS_OFICIAIS
2025-06,ÓLEOS VEGETAIS,652155384.0,17997568.0,0.0,670152952.0,3,0.9731440890526735,FORA_DAS_FAIXAS_NT,2026-08,NAO_ADITIVO_ENTRE_SETORES_PORTFOLIO,DADO_CALCULADO_SOBRE_DADOS_OFICIAIS
2025-07,ALIMENTOS,1788575336.0,1359401389.0,34572192.0,3182548917.0,81,0.5619946095552818,FORA_DAS_FAIXAS_NT,2026-08,NAO_ADITIVO_ENTRE_SETORES_PORTFOLIO,DADO_CALCULADO_SOBRE_DADOS_OFICIAIS
2025-07,ARROZ,204303901.0,18509034.0,45770107.0,268583042.0,4,0.7606731217230014,FORA_DAS_FAIXAS_NT,2026-08,NAO_ADITIVO_ENTRE_SETORES_PORTFOLIO,DADO_CALCULADO_SOBRE_DADOS_OFICIAIS
2025-07,ARTEFATOS DOMÉSTICOS E FERRAMENTAS,521785736.0,697419588.0,114428990.0,1333634314.0,74,0.39125098276378034,FORA_DAS_FAIXAS_NT,2026-08,NAO_ADITIVO_ENTRE_SETORES_PORTFOLIO,DADO_CALCULADO_SOBRE_DADOS_OFICIAIS
2025-07,AVES,427551553.0,240656133.0,0.0,668207686.0,17,0.6398483015952618,FORA_DAS_FAIXAS_NT,2026-08,NAO_ADITIVO_ENTRE_SETORES_PORTFOLIO,DADO_CALCULADO_SOBRE_DADOS_OFICIAIS
2025-07,BIODIESEL,616522765.0,8287463.0,0.0,624810228.0,2,0.9867360317923605,FORA_DAS_FAIXAS_NT,2026-08,NAO_ADITIVO_ENTRE_SETORES_PORTFOLIO,DADO_CALCULADO_SOBRE_DADOS_OFICIAIS
2025-07,BOVINOS,744935197.0,422964172.0,0.0,1167899369.0,6,0.6378419380754028,FORA_DAS_FAIXAS_NT,2026-08,NAO_ADITIVO_ENTRE_SETORES_PORTFOLIO,DADO_CALCULADO_SOBRE_DADOS_OFICIAIS
2025-07,CALÇADOS E ARTEFATOS,467180747.0,231880188.0,11403166.0,710464101.0,14,0.6575712218850027,FORA_DAS_FAIXAS_NT,2026-08,NAO_ADITIVO_ENTRE_SETORES_PORTFOLIO,DADO_CALCULADO_SOBRE_DADOS_OFICIAIS
2025-07,CERVEJA E CHOPP,114309690.0,76598658.0,1861669.0,192770017.0,2,0.5929848001206536,FORA_DAS_FAIXAS_NT,2026-08,NAO_ADITIVO_ENTRE_SETORES_PORTFOLIO,DADO_CALCULADO_SOBRE_DADOS_OFICIAIS
2025-07,CHÁ E MATE,38455571.0,42824415.0,0.0,81279986.0,3,0.4731247247016012,FORA_DAS_FAIXAS_NT,2026-08,NAO_ADITIVO_ENTRE_SETORES_PORTFOLIO,DADO_CALCULADO_SOBRE_DADOS_OFICIAIS
2025-07,CIMENTO,275861357.0,142216755.0,281587.0,418359699.0,8,0.6593879803895738,FORA_DAS_FAIXAS_NT,2026-08,NAO_ADITIVO_ENTRE_SETORES_PORTFOLIO,DADO_CALCULADO_SOBRE_DADOS_OFICIAIS
2025-07,COMBUSTÍVEIS E DERIVADOS,147616948.0,44855625.0,0.0,192472573.0,4,0.766950561834075,FORA_DAS_FAIXAS_NT,2026-08,NAO_ADITIVO_ENTRE_SETORES_PORTFOLIO,DADO_CALCULADO_SOBRE_DADOS_OFICIAIS
2025-07,COSMÉTICOS,88316868.0,734264358.0,2244929.0,824826155.0,17,0.10707331170893823,ALTA,2026-08,NAO_ADITIVO_ENTRE_SETORES_PORTFOLIO,DADO_CALCULADO_SOBRE_DADOS_OFICIAIS
2025-07,CURTIMENTO DE COURO,119672241.0,45135597.0,4932368.0,169740206.0,15,0.7050317884025662,FORA_DAS_FAIXAS_NT,2026-08,NAO_ADITIVO_ENTRE_SETORES_PORTFOLIO,DADO_CALCULADO_SOBRE_DADOS_OFICIAIS
2025-07,DEFENSIVOS AGRÍCOLAS,61512449.0,654357161.0,31789793.0,747659403.0,7,0.08227335703019306,ALTA,2026-08,NAO_ADITIVO_ENTRE_SETORES_PORTFOLIO,DADO_CALCULADO_SOBRE_DADOS_OFICIAIS
2025-07,DESTILADOS,268217737.0,77866048.0,23959345.0,370043130.0,8,0.7248283112295586,FORA_DAS_FAIXAS_NT,2026-08,NAO_ADITIVO_ENTRE_SETORES_PORTFOLIO,DADO_CALCULADO_SOBRE_DADOS_OFICIAIS
2025-07,ELETROELETRÔNICO,983829971.0,1676547597.0,294520017.0,2954897585.0,135,0.33294892384569735,FORA_DAS_FAIXAS_NT,2026-08,NAO_ADITIVO_ENTRE_SETORES_PORTFOLIO,DADO_CALCULADO_SOBRE_DADOS_OFICIAIS
2025-07,EMBALAGENS,519936133.0,497919381.0,17548629.0,1035404143.0,23,0.5021576710071171,FORA_DAS_FAIXAS_NT,2026-08,NAO_ADITIVO_ENTRE_SETORES_PORTFOLIO,DADO_CALCULADO_SOBRE_DADOS_OFICIAIS
2025-07,FERTILIZANTES,1200202205.0,108425769.0,1542907323.0,2851535297.0,9,0.4208968432769149,FORA_DAS_FAIXAS_NT,2026-08,NAO_ADITIVO_ENTRE_SETORES_PORTFOLIO,DADO_CALCULADO_SOBRE_DADOS_OFICIAIS
2025-07,LEITE,453729421.0,247291251.0,2979857.0,704000529.0,14,0.6445015341742734,FORA_DAS_FAIXAS_NT,2026-08,NAO_ADITIVO_ENTRE_SETORES_PORTFOLIO,DADO_CALCULADO_SOBRE_DADOS_OFICIAIS
2025-07,MADEIRAS,414439881.0,291901468.0,4621942.0,710963291.0,35,0.5829272569292189,FORA_DAS_FAIXAS_NT,2026-08,NAO_ADITIVO_ENTRE_SETORES_PORTFOLIO,DADO_CALCULADO_SOBRE_DADOS_OFICIAIS
2025-07,MEDICAMENTOS,33927070.0,821129184.0,295338.0,855351592.0,19,0.03966447285223501,CRITICA,2026-08,NAO_ADITIVO_ENTRE_SETORES_PORTFOLIO,DADO_CALCULADO_SOBRE_DADOS_OFICIAIS
2025-07,METALURGIA,2106810482.0,2169750782.0,321466788.0,4598028052.0,130,0.4581987013070968,FORA_DAS_FAIXAS_NT,2026-08,NAO_ADITIVO_ENTRE_SETORES_PORTFOLIO,DADO_CALCULADO_SOBRE_DADOS_OFICIAIS
2025-07,MÁQUINAS E EQUIPAMENTOS,1950881340.0,2202074806.0,475459089.0,4628415235.0,209,0.4215009330294022,FORA_DAS_FAIXAS_NT,2026-08,NAO_ADITIVO_ENTRE_SETORES_PORTFOLIO,DADO_CALCULADO_SOBRE_DADOS_OFICIAIS
2025-07,MÓVEIS,467350911.0,320029281.0,9610772.0,796990964.0,20,0.5863942404747264,FORA_DAS_FAIXAS_NT,2026-08,NAO_ADITIVO_ENTRE_SETORES_PORTFOLIO,DADO_CALCULADO_SOBRE_DADOS_OFICIAIS
2025-07,OUTRAS BEBIDAS,228954625.0,23588644.0,0.0,252543269.0,2,0.9065956337169295,FORA_DAS_FAIXAS_NT,2026-08,NAO_ADITIVO_ENTRE_SETORES_PORTFOLIO,DADO_CALCULADO_SOBRE_DADOS_OFICIAIS
2025-07,OUTRAS INDÚSTRIAS,1045475137.0,961257721.0,76686611.0,2083419469.0,80,0.5018073184762007,FORA_DAS_FAIXAS_NT,2026-08,NAO_ADITIVO_ENTRE_SETORES_PORTFOLIO,DADO_CALCULADO_SOBRE_DADOS_OFICIAIS
2025-07,OUTROS AGRO,623450114.0,70180107.0,9894315.0,703524536.0,14,0.8861810528240056,FORA_DAS_FAIXAS_NT,2026-08,NAO_ADITIVO_ENTRE_SETORES_PORTFOLIO,DADO_CALCULADO_SOBRE_DADOS_OFICIAIS
2025-07,OUTROS METAL MECÂN.,2520418304.0,2476164599.0,437357821.0,5433940724.0,184,0.4638288181665487,FORA_DAS_FAIXAS_NT,2026-08,NAO_ADITIVO_ENTRE_SETORES_PORTFOLIO,DADO_CALCULADO_SOBRE_DADOS_OFICIAIS
2025-07,OUTROS PRODUTOS DE PAPEL,440185886.0,691349756.0,2726723.0,1134262365.0,30,0.3880811879004731,FORA_DAS_FAIXAS_NT,2026-08,NAO_ADITIVO_ENTRE_SETORES_PORTFOLIO,DADO_CALCULADO_SOBRE_DADOS_OFICIAIS
2025-07,OUTROS QUÍMICOS,727093748.0,1440411524.0,291811007.0,2459316279.0,137,0.2956487354670985,MEDIA,2026-08,NAO_ADITIVO_ENTRE_SETORES_PORTFOLIO,DADO_CALCULADO_SOBRE_DADOS_OFICIAIS
2025-07,PEÇAS E ACESSÓRIOS PARA VEÍCULOS,940877768.0,1022210376.0,289962310.0,2253050454.0,47,0.41760173028064823,FORA_DAS_FAIXAS_NT,2026-08,NAO_ADITIVO_ENTRE_SETORES_PORTFOLIO,DADO_CALCULADO_SOBRE_DADOS_OFICIAIS
2025-07,PLÁSTICOS,1792622742.0,1782567799.0,317883874.0,3893074415.0,115,0.4604645457310119,FORA_DAS_FAIXAS_NT,2026-08,NAO_ADITIVO_ENTRE_SETORES_PORTFOLIO,DADO_CALCULADO_SOBRE_DADOS_OFICIAIS
2025-07,PNEUMÁTICOS E BORRACHA,335186733.0,503357729.0,84906161.0,923450623.0,23,0.36297201458490974,FORA_DAS_FAIXAS_NT,2026-08,NAO_ADITIVO_ENTRE_SETORES_PORTFOLIO,DADO_CALCULADO_SOBRE_DADOS_OFICIAIS
2025-07,PRODUTOS DE LIMPEZA,130190676.0,265452174.0,9337284.0,404980134.0,19,0.32147422816547344,FORA_DAS_FAIXAS_NT,2026-08,NAO_ADITIVO_ENTRE_SETORES_PORTFOLIO,DADO_CALCULADO_SOBRE_DADOS_OFICIAIS
2025-07,RAÇÃO ANIMAL,672011322.0,491752601.0,28237762.0,1192001685.0,8,0.5637670906480304,FORA_DAS_FAIXAS_NT,2026-08,NAO_ADITIVO_ENTRE_SETORES_PORTFOLIO,DADO_CALCULADO_SOBRE_DADOS_OFICIAIS
2025-07,REFRIGERANTE,309077770.0,83865154.0,267719.0,393210643.0,2,0.7860361246630855,FORA_DAS_FAIXAS_NT,2026-08,NAO_ADITIVO_ENTRE_SETORES_PORTFOLIO,DADO_CALCULADO_SOBRE_DADOS_OFICIAIS
2025-07,SUCOS E REFRESCOS,260481720.0,90933932.0,4541187.0,355956839.0,13,0.7317789446939099,FORA_DAS_FAIXAS_NT,2026-08,NAO_ADITIVO_ENTRE_SETORES_PORTFOLIO,DADO_CALCULADO_SOBRE_DADOS_OFICIAIS
2025-07,SUINOS,273761701.0,170838083.0,0.0,444599784.0,10,0.6157486144887556,FORA_DAS_FAIXAS_NT,2026-08,NAO_ADITIVO_ENTRE_SETORES_PORTFOLIO,DADO_CALCULADO_SOBRE_DADOS_OFICIAIS
2025-07,TABACOS,268525568.0,122615414.0,22244263.0,413385245.0,4,0.6495770500952447,FORA_DAS_FAIXAS_NT,2026-08,NAO_ADITIVO_ENTRE_SETORES_PORTFOLIO,DADO_CALCULADO_SOBRE_DADOS_OFICIAIS
2025-07,TINTAS E SOLVENTES,248470011.0,339318796.0,29953591.0,617742398.0,41,0.4022226931556671,FORA_DAS_FAIXAS_NT,2026-08,NAO_ADITIVO_ENTRE_SETORES_PORTFOLIO,DADO_CALCULADO_SOBRE_DADOS_OFICIAIS
2025-07,TRATORES,218373223.0,238045635.0,128300657.0,584719515.0,7,0.3734666235656595,FORA_DAS_FAIXAS_NT,2026-08,NAO_ADITIVO_ENTRE_SETORES_PORTFOLIO,DADO_CALCULADO_SOBRE_DADOS_OFICIAIS
2025-07,TRIGO,249464640.0,135228177.0,11462182.0,396154999.0,7,0.6297147344592766,FORA_DAS_FAIXAS_NT,2026-08,NAO_ADITIVO_ENTRE_SETORES_PORTFOLIO,DADO_CALCULADO_SOBRE_DADOS_OFICIAIS
2025-07,TÊXTIL,867990657.0,1074590854.0,72765477.0,2015346988.0,138,0.4306904280842382,FORA_DAS_FAIXAS_NT,2026-08,NAO_ADITIVO_ENTRE_SETORES_PORTFOLIO,DADO_CALCULADO_SOBRE_DADOS_OFICIAIS
2025-07,VESTUÁRIO,386482095.0,789905542.0,16085989.0,1192473626.0,120,0.3241011680035261,FORA_DAS_FAIXAS_NT,2026-08,NAO_ADITIVO_ENTRE_SETORES_PORTFOLIO,DADO_CALCULADO_SOBRE_DADOS_OFICIAIS
2025-07,VEÍCULOS,308674854.0,688504906.0,46557710.0,1043737470.0,9,0.29573993736183485,MEDIA,2026-08,NAO_ADITIVO_ENTRE_SETORES_PORTFOLIO,DADO_CALCULADO_SOBRE_DADOS_OFICIAIS
2025-07,VIDRO,95065160.0,103781088.0,8847121.0,207693369.0,12,0.45771880179766355,FORA_DAS_FAIXAS_NT,2026-08,NAO_ADITIVO_ENTRE_SETORES_PORTFOLIO,DADO_CALCULADO_SOBRE_DADOS_OFICIAIS
2025-07,VINHO,143878307.0,41005251.0,26358968.0,211242526.0,6,0.6811048406039227,FORA_DAS_FAIXAS_NT,2026-08,NAO_ADITIVO_ENTRE_SETORES_PORTFOLIO,DADO_CALCULADO_SOBRE_DADOS_OFICIAIS
2025-07,ÓLEOS VEGETAIS,738651240.0,14972891.0,0.0,753624131.0,3,0.9801321502535593,FORA_DAS_FAIXAS_NT,2026-08,NAO_ADITIVO_ENTRE_SETORES_PORTFOLIO,DADO_CALCULADO_SOBRE_DADOS_OFICIAIS
2025-08,ALIMENTOS,1724591607.0,1367138692.0,34456846.0,3126187145.0,81,0.5516597462049893,FORA_DAS_FAIXAS_NT,2026-08,NAO_ADITIVO_ENTRE_SETORES_PORTFOLIO,DADO_CALCULADO_SOBRE_DADOS_OFICIAIS
2025-08,ARROZ,183491080.0,14864404.0,30422773.0,228778257.0,4,0.8020477225683208,FORA_DAS_FAIXAS_NT,2026-08,NAO_ADITIVO_ENTRE_SETORES_PORTFOLIO,DADO_CALCULADO_SOBRE_DADOS_OFICIAIS
2025-08,ARTEFATOS DOMÉSTICOS E FERRAMENTAS,492081711.0,693843544.0,97903856.0,1283829111.0,74,0.38329222073544333,FORA_DAS_FAIXAS_NT,2026-08,NAO_ADITIVO_ENTRE_SETORES_PORTFOLIO,DADO_CALCULADO_SOBRE_DADOS_OFICIAIS
2025-08,AVES,372115788.0,216494697.0,0.0,588610485.0,17,0.632193611026144,FORA_DAS_FAIXAS_NT,2026-08,NAO_ADITIVO_ENTRE_SETORES_PORTFOLIO,DADO_CALCULADO_SOBRE_DADOS_OFICIAIS
2025-08,BIODIESEL,657572975.0,15493151.0,0.0,673066126.0,2,0.9769812349760119,FORA_DAS_FAIXAS_NT,2026-08,NAO_ADITIVO_ENTRE_SETORES_PORTFOLIO,DADO_CALCULADO_SOBRE_DADOS_OFICIAIS
2025-08,BOVINOS,705021949.0,342167918.0,0.0,1047189867.0,6,0.6732513092585148,FORA_DAS_FAIXAS_NT,2026-08,NAO_ADITIVO_ENTRE_SETORES_PORTFOLIO,DADO_CALCULADO_SOBRE_DADOS_OFICIAIS
2025-08,CALÇADOS E ARTEFATOS,468429452.0,268799497.0,7912471.0,745141420.0,14,0.6286450322409939,FORA_DAS_FAIXAS_NT,2026-08,NAO_ADITIVO_ENTRE_SETORES_PORTFOLIO,DADO_CALCULADO_SOBRE_DADOS_OFICIAIS
2025-08,CERVEJA E CHOPP,133940308.0,128187183.0,3218739.0,265346230.0,2,0.504775620893502,FORA_DAS_FAIXAS_NT,2026-08,NAO_ADITIVO_ENTRE_SETORES_PORTFOLIO,DADO_CALCULADO_SOBRE_DADOS_OFICIAIS
2025-08,CHÁ E MATE,37147091.0,39743026.0,0.0,76890117.0,3,0.4831191894271666,FORA_DAS_FAIXAS_NT,2026-08,NAO_ADITIVO_ENTRE_SETORES_PORTFOLIO,DADO_CALCULADO_SOBRE_DADOS_OFICIAIS
2025-08,CIMENTO,260081541.0,135971913.0,0.0,396053454.0,8,0.6566829259365581,FORA_DAS_FAIXAS_NT,2026-08,NAO_ADITIVO_ENTRE_SETORES_PORTFOLIO,DADO_CALCULADO_SOBRE_DADOS_OFICIAIS
2025-08,COMBUSTÍVEIS E DERIVADOS,155537471.0,25469853.0,0.0,181007324.0,4,0.8592882738822215,FORA_DAS_FAIXAS_NT,2026-08,NAO_ADITIVO_ENTRE_SETORES_PORTFOLIO,DADO_CALCULADO_SOBRE_DADOS_OFICIAIS
2025-08,COSMÉTICOS,95751059.0,803540535.0,4784475.0,904076069.0,17,0.10591040099746298,ALTA,2026-08,NAO_ADITIVO_ENTRE_SETORES_PORTFOLIO,DADO_CALCULADO_SOBRE_DADOS_OFICIAIS
2025-08,CURTIMENTO DE COURO,106121737.0,48189141.0,7950223.0,162261101.0,15,0.6540183466399627,FORA_DAS_FAIXAS_NT,2026-08,NAO_ADITIVO_ENTRE_SETORES_PORTFOLIO,DADO_CALCULADO_SOBRE_DADOS_OFICIAIS
2025-08,DEFENSIVOS AGRÍCOLAS,40290301.0,692189901.0,28506564.0,760986766.0,6,0.052944811657867914,ALTA,2026-08,NAO_ADITIVO_ENTRE_SETORES_PORTFOLIO,DADO_CALCULADO_SOBRE_DADOS_OFICIAIS
2025-08,DESTILADOS,271970442.0,67759889.0,18508045.0,358238376.0,8,0.7591884628239829,FORA_DAS_FAIXAS_NT,2026-08,NAO_ADITIVO_ENTRE_SETORES_PORTFOLIO,DADO_CALCULADO_SOBRE_DADOS_OFICIAIS
2025-08,ELETROELETRÔNICO,948387641.0,1689803003.0,282801263.0,2920991907.0,135,0.32467999610928056,FORA_DAS_FAIXAS_NT,2026-08,NAO_ADITIVO_ENTRE_SETORES_PORTFOLIO,DADO_CALCULADO_SOBRE_DADOS_OFICIAIS
2025-08,EMBALAGENS,512789941.0,521241583.0,19586453.0,1053617977.0,23,0.4866943732870648,FORA_DAS_FAIXAS_NT,2026-08,NAO_ADITIVO_ENTRE_SETORES_PORTFOLIO,DADO_CALCULADO_SOBRE_DADOS_OFICIAIS
2025-08,FERTILIZANTES,1556966231.0,91026938.0,1686986107.0,3334979276.0,9,0.46685934218680886,FORA_DAS_FAIXAS_NT,2026-08,NAO_ADITIVO_ENTRE_SETORES_PORTFOLIO,DADO_CALCULADO_SOBRE_DADOS_OFICIAIS
2025-08,LEITE,460902178.0,282970922.0,3161817.0,747034917.0,14,0.6169754150862536,FORA_DAS_FAIXAS_NT,2026-08,NAO_ADITIVO_ENTRE_SETORES_PORTFOLIO,DADO_CALCULADO_SOBRE_DADOS_OFICIAIS
2025-08,MADEIRAS,432196956.0,297643981.0,5617365.0,735458302.0,35,0.5876566418853206,FORA_DAS_FAIXAS_NT,2026-08,NAO_ADITIVO_ENTRE_SETORES_PORTFOLIO,DADO_CALCULADO_SOBRE_DADOS_OFICIAIS
2025-08,MEDICAMENTOS,34597027.0,890878230.0,577652.0,926052909.0,19,0.0373596655912022,CRITICA,2026-08,NAO_ADITIVO_ENTRE_SETORES_PORTFOLIO,DADO_CALCULADO_SOBRE_DADOS_OFICIAIS
2025-08,METALURGIA,2075322694.0,2024877908.0,269027743.0,4369228345.0,130,0.4749860913941315,FORA_DAS_FAIXAS_NT,2026-08,NAO_ADITIVO_ENTRE_SETORES_PORTFOLIO,DADO_CALCULADO_SOBRE_DADOS_OFICIAIS
2025-08,MÁQUINAS E EQUIPAMENTOS,1987469621.0,2243760033.0,415788047.0,4647017701.0,209,0.4276871208328543,FORA_DAS_FAIXAS_NT,2026-08,NAO_ADITIVO_ENTRE_SETORES_PORTFOLIO,DADO_CALCULADO_SOBRE_DADOS_OFICIAIS
2025-08,MÓVEIS,443097704.0,313149746.0,6870852.0,763118302.0,20,0.5806409082821342,FORA_DAS_FAIXAS_NT,2026-08,NAO_ADITIVO_ENTRE_SETORES_PORTFOLIO,DADO_CALCULADO_SOBRE_DADOS_OFICIAIS
2025-08,OUTRAS BEBIDAS,261647531.0,27270668.0,0.0,288918199.0,2,0.9056111103613795,FORA_DAS_FAIXAS_NT,2026-08,NAO_ADITIVO_ENTRE_SETORES_PORTFOLIO,DADO_CALCULADO_SOBRE_DADOS_OFICIAIS
2025-08,OUTRAS INDÚSTRIAS,1273759093.0,1076738023.0,90489470.0,2440986586.0,80,0.5218214226597966,FORA_DAS_FAIXAS_NT,2026-08,NAO_ADITIVO_ENTRE_SETORES_PORTFOLIO,DADO_CALCULADO_SOBRE_DADOS_OFICIAIS
2025-08,OUTROS AGRO,583660628.0,71898670.0,8830147.0,664389445.0,14,0.8784917225769594,FORA_DAS_FAIXAS_NT,2026-08,NAO_ADITIVO_ENTRE_SETORES_PORTFOLIO,DADO_CALCULADO_SOBRE_DADOS_OFICIAIS
2025-08,OUTROS METAL MECÂN.,2447813391.0,2335285733.0,380125111.0,5163224235.0,185,0.47408620652323846,FORA_DAS_FAIXAS_NT,2026-08,NAO_ADITIVO_ENTRE_SETORES_PORTFOLIO,DADO_CALCULADO_SOBRE_DADOS_OFICIAIS
2025-08,OUTROS PRODUTOS DE PAPEL,426268546.0,688893799.0,2140437.0,1117302782.0,30,0.38151569374683614,FORA_DAS_FAIXAS_NT,2026-08,NAO_ADITIVO_ENTRE_SETORES_PORTFOLIO,DADO_CALCULADO_SOBRE_DADOS_OFICIAIS
2025-08,OUTROS QUÍMICOS,683876614.0,1529606184.0,196258062.0,2409740860.0,137,0.28379674567994834,MEDIA,2026-08,NAO_ADITIVO_ENTRE_SETORES_PORTFOLIO,DADO_CALCULADO_SOBRE_DADOS_OFICIAIS
2025-08,PEÇAS E ACESSÓRIOS PARA VEÍCULOS,918806295.0,986233478.0,281125797.0,2186165570.0,47,0.4202821175159208,FORA_DAS_FAIXAS_NT,2026-08,NAO_ADITIVO_ENTRE_SETORES_PORTFOLIO,DADO_CALCULADO_SOBRE_DADOS_OFICIAIS
2025-08,PLÁSTICOS,1742943872.0,1763840589.0,334386993.0,3841171454.0,115,0.453753208590829,FORA_DAS_FAIXAS_NT,2026-08,NAO_ADITIVO_ENTRE_SETORES_PORTFOLIO,DADO_CALCULADO_SOBRE_DADOS_OFICIAIS
2025-08,PNEUMÁTICOS E BORRACHA,306178144.0,505689360.0,78168867.0,890036371.0,23,0.3440063282537473,FORA_DAS_FAIXAS_NT,2026-08,NAO_ADITIVO_ENTRE_SETORES_PORTFOLIO,DADO_CALCULADO_SOBRE_DADOS_OFICIAIS
2025-08,PRODUTOS DE LIMPEZA,144374708.0,289332989.0,4925712.0,438633409.0,19,0.3291466291387759,FORA_DAS_FAIXAS_NT,2026-08,NAO_ADITIVO_ENTRE_SETORES_PORTFOLIO,DADO_CALCULADO_SOBRE_DADOS_OFICIAIS
2025-08,RAÇÃO ANIMAL,598783416.0,469614757.0,0.0,1068398173.0,8,0.5604496817124377,FORA_DAS_FAIXAS_NT,2026-08,NAO_ADITIVO_ENTRE_SETORES_PORTFOLIO,DADO_CALCULADO_SOBRE_DADOS_OFICIAIS
2025-08,REFRIGERANTE,356118196.0,137189795.0,409021.0,493717012.0,2,0.7213002334219749,FORA_DAS_FAIXAS_NT,2026-08,NAO_ADITIVO_ENTRE_SETORES_PORTFOLIO,DADO_CALCULADO_SOBRE_DADOS_OFICIAIS
2025-08,SUCOS E REFRESCOS,280605552.0,121653240.0,4361300.0,406620092.0,13,0.690092687303804,FORA_DAS_FAIXAS_NT,2026-08,NAO_ADITIVO_ENTRE_SETORES_PORTFOLIO,DADO_CALCULADO_SOBRE_DADOS_OFICIAIS
2025-08,SUINOS,249457299.0,168727682.0,0.0,418184981.0,10,0.5965238120304469,FORA_DAS_FAIXAS_NT,2026-08,NAO_ADITIVO_ENTRE_SETORES_PORTFOLIO,DADO_CALCULADO_SOBRE_DADOS_OFICIAIS
2025-08,TABACOS,111884932.0,19838506.0,2634382.0,134357820.0,4,0.8327385186809372,FORA_DAS_FAIXAS_NT,2026-08,NAO_ADITIVO_ENTRE_SETORES_PORTFOLIO,DADO_CALCULADO_SOBRE_DADOS_OFICIAIS
2025-08,TINTAS E SOLVENTES,228036652.0,356674292.0,26445993.0,611156937.0,41,0.3731229054183181,FORA_DAS_FAIXAS_NT,2026-08,NAO_ADITIVO_ENTRE_SETORES_PORTFOLIO,DADO_CALCULADO_SOBRE_DADOS_OFICIAIS
2025-08,TRATORES,224769888.0,253627976.0,110082215.0,588480079.0,7,0.38194986715939455,FORA_DAS_FAIXAS_NT,2026-08,NAO_ADITIVO_ENTRE_SETORES_PORTFOLIO,DADO_CALCULADO_SOBRE_DADOS_OFICIAIS
2025-08,TRIGO,237896399.0,146465940.0,10596765.0,394959104.0,7,0.6023317264766734,FORA_DAS_FAIXAS_NT,2026-08,NAO_ADITIVO_ENTRE_SETORES_PORTFOLIO,DADO_CALCULADO_SOBRE_DADOS_OFICIAIS
2025-08,TÊXTIL,828561751.0,1108093016.0,83571958.0,2020226725.0,138,0.41013305127918254,FORA_DAS_FAIXAS_NT,2026-08,NAO_ADITIVO_ENTRE_SETORES_PORTFOLIO,DADO_CALCULADO_SOBRE_DADOS_OFICIAIS
2025-08,VESTUÁRIO,341125280.0,828912729.0,11269491.0,1181307500.0,120,0.28876924932754594,MEDIA,2026-08,NAO_ADITIVO_ENTRE_SETORES_PORTFOLIO,DADO_CALCULADO_SOBRE_DADOS_OFICIAIS
2025-08,VEÍCULOS,321717789.0,673788220.0,45627694.0,1041133703.0,9,0.30900717945541334,FORA_DAS_FAIXAS_NT,2026-08,NAO_ADITIVO_ENTRE_SETORES_PORTFOLIO,DADO_CALCULADO_SOBRE_DADOS_OFICIAIS
2025-08,VIDRO,92761925.0,104255043.0,6346072.0,203363040.0,12,0.4561395472845016,FORA_DAS_FAIXAS_NT,2026-08,NAO_ADITIVO_ENTRE_SETORES_PORTFOLIO,DADO_CALCULADO_SOBRE_DADOS_OFICIAIS
2025-08,VINHO,109917138.0,36355678.0,17723486.0,163996302.0,6,0.6702415643494205,FORA_DAS_FAIXAS_NT,2026-08,NAO_ADITIVO_ENTRE_SETORES_PORTFOLIO,DADO_CALCULADO_SOBRE_DADOS_OFICIAIS
2025-08,ÓLEOS VEGETAIS,795572561.0,21534973.0,0.0,817107534.0,3,0.9736448727934505,FORA_DAS_FAIXAS_NT,2026-08,NAO_ADITIVO_ENTRE_SETORES_PORTFOLIO,DADO_CALCULADO_SOBRE_DADOS_OFICIAIS
2025-09,ALIMENTOS,1799009024.0,1410476820.0,49462435.0,3258948279.0,81,0.5520213486026914,FORA_DAS_FAIXAS_NT,2026-08,NAO_ADITIVO_ENTRE_SETORES_PORTFOLIO,DADO_CALCULADO_SOBRE_DADOS_OFICIAIS
2025-09,ARROZ,159957831.0,13017420.0,28807641.0,201782892.0,4,0.7927224623185597,FORA_DAS_FAIXAS_NT,2026-08,NAO_ADITIVO_ENTRE_SETORES_PORTFOLIO,DADO_CALCULADO_SOBRE_DADOS_OFICIAIS
2025-09,ARTEFATOS DOMÉSTICOS E FERRAMENTAS,498349663.0,693905097.0,89783264.0,1282038024.0,74,0.3887167569688245,FORA_DAS_FAIXAS_NT,2026-08,NAO_ADITIVO_ENTRE_SETORES_PORTFOLIO,DADO_CALCULADO_SOBRE_DADOS_OFICIAIS
2025-09,AVES,381283316.0,220983853.0,0.0,602267169.0,17,0.6330800276446747,FORA_DAS_FAIXAS_NT,2026-08,NAO_ADITIVO_ENTRE_SETORES_PORTFOLIO,DADO_CALCULADO_SOBRE_DADOS_OFICIAIS
2025-09,BIODIESEL,655318906.0,15207862.0,0.0,670526768.0,2,0.9773195303666087,FORA_DAS_FAIXAS_NT,2026-08,NAO_ADITIVO_ENTRE_SETORES_PORTFOLIO,DADO_CALCULADO_SOBRE_DADOS_OFICIAIS
2025-09,BOVINOS,736276844.0,343757882.0,0.0,1080034726.0,6,0.6817158988274975,FORA_DAS_FAIXAS_NT,2026-08,NAO_ADITIVO_ENTRE_SETORES_PORTFOLIO,DADO_CALCULADO_SOBRE_DADOS_OFICIAIS
2025-09,CALÇADOS E ARTEFATOS,500457783.0,271211076.0,11969883.0,783638742.0,14,0.638633283651512,FORA_DAS_FAIXAS_NT,2026-08,NAO_ADITIVO_ENTRE_SETORES_PORTFOLIO,DADO_CALCULADO_SOBRE_DADOS_OFICIAIS
2025-09,CERVEJA E CHOPP,206636115.0,152693680.0,2039190.0,361368985.0,2,0.5718147477432243,FORA_DAS_FAIXAS_NT,2026-08,NAO_ADITIVO_ENTRE_SETORES_PORTFOLIO,DADO_CALCULADO_SOBRE_DADOS_OFICIAIS
2025-09,CHÁ E MATE,36703751.0,41161034.0,0.0,77864785.0,3,0.4713780562034558,FORA_DAS_FAIXAS_NT,2026-08,NAO_ADITIVO_ENTRE_SETORES_PORTFOLIO,DADO_CALCULADO_SOBRE_DADOS_OFICIAIS
2025-09,CIMENTO,263510249.0,130841564.0,272735.0,394624548.0,8,0.6677492577071004,FORA_DAS_FAIXAS_NT,2026-08,NAO_ADITIVO_ENTRE_SETORES_PORTFOLIO,DADO_CALCULADO_SOBRE_DADOS_OFICIAIS
2025-09,COMBUSTÍVEIS E DERIVADOS,169766696.0,9788850.0,16041734.0,195597280.0,4,0.867939963173312,FORA_DAS_FAIXAS_NT,2026-08,NAO_ADITIVO_ENTRE_SETORES_PORTFOLIO,DADO_CALCULADO_SOBRE_DADOS_OFICIAIS
2025-09,COSMÉTICOS,95018573.0,846872435.0,4154459.0,946045467.0,17,0.10043763890261312,ALTA,2026-08,NAO_ADITIVO_ENTRE_SETORES_PORTFOLIO,DADO_CALCULADO_SOBRE_DADOS_OFICIAIS
2025-09,CURTIMENTO DE COURO,106116317.0,47317222.0,9374228.0,162807767.0,15,0.65178903289055,FORA_DAS_FAIXAS_NT,2026-08,NAO_ADITIVO_ENTRE_SETORES_PORTFOLIO,DADO_CALCULADO_SOBRE_DADOS_OFICIAIS
2025-09,DEFENSIVOS AGRÍCOLAS,48537227.0,826016513.0,51139201.0,925692941.0,6,0.05243339864681976,ALTA,2026-08,NAO_ADITIVO_ENTRE_SETORES_PORTFOLIO,DADO_CALCULADO_SOBRE_DADOS_OFICIAIS
2025-09,DESTILADOS,289755537.0,74873133.0,17318754.0,381947424.0,8,0.7586267606297562,FORA_DAS_FAIXAS_NT,2026-08,NAO_ADITIVO_ENTRE_SETORES_PORTFOLIO,DADO_CALCULADO_SOBRE_DADOS_OFICIAIS
2025-09,ELETROELETRÔNICO,947245381.0,1690682999.0,265262952.0,2903191332.0,135,0.3262772834015888,FORA_DAS_FAIXAS_NT,2026-08,NAO_ADITIVO_ENTRE_SETORES_PORTFOLIO,DADO_CALCULADO_SOBRE_DADOS_OFICIAIS
2025-09,EMBALAGENS,541856788.0,509714704.0,23157303.0,1074728795.0,23,0.5041800224585962,FORA_DAS_FAIXAS_NT,2026-08,NAO_ADITIVO_ENTRE_SETORES_PORTFOLIO,DADO_CALCULADO_SOBRE_DADOS_OFICIAIS
2025-09,FERTILIZANTES,1679963899.0,97539300.0,1329769114.0,3107272313.0,9,0.5406555106134336,FORA_DAS_FAIXAS_NT,2026-08,NAO_ADITIVO_ENTRE_SETORES_PORTFOLIO,DADO_CALCULADO_SOBRE_DADOS_OFICIAIS
2025-09,LEITE,466054331.0,311488129.0,2885762.0,780428222.0,14,0.5971777004753167,FORA_DAS_FAIXAS_NT,2026-08,NAO_ADITIVO_ENTRE_SETORES_PORTFOLIO,DADO_CALCULADO_SOBRE_DADOS_OFICIAIS
2025-09,MADEIRAS,424893363.0,302360504.0,5724194.0,732978061.0,35,0.5796808739682047,FORA_DAS_FAIXAS_NT,2026-08,NAO_ADITIVO_ENTRE_SETORES_PORTFOLIO,DADO_CALCULADO_SOBRE_DADOS_OFICIAIS
2025-09,MEDICAMENTOS,34565385.0,889475308.0,652018.0,924692711.0,19,0.03738040171487845,CRITICA,2026-08,NAO_ADITIVO_ENTRE_SETORES_PORTFOLIO,DADO_CALCULADO_SOBRE_DADOS_OFICIAIS
2025-09,METALURGIA,2052970408.0,2044900510.0,286801762.0,4384672680.0,130,0.4682152027822519,FORA_DAS_FAIXAS_NT,2026-08,NAO_ADITIVO_ENTRE_SETORES_PORTFOLIO,DADO_CALCULADO_SOBRE_DADOS_OFICIAIS
2025-09,MÁQUINAS E EQUIPAMENTOS,1985435561.0,2279830967.0,471984812.0,4737251340.0,209,0.4191112986206892,FORA_DAS_FAIXAS_NT,2026-08,NAO_ADITIVO_ENTRE_SETORES_PORTFOLIO,DADO_CALCULADO_SOBRE_DADOS_OFICIAIS
2025-09,MÓVEIS,464597407.0,320122921.0,9655864.0,794376192.0,20,0.5848581713284781,FORA_DAS_FAIXAS_NT,2026-08,NAO_ADITIVO_ENTRE_SETORES_PORTFOLIO,DADO_CALCULADO_SOBRE_DADOS_OFICIAIS
2025-09,OUTRAS BEBIDAS,273023225.0,31070402.0,0.0,304093627.0,2,0.8978261981136487,FORA_DAS_FAIXAS_NT,2026-08,NAO_ADITIVO_ENTRE_SETORES_PORTFOLIO,DADO_CALCULADO_SOBRE_DADOS_OFICIAIS
2025-09,OUTRAS INDÚSTRIAS,1126590102.0,928043572.0,114298213.0,2168931887.0,80,0.5194216142758936,FORA_DAS_FAIXAS_NT,2026-08,NAO_ADITIVO_ENTRE_SETORES_PORTFOLIO,DADO_CALCULADO_SOBRE_DADOS_OFICIAIS
2025-09,OUTROS AGRO,613140539.0,80659047.0,9007888.0,702807474.0,14,0.8724160764972172,FORA_DAS_FAIXAS_NT,2026-08,NAO_ADITIVO_ENTRE_SETORES_PORTFOLIO,DADO_CALCULADO_SOBRE_DADOS_OFICIAIS
2025-09,OUTROS METAL MECÂN.,2434350144.0,2382891448.0,413838690.0,5231080282.0,185,0.4653627955924382,FORA_DAS_FAIXAS_NT,2026-08,NAO_ADITIVO_ENTRE_SETORES_PORTFOLIO,DADO_CALCULADO_SOBRE_DADOS_OFICIAIS
2025-09,OUTROS PRODUTOS DE PAPEL,426771936.0,664831559.0,2797357.0,1094400852.0,30,0.3899594332552658,FORA_DAS_FAIXAS_NT,2026-08,NAO_ADITIVO_ENTRE_SETORES_PORTFOLIO,DADO_CALCULADO_SOBRE_DADOS_OFICIAIS
2025-09,OUTROS QUÍMICOS,675135199.0,1535418012.0,299942050.0,2510495261.0,138,0.2689251039378879,MEDIA,2026-08,NAO_ADITIVO_ENTRE_SETORES_PORTFOLIO,DADO_CALCULADO_SOBRE_DADOS_OFICIAIS
2025-09,PEÇAS E ACESSÓRIOS PARA VEÍCULOS,883287293.0,959684948.0,310847611.0,2153819852.0,47,0.4101026797481668,FORA_DAS_FAIXAS_NT,2026-08,NAO_ADITIVO_ENTRE_SETORES_PORTFOLIO,DADO_CALCULADO_SOBRE_DADOS_OFICIAIS
2025-09,PLÁSTICOS,1779901907.0,1753685905.0,356341206.0,3889929018.0,115,0.4575666802051656,FORA_DAS_FAIXAS_NT,2026-08,NAO_ADITIVO_ENTRE_SETORES_PORTFOLIO,DADO_CALCULADO_SOBRE_DADOS_OFICIAIS
2025-09,PNEUMÁTICOS E BORRACHA,328520819.0,536665238.0,68135076.0,933321133.0,23,0.3519911929391617,FORA_DAS_FAIXAS_NT,2026-08,NAO_ADITIVO_ENTRE_SETORES_PORTFOLIO,DADO_CALCULADO_SOBRE_DADOS_OFICIAIS
2025-09,PRODUTOS DE LIMPEZA,137024588.0,302494012.0,13101602.0,452620202.0,19,0.30273635024359785,FORA_DAS_FAIXAS_NT,2026-08,NAO_ADITIVO_ENTRE_SETORES_PORTFOLIO,DADO_CALCULADO_SOBRE_DADOS_OFICIAIS
2025-09,RAÇÃO ANIMAL,641661008.0,454538403.0,19417939.0,1115617350.0,8,0.575162270468454,FORA_DAS_FAIXAS_NT,2026-08,NAO_ADITIVO_ENTRE_SETORES_PORTFOLIO,DADO_CALCULADO_SOBRE_DADOS_OFICIAIS
2025-09,REFRIGERANTE,435080161.0,157235944.0,469446.0,592785551.0,2,0.733958782001419,FORA_DAS_FAIXAS_NT,2026-08,NAO_ADITIVO_ENTRE_SETORES_PORTFOLIO,DADO_CALCULADO_SOBRE_DADOS_OFICIAIS
2025-09,SUCOS E REFRESCOS,306384154.0,150411501.0,2885762.0,459681417.0,13,0.6665141175371899,FORA_DAS_FAIXAS_NT,2026-08,NAO_ADITIVO_ENTRE_SETORES_PORTFOLIO,DADO_CALCULADO_SOBRE_DADOS_OFICIAIS
2025-09,SUINOS,257270647.0,178016034.0,0.0,435286681.0,10,0.5910372594193848,FORA_DAS_FAIXAS_NT,2026-08,NAO_ADITIVO_ENTRE_SETORES_PORTFOLIO,DADO_CALCULADO_SOBRE_DADOS_OFICIAIS
2025-09,TABACOS,132976840.0,122276201.0,9577660.0,264830701.0,4,0.5021201828106779,FORA_DAS_FAIXAS_NT,2026-08,NAO_ADITIVO_ENTRE_SETORES_PORTFOLIO,DADO_CALCULADO_SOBRE_DADOS_OFICIAIS
2025-09,TINTAS E SOLVENTES,239726176.0,373697915.0,34107952.0,647532043.0,41,0.3702151555147056,FORA_DAS_FAIXAS_NT,2026-08,NAO_ADITIVO_ENTRE_SETORES_PORTFOLIO,DADO_CALCULADO_SOBRE_DADOS_OFICIAIS
2025-09,TRATORES,219554813.0,259501987.0,196102658.0,675159458.0,7,0.325189568772952,FORA_DAS_FAIXAS_NT,2026-08,NAO_ADITIVO_ENTRE_SETORES_PORTFOLIO,DADO_CALCULADO_SOBRE_DADOS_OFICIAIS
2025-09,TRIGO,240917983.0,138492622.0,9182043.0,388592648.0,7,0.6199756589321782,FORA_DAS_FAIXAS_NT,2026-08,NAO_ADITIVO_ENTRE_SETORES_PORTFOLIO,DADO_CALCULADO_SOBRE_DADOS_OFICIAIS
2025-09,TÊXTIL,846659899.0,1121608488.0,118067790.0,2086336177.0,138,0.40581182856994574,FORA_DAS_FAIXAS_NT,2026-08,NAO_ADITIVO_ENTRE_SETORES_PORTFOLIO,DADO_CALCULADO_SOBRE_DADOS_OFICIAIS
2025-09,VESTUÁRIO,366598681.0,902930701.0,17083584.0,1286612966.0,120,0.2849331467097931,MEDIA,2026-08,NAO_ADITIVO_ENTRE_SETORES_PORTFOLIO,DADO_CALCULADO_SOBRE_DADOS_OFICIAIS
2025-09,VEÍCULOS,316161611.0,693529666.0,47529351.0,1057220628.0,9,0.29904979398491266,MEDIA,2026-08,NAO_ADITIVO_ENTRE_SETORES_PORTFOLIO,DADO_CALCULADO_SOBRE_DADOS_OFICIAIS
2025-09,VIDRO,94966131.0,108483332.0,9305042.0,212754505.0,12,0.4463648419571656,FORA_DAS_FAIXAS_NT,2026-08,NAO_ADITIVO_ENTRE_SETORES_PORTFOLIO,DADO_CALCULADO_SOBRE_DADOS_OFICIAIS
2025-09,VINHO,146758633.0,30123757.0,19604557.0,196486947.0,6,0.7469128878062318,FORA_DAS_FAIXAS_NT,2026-08,NAO_ADITIVO_ENTRE_SETORES_PORTFOLIO,DADO_CALCULADO_SOBRE_DADOS_OFICIAIS
2025-09,ÓLEOS VEGETAIS,803657837.0,29875629.0,0.0,833533466.0,3,0.9641578530213447,FORA_DAS_FAIXAS_NT,2026-08,NAO_ADITIVO_ENTRE_SETORES_PORTFOLIO,DADO_CALCULADO_SOBRE_DADOS_OFICIAIS
2025-10,ALIMENTOS,1867963028.0,1493272032.0,105749917.0,3466984977.0,81,0.538786017358621,FORA_DAS_FAIXAS_NT,2026-08,NAO_ADITIVO_ENTRE_SETORES_PORTFOLIO,DADO_CALCULADO_SOBRE_DADOS_OFICIAIS
2025-10,ARROZ,146336071.0,14748580.0,9886749.0,170971400.0,4,0.8559096492161847,FORA_DAS_FAIXAS_NT,2026-08,NAO_ADITIVO_ENTRE_SETORES_PORTFOLIO,DADO_CALCULADO_SOBRE_DADOS_OFICIAIS
2025-10,ARTEFATOS DOMÉSTICOS E FERRAMENTAS,530877600.0,719304249.0,81405399.0,1331587248.0,74,0.39868029736493843,FORA_DAS_FAIXAS_NT,2026-08,NAO_ADITIVO_ENTRE_SETORES_PORTFOLIO,DADO_CALCULADO_SOBRE_DADOS_OFICIAIS
2025-10,AVES,427218009.0,217621040.0,0.0,644839049.0,17,0.6625188249106794,FORA_DAS_FAIXAS_NT,2026-08,NAO_ADITIVO_ENTRE_SETORES_PORTFOLIO,DADO_CALCULADO_SOBRE_DADOS_OFICIAIS
2025-10,BIODIESEL,753712772.0,13022938.0,0.0,766735710.0,2,0.9830150887324656,FORA_DAS_FAIXAS_NT,2026-08,NAO_ADITIVO_ENTRE_SETORES_PORTFOLIO,DADO_CALCULADO_SOBRE_DADOS_OFICIAIS
2025-10,BOVINOS,776015549.0,272983843.0,0.0,1048999392.0,6,0.7397673963570801,FORA_DAS_FAIXAS_NT,2026-08,NAO_ADITIVO_ENTRE_SETORES_PORTFOLIO,DADO_CALCULADO_SOBRE_DADOS_OFICIAIS
2025-10,CALÇADOS E ARTEFATOS,495149833.0,268231367.0,9102774.0,772483974.0,14,0.6409839552218335,FORA_DAS_FAIXAS_NT,2026-08,NAO_ADITIVO_ENTRE_SETORES_PORTFOLIO,DADO_CALCULADO_SOBRE_DADOS_OFICIAIS
2025-10,CERVEJA E CHOPP,213415400.0,171869462.0,2847355.0,388132217.0,2,0.5498523200407247,FORA_DAS_FAIXAS_NT,2026-08,NAO_ADITIVO_ENTRE_SETORES_PORTFOLIO,DADO_CALCULADO_SOBRE_DADOS_OFICIAIS
2025-10,CHÁ E MATE,34870687.0,37651905.0,0.0,72522592.0,3,0.4808251613511001,FORA_DAS_FAIXAS_NT,2026-08,NAO_ADITIVO_ENTRE_SETORES_PORTFOLIO,DADO_CALCULADO_SOBRE_DADOS_OFICIAIS
2025-10,CIMENTO,273736500.0,155511443.0,0.0,429247943.0,8,0.6377118503745515,FORA_DAS_FAIXAS_NT,2026-08,NAO_ADITIVO_ENTRE_SETORES_PORTFOLIO,DADO_CALCULADO_SOBRE_DADOS_OFICIAIS
2025-10,COMBUSTÍVEIS E DERIVADOS,176523098.0,8073632.0,23602164.0,208198894.0,4,0.8478580006289562,FORA_DAS_FAIXAS_NT,2026-08,NAO_ADITIVO_ENTRE_SETORES_PORTFOLIO,DADO_CALCULADO_SOBRE_DADOS_OFICIAIS
2025-10,COSMÉTICOS,94218466.0,865979329.0,4593738.0,964791533.0,17,0.09765681266607881,ALTA,2026-08,NAO_ADITIVO_ENTRE_SETORES_PORTFOLIO,DADO_CALCULADO_SOBRE_DADOS_OFICIAIS
2025-10,CURTIMENTO DE COURO,121348530.0,50788170.0,1060768.0,173197468.0,15,0.7006368591947314,FORA_DAS_FAIXAS_NT,2026-08,NAO_ADITIVO_ENTRE_SETORES_PORTFOLIO,DADO_CALCULADO_SOBRE_DADOS_OFICIAIS
2025-10,DEFENSIVOS AGRÍCOLAS,55370275.0,701819264.0,40749325.0,797938864.0,7,0.06939162572234356,ALTA,2026-08,NAO_ADITIVO_ENTRE_SETORES_PORTFOLIO,DADO_CALCULADO_SOBRE_DADOS_OFICIAIS
2025-10,DESTILADOS,322051860.0,72956814.0,15352211.0,410360885.0,8,0.7848015533936671,FORA_DAS_FAIXAS_NT,2026-08,NAO_ADITIVO_ENTRE_SETORES_PORTFOLIO,DADO_CALCULADO_SOBRE_DADOS_OFICIAIS
2025-10,ELETROELETRÔNICO,978677564.0,1764087832.0,253347779.0,2996113175.0,135,0.3266490639159517,FORA_DAS_FAIXAS_NT,2026-08,NAO_ADITIVO_ENTRE_SETORES_PORTFOLIO,DADO_CALCULADO_SOBRE_DADOS_OFICIAIS
2025-10,EMBALAGENS,583060592.0,554666668.0,20471046.0,1158198306.0,23,0.5034203460490988,FORA_DAS_FAIXAS_NT,2026-08,NAO_ADITIVO_ENTRE_SETORES_PORTFOLIO,DADO_CALCULADO_SOBRE_DADOS_OFICIAIS
2025-10,FERTILIZANTES,1421875160.0,118505223.0,789257022.0,2329637405.0,9,0.6103418312859722,FORA_DAS_FAIXAS_NT,2026-08,NAO_ADITIVO_ENTRE_SETORES_PORTFOLIO,DADO_CALCULADO_SOBRE_DADOS_OFICIAIS
2025-10,LEITE,422444624.0,298762859.0,5417855.0,726625338.0,14,0.5813788783677125,FORA_DAS_FAIXAS_NT,2026-08,NAO_ADITIVO_ENTRE_SETORES_PORTFOLIO,DADO_CALCULADO_SOBRE_DADOS_OFICIAIS
2025-10,MADEIRAS,449326729.0,331710023.0,5409235.0,786445987.0,35,0.571338320021207,FORA_DAS_FAIXAS_NT,2026-08,NAO_ADITIVO_ENTRE_SETORES_PORTFOLIO,DADO_CALCULADO_SOBRE_DADOS_OFICIAIS
2025-10,MEDICAMENTOS,31407198.0,955052539.0,477542.0,986937279.0,19,0.03182289155378029,CRITICA,2026-08,NAO_ADITIVO_ENTRE_SETORES_PORTFOLIO,DADO_CALCULADO_SOBRE_DADOS_OFICIAIS
2025-10,METALURGIA,2071346604.0,2092511684.0,239184190.0,4403042478.0,130,0.47043529885291285,FORA_DAS_FAIXAS_NT,2026-08,NAO_ADITIVO_ENTRE_SETORES_PORTFOLIO,DADO_CALCULADO_SOBRE_DADOS_OFICIAIS
2025-10,MÁQUINAS E EQUIPAMENTOS,2076874437.0,2379539290.0,364496500.0,4820910227.0,209,0.4308054577262718,FORA_DAS_FAIXAS_NT,2026-08,NAO_ADITIVO_ENTRE_SETORES_PORTFOLIO,DADO_CALCULADO_SOBRE_DADOS_OFICIAIS
2025-10,MÓVEIS,508525175.0,363987939.0,17447533.0,889960647.0,20,0.5714018667164729,FORA_DAS_FAIXAS_NT,2026-08,NAO_ADITIVO_ENTRE_SETORES_PORTFOLIO,DADO_CALCULADO_SOBRE_DADOS_OFICIAIS
2025-10,OUTRAS BEBIDAS,303806719.0,32984465.0,0.0,336791184.0,2,0.902062564084219,FORA_DAS_FAIXAS_NT,2026-08,NAO_ADITIVO_ENTRE_SETORES_PORTFOLIO,DADO_CALCULADO_SOBRE_DADOS_OFICIAIS
2025-10,OUTRAS INDÚSTRIAS,1355812562.0,944236478.0,100132857.0,2400181897.0,80,0.5648790884118563,FORA_DAS_FAIXAS_NT,2026-08,NAO_ADITIVO_ENTRE_SETORES_PORTFOLIO,DADO_CALCULADO_SOBRE_DADOS_OFICIAIS
2025-10,OUTROS AGRO,597995805.0,81492870.0,75988641.0,755477316.0,15,0.7915470025839929,FORA_DAS_FAIXAS_NT,2026-08,NAO_ADITIVO_ENTRE_SETORES_PORTFOLIO,DADO_CALCULADO_SOBRE_DADOS_OFICIAIS
2025-10,OUTROS METAL MECÂN.,2528004942.0,2481989456.0,330586433.0,5340580831.0,185,0.4733576781248047,FORA_DAS_FAIXAS_NT,2026-08,NAO_ADITIVO_ENTRE_SETORES_PORTFOLIO,DADO_CALCULADO_SOBRE_DADOS_OFICIAIS
2025-10,OUTROS PRODUTOS DE PAPEL,454001841.0,694445098.0,1278009.0,1149724948.0,30,0.39487865492503865,FORA_DAS_FAIXAS_NT,2026-08,NAO_ADITIVO_ENTRE_SETORES_PORTFOLIO,DADO_CALCULADO_SOBRE_DADOS_OFICIAIS
2025-10,OUTROS QUÍMICOS,713972902.0,1655815732.0,449123614.0,2818912248.0,138,0.25327957708032917,MEDIA,2026-08,NAO_ADITIVO_ENTRE_SETORES_PORTFOLIO,DADO_CALCULADO_SOBRE_DADOS_OFICIAIS
2025-10,PEÇAS E ACESSÓRIOS PARA VEÍCULOS,874666520.0,943116429.0,299325567.0,2117108516.0,47,0.413142034709004,FORA_DAS_FAIXAS_NT,2026-08,NAO_ADITIVO_ENTRE_SETORES_PORTFOLIO,DADO_CALCULADO_SOBRE_DADOS_OFICIAIS
2025-10,PLÁSTICOS,1845016118.0,1803688531.0,296230532.0,3944935181.0,115,0.46769237854303797,FORA_DAS_FAIXAS_NT,2026-08,NAO_ADITIVO_ENTRE_SETORES_PORTFOLIO,DADO_CALCULADO_SOBRE_DADOS_OFICIAIS
2025-10,PNEUMÁTICOS E BORRACHA,336723603.0,526315612.0,76537259.0,939576474.0,23,0.3583780696067109,FORA_DAS_FAIXAS_NT,2026-08,NAO_ADITIVO_ENTRE_SETORES_PORTFOLIO,DADO_CALCULADO_SOBRE_DADOS_OFICIAIS
2025-10,PRODUTOS DE LIMPEZA,135146427.0,298608728.0,8156140.0,441911295.0,19,0.3058225225947212,FORA_DAS_FAIXAS_NT,2026-08,NAO_ADITIVO_ENTRE_SETORES_PORTFOLIO,DADO_CALCULADO_SOBRE_DADOS_OFICIAIS
2025-10,RAÇÃO ANIMAL,630304814.0,507214184.0,1307772.0,1138826770.0,8,0.5534685613335205,FORA_DAS_FAIXAS_NT,2026-08,NAO_ADITIVO_ENTRE_SETORES_PORTFOLIO,DADO_CALCULADO_SOBRE_DADOS_OFICIAIS
2025-10,REFRIGERANTE,465763782.0,177352319.0,431374.0,643547475.0,2,0.7237442459081982,FORA_DAS_FAIXAS_NT,2026-08,NAO_ADITIVO_ENTRE_SETORES_PORTFOLIO,DADO_CALCULADO_SOBRE_DADOS_OFICIAIS
2025-10,SUCOS E REFRESCOS,336543347.0,156704961.0,6731971.0,499980279.0,13,0.6731132429325277,FORA_DAS_FAIXAS_NT,2026-08,NAO_ADITIVO_ENTRE_SETORES_PORTFOLIO,DADO_CALCULADO_SOBRE_DADOS_OFICIAIS
2025-10,SUINOS,272380759.0,181173324.0,0.0,453554083.0,10,0.6005474742909547,FORA_DAS_FAIXAS_NT,2026-08,NAO_ADITIVO_ENTRE_SETORES_PORTFOLIO,DADO_CALCULADO_SOBRE_DADOS_OFICIAIS
2025-10,TABACOS,111561418.0,130806257.0,6557790.0,248925465.0,4,0.4481719779051131,FORA_DAS_FAIXAS_NT,2026-08,NAO_ADITIVO_ENTRE_SETORES_PORTFOLIO,DADO_CALCULADO_SOBRE_DADOS_OFICIAIS
2025-10,TINTAS E SOLVENTES,250332640.0,397322912.0,25823692.0,673479244.0,41,0.3717006013625566,FORA_DAS_FAIXAS_NT,2026-08,NAO_ADITIVO_ENTRE_SETORES_PORTFOLIO,DADO_CALCULADO_SOBRE_DADOS_OFICIAIS
2025-10,TRATORES,207887075.0,234849423.0,146524919.0,589261417.0,7,0.3527926129261574,FORA_DAS_FAIXAS_NT,2026-08,NAO_ADITIVO_ENTRE_SETORES_PORTFOLIO,DADO_CALCULADO_SOBRE_DADOS_OFICIAIS
2025-10,TRIGO,246164114.0,142463465.0,8456980.0,397084559.0,7,0.6199286988643645,FORA_DAS_FAIXAS_NT,2026-08,NAO_ADITIVO_ENTRE_SETORES_PORTFOLIO,DADO_CALCULADO_SOBRE_DADOS_OFICIAIS
2025-10,TÊXTIL,878008189.0,1158571778.0,91653393.0,2128233360.0,138,0.4125525919770377,FORA_DAS_FAIXAS_NT,2026-08,NAO_ADITIVO_ENTRE_SETORES_PORTFOLIO,DADO_CALCULADO_SOBRE_DADOS_OFICIAIS
2025-10,VESTUÁRIO,390423468.0,929969691.0,14111870.0,1334505029.0,120,0.29256050709120257,MEDIA,2026-08,NAO_ADITIVO_ENTRE_SETORES_PORTFOLIO,DADO_CALCULADO_SOBRE_DADOS_OFICIAIS
2025-10,VEÍCULOS,321859993.0,751015762.0,35504372.0,1108380127.0,9,0.29038773355776704,MEDIA,2026-08,NAO_ADITIVO_ENTRE_SETORES_PORTFOLIO,DADO_CALCULADO_SOBRE_DADOS_OFICIAIS
2025-10,VIDRO,104020716.0,111518416.0,7216506.0,222755638.0,12,0.46697231519679877,FORA_DAS_FAIXAS_NT,2026-08,NAO_ADITIVO_ENTRE_SETORES_PORTFOLIO,DADO_CALCULADO_SOBRE_DADOS_OFICIAIS
2025-10,VINHO,158176792.0,28051692.0,19937021.0,206165505.0,6,0.7672320934581175,FORA_DAS_FAIXAS_NT,2026-08,NAO_ADITIVO_ENTRE_SETORES_PORTFOLIO,DADO_CALCULADO_SOBRE_DADOS_OFICIAIS
2025-10,ÓLEOS VEGETAIS,882830808.0,36251645.0,68929394.0,988011847.0,3,0.8935427350194517,FORA_DAS_FAIXAS_NT,2026-08,NAO_ADITIVO_ENTRE_SETORES_PORTFOLIO,DADO_CALCULADO_SOBRE_DADOS_OFICIAIS
2025-11,ALIMENTOS,1963767564.0,1464966695.0,26697503.0,3455431762.0,81,0.568313223718061,FORA_DAS_FAIXAS_NT,2026-08,NAO_ADITIVO_ENTRE_SETORES_PORTFOLIO,DADO_CALCULADO_SOBRE_DADOS_OFICIAIS
2025-11,ARROZ,132223192.0,8733821.0,6352197.0,147309210.0,4,0.8975894446789852,FORA_DAS_FAIXAS_NT,2026-08,NAO_ADITIVO_ENTRE_SETORES_PORTFOLIO,DADO_CALCULADO_SOBRE_DADOS_OFICIAIS
2025-11,ARTEFATOS DOMÉSTICOS E FERRAMENTAS,496153248.0,707637953.0,59384855.0,1263176056.0,74,0.39278234070643275,FORA_DAS_FAIXAS_NT,2026-08,NAO_ADITIVO_ENTRE_SETORES_PORTFOLIO,DADO_CALCULADO_SOBRE_DADOS_OFICIAIS
2025-11,AVES,374800145.0,210593441.0,0.0,585393586.0,17,0.6402532483504184,FORA_DAS_FAIXAS_NT,2026-08,NAO_ADITIVO_ENTRE_SETORES_PORTFOLIO,DADO_CALCULADO_SOBRE_DADOS_OFICIAIS
2025-11,BIODIESEL,684651565.0,1951472.0,0.0,686603037.0,2,0.9971577871130215,FORA_DAS_FAIXAS_NT,2026-08,NAO_ADITIVO_ENTRE_SETORES_PORTFOLIO,DADO_CALCULADO_SOBRE_DADOS_OFICIAIS
2025-11,BOVINOS,717946963.0,328589294.0,0.0,1046536257.0,6,0.6860220639254928,FORA_DAS_FAIXAS_NT,2026-08,NAO_ADITIVO_ENTRE_SETORES_PORTFOLIO,DADO_CALCULADO_SOBRE_DADOS_OFICIAIS
2025-11,CALÇADOS E ARTEFATOS,414298148.0,254746824.0,4727159.0,673772131.0,14,0.6148935655517637,FORA_DAS_FAIXAS_NT,2026-08,NAO_ADITIVO_ENTRE_SETORES_PORTFOLIO,DADO_CALCULADO_SOBRE_DADOS_OFICIAIS
2025-11,CERVEJA E CHOPP,208163572.0,178221839.0,2468136.0,388853547.0,2,0.5353264065764071,FORA_DAS_FAIXAS_NT,2026-08,NAO_ADITIVO_ENTRE_SETORES_PORTFOLIO,DADO_CALCULADO_SOBRE_DADOS_OFICIAIS
2025-11,CHÁ E MATE,32978827.0,28225928.0,0.0,61204755.0,3,0.5388278574107518,FORA_DAS_FAIXAS_NT,2026-08,NAO_ADITIVO_ENTRE_SETORES_PORTFOLIO,DADO_CALCULADO_SOBRE_DADOS_OFICIAIS
2025-11,CIMENTO,274869902.0,157138636.0,0.0,432008538.0,8,0.6362603463175073,FORA_DAS_FAIXAS_NT,2026-08,NAO_ADITIVO_ENTRE_SETORES_PORTFOLIO,DADO_CALCULADO_SOBRE_DADOS_OFICIAIS
2025-11,COMBUSTÍVEIS E DERIVADOS,167882922.0,2215901.0,0.0,170098823.0,4,0.9869728610644178,FORA_DAS_FAIXAS_NT,2026-08,NAO_ADITIVO_ENTRE_SETORES_PORTFOLIO,DADO_CALCULADO_SOBRE_DADOS_OFICIAIS
2025-11,COSMÉTICOS,89875703.0,907026871.0,5920103.0,1002822677.0,17,0.08962272698984848,ALTA,2026-08,NAO_ADITIVO_ENTRE_SETORES_PORTFOLIO,DADO_CALCULADO_SOBRE_DADOS_OFICIAIS
2025-11,CURTIMENTO DE COURO,107847763.0,39509220.0,0.0,147356983.0,15,0.7318809112697429,FORA_DAS_FAIXAS_NT,2026-08,NAO_ADITIVO_ENTRE_SETORES_PORTFOLIO,DADO_CALCULADO_SOBRE_DADOS_OFICIAIS
2025-11,DEFENSIVOS AGRÍCOLAS,61868113.0,498467463.0,46227852.0,606563428.0,7,0.10199776337323127,ALTA,2026-08,NAO_ADITIVO_ENTRE_SETORES_PORTFOLIO,DADO_CALCULADO_SOBRE_DADOS_OFICIAIS
2025-11,DESTILADOS,309684957.0,70979452.0,15090998.0,395755407.0,8,0.7825160478477051,FORA_DAS_FAIXAS_NT,2026-08,NAO_ADITIVO_ENTRE_SETORES_PORTFOLIO,DADO_CALCULADO_SOBRE_DADOS_OFICIAIS
2025-11,ELETROELETRÔNICO,889527179.0,1669911805.0,197558289.0,2756997273.0,135,0.3226434743738682,FORA_DAS_FAIXAS_NT,2026-08,NAO_ADITIVO_ENTRE_SETORES_PORTFOLIO,DADO_CALCULADO_SOBRE_DADOS_OFICIAIS
2025-11,EMBALAGENS,526066370.0,525700691.0,20959000.0,1072726061.0,23,0.4904014073356236,FORA_DAS_FAIXAS_NT,2026-08,NAO_ADITIVO_ENTRE_SETORES_PORTFOLIO,DADO_CALCULADO_SOBRE_DADOS_OFICIAIS
2025-11,FERTILIZANTES,835136024.0,74917732.0,824126112.0,1734179868.0,9,0.48157405088732125,FORA_DAS_FAIXAS_NT,2026-08,NAO_ADITIVO_ENTRE_SETORES_PORTFOLIO,DADO_CALCULADO_SOBRE_DADOS_OFICIAIS
2025-11,LEITE,368514171.0,316487576.0,385465.0,685387212.0,14,0.5376729599676278,FORA_DAS_FAIXAS_NT,2026-08,NAO_ADITIVO_ENTRE_SETORES_PORTFOLIO,DADO_CALCULADO_SOBRE_DADOS_OFICIAIS
2025-11,MADEIRAS,438987301.0,310170570.0,4018434.0,753176305.0,35,0.5828479973224862,FORA_DAS_FAIXAS_NT,2026-08,NAO_ADITIVO_ENTRE_SETORES_PORTFOLIO,DADO_CALCULADO_SOBRE_DADOS_OFICIAIS
2025-11,MEDICAMENTOS,29185017.0,986445693.0,312562.0,1015943272.0,19,0.02872701439574079,CRITICA,2026-08,NAO_ADITIVO_ENTRE_SETORES_PORTFOLIO,DADO_CALCULADO_SOBRE_DADOS_OFICIAIS
2025-11,METALURGIA,1964519779.0,1938034861.0,188587596.0,4091142236.0,130,0.48018857953977034,FORA_DAS_FAIXAS_NT,2026-08,NAO_ADITIVO_ENTRE_SETORES_PORTFOLIO,DADO_CALCULADO_SOBRE_DADOS_OFICIAIS
2025-11,MÁQUINAS E EQUIPAMENTOS,1779947986.0,2105982864.0,299425933.0,4185356783.0,209,0.42527986938407686,FORA_DAS_FAIXAS_NT,2026-08,NAO_ADITIVO_ENTRE_SETORES_PORTFOLIO,DADO_CALCULADO_SOBRE_DADOS_OFICIAIS
2025-11,MÓVEIS,498507939.0,355427205.0,14388342.0,868323486.0,20,0.5741039451741836,FORA_DAS_FAIXAS_NT,2026-08,NAO_ADITIVO_ENTRE_SETORES_PORTFOLIO,DADO_CALCULADO_SOBRE_DADOS_OFICIAIS
2025-11,OUTRAS BEBIDAS,306162335.0,31187335.0,0.0,337349670.0,2,0.9075519030446955,FORA_DAS_FAIXAS_NT,2026-08,NAO_ADITIVO_ENTRE_SETORES_PORTFOLIO,DADO_CALCULADO_SOBRE_DADOS_OFICIAIS
2025-11,OUTRAS INDÚSTRIAS,1238595091.0,946814073.0,79114729.0,2264523893.0,80,0.5469560709112818,FORA_DAS_FAIXAS_NT,2026-08,NAO_ADITIVO_ENTRE_SETORES_PORTFOLIO,DADO_CALCULADO_SOBRE_DADOS_OFICIAIS
2025-11,OUTROS AGRO,557084761.0,74913310.0,5686727.0,637684798.0,14,0.8736052086347524,FORA_DAS_FAIXAS_NT,2026-08,NAO_ADITIVO_ENTRE_SETORES_PORTFOLIO,DADO_CALCULADO_SOBRE_DADOS_OFICIAIS
2025-11,OUTROS METAL MECÂN.,2289320789.0,2253130207.0,268564008.0,4811015004.0,184,0.47584985436474436,FORA_DAS_FAIXAS_NT,2026-08,NAO_ADITIVO_ENTRE_SETORES_PORTFOLIO,DADO_CALCULADO_SOBRE_DADOS_OFICIAIS
2025-11,OUTROS PRODUTOS DE PAPEL,397151574.0,724627929.0,2248724.0,1124028227.0,30,0.35332882614521743,FORA_DAS_FAIXAS_NT,2026-08,NAO_ADITIVO_ENTRE_SETORES_PORTFOLIO,DADO_CALCULADO_SOBRE_DADOS_OFICIAIS
2025-11,OUTROS QUÍMICOS,665500108.0,1476888168.0,302426742.0,2444815018.0,138,0.27220877780128233,MEDIA,2026-08,NAO_ADITIVO_ENTRE_SETORES_PORTFOLIO,DADO_CALCULADO_SOBRE_DADOS_OFICIAIS
2025-11,PEÇAS E ACESSÓRIOS PARA VEÍCULOS,771240524.0,833788974.0,214544362.0,1819573860.0,47,0.42385777294030813,FORA_DAS_FAIXAS_NT,2026-08,NAO_ADITIVO_ENTRE_SETORES_PORTFOLIO,DADO_CALCULADO_SOBRE_DADOS_OFICIAIS
2025-11,PLÁSTICOS,1664867710.0,1684781264.0,240109229.0,3589758203.0,115,0.4637826883740114,FORA_DAS_FAIXAS_NT,2026-08,NAO_ADITIVO_ENTRE_SETORES_PORTFOLIO,DADO_CALCULADO_SOBRE_DADOS_OFICIAIS
2025-11,PNEUMÁTICOS E BORRACHA,287037004.0,493530079.0,55307754.0,835874837.0,23,0.34339711078059404,FORA_DAS_FAIXAS_NT,2026-08,NAO_ADITIVO_ENTRE_SETORES_PORTFOLIO,DADO_CALCULADO_SOBRE_DADOS_OFICIAIS
2025-11,PRODUTOS DE LIMPEZA,128298273.0,278707017.0,8438313.0,415443603.0,19,0.3088223577725904,FORA_DAS_FAIXAS_NT,2026-08,NAO_ADITIVO_ENTRE_SETORES_PORTFOLIO,DADO_CALCULADO_SOBRE_DADOS_OFICIAIS
2025-11,RAÇÃO ANIMAL,598948972.0,476710373.0,0.0,1075659345.0,8,0.5568203119176174,FORA_DAS_FAIXAS_NT,2026-08,NAO_ADITIVO_ENTRE_SETORES_PORTFOLIO,DADO_CALCULADO_SOBRE_DADOS_OFICIAIS
2025-11,REFRIGERANTE,462002104.0,180386223.0,435242.0,642823569.0,2,0.718707474772133,FORA_DAS_FAIXAS_NT,2026-08,NAO_ADITIVO_ENTRE_SETORES_PORTFOLIO,DADO_CALCULADO_SOBRE_DADOS_OFICIAIS
2025-11,SUCOS E REFRESCOS,355941444.0,143526539.0,1454859.0,500922842.0,13,0.7105713977403331,FORA_DAS_FAIXAS_NT,2026-08,NAO_ADITIVO_ENTRE_SETORES_PORTFOLIO,DADO_CALCULADO_SOBRE_DADOS_OFICIAIS
2025-11,SUINOS,245108899.0,176087672.0,0.0,421196571.0,10,0.5819346971844175,FORA_DAS_FAIXAS_NT,2026-08,NAO_ADITIVO_ENTRE_SETORES_PORTFOLIO,DADO_CALCULADO_SOBRE_DADOS_OFICIAIS
2025-11,TABACOS,100802422.0,128143291.0,7686533.0,236632246.0,4,0.42598768216906496,FORA_DAS_FAIXAS_NT,2026-08,NAO_ADITIVO_ENTRE_SETORES_PORTFOLIO,DADO_CALCULADO_SOBRE_DADOS_OFICIAIS
2025-11,TINTAS E SOLVENTES,227058146.0,374043885.0,25653149.0,626755180.0,41,0.36227565921353855,FORA_DAS_FAIXAS_NT,2026-08,NAO_ADITIVO_ENTRE_SETORES_PORTFOLIO,DADO_CALCULADO_SOBRE_DADOS_OFICIAIS
2025-11,TRATORES,173355427.0,199833695.0,130696703.0,503885825.0,7,0.3440371179324205,FORA_DAS_FAIXAS_NT,2026-08,NAO_ADITIVO_ENTRE_SETORES_PORTFOLIO,DADO_CALCULADO_SOBRE_DADOS_OFICIAIS
2025-11,TRIGO,222590841.0,147100721.0,5686727.0,375378289.0,7,0.5929773977951079,FORA_DAS_FAIXAS_NT,2026-08,NAO_ADITIVO_ENTRE_SETORES_PORTFOLIO,DADO_CALCULADO_SOBRE_DADOS_OFICIAIS
2025-11,TÊXTIL,757553300.0,1060542524.0,77198563.0,1895294387.0,138,0.3997021809361798,FORA_DAS_FAIXAS_NT,2026-08,NAO_ADITIVO_ENTRE_SETORES_PORTFOLIO,DADO_CALCULADO_SOBRE_DADOS_OFICIAIS
2025-11,VESTUÁRIO,334751300.0,871263473.0,12387521.0,1218402294.0,120,0.27474611763986057,MEDIA,2026-08,NAO_ADITIVO_ENTRE_SETORES_PORTFOLIO,DADO_CALCULADO_SOBRE_DADOS_OFICIAIS
2025-11,VEÍCULOS,278855634.0,736995067.0,31865135.0,1047715836.0,9,0.26615578806618323,MEDIA,2026-08,NAO_ADITIVO_ENTRE_SETORES_PORTFOLIO,DADO_CALCULADO_SOBRE_DADOS_OFICIAIS
2025-11,VIDRO,93353035.0,108127242.0,7117317.0,208597594.0,12,0.4475269019641713,FORA_DAS_FAIXAS_NT,2026-08,NAO_ADITIVO_ENTRE_SETORES_PORTFOLIO,DADO_CALCULADO_SOBRE_DADOS_OFICIAIS
2025-11,VINHO,154624357.0,29838931.0,14054086.0,198517374.0,6,0.7788958411267318,FORA_DAS_FAIXAS_NT,2026-08,NAO_ADITIVO_ENTRE_SETORES_PORTFOLIO,DADO_CALCULADO_SOBRE_DADOS_OFICIAIS
2025-11,ÓLEOS VEGETAIS,799535772.0,21789192.0,0.0,821324964.0,3,0.973470680966663,FORA_DAS_FAIXAS_NT,2026-08,NAO_ADITIVO_ENTRE_SETORES_PORTFOLIO,DADO_CALCULADO_SOBRE_DADOS_OFICIAIS
2025-12,ALIMENTOS,1963479657.0,1411762835.0,45152921.0,3420395413.0,81,0.5740504882965706,FORA_DAS_FAIXAS_NT,2026-08,NAO_ADITIVO_ENTRE_SETORES_PORTFOLIO,DADO_CALCULADO_SOBRE_DADOS_OFICIAIS
2025-12,ARROZ,131363339.0,10232425.0,5576393.0,147172157.0,4,0.8925828205398932,FORA_DAS_FAIXAS_NT,2026-08,NAO_ADITIVO_ENTRE_SETORES_PORTFOLIO,DADO_CALCULADO_SOBRE_DADOS_OFICIAIS
2025-12,ARTEFATOS DOMÉSTICOS E FERRAMENTAS,399877552.0,633214414.0,62726579.0,1095818545.0,74,0.3649121962979738,FORA_DAS_FAIXAS_NT,2026-08,NAO_ADITIVO_ENTRE_SETORES_PORTFOLIO,DADO_CALCULADO_SOBRE_DADOS_OFICIAIS
2025-12,AVES,401254090.0,195260796.0,0.0,596514886.0,17,0.6726640012132069,FORA_DAS_FAIXAS_NT,2026-08,NAO_ADITIVO_ENTRE_SETORES_PORTFOLIO,DADO_CALCULADO_SOBRE_DADOS_OFICIAIS
2025-12,BIODIESEL,675079475.0,8299296.0,0.0,683378771.0,2,0.9878554963188928,FORA_DAS_FAIXAS_NT,2026-08,NAO_ADITIVO_ENTRE_SETORES_PORTFOLIO,DADO_CALCULADO_SOBRE_DADOS_OFICIAIS
2025-12,BOVINOS,898325387.0,372054516.0,0.0,1270379903.0,6,0.7071312958262376,FORA_DAS_FAIXAS_NT,2026-08,NAO_ADITIVO_ENTRE_SETORES_PORTFOLIO,DADO_CALCULADO_SOBRE_DADOS_OFICIAIS
2025-12,CALÇADOS E ARTEFATOS,258394663.0,190301251.0,4383910.0,453079824.0,14,0.5703071496734756,FORA_DAS_FAIXAS_NT,2026-08,NAO_ADITIVO_ENTRE_SETORES_PORTFOLIO,DADO_CALCULADO_SOBRE_DADOS_OFICIAIS
2025-12,CERVEJA E CHOPP,309779616.0,190871970.0,3826456.0,504478042.0,2,0.614059662085352,FORA_DAS_FAIXAS_NT,2026-08,NAO_ADITIVO_ENTRE_SETORES_PORTFOLIO,DADO_CALCULADO_SOBRE_DADOS_OFICIAIS
2025-12,CHÁ E MATE,33743197.0,22714244.0,0.0,56457441.0,3,0.5976749282703054,FORA_DAS_FAIXAS_NT,2026-08,NAO_ADITIVO_ENTRE_SETORES_PORTFOLIO,DADO_CALCULADO_SOBRE_DADOS_OFICIAIS
2025-12,CIMENTO,242096619.0,119670793.0,404582.0,362171994.0,8,0.6684575920025445,FORA_DAS_FAIXAS_NT,2026-08,NAO_ADITIVO_ENTRE_SETORES_PORTFOLIO,DADO_CALCULADO_SOBRE_DADOS_OFICIAIS
2025-12,COMBUSTÍVEIS E DERIVADOS,181691984.0,911209.0,0.0,182603193.0,4,0.995009895582713,FORA_DAS_FAIXAS_NT,2026-08,NAO_ADITIVO_ENTRE_SETORES_PORTFOLIO,DADO_CALCULADO_SOBRE_DADOS_OFICIAIS
2025-12,COSMÉTICOS,87440691.0,776750833.0,5111965.0,869303489.0,17,0.10058707011585456,ALTA,2026-08,NAO_ADITIVO_ENTRE_SETORES_PORTFOLIO,DADO_CALCULADO_SOBRE_DADOS_OFICIAIS
2025-12,CURTIMENTO DE COURO,80773574.0,38558891.0,0.0,119332465.0,15,0.676878450470289,FORA_DAS_FAIXAS_NT,2026-08,NAO_ADITIVO_ENTRE_SETORES_PORTFOLIO,DADO_CALCULADO_SOBRE_DADOS_OFICIAIS
2025-12,DEFENSIVOS AGRÍCOLAS,48729239.0,379520979.0,26452242.0,454702460.0,6,0.10716730892548942,ALTA,2026-08,NAO_ADITIVO_ENTRE_SETORES_PORTFOLIO,DADO_CALCULADO_SOBRE_DADOS_OFICIAIS
2025-12,DESTILADOS,374257589.0,72899130.0,20715352.0,467872071.0,8,0.7999143616332679,FORA_DAS_FAIXAS_NT,2026-08,NAO_ADITIVO_ENTRE_SETORES_PORTFOLIO,DADO_CALCULADO_SOBRE_DADOS_OFICIAIS
2025-12,ELETROELETRÔNICO,738699844.0,1537420672.0,162743997.0,2438864513.0,135,0.30288679016914294,FORA_DAS_FAIXAS_NT,2026-08,NAO_ADITIVO_ENTRE_SETORES_PORTFOLIO,DADO_CALCULADO_SOBRE_DADOS_OFICIAIS
2025-12,EMBALAGENS,454236794.0,458063106.0,20789752.0,933089652.0,23,0.48680937895558185,FORA_DAS_FAIXAS_NT,2026-08,NAO_ADITIVO_ENTRE_SETORES_PORTFOLIO,DADO_CALCULADO_SOBRE_DADOS_OFICIAIS
2025-12,FERTILIZANTES,425647118.0,73222361.0,665450177.0,1164319656.0,9,0.3655758243078222,FORA_DAS_FAIXAS_NT,2026-08,NAO_ADITIVO_ENTRE_SETORES_PORTFOLIO,DADO_CALCULADO_SOBRE_DADOS_OFICIAIS
2025-12,LEITE,373825485.0,288841754.0,522900.0,663190139.0,14,0.5636776891219729,FORA_DAS_FAIXAS_NT,2026-08,NAO_ADITIVO_ENTRE_SETORES_PORTFOLIO,DADO_CALCULADO_SOBRE_DADOS_OFICIAIS
2025-12,MADEIRAS,404336913.0,245824189.0,7042586.0,657203688.0,35,0.615238350579676,FORA_DAS_FAIXAS_NT,2026-08,NAO_ADITIVO_ENTRE_SETORES_PORTFOLIO,DADO_CALCULADO_SOBRE_DADOS_OFICIAIS
2025-12,MEDICAMENTOS,28036058.0,887167667.0,739869.0,915943594.0,19,0.030608935073790144,CRITICA,2026-08,NAO_ADITIVO_ENTRE_SETORES_PORTFOLIO,DADO_CALCULADO_SOBRE_DADOS_OFICIAIS
2025-12,METALURGIA,1589165374.0,1501324730.0,154109826.0,3244599930.0,130,0.4897877730028799,FORA_DAS_FAIXAS_NT,2026-08,NAO_ADITIVO_ENTRE_SETORES_PORTFOLIO,DADO_CALCULADO_SOBRE_DADOS_OFICIAIS
2025-12,MÁQUINAS E EQUIPAMENTOS,1537968340.0,1825920302.0,228164096.0,3592052738.0,209,0.4281586190898515,FORA_DAS_FAIXAS_NT,2026-08,NAO_ADITIVO_ENTRE_SETORES_PORTFOLIO,DADO_CALCULADO_SOBRE_DADOS_OFICIAIS
2025-12,MÓVEIS,476256203.0,302153962.0,9584801.0,787994966.0,20,0.6043899054553097,FORA_DAS_FAIXAS_NT,2026-08,NAO_ADITIVO_ENTRE_SETORES_PORTFOLIO,DADO_CALCULADO_SOBRE_DADOS_OFICIAIS
2025-12,OUTRAS BEBIDAS,384568542.0,35602475.0,0.0,420171017.0,2,0.9152667043667126,FORA_DAS_FAIXAS_NT,2026-08,NAO_ADITIVO_ENTRE_SETORES_PORTFOLIO,DADO_CALCULADO_SOBRE_DADOS_OFICIAIS
2025-12,OUTRAS INDÚSTRIAS,824094295.0,743888828.0,63500125.0,1631483248.0,80,0.5051196792919813,FORA_DAS_FAIXAS_NT,2026-08,NAO_ADITIVO_ENTRE_SETORES_PORTFOLIO,DADO_CALCULADO_SOBRE_DADOS_OFICIAIS
2025-12,OUTROS AGRO,592769926.0,60568521.0,7607244.0,660945691.0,14,0.8968511847064905,FORA_DAS_FAIXAS_NT,2026-08,NAO_ADITIVO_ENTRE_SETORES_PORTFOLIO,DADO_CALCULADO_SOBRE_DADOS_OFICIAIS
2025-12,OUTROS METAL MECÂN.,1749969115.0,1728177961.0,215026243.0,3693173319.0,185,0.4738388815918986,FORA_DAS_FAIXAS_NT,2026-08,NAO_ADITIVO_ENTRE_SETORES_PORTFOLIO,DADO_CALCULADO_SOBRE_DADOS_OFICIAIS
2025-12,OUTROS PRODUTOS DE PAPEL,302219466.0,676106005.0,1653761.0,979979232.0,30,0.30839374563398914,FORA_DAS_FAIXAS_NT,2026-08,NAO_ADITIVO_ENTRE_SETORES_PORTFOLIO,DADO_CALCULADO_SOBRE_DADOS_OFICIAIS
2025-12,OUTROS QUÍMICOS,572985013.0,1255916669.0,298214712.0,2127116394.0,136,0.2693717253161277,MEDIA,2026-08,NAO_ADITIVO_ENTRE_SETORES_PORTFOLIO,DADO_CALCULADO_SOBRE_DADOS_OFICIAIS
2025-12,PEÇAS E ACESSÓRIOS PARA VEÍCULOS,518741351.0,596709721.0,150130799.0,1265581871.0,47,0.40988367713431,FORA_DAS_FAIXAS_NT,2026-08,NAO_ADITIVO_ENTRE_SETORES_PORTFOLIO,DADO_CALCULADO_SOBRE_DADOS_OFICIAIS
2025-12,PLÁSTICOS,1274631943.0,1332113855.0,201366818.0,2808112616.0,115,0.45391055035949457,FORA_DAS_FAIXAS_NT,2026-08,NAO_ADITIVO_ENTRE_SETORES_PORTFOLIO,DADO_CALCULADO_SOBRE_DADOS_OFICIAIS
2025-12,PNEUMÁTICOS E BORRACHA,178756682.0,415169835.0,47227117.0,641153634.0,23,0.27880475524217335,MEDIA,2026-08,NAO_ADITIVO_ENTRE_SETORES_PORTFOLIO,DADO_CALCULADO_SOBRE_DADOS_OFICIAIS
2025-12,PRODUTOS DE LIMPEZA,124259993.0,253043341.0,8787666.0,386091000.0,19,0.3218412058297137,FORA_DAS_FAIXAS_NT,2026-08,NAO_ADITIVO_ENTRE_SETORES_PORTFOLIO,DADO_CALCULADO_SOBRE_DADOS_OFICIAIS
2025-12,RAÇÃO ANIMAL,642253078.0,442608143.0,251424.0,1085112645.0,8,0.5918768719168321,FORA_DAS_FAIXAS_NT,2026-08,NAO_ADITIVO_ENTRE_SETORES_PORTFOLIO,DADO_CALCULADO_SOBRE_DADOS_OFICIAIS
2025-12,REFRIGERANTE,623194465.0,193232525.0,1233827.0,817660817.0,2,0.7621674562889076,FORA_DAS_FAIXAS_NT,2026-08,NAO_ADITIVO_ENTRE_SETORES_PORTFOLIO,DADO_CALCULADO_SOBRE_DADOS_OFICIAIS
2025-12,SUCOS E REFRESCOS,394387767.0,154568617.0,807417.0,549763801.0,13,0.717376746673068,FORA_DAS_FAIXAS_NT,2026-08,NAO_ADITIVO_ENTRE_SETORES_PORTFOLIO,DADO_CALCULADO_SOBRE_DADOS_OFICIAIS
2025-12,SUINOS,296852354.0,181446060.0,0.0,478298414.0,10,0.6206425639538081,FORA_DAS_FAIXAS_NT,2026-08,NAO_ADITIVO_ENTRE_SETORES_PORTFOLIO,DADO_CALCULADO_SOBRE_DADOS_OFICIAIS
2025-12,TABACOS,90427839.0,41062403.0,19912927.0,151403169.0,4,0.5972651668869626,FORA_DAS_FAIXAS_NT,2026-08,NAO_ADITIVO_ENTRE_SETORES_PORTFOLIO,DADO_CALCULADO_SOBRE_DADOS_OFICIAIS
2025-12,TINTAS E SOLVENTES,181202667.0,298474494.0,20052806.0,499729967.0,41,0.36260116255945885,FORA_DAS_FAIXAS_NT,2026-08,NAO_ADITIVO_ENTRE_SETORES_PORTFOLIO,DADO_CALCULADO_SOBRE_DADOS_OFICIAIS
2025-12,TRATORES,104659787.0,121707158.0,71119112.0,297486057.0,7,0.3518140919122136,FORA_DAS_FAIXAS_NT,2026-08,NAO_ADITIVO_ENTRE_SETORES_PORTFOLIO,DADO_CALCULADO_SOBRE_DADOS_OFICIAIS
2025-12,TRIGO,218225838.0,117136797.0,8864405.0,344227040.0,7,0.6339590230912714,FORA_DAS_FAIXAS_NT,2026-08,NAO_ADITIVO_ENTRE_SETORES_PORTFOLIO,DADO_CALCULADO_SOBRE_DADOS_OFICIAIS
2025-12,TÊXTIL,537891661.0,813967647.0,65615245.0,1417474553.0,138,0.3794718288674633,FORA_DAS_FAIXAS_NT,2026-08,NAO_ADITIVO_ENTRE_SETORES_PORTFOLIO,DADO_CALCULADO_SOBRE_DADOS_OFICIAIS
2025-12,VESTUÁRIO,235410083.0,690857848.0,11286344.0,937554275.0,120,0.2510895521221958,MEDIA,2026-08,NAO_ADITIVO_ENTRE_SETORES_PORTFOLIO,DADO_CALCULADO_SOBRE_DADOS_OFICIAIS
2025-12,VEÍCULOS,237901184.0,652540714.0,22898083.0,913339981.0,9,0.26047385305472576,MEDIA,2026-08,NAO_ADITIVO_ENTRE_SETORES_PORTFOLIO,DADO_CALCULADO_SOBRE_DADOS_OFICIAIS
2025-12,VIDRO,72994476.0,73269674.0,6494006.0,152758156.0,12,0.47784339580532775,FORA_DAS_FAIXAS_NT,2026-08,NAO_ADITIVO_ENTRE_SETORES_PORTFOLIO,DADO_CALCULADO_SOBRE_DADOS_OFICIAIS
2025-12,VINHO,109458835.0,27296379.0,24637941.0,161393155.0,6,0.6782123752398297,FORA_DAS_FAIXAS_NT,2026-08,NAO_ADITIVO_ENTRE_SETORES_PORTFOLIO,DADO_CALCULADO_SOBRE_DADOS_OFICIAIS
2025-12,ÓLEOS VEGETAIS,771643482.0,19734236.0,0.0,791377718.0,3,0.9750634424609868,FORA_DAS_FAIXAS_NT,2026-08,NAO_ADITIVO_ENTRE_SETORES_PORTFOLIO,DADO_CALCULADO_SOBRE_DADOS_OFICIAIS
2026-01,ALIMENTOS,1632957833.0,1408035450.0,20986865.0,3061980148.0,81,0.5333012475820924,FORA_DAS_FAIXAS_NT,2026-08,NAO_ADITIVO_ENTRE_SETORES_PORTFOLIO,DADO_CALCULADO_SOBRE_DADOS_OFICIAIS
2026-01,ARROZ,137296169.0,15067160.0,12580363.0,164943692.0,4,0.8323820531433236,FORA_DAS_FAIXAS_NT,2026-08,NAO_ADITIVO_ENTRE_SETORES_PORTFOLIO,DADO_CALCULADO_SOBRE_DADOS_OFICIAIS
2026-01,ARTEFATOS DOMÉSTICOS E FERRAMENTAS,391290519.0,589953965.0,78152853.0,1059397337.0,74,0.369351994132868,FORA_DAS_FAIXAS_NT,2026-08,NAO_ADITIVO_ENTRE_SETORES_PORTFOLIO,DADO_CALCULADO_SOBRE_DADOS_OFICIAIS
2026-01,AVES,384239944.0,215496425.0,0.0,599736369.0,17,0.6406814124690844,FORA_DAS_FAIXAS_NT,2026-08,NAO_ADITIVO_ENTRE_SETORES_PORTFOLIO,DADO_CALCULADO_SOBRE_DADOS_OFICIAIS
2026-01,BIODIESEL,704580952.0,8886070.0,0.0,713467022.0,2,0.9875452267224764,FORA_DAS_FAIXAS_NT,2026-08,NAO_ADITIVO_ENTRE_SETORES_PORTFOLIO,DADO_CALCULADO_SOBRE_DADOS_OFICIAIS
2026-01,BOVINOS,740084048.0,351231218.0,0.0,1091315266.0,6,0.6781578807310481,FORA_DAS_FAIXAS_NT,2026-08,NAO_ADITIVO_ENTRE_SETORES_PORTFOLIO,DADO_CALCULADO_SOBRE_DADOS_OFICIAIS
2026-01,CALÇADOS E ARTEFATOS,317648313.0,154960652.0,8861455.0,481470420.0,14,0.6597462685246582,FORA_DAS_FAIXAS_NT,2026-08,NAO_ADITIVO_ENTRE_SETORES_PORTFOLIO,DADO_CALCULADO_SOBRE_DADOS_OFICIAIS
2026-01,CERVEJA E CHOPP,255716136.0,164125658.0,3291570.0,423133364.0,2,0.6043393354346787,FORA_DAS_FAIXAS_NT,2026-08,NAO_ADITIVO_ENTRE_SETORES_PORTFOLIO,DADO_CALCULADO_SOBRE_DADOS_OFICIAIS
2026-01,CHÁ E MATE,31767434.0,30111323.0,0.0,61878757.0,3,0.5133819026132022,FORA_DAS_FAIXAS_NT,2026-08,NAO_ADITIVO_ENTRE_SETORES_PORTFOLIO,DADO_CALCULADO_SOBRE_DADOS_OFICIAIS
2026-01,CIMENTO,228156764.0,131591741.0,0.0,359748505.0,8,0.6342118475238695,FORA_DAS_FAIXAS_NT,2026-08,NAO_ADITIVO_ENTRE_SETORES_PORTFOLIO,DADO_CALCULADO_SOBRE_DADOS_OFICIAIS
2026-01,COMBUSTÍVEIS E DERIVADOS,118222415.0,15726255.0,0.0,133948670.0,4,0.8825949149028505,FORA_DAS_FAIXAS_NT,2026-08,NAO_ADITIVO_ENTRE_SETORES_PORTFOLIO,DADO_CALCULADO_SOBRE_DADOS_OFICIAIS
2026-01,COSMÉTICOS,76260041.0,706092674.0,3012043.0,785364758.0,17,0.09710142990653522,ALTA,2026-08,NAO_ADITIVO_ENTRE_SETORES_PORTFOLIO,DADO_CALCULADO_SOBRE_DADOS_OFICIAIS
2026-01,CURTIMENTO DE COURO,96022665.0,48826388.0,1191807.0,146040860.0,15,0.6575054748376584,FORA_DAS_FAIXAS_NT,2026-08,NAO_ADITIVO_ENTRE_SETORES_PORTFOLIO,DADO_CALCULADO_SOBRE_DADOS_OFICIAIS
2026-01,DEFENSIVOS AGRÍCOLAS,23880567.0,240080402.0,21528102.0,285489071.0,7,0.08364792009848951,ALTA,2026-08,NAO_ADITIVO_ENTRE_SETORES_PORTFOLIO,DADO_CALCULADO_SOBRE_DADOS_OFICIAIS
2026-01,DESTILADOS,294539014.0,66523469.0,10327878.0,371390361.0,8,0.7930712396706494,FORA_DAS_FAIXAS_NT,2026-08,NAO_ADITIVO_ENTRE_SETORES_PORTFOLIO,DADO_CALCULADO_SOBRE_DADOS_OFICIAIS
2026-01,ELETROELETRÔNICO,663811075.0,1423889687.0,209703634.0,2297404396.0,135,0.2889395859761383,MEDIA,2026-08,NAO_ADITIVO_ENTRE_SETORES_PORTFOLIO,DADO_CALCULADO_SOBRE_DADOS_OFICIAIS
2026-01,EMBALAGENS,504866642.0,489113399.0,22235318.0,1016215359.0,23,0.4968106784931992,FORA_DAS_FAIXAS_NT,2026-08,NAO_ADITIVO_ENTRE_SETORES_PORTFOLIO,DADO_CALCULADO_SOBRE_DADOS_OFICIAIS
2026-01,FERTILIZANTES,239007048.0,47094198.0,235998735.0,522099981.0,9,0.457780227346915,FORA_DAS_FAIXAS_NT,2026-08,NAO_ADITIVO_ENTRE_SETORES_PORTFOLIO,DADO_CALCULADO_SOBRE_DADOS_OFICIAIS
2026-01,LEITE,376566410.0,274216872.0,0.0,650783282.0,14,0.578635654011776,FORA_DAS_FAIXAS_NT,2026-08,NAO_ADITIVO_ENTRE_SETORES_PORTFOLIO,DADO_CALCULADO_SOBRE_DADOS_OFICIAIS
2026-01,MADEIRAS,325014936.0,245867794.0,5041930.0,575924660.0,35,0.5643358560128333,FORA_DAS_FAIXAS_NT,2026-08,NAO_ADITIVO_ENTRE_SETORES_PORTFOLIO,DADO_CALCULADO_SOBRE_DADOS_OFICIAIS
2026-01,MEDICAMENTOS,17568774.0,701011185.0,107482.0,718687441.0,19,0.024445639366613058,CRITICA,2026-08,NAO_ADITIVO_ENTRE_SETORES_PORTFOLIO,DADO_CALCULADO_SOBRE_DADOS_OFICIAIS
2026-01,METALURGIA,1582794432.0,1718222610.0,215280430.0,3516297472.0,130,0.4501309814097549,FORA_DAS_FAIXAS_NT,2026-08,NAO_ADITIVO_ENTRE_SETORES_PORTFOLIO,DADO_CALCULADO_SOBRE_DADOS_OFICIAIS
2026-01,MÁQUINAS E EQUIPAMENTOS,1401797501.0,1700058012.0,327383055.0,3429238568.0,209,0.4087780634689281,FORA_DAS_FAIXAS_NT,2026-08,NAO_ADITIVO_ENTRE_SETORES_PORTFOLIO,DADO_CALCULADO_SOBRE_DADOS_OFICIAIS
2026-01,MÓVEIS,361379361.0,281236360.0,10207820.0,652823541.0,20,0.5535636175840662,FORA_DAS_FAIXAS_NT,2026-08,NAO_ADITIVO_ENTRE_SETORES_PORTFOLIO,DADO_CALCULADO_SOBRE_DADOS_OFICIAIS
2026-01,OUTRAS BEBIDAS,320491673.0,34773567.0,53218.0,355318458.0,2,0.9019843067088847,FORA_DAS_FAIXAS_NT,2026-08,NAO_ADITIVO_ENTRE_SETORES_PORTFOLIO,DADO_CALCULADO_SOBRE_DADOS_OFICIAIS
2026-01,OUTRAS INDÚSTRIAS,881343362.0,862147234.0,98830029.0,1842320625.0,80,0.4783876107341522,FORA_DAS_FAIXAS_NT,2026-08,NAO_ADITIVO_ENTRE_SETORES_PORTFOLIO,DADO_CALCULADO_SOBRE_DADOS_OFICIAIS
2026-01,OUTROS AGRO,646307549.0,53738861.0,7618377.0,707664787.0,14,0.9132961832676295,FORA_DAS_FAIXAS_NT,2026-08,NAO_ADITIVO_ENTRE_SETORES_PORTFOLIO,DADO_CALCULADO_SOBRE_DADOS_OFICIAIS
2026-01,OUTROS METAL MECÂN.,1816553065.0,2037783757.0,315899750.0,4170236572.0,185,0.4355995238248081,FORA_DAS_FAIXAS_NT,2026-08,NAO_ADITIVO_ENTRE_SETORES_PORTFOLIO,DADO_CALCULADO_SOBRE_DADOS_OFICIAIS
2026-01,OUTROS PRODUTOS DE PAPEL,379454331.0,715801272.0,2590524.0,1097846127.0,30,0.3456352595029923,FORA_DAS_FAIXAS_NT,2026-08,NAO_ADITIVO_ENTRE_SETORES_PORTFOLIO,DADO_CALCULADO_SOBRE_DADOS_OFICIAIS
2026-01,OUTROS QUÍMICOS,497759964.0,1239234401.0,85146250.0,1822140615.0,137,0.27317318976505006,MEDIA,2026-08,NAO_ADITIVO_ENTRE_SETORES_PORTFOLIO,DADO_CALCULADO_SOBRE_DADOS_OFICIAIS
2026-01,PEÇAS E ACESSÓRIOS PARA VEÍCULOS,540951157.0,707260613.0,200506883.0,1448718653.0,47,0.37339973215627537,FORA_DAS_FAIXAS_NT,2026-08,NAO_ADITIVO_ENTRE_SETORES_PORTFOLIO,DADO_CALCULADO_SOBRE_DADOS_OFICIAIS
2026-01,PLÁSTICOS,1320887579.0,1536335029.0,268494900.0,3125717508.0,115,0.4225869982233852,FORA_DAS_FAIXAS_NT,2026-08,NAO_ADITIVO_ENTRE_SETORES_PORTFOLIO,DADO_CALCULADO_SOBRE_DADOS_OFICIAIS
2026-01,PNEUMÁTICOS E BORRACHA,229855881.0,455423036.0,63836441.0,749115358.0,23,0.30683642852240123,FORA_DAS_FAIXAS_NT,2026-08,NAO_ADITIVO_ENTRE_SETORES_PORTFOLIO,DADO_CALCULADO_SOBRE_DADOS_OFICIAIS
2026-01,PRODUTOS DE LIMPEZA,135750599.0,254867822.0,9586167.0,400204588.0,19,0.33920300533885933,FORA_DAS_FAIXAS_NT,2026-08,NAO_ADITIVO_ENTRE_SETORES_PORTFOLIO,DADO_CALCULADO_SOBRE_DADOS_OFICIAIS
2026-01,RAÇÃO ANIMAL,672392315.0,627873385.0,42489247.0,1342754947.0,8,0.5007557905500682,FORA_DAS_FAIXAS_NT,2026-08,NAO_ADITIVO_ENTRE_SETORES_PORTFOLIO,DADO_CALCULADO_SOBRE_DADOS_OFICIAIS
2026-01,REFRIGERANTE,510679657.0,179165628.0,694239.0,690539524.0,2,0.739537186867815,FORA_DAS_FAIXAS_NT,2026-08,NAO_ADITIVO_ENTRE_SETORES_PORTFOLIO,DADO_CALCULADO_SOBRE_DADOS_OFICIAIS
2026-01,SUCOS E REFRESCOS,346597146.0,144154354.0,185091.0,490936591.0,13,0.7059916745948969,FORA_DAS_FAIXAS_NT,2026-08,NAO_ADITIVO_ENTRE_SETORES_PORTFOLIO,DADO_CALCULADO_SOBRE_DADOS_OFICIAIS
2026-01,SUINOS,239565680.0,227922892.0,0.0,467488572.0,10,0.5124524840791188,FORA_DAS_FAIXAS_NT,2026-08,NAO_ADITIVO_ENTRE_SETORES_PORTFOLIO,DADO_CALCULADO_SOBRE_DADOS_OFICIAIS
2026-01,TABACOS,101346143.0,154854041.0,22708072.0,278908256.0,4,0.3633673110056663,FORA_DAS_FAIXAS_NT,2026-08,NAO_ADITIVO_ENTRE_SETORES_PORTFOLIO,DADO_CALCULADO_SOBRE_DADOS_OFICIAIS
2026-01,TINTAS E SOLVENTES,202089312.0,334405728.0,28927125.0,565422165.0,41,0.3574131410288806,FORA_DAS_FAIXAS_NT,2026-08,NAO_ADITIVO_ENTRE_SETORES_PORTFOLIO,DADO_CALCULADO_SOBRE_DADOS_OFICIAIS
2026-01,TRATORES,108804163.0,148252724.0,95860501.0,352917388.0,7,0.30829924140773707,FORA_DAS_FAIXAS_NT,2026-08,NAO_ADITIVO_ENTRE_SETORES_PORTFOLIO,DADO_CALCULADO_SOBRE_DADOS_OFICIAIS
2026-01,TRIGO,196299800.0,113856924.0,7874909.0,318031633.0,7,0.6172335693411982,FORA_DAS_FAIXAS_NT,2026-08,NAO_ADITIVO_ENTRE_SETORES_PORTFOLIO,DADO_CALCULADO_SOBRE_DADOS_OFICIAIS
2026-01,TÊXTIL,634664711.0,849405925.0,83395712.0,1567466348.0,139,0.4048984603783022,FORA_DAS_FAIXAS_NT,2026-08,NAO_ADITIVO_ENTRE_SETORES_PORTFOLIO,DADO_CALCULADO_SOBRE_DADOS_OFICIAIS
2026-01,VESTUÁRIO,282330129.0,627717150.0,16835452.0,926882731.0,120,0.3046017792298258,FORA_DAS_FAIXAS_NT,2026-08,NAO_ADITIVO_ENTRE_SETORES_PORTFOLIO,DADO_CALCULADO_SOBRE_DADOS_OFICIAIS
2026-01,VEÍCULOS,174425445.0,544288330.0,25554687.0,744268462.0,9,0.2343582375253192,MEDIA,2026-08,NAO_ADITIVO_ENTRE_SETORES_PORTFOLIO,DADO_CALCULADO_SOBRE_DADOS_OFICIAIS
2026-01,VIDRO,67692519.0,85343007.0,4879993.0,157915519.0,12,0.42866286625065647,FORA_DAS_FAIXAS_NT,2026-08,NAO_ADITIVO_ENTRE_SETORES_PORTFOLIO,DADO_CALCULADO_SOBRE_DADOS_OFICIAIS
2026-01,VINHO,84821917.0,18991735.0,18094208.0,121907860.0,6,0.6957871051136489,FORA_DAS_FAIXAS_NT,2026-08,NAO_ADITIVO_ENTRE_SETORES_PORTFOLIO,DADO_CALCULADO_SOBRE_DADOS_OFICIAIS
2026-01,ÓLEOS VEGETAIS,787098368.0,15581777.0,0.0,802680145.0,3,0.980587813094592,FORA_DAS_FAIXAS_NT,2026-08,NAO_ADITIVO_ENTRE_SETORES_PORTFOLIO,DADO_CALCULADO_SOBRE_DADOS_OFICIAIS
2026-02,ALIMENTOS,1712309086.0,1489558295.0,29681468.0,3231548849.0,81,0.5298725676171885,FORA_DAS_FAIXAS_NT,2026-08,NAO_ADITIVO_ENTRE_SETORES_PORTFOLIO,DADO_CALCULADO_SOBRE_DADOS_OFICIAIS
2026-02,ARROZ,148748077.0,13067894.0,18926244.0,180742215.0,4,0.8229846967406037,FORA_DAS_FAIXAS_NT,2026-08,NAO_ADITIVO_ENTRE_SETORES_PORTFOLIO,DADO_CALCULADO_SOBRE_DADOS_OFICIAIS
2026-02,ARTEFATOS DOMÉSTICOS E FERRAMENTAS,406835935.0,675450125.0,81838308.0,1164124368.0,74,0.34947806796532926,FORA_DAS_FAIXAS_NT,2026-08,NAO_ADITIVO_ENTRE_SETORES_PORTFOLIO,DADO_CALCULADO_SOBRE_DADOS_OFICIAIS
2026-02,AVES,350850329.0,203535848.0,0.0,554386177.0,17,0.6328626931114842,FORA_DAS_FAIXAS_NT,2026-08,NAO_ADITIVO_ENTRE_SETORES_PORTFOLIO,DADO_CALCULADO_SOBRE_DADOS_OFICIAIS
2026-02,BIODIESEL,607439083.0,3305087.0,0.0,610744170.0,2,0.9945884264437596,FORA_DAS_FAIXAS_NT,2026-08,NAO_ADITIVO_ENTRE_SETORES_PORTFOLIO,DADO_CALCULADO_SOBRE_DADOS_OFICIAIS
2026-02,BOVINOS,712535274.0,380133477.0,0.0,1092668751.0,6,0.6521054741868425,FORA_DAS_FAIXAS_NT,2026-08,NAO_ADITIVO_ENTRE_SETORES_PORTFOLIO,DADO_CALCULADO_SOBRE_DADOS_OFICIAIS
2026-02,CALÇADOS E ARTEFATOS,386523111.0,198869854.0,13965561.0,599358526.0,14,0.6448946569252608,FORA_DAS_FAIXAS_NT,2026-08,NAO_ADITIVO_ENTRE_SETORES_PORTFOLIO,DADO_CALCULADO_SOBRE_DADOS_OFICIAIS
2026-02,CERVEJA E CHOPP,243151286.0,133814780.0,1900394.0,378866460.0,2,0.6417862536578192,FORA_DAS_FAIXAS_NT,2026-08,NAO_ADITIVO_ENTRE_SETORES_PORTFOLIO,DADO_CALCULADO_SOBRE_DADOS_OFICIAIS
2026-02,CHÁ E MATE,32427068.0,31548398.0,0.0,63975466.0,3,0.506867241889258,FORA_DAS_FAIXAS_NT,2026-08,NAO_ADITIVO_ENTRE_SETORES_PORTFOLIO,DADO_CALCULADO_SOBRE_DADOS_OFICIAIS
2026-02,CIMENTO,230670935.0,121624185.0,46840.0,352341960.0,8,0.6546791503345216,FORA_DAS_FAIXAS_NT,2026-08,NAO_ADITIVO_ENTRE_SETORES_PORTFOLIO,DADO_CALCULADO_SOBRE_DADOS_OFICIAIS
2026-02,COMBUSTÍVEIS E DERIVADOS,122756034.0,24352814.0,0.0,147108848.0,4,0.8344571769061777,FORA_DAS_FAIXAS_NT,2026-08,NAO_ADITIVO_ENTRE_SETORES_PORTFOLIO,DADO_CALCULADO_SOBRE_DADOS_OFICIAIS
2026-02,COSMÉTICOS,76265591.0,696411303.0,8491579.0,781168473.0,17,0.09763014463078568,ALTA,2026-08,NAO_ADITIVO_ENTRE_SETORES_PORTFOLIO,DADO_CALCULADO_SOBRE_DADOS_OFICIAIS
2026-02,CURTIMENTO DE COURO,104195034.0,52709228.0,1805967.0,158710229.0,15,0.6565111439666563,FORA_DAS_FAIXAS_NT,2026-08,NAO_ADITIVO_ENTRE_SETORES_PORTFOLIO,DADO_CALCULADO_SOBRE_DADOS_OFICIAIS
2026-02,DEFENSIVOS AGRÍCOLAS,15950878.0,156051525.0,425659.0,172428062.0,7,0.09250743652155645,ALTA,2026-08,NAO_ADITIVO_ENTRE_SETORES_PORTFOLIO,DADO_CALCULADO_SOBRE_DADOS_OFICIAIS
2026-02,DESTILADOS,226758860.0,59943481.0,9485789.0,296188130.0,8,0.765590639976018,FORA_DAS_FAIXAS_NT,2026-08,NAO_ADITIVO_ENTRE_SETORES_PORTFOLIO,DADO_CALCULADO_SOBRE_DADOS_OFICIAIS
2026-02,ELETROELETRÔNICO,761245664.0,1451599397.0,231043563.0,2443888624.0,135,0.3114895075513065,FORA_DAS_FAIXAS_NT,2026-08,NAO_ADITIVO_ENTRE_SETORES_PORTFOLIO,DADO_CALCULADO_SOBRE_DADOS_OFICIAIS
2026-02,EMBALAGENS,505596585.0,468969148.0,18900113.0,993465846.0,23,0.5089219594570743,FORA_DAS_FAIXAS_NT,2026-08,NAO_ADITIVO_ENTRE_SETORES_PORTFOLIO,DADO_CALCULADO_SOBRE_DADOS_OFICIAIS
2026-02,FERTILIZANTES,140474507.0,31544404.0,559379169.0,731398080.0,9,0.192062996665236,MEDIA,2026-08,NAO_ADITIVO_ENTRE_SETORES_PORTFOLIO,DADO_CALCULADO_SOBRE_DADOS_OFICIAIS
2026-02,LEITE,349466428.0,256220411.0,84797.0,605771636.0,14,0.5768946699247569,FORA_DAS_FAIXAS_NT,2026-08,NAO_ADITIVO_ENTRE_SETORES_PORTFOLIO,DADO_CALCULADO_SOBRE_DADOS_OFICIAIS
2026-02,MADEIRAS,348219761.0,239604435.0,3142757.0,590966953.0,35,0.5892372817672599,FORA_DAS_FAIXAS_NT,2026-08,NAO_ADITIVO_ENTRE_SETORES_PORTFOLIO,DADO_CALCULADO_SOBRE_DADOS_OFICIAIS
2026-02,MEDICAMENTOS,23576470.0,789049331.0,212335.0,812838136.0,19,0.029005122860032737,CRITICA,2026-08,NAO_ADITIVO_ENTRE_SETORES_PORTFOLIO,DADO_CALCULADO_SOBRE_DADOS_OFICIAIS
2026-02,METALURGIA,1735806750.0,1790094329.0,213247919.0,3739148998.0,131,0.4642250819447019,FORA_DAS_FAIXAS_NT,2026-08,NAO_ADITIVO_ENTRE_SETORES_PORTFOLIO,DADO_CALCULADO_SOBRE_DADOS_OFICIAIS
2026-02,MÁQUINAS E EQUIPAMENTOS,1537630802.0,1836393032.0,322518178.0,3696542012.0,210,0.415964649396226,FORA_DAS_FAIXAS_NT,2026-08,NAO_ADITIVO_ENTRE_SETORES_PORTFOLIO,DADO_CALCULADO_SOBRE_DADOS_OFICIAIS
2026-02,MÓVEIS,388496039.0,286023821.0,9432678.0,683952538.0,20,0.5680160792092858,FORA_DAS_FAIXAS_NT,2026-08,NAO_ADITIVO_ENTRE_SETORES_PORTFOLIO,DADO_CALCULADO_SOBRE_DADOS_OFICIAIS
2026-02,OUTRAS BEBIDAS,260186242.0,30270034.0,0.0,290456276.0,2,0.8957845414226822,FORA_DAS_FAIXAS_NT,2026-08,NAO_ADITIVO_ENTRE_SETORES_PORTFOLIO,DADO_CALCULADO_SOBRE_DADOS_OFICIAIS
2026-02,OUTRAS INDÚSTRIAS,923765473.0,828795136.0,104584670.0,1857145279.0,80,0.4974115291063344,FORA_DAS_FAIXAS_NT,2026-08,NAO_ADITIVO_ENTRE_SETORES_PORTFOLIO,DADO_CALCULADO_SOBRE_DADOS_OFICIAIS
2026-02,OUTROS AGRO,607291444.0,56439859.0,5222795.0,668954098.0,14,0.9078222942585218,FORA_DAS_FAIXAS_NT,2026-08,NAO_ADITIVO_ENTRE_SETORES_PORTFOLIO,DADO_CALCULADO_SOBRE_DADOS_OFICIAIS
2026-02,OUTROS METAL MECÂN.,2034718243.0,2092845084.0,311575629.0,4439138956.0,186,0.4583587635277439,FORA_DAS_FAIXAS_NT,2026-08,NAO_ADITIVO_ENTRE_SETORES_PORTFOLIO,DADO_CALCULADO_SOBRE_DADOS_OFICIAIS
2026-02,OUTROS PRODUTOS DE PAPEL,376994615.0,658796616.0,4428594.0,1040219825.0,30,0.36241821770701205,FORA_DAS_FAIXAS_NT,2026-08,NAO_ADITIVO_ENTRE_SETORES_PORTFOLIO,DADO_CALCULADO_SOBRE_DADOS_OFICIAIS
2026-02,OUTROS QUÍMICOS,463514973.0,1110820847.0,158059905.0,1732395725.0,136,0.26755721358063267,MEDIA,2026-08,NAO_ADITIVO_ENTRE_SETORES_PORTFOLIO,DADO_CALCULADO_SOBRE_DADOS_OFICIAIS
2026-02,PEÇAS E ACESSÓRIOS PARA VEÍCULOS,713500862.0,817543383.0,188904660.0,1719948905.0,47,0.4148384059118314,FORA_DAS_FAIXAS_NT,2026-08,NAO_ADITIVO_ENTRE_SETORES_PORTFOLIO,DADO_CALCULADO_SOBRE_DADOS_OFICIAIS
2026-02,PLÁSTICOS,1483462407.0,1512924875.0,278909404.0,3275296686.0,115,0.45292458950083647,FORA_DAS_FAIXAS_NT,2026-08,NAO_ADITIVO_ENTRE_SETORES_PORTFOLIO,DADO_CALCULADO_SOBRE_DADOS_OFICIAIS
2026-02,PNEUMÁTICOS E BORRACHA,255787200.0,475036440.0,52822582.0,783646222.0,23,0.3264064737620849,FORA_DAS_FAIXAS_NT,2026-08,NAO_ADITIVO_ENTRE_SETORES_PORTFOLIO,DADO_CALCULADO_SOBRE_DADOS_OFICIAIS
2026-02,PRODUTOS DE LIMPEZA,123496030.0,240125436.0,9936249.0,373557715.0,19,0.33059424298063284,FORA_DAS_FAIXAS_NT,2026-08,NAO_ADITIVO_ENTRE_SETORES_PORTFOLIO,DADO_CALCULADO_SOBRE_DADOS_OFICIAIS
2026-02,RAÇÃO ANIMAL,571953104.0,728358908.0,62813454.0,1363125466.0,8,0.41958947893355547,FORA_DAS_FAIXAS_NT,2026-08,NAO_ADITIVO_ENTRE_SETORES_PORTFOLIO,DADO_CALCULADO_SOBRE_DADOS_OFICIAIS
2026-02,REFRIGERANTE,440627546.0,134436303.0,526157.0,575590006.0,2,0.7655232742175165,FORA_DAS_FAIXAS_NT,2026-08,NAO_ADITIVO_ENTRE_SETORES_PORTFOLIO,DADO_CALCULADO_SOBRE_DADOS_OFICIAIS
2026-02,SUCOS E REFRESCOS,311513529.0,136333090.0,84797.0,447931416.0,13,0.6954491644765546,FORA_DAS_FAIXAS_NT,2026-08,NAO_ADITIVO_ENTRE_SETORES_PORTFOLIO,DADO_CALCULADO_SOBRE_DADOS_OFICIAIS
2026-02,SUINOS,231555314.0,160215039.0,0.0,391770353.0,10,0.5910485880997739,FORA_DAS_FAIXAS_NT,2026-08,NAO_ADITIVO_ENTRE_SETORES_PORTFOLIO,DADO_CALCULADO_SOBRE_DADOS_OFICIAIS
2026-02,TABACOS,90793478.0,16001166.0,0.0,106794644.0,4,0.8501688343097057,FORA_DAS_FAIXAS_NT,2026-08,NAO_ADITIVO_ENTRE_SETORES_PORTFOLIO,DADO_CALCULADO_SOBRE_DADOS_OFICIAIS
2026-02,TINTAS E SOLVENTES,208338383.0,327414309.0,19687964.0,555440656.0,42,0.3750866645238875,FORA_DAS_FAIXAS_NT,2026-08,NAO_ADITIVO_ENTRE_SETORES_PORTFOLIO,DADO_CALCULADO_SOBRE_DADOS_OFICIAIS
2026-02,TRATORES,157939151.0,172264520.0,80416271.0,410619942.0,7,0.3846358514170751,FORA_DAS_FAIXAS_NT,2026-08,NAO_ADITIVO_ENTRE_SETORES_PORTFOLIO,DADO_CALCULADO_SOBRE_DADOS_OFICIAIS
2026-02,TRIGO,205088262.0,133900245.0,5717033.0,344705540.0,7,0.5949665386869036,FORA_DAS_FAIXAS_NT,2026-08,NAO_ADITIVO_ENTRE_SETORES_PORTFOLIO,DADO_CALCULADO_SOBRE_DADOS_OFICIAIS
2026-02,TÊXTIL,720111159.0,989027714.0,105253991.0,1814392864.0,140,0.39688822266002916,FORA_DAS_FAIXAS_NT,2026-08,NAO_ADITIVO_ENTRE_SETORES_PORTFOLIO,DADO_CALCULADO_SOBRE_DADOS_OFICIAIS
2026-02,VESTUÁRIO,305224098.0,793855988.0,27181506.0,1126261592.0,120,0.27100639866266524,MEDIA,2026-08,NAO_ADITIVO_ENTRE_SETORES_PORTFOLIO,DADO_CALCULADO_SOBRE_DADOS_OFICIAIS
2026-02,VEÍCULOS,242812373.0,518633103.0,30933905.0,792379381.0,9,0.3064344918889302,FORA_DAS_FAIXAS_NT,2026-08,NAO_ADITIVO_ENTRE_SETORES_PORTFOLIO,DADO_CALCULADO_SOBRE_DADOS_OFICIAIS
2026-02,VIDRO,75416876.0,84583789.0,5010045.0,165010710.0,12,0.45704230955675546,FORA_DAS_FAIXAS_NT,2026-08,NAO_ADITIVO_ENTRE_SETORES_PORTFOLIO,DADO_CALCULADO_SOBRE_DADOS_OFICIAIS
2026-02,VINHO,97198027.0,24787219.0,9947409.0,131932655.0,6,0.7367245584499152,FORA_DAS_FAIXAS_NT,2026-08,NAO_ADITIVO_ENTRE_SETORES_PORTFOLIO,DADO_CALCULADO_SOBRE_DADOS_OFICIAIS
2026-02,ÓLEOS VEGETAIS,762512213.0,13352180.0,0.0,775864393.0,3,0.9827905751050493,FORA_DAS_FAIXAS_NT,2026-08,NAO_ADITIVO_ENTRE_SETORES_PORTFOLIO,DADO_CALCULADO_SOBRE_DADOS_OFICIAIS
2026-03,ALIMENTOS,1876756981.0,1539078760.0,37559992.0,3453395733.0,81,0.5434526263717949,FORA_DAS_FAIXAS_NT,2026-08,NAO_ADITIVO_ENTRE_SETORES_PORTFOLIO,DADO_CALCULADO_SOBRE_DADOS_OFICIAIS
2026-03,ARROZ,177341385.0,12969898.0,31085008.0,221396291.0,4,0.8010133512128259,FORA_DAS_FAIXAS_NT,2026-08,NAO_ADITIVO_ENTRE_SETORES_PORTFOLIO,DADO_CALCULADO_SOBRE_DADOS_OFICIAIS
2026-03,ARTEFATOS DOMÉSTICOS E FERRAMENTAS,469435128.0,750380366.0,70368893.0,1290184387.0,74,0.3638511926900259,FORA_DAS_FAIXAS_NT,2026-08,NAO_ADITIVO_ENTRE_SETORES_PORTFOLIO,DADO_CALCULADO_SOBRE_DADOS_OFICIAIS
2026-03,AVES,401932101.0,218959767.0,0.0,620891868.0,17,0.6473463765835632,FORA_DAS_FAIXAS_NT,2026-08,NAO_ADITIVO_ENTRE_SETORES_PORTFOLIO,DADO_CALCULADO_SOBRE_DADOS_OFICIAIS
2026-03,BIODIESEL,777645130.0,18931624.0,0.0,796576754.0,2,0.9762337729478859,FORA_DAS_FAIXAS_NT,2026-08,NAO_ADITIVO_ENTRE_SETORES_PORTFOLIO,DADO_CALCULADO_SOBRE_DADOS_OFICIAIS
2026-03,BOVINOS,804122529.0,395351500.0,0.0,1199474029.0,6,0.6703959481893876,FORA_DAS_FAIXAS_NT,2026-08,NAO_ADITIVO_ENTRE_SETORES_PORTFOLIO,DADO_CALCULADO_SOBRE_DADOS_OFICIAIS
2026-03,CALÇADOS E ARTEFATOS,437559110.0,259262356.0,23228538.0,720050004.0,14,0.6076787828196443,FORA_DAS_FAIXAS_NT,2026-08,NAO_ADITIVO_ENTRE_SETORES_PORTFOLIO,DADO_CALCULADO_SOBRE_DADOS_OFICIAIS
2026-03,CERVEJA E CHOPP,255473750.0,128067992.0,2492145.0,386033887.0,2,0.6617909945299698,FORA_DAS_FAIXAS_NT,2026-08,NAO_ADITIVO_ENTRE_SETORES_PORTFOLIO,DADO_CALCULADO_SOBRE_DADOS_OFICIAIS
2026-03,CHÁ E MATE,36761164.0,34463848.0,0.0,71225012.0,3,0.5161271717300658,FORA_DAS_FAIXAS_NT,2026-08,NAO_ADITIVO_ENTRE_SETORES_PORTFOLIO,DADO_CALCULADO_SOBRE_DADOS_OFICIAIS
2026-03,CIMENTO,277080892.0,145862626.0,123848.0,423067366.0,8,0.6549332665852559,FORA_DAS_FAIXAS_NT,2026-08,NAO_ADITIVO_ENTRE_SETORES_PORTFOLIO,DADO_CALCULADO_SOBRE_DADOS_OFICIAIS
2026-03,COMBUSTÍVEIS E DERIVADOS,132389754.0,15545666.0,39080936.0,187016356.0,4,0.7079046818771295,FORA_DAS_FAIXAS_NT,2026-08,NAO_ADITIVO_ENTRE_SETORES_PORTFOLIO,DADO_CALCULADO_SOBRE_DADOS_OFICIAIS
2026-03,COSMÉTICOS,93224877.0,828481063.0,4501465.0,926207405.0,17,0.10065226913187982,ALTA,2026-08,NAO_ADITIVO_ENTRE_SETORES_PORTFOLIO,DADO_CALCULADO_SOBRE_DADOS_OFICIAIS
2026-03,CURTIMENTO DE COURO,111907776.0,57053156.0,8413493.0,177374425.0,15,0.6309126921764511,FORA_DAS_FAIXAS_NT,2026-08,NAO_ADITIVO_ENTRE_SETORES_PORTFOLIO,DADO_CALCULADO_SOBRE_DADOS_OFICIAIS
2026-03,DEFENSIVOS AGRÍCOLAS,47508652.0,271337611.0,6878670.0,325724933.0,7,0.14585512862781064,ALTA,2026-08,NAO_ADITIVO_ENTRE_SETORES_PORTFOLIO,DADO_CALCULADO_SOBRE_DADOS_OFICIAIS
2026-03,DESTILADOS,271092204.0,70729039.0,12028057.0,353849300.0,8,0.7661233299034363,FORA_DAS_FAIXAS_NT,2026-08,NAO_ADITIVO_ENTRE_SETORES_PORTFOLIO,DADO_CALCULADO_SOBRE_DADOS_OFICIAIS
2026-03,ELETROELETRÔNICO,912766925.0,1647384036.0,222898381.0,2783049342.0,135,0.3279736766521188,FORA_DAS_FAIXAS_NT,2026-08,NAO_ADITIVO_ENTRE_SETORES_PORTFOLIO,DADO_CALCULADO_SOBRE_DADOS_OFICIAIS
2026-03,EMBALAGENS,577932757.0,573728392.0,18004869.0,1169666018.0,23,0.49410066472496256,FORA_DAS_FAIXAS_NT,2026-08,NAO_ADITIVO_ENTRE_SETORES_PORTFOLIO,DADO_CALCULADO_SOBRE_DADOS_OFICIAIS
2026-03,FERTILIZANTES,546381200.0,60704559.0,888695211.0,1495780970.0,9,0.36528155589517897,FORA_DAS_FAIXAS_NT,2026-08,NAO_ADITIVO_ENTRE_SETORES_PORTFOLIO,DADO_CALCULADO_SOBRE_DADOS_OFICIAIS
2026-03,LEITE,428918325.0,289627228.0,106430.0,718651983.0,14,0.5968373220226681,FORA_DAS_FAIXAS_NT,2026-08,NAO_ADITIVO_ENTRE_SETORES_PORTFOLIO,DADO_CALCULADO_SOBRE_DADOS_OFICIAIS
2026-03,MADEIRAS,419856544.0,293564904.0,4114159.0,717535607.0,35,0.5851368766985804,FORA_DAS_FAIXAS_NT,2026-08,NAO_ADITIVO_ENTRE_SETORES_PORTFOLIO,DADO_CALCULADO_SOBRE_DADOS_OFICIAIS
2026-03,MEDICAMENTOS,25423121.0,1087753803.0,465812.0,1113642736.0,19,0.0228287943504352,CRITICA,2026-08,NAO_ADITIVO_ENTRE_SETORES_PORTFOLIO,DADO_CALCULADO_SOBRE_DADOS_OFICIAIS
2026-03,METALURGIA,2022425782.0,2122563996.0,230849697.0,4375839475.0,131,0.46218006706016107,FORA_DAS_FAIXAS_NT,2026-08,NAO_ADITIVO_ENTRE_SETORES_PORTFOLIO,DADO_CALCULADO_SOBRE_DADOS_OFICIAIS
2026-03,MÁQUINAS E EQUIPAMENTOS,1781891695.0,2065381402.0,331425736.0,4178698833.0,210,0.42642261771249307,FORA_DAS_FAIXAS_NT,2026-08,NAO_ADITIVO_ENTRE_SETORES_PORTFOLIO,DADO_CALCULADO_SOBRE_DADOS_OFICIAIS
2026-03,MÓVEIS,455157551.0,330614095.0,9689588.0,795461234.0,20,0.5721932528518416,FORA_DAS_FAIXAS_NT,2026-08,NAO_ADITIVO_ENTRE_SETORES_PORTFOLIO,DADO_CALCULADO_SOBRE_DADOS_OFICIAIS
2026-03,OUTRAS BEBIDAS,273573007.0,31939663.0,0.0,305512670.0,2,0.8954555207153929,FORA_DAS_FAIXAS_NT,2026-08,NAO_ADITIVO_ENTRE_SETORES_PORTFOLIO,DADO_CALCULADO_SOBRE_DADOS_OFICIAIS
2026-03,OUTRAS INDÚSTRIAS,1076495130.0,1065484607.0,89857982.0,2231837719.0,80,0.48233575444828297,FORA_DAS_FAIXAS_NT,2026-08,NAO_ADITIVO_ENTRE_SETORES_PORTFOLIO,DADO_CALCULADO_SOBRE_DADOS_OFICIAIS
2026-03,OUTROS AGRO,724263489.0,65434333.0,6298810.0,795996632.0,14,0.9098826048801674,FORA_DAS_FAIXAS_NT,2026-08,NAO_ADITIVO_ENTRE_SETORES_PORTFOLIO,DADO_CALCULADO_SOBRE_DADOS_OFICIAIS
2026-03,OUTROS METAL MECÂN.,2350866775.0,2461300786.0,330000311.0,5142167872.0,186,0.45717425675674245,FORA_DAS_FAIXAS_NT,2026-08,NAO_ADITIVO_ENTRE_SETORES_PORTFOLIO,DADO_CALCULADO_SOBRE_DADOS_OFICIAIS
2026-03,OUTROS PRODUTOS DE PAPEL,433759303.0,755968482.0,1878805.0,1191606590.0,30,0.364012172003849,FORA_DAS_FAIXAS_NT,2026-08,NAO_ADITIVO_ENTRE_SETORES_PORTFOLIO,DADO_CALCULADO_SOBRE_DADOS_OFICIAIS
2026-03,OUTROS QUÍMICOS,589212026.0,1308743573.0,215742805.0,2113698404.0,138,0.2787587977948816,MEDIA,2026-08,NAO_ADITIVO_ENTRE_SETORES_PORTFOLIO,DADO_CALCULADO_SOBRE_DADOS_OFICIAIS
2026-03,PEÇAS E ACESSÓRIOS PARA VEÍCULOS,839143296.0,919117543.0,249403249.0,2007664088.0,47,0.417969968689304,FORA_DAS_FAIXAS_NT,2026-08,NAO_ADITIVO_ENTRE_SETORES_PORTFOLIO,DADO_CALCULADO_SOBRE_DADOS_OFICIAIS
2026-03,PLÁSTICOS,1728707744.0,1823750507.0,279078825.0,3831537076.0,115,0.45117865486107067,FORA_DAS_FAIXAS_NT,2026-08,NAO_ADITIVO_ENTRE_SETORES_PORTFOLIO,DADO_CALCULADO_SOBRE_DADOS_OFICIAIS
2026-03,PNEUMÁTICOS E BORRACHA,286103027.0,599582647.0,63844575.0,949530249.0,23,0.3013100712708311,FORA_DAS_FAIXAS_NT,2026-08,NAO_ADITIVO_ENTRE_SETORES_PORTFOLIO,DADO_CALCULADO_SOBRE_DADOS_OFICIAIS
2026-03,PRODUTOS DE LIMPEZA,149933381.0,278999357.0,9956308.0,438889046.0,19,0.34162023948075476,FORA_DAS_FAIXAS_NT,2026-08,NAO_ADITIVO_ENTRE_SETORES_PORTFOLIO,DADO_CALCULADO_SOBRE_DADOS_OFICIAIS
2026-03,RAÇÃO ANIMAL,724707362.0,744419068.0,381615.0,1469508045.0,8,0.49316324906543807,FORA_DAS_FAIXAS_NT,2026-08,NAO_ADITIVO_ENTRE_SETORES_PORTFOLIO,DADO_CALCULADO_SOBRE_DADOS_OFICIAIS
2026-03,REFRIGERANTE,466485776.0,130611392.0,413227.0,597510395.0,2,0.7807157497234839,FORA_DAS_FAIXAS_NT,2026-08,NAO_ADITIVO_ENTRE_SETORES_PORTFOLIO,DADO_CALCULADO_SOBRE_DADOS_OFICIAIS
2026-03,SUCOS E REFRESCOS,332330995.0,147780661.0,106430.0,480218086.0,13,0.6920418132689822,FORA_DAS_FAIXAS_NT,2026-08,NAO_ADITIVO_ENTRE_SETORES_PORTFOLIO,DADO_CALCULADO_SOBRE_DADOS_OFICIAIS
2026-03,SUINOS,260317067.0,167059706.0,0.0,427376773.0,10,0.6091043862133331,FORA_DAS_FAIXAS_NT,2026-08,NAO_ADITIVO_ENTRE_SETORES_PORTFOLIO,DADO_CALCULADO_SOBRE_DADOS_OFICIAIS
2026-03,TABACOS,62836360.0,166565042.0,7914851.0,237316253.0,4,0.2647789993549241,MEDIA,2026-08,NAO_ADITIVO_ENTRE_SETORES_PORTFOLIO,DADO_CALCULADO_SOBRE_DADOS_OFICIAIS
2026-03,TINTAS E SOLVENTES,251193727.0,412316782.0,26866130.0,690376639.0,42,0.3638502707215735,FORA_DAS_FAIXAS_NT,2026-08,NAO_ADITIVO_ENTRE_SETORES_PORTFOLIO,DADO_CALCULADO_SOBRE_DADOS_OFICIAIS
2026-03,TRATORES,191213600.0,190277539.0,99820293.0,481311432.0,7,0.39727624836469705,FORA_DAS_FAIXAS_NT,2026-08,NAO_ADITIVO_ENTRE_SETORES_PORTFOLIO,DADO_CALCULADO_SOBRE_DADOS_OFICIAIS
2026-03,TRIGO,246070012.0,157738883.0,7215304.0,411024199.0,7,0.5986752424764168,FORA_DAS_FAIXAS_NT,2026-08,NAO_ADITIVO_ENTRE_SETORES_PORTFOLIO,DADO_CALCULADO_SOBRE_DADOS_OFICIAIS
2026-03,TÊXTIL,872305633.0,1258421613.0,109772369.0,2240499615.0,140,0.3893353193010926,FORA_DAS_FAIXAS_NT,2026-08,NAO_ADITIVO_ENTRE_SETORES_PORTFOLIO,DADO_CALCULADO_SOBRE_DADOS_OFICIAIS
2026-03,VESTUÁRIO,394526120.0,1059082042.0,33492436.0,1487100598.0,120,0.2652988779176054,MEDIA,2026-08,NAO_ADITIVO_ENTRE_SETORES_PORTFOLIO,DADO_CALCULADO_SOBRE_DADOS_OFICIAIS
2026-03,VEÍCULOS,348357867.0,652601822.0,32314826.0,1033274515.0,9,0.3371397067699865,FORA_DAS_FAIXAS_NT,2026-08,NAO_ADITIVO_ENTRE_SETORES_PORTFOLIO,DADO_CALCULADO_SOBRE_DADOS_OFICIAIS
2026-03,VIDRO,100630597.0,93766063.0,4266751.0,198663411.0,12,0.5065381516075952,FORA_DAS_FAIXAS_NT,2026-08,NAO_ADITIVO_ENTRE_SETORES_PORTFOLIO,DADO_CALCULADO_SOBRE_DADOS_OFICIAIS
2026-03,VINHO,136823413.0,31278935.0,13546413.0,181648761.0,6,0.7532306427347446,FORA_DAS_FAIXAS_NT,2026-08,NAO_ADITIVO_ENTRE_SETORES_PORTFOLIO,DADO_CALCULADO_SOBRE_DADOS_OFICIAIS
2026-03,ÓLEOS VEGETAIS,911148793.0,24092886.0,0.0,935241679.0,3,0.9742388662299983,FORA_DAS_FAIXAS_NT,2026-08,NAO_ADITIVO_ENTRE_SETORES_PORTFOLIO,DADO_CALCULADO_SOBRE_DADOS_OFICIAIS
2026-04,ALIMENTOS,1762073127.0,1293812114.0,30561747.0,3086446988.0,81,0.5709066554037312,FORA_DAS_FAIXAS_NT,2026-08,NAO_ADITIVO_ENTRE_SETORES_PORTFOLIO,DADO_CALCULADO_SOBRE_DADOS_OFICIAIS
2026-04,ARROZ,168158729.0,10686772.0,19791813.0,198637314.0,4,0.8465616334300614,FORA_DAS_FAIXAS_NT,2026-08,NAO_ADITIVO_ENTRE_SETORES_PORTFOLIO,DADO_CALCULADO_SOBRE_DADOS_OFICIAIS
2026-04,ARTEFATOS DOMÉSTICOS E FERRAMENTAS,449342300.0,679214894.0,79186684.0,1207743878.0,74,0.37205098546564525,FORA_DAS_FAIXAS_NT,2026-08,NAO_ADITIVO_ENTRE_SETORES_PORTFOLIO,DADO_CALCULADO_SOBRE_DADOS_OFICIAIS
2026-04,AVES,365178599.0,208362352.0,0.0,573540951.0,17,0.6367088494087321,FORA_DAS_FAIXAS_NT,2026-08,NAO_ADITIVO_ENTRE_SETORES_PORTFOLIO,DADO_CALCULADO_SOBRE_DADOS_OFICIAIS
2026-04,BIODIESEL,641951289.0,4487781.0,0.0,646439070.0,2,0.993057689102857,FORA_DAS_FAIXAS_NT,2026-08,NAO_ADITIVO_ENTRE_SETORES_PORTFOLIO,DADO_CALCULADO_SOBRE_DADOS_OFICIAIS
2026-04,BOVINOS,800279702.0,343384693.0,0.0,1143664395.0,6,0.6997504735644061,FORA_DAS_FAIXAS_NT,2026-08,NAO_ADITIVO_ENTRE_SETORES_PORTFOLIO,DADO_CALCULADO_SOBRE_DADOS_OFICIAIS
2026-04,CALÇADOS E ARTEFATOS,395870200.0,229634225.0,7990181.0,633494606.0,14,0.6248990855653789,FORA_DAS_FAIXAS_NT,2026-08,NAO_ADITIVO_ENTRE_SETORES_PORTFOLIO,DADO_CALCULADO_SOBRE_DADOS_OFICIAIS
2026-04,CERVEJA E CHOPP,203174233.0,104994080.0,1541211.0,309709524.0,2,0.6560154507873642,FORA_DAS_FAIXAS_NT,2026-08,NAO_ADITIVO_ENTRE_SETORES_PORTFOLIO,DADO_CALCULADO_SOBRE_DADOS_OFICIAIS
2026-04,CHÁ E MATE,37096727.0,31594666.0,0.0,68691393.0,3,0.5400491295903695,FORA_DAS_FAIXAS_NT,2026-08,NAO_ADITIVO_ENTRE_SETORES_PORTFOLIO,DADO_CALCULADO_SOBRE_DADOS_OFICIAIS
2026-04,CIMENTO,258205749.0,131273286.0,18316.0,389497351.0,8,0.662920423815668,FORA_DAS_FAIXAS_NT,2026-08,NAO_ADITIVO_ENTRE_SETORES_PORTFOLIO,DADO_CALCULADO_SOBRE_DADOS_OFICIAIS
2026-04,COMBUSTÍVEIS E DERIVADOS,153576944.0,4344635.0,17158314.0,175079893.0,4,0.8771820759566035,FORA_DAS_FAIXAS_NT,2026-08,NAO_ADITIVO_ENTRE_SETORES_PORTFOLIO,DADO_CALCULADO_SOBRE_DADOS_OFICIAIS
2026-04,COSMÉTICOS,88308470.0,787543576.0,2070673.0,877922719.0,17,0.1005879766963862,ALTA,2026-08,NAO_ADITIVO_ENTRE_SETORES_PORTFOLIO,DADO_CALCULADO_SOBRE_DADOS_OFICIAIS
2026-04,CURTIMENTO DE COURO,100586776.0,54525830.0,7410305.0,162522911.0,15,0.6189082842603034,FORA_DAS_FAIXAS_NT,2026-08,NAO_ADITIVO_ENTRE_SETORES_PORTFOLIO,DADO_CALCULADO_SOBRE_DADOS_OFICIAIS
2026-04,DEFENSIVOS AGRÍCOLAS,44095257.0,254498822.0,17890374.0,316484453.0,6,0.13932835114652536,ALTA,2026-08,NAO_ADITIVO_ENTRE_SETORES_PORTFOLIO,DADO_CALCULADO_SOBRE_DADOS_OFICIAIS
2026-04,DESTILADOS,252772268.0,67465763.0,13466768.0,333704799.0,8,0.7574726787192533,FORA_DAS_FAIXAS_NT,2026-08,NAO_ADITIVO_ENTRE_SETORES_PORTFOLIO,DADO_CALCULADO_SOBRE_DADOS_OFICIAIS
2026-04,ELETROELETRÔNICO,823066540.0,1593430611.0,249657738.0,2666154889.0,135,0.30870919892756465,FORA_DAS_FAIXAS_NT,2026-08,NAO_ADITIVO_ENTRE_SETORES_PORTFOLIO,DADO_CALCULADO_SOBRE_DADOS_OFICIAIS
2026-04,EMBALAGENS,582196250.0,590040187.0,19649447.0,1191885884.0,23,0.48846643610387785,FORA_DAS_FAIXAS_NT,2026-08,NAO_ADITIVO_ENTRE_SETORES_PORTFOLIO,DADO_CALCULADO_SOBRE_DADOS_OFICIAIS
2026-04,FERTILIZANTES,476427377.0,157315815.0,1125821131.0,1759564323.0,9,0.2707643993302313,MEDIA,2026-08,NAO_ADITIVO_ENTRE_SETORES_PORTFOLIO,DADO_CALCULADO_SOBRE_DADOS_OFICIAIS
2026-04,LEITE,455381337.0,278998191.0,113839.0,734493367.0,14,0.6199938045185914,FORA_DAS_FAIXAS_NT,2026-08,NAO_ADITIVO_ENTRE_SETORES_PORTFOLIO,DADO_CALCULADO_SOBRE_DADOS_OFICIAIS
2026-04,MADEIRAS,401904221.0,283883306.0,5525770.0,691313297.0,35,0.5813633597734776,FORA_DAS_FAIXAS_NT,2026-08,NAO_ADITIVO_ENTRE_SETORES_PORTFOLIO,DADO_CALCULADO_SOBRE_DADOS_OFICIAIS
2026-04,MEDICAMENTOS,24347286.0,918572026.0,443644.0,943362956.0,19,0.02580903335788818,CRITICA,2026-08,NAO_ADITIVO_ENTRE_SETORES_PORTFOLIO,DADO_CALCULADO_SOBRE_DADOS_OFICIAIS
2026-04,METALURGIA,1850534633.0,1919365575.0,231514331.0,4001414539.0,131,0.46247011274729616,FORA_DAS_FAIXAS_NT,2026-08,NAO_ADITIVO_ENTRE_SETORES_PORTFOLIO,DADO_CALCULADO_SOBRE_DADOS_OFICIAIS
2026-04,MÁQUINAS E EQUIPAMENTOS,1647015017.0,1935253497.0,316971626.0,3899240140.0,210,0.4223938403034597,FORA_DAS_FAIXAS_NT,2026-08,NAO_ADITIVO_ENTRE_SETORES_PORTFOLIO,DADO_CALCULADO_SOBRE_DADOS_OFICIAIS
2026-04,MÓVEIS,446721882.0,313003730.0,5861636.0,765587248.0,20,0.583502250288265,FORA_DAS_FAIXAS_NT,2026-08,NAO_ADITIVO_ENTRE_SETORES_PORTFOLIO,DADO_CALCULADO_SOBRE_DADOS_OFICIAIS
2026-04,OUTRAS BEBIDAS,251060549.0,24311144.0,0.0,275371693.0,2,0.9117151667437364,FORA_DAS_FAIXAS_NT,2026-08,NAO_ADITIVO_ENTRE_SETORES_PORTFOLIO,DADO_CALCULADO_SOBRE_DADOS_OFICIAIS
2026-04,OUTRAS INDÚSTRIAS,1147855430.0,1073067670.0,96792056.0,2317715156.0,80,0.4952530197804859,FORA_DAS_FAIXAS_NT,2026-08,NAO_ADITIVO_ENTRE_SETORES_PORTFOLIO,DADO_CALCULADO_SOBRE_DADOS_OFICIAIS
2026-04,OUTROS AGRO,614319100.0,63927133.0,4416495.0,682662728.0,14,0.8998866860649817,FORA_DAS_FAIXAS_NT,2026-08,NAO_ADITIVO_ENTRE_SETORES_PORTFOLIO,DADO_CALCULADO_SOBRE_DADOS_OFICIAIS
2026-04,OUTROS METAL MECÂN.,2171969614.0,2265976124.0,321514848.0,4759460586.0,186,0.45634785176893156,FORA_DAS_FAIXAS_NT,2026-08,NAO_ADITIVO_ENTRE_SETORES_PORTFOLIO,DADO_CALCULADO_SOBRE_DADOS_OFICIAIS
2026-04,OUTROS PRODUTOS DE PAPEL,394551984.0,738052627.0,7749878.0,1140354489.0,30,0.34599064396720236,FORA_DAS_FAIXAS_NT,2026-08,NAO_ADITIVO_ENTRE_SETORES_PORTFOLIO,DADO_CALCULADO_SOBRE_DADOS_OFICIAIS
2026-04,OUTROS QUÍMICOS,570190966.0,1384658335.0,235980255.0,2190829556.0,138,0.260262586123336,MEDIA,2026-08,NAO_ADITIVO_ENTRE_SETORES_PORTFOLIO,DADO_CALCULADO_SOBRE_DADOS_OFICIAIS
2026-04,PEÇAS E ACESSÓRIOS PARA VEÍCULOS,762540026.0,833862196.0,236387398.0,1832789620.0,47,0.41605431287852884,FORA_DAS_FAIXAS_NT,2026-08,NAO_ADITIVO_ENTRE_SETORES_PORTFOLIO,DADO_CALCULADO_SOBRE_DADOS_OFICIAIS
2026-04,PLÁSTICOS,1720491724.0,1791949937.0,277856761.0,3790298422.0,115,0.4539198586617252,FORA_DAS_FAIXAS_NT,2026-08,NAO_ADITIVO_ENTRE_SETORES_PORTFOLIO,DADO_CALCULADO_SOBRE_DADOS_OFICIAIS
2026-04,PNEUMÁTICOS E BORRACHA,298735584.0,523251103.0,58405017.0,880391704.0,23,0.3393212165025126,FORA_DAS_FAIXAS_NT,2026-08,NAO_ADITIVO_ENTRE_SETORES_PORTFOLIO,DADO_CALCULADO_SOBRE_DADOS_OFICIAIS
2026-04,PRODUTOS DE LIMPEZA,142342133.0,262418809.0,11559773.0,416320715.0,19,0.34190499744890185,FORA_DAS_FAIXAS_NT,2026-08,NAO_ADITIVO_ENTRE_SETORES_PORTFOLIO,DADO_CALCULADO_SOBRE_DADOS_OFICIAIS
2026-04,RAÇÃO ANIMAL,656524525.0,681660222.0,0.0,1338184747.0,8,0.49060828594244915,FORA_DAS_FAIXAS_NT,2026-08,NAO_ADITIVO_ENTRE_SETORES_PORTFOLIO,DADO_CALCULADO_SOBRE_DADOS_OFICIAIS
2026-04,REFRIGERANTE,399193073.0,116270223.0,389519.0,515852815.0,2,0.7738507213535318,FORA_DAS_FAIXAS_NT,2026-08,NAO_ADITIVO_ENTRE_SETORES_PORTFOLIO,DADO_CALCULADO_SOBRE_DADOS_OFICIAIS
2026-04,SUCOS E REFRESCOS,262476259.0,133601987.0,175996.0,396254242.0,13,0.6623935624643735,FORA_DAS_FAIXAS_NT,2026-08,NAO_ADITIVO_ENTRE_SETORES_PORTFOLIO,DADO_CALCULADO_SOBRE_DADOS_OFICIAIS
2026-04,SUINOS,237332235.0,160997958.0,0.0,398330193.0,10,0.5958178394977958,FORA_DAS_FAIXAS_NT,2026-08,NAO_ADITIVO_ENTRE_SETORES_PORTFOLIO,DADO_CALCULADO_SOBRE_DADOS_OFICIAIS
2026-04,TABACOS,113767171.0,146214358.0,5173156.0,265154685.0,4,0.42905962985341933,FORA_DAS_FAIXAS_NT,2026-08,NAO_ADITIVO_ENTRE_SETORES_PORTFOLIO,DADO_CALCULADO_SOBRE_DADOS_OFICIAIS
2026-04,TINTAS E SOLVENTES,244148214.0,387050018.0,26241644.0,657439876.0,42,0.3713620407168609,FORA_DAS_FAIXAS_NT,2026-08,NAO_ADITIVO_ENTRE_SETORES_PORTFOLIO,DADO_CALCULADO_SOBRE_DADOS_OFICIAIS
2026-04,TRATORES,169804243.0,186156723.0,91269006.0,447229972.0,7,0.379679926729061,FORA_DAS_FAIXAS_NT,2026-08,NAO_ADITIVO_ENTRE_SETORES_PORTFOLIO,DADO_CALCULADO_SOBRE_DADOS_OFICIAIS
2026-04,TRIGO,218940865.0,121355375.0,6040063.0,346336303.0,7,0.6321626208500586,FORA_DAS_FAIXAS_NT,2026-08,NAO_ADITIVO_ENTRE_SETORES_PORTFOLIO,DADO_CALCULADO_SOBRE_DADOS_OFICIAIS
2026-04,TÊXTIL,877037822.0,1233787320.0,89377397.0,2200202539.0,140,0.39861685751831594,FORA_DAS_FAIXAS_NT,2026-08,NAO_ADITIVO_ENTRE_SETORES_PORTFOLIO,DADO_CALCULADO_SOBRE_DADOS_OFICIAIS
2026-04,VESTUÁRIO,373011700.0,967069737.0,13353224.0,1353434661.0,120,0.27560377367932654,MEDIA,2026-08,NAO_ADITIVO_ENTRE_SETORES_PORTFOLIO,DADO_CALCULADO_SOBRE_DADOS_OFICIAIS
2026-04,VEÍCULOS,336666190.0,611102766.0,36790577.0,984559533.0,9,0.3419459958649347,FORA_DAS_FAIXAS_NT,2026-08,NAO_ADITIVO_ENTRE_SETORES_PORTFOLIO,DADO_CALCULADO_SOBRE_DADOS_OFICIAIS
2026-04,VIDRO,91299979.0,198338633.0,4938740.0,294577352.0,12,0.3099355004046611,FORA_DAS_FAIXAS_NT,2026-08,NAO_ADITIVO_ENTRE_SETORES_PORTFOLIO,DADO_CALCULADO_SOBRE_DADOS_OFICIAIS
2026-04,VINHO,80439486.0,30044319.0,23142472.0,133626277.0,6,0.6019735624303894,FORA_DAS_FAIXAS_NT,2026-08,NAO_ADITIVO_ENTRE_SETORES_PORTFOLIO,DADO_CALCULADO_SOBRE_DADOS_OFICIAIS
2026-04,ÓLEOS VEGETAIS,765197174.0,14383825.0,0.0,779580999.0,3,0.9815492873499345,FORA_DAS_FAIXAS_NT,2026-08,NAO_ADITIVO_ENTRE_SETORES_PORTFOLIO,DADO_CALCULADO_SOBRE_DADOS_OFICIAIS
2026-05,ALIMENTOS,1759146654.0,1385367479.0,30314593.0,3174828726.0,81,0.5540918285114446,FORA_DAS_FAIXAS_NT,2026-08,NAO_ADITIVO_ENTRE_SETORES_PORTFOLIO,DADO_CALCULADO_SOBRE_DADOS_OFICIAIS
2026-05,ARROZ,136790315.0,9059033.0,27868921.0,173718269.0,4,0.7874261917726109,FORA_DAS_FAIXAS_NT,2026-08,NAO_ADITIVO_ENTRE_SETORES_PORTFOLIO,DADO_CALCULADO_SOBRE_DADOS_OFICIAIS
2026-05,ARTEFATOS DOMÉSTICOS E FERRAMENTAS,472884860.0,689166491.0,66032868.0,1228084219.0,74,0.3850589826690054,FORA_DAS_FAIXAS_NT,2026-08,NAO_ADITIVO_ENTRE_SETORES_PORTFOLIO,DADO_CALCULADO_SOBRE_DADOS_OFICIAIS
2026-05,AVES,351649773.0,208514626.0,0.0,560164399.0,17,0.6277617314269913,FORA_DAS_FAIXAS_NT,2026-08,NAO_ADITIVO_ENTRE_SETORES_PORTFOLIO,DADO_CALCULADO_SOBRE_DADOS_OFICIAIS
2026-05,BIODIESEL,671138982.0,10647426.0,0.0,681786408.0,2,0.9843830474250229,FORA_DAS_FAIXAS_NT,2026-08,NAO_ADITIVO_ENTRE_SETORES_PORTFOLIO,DADO_CALCULADO_SOBRE_DADOS_OFICIAIS
2026-05,BOVINOS,799394356.0,407249656.0,0.0,1206644012.0,6,0.6624939485466075,FORA_DAS_FAIXAS_NT,2026-08,NAO_ADITIVO_ENTRE_SETORES_PORTFOLIO,DADO_CALCULADO_SOBRE_DADOS_OFICIAIS
2026-05,CALÇADOS E ARTEFATOS,370049833.0,219608851.0,4275293.0,593933977.0,14,0.6230487686007564,FORA_DAS_FAIXAS_NT,2026-08,NAO_ADITIVO_ENTRE_SETORES_PORTFOLIO,DADO_CALCULADO_SOBRE_DADOS_OFICIAIS
2026-05,CERVEJA E CHOPP,179406035.0,87027192.0,1468130.0,267901357.0,2,0.6696719905005931,FORA_DAS_FAIXAS_NT,2026-08,NAO_ADITIVO_ENTRE_SETORES_PORTFOLIO,DADO_CALCULADO_SOBRE_DADOS_OFICIAIS
2026-05,CHÁ E MATE,36672983.0,35767734.0,0.0,72440717.0,3,0.5062482056879697,FORA_DAS_FAIXAS_NT,2026-08,NAO_ADITIVO_ENTRE_SETORES_PORTFOLIO,DADO_CALCULADO_SOBRE_DADOS_OFICIAIS
2026-05,CIMENTO,259967789.0,135185701.0,0.0,395153490.0,8,0.6578906566154837,FORA_DAS_FAIXAS_NT,2026-08,NAO_ADITIVO_ENTRE_SETORES_PORTFOLIO,DADO_CALCULADO_SOBRE_DADOS_OFICIAIS
2026-05,COMBUSTÍVEIS E DERIVADOS,157674398.0,23125495.0,0.0,180799893.0,4,0.8720934254092728,FORA_DAS_FAIXAS_NT,2026-08,NAO_ADITIVO_ENTRE_SETORES_PORTFOLIO,DADO_CALCULADO_SOBRE_DADOS_OFICIAIS
2026-05,COSMÉTICOS,97380261.0,830902301.0,4420376.0,932702938.0,17,0.10440651254815711,ALTA,2026-08,NAO_ADITIVO_ENTRE_SETORES_PORTFOLIO,DADO_CALCULADO_SOBRE_DADOS_OFICIAIS
2026-05,CURTIMENTO DE COURO,104067835.0,44717565.0,4353587.0,153138987.0,15,0.6795646036237657,FORA_DAS_FAIXAS_NT,2026-08,NAO_ADITIVO_ENTRE_SETORES_PORTFOLIO,DADO_CALCULADO_SOBRE_DADOS_OFICIAIS
2026-05,DEFENSIVOS AGRÍCOLAS,42669464.0,364791720.0,16198163.0,423659347.0,7,0.10071644660302986,ALTA,2026-08,NAO_ADITIVO_ENTRE_SETORES_PORTFOLIO,DADO_CALCULADO_SOBRE_DADOS_OFICIAIS
2026-05,DESTILADOS,231808761.0,81124450.0,17214258.0,330147469.0,8,0.7021370228950627,FORA_DAS_FAIXAS_NT,2026-08,NAO_ADITIVO_ENTRE_SETORES_PORTFOLIO,DADO_CALCULADO_SOBRE_DADOS_OFICIAIS
2026-05,ELETROELETRÔNICO,894761129.0,1678401382.0,228785237.0,2801947748.0,135,0.3193354086059138,FORA_DAS_FAIXAS_NT,2026-08,NAO_ADITIVO_ENTRE_SETORES_PORTFOLIO,DADO_CALCULADO_SOBRE_DADOS_OFICIAIS
2026-05,EMBALAGENS,534342654.0,613188802.0,19725417.0,1167256873.0,23,0.45777640411460657,FORA_DAS_FAIXAS_NT,2026-08,NAO_ADITIVO_ENTRE_SETORES_PORTFOLIO,DADO_CALCULADO_SOBRE_DADOS_OFICIAIS
2026-05,FERTILIZANTES,619323584.0,83244392.0,632905625.0,1335473601.0,9,0.46374827891487463,FORA_DAS_FAIXAS_NT,2026-08,NAO_ADITIVO_ENTRE_SETORES_PORTFOLIO,DADO_CALCULADO_SOBRE_DADOS_OFICIAIS
2026-05,LEITE,439913519.0,293811846.0,158588.0,733883953.0,14,0.5994319908504663,FORA_DAS_FAIXAS_NT,2026-08,NAO_ADITIVO_ENTRE_SETORES_PORTFOLIO,DADO_CALCULADO_SOBRE_DADOS_OFICIAIS
2026-05,MADEIRAS,397047551.0,297795796.0,4151405.0,698994752.0,35,0.5680265121647151,FORA_DAS_FAIXAS_NT,2026-08,NAO_ADITIVO_ENTRE_SETORES_PORTFOLIO,DADO_CALCULADO_SOBRE_DADOS_OFICIAIS
2026-05,MEDICAMENTOS,29377702.0,864524861.0,577721.0,894480284.0,19,0.03284331977517349,CRITICA,2026-08,NAO_ADITIVO_ENTRE_SETORES_PORTFOLIO,DADO_CALCULADO_SOBRE_DADOS_OFICIAIS
2026-05,METALURGIA,1899454759.0,2031688538.0,214036260.0,4145179557.0,131,0.4582322027021422,FORA_DAS_FAIXAS_NT,2026-08,NAO_ADITIVO_ENTRE_SETORES_PORTFOLIO,DADO_CALCULADO_SOBRE_DADOS_OFICIAIS
2026-05,MÁQUINAS E EQUIPAMENTOS,1688059474.0,2057289931.0,298689447.0,4044038852.0,210,0.4174192028756503,FORA_DAS_FAIXAS_NT,2026-08,NAO_ADITIVO_ENTRE_SETORES_PORTFOLIO,DADO_CALCULADO_SOBRE_DADOS_OFICIAIS
2026-05,MÓVEIS,437025361.0,324970879.0,10326614.0,772322854.0,20,0.5658583825877564,FORA_DAS_FAIXAS_NT,2026-08,NAO_ADITIVO_ENTRE_SETORES_PORTFOLIO,DADO_CALCULADO_SOBRE_DADOS_OFICIAIS
2026-05,OUTRAS BEBIDAS,201235360.0,22033875.0,0.0,223269235.0,2,0.9013125341697883,FORA_DAS_FAIXAS_NT,2026-08,NAO_ADITIVO_ENTRE_SETORES_PORTFOLIO,DADO_CALCULADO_SOBRE_DADOS_OFICIAIS
2026-05,OUTRAS INDÚSTRIAS,1153334753.0,1013860378.0,85694170.0,2252889301.0,80,0.511935829464885,FORA_DAS_FAIXAS_NT,2026-08,NAO_ADITIVO_ENTRE_SETORES_PORTFOLIO,DADO_CALCULADO_SOBRE_DADOS_OFICIAIS
2026-05,OUTROS AGRO,586677295.0,70680467.0,5870083.0,663227845.0,14,0.8845788056440845,FORA_DAS_FAIXAS_NT,2026-08,NAO_ADITIVO_ENTRE_SETORES_PORTFOLIO,DADO_CALCULADO_SOBRE_DADOS_OFICIAIS
2026-05,OUTROS METAL MECÂN.,2194923771.0,2267965480.0,289669935.0,4752559186.0,186,0.4618403864313285,FORA_DAS_FAIXAS_NT,2026-08,NAO_ADITIVO_ENTRE_SETORES_PORTFOLIO,DADO_CALCULADO_SOBRE_DADOS_OFICIAIS
2026-05,OUTROS PRODUTOS DE PAPEL,393764337.0,844569564.0,1742453.0,1240076354.0,30,0.31753233236797934,FORA_DAS_FAIXAS_NT,2026-08,NAO_ADITIVO_ENTRE_SETORES_PORTFOLIO,DADO_CALCULADO_SOBRE_DADOS_OFICIAIS
2026-05,OUTROS QUÍMICOS,567220182.0,1310374815.0,121048570.0,1998643567.0,138,0.2838025705861139,MEDIA,2026-08,NAO_ADITIVO_ENTRE_SETORES_PORTFOLIO,DADO_CALCULADO_SOBRE_DADOS_OFICIAIS
2026-05,PEÇAS E ACESSÓRIOS PARA VEÍCULOS,782381332.0,856104648.0,243754132.0,1882240112.0,47,0.4156649977928002,FORA_DAS_FAIXAS_NT,2026-08,NAO_ADITIVO_ENTRE_SETORES_PORTFOLIO,DADO_CALCULADO_SOBRE_DADOS_OFICIAIS
2026-05,PLÁSTICOS,1654440731.0,1821484293.0,256296699.0,3732221723.0,115,0.44328575679317966,FORA_DAS_FAIXAS_NT,2026-08,NAO_ADITIVO_ENTRE_SETORES_PORTFOLIO,DADO_CALCULADO_SOBRE_DADOS_OFICIAIS
2026-05,PNEUMÁTICOS E BORRACHA,272933555.0,513601722.0,54881264.0,841416541.0,23,0.3243738882000419,FORA_DAS_FAIXAS_NT,2026-08,NAO_ADITIVO_ENTRE_SETORES_PORTFOLIO,DADO_CALCULADO_SOBRE_DADOS_OFICIAIS
2026-05,PRODUTOS DE LIMPEZA,144804515.0,269558514.0,10986529.0,425349558.0,19,0.34043650046534196,FORA_DAS_FAIXAS_NT,2026-08,NAO_ADITIVO_ENTRE_SETORES_PORTFOLIO,DADO_CALCULADO_SOBRE_DADOS_OFICIAIS
2026-05,RAÇÃO ANIMAL,671354744.0,548767514.0,415399.0,1220537657.0,8,0.5500483661029723,FORA_DAS_FAIXAS_NT,2026-08,NAO_ADITIVO_ENTRE_SETORES_PORTFOLIO,DADO_CALCULADO_SOBRE_DADOS_OFICIAIS
2026-05,REFRIGERANTE,338196720.0,89993912.0,314756.0,428505388.0,2,0.789247298799426,FORA_DAS_FAIXAS_NT,2026-08,NAO_ADITIVO_ENTRE_SETORES_PORTFOLIO,DADO_CALCULADO_SOBRE_DADOS_OFICIAIS
2026-05,SUCOS E REFRESCOS,238881280.0,117453102.0,158588.0,356492970.0,13,0.670086930465978,FORA_DAS_FAIXAS_NT,2026-08,NAO_ADITIVO_ENTRE_SETORES_PORTFOLIO,DADO_CALCULADO_SOBRE_DADOS_OFICIAIS
2026-05,SUINOS,238476693.0,149770818.0,0.0,388247511.0,10,0.6142388199366976,FORA_DAS_FAIXAS_NT,2026-08,NAO_ADITIVO_ENTRE_SETORES_PORTFOLIO,DADO_CALCULADO_SOBRE_DADOS_OFICIAIS
2026-05,TABACOS,70876933.0,117817238.0,23712898.0,212407069.0,4,0.33368443589794083,FORA_DAS_FAIXAS_NT,2026-08,NAO_ADITIVO_ENTRE_SETORES_PORTFOLIO,DADO_CALCULADO_SOBRE_DADOS_OFICIAIS
2026-05,TINTAS E SOLVENTES,242285827.0,399883017.0,20886265.0,663055109.0,42,0.36540828011325976,FORA_DAS_FAIXAS_NT,2026-08,NAO_ADITIVO_ENTRE_SETORES_PORTFOLIO,DADO_CALCULADO_SOBRE_DADOS_OFICIAIS
2026-05,TRATORES,185603364.0,188311094.0,82127454.0,456041912.0,7,0.4069875139020117,FORA_DAS_FAIXAS_NT,2026-08,NAO_ADITIVO_ENTRE_SETORES_PORTFOLIO,DADO_CALCULADO_SOBRE_DADOS_OFICIAIS
2026-05,TRIGO,222073064.0,131581670.0,6619149.0,360273883.0,7,0.6164006731512093,FORA_DAS_FAIXAS_NT,2026-08,NAO_ADITIVO_ENTRE_SETORES_PORTFOLIO,DADO_CALCULADO_SOBRE_DADOS_OFICIAIS
2026-05,TÊXTIL,884295045.0,1202344182.0,74150401.0,2160789628.0,140,0.4092462466225796,FORA_DAS_FAIXAS_NT,2026-08,NAO_ADITIVO_ENTRE_SETORES_PORTFOLIO,DADO_CALCULADO_SOBRE_DADOS_OFICIAIS
2026-05,VESTUÁRIO,377448794.0,935888996.0,11141446.0,1324479236.0,120,0.2849790194823409,MEDIA,2026-08,NAO_ADITIVO_ENTRE_SETORES_PORTFOLIO,DADO_CALCULADO_SOBRE_DADOS_OFICIAIS
2026-05,VEÍCULOS,315035376.0,609091986.0,31971523.0,956098885.0,9,0.3295008298226391,FORA_DAS_FAIXAS_NT,2026-08,NAO_ADITIVO_ENTRE_SETORES_PORTFOLIO,DADO_CALCULADO_SOBRE_DADOS_OFICIAIS
2026-05,VIDRO,84417592.0,89976773.0,8653614.0,183047979.0,12,0.46117740529656437,FORA_DAS_FAIXAS_NT,2026-08,NAO_ADITIVO_ENTRE_SETORES_PORTFOLIO,DADO_CALCULADO_SOBRE_DADOS_OFICIAIS
2026-05,VINHO,105929332.0,43360695.0,24301577.0,173591604.0,6,0.6102215173955072,FORA_DAS_FAIXAS_NT,2026-08,NAO_ADITIVO_ENTRE_SETORES_PORTFOLIO,DADO_CALCULADO_SOBRE_DADOS_OFICIAIS
2026-05,ÓLEOS VEGETAIS,763980468.0,27218301.0,0.0,791198769.0,3,0.965598656031276,FORA_DAS_FAIXAS_NT,2026-08,NAO_ADITIVO_ENTRE_SETORES_PORTFOLIO,DADO_CALCULADO_SOBRE_DADOS_OFICIAIS
2026-06,ALIMENTOS,1776373934.0,1423630664.0,25648817.0,3225653415.0,81,0.5507020455884905,FORA_DAS_FAIXAS_NT,2026-08,NAO_ADITIVO_ENTRE_SETORES_PORTFOLIO,DADO_CALCULADO_SOBRE_DADOS_OFICIAIS
2026-06,ARROZ,145411118.0,12556240.0,30678880.0,188646238.0,4,0.7708137704818688,FORA_DAS_FAIXAS_NT,2026-08,NAO_ADITIVO_ENTRE_SETORES_PORTFOLIO,DADO_CALCULADO_SOBRE_DADOS_OFICIAIS
2026-06,ARTEFATOS DOMÉSTICOS E FERRAMENTAS,491520704.0,761185128.0,74914912.0,1327620744.0,74,0.37022674300726355,FORA_DAS_FAIXAS_NT,2026-08,NAO_ADITIVO_ENTRE_SETORES_PORTFOLIO,DADO_CALCULADO_SOBRE_DADOS_OFICIAIS
2026-06,AVES,366190395.0,202219926.0,0.0,568410321.0,17,0.6442360060523954,FORA_DAS_FAIXAS_NT,2026-08,NAO_ADITIVO_ENTRE_SETORES_PORTFOLIO,DADO_CALCULADO_SOBRE_DADOS_OFICIAIS
2026-06,BIODIESEL,617390420.0,3765713.0,0.0,621156133.0,2,0.9939375741461125,FORA_DAS_FAIXAS_NT,2026-08,NAO_ADITIVO_ENTRE_SETORES_PORTFOLIO,DADO_CALCULADO_SOBRE_DADOS_OFICIAIS
2026-06,BOVINOS,795855773.0,456460868.0,0.0,1252316641.0,6,0.6355068254658768,FORA_DAS_FAIXAS_NT,2026-08,NAO_ADITIVO_ENTRE_SETORES_PORTFOLIO,DADO_CALCULADO_SOBRE_DADOS_OFICIAIS
2026-06,CALÇADOS E ARTEFATOS,368948789.0,192287881.0,7187298.0,568423968.0,14,0.6490732442161904,FORA_DAS_FAIXAS_NT,2026-08,NAO_ADITIVO_ENTRE_SETORES_PORTFOLIO,DADO_CALCULADO_SOBRE_DADOS_OFICIAIS
2026-06,CERVEJA E CHOPP,159642967.0,72581670.0,127523.0,232352160.0,2,0.6870733071730428,FORA_DAS_FAIXAS_NT,2026-08,NAO_ADITIVO_ENTRE_SETORES_PORTFOLIO,DADO_CALCULADO_SOBRE_DADOS_OFICIAIS
2026-06,CHÁ E MATE,39361402.0,40813573.0,0.0,80174975.0,3,0.4909437389908759,FORA_DAS_FAIXAS_NT,2026-08,NAO_ADITIVO_ENTRE_SETORES_PORTFOLIO,DADO_CALCULADO_SOBRE_DADOS_OFICIAIS
2026-06,CIMENTO,256766796.0,127737809.0,0.0,384504605.0,8,0.6677860100011026,FORA_DAS_FAIXAS_NT,2026-08,NAO_ADITIVO_ENTRE_SETORES_PORTFOLIO,DADO_CALCULADO_SOBRE_DADOS_OFICIAIS
2026-06,COMBUSTÍVEIS E DERIVADOS,139665837.0,49940738.0,0.0,189606575.0,4,0.7366086170798666,FORA_DAS_FAIXAS_NT,2026-08,NAO_ADITIVO_ENTRE_SETORES_PORTFOLIO,DADO_CALCULADO_SOBRE_DADOS_OFICIAIS
2026-06,COSMÉTICOS,94505453.0,810787826.0,1679481.0,906972760.0,17,0.10419877770088706,ALTA,2026-08,NAO_ADITIVO_ENTRE_SETORES_PORTFOLIO,DADO_CALCULADO_SOBRE_DADOS_OFICIAIS
2026-06,CURTIMENTO DE COURO,104074928.0,48125949.0,3296175.0,155497052.0,15,0.669304830293503,FORA_DAS_FAIXAS_NT,2026-08,NAO_ADITIVO_ENTRE_SETORES_PORTFOLIO,DADO_CALCULADO_SOBRE_DADOS_OFICIAIS
2026-06,DEFENSIVOS AGRÍCOLAS,38302970.0,606645512.0,19763990.0,664712472.0,7,0.05762336591150948,ALTA,2026-08,NAO_ADITIVO_ENTRE_SETORES_PORTFOLIO,DADO_CALCULADO_SOBRE_DADOS_OFICIAIS
2026-06,DESTILADOS,223551566.0,80205593.0,19778691.0,323535850.0,8,0.6909638174563962,FORA_DAS_FAIXAS_NT,2026-08,NAO_ADITIVO_ENTRE_SETORES_PORTFOLIO,DADO_CALCULADO_SOBRE_DADOS_OFICIAIS
2026-06,ELETROELETRÔNICO,899338583.0,1649595437.0,279117646.0,2828051666.0,135,0.31800641898173865,FORA_DAS_FAIXAS_NT,2026-08,NAO_ADITIVO_ENTRE_SETORES_PORTFOLIO,DADO_CALCULADO_SOBRE_DADOS_OFICIAIS
2026-06,EMBALAGENS,528886494.0,604057962.0,18587485.0,1151531941.0,23,0.45928946924451836,FORA_DAS_FAIXAS_NT,2026-08,NAO_ADITIVO_ENTRE_SETORES_PORTFOLIO,DADO_CALCULADO_SOBRE_DADOS_OFICIAIS
2026-06,FERTILIZANTES,673709267.0,72185584.0,1593468774.0,2339363625.0,9,0.2879882630473918,MEDIA,2026-08,NAO_ADITIVO_ENTRE_SETORES_PORTFOLIO,DADO_CALCULADO_SOBRE_DADOS_OFICIAIS
2026-06,LEITE,441590943.0,278230364.0,152340.0,719973647.0,14,0.6133432033797759,FORA_DAS_FAIXAS_NT,2026-08,NAO_ADITIVO_ENTRE_SETORES_PORTFOLIO,DADO_CALCULADO_SOBRE_DADOS_OFICIAIS
2026-06,MADEIRAS,414507704.0,297585754.0,6180723.0,718274181.0,35,0.5770884085279406,FORA_DAS_FAIXAS_NT,2026-08,NAO_ADITIVO_ENTRE_SETORES_PORTFOLIO,DADO_CALCULADO_SOBRE_DADOS_OFICIAIS
2026-06,MEDICAMENTOS,34725872.0,1009769660.0,692283.0,1045187815.0,19,0.03322452816769587,CRITICA,2026-08,NAO_ADITIVO_ENTRE_SETORES_PORTFOLIO,DADO_CALCULADO_SOBRE_DADOS_OFICIAIS
2026-06,METALURGIA,2022297048.0,2039385332.0,254337257.0,4316019637.0,131,0.46855603497802156,FORA_DAS_FAIXAS_NT,2026-08,NAO_ADITIVO_ENTRE_SETORES_PORTFOLIO,DADO_CALCULADO_SOBRE_DADOS_OFICIAIS
2026-06,MÁQUINAS E EQUIPAMENTOS,1784202947.0,2148533464.0,321469580.0,4254205991.0,210,0.41939740359883293,FORA_DAS_FAIXAS_NT,2026-08,NAO_ADITIVO_ENTRE_SETORES_PORTFOLIO,DADO_CALCULADO_SOBRE_DADOS_OFICIAIS
2026-06,MÓVEIS,444589844.0,323395875.0,10483714.0,778469433.0,20,0.5711076442483773,FORA_DAS_FAIXAS_NT,2026-08,NAO_ADITIVO_ENTRE_SETORES_PORTFOLIO,DADO_CALCULADO_SOBRE_DADOS_OFICIAIS
2026-06,OUTRAS BEBIDAS,186216642.0,20561053.0,0.0,206777695.0,2,0.9005644540142494,FORA_DAS_FAIXAS_NT,2026-08,NAO_ADITIVO_ENTRE_SETORES_PORTFOLIO,DADO_CALCULADO_SOBRE_DADOS_OFICIAIS
2026-06,OUTRAS INDÚSTRIAS,1092726360.0,1019693206.0,112279696.0,2224699262.0,80,0.49117936013411595,FORA_DAS_FAIXAS_NT,2026-08,NAO_ADITIVO_ENTRE_SETORES_PORTFOLIO,DADO_CALCULADO_SOBRE_DADOS_OFICIAIS
2026-06,OUTROS AGRO,600244539.0,68370791.0,5434375.0,674049705.0,14,0.8905048612104949,FORA_DAS_FAIXAS_NT,2026-08,NAO_ADITIVO_ENTRE_SETORES_PORTFOLIO,DADO_CALCULADO_SOBRE_DADOS_OFICIAIS
2026-06,OUTROS METAL MECÂN.,2304007822.0,2408326945.0,348036668.0,5060371435.0,186,0.45530409211947503,FORA_DAS_FAIXAS_NT,2026-08,NAO_ADITIVO_ENTRE_SETORES_PORTFOLIO,DADO_CALCULADO_SOBRE_DADOS_OFICIAIS
2026-06,OUTROS PRODUTOS DE PAPEL,410397506.0,794218572.0,4378933.0,1208995011.0,30,0.3394534322027901,FORA_DAS_FAIXAS_NT,2026-08,NAO_ADITIVO_ENTRE_SETORES_PORTFOLIO,DADO_CALCULADO_SOBRE_DADOS_OFICIAIS
2026-06,OUTROS QUÍMICOS,588461653.0,1418714529.0,389548086.0,2396724268.0,137,0.2455274730000773,MEDIA,2026-08,NAO_ADITIVO_ENTRE_SETORES_PORTFOLIO,DADO_CALCULADO_SOBRE_DADOS_OFICIAIS
2026-06,PEÇAS E ACESSÓRIOS PARA VEÍCULOS,838392801.0,898351402.0,273794054.0,2010538257.0,47,0.4169991782454304,FORA_DAS_FAIXAS_NT,2026-08,NAO_ADITIVO_ENTRE_SETORES_PORTFOLIO,DADO_CALCULADO_SOBRE_DADOS_OFICIAIS
2026-06,PLÁSTICOS,1736076677.0,1838767851.0,301203323.0,3876047851.0,115,0.44789866991763305,FORA_DAS_FAIXAS_NT,2026-08,NAO_ADITIVO_ENTRE_SETORES_PORTFOLIO,DADO_CALCULADO_SOBRE_DADOS_OFICIAIS
2026-06,PNEUMÁTICOS E BORRACHA,288567791.0,524749600.0,64442068.0,877759459.0,23,0.3287549772790315,FORA_DAS_FAIXAS_NT,2026-08,NAO_ADITIVO_ENTRE_SETORES_PORTFOLIO,DADO_CALCULADO_SOBRE_DADOS_OFICIAIS
2026-06,PRODUTOS DE LIMPEZA,127961088.0,277082603.0,6642424.0,411686115.0,19,0.31082196687639074,FORA_DAS_FAIXAS_NT,2026-08,NAO_ADITIVO_ENTRE_SETORES_PORTFOLIO,DADO_CALCULADO_SOBRE_DADOS_OFICIAIS
2026-06,RAÇÃO ANIMAL,673818824.0,589283926.0,0.0,1263102750.0,8,0.5334631913357801,FORA_DAS_FAIXAS_NT,2026-08,NAO_ADITIVO_ENTRE_SETORES_PORTFOLIO,DADO_CALCULADO_SOBRE_DADOS_OFICIAIS
2026-06,REFRIGERANTE,312912484.0,79398314.0,127523.0,392438321.0,2,0.7973545580427657,FORA_DAS_FAIXAS_NT,2026-08,NAO_ADITIVO_ENTRE_SETORES_PORTFOLIO,DADO_CALCULADO_SOBRE_DADOS_OFICIAIS
2026-06,SUCOS E REFRESCOS,232498904.0,111167280.0,152340.0,343818524.0,13,0.6762256474581341,FORA_DAS_FAIXAS_NT,2026-08,NAO_ADITIVO_ENTRE_SETORES_PORTFOLIO,DADO_CALCULADO_SOBRE_DADOS_OFICIAIS
2026-06,SUINOS,244578544.0,151307688.0,0.0,395886232.0,10,0.6178000754519799,FORA_DAS_FAIXAS_NT,2026-08,NAO_ADITIVO_ENTRE_SETORES_PORTFOLIO,DADO_CALCULADO_SOBRE_DADOS_OFICIAIS
2026-06,TABACOS,196663962.0,183577764.0,14703947.0,394945673.0,4,0.49795193477154515,FORA_DAS_FAIXAS_NT,2026-08,NAO_ADITIVO_ENTRE_SETORES_PORTFOLIO,DADO_CALCULADO_SOBRE_DADOS_OFICIAIS
2026-06,TINTAS E SOLVENTES,248411816.0,387012847.0,29350970.0,664775633.0,41,0.37367767960893356,FORA_DAS_FAIXAS_NT,2026-08,NAO_ADITIVO_ENTRE_SETORES_PORTFOLIO,DADO_CALCULADO_SOBRE_DADOS_OFICIAIS
2026-06,TRATORES,194789490.0,190945053.0,93293684.0,479028227.0,7,0.40663468042354006,FORA_DAS_FAIXAS_NT,2026-08,NAO_ADITIVO_ENTRE_SETORES_PORTFOLIO,DADO_CALCULADO_SOBRE_DADOS_OFICIAIS
2026-06,TRIGO,239045468.0,125462321.0,6371969.0,370879758.0,7,0.6445363027873848,FORA_DAS_FAIXAS_NT,2026-08,NAO_ADITIVO_ENTRE_SETORES_PORTFOLIO,DADO_CALCULADO_SOBRE_DADOS_OFICIAIS
2026-06,TÊXTIL,895852760.0,1112885868.0,91597967.0,2100336595.0,139,0.42652818702137596,FORA_DAS_FAIXAS_NT,2026-08,NAO_ADITIVO_ENTRE_SETORES_PORTFOLIO,DADO_CALCULADO_SOBRE_DADOS_OFICIAIS
2026-06,VESTUÁRIO,350066093.0,759206909.0,11377971.0,1120650973.0,120,0.31237744974500636,FORA_DAS_FAIXAS_NT,2026-08,NAO_ADITIVO_ENTRE_SETORES_PORTFOLIO,DADO_CALCULADO_SOBRE_DADOS_OFICIAIS
2026-06,VEÍCULOS,358966947.0,631434092.0,36612716.0,1027013755.0,9,0.3495249652230802,FORA_DAS_FAIXAS_NT,2026-08,NAO_ADITIVO_ENTRE_SETORES_PORTFOLIO,DADO_CALCULADO_SOBRE_DADOS_OFICIAIS
2026-06,VIDRO,97202758.0,103131510.0,9919691.0,210253959.0,12,0.46231119005944615,FORA_DAS_FAIXAS_NT,2026-08,NAO_ADITIVO_ENTRE_SETORES_PORTFOLIO,DADO_CALCULADO_SOBRE_DADOS_OFICIAIS
2026-06,VINHO,104232185.0,44114937.0,35164574.0,183511696.0,6,0.567986603971008,FORA_DAS_FAIXAS_NT,2026-08,NAO_ADITIVO_ENTRE_SETORES_PORTFOLIO,DADO_CALCULADO_SOBRE_DADOS_OFICIAIS
2026-06,ÓLEOS VEGETAIS,696517758.0,17151157.0,0.0,713668915.0,3,0.9759676277899816,FORA_DAS_FAIXAS_NT,2026-08,NAO_ADITIVO_ENTRE_SETORES_PORTFOLIO,DADO_CALCULADO_SOBRE_DADOS_OFICIAIS
2026-07,ALIMENTOS,1842683544.0,1540448666.0,18056287.0,3401188497.0,81,0.5417763660042156,FORA_DAS_FAIXAS_NT,2026-08,NAO_ADITIVO_ENTRE_SETORES_PORTFOLIO,DADO_CALCULADO_SOBRE_DADOS_OFICIAIS
2026-07,ARROZ,182247753.0,12899214.0,36783417.0,231930384.0,4,0.7857864496098105,FORA_DAS_FAIXAS_NT,2026-08,NAO_ADITIVO_ENTRE_SETORES_PORTFOLIO,DADO_CALCULADO_SOBRE_DADOS_OFICIAIS
2026-07,ARTEFATOS DOMÉSTICOS E FERRAMENTAS,503834170.0,766771156.0,79719423.0,1350324749.0,74,0.37312074030570846,FORA_DAS_FAIXAS_NT,2026-08,NAO_ADITIVO_ENTRE_SETORES_PORTFOLIO,DADO_CALCULADO_SOBRE_DADOS_OFICIAIS
2026-07,AVES,394603818.0,217664240.0,0.0,612268058.0,17,0.6444951893930093,FORA_DAS_FAIXAS_NT,2026-08,NAO_ADITIVO_ENTRE_SETORES_PORTFOLIO,DADO_CALCULADO_SOBRE_DADOS_OFICIAIS
2026-07,BIODIESEL,684702306.0,7160045.0,0.0,691862351.0,2,0.9896510556042671,FORA_DAS_FAIXAS_NT,2026-08,NAO_ADITIVO_ENTRE_SETORES_PORTFOLIO,DADO_CALCULADO_SOBRE_DADOS_OFICIAIS
2026-07,BOVINOS,814457627.0,488145536.0,4443470.0,1307046633.0,6,0.6231282086168688,FORA_DAS_FAIXAS_NT,2026-08,NAO_ADITIVO_ENTRE_SETORES_PORTFOLIO,DADO_CALCULADO_SOBRE_DADOS_OFICIAIS
2026-07,CALÇADOS E ARTEFATOS,440237954.0,237102565.0,15733288.0,693073807.0,14,0.6351963521830223,FORA_DAS_FAIXAS_NT,2026-08,NAO_ADITIVO_ENTRE_SETORES_PORTFOLIO,DADO_CALCULADO_SOBRE_DADOS_OFICIAIS
2026-07,CERVEJA E CHOPP,131031714.0,88910268.0,153826.0,220095808.0,2,0.5953394350881958,FORA_DAS_FAIXAS_NT,2026-08,NAO_ADITIVO_ENTRE_SETORES_PORTFOLIO,DADO_CALCULADO_SOBRE_DADOS_OFICIAIS
2026-07,CHÁ E MATE,40178498.0,38698021.0,0.0,78876519.0,3,0.5093847764757469,FORA_DAS_FAIXAS_NT,2026-08,NAO_ADITIVO_ENTRE_SETORES_PORTFOLIO,DADO_CALCULADO_SOBRE_DADOS_OFICIAIS
2026-07,CIMENTO,240577431.0,127690388.0,0.0,368267819.0,8,0.6532675911060261,FORA_DAS_FAIXAS_NT,2026-08,NAO_ADITIVO_ENTRE_SETORES_PORTFOLIO,DADO_CALCULADO_SOBRE_DADOS_OFICIAIS
2026-07,COMBUSTÍVEIS E DERIVADOS,133267360.0,66512626.0,0.0,199779986.0,4,0.6670706243817637,FORA_DAS_FAIXAS_NT,2026-08,NAO_ADITIVO_ENTRE_SETORES_PORTFOLIO,DADO_CALCULADO_SOBRE_DADOS_OFICIAIS
2026-07,COSMÉTICOS,95826069.0,854704118.0,5141416.0,955671603.0,17,0.10027091806347206,ALTA,2026-08,NAO_ADITIVO_ENTRE_SETORES_PORTFOLIO,DADO_CALCULADO_SOBRE_DADOS_OFICIAIS
2026-07,CURTIMENTO DE COURO,112733802.0,54960759.0,6044989.0,173739550.0,15,0.648866662771948,FORA_DAS_FAIXAS_NT,2026-08,NAO_ADITIVO_ENTRE_SETORES_PORTFOLIO,DADO_CALCULADO_SOBRE_DADOS_OFICIAIS
2026-07,DEFENSIVOS AGRÍCOLAS,36755364.0,333735158.0,46365023.0,416855545.0,7,0.08817290411718044,ALTA,2026-08,NAO_ADITIVO_ENTRE_SETORES_PORTFOLIO,DADO_CALCULADO_SOBRE_DADOS_OFICIAIS
2026-07,DESTILADOS,220147453.0,71564497.0,17587328.0,309299278.0,8,0.7117619362823084,FORA_DAS_FAIXAS_NT,2026-08,NAO_ADITIVO_ENTRE_SETORES_PORTFOLIO,DADO_CALCULADO_SOBRE_DADOS_OFICIAIS
2026-07,ELETROELETRÔNICO,981919784.0,1750658791.0,256089870.0,2988668445.0,135,0.32854757965633086,FORA_DAS_FAIXAS_NT,2026-08,NAO_ADITIVO_ENTRE_SETORES_PORTFOLIO,DADO_CALCULADO_SOBRE_DADOS_OFICIAIS
2026-07,EMBALAGENS,565396041.0,645636873.0,24048720.0,1235081634.0,23,0.4577803000510005,FORA_DAS_FAIXAS_NT,2026-08,NAO_ADITIVO_ENTRE_SETORES_PORTFOLIO,DADO_CALCULADO_SOBRE_DADOS_OFICIAIS
2026-07,FERTILIZANTES,896724291.0,78700771.0,1143189803.0,2118614865.0,9,0.42325969944518443,FORA_DAS_FAIXAS_NT,2026-08,NAO_ADITIVO_ENTRE_SETORES_PORTFOLIO,DADO_CALCULADO_SOBRE_DADOS_OFICIAIS
2026-07,LEITE,530220288.0,305641990.0,51506.0,835913784.0,14,0.6343002091230021,FORA_DAS_FAIXAS_NT,2026-08,NAO_ADITIVO_ENTRE_SETORES_PORTFOLIO,DADO_CALCULADO_SOBRE_DADOS_OFICIAIS
2026-07,MADEIRAS,427964203.0,316634375.0,6255560.0,750854138.0,35,0.569969826816084,FORA_DAS_FAIXAS_NT,2026-08,NAO_ADITIVO_ENTRE_SETORES_PORTFOLIO,DADO_CALCULADO_SOBRE_DADOS_OFICIAIS
2026-07,MEDICAMENTOS,34327737.0,915902440.0,614495.0,950844672.0,19,0.0361023603653321,CRITICA,2026-08,NAO_ADITIVO_ENTRE_SETORES_PORTFOLIO,DADO_CALCULADO_SOBRE_DADOS_OFICIAIS
2026-07,METALURGIA,2148422471.0,2174302057.0,238100647.0,4560825175.0,131,0.4710600359725474,FORA_DAS_FAIXAS_NT,2026-08,NAO_ADITIVO_ENTRE_SETORES_PORTFOLIO,DADO_CALCULADO_SOBRE_DADOS_OFICIAIS
2026-07,MÁQUINAS E EQUIPAMENTOS,1969536075.0,2234308394.0,339514517.0,4543358986.0,210,0.43349778898585145,FORA_DAS_FAIXAS_NT,2026-08,NAO_ADITIVO_ENTRE_SETORES_PORTFOLIO,DADO_CALCULADO_SOBRE_DADOS_OFICIAIS
2026-07,MÓVEIS,469283097.0,356981199.0,13706749.0,839971045.0,20,0.5586896117353665,FORA_DAS_FAIXAS_NT,2026-08,NAO_ADITIVO_ENTRE_SETORES_PORTFOLIO,DADO_CALCULADO_SOBRE_DADOS_OFICIAIS
2026-07,OUTRAS BEBIDAS,208844803.0,17455390.0,0.0,226300193.0,2,0.9228662169103851,FORA_DAS_FAIXAS_NT,2026-08,NAO_ADITIVO_ENTRE_SETORES_PORTFOLIO,DADO_CALCULADO_SOBRE_DADOS_OFICIAIS
2026-07,OUTRAS INDÚSTRIAS,1086741552.0,1032785809.0,132935869.0,2252463230.0,80,0.48246805431758366,FORA_DAS_FAIXAS_NT,2026-08,NAO_ADITIVO_ENTRE_SETORES_PORTFOLIO,DADO_CALCULADO_SOBRE_DADOS_OFICIAIS
2026-07,OUTROS AGRO,645659874.0,73351158.0,6395663.0,725406695.0,14,0.8900660532227374,FORA_DAS_FAIXAS_NT,2026-08,NAO_ADITIVO_ENTRE_SETORES_PORTFOLIO,DADO_CALCULADO_SOBRE_DADOS_OFICIAIS
2026-07,OUTROS METAL MECÂN.,2496407135.0,2546118870.0,342954106.0,5385480111.0,186,0.4635440264464102,FORA_DAS_FAIXAS_NT,2026-08,NAO_ADITIVO_ENTRE_SETORES_PORTFOLIO,DADO_CALCULADO_SOBRE_DADOS_OFICIAIS
2026-07,OUTROS PRODUTOS DE PAPEL,445963621.0,742486374.0,2047246.0,1190497241.0,30,0.37460281774815135,FORA_DAS_FAIXAS_NT,2026-08,NAO_ADITIVO_ENTRE_SETORES_PORTFOLIO,DADO_CALCULADO_SOBRE_DADOS_OFICIAIS
2026-07,OUTROS QUÍMICOS,604124648.0,1360092526.0,350801869.0,2315019043.0,137,0.26095882443244334,MEDIA,2026-08,NAO_ADITIVO_ENTRE_SETORES_PORTFOLIO,DADO_CALCULADO_SOBRE_DADOS_OFICIAIS
2026-07,PEÇAS E ACESSÓRIOS PARA VEÍCULOS,994088507.0,975031372.0,241444173.0,2210564052.0,47,0.4496990286712579,FORA_DAS_FAIXAS_NT,2026-08,NAO_ADITIVO_ENTRE_SETORES_PORTFOLIO,DADO_CALCULADO_SOBRE_DADOS_OFICIAIS
2026-07,PLÁSTICOS,1846274635.0,1940618453.0,344563953.0,4131457041.0,115,0.4468822056426654,FORA_DAS_FAIXAS_NT,2026-08,NAO_ADITIVO_ENTRE_SETORES_PORTFOLIO,DADO_CALCULADO_SOBRE_DADOS_OFICIAIS
2026-07,PNEUMÁTICOS E BORRACHA,318943527.0,558317639.0,77328267.0,954589433.0,23,0.3341159203885719,FORA_DAS_FAIXAS_NT,2026-08,NAO_ADITIVO_ENTRE_SETORES_PORTFOLIO,DADO_CALCULADO_SOBRE_DADOS_OFICIAIS
2026-07,PRODUTOS DE LIMPEZA,134351789.0,275215016.0,10102427.0,419669232.0,19,0.32013733377528136,FORA_DAS_FAIXAS_NT,2026-08,NAO_ADITIVO_ENTRE_SETORES_PORTFOLIO,DADO_CALCULADO_SOBRE_DADOS_OFICIAIS
2026-07,RAÇÃO ANIMAL,661964952.0,554418733.0,801925.0,1217185610.0,8,0.5438488153010616,FORA_DAS_FAIXAS_NT,2026-08,NAO_ADITIVO_ENTRE_SETORES_PORTFOLIO,DADO_CALCULADO_SOBRE_DADOS_OFICIAIS
2026-07,REFRIGERANTE,295066348.0,89033872.0,153826.0,384254046.0,2,0.7678939260928432,FORA_DAS_FAIXAS_NT,2026-08,NAO_ADITIVO_ENTRE_SETORES_PORTFOLIO,DADO_CALCULADO_SOBRE_DADOS_OFICIAIS
2026-07,SUCOS E REFRESCOS,224426954.0,115480128.0,992414.0,340899496.0,13,0.6583375940221395,FORA_DAS_FAIXAS_NT,2026-08,NAO_ADITIVO_ENTRE_SETORES_PORTFOLIO,DADO_CALCULADO_SOBRE_DADOS_OFICIAIS
2026-07,SUINOS,246870791.0,165785711.0,0.0,412656502.0,10,0.598247670407481,FORA_DAS_FAIXAS_NT,2026-08,NAO_ADITIVO_ENTRE_SETORES_PORTFOLIO,DADO_CALCULADO_SOBRE_DADOS_OFICIAIS
2026-07,TABACOS,156620697.0,275451689.0,18883518.0,450955904.0,4,0.34730823038520414,FORA_DAS_FAIXAS_NT,2026-08,NAO_ADITIVO_ENTRE_SETORES_PORTFOLIO,DADO_CALCULADO_SOBRE_DADOS_OFICIAIS
2026-07,TINTAS E SOLVENTES,244794623.0,386937733.0,26325257.0,658057613.0,42,0.3719957313220841,FORA_DAS_FAIXAS_NT,2026-08,NAO_ADITIVO_ENTRE_SETORES_PORTFOLIO,DADO_CALCULADO_SOBRE_DADOS_OFICIAIS
2026-07,TRATORES,216706050.0,214284649.0,67682435.0,498673134.0,7,0.4345653198954969,FORA_DAS_FAIXAS_NT,2026-08,NAO_ADITIVO_ENTRE_SETORES_PORTFOLIO,DADO_CALCULADO_SOBRE_DADOS_OFICIAIS
2026-07,TRIGO,242774380.0,142940709.0,8137156.0,393852245.0,7,0.6164097909356845,FORA_DAS_FAIXAS_NT,2026-08,NAO_ADITIVO_ENTRE_SETORES_PORTFOLIO,DADO_CALCULADO_SOBRE_DADOS_OFICIAIS
2026-07,TÊXTIL,957445769.0,1171284735.0,122380784.0,2251111288.0,140,0.42532138419982013,FORA_DAS_FAIXAS_NT,2026-08,NAO_ADITIVO_ENTRE_SETORES_PORTFOLIO,DADO_CALCULADO_SOBRE_DADOS_OFICIAIS
2026-07,VESTUÁRIO,366816964.0,815718178.0,21647349.0,1204182491.0,120,0.3046190811953933,FORA_DAS_FAIXAS_NT,2026-08,NAO_ADITIVO_ENTRE_SETORES_PORTFOLIO,DADO_CALCULADO_SOBRE_DADOS_OFICIAIS
2026-07,VEÍCULOS,383188024.0,628367997.0,37783521.0,1049339542.0,9,0.36517067037201195,FORA_DAS_FAIXAS_NT,2026-08,NAO_ADITIVO_ENTRE_SETORES_PORTFOLIO,DADO_CALCULADO_SOBRE_DADOS_OFICIAIS
2026-07,VIDRO,98152584.0,99715543.0,4512935.0,202381062.0,12,0.4849889758953829,FORA_DAS_FAIXAS_NT,2026-08,NAO_ADITIVO_ENTRE_SETORES_PORTFOLIO,DADO_CALCULADO_SOBRE_DADOS_OFICIAIS
2026-07,VINHO,112675715.0,43231918.0,17003616.0,172911249.0,6,0.6516390093278431,FORA_DAS_FAIXAS_NT,2026-08,NAO_ADITIVO_ENTRE_SETORES_PORTFOLIO,DADO_CALCULADO_SOBRE_DADOS_OFICIAIS
2026-07,ÓLEOS VEGETAIS,781531980.0,22097372.0,0.0,803629352.0,3,0.9725030302277958,FORA_DAS_FAIXAS_NT,2026-08,NAO_ADITIVO_ENTRE_SETORES_PORTFOLIO,DADO_CALCULADO_SOBRE_DADOS_OFICIAIS
2026-08,ALIMENTOS,1781538194.0,1542993748.0,26030206.0,3350562148.0,81,0.5317132216345924,FORA_DAS_FAIXAS_NT,2026-08,NAO_ADITIVO_ENTRE_SETORES_PORTFOLIO,DADO_CALCULADO_SOBRE_DADOS_OFICIAIS
2026-08,ARROZ,162048549.0,13534489.0,36327715.0,211910753.0,4,0.764701869564873,FORA_DAS_FAIXAS_NT,2026-08,NAO_ADITIVO_ENTRE_SETORES_PORTFOLIO,DADO_CALCULADO_SOBRE_DADOS_OFICIAIS
2026-08,ARTEFATOS DOMÉSTICOS E FERRAMENTAS,468078529.0,731382775.0,86917875.0,1286379179.0,74,0.36387290515994897,FORA_DAS_FAIXAS_NT,2026-08,NAO_ADITIVO_ENTRE_SETORES_PORTFOLIO,DADO_CALCULADO_SOBRE_DADOS_OFICIAIS
2026-08,AVES,350930777.0,204183999.0,0.0,555114776.0,17,0.63217696983083,FORA_DAS_FAIXAS_NT,2026-08,NAO_ADITIVO_ENTRE_SETORES_PORTFOLIO,DADO_CALCULADO_SOBRE_DADOS_OFICIAIS
2026-08,BIODIESEL,640703614.0,4480177.0,0.0,645183791.0,2,0.9930559678304132,FORA_DAS_FAIXAS_NT,2026-08,NAO_ADITIVO_ENTRE_SETORES_PORTFOLIO,DADO_CALCULADO_SOBRE_DADOS_OFICIAIS
2026-08,BOVINOS,800550750.0,478935566.0,0.0,1279486316.0,6,0.6256813691472102,FORA_DAS_FAIXAS_NT,2026-08,NAO_ADITIVO_ENTRE_SETORES_PORTFOLIO,DADO_CALCULADO_SOBRE_DADOS_OFICIAIS
2026-08,CALÇADOS E ARTEFATOS,440156296.0,263078938.0,15553471.0,718788705.0,14,0.6123583925821428,FORA_DAS_FAIXAS_NT,2026-08,NAO_ADITIVO_ENTRE_SETORES_PORTFOLIO,DADO_CALCULADO_SOBRE_DADOS_OFICIAIS
2026-08,CERVEJA E CHOPP,179541036.0,125860376.0,1766646.0,307168058.0,2,0.5845042520664697,FORA_DAS_FAIXAS_NT,2026-08,NAO_ADITIVO_ENTRE_SETORES_PORTFOLIO,DADO_CALCULADO_SOBRE_DADOS_OFICIAIS
2026-08,CHÁ E MATE,37700138.0,39094233.0,0.0,76794371.0,3,0.4909231953993086,FORA_DAS_FAIXAS_NT,2026-08,NAO_ADITIVO_ENTRE_SETORES_PORTFOLIO,DADO_CALCULADO_SOBRE_DADOS_OFICIAIS
2026-08,CIMENTO,239117633.0,126295187.0,76907.0,365489727.0,8,0.6542389986244401,FORA_DAS_FAIXAS_NT,2026-08,NAO_ADITIVO_ENTRE_SETORES_PORTFOLIO,DADO_CALCULADO_SOBRE_DADOS_OFICIAIS
2026-08,COMBUSTÍVEIS E DERIVADOS,137533833.0,52044631.0,0.0,189578464.0,4,0.7254718183601276,FORA_DAS_FAIXAS_NT,2026-08,NAO_ADITIVO_ENTRE_SETORES_PORTFOLIO,DADO_CALCULADO_SOBRE_DADOS_OFICIAIS
2026-08,COSMÉTICOS,110600493.0,849204916.0,627073.0,960432482.0,17,0.11515696842081607,ALTA,2026-08,NAO_ADITIVO_ENTRE_SETORES_PORTFOLIO,DADO_CALCULADO_SOBRE_DADOS_OFICIAIS
2026-08,CURTIMENTO DE COURO,92321148.0,44017663.0,3935212.0,140274023.0,15,0.658148572526504,FORA_DAS_FAIXAS_NT,2026-08,NAO_ADITIVO_ENTRE_SETORES_PORTFOLIO,DADO_CALCULADO_SOBRE_DADOS_OFICIAIS
2026-08,DEFENSIVOS AGRÍCOLAS,37362607.0,634238695.0,44677203.0,716278505.0,7,0.0521621223297773,ALTA,2026-08,NAO_ADITIVO_ENTRE_SETORES_PORTFOLIO,DADO_CALCULADO_SOBRE_DADOS_OFICIAIS
2026-08,DESTILADOS,230922671.0,69504871.0,18864919.0,319292461.0,8,0.7232324567788652,FORA_DAS_FAIXAS_NT,2026-08,NAO_ADITIVO_ENTRE_SETORES_PORTFOLIO,DADO_CALCULADO_SOBRE_DADOS_OFICIAIS
2026-08,ELETROELETRÔNICO,951770621.0,1762272352.0,284101627.0,2998144600.0,135,0.3174532078939755,FORA_DAS_FAIXAS_NT,2026-08,NAO_ADITIVO_ENTRE_SETORES_PORTFOLIO,DADO_CALCULADO_SOBRE_DADOS_OFICIAIS
2026-08,EMBALAGENS,537957539.0,600658789.0,23194076.0,1161810404.0,23,0.4630338454087385,FORA_DAS_FAIXAS_NT,2026-08,NAO_ADITIVO_ENTRE_SETORES_PORTFOLIO,DADO_CALCULADO_SOBRE_DADOS_OFICIAIS
2026-08,FERTILIZANTES,1248275903.0,91089126.0,789476786.0,2128841815.0,9,0.5863638595430352,FORA_DAS_FAIXAS_NT,2026-08,NAO_ADITIVO_ENTRE_SETORES_PORTFOLIO,DADO_CALCULADO_SOBRE_DADOS_OFICIAIS
2026-08,LEITE,526810590.0,343814193.0,154739.0,870779522.0,14,0.6049873437423348,FORA_DAS_FAIXAS_NT,2026-08,NAO_ADITIVO_ENTRE_SETORES_PORTFOLIO,DADO_CALCULADO_SOBRE_DADOS_OFICIAIS
2026-08,MADEIRAS,438430262.0,311780057.0,4792134.0,755002453.0,35,0.5807004470752362,FORA_DAS_FAIXAS_NT,2026-08,NAO_ADITIVO_ENTRE_SETORES_PORTFOLIO,DADO_CALCULADO_SOBRE_DADOS_OFICIAIS
2026-08,MEDICAMENTOS,38308104.0,1027406096.0,476367.0,1066190567.0,19,0.035929884568187145,CRITICA,2026-08,NAO_ADITIVO_ENTRE_SETORES_PORTFOLIO,DADO_CALCULADO_SOBRE_DADOS_OFICIAIS
2026-08,METALURGIA,2057211089.0,2129551173.0,245095929.0,4431858191.0,131,0.46418702953485363,FORA_DAS_FAIXAS_NT,2026-08,NAO_ADITIVO_ENTRE_SETORES_PORTFOLIO,DADO_CALCULADO_SOBRE_DADOS_OFICIAIS
2026-08,MÁQUINAS E EQUIPAMENTOS,1903029111.0,2296903479.0,357458127.0,4557390717.0,210,0.41756988355229496,FORA_DAS_FAIXAS_NT,2026-08,NAO_ADITIVO_ENTRE_SETORES_PORTFOLIO,DADO_CALCULADO_SOBRE_DADOS_OFICIAIS
2026-08,MÓVEIS,467142415.0,337581374.0,11544445.0,816268234.0,20,0.5722903275444625,FORA_DAS_FAIXAS_NT,2026-08,NAO_ADITIVO_ENTRE_SETORES_PORTFOLIO,DADO_CALCULADO_SOBRE_DADOS_OFICIAIS
2026-08,OUTRAS BEBIDAS,235309649.0,22802952.0,0.0,258112601.0,2,0.9116550222203216,FORA_DAS_FAIXAS_NT,2026-08,NAO_ADITIVO_ENTRE_SETORES_PORTFOLIO,DADO_CALCULADO_SOBRE_DADOS_OFICIAIS
2026-08,OUTRAS INDÚSTRIAS,1027698522.0,981096125.0,160636057.0,2169430704.0,80,0.47371806811119976,FORA_DAS_FAIXAS_NT,2026-08,NAO_ADITIVO_ENTRE_SETORES_PORTFOLIO,DADO_CALCULADO_SOBRE_DADOS_OFICIAIS
2026-08,OUTROS AGRO,612729465.0,57572421.0,6218954.0,676520840.0,14,0.9057067111192022,FORA_DAS_FAIXAS_NT,2026-08,NAO_ADITIVO_ENTRE_SETORES_PORTFOLIO,DADO_CALCULADO_SOBRE_DADOS_OFICIAIS
2026-08,OUTROS METAL MECÂN.,2413358435.0,2374227900.0,362906381.0,5150492716.0,186,0.46856845899478794,FORA_DAS_FAIXAS_NT,2026-08,NAO_ADITIVO_ENTRE_SETORES_PORTFOLIO,DADO_CALCULADO_SOBRE_DADOS_OFICIAIS
2026-08,OUTROS PRODUTOS DE PAPEL,435717887.0,763896878.0,4828247.0,1204443012.0,30,0.36175882350505095,FORA_DAS_FAIXAS_NT,2026-08,NAO_ADITIVO_ENTRE_SETORES_PORTFOLIO,DADO_CALCULADO_SOBRE_DADOS_OFICIAIS
2026-08,OUTROS QUÍMICOS,660068818.0,1389984356.0,310902055.0,2360955229.0,138,0.2795770160705576,MEDIA,2026-08,NAO_ADITIVO_ENTRE_SETORES_PORTFOLIO,DADO_CALCULADO_SOBRE_DADOS_OFICIAIS
2026-08,PEÇAS E ACESSÓRIOS PARA VEÍCULOS,949447565.0,992786793.0,255304524.0,2197538882.0,47,0.4320504054680931,FORA_DAS_FAIXAS_NT,2026-08,NAO_ADITIVO_ENTRE_SETORES_PORTFOLIO,DADO_CALCULADO_SOBRE_DADOS_OFICIAIS
2026-08,PLÁSTICOS,1788724702.0,1823546111.0,366808190.0,3979079003.0,115,0.4495323416929905,FORA_DAS_FAIXAS_NT,2026-08,NAO_ADITIVO_ENTRE_SETORES_PORTFOLIO,DADO_CALCULADO_SOBRE_DADOS_OFICIAIS
2026-08,PNEUMÁTICOS E BORRACHA,311250784.0,538294609.0,71577155.0,921122548.0,23,0.3379037726042073,FORA_DAS_FAIXAS_NT,2026-08,NAO_ADITIVO_ENTRE_SETORES_PORTFOLIO,DADO_CALCULADO_SOBRE_DADOS_OFICIAIS
2026-08,PRODUTOS DE LIMPEZA,159509194.0,289477145.0,12154614.0,461140953.0,19,0.3459011674463014,FORA_DAS_FAIXAS_NT,2026-08,NAO_ADITIVO_ENTRE_SETORES_PORTFOLIO,DADO_CALCULADO_SOBRE_DADOS_OFICIAIS
2026-08,RAÇÃO ANIMAL,615898553.0,474388554.0,813207.0,1091100314.0,8,0.5644747280312853,FORA_DAS_FAIXAS_NT,2026-08,NAO_ADITIVO_ENTRE_SETORES_PORTFOLIO,DADO_CALCULADO_SOBRE_DADOS_OFICIAIS
2026-08,REFRIGERANTE,364668690.0,129200034.0,410307.0,494279031.0,2,0.7377790015939397,FORA_DAS_FAIXAS_NT,2026-08,NAO_ADITIVO_ENTRE_SETORES_PORTFOLIO,DADO_CALCULADO_SOBRE_DADOS_OFICIAIS
2026-08,SUCOS E REFRESCOS,245994867.0,134750315.0,420130.0,381165312.0,13,0.645375796945552,FORA_DAS_FAIXAS_NT,2026-08,NAO_ADITIVO_ENTRE_SETORES_PORTFOLIO,DADO_CALCULADO_SOBRE_DADOS_OFICIAIS
2026-08,SUINOS,221996899.0,152598421.0,0.0,374595320.0,10,0.5926312667227129,FORA_DAS_FAIXAS_NT,2026-08,NAO_ADITIVO_ENTRE_SETORES_PORTFOLIO,DADO_CALCULADO_SOBRE_DADOS_OFICIAIS
2026-08,TABACOS,126507746.0,145610261.0,23120857.0,295238864.0,4,0.42849286264697184,FORA_DAS_FAIXAS_NT,2026-08,NAO_ADITIVO_ENTRE_SETORES_PORTFOLIO,DADO_CALCULADO_SOBRE_DADOS_OFICIAIS
2026-08,TINTAS E SOLVENTES,231415198.0,379092769.0,27036221.0,637544188.0,42,0.36297907244038746,FORA_DAS_FAIXAS_NT,2026-08,NAO_ADITIVO_ENTRE_SETORES_PORTFOLIO,DADO_CALCULADO_SOBRE_DADOS_OFICIAIS
2026-08,TRATORES,217129388.0,208688351.0,109772819.0,535590558.0,7,0.405401821889474,FORA_DAS_FAIXAS_NT,2026-08,NAO_ADITIVO_ENTRE_SETORES_PORTFOLIO,DADO_CALCULADO_SOBRE_DADOS_OFICIAIS
2026-08,TRIGO,237791078.0,146686688.0,7874920.0,392352686.0,7,0.6060646109607619,FORA_DAS_FAIXAS_NT,2026-08,NAO_ADITIVO_ENTRE_SETORES_PORTFOLIO,DADO_CALCULADO_SOBRE_DADOS_OFICIAIS
2026-08,TÊXTIL,888276343.0,1129309431.0,147407691.0,2164993465.0,140,0.4102905423781499,FORA_DAS_FAIXAS_NT,2026-08,NAO_ADITIVO_ENTRE_SETORES_PORTFOLIO,DADO_CALCULADO_SOBRE_DADOS_OFICIAIS
2026-08,VESTUÁRIO,330282683.0,824714135.0,21779875.0,1176776693.0,120,0.28066725400381465,MEDIA,2026-08,NAO_ADITIVO_ENTRE_SETORES_PORTFOLIO,DADO_CALCULADO_SOBRE_DADOS_OFICIAIS
2026-08,VEÍCULOS,394218944.0,699422103.0,43800342.0,1137441389.0,9,0.3465839627539701,FORA_DAS_FAIXAS_NT,2026-08,NAO_ADITIVO_ENTRE_SETORES_PORTFOLIO,DADO_CALCULADO_SOBRE_DADOS_OFICIAIS
2026-08,VIDRO,88022796.0,97306938.0,4950176.0,190279910.0,12,0.4625963718397807,FORA_DAS_FAIXAS_NT,2026-08,NAO_ADITIVO_ENTRE_SETORES_PORTFOLIO,DADO_CALCULADO_SOBRE_DADOS_OFICIAIS
2026-08,VINHO,104295948.0,37073488.0,22048727.0,163418163.0,6,0.6382151535995421,FORA_DAS_FAIXAS_NT,2026-08,NAO_ADITIVO_ENTRE_SETORES_PORTFOLIO,DADO_CALCULADO_SOBRE_DADOS_OFICIAIS
2026-08,ÓLEOS VEGETAIS,723235668.0,11735426.0,0.0,734971094.0,3,0.98403280605754,FORA_DAS_FAIXAS_NT,2026-08,NAO_ADITIVO_ENTRE_SETORES_PORTFOLIO,DADO_CALCULADO_SOBRE_DADOS_OFICIAIS
