rank,cnpj,nome_credor,pago_core_R$,share_core,territorial_class,exact_situacao,exact_uf,exact_municipio_tom,exact_municipio_nome,root_local_active_count,rubricas_core,empenhos_core
1,96488598000189,FUNDACAO IVAN GOULART,28342657.23,0.39343222398923067,LOCAL_EXACT_ACTIVE,02,RS,8863,SAO BORJA,2,OUTROS SERVIÇOS DE TERCEIROS - PESSOA JURÍDICA,41
2,06136424000164,ECO VERDE PRESTAÇÃO DE SERVIÇO DE COLETA,3797003.02,0.052707243732645084,ROOT_WITH_LOCAL_ACTIVE_FOOTPRINT,02,RS,7309,VILA MARIA,1,OUTROS SERVIÇOS DE TERCEIROS - PESSOA JURÍDICA,19
3,02016440000162,RGE SUL DISTRIBUIDORA DE ENERGIA S.A.,2493344.23,0.03461079734405749,ROOT_WITH_LOCAL_ACTIVE_FOOTPRINT,02,RS,8877,SAO LEOPOLDO,5,OUTROS SERVIÇOS DE TERCEIROS - PESSOA JURÍDICA,68
4,18728542000140,HIPERTEX SERVICOS DE CONCRETAGEM LTDA,1880196.43,0.02609952401387849,ROOT_WITH_LOCAL_ACTIVE_FOOTPRINT,02,RS,8847,SANTA ROSA,1,OBRAS E INSTALAÇÕES,9
5,02453554000170,MERCOSERVICE PRESTAÇÃO DE SERVIÇOS LTDA,1404762.24,0.019499891198426402,LOCAL_EXACT_ACTIVE,02,RS,8863,SAO BORJA,1,OUTROS SERVIÇOS DE TERCEIROS - PESSOA JURÍDICA,53
6,26994285000117,TOPOCART TOPOGRAFIA ENGENHARIA E AEROLEV,1315860.88,0.01826582695749682,EXTERNAL_EXACT_ACTIVE_NO_LOCAL_FOOTPRINT,02,DF,9701,BRASILIA,0,OUTROS SERVIÇOS DE TERCEIROS PESSOA JURÍDICA,2
7,44233812000152,ZAGONEL ILUMINACAO S.A.,1221733.83,0.016959223475736918,EXTERNAL_EXACT_ACTIVE_NO_LOCAL_FOOTPRINT,02,SC,8253,PINHALZINHO,0,MATERIAL DE CONSUMO,1
8,33729746000190,PGR ATERRO SANITARIO E TRATAMENTOS DE RE,1179648.63,0.016375027234055466,LOCAL_EXACT_ACTIVE,02,RS,8863,SAO BORJA,1,OUTROS SERVIÇOS DE TERCEIROS - PESSOA JURÍDICA,9
9,76669670000167,TRANSVEPAR TRANSPORTES E VEICULOS PARANÁ,946469.38,0.013138201901442121,EXTERNAL_EXACT_ACTIVE_NO_LOCAL_FOOTPRINT,02,PR,7535,CURITIBA,0,OUTROS SERVIÇOS DE TERCEIROS - PESSOA JURÍDICA,24
10,43463101000101,ABF DISTRIBUIDORA DE ALIMENTOS LTDA,820642.47,0.01139156394024935,EXTERNAL_EXACT_ACTIVE_NO_LOCAL_FOOTPRINT,02,RS,1008,NOVO CABRAIS,0,"MATERIAL DE CONSUMO | MATERIAL, BEM OU SERVIÇO PARA DIST. GRATUITA",85
11,14767899000187,GRA ASSESSORIA E CONSULTORIA EMNEGOCIOS,793985.5,0.011021531204546178,EXTERNAL_EXACT_ACTIVE_NO_LOCAL_FOOTPRINT,02,RS,8955,VENANCIO AIRES,0,EQUIPAMENTOS E MATERIAL PERMANENTE | MATERIAL DE CONSUMO | OUTROS SERVIÇOS DE TERCEIROS - PESSOA JURÍDICA,39
12,05340639000130,PRIME CONSULTORIA E ASSESSORIA EMPRESARI,702005.12,0.009744726239750201,EXTERNAL_EXACT_ACTIVE_NO_LOCAL_FOOTPRINT,02,SP,6213,BARUERI,0,MATERIAL DE CONSUMO | OUTROS SERVIÇOS DE TERCEIROS - PESSOA JURÍDICA,15
13,07473735017238,SIM REDE DE POSTOS LTDA,642019.18,0.008912044900425952,LOCAL_EXACT_ACTIVE,02,RS,8863,SAO BORJA,1,MATERIAL DE CONSUMO,42
14,92802784000190,COMPANHIA RIOGRANDENSE DE SANEAMENTO,641771.07,0.00890860081724413,ROOT_WITH_LOCAL_ACTIVE_FOOTPRINT,02,RS,8801,PORTO ALEGRE,1,OUTROS SERVIÇOS DE TERCEIROS - PESSOA JURÍDICA,51
15,33827265000117,JS COMERCIO E REPRESENTACAO LTDA,625800.0,0.008686901999853898,EXTERNAL_EXACT_ACTIVE_NO_LOCAL_FOOTPRINT,02,PA,0509,PARAGOMINAS,0,EQUIPAMENTOS E MATERIAL PERMANENTE,1
16,28861944000172,ANTONIO FERREIRA DOS SANTOS,568408.46,0.007890234240824344,LOCAL_EXACT_ACTIVE,02,RS,8863,SAO BORJA,1,OUTROS SERVIÇOS DE TERCEIROS - PESSOA JURÍDICA,30
17,00360305050632,CAIXA ECONOMICA FEDERAL,556207.86,0.007720874355015112,LOCAL_EXACT_ACTIVE,02,RS,8863,SAO BORJA,1,OUTROS SERVIÇOS DE TERCEIROS - PESSOA JURÍDICA,183
18,00735067000174,ARCELIO IRIO KLEINERT,555047.19,0.0077047627753663896,LOCAL_EXACT_ACTIVE,02,RS,8863,SAO BORJA,1,MATERIAL DE CONSUMO | OUTROS SERVIÇOS DE TERCEIROS - PESSOA JURÍDICA,116
19,07454456000170,LUIZ CARLOS DRUZIAN,537975.0,0.007467779008263664,LOCAL_EXACT_ACTIVE,02,RS,8863,SAO BORJA,1,OUTROS SERVIÇOS DE TERCEIROS - PESSOA JURÍDICA,19
20,90791922000157,ASSOCIAÇÃO DE PAIS E AMIGOS DOS EXCEPCIO,517057.1,0.007177411882436333,LOCAL_EXACT_ACTIVE,02,RS,8863,SAO BORJA,1,OUTROS SERVIÇOS DE TERCEIROS - PESSOA JURÍDICA,10
21,92954957000195,CENTRO DE INTEGRACAO EMPRESA ESCOLA DO R,502035.24,0.006968889310247894,ROOT_WITH_LOCAL_ACTIVE_FOOTPRINT,02,RS,8801,PORTO ALEGRE,1,OUTROS SERVIÇOS DE TERCEIROS - PESSOA JURÍDICA,124
22,06265439000122,OLINTO SILVEIRA DA SILVA,487982.04,0.006773812974063255,EXTERNAL_EXACT_ACTIVE_NO_LOCAL_FOOTPRINT,02,RS,8857,SANTO ANTONIO DAS MISSOES,0,"MATERIAL, BEM OU SERVIÇO PARA DIST. GRATUITA",11
23,89225932000146,JC VALDUGA LTDA,477929.4,0.006634269512062918,LOCAL_EXACT_ACTIVE,02,RS,8863,SAO BORJA,1,MATERIAL DE CONSUMO | OBRAS E INSTALAÇÕES,8
24,05537296000289,PETROFFACIL COMBUSTIVEIS LTDA,464950.0,0.0064540988891531965,EXTERNAL_EXACT_ACTIVE_NO_LOCAL_FOOTPRINT,02,RS,8785,PASSO FUNDO,0,MATERIAL DE CONSUMO,8
25,08940091000157,ROTA SMART MONITORAMENTO LTDA,445889.87,0.0061895199798938875,LOCAL_EXACT_ACTIVE,02,RS,8863,SAO BORJA,1,EQUIPAMENTOS E MATERIAL PERMANENTE | MATERIAL DE CONSUMO | OUTROS SERVIÇOS DE TERCEIROS - PESSOA JURÍDICA,41
26,13255081000112,MARA ELIANE DA SILVA MACHADO,444909.85,0.006175916052604183,LOCAL_EXACT_ACTIVE,02,RS,8863,SAO BORJA,1,OUTROS SERVIÇOS DE TERCEIROS - PESSOA JURÍDICA,14
27,14168347000152,BALBE & NORO LTDA,444303.59,0.006167500390721104,EXTERNAL_EXACT_ACTIVE_NO_LOCAL_FOOTPRINT,02,RS,8857,SANTO ANTONIO DAS MISSOES,0,"MATERIAL, BEM OU SERVIÇO PARA DIST. GRATUITA",5
28,00533784000113,COMAP COMERCIO DE EQUIPAMENTOS EDUCACION,411896.4,0.005717647268923972,EXTERNAL_EXACT_ACTIVE_NO_LOCAL_FOOTPRINT,02,PR,7535,CURITIBA,0,MATERIAL DE CONSUMO,1
29,07756651000155,BRASIL TECPAR SERVIÇOS DE TELECOMUNICAÇÕ,369620.34,0.005130801647064043,ROOT_WITH_LOCAL_ACTIVE_FOOTPRINT,02,RS,8841,SANTA MARIA,1,SERVIÇOS DE TECNOLOGIA DA INFORMAÇÃO E COMUNICAÇÃO,50
30,31286638000164,ORTOPEDICA V2 INDUSTRIA E COMERCIO ORTES,367464.98,0.005100882501818908,EXTERNAL_EXACT_ACTIVE_NO_LOCAL_FOOTPRINT,02,RS,8785,PASSO FUNDO,0,"MATERIAL, BEM OU SERVIÇO PARA DIST. GRATUITA",21
31,15071878000195,CLEUDIONIR GLOGER DOS SANTOS,342083.06,0.004748549086018123,LOCAL_EXACT_ACTIVE,02,RS,8863,SAO BORJA,1,"EQUIPAMENTOS E MATERIAL PERMANENTE | MATERIAL DE CONSUMO | MATERIAL, BEM OU SERVIÇO PARA DIST. GRATUITA | OBRAS E INSTALAÇÕES",69
32,28927340000181,COMERCIAL DE TINTAS SANTO ANTONIO LTDA,336976.46,0.004677662966247502,LOCAL_EXACT_ACTIVE,02,RS,8863,SAO BORJA,2,"EQUIPAMENTOS E MATERIAL PERMANENTE | MATERIAL DE CONSUMO | MATERIAL, BEM OU SERVIÇO PARA DIST. GRATUITA",35
33,36419348000165,SOLV CONSTRUTORA E SOLUÇÕES LTDA,331410.44,0.004600399511039407,LOCAL_EXACT_ACTIVE,02,RS,8863,SAO BORJA,1,OBRAS E INSTALAÇÕES,7
34,26607553000109,EB BARBOSA LTDA,326077.11,0.004526366089750047,LOCAL_EXACT_ACTIVE,02,RS,8863,SAO BORJA,1,"MATERIAL, BEM OU SERVIÇO PARA DIST. GRATUITA",6
35,94282845000160,TRANSPORTE INTEGRAÇÃO URBANA LTDA,319628.8,0.004436855324274371,LOCAL_EXACT_ACTIVE,02,RS,8863,SAO BORJA,1,OUTROS SERVIÇOS DE TERCEIROS - PESSOA JURÍDICA,28
36,95592077000104,PLANALTO TRANSPORTES LTDA,313928.1,0.004357722338926709,EXTERNAL_EXACT_ACTIVE_NO_LOCAL_FOOTPRINT,02,RS,8841,SANTA MARIA,0,"MATERIAL, BEM OU SERVIÇO PARA DIST. GRATUITA",6
37,17695813000570,JP SANTA LUCIA COMERCIO DE COMBUSTIVEIS,299631.28,0.004159264246485752,LOCAL_EXACT_ACTIVE,02,RS,8863,SAO BORJA,2,MATERIAL DE CONSUMO,35
38,91572792000205,ASSOCIACAO ESPIRITA DR FERREIRA DE MORAE,298153.84,0.004138755495302205,LOCAL_EXACT_ACTIVE,02,RS,8863,SAO BORJA,3,OUTROS SERVIÇOS DE TERCEIROS - PESSOA JURÍDICA,4
39,29882173000162,R G A TRANSPORTES SAO BORJA LTDA,282619.82,0.003923123489223952,LOCAL_EXACT_ACTIVE,02,RS,8863,SAO BORJA,1,OUTROS SERVIÇOS DE TERCEIROS - PESSOA JURÍDICA,9
40,30468657000149,COMERCIO DE ALIMENTOS DAL MOLIN LTDA,270931.06,0.003760868595296479,EXTERNAL_EXACT_ACTIVE_NO_LOCAL_FOOTPRINT,02,RS,8705,IJUI,0,MATERIAL DE CONSUMO,51
41,17133532000108,GABRIEL SACILOTO PORTEELLA ME,264700.0,0.0036743735368509538,LOCAL_EXACT_ACTIVE,02,RS,8863,SAO BORJA,1,OUTROS SERVIÇOS DE TERCEIROS - PESSOA JURÍDICA,21
42,53326285000111,BRENNER COMERCIO AUTOMOTIVO LTDA.,257950.0,0.0035806749294699796,EXTERNAL_EXACT_ACTIVE_NO_LOCAL_FOOTPRINT,02,RS,8729,LAJEADO,0,EQUIPAMENTOS E MATERIAL PERMANENTE,1
43,02267697000197,LUIS CARLOS SEGATTO & CIA LTDA,245775.11,0.003411671931245305,ROOT_WITH_LOCAL_ACTIVE_FOOTPRINT,02,RS,8853,SANTO ANGELO,1,OUTROS SERVIÇOS DE TERCEIROS - PESSOA JURÍDICA,8
44,02779462000184,SCHEUERMANN & SCHEUERMANN LTDA,244278.52,0.0033908973536422985,EXTERNAL_EXACT_ACTIVE_NO_LOCAL_FOOTPRINT,02,RS,8831,ROSARIO DO SUL,0,OUTROS SERVIÇOS DE TERCEIROS - PESSOA JURÍDICA,4
45,04309482000117,M. KIRST LTDA,220793.9,0.003064900881216909,LOCAL_EXACT_ACTIVE,02,RS,8863,SAO BORJA,1,EQUIPAMENTOS E MATERIAL PERMANENTE | MATERIAL DE CONSUMO | OUTROS SERVIÇOS DE TERCEIROS - PESSOA JURÍDICA,42
46,13054040000168,NICOMEDES AJALA BORGES LTDA,205228.59,0.0028488345300386637,LOCAL_EXACT_ACTIVE,02,RS,8863,SAO BORJA,1,OUTROS SERVIÇOS DE TERCEIROS - PESSOA JURÍDICA,8
47,05238851000190,DBSELLER SERVICOS DE INFORMATICA LTDA,187428.16,0.0026017418631079205,EXTERNAL_EXACT_ACTIVE_NO_LOCAL_FOOTPRINT,02,RS,8801,PORTO ALEGRE,0,SERVIÇOS DE TECNOLOGIA DA INFORMAÇÃO E COMUNICAÇÃO,7
48,56170867000140,EDITORA EDUCACIONAL CORREA LTDA.,187200.0,0.002598574711365692,EXTERNAL_EXACT_ACTIVE_NO_LOCAL_FOOTPRINT,02,RS,8599,CAXIAS DO SUL,0,MATERIAL DE CONSUMO,1
49,05090524000134,COSTA MACHADO & RODRIGUES LTDA,184305.87,0.002558400496465025,EXTERNAL_EXACT_ACTIVE_NO_LOCAL_FOOTPRINT,02,RS,8951,URUGUAIANA,0,SERVIÇOS DE TECNOLOGIA DA INFORMAÇÃO E COMUNICAÇÃO,54
50,24604095000110,PRECISAO TRATAMENTO DE AGUA LTDA.,175239.79,0.0024325517452939874,EXTERNAL_EXACT_ACTIVE_NO_LOCAL_FOOTPRINT,02,RS,8945,TUCUNDUVA,0,MATERIAL DE CONSUMO | OUTROS SERVIÇOS DE TERCEIROS - PESSOA JURÍDICA,6
51,01778749000127,COMERCIAL UNYLUX LTDA,167925.4,0.002331018685021198,EXTERNAL_EXACT_ACTIVE_NO_LOCAL_FOOTPRINT,02,RS,8801,PORTO ALEGRE,0,MATERIAL DE CONSUMO,5
52,02264781000157,CISMISSOES,165040.54,0.002290973149541335,EXTERNAL_EXACT_ACTIVE_NO_LOCAL_FOOTPRINT,02,RS,8419,ENTRE IJUIS,0,OUTROS SERVIÇOS DE TERCEIROS - PESSOA JURÍDICA,10
53,00964245000139,BRINGHENTTI INDUSTRIA E COMERCIO LTDA,164400.0,0.002282081637545511,EXTERNAL_EXACT_ACTIVE_NO_LOCAL_FOOTPRINT,02,SC,8081,CHAPECO,0,"MATERIAL, BEM OU SERVIÇO PARA DIST. GRATUITA",2
54,08967207000141,INFISC - INTELIGÊNCIA EM TECNOLOGIA LTDA,163023.5,0.002262974062277376,EXTERNAL_EXACT_ACTIVE_NO_LOCAL_FOOTPRINT,02,RS,8927,TAQUARA,0,SERVIÇOS DE TECNOLOGIA DA INFORMAÇÃO E COMUNICAÇÃO,2
55,00331788006583,AIR LIQUIDE BRASIL LTDA,163023.04,0.0022629676768907993,EXTERNAL_EXACT_ACTIVE_NO_LOCAL_FOOTPRINT,02,RS,8841,SANTA MARIA,0,"MATERIAL, BEM OU SERVIÇO PARA DIST. GRATUITA",12
56,03990925000115,PLANET PAV COMERCIO DE ASFALTOS LTDA,157350.0,0.002184218647614271,EXTERNAL_EXACT_ACTIVE_NO_LOCAL_FOOTPRINT,02,RS,8649,ESTANCIA VELHA,0,MATERIAL DE CONSUMO,5
57,11666105000362,DELLAMED S.A.,154204.13,0.0021405499605029253,EXTERNAL_EXACT_ACTIVE_NO_LOCAL_FOOTPRINT,02,SC,8221,NAVEGANTES,0,"MATERIAL, BEM OU SERVIÇO PARA DIST. GRATUITA",7
58,23870217000158,GLOBAL MED SERVICOS EM SAUDE LTDA,149085.3,0.002069494072737006,EXTERNAL_EXACT_ACTIVE_NO_LOCAL_FOOTPRINT,02,RS,8801,PORTO ALEGRE,0,OUTROS SERVIÇOS DE TERCEIROS - PESSOA JURÍDICA,7
59,88409537000150,EMPRESA SÃO BORJENSE DE COMUNICAÇÕES LT,146937.32,0.002039677371302608,LOCAL_EXACT_ACTIVE,02,RS,8863,SAO BORJA,2,OUTROS SERVIÇOS DE TERCEIROS - PESSOA JURÍDICA,7
60,02405070000155,OLINA IRACEMA BALBE CORREA LTDA,146780.77,0.002037504257675128,EXTERNAL_EXACT_ACTIVE_NO_LOCAL_FOOTPRINT,02,RS,8857,SANTO ANTONIO DAS MISSOES,0,OUTROS SERVIÇOS DE TERCEIROS - PESSOA JURÍDICA,9
61,00000000018724,BANCO DO BRASIL S/A,146609.82,0.002035131253685235,LOCAL_EXACT_ACTIVE,02,RS,8863,SAO BORJA,1,OUTROS SERVIÇOS DE TERCEIROS - PESSOA JURÍDICA,659
62,44946936000185,ASSOC. GRUPO DE MÃES ESPEC. DE SÃO BORJA,141990.92,0.0019710150318138302,LOCAL_EXACT_ACTIVE,02,RS,8863,SAO BORJA,1,OUTROS SERVIÇOS DE TERCEIROS - PESSOA JURÍDICA,6
63,08345339000131,DE ROSSO TRANSPORTES LTDA,136549.55,0.001895481877555369,LOCAL_EXACT_ACTIVE,02,RS,8863,SAO BORJA,1,OUTROS SERVIÇOS DE TERCEIROS - PESSOA JURÍDICA,9
64,28556068000170,AEF LABORATÓRIO DE ANÁLISES CLÍNICAS EIR,130999.96,0.0018184464916982754,LOCAL_EXACT_ACTIVE,02,RS,8863,SAO BORJA,1,OUTROS SERVIÇOS DE TERCEIROS - PESSOA JURÍDICA,4
65,08379462000173,WM PESQUISAS CLÍNICAS LTDA,130999.96,0.0018184464916982754,LOCAL_EXACT_ACTIVE,02,RS,8863,SAO BORJA,1,OUTROS SERVIÇOS DE TERCEIROS - PESSOA JURÍDICA,4
66,90188525000195,LABORAN LABORATORIO DE BIOANALISES LTDA,130999.65,0.0018184421885029734,LOCAL_EXACT_ACTIVE,02,RS,8863,SAO BORJA,1,OUTROS SERVIÇOS DE TERCEIROS - PESSOA JURÍDICA,4
67,90327297000197,LABORATORIO APPEL DE ANALISES CLINICAS L,130999.4,0.0018184387181841815,LOCAL_EXACT_ACTIVE,02,RS,8863,SAO BORJA,1,OUTROS SERVIÇOS DE TERCEIROS - PESSOA JURÍDICA,4
68,90791609000119,DF - ANALISES CLINICAS LTDA.,130819.73,0.0018159446694748275,LOCAL_EXACT_ACTIVE,02,RS,8863,SAO BORJA,3,OUTROS SERVIÇOS DE TERCEIROS - PESSOA JURÍDICA,4
69,15170395000148,LABORATORIO DE ANALISES CLINICAS SAO BOR,130486.62,0.0018113206779037643,LOCAL_EXACT_ACTIVE,02,RS,8863,SAO BORJA,1,OUTROS SERVIÇOS DE TERCEIROS - PESSOA JURÍDICA,4
70,54887860000118,MM PRODUTOS AUTOMOTIVOS LTDA.,130475.2,0.0018111621537413509,EXTERNAL_EXACT_ACTIVE_NO_LOCAL_FOOTPRINT,02,RS,6063,SAO PEDRO DO BUTIA,0,MATERIAL DE CONSUMO,24
71,01304858000102,ETIO AMARILHO MATTES & CIA LTDA,130062.3,0.001805430575224669,LOCAL_EXACT_ACTIVE,02,RS,8863,SAO BORJA,1,MATERIAL DE CONSUMO | OUTROS SERVIÇOS DE TERCEIROS - PESSOA JURÍDICA,95
72,89161475000173,ASSOC RIOGR DE EMPR DE ASSIST TEC E EXTE,130058.25,0.00180537435606024,EXTERNAL_EXACT_ACTIVE_NO_LOCAL_FOOTPRINT,02,RS,8801,PORTO ALEGRE,0,OUTROS SERVIÇOS DE TERCEIROS - PESSOA JURÍDICA,2
73,02960111000175,LABORATORIO DE ANALISES CLINICAS RIGO LT,129381.4,0.0017959788149630826,LOCAL_EXACT_ACTIVE,02,RS,8863,SAO BORJA,2,OUTROS SERVIÇOS DE TERCEIROS - PESSOA JURÍDICA,4
74,27105456000172,MEDICENTRO COMERCIO DE MEDICAMENTOS LTDA,125184.36,0.0017377185478338612,EXTERNAL_EXACT_ACTIVE_NO_LOCAL_FOOTPRINT,02,RS,8841,SANTA MARIA,0,MATERIAL DE CONSUMO,6
75,91525790000184,FELICE AUTOMOVEIS LTDA,124900.0,0.0017337712684272163,ROOT_WITH_LOCAL_ACTIVE_FOOTPRINT,02,RS,8851,SANTIAGO,1,EQUIPAMENTOS E MATERIAL PERMANENTE,1
76,08371527000134,LUCIANO MACHADO CORREA,122458.25,0.0016998766647868468,LOCAL_EXACT_ACTIVE,02,RS,8863,SAO BORJA,1,OUTROS SERVIÇOS DE TERCEIROS - PESSOA JURÍDICA,7
77,05782733000149,CIAMED - DISTRIBUIDORA DE MEDICAMENTOS L,120562.0,0.0016735542967503767,EXTERNAL_EXACT_ACTIVE_NO_LOCAL_FOOTPRINT,02,RS,8633,ENCANTADO,0,"MATERIAL, BEM OU SERVIÇO PARA DIST. GRATUITA",9
78,87581195000199,ASILO SAO VICENTE DE PAULA,115740.11,0.0016066203148327105,LOCAL_EXACT_ACTIVE,02,RS,8863,SAO BORJA,1,OUTROS SERVIÇOS DE TERCEIROS - PESSOA JURÍDICA,3
79,72309164000106,BATAIOLLI BOMBAS INJETORAS LTDA.,111402.5,0.0015464087568531862,LOCAL_EXACT_ACTIVE,02,RS,8863,SAO BORJA,2,MATERIAL DE CONSUMO | OUTROS SERVIÇOS DE TERCEIROS - PESSOA JURÍDICA,50
80,55623647000161,GAMA PNEUS LTDA,110213.78,0.0015299078074360142,EXTERNAL_EXACT_ACTIVE_NO_LOCAL_FOOTPRINT,02,RS,8543,BOA VISTA DO BURICA,0,MATERIAL DE CONSUMO,7
81,07201428000141,K-NON COMERCIO DE PECAS PRA CAMINHOES LT,108854.0,0.0015110323270886806,LOCAL_EXACT_ACTIVE,02,RS,8863,SAO BORJA,1,MATERIAL DE CONSUMO,12
82,26391065000107,MEDBORJA MEDICOS ASSOCIADOS S/S LTDA,108203.41,0.001502001308277423,LOCAL_EXACT_ACTIVE,02,RS,8863,SAO BORJA,1,OUTROS SERVIÇOS DE TERCEIROS - PESSOA JURÍDICA,4
83,30893349000160,VITALE LTDA,108038.5,0.001499712147189542,LOCAL_EXACT_ACTIVE,02,RS,8863,SAO BORJA,1,OUTROS SERVIÇOS DE TERCEIROS - PESSOA JURÍDICA,6
84,09674510000119,LOPES  GRUENDEMANN COMERCIO DE MATERIAIS,104260.66,0.0014472709106105584,LOCAL_EXACT_ACTIVE,02,RS,8863,SAO BORJA,1,MATERIAL DE CONSUMO,22
85,44734671002286,CRISTÁLIA PRODUTOS QUIMICOS FARMACEUTICO,103584.31,0.0014378823101509847,EXTERNAL_EXACT_ACTIVE_NO_LOCAL_FOOTPRINT,02,SP,6553,ITAPIRA,0,"MATERIAL, BEM OU SERVIÇO PARA DIST. GRATUITA",13
86,05144411000174,JOSE AUGUSTO DA SILVA RODRIGUES & CIA LT,96648.46,0.0013416038677801208,LOCAL_EXACT_ACTIVE,02,RS,8863,SAO BORJA,1,OUTROS SERVIÇOS DE TERCEIROS - PESSOA JURÍDICA,5
87,06294126000100,SOMA/RS PRODUTOS HOSPITALARES LTDA,93269.92,0.0012947054243755403,EXTERNAL_EXACT_ACTIVE_NO_LOCAL_FOOTPRINT,02,RS,8423,ELDORADO DO SUL,0,"MATERIAL, BEM OU SERVIÇO PARA DIST. GRATUITA",19
88,30050141000180,INLEGIS CONSULTORIA E TREINAMENTO EIRELI,93196.2,0.0012936820967701884,EXTERNAL_EXACT_ACTIVE_NO_LOCAL_FOOTPRINT,02,RS,8801,PORTO ALEGRE,0,OUTROS SERVIÇOS DE TERCEIROS - PESSOA JURÍDICA,46
89,23643693000136,AUTO PEÇAS IRMÃOS ROBALO LTDA,92379.01,0.0012823384575160169,LOCAL_EXACT_ACTIVE,02,RS,8863,SAO BORJA,1,MATERIAL DE CONSUMO | OUTROS SERVIÇOS DE TERCEIROS - PESSOA JURÍDICA,53
90,26991097000135,SIGMA MAQUINAS E REPRESENTACOES LTDA,91200.0,0.0012659722952807215,EXTERNAL_EXACT_ACTIVE_NO_LOCAL_FOOTPRINT,02,MG,5049,POUSO ALEGRE,0,EQUIPAMENTOS E MATERIAL PERMANENTE,1
91,19390998000297,GAMBATTO H1 VEICULOS LTDA,91000.0,0.0012631960402472112,EXTERNAL_EXACT_ACTIVE_NO_LOCAL_FOOTPRINT,02,RS,8785,PASSO FUNDO,0,EQUIPAMENTOS E MATERIAL PERMANENTE,1
92,51978129000100,ARPL DISTRIBUIDORA LTDA,90376.26,0.0012545377336742024,EXTERNAL_EXACT_ACTIVE_NO_LOCAL_FOOTPRINT,02,RS,9823,BOM PRINCIPIO,0,MATERIAL DE CONSUMO,39
93,33084691000299,ESSENCE DECOR LTDA,90363.0,0.0012543536679654808,EXTERNAL_EXACT_ACTIVE_NO_LOCAL_FOOTPRINT,02,RS,8619,CRUZ ALTA,0,EQUIPAMENTOS E MATERIAL PERMANENTE,15
94,57530637000107,T.M.F FALCAO LTDA,90012.64,0.0012494902243977773,LOCAL_EXACT_ACTIVE,02,RS,8863,SAO BORJA,1,OUTROS SERVIÇOS DE TERCEIROS - PESSOA JURÍDICA,17
95,03652030000170,CENTERMEDI COMÉRCIO DE PRODUTOS HOSPITAL,87816.1,0.0012189994482412433,EXTERNAL_EXACT_ACTIVE_NO_LOCAL_FOOTPRINT,02,RS,8533,BARAO DE COTEGIPE,0,"MATERIAL, BEM OU SERVIÇO PARA DIST. GRATUITA",16
96,20230791000668,CEMITERIO E CREMATORIO MEMORIAL ANGELOS,85291.81,0.0011839590841485439,LOCAL_EXACT_ACTIVE,02,RS,8863,SAO BORJA,4,"MATERIAL, BEM OU SERVIÇO PARA DIST. GRATUITA",6
97,49333270000103,D C METZ COMERCIAL,84012.8,0.0011662047943964936,EXTERNAL_EXACT_ACTIVE_NO_LOCAL_FOOTPRINT,02,RS,8717,IVOTI,0,EQUIPAMENTOS E MATERIAL PERMANENTE,5
98,41098601000166,MC FARMA LTDA,84000.0,0.0011660271140743487,EXTERNAL_EXACT_ACTIVE_NO_LOCAL_FOOTPRINT,02,SC,8161,ITAJAI,0,"MATERIAL, BEM OU SERVIÇO PARA DIST. GRATUITA",4
99,51601943000100,J. M. DE BITTENCOURT & CIA. LTDA.,83165.13,0.0011544380538752149,EXTERNAL_EXACT_ACTIVE_NO_LOCAL_FOOTPRINT,02,RS,8425,DOUTOR MAURICIO CARDOSO,0,OBRAS E INSTALAÇÕES,3
100,10748403000177,INSTITUTO DE ANATOMIA PATOLOGICA E CITOP,82609.52,0.0011467254785793716,EXTERNAL_EXACT_ACTIVE_NO_LOCAL_FOOTPRINT,02,RS,8853,SANTO ANGELO,0,OUTROS SERVIÇOS DE TERCEIROS - PESSOA JURÍDICA,4
101,04210265000175,ESSENCIAL ASSESSORIA TRIBUTÁRIA LTDA,82107.92,0.0011397626309553274,EXTERNAL_EXACT_ACTIVE_NO_LOCAL_FOOTPRINT,02,RS,8577,CAMPO BOM,0,SERVIÇOS DE TECNOLOGIA DA INFORMAÇÃO E COMUNICAÇÃO,4
102,07759909000177,ANDRES EDITORA JORNALISTICA LTDA.,81242.15,0.001127744639353516,LOCAL_EXACT_ACTIVE,02,RS,8863,SAO BORJA,1,OUTROS SERVIÇOS DE TERCEIROS - PESSOA JURÍDICA,12
103,61787241000117,TALISON HENRICK VIANA DOS SANTOS,80331.13,0.0011150985200503731,LOCAL_EXACT_ACTIVE,02,RS,8863,SAO BORJA,1,OUTROS SERVIÇOS DE TERCEIROS - PESSOA JURÍDICA,6
104,30544566000145,LINDOMAR CRUZ LOPES 95654461087,79037.0,0.0010971343454177895,LOCAL_EXACT_ACTIVE,02,RS,8863,SAO BORJA,1,OUTROS SERVIÇOS DE TERCEIROS - PESSOA JURÍDICA,7
105,02520829000140,DIMASTER COMERCIO DE PRODUTOS HOSPITALAR,75766.25,0.0010517321646635195,EXTERNAL_EXACT_ACTIVE_NO_LOCAL_FOOTPRINT,02,RS,8533,BARAO DE COTEGIPE,0,"MATERIAL, BEM OU SERVIÇO PARA DIST. GRATUITA",9
106,10439851000512,CASSOL COMERCIO E TRANSPORTE DE GAS LTDA,75537.27,0.0010485536302756535,LOCAL_EXACT_ACTIVE,02,RS,8863,SAO BORJA,2,MATERIAL DE CONSUMO,16
107,22525517000137,J.F COMERCIO DE MATERIAL E MEDICAMENTOS,71440.1,0.0009916796860974153,EXTERNAL_EXACT_ACTIVE_NO_LOCAL_FOOTPRINT,02,SC,8195,LONTRAS,0,EQUIPAMENTOS E MATERIAL PERMANENTE | MATERIAL DE CONSUMO,17
108,07236167000103,TRI TELECOM LTDA,70320.62,0.0009761398761728443,EXTERNAL_EXACT_ACTIVE_NO_LOCAL_FOOTPRINT,02,RS,8801,PORTO ALEGRE,0,SERVIÇOS DE TECNOLOGIA DA INFORMAÇÃO E COMUNICAÇÃO,2
109,12889035000102,INOVAMED HOSPITALAR LTDA,70242.26,0.000975052139450715,EXTERNAL_EXACT_ACTIVE_NO_LOCAL_FOOTPRINT,02,RS,8637,ERECHIM,0,"MATERIAL, BEM OU SERVIÇO PARA DIST. GRATUITA",24
110,92954106000142,VIACAO OURO E PRATA S/A,68047.2,0.0009445819075814288,EXTERNAL_EXACT_ACTIVE_NO_LOCAL_FOOTPRINT,02,RS,8801,PORTO ALEGRE,0,PASSAGENS E DESPESAS COM LOCOMOÇÃO,4
111,11606789000145,FALCAO EPI''S LTDA,66248.85,0.0009196185163838623,EXTERNAL_EXACT_ACTIVE_NO_LOCAL_FOOTPRINT,02,RS,8851,SANTIAGO,0,MATERIAL DE CONSUMO,18
112,07752236000123,MEDILAR IMPORTACAO E DISTRIBUICAO DE PRO,63493.47,0.0008813703284126934,EXTERNAL_EXACT_ACTIVE_NO_LOCAL_FOOTPRINT,02,RS,8957,VERA CRUZ,0,"MATERIAL, BEM OU SERVIÇO PARA DIST. GRATUITA",10
113,74913013000198,CHULIPA AVALIACOES S/S,63000.0,0.0008745203355557616,EXTERNAL_EXACT_ACTIVE_NO_LOCAL_FOOTPRINT,02,RS,8801,PORTO ALEGRE,0,SERVIÇOS DE CONSULTORIA,2
114,46728867000169,RIKA COMERCIAL DE PRODUTOS GOVERNAMENTAI,61687.96,0.000856307547284927,EXTERNAL_EXACT_ACTIVE_NO_LOCAL_FOOTPRINT,02,RS,1154,PAULO BENTO,0,EQUIPAMENTOS E MATERIAL PERMANENTE,7
115,17417928000179,VENTISOL DA AMAZONIA INDUSTRIA DE APAREL,61347.44,0.0008515806954648723,EXTERNAL_EXACT_ACTIVE_NO_LOCAL_FOOTPRINT,02,AM,0255,MANAUS,0,EQUIPAMENTOS E MATERIAL PERMANENTE,9
116,06223400000142,SYSTRONIC TECNOLOGIA LTDA,60292.0,0.0008369298424020314,LOCAL_EXACT_ACTIVE,02,RS,8863,SAO BORJA,1,EQUIPAMENTOS E MATERIAL PERMANENTE | MATERIAL DE CONSUMO,10
117,08149396000145,DESIGN RICARDENSE - INDÚSTRIA DE MÓVEIS,59860.0,0.000830933131529649,EXTERNAL_EXACT_ACTIVE_NO_LOCAL_FOOTPRINT,02,RS,0978,DOUTOR RICARDO,0,EQUIPAMENTOS E MATERIAL PERMANENTE,11
118,24693328000280,IMPORTIRE IMPORTADORA E DISTRIBUIDORA DE,59780.0,0.0008298226295162449,EXTERNAL_EXACT_ACTIVE_NO_LOCAL_FOOTPRINT,02,SC,8055,BRUSQUE,0,MATERIAL DE CONSUMO,1
119,21968331000190,VERA ALICE CHAGAS-ME,59488.0,0.0008257692971673198,LOCAL_EXACT_ACTIVE,02,RS,8863,SAO BORJA,1,MATERIAL DE CONSUMO | OUTROS SERVIÇOS DE TERCEIROS - PESSOA JURÍDICA,2
120,90180605000102,GENTE SEGURADORA S.A,59289.21,0.0008230098384767622,EXTERNAL_EXACT_ACTIVE_NO_LOCAL_FOOTPRINT,02,RS,8801,PORTO ALEGRE,0,OUTROS SERVIÇOS DE TERCEIROS - PESSOA JURÍDICA,7
121,22778938000170,CRISTIANE MARTINS PEREIRA E CIA LTDA,58996.0,0.0008189397097848843,LOCAL_EXACT_ACTIVE,02,RS,8863,SAO BORJA,1,MATERIAL DE CONSUMO | OUTROS SERVIÇOS DE TERCEIROS - PESSOA JURÍDICA,28
122,44449147000139,DM DISTRIBUIDORA DE DESCARTAVEIS LTDA,58077.32,0.0008061872599139579,EXTERNAL_EXACT_ACTIVE_NO_LOCAL_FOOTPRINT,02,RS,8589,CANOAS,0,MATERIAL DE CONSUMO,37
123,40100470000141,BRUNO ERTELE FURQUM,57744.0,0.0008015603532751095,LOCAL_EXACT_ACTIVE,02,RS,8863,SAO BORJA,1,OUTROS SERVIÇOS DE TERCEIROS - PESSOA JURÍDICA,25
124,10936352000107,ESCOLA E ESCRITORIO INDUSTRIA E COMERCIO,56088.0,0.0007785729615976438,EXTERNAL_EXACT_ACTIVE_NO_LOCAL_FOOTPRINT,02,RS,6059,SAO JOSE DO INHACORA,0,EQUIPAMENTOS E MATERIAL PERMANENTE,3
125,73856593000166,PRATI DONADUZZI & CIA LTDA,53863.4,0.0007476926768599081,EXTERNAL_EXACT_ACTIVE_NO_LOCAL_FOOTPRINT,02,PR,7927,TOLEDO,0,"MATERIAL, BEM OU SERVIÇO PARA DIST. GRATUITA",14
126,07319261000118,ELIETE BEATRIZ HAUPENTHAL & CIA LTDA,53239.5,0.0007390321492828726,EXTERNAL_EXACT_ACTIVE_NO_LOCAL_FOOTPRINT,02,RS,6059,SAO JOSE DO INHACORA,0,EQUIPAMENTOS E MATERIAL PERMANENTE,8
127,34539958000177,PAULO RICARDO DOZZA,52118.92,0.0007234770699556174,LOCAL_EXACT_ACTIVE,02,RS,8863,SAO BORJA,1,OUTROS SERVIÇOS DE TERCEIROS - PESSOA JURÍDICA,5
128,50625983000120,MATEUS G DROPA SERVICOS MEDICOS LTDA,50985.9,0.0007077493075652779,EXTERNAL_EXACT_ACTIVE_NO_LOCAL_FOOTPRINT,02,RS,8841,SANTA MARIA,0,OUTROS SERVIÇOS DE TERCEIROS - PESSOA JURÍDICA,5
129,09647647000184,CRISTIANE BORGES DA SILVA,50687.08,0.00070360130491971,LOCAL_EXACT_ACTIVE,02,RS,8863,SAO BORJA,1,MATERIAL DE CONSUMO,25
130,20657155000102,ILG COMERCIAL LTDA,50498.21,0.0007009795484788146,EXTERNAL_EXACT_ACTIVE_NO_LOCAL_FOOTPRINT,02,PR,7751,PATO BRANCO,0,"MATERIAL, BEM OU SERVIÇO PARA DIST. GRATUITA",17
131,34996803000160,RICARDO DOS SANTOS 84480378049,50000.0,0.0006940637583775886,LOCAL_EXACT_ACTIVE,02,RS,8863,SAO BORJA,1,OUTROS SERVIÇOS DE TERCEIROS - PESSOA JURÍDICA,1
132,19689111000185,4 PATAS PET LTDA,49293.85,0.0006842614959180218,LOCAL_EXACT_ACTIVE,02,RS,8863,SAO BORJA,1,OUTROS SERVIÇOS DE TERCEIROS - PESSOA JURÍDICA,4
133,63155462000106,RESIDENCIAL CASA VIVARE,48000.0,0.000666301208042485,EXTERNAL_EXACT_ACTIVE_NO_LOCAL_FOOTPRINT,02,RS,8433,CIDREIRA,0,OUTROS SERVIÇOS DE TERCEIROS - PESSOA JURÍDICA,1
134,45767888000120,MECÂNICA E TORNEARIA SRS LTDA,47810.0,0.0006636637657606502,LOCAL_EXACT_ACTIVE,02,RS,8863,SAO BORJA,1,MATERIAL DE CONSUMO | OUTROS SERVIÇOS DE TERCEIROS - PESSOA JURÍDICA,15
135,16779255000304,ELETRO CENTRO COMERCIO DE PEÇAS E ELETRO,46800.0,0.000649643677841423,EXTERNAL_EXACT_ACTIVE_NO_LOCAL_FOOTPRINT,02,ES,5699,SERRA,0,EQUIPAMENTOS E MATERIAL PERMANENTE,1
136,26918777000123,LAURENCE RODRIGUES LOPES E VARGAS LTDA,46788.73,0.0006494872358702846,LOCAL_EXACT_ACTIVE,02,RS,8863,SAO BORJA,1,OUTROS SERVIÇOS DE TERCEIROS - PESSOA JURÍDICA,45
137,47820174000164,A MARINHO MOREIRA,46680.0,0.0006479779248213167,EXTERNAL_EXACT_ACTIVE_NO_LOCAL_FOOTPRINT,02,RS,8841,SANTA MARIA,0,OUTROS SERVIÇOS DE TERCEIROS - PESSOA JURÍDICA,2
138,30713195000188,TERABYTE SOLUÇOES EM TI LTDA,46365.04,0.0006436058783945446,LOCAL_EXACT_ACTIVE,02,RS,8863,SAO BORJA,1,EQUIPAMENTOS E MATERIAL PERMANENTE | MATERIAL DE CONSUMO | OUTROS SERVIÇOS DE TERCEIROS - PESSOA JURÍDICA | SERVIÇOS DE TECNOLOGIA DA INFORMAÇÃO E COMUNICAÇÃO,5
139,51560442000123,DUFILTER DISTRIBUIDORA DE FILTROS E LUBR,46155.7,0.0006406999722509693,EXTERNAL_EXACT_ACTIVE_NO_LOCAL_FOOTPRINT,02,RS,8599,CAXIAS DO SUL,0,MATERIAL DE CONSUMO,11
140,42470027000198,TBR CONSTRUCOES LTDA,45036.89,0.0006251694627807607,EXTERNAL_EXACT_ACTIVE_NO_LOCAL_FOOTPRINT,02,RS,8851,SANTIAGO,0,OBRAS E INSTALAÇÕES,1
141,88733811000142,FAMURS - FEDERAÇÃO DAS ASSOC. DE MUNICIP,44560.47,0.0006185561456654357,EXTERNAL_EXACT_ACTIVE_NO_LOCAL_FOOTPRINT,02,RS,8801,PORTO ALEGRE,0,OUTROS SERVIÇOS DE TERCEIROS - PESSOA JURÍDICA,12
142,48566347000122,TELES SOLUCOES EMPRESARIAIS LTDA,42559.0,0.0005907731898558359,EXTERNAL_EXACT_ACTIVE_NO_LOCAL_FOOTPRINT,02,ES,5699,SERRA,0,MATERIAL DE CONSUMO,1
143,22795601000170,MORABEZA CULTURAL LTDA,42000.0,0.0005830135570371744,EXTERNAL_EXACT_ACTIVE_NO_LOCAL_FOOTPRINT,02,RS,8801,PORTO ALEGRE,0,SERVIÇOS DE CONSULTORIA,2
144,52692151000151,SAN ANGEL CONSTRUTORA LTDA,41907.74,0.0005817328705902161,EXTERNAL_EXACT_ACTIVE_NO_LOCAL_FOOTPRINT,02,RS,8853,SANTO ANGELO,0,OBRAS E INSTALAÇÕES,2
145,42188256000114,ODIMED COMERCIO VAREJISTA DE PRODUTOS DE,41863.95,0.000581125009550629,EXTERNAL_EXACT_ACTIVE_NO_LOCAL_FOOTPRINT,02,RS,8637,ERECHIM,0,MATERIAL DE CONSUMO,31
146,92885888000105,PAUSE & PERIN - ADVOGADOS ASSOCIADOS,41484.67,0.00057586011950508,EXTERNAL_EXACT_ACTIVE_NO_LOCAL_FOOTPRINT,02,RS,8801,PORTO ALEGRE,0,OUTROS SERVIÇOS DE TERCEIROS - PESSOA JURÍDICA | SERVIÇOS DE CONSULTORIA,3
147,20275382000173,DALBERTO CONSULTORIA E ASSESSORIA LTDA,41417.74,0.0005749310457581157,EXTERNAL_EXACT_ACTIVE_NO_LOCAL_FOOTPRINT,02,RS,8807,PUTINGA,0,OUTROS SERVIÇOS DE TERCEIROS - PESSOA JURÍDICA,3
148,92702067000196,BANRISUL - BANCO DO ESTADO DO RS,40350.94,0.0005601225014093715,ROOT_WITH_LOCAL_ACTIVE_FOOTPRINT,02,RS,8801,PORTO ALEGRE,1,OUTROS SERVIÇOS DE TERCEIROS - PESSOA JURÍDICA,29
149,33910508000186,ALESSANDRO ANDRADE BENITES,40280.0,0.0005591377637489853,LOCAL_EXACT_ACTIVE,02,RS,8863,SAO BORJA,1,MATERIAL DE CONSUMO | OUTROS SERVIÇOS DE TERCEIROS - PESSOA JURÍDICA,12
150,02823782000194,GRUPO DE APOIO A BRIGADA MILITAR DE SAO,40000.0,0.0005552510067020709,LOCAL_EXACT_ACTIVE,02,RS,8863,SAO BORJA,1,OUTROS SERVIÇOS DE TERCEIROS - PESSOA JURÍDICA,1
151,90217225000197,AGRIMETAL INDUSTRIA E COM DE MAQUINAS LT,39500.0,0.0005483103691182949,EXTERNAL_EXACT_ACTIVE_NO_LOCAL_FOOTPRINT,02,RS,8705,IJUI,0,OBRAS E INSTALAÇÕES,1
152,89704522000188,ASSOCIACAO DOS MUNICIPIOS DA FRONTEIRA O,39200.0,0.0005441459865680294,EXTERNAL_EXACT_ACTIVE_NO_LOCAL_FOOTPRINT,02,RS,8801,PORTO ALEGRE,0,OUTROS SERVIÇOS DE TERCEIROS - PESSOA JURÍDICA,1
153,33393503000123,J BORELLA & BORELLA LTDA,39014.0,0.0005415640693868648,EXTERNAL_EXACT_ACTIVE_NO_LOCAL_FOOTPRINT,02,PR,7701,MEDIANEIRA,0,EQUIPAMENTOS E MATERIAL PERMANENTE,8
154,41032927000190,RODNEI ROBERTO DE LIMA CAETANO,38997.32,0.0005413325297170701,LOCAL_EXACT_ACTIVE,02,RS,8863,SAO BORJA,1,OUTROS SERVIÇOS DE TERCEIROS - PESSOA JURÍDICA,1
155,61645182000142,ROGERIO MOLLMANN,38865.0,0.0005394957593868996,LOCAL_EXACT_ACTIVE,02,RS,8863,SAO BORJA,1,OUTROS SERVIÇOS DE TERCEIROS - PESSOA JURÍDICA,4
156,27343163000123,RD INFORMATICA LTDA,38340.0,0.0005322080899239349,EXTERNAL_EXACT_ACTIVE_NO_LOCAL_FOOTPRINT,02,SP,6969,RIBEIRAO PRETO,0,EQUIPAMENTOS E MATERIAL PERMANENTE,3
157,06244192000168,MSM CREATIVE CONFECCOES LTDA,38256.0,0.0005310420628098605,EXTERNAL_EXACT_ACTIVE_NO_LOCAL_FOOTPRINT,02,RS,8449,BROCHIER,0,MATERIAL DE CONSUMO,3
158,19054118000120,JULIANO UGGERI FERREIRA,38219.8,0.0005305395606487952,LOCAL_EXACT_ACTIVE,02,RS,8863,SAO BORJA,1,MATERIAL DE CONSUMO,10
159,18136904000104,GUILHERME XAVIER PIVA LTDA,37854.75,0.0005254722011488805,EXTERNAL_EXACT_ACTIVE_NO_LOCAL_FOOTPRINT,02,RS,8591,CARAZINHO,0,EQUIPAMENTOS E MATERIAL PERMANENTE,17
160,34015868000187,NARA REGINA CAVALHEIRO DOS SANTOS,37105.0,0.0005150647150920085,LOCAL_EXACT_ACTIVE,02,RS,8863,SAO BORJA,1,MATERIAL DE CONSUMO | OUTROS SERVIÇOS DE TERCEIROS - PESSOA JURÍDICA,8
161,90073974000198,MARKEL COMERCIO DE BATERIAS LTDA,36621.0,0.0005083461779109134,LOCAL_EXACT_ACTIVE,02,RS,8863,SAO BORJA,1,MATERIAL DE CONSUMO | OUTROS SERVIÇOS DE TERCEIROS - PESSOA JURÍDICA,27
162,36591545000167,CLINICA VANESSA  TEICHMANN - ATENDIMENTO,35653.9,0.0004949215966963741,LOCAL_EXACT_ACTIVE,02,RS,8863,SAO BORJA,1,OUTROS SERVIÇOS DE TERCEIROS - PESSOA JURÍDICA,9
163,87519237000161,TELEVISAO URUGUAIANA LTDA.,35000.0,0.000485844630864312,EXTERNAL_EXACT_ACTIVE_NO_LOCAL_FOOTPRINT,02,RS,8951,URUGUAIANA,0,OUTROS SERVIÇOS DE TERCEIROS - PESSOA JURÍDICA,1
164,17090276000100,EDUARDO MARTINS GOMES 01802881050,34110.0,0.0004734902959651909,LOCAL_EXACT_ACTIVE,02,RS,8863,SAO BORJA,1,OUTROS SERVIÇOS DE TERCEIROS - PESSOA JURÍDICA,2
165,08070693000109,COSTA PLANO DE ASSISTENCIA FAMILIAR E EM,34000.0,0.00047196335569676023,EXTERNAL_EXACT_ACTIVE_NO_LOCAL_FOOTPRINT,02,RS,8929,TAQUARI,0,OUTROS SERVIÇOS DE TERCEIROS - PESSOA JURÍDICA,1
166,18740207000168,JOHAN E STEFANI LTDA - ME,33170.0,0.00046044189730769225,EXTERNAL_EXACT_ACTIVE_NO_LOCAL_FOOTPRINT,02,RS,8633,ENCANTADO,0,"MATERIAL DE CONSUMO | MATERIAL, BEM OU SERVIÇO PARA DIST. GRATUITA",2
167,30483455000176,INSTITUTO DE ASSISTENCIA A SAUDE DOS SER,33092.14,0.00045936110122314665,EXTERNAL_EXACT_ACTIVE_NO_LOCAL_FOOTPRINT,02,RS,8801,PORTO ALEGRE,0,OUTROS SERVIÇOS DE TERCEIROS - PESSOA JURÍDICA,8
168,24230368000104,ORTOMOBIL INDÚSTRIA E COMÉRCIO LTDA,32267.76,0.0004479176556005203,EXTERNAL_EXACT_ACTIVE_NO_LOCAL_FOOTPRINT,02,RS,6043,SAO PEDRO DA SERRA,0,"MATERIAL, BEM OU SERVIÇO PARA DIST. GRATUITA",12
169,53800800000153,NOBRE HORSE LTDA,32216.0,0.00044719916079784787,EXTERNAL_EXACT_ACTIVE_NO_LOCAL_FOOTPRINT,02,RS,8939,TRES DE MAIO,0,EQUIPAMENTOS E MATERIAL PERMANENTE,5
170,37952262000166,SC COMERCIO DE PNEUS LTDA,32200.0,0.00044697706039516704,EXTERNAL_EXACT_ACTIVE_NO_LOCAL_FOOTPRINT,02,SC,8165,ITAPIRANGA,0,MATERIAL DE CONSUMO,2
171,15759650000192,TAIUR SCHUMACHER - ME,31867.0,0.0004423545957643723,EXTERNAL_EXACT_ACTIVE_NO_LOCAL_FOOTPRINT,02,RS,8679,GIRUA,0,EQUIPAMENTOS E MATERIAL PERMANENTE | MATERIAL DE CONSUMO,11
172,25386019000149,FARMODONTO PRODUTOS HOSPITALARES LTDA -,31158.5,0.00043251971230816186,EXTERNAL_EXACT_ACTIVE_NO_LOCAL_FOOTPRINT,02,RS,8801,PORTO ALEGRE,0,MATERIAL DE CONSUMO,5
173,00390052000111,CONTRANSIN - INDUSTRIA E COMERCIO LTDA,30690.0,0.0004260163348921639,EXTERNAL_EXACT_ACTIVE_NO_LOCAL_FOOTPRINT,02,MG,5385,TRES CORACOES,0,EQUIPAMENTOS E MATERIAL PERMANENTE,1
174,89511083000197,RODA PNEUS E ACESSORIOS LTDA.,30262.0,0.0004200751491204517,LOCAL_EXACT_ACTIVE,02,RS,8863,SAO BORJA,1,MATERIAL DE CONSUMO | OUTROS SERVIÇOS DE TERCEIROS - PESSOA JURÍDICA,7
175,01952684000194,G3 COMERCIAL LTDA,28986.77,0.00040237333058853466,EXTERNAL_EXACT_ACTIVE_NO_LOCAL_FOOTPRINT,02,SC,8175,JARAGUA DO SUL,0,"MATERIAL DE CONSUMO | MATERIAL, BEM OU SERVIÇO PARA DIST. GRATUITA",21
176,36757380000150,MEDSANTA COMERCIO DE MEDICAMENTOS E MATE,28226.82,0.0003918242555249537,EXTERNAL_EXACT_ACTIVE_NO_LOCAL_FOOTPRINT,02,RS,8841,SANTA MARIA,0,MATERIAL DE CONSUMO,2
177,32398233000180,A. S. GARCIA COMERCIO DE PNEUS LTDA,27999.0,0.00038866182341628204,LOCAL_EXACT_ACTIVE,02,RS,8863,SAO BORJA,1,OUTROS SERVIÇOS DE TERCEIROS - PESSOA JURÍDICA,3
178,34883104000103,RAPIDA INDUSTRIA DE PRODUTOS PARA SAUDE,27880.0,0.0003870099516713434,EXTERNAL_EXACT_ACTIVE_NO_LOCAL_FOOTPRINT,02,RS,8637,ERECHIM,0,MATERIAL DE CONSUMO,4
179,09031569000199,CITTA INFORMATICA LTDA,27871.48,0.00038689168320691584,EXTERNAL_EXACT_ACTIVE_NO_LOCAL_FOOTPRINT,02,RS,8737,MARAU,0,SERVIÇOS DE TECNOLOGIA DA INFORMAÇÃO E COMUNICAÇÃO,1
180,49648233000194,SSZ DISTRIBUIDORA DE MEDICAMENTOS LTDA,27733.4,0.00038497495673178034,EXTERNAL_EXACT_ACTIVE_NO_LOCAL_FOOTPRINT,02,PR,7493,CASCAVEL,0,MATERIAL DE CONSUMO,2
181,58951274000146,RAFAEL L. SCHRAMM,27681.79,0.000384258544120383,EXTERNAL_EXACT_ACTIVE_NO_LOCAL_FOOTPRINT,02,RS,0994,MACAMBARA,0,EQUIPAMENTOS E MATERIAL PERMANENTE | MATERIAL DE CONSUMO,11
182,42572060000129,PORTO ATACADISTA LTDA,27267.06,0.0003785015628701442,EXTERNAL_EXACT_ACTIVE_NO_LOCAL_FOOTPRINT,02,SC,8081,CHAPECO,0,MATERIAL DE CONSUMO,44
183,24802687000309,"HS COMERCIO, LOCACAO E MANUTENCAO DE EQU",27170.0,0.00037715424630238164,EXTERNAL_EXACT_ACTIVE_NO_LOCAL_FOOTPRINT,02,ES,5625,CARIACICA,0,EQUIPAMENTOS E MATERIAL PERMANENTE,4
184,87296026014833,BENOIT ELETRODOMÉSTICOS LTDA.,26757.7,0.00037143099655080006,LOCAL_EXACT_ACTIVE,02,RS,8863,SAO BORJA,1,EQUIPAMENTOS E MATERIAL PERMANENTE | MATERIAL DE CONSUMO,7
185,04998667000186,EQUIPAR GASTRO ACESSÓRIOS LTDA,26700.0,0.0003706300469736323,EXTERNAL_EXACT_ACTIVE_NO_LOCAL_FOOTPRINT,02,RS,8853,SANTO ANGELO,0,EQUIPAMENTOS E MATERIAL PERMANENTE,1
186,34028316002661,EMPRESA BRASILEIRA DE CORREIOS E TELEGRA,26573.87,0.00036887920173674896,ROOT_WITH_LOCAL_ACTIVE_FOOTPRINT,02,RS,8801,PORTO ALEGRE,3,OUTROS SERVIÇOS DE TERCEIROS - PESSOA JURÍDICA,6
187,23639923000193,CONS. INTERM. DE DESENV. DO PAMPA,26195.6,0.00036362833177911916,EXTERNAL_EXACT_ACTIVE_NO_LOCAL_FOOTPRINT,02,RS,8531,BAGE,0,OUTROS SERVIÇOS DE TERCEIROS - PESSOA JURÍDICA,1
188,13021017000177,DPM EDUCAÇÃO LTDA,26114.0,0.00036249561972544696,EXTERNAL_EXACT_ACTIVE_NO_LOCAL_FOOTPRINT,02,RS,8801,PORTO ALEGRE,0,OUTROS SERVIÇOS DE TERCEIROS - PESSOA JURÍDICA,38
189,31228836000171,ORTOBRAS INDUSTRIA E COMERCIO DE ORTOPED,26094.85,0.00036222979330598833,EXTERNAL_EXACT_ACTIVE_NO_LOCAL_FOOTPRINT,02,RS,8485,BARAO,0,"MATERIAL, BEM OU SERVIÇO PARA DIST. GRATUITA",7
190,11417674000455,ACTE-ASSOCIAÇÃO COMUNIDADE TERAPEUTICA E,25996.0,0.00036085762925567585,EXTERNAL_EXACT_ACTIVE_NO_LOCAL_FOOTPRINT,02,RS,8773,OSORIO,0,OUTROS SERVIÇOS DE TERCEIROS - PESSOA JURÍDICA,3
191,51365151000184,VIGA PRE MOLDADOS LTDA,25983.11,0.0003606786996187661,EXTERNAL_EXACT_ACTIVE_NO_LOCAL_FOOTPRINT,02,RS,8705,IJUI,0,OBRAS E INSTALAÇÕES,2
192,04939481000156,FUNMISSÕES - FUND. MUNIC. MISSÕES,25830.0,0.00035855333757786226,EXTERNAL_EXACT_ACTIVE_NO_LOCAL_FOOTPRINT,02,RS,8601,CERRO LARGO,0,OUTROS SERVIÇOS DE TERCEIROS - PESSOA JURÍDICA,2
193,65120204000101,65.120.204 LEONARDO GUILET MACHADO,25200.0,0.00034980813422230467,LOCAL_EXACT_ACTIVE,02,RS,8863,SAO BORJA,1,OUTROS SERVIÇOS DE TERCEIROS - PESSOA JURÍDICA,3
194,94516671000153,CIRURGICA SANTA CRUZ COM. PROD. HOSP. LT,25048.04,0.0003476987356478435,EXTERNAL_EXACT_ACTIVE_NO_LOCAL_FOOTPRINT,02,RS,8839,SANTA CRUZ DO SUL,0,"MATERIAL, BEM OU SERVIÇO PARA DIST. GRATUITA",6
195,06636589000103,DAGOBERTO DOS SANTOS HOLKEM,25009.0,0.00034715681066530224,LOCAL_EXACT_ACTIVE,02,RS,8863,SAO BORJA,1,MATERIAL DE CONSUMO | OUTROS SERVIÇOS DE TERCEIROS - PESSOA JURÍDICA,7
196,57775539000130,GEO MARKT COMUNICACAO ESTRATEGICA LTDA,24980.0,0.00034675425368544327,EXTERNAL_EXACT_ACTIVE_NO_LOCAL_FOOTPRINT,02,PR,7505,CIANORTE,0,OUTROS SERVIÇOS DE TERCEIROS - PESSOA JURÍDICA,1
197,38303545000140,ANGELICA LOPES SAUERESSIG,24567.15,0.00034102336923251954,LOCAL_EXACT_ACTIVE,02,RS,8863,SAO BORJA,1,MATERIAL DE CONSUMO,13
198,89989255000132,ASSOCIACAO DOS MUNICIPIOS DAS MISSOES,23930.0,0.0003321789147595139,EXTERNAL_EXACT_ACTIVE_NO_LOCAL_FOOTPRINT,02,RS,8601,CERRO LARGO,0,OUTROS SERVIÇOS DE TERCEIROS - PESSOA JURÍDICA,2
199,47701463000144,SILVIO GREI BAZ MACHADO,23876.79,0.0003314402921078485,LOCAL_EXACT_ACTIVE,02,RS,8863,SAO BORJA,1,MATERIAL DE CONSUMO | OUTROS SERVIÇOS DE TERCEIROS - PESSOA JURÍDICA,13
200,33159931000196,PORTO UNIAO COMERCIO E REPRESENTACAO LTD,23531.0,0.00032664028596766074,EXTERNAL_EXACT_ACTIVE_NO_LOCAL_FOOTPRINT,02,SC,8175,JARAGUA DO SUL,0,MATERIAL DE CONSUMO,11
201,00472805000308,TRACADO CONSTRUCOES E SERVICOS LTDA,23492.0,0.00032609891623612623,EXTERNAL_EXACT_ACTIVE_NO_LOCAL_FOOTPRINT,02,RS,8785,PASSO FUNDO,0,MATERIAL DE CONSUMO,5
202,98102924000101,DELTASUL UTILIDADES LTDA,22600.0,0.00031371681878667005,ROOT_WITH_LOCAL_ACTIVE_FOOTPRINT,02,RS,8839,SANTA CRUZ DO SUL,1,EQUIPAMENTOS E MATERIAL PERMANENTE,1
203,36138462000117,ALESSANDRO ORTIZ BARBIERI,22560.0,0.00031316156777996796,LOCAL_EXACT_ACTIVE,02,RS,8863,SAO BORJA,1,OUTROS SERVIÇOS DE TERCEIROS - PESSOA JURÍDICA,4
204,08955458000106,DOLORES ANI HECK OLIVEIRA,22320.0,0.00030983006173975554,LOCAL_EXACT_ACTIVE,02,RS,8863,SAO BORJA,1,EQUIPAMENTOS E MATERIAL PERMANENTE,2
205,11273797000117,R. S. SCHMIDT  CIA LTDA,22056.0,0.00030616540509552186,LOCAL_EXACT_ACTIVE,02,RS,8863,SAO BORJA,1,MATERIAL DE CONSUMO | OBRAS E INSTALAÇÕES | OUTROS SERVIÇOS DE TERCEIROS - PESSOA JURÍDICA,17
206,23720752000122,JARDIM DISTRIBUIDORA DE COSMETICOS LTDA,21870.0,0.00030358348791435726,EXTERNAL_EXACT_ACTIVE_NO_LOCAL_FOOTPRINT,02,RS,8533,BARAO DE COTEGIPE,0,"MATERIAL, BEM OU SERVIÇO PARA DIST. GRATUITA",1
207,14481040000107,GRÁFICA GRGRAF EIRELI,21301.02,0.00029568531996952365,EXTERNAL_EXACT_ACTIVE_NO_LOCAL_FOOTPRINT,02,RS,8801,PORTO ALEGRE,0,OUTROS SERVIÇOS DE TERCEIROS - PESSOA JURÍDICA,6
208,00703157000183,CONFEDERAÇÃO NACIONAL DE MUNICIPIOS - CN,21282.0,0.0002954212981158368,EXTERNAL_EXACT_ACTIVE_NO_LOCAL_FOOTPRINT,02,DF,9701,BRASILIA,0,OUTROS SERVIÇOS DE TERCEIROS - PESSOA JURÍDICA,1
209,10759369000136,ARGAVALE DISTRIBUIDORA DE MATERIAIS DE C,20769.0,0.00028830020395488273,EXTERNAL_EXACT_ACTIVE_NO_LOCAL_FOOTPRINT,02,RS,8729,LAJEADO,0,MATERIAL DE CONSUMO,3
210,47459386000168,ANDRELIS DISTRIBUIDORA LTDA,20449.0,0.0002838581959012662,EXTERNAL_EXACT_ACTIVE_NO_LOCAL_FOOTPRINT,02,SC,8205,MARAVILHA,0,EQUIPAMENTOS E MATERIAL PERMANENTE,3
211,52977047000103,52.977.047 JONAS ADAIR RODRIGUES SARTURI,20000.0,0.0002776255033510354,LOCAL_EXACT_ACTIVE,02,RS,8863,SAO BORJA,1,OUTROS SERVIÇOS DE TERCEIROS - PESSOA JURÍDICA,1
212,59584939000193,RD COMERCIO OPTICO LTDA,19101.05,0.0002651469310391648,LOCAL_EXACT_ACTIVE,02,RS,8863,SAO BORJA,1,"MATERIAL, BEM OU SERVIÇO PARA DIST. GRATUITA",2
213,09654067000114,EXCLUSIVACAO - EDUCACAO E DESENVOLVIMENT,19000.0,0.00026374422818348367,EXTERNAL_EXACT_ACTIVE_NO_LOCAL_FOOTPRINT,02,SC,8165,ITAPIRANGA,0,OUTROS SERVIÇOS DE TERCEIROS - PESSOA JURÍDICA,1
214,37766833000178,JOSÉ ANTÔNIO GOULART ANDRADES,18900.0,0.00026235610066672847,LOCAL_EXACT_ACTIVE,02,RS,8863,SAO BORJA,1,OUTROS SERVIÇOS DE TERCEIROS - PESSOA JURÍDICA,2
215,27171625000172,KENYA OLIVEIRA FERNANDES LIMA SOARES ME,18799.86,0.00026096602977144985,EXTERNAL_EXACT_ACTIVE_NO_LOCAL_FOOTPRINT,02,RS,8713,ITAQUI,0,EQUIPAMENTOS E MATERIAL PERMANENTE,8
216,58390067000160,"BERTANI, OLIVEIRA & HASSTENTEUFEL ADVOGA",18700.0,0.00025957984563321814,EXTERNAL_EXACT_ACTIVE_NO_LOCAL_FOOTPRINT,02,RS,8729,LAJEADO,0,OUTROS SERVIÇOS DE TERCEIROS - PESSOA JURÍDICA,1
217,87124582000104,PROCERGS - CENTRO DE TECNOLOGIA DA INFO,18455.2,0.00025618170947220144,EXTERNAL_EXACT_ACTIVE_NO_LOCAL_FOOTPRINT,02,RS,8801,PORTO ALEGRE,0,OUTROS SERVIÇOS DE TERCEIROS - PESSOA JURÍDICA | SERVIÇOS DE TECNOLOGIA DA INFORMAÇÃO E COMUNICAÇÃO,3
218,19498639000177,BERTA INDUSTRIA E COMERCIO DE FRALDAS LT,18000.0,0.0002498629530159319,EXTERNAL_EXACT_ACTIVE_NO_LOCAL_FOOTPRINT,02,RS,7309,VILA MARIA,0,"MATERIAL, BEM OU SERVIÇO PARA DIST. GRATUITA",1
219,40031401000123,FREDERICO VIERO DE OLIVEIRA,17577.58,0.0002439992247596547,LOCAL_EXACT_ACTIVE,02,RS,8863,SAO BORJA,1,OUTROS SERVIÇOS DE TERCEIROS - PESSOA JURÍDICA,4
220,23969712000119,L.J. BREDOW REPRESENTAÇÕES,17487.95,0.00024275504606638702,EXTERNAL_EXACT_ACTIVE_NO_LOCAL_FOOTPRINT,02,RS,1008,NOVO CABRAIS,0,MATERIAL DE CONSUMO,5
221,11145401000156,L.A DALLA PORTA JUNIOR,17387.32,0.00024135817334627627,EXTERNAL_EXACT_ACTIVE_NO_LOCAL_FOOTPRINT,02,RS,8841,SANTA MARIA,0,MATERIAL DE CONSUMO,3
222,15701365000110,CRISTIAN CAVALHEIRO DOS SANTOS,17100.0,0.00023736980536513528,LOCAL_EXACT_ACTIVE,02,RS,8863,SAO BORJA,1,MATERIAL DE CONSUMO | OUTROS SERVIÇOS DE TERCEIROS - PESSOA JURÍDICA,3
223,47076858000101,SPORTSUL EVENTOS ESPORTIVOS LTDA,17080.0,0.00023709217986178427,EXTERNAL_EXACT_ACTIVE_NO_LOCAL_FOOTPRINT,02,RS,9821,TEUTONIA,0,OUTROS SERVIÇOS DE TERCEIROS - PESSOA JURÍDICA,2
224,10790611000134,FLAVIO WALAU VALANDRO,16523.0,0.00022936030959345793,LOCAL_EXACT_ACTIVE,02,RS,8863,SAO BORJA,1,EQUIPAMENTOS E MATERIAL PERMANENTE | MATERIAL DE CONSUMO | OUTROS SERVIÇOS DE TERCEIROS - PESSOA JURÍDICA,7
225,46388826000170,OCIAN  COMERCIAL FARMACEUTICA UNIPESSOAL,16496.7,0.00022899523205655131,EXTERNAL_EXACT_ACTIVE_NO_LOCAL_FOOTPRINT,02,SP,6635,LEME,0,"MATERIAL, BEM OU SERVIÇO PARA DIST. GRATUITA",3
226,97530228000125,R. DE O. SANTIL EPI,16200.5,0.00022488359835192247,EXTERNAL_EXACT_ACTIVE_NO_LOCAL_FOOTPRINT,02,SP,6697,MINEIROS DO TIETE,0,MATERIAL DE CONSUMO,6
227,03404393000197,JS SERVICOS DE ENGENHARIA LTDA,16099.2,0.00022347742517744948,EXTERNAL_EXACT_ACTIVE_NO_LOCAL_FOOTPRINT,02,RS,8785,PASSO FUNDO,0,"MATERIAL, BEM OU SERVIÇO PARA DIST. GRATUITA",1
228,31912337000107,SB EMPRESA DE MIDIA E NOTICIA LTDA,16000.0,0.00022210040268082836,LOCAL_EXACT_ACTIVE,02,RS,8863,SAO BORJA,1,SERVIÇOS DE CONSULTORIA,1
229,72309164000297,BATAIOLLI BOMBAS INJETORAS LTDA - FILIAL,15980.0,0.0002218227771774773,LOCAL_EXACT_ACTIVE,02,RS,8863,SAO BORJA,2,MATERIAL DE CONSUMO,5
230,28114183000195,CONSULTORIA EDUCACAO E ACAO LTDA,15980.0,0.0002218227771774773,EXTERNAL_EXACT_ACTIVE_NO_LOCAL_FOOTPRINT,02,RS,8679,GIRUA,0,OUTROS SERVIÇOS DE TERCEIROS - PESSOA JURÍDICA,1
231,42338388000185,42.338.388 CARLOS ANSELMO FONTANELLA,15866.21,0.0002202432268761616,EXTERNAL_EXACT_ACTIVE_NO_LOCAL_FOOTPRINT,02,SC,8327,SAO JOSE,0,EQUIPAMENTOS E MATERIAL PERMANENTE | MATERIAL DE CONSUMO,7
232,51954194000103,ZAMPIERE VOLPATTO SOLUCOES INTEGRADAS LT,15839.0,0.0002198655173788525,EXTERNAL_EXACT_ACTIVE_NO_LOCAL_FOOTPRINT,02,PR,7535,CURITIBA,0,EQUIPAMENTOS E MATERIAL PERMANENTE,2
233,30644818000108,CALMED SERVIÇOS TÉCNICOS E DISTRIBUIDORA,15625.0,0.00021689492449299643,EXTERNAL_EXACT_ACTIVE_NO_LOCAL_FOOTPRINT,02,RS,8561,CACHOEIRINHA,0,EQUIPAMENTOS E MATERIAL PERMANENTE | MATERIAL DE CONSUMO | OUTROS SERVIÇOS DE TERCEIROS - PESSOA JURÍDICA,9
234,40214888000180,CLS SERVICOS E ASSESSORIA LTDA.,15589.9,0.00021640769173461536,EXTERNAL_EXACT_ACTIVE_NO_LOCAL_FOOTPRINT,02,RS,8599,CAXIAS DO SUL,0,EQUIPAMENTOS E MATERIAL PERMANENTE,2
235,48346978000136,DAMED DISTRIBUIDORA DE MEDICAMENTOS E MA,15505.8,0.00021524027649302426,EXTERNAL_EXACT_ACTIVE_NO_LOCAL_FOOTPRINT,02,RS,8841,SANTA MARIA,0,MATERIAL DE CONSUMO,1
236,26270786000150,BAGE ELEVADORES LTDA,15493.15,0.00021506467836215472,EXTERNAL_EXACT_ACTIVE_NO_LOCAL_FOOTPRINT,02,RS,1164,ROLADOR,0,OUTROS SERVIÇOS DE TERCEIROS - PESSOA JURÍDICA,2
237,00802002000102,ALTERMED MATERIAL MEDICO HOSPITALAR LTDA,15212.39,0.0002111673715461129,EXTERNAL_EXACT_ACTIVE_NO_LOCAL_FOOTPRINT,02,SC,8291,RIO DO SUL,0,"MATERIAL, BEM OU SERVIÇO PARA DIST. GRATUITA",16
238,03549816000167,M. A. FERROS E CHAPAS LTDA,15211.0,0.00021114807657362998,LOCAL_EXACT_ACTIVE,02,RS,8863,SAO BORJA,1,MATERIAL DE CONSUMO | OUTROS SERVIÇOS DE TERCEIROS - PESSOA JURÍDICA,4
239,63732144000152,PEPCON COMERCIAL LTDA,15093.62,0.00020951869249446274,EXTERNAL_EXACT_ACTIVE_NO_LOCAL_FOOTPRINT,02,RS,8881,SAO LUIZ GONZAGA,0,EQUIPAMENTOS E MATERIAL PERMANENTE | MATERIAL DE CONSUMO,11
240,76386283000113,DIMEVA DISTRIBUIDORA DE MEDICAMENTOS LTD,15039.94,0.0002087735456434686,EXTERNAL_EXACT_ACTIVE_NO_LOCAL_FOOTPRINT,02,PR,7751,PATO BRANCO,0,"MATERIAL, BEM OU SERVIÇO PARA DIST. GRATUITA",5
241,35011420000158,35.011.420 JOSE DESIDERIO LUZ DE SOUZA,15000.0,0.00020821912751327657,EXTERNAL_EXACT_ACTIVE_NO_LOCAL_FOOTPRINT,02,RS,8881,SAO LUIZ GONZAGA,0,OUTROS SERVIÇOS DE TERCEIROS - PESSOA JURÍDICA,1
242,18342297000139,SANDRO ALEXANDRE COELHO LTDA,15000.0,0.00020821912751327657,EXTERNAL_EXACT_ACTIVE_NO_LOCAL_FOOTPRINT,02,RS,8589,CANOAS,0,OUTROS SERVIÇOS DE TERCEIROS - PESSOA JURÍDICA,1
243,96418264002859,LOJAS QUERO-QUERO S.A.,14881.4,0.00020657280827840493,LOCAL_EXACT_ACTIVE,02,RS,8863,SAO BORJA,3,MATERIAL DE CONSUMO,3
244,64313681000120,64.313.681 PEDRO IZAIAS ROSO LAGO,14734.0,0.0002045267083187078,LOCAL_EXACT_ACTIVE,02,RS,8863,SAO BORJA,1,MATERIAL DE CONSUMO | OUTROS SERVIÇOS DE TERCEIROS - PESSOA JURÍDICA,11
245,26979673000129,JARDEL JACOBS PEREIRA DA SILVA,14726.4,0.0002044212106274344,EXTERNAL_EXACT_ACTIVE_NO_LOCAL_FOOTPRINT,02,RS,6029,COLINAS,0,MATERIAL DE CONSUMO,7
246,12541620000117,SERIBAND INDÚSTRIA E COMERCIO DE CONFECÇ,14498.0,0.0002012507273791656,EXTERNAL_EXACT_ACTIVE_NO_LOCAL_FOOTPRINT,02,RS,8517,ARATIBA,0,EQUIPAMENTOS E MATERIAL PERMANENTE | MATERIAL DE CONSUMO,4
247,62201240000101,RENATO CESAR PRAUCHNER LTDA,14164.4,0.00019661993398327032,LOCAL_EXACT_ACTIVE,02,RS,8863,SAO BORJA,1,EQUIPAMENTOS E MATERIAL PERMANENTE | MATERIAL DE CONSUMO,4
248,05700555000160,CLÁUDIO LUIS POPEK,14028.0,0.00019472652805041624,LOCAL_EXACT_ACTIVE,02,RS,8863,SAO BORJA,1,EQUIPAMENTOS E MATERIAL PERMANENTE | MATERIAL DE CONSUMO,6
249,59820838000174,DAGOBERTO HOLKEM REPARAÇAO DE CAMINHOES,14025.0,0.0001946848842249136,LOCAL_EXACT_ACTIVE,02,RS,8863,SAO BORJA,1,OUTROS SERVIÇOS DE TERCEIROS - PESSOA JURÍDICA,3
250,04071245000160,"LICIMED DISTRIBUIDORA DE MEDICAMENTOS, C",13920.0,0.00019322735033232066,EXTERNAL_EXACT_ACTIVE_NO_LOCAL_FOOTPRINT,02,RS,8801,PORTO ALEGRE,0,"MATERIAL, BEM OU SERVIÇO PARA DIST. GRATUITA",2
251,01568077003655,B-GREEN GESTÃO AMBIENTAL S.A.,13850.0,0.00019225566107059205,EXTERNAL_EXACT_ACTIVE_NO_LOCAL_FOOTPRINT,02,RS,8943,TRIUNFO,0,OUTROS SERVIÇOS DE TERCEIROS - PESSOA JURÍDICA,4
252,92581933000138,ALBERI PINTON,13799.0,0.0001915477160370469,LOCAL_EXACT_ACTIVE,02,RS,8863,SAO BORJA,1,MATERIAL DE CONSUMO,4
253,24531333000105,NEOFINE PIGMENTOS E DISPERSÕES INDÚS,13750.0,0.00019086753355383686,EXTERNAL_EXACT_ACTIVE_NO_LOCAL_FOOTPRINT,02,RS,8761,NOVA BASSANO,0,MATERIAL DE CONSUMO,2
254,35250918000173,L FERREIRA DA COSTA DISTRIBUIDORA DE MED,13738.25,0.00019070442857061813,EXTERNAL_EXACT_ACTIVE_NO_LOCAL_FOOTPRINT,02,PR,7565,FRANCISCO BELTRAO,0,"MATERIAL, BEM OU SERVIÇO PARA DIST. GRATUITA",3
255,02150800000114,KALINOVSKI E KALINOVSKI LTDA,13570.0,0.00018836890402367754,EXTERNAL_EXACT_ACTIVE_NO_LOCAL_FOOTPRINT,02,RS,8637,ERECHIM,0,EQUIPAMENTOS E MATERIAL PERMANENTE,1
256,34034228000114,NOVO HORIZONTE COMERCIO DE PRODUTOS E AC,13467.49,0.0001869459345062518,EXTERNAL_EXACT_ACTIVE_NO_LOCAL_FOOTPRINT,02,RS,8533,BARAO DE COTEGIPE,0,MATERIAL DE CONSUMO,26
257,07793561000134,IMPRIME SOLUÇÕES GRÁFICAS LTDA,13296.0,0.00018456543462776835,LOCAL_EXACT_ACTIVE,02,RS,8863,SAO BORJA,1,MATERIAL DE CONSUMO | OUTROS SERVIÇOS DE TERCEIROS - PESSOA JURÍDICA,7
258,07797967000195,NP TECNOLOGIA E GESTAO DE DADOS LTDA,13291.98,0.0001845096319015948,EXTERNAL_EXACT_ACTIVE_NO_LOCAL_FOOTPRINT,02,PR,7885,SAO JOSE DOS PINHAIS,0,SERVIÇOS DE TECNOLOGIA DA INFORMAÇÃO E COMUNICAÇÃO,1
259,03422707000184,SERVIÇO NACIONAL DE APRENDIZAGEM COMERCI,13158.78,0.00018266064604927692,ROOT_WITH_LOCAL_ACTIVE_FOOTPRINT,02,RS,8801,PORTO ALEGRE,1,OUTROS SERVIÇOS DE TERCEIROS - PESSOA JURÍDICA,2
260,02016440005040,RGE SUL DISTRIBUIDORA DE ENERGIA S.A.,12997.27,0.00018041868129696563,LOCAL_EXACT_ACTIVE,02,RS,8863,SAO BORJA,5,OUTROS SERVIÇOS DE TERCEIROS - PESSOA JURÍDICA,3
261,13229567000186,VENEZA - DISTRIB. DE PROD. HOSP. LTDA -,12989.1,0.00018030527127884673,EXTERNAL_EXACT_ACTIVE_NO_LOCAL_FOOTPRINT,02,RS,8533,BARAO DE COTEGIPE,0,"MATERIAL DE CONSUMO | MATERIAL, BEM OU SERVIÇO PARA DIST. GRATUITA",6
262,23457564000153,AJM INSUMOS INDUSTRIAIS EIRELI,12871.67,0.00017867519313592112,EXTERNAL_EXACT_ACTIVE_NO_LOCAL_FOOTPRINT,02,RS,8561,CACHOEIRINHA,0,MATERIAL DE CONSUMO,9
263,05836388000189,JOAO FRANCISCO DA SILVA DORNELLES,12770.0,0.0001772638838896361,LOCAL_EXACT_ACTIVE,02,RS,8863,SAO BORJA,1,OUTROS SERVIÇOS DE TERCEIROS - PESSOA JURÍDICA,2
264,35186472000165,ODAIR DE OLIVEIRA CERENTINI,12540.0,0.0001740711906010992,LOCAL_EXACT_ACTIVE,02,RS,8863,SAO BORJA,1,OUTROS SERVIÇOS DE TERCEIROS - PESSOA JURÍDICA,3
265,40331916000149,RAFHAELA BUENO DE LOURENCO,12396.03,0.00017207270341522678,EXTERNAL_EXACT_ACTIVE_NO_LOCAL_FOOTPRINT,02,RS,8881,SAO LUIZ GONZAGA,0,OUTROS SERVIÇOS DE TERCEIROS - PESSOA JURÍDICA,2
266,92859768000133,CONS. SEC. MUNIC. SAÚDE RS - COSEMS-RS,12334.08,0.00017121275841859695,EXTERNAL_EXACT_ACTIVE_NO_LOCAL_FOOTPRINT,02,RS,8801,PORTO ALEGRE,0,OUTROS SERVIÇOS DE TERCEIROS - PESSOA JURÍDICA,1
267,41507227000105,JAB COMERCIO E DISTRIBUICAO DE PRODUTOS,12292.07,0.0001706296060488081,EXTERNAL_EXACT_ACTIVE_NO_LOCAL_FOOTPRINT,02,RS,8911,SERTAO,0,MATERIAL DE CONSUMO,21
268,37954602000198,USIBRAS INDUSTRIA E COMERCIO DE VIDROS L,12240.0,0.00016990680805083368,EXTERNAL_EXACT_ACTIVE_NO_LOCAL_FOOTPRINT,02,RS,8801,PORTO ALEGRE,0,MATERIAL DE CONSUMO,2
269,07239059000186,BARROSO & MACHADO LTDA,12205.7,0.00016943068031258666,LOCAL_EXACT_ACTIVE,02,RS,8863,SAO BORJA,1,PASSAGENS E DESPESAS COM LOCOMOÇÃO,13
270,22673037000113,SINALIR JOSE DOTTO,12198.0,0.00016932379449379652,EXTERNAL_EXACT_ACTIVE_NO_LOCAL_FOOTPRINT,02,RS,8713,ITAQUI,0,MATERIAL DE CONSUMO,1
271,01484706000139,IGAM-INSTIT.GAMMA DE ASSES.ORGAO PUBL.S/,12170.17,0.00016893747860588355,EXTERNAL_EXACT_ACTIVE_NO_LOCAL_FOOTPRINT,02,RS,8801,PORTO ALEGRE,0,OUTROS SERVIÇOS DE TERCEIROS - PESSOA JURÍDICA,7
272,19822275000139,BRUNA SANTOS DE ALMEIDA 03124299086,12000.0,0.00016657530201062126,EXTERNAL_EXACT_ACTIVE_NO_LOCAL_FOOTPRINT,02,RS,8569,CAMAQUA,0,OUTROS SERVIÇOS DE TERCEIROS - PESSOA JURÍDICA,1
273,32819954000389,PPD COMERCIO DE ELETRONICOS LTDA,11995.0,0.0001665058956347835,LOCAL_EXACT_ACTIVE,02,RS,8863,SAO BORJA,1,EQUIPAMENTOS E MATERIAL PERMANENTE,1
274,28717167000197,ELITE ASSESSORIA EM SEGURANCA E MEDICINA,11874.93,0.00016483917092541557,LOCAL_EXACT_ACTIVE,02,RS,8863,SAO BORJA,2,OUTROS SERVIÇOS DE TERCEIROS - PESSOA JURÍDICA,9
275,55875621000100,BS COLORS COMERCIO DE TINTAS LTDA,11830.0,0.00016421548523213746,EXTERNAL_EXACT_ACTIVE_NO_LOCAL_FOOTPRINT,02,SC,8075,CAPINZAL,0,MATERIAL DE CONSUMO,11
276,88993175000198,UVERGS-UNIAO DOS VEREADORES DO RS.,11640.0,0.00016157804295030263,EXTERNAL_EXACT_ACTIVE_NO_LOCAL_FOOTPRINT,02,RS,8801,PORTO ALEGRE,0,OUTROS SERVIÇOS DE TERCEIROS - PESSOA JURÍDICA,1
277,92021062000106,HOSPITAL SÃO VICENTE DE PAULA,11500.0,0.00015963466442684538,EXTERNAL_EXACT_ACTIVE_NO_LOCAL_FOOTPRINT,02,RS,8785,PASSO FUNDO,0,"MATERIAL, BEM OU SERVIÇO PARA DIST. GRATUITA",2
278,13062485000270,TIO MARIO EMBALAGENS LTDA,11427.9,0.00015863382448726488,EXTERNAL_EXACT_ACTIVE_NO_LOCAL_FOOTPRINT,02,RS,8881,SAO LUIZ GONZAGA,0,MATERIAL DE CONSUMO,6
279,90791377000107,COMERCIAL DE MATERIAIS ESPORTIVOS SURUBI,11415.75,0.00015846516699397913,LOCAL_EXACT_ACTIVE,02,RS,8863,SAO BORJA,1,MATERIAL DE CONSUMO,8
280,01656038000775,ITAIMBÉ AUTOMÓVEIS LTDA,11256.28,0.00015625152004300965,EXTERNAL_EXACT_ACTIVE_NO_LOCAL_FOOTPRINT,02,RS,8705,IJUI,0,MATERIAL DE CONSUMO | OUTROS SERVIÇOS DE TERCEIROS - PESSOA JURÍDICA,18
281,52496119000109,B. D. R. COMERCIO DE EQUIPAMENTOS LTDA,11150.0,0.00015477621811820226,EXTERNAL_EXACT_ACTIVE_NO_LOCAL_FOOTPRINT,02,SP,6155,ARACATUBA,0,EQUIPAMENTOS E MATERIAL PERMANENTE,1
282,17983017000109,CASSIANO RICARDO FROES SUTHERLAND,11068.86,0.0001536498914511071,EXTERNAL_EXACT_ACTIVE_NO_LOCAL_FOOTPRINT,02,PR,7535,CURITIBA,0,MATERIAL DE CONSUMO,1
283,58158024000153,MECANICAR SERVICOS E REPAROS LTDA,10935.0,0.00015179174395717863,LOCAL_EXACT_ACTIVE,02,RS,8863,SAO BORJA,1,MATERIAL DE CONSUMO | OUTROS SERVIÇOS DE TERCEIROS - PESSOA JURÍDICA,6
284,15318347000154,D.S.E. INDUSTRIA E COMERCIO DE MOVEIS DE,10817.32,0.00015015819549546114,EXTERNAL_EXACT_ACTIVE_NO_LOCAL_FOOTPRINT,02,PR,7777,PONTA GROSSA,0,EQUIPAMENTOS E MATERIAL PERMANENTE,4
285,27403752000150,KAPRICHO DITRIBUIDORA LTDA,10794.3,0.00014983864854110408,EXTERNAL_EXACT_ACTIVE_NO_LOCAL_FOOTPRINT,02,RS,8511,ALVORADA,0,MATERIAL DE CONSUMO,29
286,22862531000126,TOP NORTE COMERCIO DE MATERIAL MEDICO HO,10762.12,0.0001493919491062123,EXTERNAL_EXACT_ACTIVE_NO_LOCAL_FOOTPRINT,02,RS,8533,BARAO DE COTEGIPE,0,"MATERIAL, BEM OU SERVIÇO PARA DIST. GRATUITA",4
287,48911914000130,D S J CONFECCOES LTDA,10680.0,0.0001482520187894529,EXTERNAL_EXACT_ACTIVE_NO_LOCAL_FOOTPRINT,02,PR,7571,GUAIRA,0,MATERIAL DE CONSUMO,1
288,76535764000143,OI S.A. - EM RECUPERACAO JUDICIAL,10512.51,0.00014592704401163967,EXTERNAL_EXACT_ACTIVE_NO_LOCAL_FOOTPRINT,02,RJ,6001,RIO DE JANEIRO,0,OUTROS SERVIÇOS DE TERCEIROS - PESSOA JURÍDICA,1
289,44639579000102,OESTE PRODUTOS DE LIMPEZA LTDA,10474.3,0.0001453966404874875,EXTERNAL_EXACT_ACTIVE_NO_LOCAL_FOOTPRINT,02,RS,8811,REDENTORA,0,MATERIAL DE CONSUMO,21
290,27075106000100,NOVIDÁ INDÚSTRIA E COMÉRCIO DE MÓVEIS LT,10444.0,0.0001449760378499107,EXTERNAL_EXACT_ACTIVE_NO_LOCAL_FOOTPRINT,02,RS,8763,NOVA BRESCIA,0,EQUIPAMENTOS E MATERIAL PERMANENTE,2
291,94389400000184,MCW PRODUTOS MEDICOS E HOSPITALARES,10297.13,0.00014293729496605236,EXTERNAL_EXACT_ACTIVE_NO_LOCAL_FOOTPRINT,02,RS,8957,VERA CRUZ,0,"MATERIAL, BEM OU SERVIÇO PARA DIST. GRATUITA",4
292,44133337000142,ANA CAROLINE PHILIPPSEN CRUZ 09914014925,10235.96,0.00014208817736405323,EXTERNAL_EXACT_ACTIVE_NO_LOCAL_FOOTPRINT,02,SC,8205,MARAVILHA,0,EQUIPAMENTOS E MATERIAL PERMANENTE,3
293,02310921000186,IEM INSTITUTO DE ESTUDOS MUNICIPAIS LTDA,10226.25,0.0001419533901821763,EXTERNAL_EXACT_ACTIVE_NO_LOCAL_FOOTPRINT,02,RS,8801,PORTO ALEGRE,0,OUTROS SERVIÇOS DE TERCEIROS - PESSOA JURÍDICA | SERVIÇOS DE TECNOLOGIA DA INFORMAÇÃO E COMUNICAÇÃO,13
294,93088649000197,ABASE SISTEMAS E SOLUÇÕES LTDA,10208.4,0.0001417056094204355,EXTERNAL_EXACT_ACTIVE_NO_LOCAL_FOOTPRINT,02,RS,8939,TRES DE MAIO,0,OUTROS SERVIÇOS DE TERCEIROS - PESSOA JURÍDICA | SERVIÇOS DE TECNOLOGIA DA INFORMAÇÃO E COMUNICAÇÃO,9
295,08628327000114,PAULO RENATO MAIDANA ODY,10183.35,0.00014135788347748835,LOCAL_EXACT_ACTIVE,02,RS,8863,SAO BORJA,1,MATERIAL DE CONSUMO | OUTROS SERVIÇOS DE TERCEIROS - PESSOA JURÍDICA,12
296,28337943000123,CA COMERCIO DE ALIMENTOS EIRELI,9796.68,0.0001359904108084511,EXTERNAL_EXACT_ACTIVE_NO_LOCAL_FOOTPRINT,02,RS,8619,CRUZ ALTA,0,MATERIAL DE CONSUMO,16
297,23310852000261,MURIEL A. BLAU & CIA LTDA,9688.05,0.00013448248788699993,EXTERNAL_EXACT_ACTIVE_NO_LOCAL_FOOTPRINT,02,RS,8729,LAJEADO,0,MATERIAL DE CONSUMO,37
298,65996648000105,TPS COMERCIAL LTDA,9639.6,0.00013380994010513207,EXTERNAL_EXACT_ACTIVE_NO_LOCAL_FOOTPRINT,02,RS,8541,BENTO GONCALVES,0,MATERIAL DE CONSUMO,2
299,28499301000120,JULIO CESAR REGINALDO 52490670000,9564.0,0.00013276051570246513,LOCAL_EXACT_ACTIVE,02,RS,8863,SAO BORJA,1,MATERIAL DE CONSUMO,3
300,20784313000195,RM COMERCIO DE MERCADORIAS E MATERIAIS L,9519.82,0.0001321472409655627,EXTERNAL_EXACT_ACTIVE_NO_LOCAL_FOOTPRINT,02,RS,8667,FREDERICO WESTPHALEN,0,"MATERIAL DE CONSUMO | MATERIAL, BEM OU SERVIÇO PARA DIST. GRATUITA",14
301,66610727000107,66.610.727 JARI LOURENZO TERRES JUNIOR,9500.0,0.00013187211409174183,EXTERNAL_EXACT_ACTIVE_NO_LOCAL_FOOTPRINT,02,RS,8791,PELOTAS,0,OUTROS SERVIÇOS DE TERCEIROS - PESSOA JURÍDICA,1
302,03575238000133,SESC - ADM REG NO ESTADO DO RIO GRANDE D,9500.0,0.00013187211409174183,ROOT_WITH_LOCAL_ACTIVE_FOOTPRINT,02,RS,8801,PORTO ALEGRE,1,OUTROS SERVIÇOS DE TERCEIROS - PESSOA JURÍDICA,2
303,55571406000116,55.571.406 NELCI DILLY SCHUMACHER,9490.0,0.00013173330134006632,EXTERNAL_EXACT_ACTIVE_NO_LOCAL_FOOTPRINT,02,RS,8679,GIRUA,0,EQUIPAMENTOS E MATERIAL PERMANENTE,1
304,19639940000315,TCJM DISTRIBUIDORA E IMPORTADORA LTDA,9294.0,0.00012901257140722616,EXTERNAL_EXACT_ACTIVE_NO_LOCAL_FOOTPRINT,02,SC,8025,ARAQUARI,0,EQUIPAMENTOS E MATERIAL PERMANENTE,2
305,46381269000166,"NUTRI-ELE DISTRIBUIDORA DE NUTRICAO, COR",9222.5,0.0001280200602327462,EXTERNAL_EXACT_ACTIVE_NO_LOCAL_FOOTPRINT,02,RS,8801,PORTO ALEGRE,0,"MATERIAL, BEM OU SERVIÇO PARA DIST. GRATUITA",2
306,15457786000148,BERNARDO EMMANUELLI - ME,9150.0,0.00012701366778309871,LOCAL_EXACT_ACTIVE,02,RS,8863,SAO BORJA,1,MATERIAL DE CONSUMO,1
307,42227547000174,MED4 IMPORTADORA E DISTRIBUIDORA LTDA,9122.05,0.00012662568614216563,EXTERNAL_EXACT_ACTIVE_NO_LOCAL_FOOTPRINT,02,RS,8589,CANOAS,0,"MATERIAL, BEM OU SERVIÇO PARA DIST. GRATUITA",3
308,03725725000135,LEIS LTDA,9075.33,0.0001259771529663376,EXTERNAL_EXACT_ACTIVE_NO_LOCAL_FOOTPRINT,02,SC,8163,ITAPEMA,0,SERVIÇOS DE TECNOLOGIA DA INFORMAÇÃO E COMUNICAÇÃO,1
309,35215257000145,DENTAL PREMIUM LTDA,9052.38,0.0001256585777012423,EXTERNAL_EXACT_ACTIVE_NO_LOCAL_FOOTPRINT,02,PR,7927,TOLEDO,0,MATERIAL DE CONSUMO,5
310,10573521000191,MERCADO PAGOINSTITUIÇAO DE PAGAMENTO LTD,9047.54,0.00012559139232943135,EXTERNAL_EXACT_ACTIVE_NO_LOCAL_FOOTPRINT,02,SP,6789,OSASCO,0,EQUIPAMENTOS E MATERIAL PERMANENTE | MATERIAL DE CONSUMO,11
311,09126634000160,COMERCIO DE JORNAIS PEDROLO LTDA,8992.86,0.00012483236420326963,LOCAL_EXACT_ACTIVE,02,RS,8863,SAO BORJA,1,OUTROS SERVIÇOS DE TERCEIROS - PESSOA JURÍDICA,1
312,07052779000138,ALCI N. BECKER & CIA LTDA,8940.0,0.00012409859999791285,EXTERNAL_EXACT_ACTIVE_NO_LOCAL_FOOTPRINT,02,RS,8501,AGUDO,0,EQUIPAMENTOS E MATERIAL PERMANENTE,3
313,87975280000131,CASA DOS RADIADORES COMÉRCIO DE PEÇAS E,8910.0,0.0001236821617428863,LOCAL_EXACT_ACTIVE,02,RS,8863,SAO BORJA,1,MATERIAL DE CONSUMO | OUTROS SERVIÇOS DE TERCEIROS - PESSOA JURÍDICA,4
314,21112395000194,CIRURGICA LAJEADENSE LTDA,8893.0,0.0001234461800650379,EXTERNAL_EXACT_ACTIVE_NO_LOCAL_FOOTPRINT,02,RS,8729,LAJEADO,0,"EQUIPAMENTOS E MATERIAL PERMANENTE | MATERIAL DE CONSUMO | MATERIAL, BEM OU SERVIÇO PARA DIST. GRATUITA",8
315,17695813000146,JP SANTA LUCIA COMERCIO DE COMBUSTIVEIS,8776.66,0.00012183123251204493,ROOT_WITH_LOCAL_ACTIVE_FOOTPRINT,02,RS,8841,SANTA MARIA,2,MATERIAL DE CONSUMO,8
316,06867357000158,DISTRIBUIDORA PARANHOS ARTIGOS PARA LABO,8760.0,0.00012159997046775352,EXTERNAL_EXACT_ACTIVE_NO_LOCAL_FOOTPRINT,02,MG,4123,BELO HORIZONTE,0,MATERIAL DE CONSUMO,1
317,35480107000169,MARCELO AUGUSTO MARQUES STEIN 0315940409,8700.0,0.00012076709395770042,LOCAL_EXACT_ACTIVE,02,RS,8863,SAO BORJA,1,OUTROS SERVIÇOS DE TERCEIROS - PESSOA JURÍDICA,1
318,29757279000134,MEDIACUSTICA SOLUCOES EM EQUIPAMENTOS A,8660.0,0.00012021184295099834,EXTERNAL_EXACT_ACTIVE_NO_LOCAL_FOOTPRINT,02,RS,8801,PORTO ALEGRE,0,OUTROS SERVIÇOS DE TERCEIROS - PESSOA JURÍDICA,1
319,43496899000198,ALS UNIFORMES PROFISSIONAIS LTDA,8536.36,0.00011849556208928225,EXTERNAL_EXACT_ACTIVE_NO_LOCAL_FOOTPRINT,02,SC,8183,LAGES,0,MATERIAL DE CONSUMO,10
320,07978004000198,DENTAL MED EQUIP.MAT ODONT.E HOSPITALARE,8470.9,0.0001175868938168143,EXTERNAL_EXACT_ACTIVE_NO_LOCAL_FOOTPRINT,02,RS,8801,PORTO ALEGRE,0,"MATERIAL DE CONSUMO | MATERIAL, BEM OU SERVIÇO PARA DIST. GRATUITA",7
321,55675690000170,DENTAL MED PLUS LTDA,8447.62,0.0001172637377309137,EXTERNAL_EXACT_ACTIVE_NO_LOCAL_FOOTPRINT,02,PR,7565,FRANCISCO BELTRAO,0,MATERIAL DE CONSUMO,3
322,61602199023244,COMPANHIA ULTRAGAZ S.A.,8400.0,0.00011660271140743488,EXTERNAL_EXACT_ACTIVE_NO_LOCAL_FOOTPRINT,02,RS,8589,CANOAS,0,MATERIAL DE CONSUMO,6
323,92691104000108,ALGACIR JOSE BERTUOL,8375.5,0.00011626262016582986,LOCAL_EXACT_ACTIVE,02,RS,8863,SAO BORJA,1,OUTROS SERVIÇOS DE TERCEIROS - PESSOA JURÍDICA,8
324,04531195000157,GESTOR UM CONSULTORIA & AUDITORIA S/S L,8200.0,0.00011382645637392452,EXTERNAL_EXACT_ACTIVE_NO_LOCAL_FOOTPRINT,02,RS,8801,PORTO ALEGRE,0,OUTROS SERVIÇOS DE TERCEIROS - PESSOA JURÍDICA,1
325,91083212000135,DENTÁRIA E DIST.  HOSP.  PORTO ALEGRENSE,8019.42,0.00011131977570416802,EXTERNAL_EXACT_ACTIVE_NO_LOCAL_FOOTPRINT,02,RS,8801,PORTO ALEGRE,0,"MATERIAL DE CONSUMO | MATERIAL, BEM OU SERVIÇO PARA DIST. GRATUITA",5
326,26683024000186,ALE26.683.024 ALEX CRISX CRISTIAN FLORES,8000.0,0.00011105020134041418,LOCAL_EXACT_ACTIVE,02,RS,8863,SAO BORJA,1,OUTROS SERVIÇOS DE TERCEIROS - PESSOA JURÍDICA,1
327,73865008000194,E.  D.  AZAMBUJA & CIA LTDA,7951.4,0.00011037557136727115,EXTERNAL_EXACT_ACTIVE_NO_LOCAL_FOOTPRINT,02,RS,8801,PORTO ALEGRE,0,EQUIPAMENTOS E MATERIAL PERMANENTE,4
328,00358519000146,"RCC - DISTRIBUIDORA DE MEDICAMENTOS, COR",7700.0,0.00010688581879014864,EXTERNAL_EXACT_ACTIVE_NO_LOCAL_FOOTPRINT,02,RS,8801,PORTO ALEGRE,0,"MATERIAL DE CONSUMO | MATERIAL, BEM OU SERVIÇO PARA DIST. GRATUITA",3
329,46529034000179,RICARDO DORNELES CHUQUEL,7689.16,0.00010673534576733238,LOCAL_EXACT_ACTIVE,02,RS,8863,SAO BORJA,1,EQUIPAMENTOS E MATERIAL PERMANENTE | MATERIAL DE CONSUMO,5
330,18274923000105,MASTERSUL EQUIPAMENTOS DE SEGURANCA LTDA,7670.12,0.00010647104628814219,EXTERNAL_EXACT_ACTIVE_NO_LOCAL_FOOTPRINT,02,RS,8533,BARAO DE COTEGIPE,0,MATERIAL DE CONSUMO,8
331,55589237000141,LICITAPRO COMERCIO CONSTRUCOES E SERVICO,7553.4,0.00010485082385058554,EXTERNAL_EXACT_ACTIVE_NO_LOCAL_FOOTPRINT,02,RS,8791,PELOTAS,0,MATERIAL DE CONSUMO,1
332,08713242000134,PEREIRA FUMACO & CIA LTDA,7530.0,0.00010452600201166484,LOCAL_EXACT_ACTIVE,02,RS,8863,SAO BORJA,1,EQUIPAMENTOS E MATERIAL PERMANENTE,2
333,03550194000197,GILDO GUEDES ALVES,7440.0,0.00010327668724658518,LOCAL_EXACT_ACTIVE,02,RS,8863,SAO BORJA,1,MATERIAL DE CONSUMO,4
334,20994694000137,CENTRO AUTOMOTIVO LV MECANICA LTDA,7420.0,0.00010299906174323415,LOCAL_EXACT_ACTIVE,02,RS,8863,SAO BORJA,1,MATERIAL DE CONSUMO | OUTROS SERVIÇOS DE TERCEIROS - PESSOA JURÍDICA,6
335,06037744000167,ADILSON MOURA DE ALMEIDA,7405.0,0.00010279084261572087,EXTERNAL_EXACT_ACTIVE_NO_LOCAL_FOOTPRINT,02,RS,8713,ITAQUI,0,MATERIAL DE CONSUMO,6
336,48057203000140,TACCUINO DISTRIBUIDORA DE MATERIAIS LTDA,7304.2,0.00010139161007883164,EXTERNAL_EXACT_ACTIVE_NO_LOCAL_FOOTPRINT,02,RS,8801,PORTO ALEGRE,0,MATERIAL DE CONSUMO,25
337,48552166000147,48.552.166 ALINE ROBALO CHUQUEL,7194.0,9.986189355536745e-05,LOCAL_EXACT_ACTIVE,02,RS,8863,SAO BORJA,1,MATERIAL DE CONSUMO,1
338,02672248000124,AGIP-ASSOC.GAÚCHA DE INSTIT. DE PREVID.,7100.0,9.855705368961758e-05,EXTERNAL_EXACT_ACTIVE_NO_LOCAL_FOOTPRINT,02,RS,8771,NOVO HAMBURGO,0,OUTROS SERVIÇOS DE TERCEIROS - PESSOA JURÍDICA,4
339,20992564000165,HELPFIX ATACADO DE PAPELARIA LTDA-ME,7026.51,9.75369187775542e-05,EXTERNAL_EXACT_ACTIVE_NO_LOCAL_FOOTPRINT,02,RS,8769,NOVA PRATA,0,MATERIAL DE CONSUMO,25
340,11461374000120,DIALUZ DILAMAR BERNARDI,7000.0,9.71689261728624e-05,EXTERNAL_EXACT_ACTIVE_NO_LOCAL_FOOTPRINT,02,RS,8705,IJUI,0,"MATERIAL, BEM OU SERVIÇO PARA DIST. GRATUITA",3
341,42753718000107,CASTRO EQUIPAMENTOS LTDA,6999.9,9.716753804534564e-05,EXTERNAL_EXACT_ACTIVE_NO_LOCAL_FOOTPRINT,02,ES,5703,VILA VELHA,0,EQUIPAMENTOS E MATERIAL PERMANENTE,1
342,28677530000198,AUGUSTO SOSTA MARTINS 25510225840,6975.0,9.68218942936736e-05,EXTERNAL_EXACT_ACTIVE_NO_LOCAL_FOOTPRINT,02,MG,4287,CARMO DO RIO CLARO,0,EQUIPAMENTOS E MATERIAL PERMANENTE,1
343,93641710003369,FERNANDEZ COMERCIO DE MEDICAMENTOS S.A.,6828.69,9.47909249239091e-05,LOCAL_EXACT_ACTIVE,02,RS,8863,SAO BORJA,9,MATERIAL DE CONSUMO,8
344,13055109000178,INSPECAM ANÁLISES TÉCNICAS VEICULAR LTDA,6800.0,9.439267113935205e-05,LOCAL_EXACT_ACTIVE,02,RS,8863,SAO BORJA,1,OUTROS SERVIÇOS DE TERCEIROS - PESSOA JURÍDICA,1
345,03426592000104,FLAVIO IVAN DOS PRAZERES DE DEUS,6644.6,9.223552097831451e-05,EXTERNAL_EXACT_ACTIVE_NO_LOCAL_FOOTPRINT,02,RS,8851,SANTIAGO,0,MATERIAL DE CONSUMO | OUTROS SERVIÇOS DE TERCEIROS - PESSOA JURÍDICA,4
346,25341162000114,"MEGA DENTAL IMPORTACAO, EXPORTACAO E COM",6612.3,9.178715579040259e-05,EXTERNAL_EXACT_ACTIVE_NO_LOCAL_FOOTPRINT,02,PR,7667,LONDRINA,0,MATERIAL DE CONSUMO,3
347,07675477000116,IGAM CORPORATIVO CURSOS E ASSESSORIA S/S,6594.29,9.153715402463497e-05,EXTERNAL_EXACT_ACTIVE_NO_LOCAL_FOOTPRINT,02,RS,8801,PORTO ALEGRE,0,OUTROS SERVIÇOS DE TERCEIROS - PESSOA JURÍDICA,5
348,33683111000107,SERVICO FEDERAL DE PROCESSAMENTO DE DADO,6408.54,8.895870716226223e-05,EXTERNAL_EXACT_ACTIVE_NO_LOCAL_FOOTPRINT,02,DF,9701,BRASILIA,0,SERVIÇOS DE TECNOLOGIA DA INFORMAÇÃO E COMUNICAÇÃO,3
349,18876112000176,GIBBOR PUBLICIDADE E PUBLICAÇÕES DE EDIT,6346.8,8.810167723341758e-05,EXTERNAL_EXACT_ACTIVE_NO_LOCAL_FOOTPRINT,02,SP,6619,JUNDIAI,0,OUTROS SERVIÇOS DE TERCEIROS - PESSOA JURÍDICA,2
350,51659136000149,SOUL DISTRIBUIDORA DE PRODUTOS E EQUIPAM,6274.76,8.710167017034715e-05,EXTERNAL_EXACT_ACTIVE_NO_LOCAL_FOOTPRINT,02,SC,8047,BLUMENAU,0,EQUIPAMENTOS E MATERIAL PERMANENTE | MATERIAL DE CONSUMO,5
351,04812021000162,NOROESTE MAQUINAS E EQUIPAMENTOS LTDA,6261.75,8.692107478041731e-05,EXTERNAL_EXACT_ACTIVE_NO_LOCAL_FOOTPRINT,02,RS,8853,SANTO ANGELO,0,MATERIAL DE CONSUMO | OUTROS SERVIÇOS DE TERCEIROS - PESSOA JURÍDICA,5
352,11660639000110,CARLOS ASSIS LOURENÇO DA SILVA 419601060,6193.1,8.596812524016488e-05,LOCAL_EXACT_ACTIVE,02,RS,8863,SAO BORJA,1,MATERIAL DE CONSUMO | OUTROS SERVIÇOS DE TERCEIROS - PESSOA JURÍDICA,6
353,02012862000160,TAM LINHAS AEREAS S/A.,6158.5,8.548783311936759e-05,EXTERNAL_EXACT_ACTIVE_NO_LOCAL_FOOTPRINT,02,SP,7107,SAO PAULO,0,PASSAGENS E DESPESAS COM LOCOMOÇÃO,1
354,54084848000175,GESTOR UM EDUCACAO LTDA,6071.0,8.42732215422068e-05,EXTERNAL_EXACT_ACTIVE_NO_LOCAL_FOOTPRINT,02,RS,8801,PORTO ALEGRE,0,OUTROS SERVIÇOS DE TERCEIROS - PESSOA JURÍDICA | SERVIÇOS DE TECNOLOGIA DA INFORMAÇÃO E COMUNICAÇÃO,6
355,43613995000179,43.613.995 MHAGALDY MARJA DOMINGO BUENO,6000.0,8.328765100531063e-05,EXTERNAL_EXACT_ACTIVE_NO_LOCAL_FOOTPRINT,02,RS,8885,SAO MARTINHO,0,OUTROS SERVIÇOS DE TERCEIROS - PESSOA JURÍDICA,1
356,89271464000146,W. GOMES DE OLIVEIRA LTDA,5976.7,8.296421729390666e-05,LOCAL_EXACT_ACTIVE,02,RS,8863,SAO BORJA,1,MATERIAL DE CONSUMO | OUTROS SERVIÇOS DE TERCEIROS - PESSOA JURÍDICA,21
357,89818686000136,ULFRO - UNIÃO LEGISLATIVOS FRONTEIRA OES,5905.69,8.197850794425882e-05,EXTERNAL_EXACT_ACTIVE_NO_LOCAL_FOOTPRINT,02,RS,8809,QUARAI,0,OUTROS SERVIÇOS DE TERCEIROS - PESSOA JURÍDICA,2
358,44918033000190,DIP IMPORTACAO E COMERCIO DE MATERIAIS L,5850.0,8.120545973017787e-05,EXTERNAL_EXACT_NONACTIVE_NO_LOCAL_FOOTPRINT,08,RS,8589,CANOAS,0,EQUIPAMENTOS E MATERIAL PERMANENTE,1
359,11079800000166,IVAN RIBAS CHUQUEL,5691.5,7.900527761612091e-05,LOCAL_EXACT_ACTIVE,02,RS,8863,SAO BORJA,1,MATERIAL DE CONSUMO,2
360,24738613000199,MEGA PAPELARIA E ESPORTES EIRELI ME,5669.25,7.869641924364287e-05,EXTERNAL_EXACT_ACTIVE_NO_LOCAL_FOOTPRINT,02,RS,8633,ENCANTADO,0,MATERIAL DE CONSUMO,25
361,40260072000192,CAROLINE DISQUE DA SILVA 43529436810,5600.0,7.773514093828992e-05,EXTERNAL_EXACT_ACTIVE_NO_LOCAL_FOOTPRINT,02,SP,7097,SAO JOSE DO RIO PRETO,0,EQUIPAMENTOS E MATERIAL PERMANENTE,1
362,48994988000188,SUL PRIME LUB LTDA,5599.86,7.773319755976646e-05,EXTERNAL_EXACT_ACTIVE_NO_LOCAL_FOOTPRINT,02,RS,8737,MARAU,0,MATERIAL DE CONSUMO,6
363,19555146000121,2B DISTRIBUIDORA LTDA,5550.6,7.704940594501286e-05,EXTERNAL_EXACT_ACTIVE_NO_LOCAL_FOOTPRINT,02,SC,8309,SANTO AMARO DA IMPERATRIZ,0,EQUIPAMENTOS E MATERIAL PERMANENTE | MATERIAL DE CONSUMO,21
364,27298119000149,GESTOR UM CONSULTORIA FINANCEIRA LTDA,5382.31,7.471332614706559e-05,EXTERNAL_EXACT_ACTIVE_NO_LOCAL_FOOTPRINT,02,RS,8801,PORTO ALEGRE,0,OUTROS SERVIÇOS DE TERCEIROS - PESSOA JURÍDICA | SERVIÇOS DE TECNOLOGIA DA INFORMAÇÃO E COMUNICAÇÃO,9
365,30986684000103,WE COMERCIO DE PRODUTOS E UTILIDADES DOM,5362.76,7.444194721753995e-05,EXTERNAL_EXACT_ACTIVE_NO_LOCAL_FOOTPRINT,02,RS,8855,SANTO ANTONIO DA PATRULHA,0,MATERIAL DE CONSUMO,20
366,13903994000106,GAVEA COMERCIO DE BANDEIRAS E EMBALAGENS,5360.0,7.44036348980775e-05,EXTERNAL_EXACT_ACTIVE_NO_LOCAL_FOOTPRINT,02,RS,8561,CACHOEIRINHA,0,MATERIAL DE CONSUMO,2
367,47484691000100,MAIS ESPORTE COMERCIO DE ARTIGOS ESPORTI,5350.95,7.427800935781115e-05,EXTERNAL_EXACT_ACTIVE_NO_LOCAL_FOOTPRINT,02,RS,8659,FELIZ,0,MATERIAL DE CONSUMO,27
368,59131363000109,IX MEDICAL LTDA,5315.0,7.377897751553767e-05,EXTERNAL_EXACT_ACTIVE_NO_LOCAL_FOOTPRINT,02,PR,5453,PINHAIS,0,EQUIPAMENTOS E MATERIAL PERMANENTE,1
369,73887663000143,GUASSO FERRAGENS LTDA,5299.5,7.356381775044062e-05,LOCAL_EXACT_ACTIVE,02,RS,8863,SAO BORJA,1,EQUIPAMENTOS E MATERIAL PERMANENTE | MATERIAL DE CONSUMO,12
370,61198164000160,PORTO SEGURO COMPANHIA DE SEGUROS GERAIS,5296.65,7.352425611621309e-05,EXTERNAL_EXACT_ACTIVE_NO_LOCAL_FOOTPRINT,02,SP,7107,SAO PAULO,0,OUTROS SERVIÇOS DE TERCEIROS - PESSOA JURÍDICA,1
371,65665504000176,PONTUAL SERRALHERIA LTDA,5265.0,7.308491375716007e-05,LOCAL_EXACT_ACTIVE,02,RS,8863,SAO BORJA,1,MATERIAL DE CONSUMO,1
372,04196645000100,IMPRENSA NACIONAL,5235.98,7.268207915179771e-05,EXTERNAL_EXACT_ACTIVE_NO_LOCAL_FOOTPRINT,02,DF,9701,BRASILIA,0,OUTROS SERVIÇOS DE TERCEIROS - PESSOA JURÍDICA,1
373,56004897000186,TRIUNFO ILUMINACAO LTDA,5174.7,7.183143460953015e-05,EXTERNAL_EXACT_ACTIVE_NO_LOCAL_FOOTPRINT,02,GO,9373,GOIANIA,0,MATERIAL DE CONSUMO,4
374,51892897000146,JT MEDICAMENTOS LTDA,5137.6,7.131643930081398e-05,EXTERNAL_EXACT_ACTIVE_NO_LOCAL_FOOTPRINT,02,PR,7565,FRANCISCO BELTRAO,0,MATERIAL DE CONSUMO,1
375,49673898000158,CB ELETRO E INFORMATICA LTDA,5115.79,7.101368868940968e-05,EXTERNAL_EXACT_ACTIVE_NO_LOCAL_FOOTPRINT,02,SC,8351,TAIO,0,EQUIPAMENTOS E MATERIAL PERMANENTE,2
376,22252006000199,ZEFERINA PAULINA AMALIA MULLER SCHERER,5100.0,7.079450335451404e-05,EXTERNAL_EXACT_ACTIVE_NO_LOCAL_FOOTPRINT,02,RS,8643,ERVAL SECO,0,MATERIAL DE CONSUMO,1
377,41876743000107,POSTO 44 INTERNACIONAL COMERCIO DE COMBU,4968.0,6.89621750323972e-05,LOCAL_EXACT_ACTIVE,02,RS,8863,SAO BORJA,1,MATERIAL DE CONSUMO,6
378,01865820000109,TATSCH & TATSCH COMERCIO DE ALIMENTOS LT,4809.0,6.675505228075647e-05,LOCAL_EXACT_ACTIVE,02,RS,8863,SAO BORJA,1,MATERIAL DE CONSUMO,11
379,26967184000157,DNET PROVEDOR DE INTERNET LTDA,4800.0,6.66301208042485e-05,LOCAL_EXACT_ACTIVE,02,RS,8863,SAO BORJA,1,SERVIÇOS DE TECNOLOGIA DA INFORMAÇÃO E COMUNICAÇÃO,1
380,16652789000103,ZULEICA DE MOURA PINTO 40587100044,4779.0,6.633861402572992e-05,LOCAL_EXACT_ACTIVE,02,RS,8863,SAO BORJA,1,OUTROS SERVIÇOS DE TERCEIROS - PESSOA JURÍDICA,2
381,94963576001501,LATSCH E BOCHI LTDA,4709.25,6.537039508279317e-05,LOCAL_EXACT_ACTIVE,02,RS,8863,SAO BORJA,2,MATERIAL DE CONSUMO,7
382,48360651000119,LOJA E RESTAURANTE 44 INTERNACIONAL LTDA,4700.0,6.524199328749332e-05,LOCAL_EXACT_ACTIVE,02,RS,8863,SAO BORJA,1,OUTROS SERVIÇOS DE TERCEIROS - PESSOA JURÍDICA,1
383,60173263000124,IMPACTO ADMINISTRACAO E EFICIENCIA LTDA,4653.99,6.460331581703427e-05,EXTERNAL_EXACT_ACTIVE_NO_LOCAL_FOOTPRINT,02,ES,5699,SERRA,0,EQUIPAMENTOS E MATERIAL PERMANENTE,2
384,06175908000112,BIO LOGICA DISTRIBUIDORA LTDA,4647.3,6.451045008616334e-05,EXTERNAL_EXACT_ACTIVE_NO_LOCAL_FOOTPRINT,02,PR,7471,CAMBE,0,"MATERIAL DE CONSUMO | MATERIAL, BEM OU SERVIÇO PARA DIST. GRATUITA",4
385,50301713000163,ELETRO CENTER ILUMINACAO LTDA,4540.0,6.302098926068504e-05,EXTERNAL_EXACT_ACTIVE_NO_LOCAL_FOOTPRINT,02,PB,1909,ALAGOINHA,0,MATERIAL DE CONSUMO,5
386,40044357000196,CJC COMERCIO VAREJISTA E ATACADISTA DE F,4518.6,6.272392997209944e-05,EXTERNAL_EXACT_ACTIVE_NO_LOCAL_FOOTPRINT,02,RS,8681,GRAMADO,0,MATERIAL DE CONSUMO,3
387,32593430000150,M CARREGA COMÉRCIO DE PRODUTOS HOSPITALA,4465.0,6.197989362311866e-05,EXTERNAL_EXACT_ACTIVE_NO_LOCAL_FOOTPRINT,02,PR,7667,LONDRINA,0,EQUIPAMENTOS E MATERIAL PERMANENTE | MATERIAL DE CONSUMO,8
388,31401798000107,DENTAL BH BRASIL,4434.2,6.155235034795807e-05,EXTERNAL_EXACT_ACTIVE_NO_LOCAL_FOOTPRINT,02,MG,4123,BELO HORIZONTE,0,MATERIAL DE CONSUMO,2
389,25310339000115,BRUNO PINTO MARIAN,4380.6,6.0808313998977296e-05,EXTERNAL_EXACT_ACTIVE_NO_LOCAL_FOOTPRINT,02,RS,8723,JAGUARI,0,MATERIAL DE CONSUMO,1
390,48670007000147,IRM COMERCIO DE EQUIPAMENTOS LTDA,4379.2,6.0788880213742715e-05,EXTERNAL_EXACT_ACTIVE_NO_LOCAL_FOOTPRINT,02,RS,8637,ERECHIM,0,EQUIPAMENTOS E MATERIAL PERMANENTE,7
391,09012560000130,PAULO RONI MALGARIN,4375.0,6.0730578858039e-05,LOCAL_EXACT_ACTIVE,02,RS,8863,SAO BORJA,1,MATERIAL DE CONSUMO | OUTROS SERVIÇOS DE TERCEIROS - PESSOA JURÍDICA,2
392,58421861000123,VANINHA UTILIDADES LTDA,4365.82,6.060314875200087e-05,EXTERNAL_EXACT_ACTIVE_NO_LOCAL_FOOTPRINT,02,RS,8659,FELIZ,0,MATERIAL DE CONSUMO,9
393,39886474000118,JK CASA E CONSTRUCAO LTDA,4284.0,5.946738281779179e-05,EXTERNAL_EXACT_ACTIVE_NO_LOCAL_FOOTPRINT,02,RS,8851,SANTIAGO,0,MATERIAL DE CONSUMO,6
394,88489430000160,MADEIREIRA CHAPECO LTDA.,4277.0,5.9370213891618924e-05,LOCAL_EXACT_ACTIVE,02,RS,8863,SAO BORJA,1,EQUIPAMENTOS E MATERIAL PERMANENTE | MATERIAL DE CONSUMO,4
395,26348306000127,"T&T INDUSTRIA, COMERCIO, IMPORTACAO E EX",4188.45,5.814102697553221e-05,EXTERNAL_EXACT_ACTIVE_NO_LOCAL_FOOTPRINT,02,SP,6639,LIMEIRA,0,MATERIAL DE CONSUMO,4
396,59777691000187,HELLA COMERCIO E SERVICOS LTDA,4175.95,5.796751103593782e-05,EXTERNAL_EXACT_ACTIVE_NO_LOCAL_FOOTPRINT,02,RS,8779,PALMITINHO,0,MATERIAL DE CONSUMO,13
397,34637297000112,LIFE CARE DIAGNOSTICOS EIRELI,4140.88,5.748069471581178e-05,EXTERNAL_EXACT_ACTIVE_NO_LOCAL_FOOTPRINT,02,MG,4123,BELO HORIZONTE,0,MATERIAL DE CONSUMO,3
398,05462743000954,ABORGAMA DO BRASIL LTDA,4100.0,5.691322818696226e-05,EXTERNAL_EXACT_NONACTIVE_NO_LOCAL_FOOTPRINT,08,RS,8943,TRIUNFO,0,OUTROS SERVIÇOS DE TERCEIROS - PESSOA JURÍDICA,1
399,17500279000175,ABS SOLUCOES TECNICAS LTDA,4037.6,5.6047036616507034e-05,EXTERNAL_EXACT_ACTIVE_NO_LOCAL_FOOTPRINT,02,RS,8705,IJUI,0,OUTROS SERVIÇOS DE TERCEIROS - PESSOA JURÍDICA,2
400,00664113000191,SOCOLOSKI & SOCOLOSKI COMERCIO DE TECIDO,4025.0,5.587213254939588e-05,LOCAL_EXACT_ACTIVE,02,RS,8863,SAO BORJA,1,MATERIAL DE CONSUMO,1
401,11108062000138,ENTELCO TECNOLOGIA EM REDES DE DADOS LTD,3998.0,5.549733811987198e-05,EXTERNAL_EXACT_ACTIVE_NO_LOCAL_FOOTPRINT,02,SP,7107,SAO PAULO,0,OUTROS SERVIÇOS DE TERCEIROS - PESSOA JURÍDICA,1
402,98102924013939,DELTASUL UTILIDADES LTDA.,3939.06,5.467917576149648e-05,LOCAL_EXACT_ACTIVE,02,RS,8863,SAO BORJA,1,EQUIPAMENTOS E MATERIAL PERMANENTE,1
403,89100135000132,UNIMED PLANALTO CENTRAL RS - COOPERATIVA,3900.0,5.413697315345191e-05,EXTERNAL_EXACT_ACTIVE_NO_LOCAL_FOOTPRINT,02,RS,8619,CRUZ ALTA,0,OUTROS SERVIÇOS DE TERCEIROS - PESSOA JURÍDICA,1
404,12581380000184,ALF COMERCIO DE ELETRODOMESTICOS LTDA,3894.0,5.40536855024466e-05,EXTERNAL_EXACT_ACTIVE_NO_LOCAL_FOOTPRINT,02,RS,8633,ENCANTADO,0,EQUIPAMENTOS E MATERIAL PERMANENTE,2
405,47960950000121,MAGAZINE LUIZA S/A,3880.91,5.3871979610503345e-05,ROOT_WITH_LOCAL_ACTIVE_FOOTPRINT,02,SP,6425,FRANCA,1,EQUIPAMENTOS E MATERIAL PERMANENTE,1
406,33484825000188,CONSELHO NACIONAL DE SEC. DE MUNICIPAIS,3840.0,5.3304096643398806e-05,EXTERNAL_EXACT_ACTIVE_NO_LOCAL_FOOTPRINT,02,DF,9701,BRASILIA,0,OUTROS SERVIÇOS DE TERCEIROS - PESSOA JURÍDICA,1
407,05387322000159,UNIÃO DOS DIRIGENTES MUNICIPAIS DE EDUCA,3815.0,5.295706476421001e-05,EXTERNAL_EXACT_ACTIVE_NO_LOCAL_FOOTPRINT,02,RS,8801,PORTO ALEGRE,0,OUTROS SERVIÇOS DE TERCEIROS - PESSOA JURÍDICA,2
408,23597822000105,SERRA SAUDE COMERCIO DE EQUIPAMENTOS MED,3786.98,5.256811143401521e-05,EXTERNAL_EXACT_ACTIVE_NO_LOCAL_FOOTPRINT,02,RS,8801,PORTO ALEGRE,0,MATERIAL DE CONSUMO,1
409,10583148000150,ANGELO CELESTINO FLAIN PETRINI JUNIOR,3712.8,5.153839844208622e-05,EXTERNAL_EXACT_ACTIVE_NO_LOCAL_FOOTPRINT,02,RS,8713,ITAQUI,0,MATERIAL DE CONSUMO,5
410,24241038000114,PARASOU E-COMMERCE LTDA,3674.4,5.100535747565223e-05,EXTERNAL_EXACT_ACTIVE_NO_LOCAL_FOOTPRINT,02,RS,8619,CRUZ ALTA,0,MATERIAL DE CONSUMO,4
411,42422253000101,EMPRESA DE TECNOLOGIA E INFORMACOES DA P,3600.0,4.9972590603186374e-05,EXTERNAL_EXACT_ACTIVE_NO_LOCAL_FOOTPRINT,02,DF,9701,BRASILIA,0,OUTROS SERVIÇOS DE TERCEIROS - PESSOA JURÍDICA | SERVIÇOS DE TECNOLOGIA DA INFORMAÇÃO E COMUNICAÇÃO,6
412,91252635000131,MARIA TEREZA PIRES MACHADO-ME,3531.9,4.90272757642761e-05,LOCAL_EXACT_ACTIVE,02,RS,8863,SAO BORJA,1,MATERIAL DE CONSUMO,8
413,09611741000183,MARILEI TERESINHA GIUSTI CAPPELARI,3525.0,4.8931494965619993e-05,LOCAL_EXACT_ACTIVE,02,RS,8863,SAO BORJA,1,OUTROS SERVIÇOS DE TERCEIROS - PESSOA JURÍDICA,2
414,07381576000195,DRC MATERIAIS DE CONSTRUCAO LTDA,3507.0,4.868163201260406e-05,EXTERNAL_EXACT_ACTIVE_NO_LOCAL_FOOTPRINT,02,RS,8717,IVOTI,0,MATERIAL DE CONSUMO,16
415,01673020000196,TARCISO DE MATTOS CARVALHO - ME,3485.0,4.8376243958917926e-05,LOCAL_EXACT_ACTIVE,02,RS,8863,SAO BORJA,1,OUTROS SERVIÇOS DE TERCEIROS - PESSOA JURÍDICA,2
416,52996455000102,ELEVATE UTILIDADES LTDA,3404.7,4.726157756296351e-05,EXTERNAL_EXACT_ACTIVE_NO_LOCAL_FOOTPRINT,02,RS,7313,TAQUARUCU DO SUL,0,MATERIAL DE CONSUMO,27
417,17417852000181,GRÁFICA DIRETA LTDA -ME,3376.5,4.6870125603238554e-05,EXTERNAL_EXACT_ACTIVE_NO_LOCAL_FOOTPRINT,02,RS,8801,PORTO ALEGRE,0,OUTROS SERVIÇOS DE TERCEIROS - PESSOA JURÍDICA,4
418,12418191000195,CONQUISTA DISTRIBUIDORA DE MEDICAMENTOS,3355.0,4.6571678187136195e-05,EXTERNAL_EXACT_ACTIVE_NO_LOCAL_FOOTPRINT,02,SC,8061,CAMBORIU,0,"MATERIAL, BEM OU SERVIÇO PARA DIST. GRATUITA",4
419,37885137000180,AMB DISTRIBUIDORA DE MEDICAMENTO E MATER,3300.0,4.5808208052920845e-05,EXTERNAL_EXACT_ACTIVE_NO_LOCAL_FOOTPRINT,02,PR,7471,CAMBE,0,EQUIPAMENTOS E MATERIAL PERMANENTE,1
420,72150550000106,JULIANO DE COSTA LTDA  EPP,3248.1,4.508776987172491e-05,EXTERNAL_EXACT_ACTIVE_NO_LOCAL_FOOTPRINT,02,PR,7565,FRANCISCO BELTRAO,0,MATERIAL DE CONSUMO,5
421,28075541000106,INTEGRA GEOLOGIA AMBIENTAL LTDA ME,3200.0,4.4420080536165666e-05,EXTERNAL_EXACT_ACTIVE_NO_LOCAL_FOOTPRINT,02,RS,8729,LAJEADO,0,OUTROS SERVIÇOS DE TERCEIROS - PESSOA JURÍDICA,3
422,11262969000157,SUPRAMIL COMERCIAL LTDA,3151.2,4.374267430798914e-05,EXTERNAL_EXACT_ACTIVE_NO_LOCAL_FOOTPRINT,02,SP,6511,INDAIATUBA,0,MATERIAL DE CONSUMO,1
423,51740794000160,YNEMED PRODUTOS MEDICOS E HOSPITALARES L,3148.8,4.370935924758702e-05,EXTERNAL_EXACT_ACTIVE_NO_LOCAL_FOOTPRINT,02,PR,7427,ARAPONGAS,0,EQUIPAMENTOS E MATERIAL PERMANENTE | MATERIAL DE CONSUMO,5
424,08476288000187,DENISE ELISANDRA COUTO FERON,3108.3,4.314716760330118e-05,EXTERNAL_EXACT_ACTIVE_NO_LOCAL_FOOTPRINT,02,RS,8705,IJUI,0,MATERIAL DE CONSUMO,2
425,24402903000167,NACIONAL SAFETY EQUIPAMENTOS DE SEGURANC,3101.59,4.30540242469269e-05,EXTERNAL_EXACT_ACTIVE_NO_LOCAL_FOOTPRINT,02,PR,7691,MARINGA,0,MATERIAL DE CONSUMO,5
426,00341435000108,TORNEARIA E MECANICA FITZ LTDA,3100.0,4.3031953019410494e-05,LOCAL_EXACT_ACTIVE,02,RS,8863,SAO BORJA,1,OUTROS SERVIÇOS DE TERCEIROS - PESSOA JURÍDICA,1
427,50445599000145,K2M MAQUINAS LTDA,3080.0,4.275432751605946e-05,EXTERNAL_EXACT_ACTIVE_NO_LOCAL_FOOTPRINT,02,SC,8179,JOINVILLE,0,EQUIPAMENTOS E MATERIAL PERMANENTE,1
428,43074841000156,AGIL STOCK COMERCIO DE MEDICAMENTOS LTDA,3054.94,4.240646276036061e-05,EXTERNAL_EXACT_ACTIVE_NO_LOCAL_FOOTPRINT,02,RS,8839,SANTA CRUZ DO SUL,0,"MATERIAL, BEM OU SERVIÇO PARA DIST. GRATUITA",1
429,93641710003873,FERNANDEZ COMERCIO DE MEDICAMENTOS SA,3026.37,4.200987472882365e-05,LOCAL_EXACT_ACTIVE,02,RS,8863,SAO BORJA,9,"MATERIAL, BEM OU SERVIÇO PARA DIST. GRATUITA",1
430,03961467000196,MULTI QUADROS E VIDROS LTDA,3020.7,4.1931167898623636e-05,EXTERNAL_EXACT_ACTIVE_NO_LOCAL_FOOTPRINT,02,MG,4123,BELO HORIZONTE,0,EQUIPAMENTOS E MATERIAL PERMANENTE,2
431,30401055000174,ARMACOES NORTE COMERCIO DE FERRAGENS LTD,3007.5,4.174793506641195e-05,EXTERNAL_EXACT_ACTIVE_NO_LOCAL_FOOTPRINT,02,RS,5943,BARRA FUNDA,0,"MATERIAL DE CONSUMO | MATERIAL, BEM OU SERVIÇO PARA DIST. GRATUITA",5
432,30632911000100,C. F. MELGARECHO,3000.0,4.1643825502655315e-05,EXTERNAL_EXACT_ACTIVE_NO_LOCAL_FOOTPRINT,02,RS,8839,SANTA CRUZ DO SUL,0,EQUIPAMENTOS E MATERIAL PERMANENTE,1
433,04709243000154,BS EQUIPAMENTOS INDUSTRIA E COMERCIO LTD,2990.0,4.15050127509798e-05,EXTERNAL_EXACT_ACTIVE_NO_LOCAL_FOOTPRINT,02,MG,5413,VARGINHA,0,EQUIPAMENTOS E MATERIAL PERMANENTE,1
434,37364053000100,CASA & CORES COMERCIO DE MATERIAIS DE CO,2985.0,4.143560637514204e-05,EXTERNAL_EXACT_ACTIVE_NO_LOCAL_FOOTPRINT,02,MS,9113,NAVIRAI,0,MATERIAL DE CONSUMO,4
435,42496258000170,METTA FARMACEUTICA LTDA,2848.86,3.9545809573831545e-05,EXTERNAL_EXACT_ACTIVE_NO_LOCAL_FOOTPRINT,02,PR,7751,PATO BRANCO,0,"MATERIAL, BEM OU SERVIÇO PARA DIST. GRATUITA",1
436,45232778000164,INOVARE COMERCIO DE SUPRIMENTOS DE INFOR,2833.25,3.9329122868466055e-05,EXTERNAL_EXACT_ACTIVE_NO_LOCAL_FOOTPRINT,02,RS,8909,SERAFINA CORREA,0,MATERIAL DE CONSUMO,24
437,25433520000119,RMS ELETRO REFRIGERACAO E DISTRIBUIDORA,2831.0,3.9297889999339065e-05,EXTERNAL_EXACT_ACTIVE_NO_LOCAL_FOOTPRINT,02,RS,8951,URUGUAIANA,0,OUTROS SERVIÇOS DE TERCEIROS - PESSOA JURÍDICA,15
438,44223526000106,DISTRIBUIDORA AGUA BOA LTDA,2806.08,3.895196862216367e-05,EXTERNAL_EXACT_ACTIVE_NO_LOCAL_FOOTPRINT,02,SC,9951,IPORA DO OESTE,0,MATERIAL DE CONSUMO,3
439,50210605000185,GT COMERCIO E LICITACOES LTDA,2787.8,3.869821891210083e-05,EXTERNAL_EXACT_ACTIVE_NO_LOCAL_FOOTPRINT,02,DF,9701,BRASILIA,0,EQUIPAMENTOS E MATERIAL PERMANENTE,2
440,60845283000102,GJ MOVEIS E DECORACOES LTDA,2760.0,3.831231946244289e-05,EXTERNAL_EXACT_ACTIVE_NO_LOCAL_FOOTPRINT,02,PR,7427,ARAPONGAS,0,EQUIPAMENTOS E MATERIAL PERMANENTE,3
441,32121534000162,ADEMIR ABRAO BRUSTOLIN 62179330049,2719.0,3.774318718057327e-05,EXTERNAL_EXACT_ACTIVE_NO_LOCAL_FOOTPRINT,02,RS,8517,ARATIBA,0,MATERIAL DE CONSUMO,1
442,34098668000216,SULPASSO COMERCIO DE CAMINHOES LTDA,2707.53,3.758396895440145e-05,EXTERNAL_EXACT_ACTIVE_NO_LOCAL_FOOTPRINT,02,RS,8847,SANTA ROSA,0,MATERIAL DE CONSUMO,2
443,18527195000198,DOMINIO COMERCIO DE EQUIPAMENTOS LTDA,2688.92,3.732563842353331e-05,EXTERNAL_EXACT_ACTIVE_NO_LOCAL_FOOTPRINT,02,PR,7535,CURITIBA,0,EQUIPAMENTOS E MATERIAL PERMANENTE,1
444,46615867000152,LCA INDUSTRIA E COMERCIO DE CORDAS E RED,2684.0,3.7257342549708955e-05,EXTERNAL_EXACT_ACTIVE_NO_LOCAL_FOOTPRINT,02,PR,7553,FLORAI,0,MATERIAL DE CONSUMO,4
445,16989002000276,ELIANE RESTA DAL ROSSO GOYA /ME,2679.7,3.7197653066488484e-05,EXTERNAL_EXACT_ACTIVE_NO_LOCAL_FOOTPRINT,02,RS,8951,URUGUAIANA,0,EQUIPAMENTOS E MATERIAL PERMANENTE | MATERIAL DE CONSUMO,7
446,37406687000170,INFRASEG EQUIPAMENTOS DE PROTEÇÃO LTDA,2672.4,3.7096319757765356e-05,EXTERNAL_EXACT_ACTIVE_NO_LOCAL_FOOTPRINT,02,SC,8041,BARRA VELHA,0,MATERIAL DE CONSUMO,2
447,08427697000193,VILSON AMAURI SOARES DE SOARES,2670.0,3.706300469736323e-05,EXTERNAL_EXACT_ACTIVE_NO_LOCAL_FOOTPRINT,02,RS,8851,SANTIAGO,0,EQUIPAMENTOS E MATERIAL PERMANENTE | MATERIAL DE CONSUMO,6
448,55240764000146,NOROESTE SUPRIMENTOS LTDA,2656.24,3.6871998351057714e-05,EXTERNAL_EXACT_ACTIVE_NO_LOCAL_FOOTPRINT,02,RS,8939,TRES DE MAIO,0,MATERIAL DE CONSUMO,21
449,23588621000133,VITOR DIOGO WENDLING,2656.0,3.6868666845017505e-05,EXTERNAL_EXACT_ACTIVE_NO_LOCAL_FOOTPRINT,02,RS,8649,ESTANCIA VELHA,0,EQUIPAMENTOS E MATERIAL PERMANENTE,2
450,05095847000110,NARANEI DE ROSSO NEVES,2646.9,3.6742347240992784e-05,LOCAL_EXACT_ACTIVE,02,RS,8863,SAO BORJA,1,MATERIAL DE CONSUMO,1
451,23217514000107,HUBNET E-COMMERCE EIRELI,2624.95,3.643765325106502e-05,EXTERNAL_EXACT_ACTIVE_NO_LOCAL_FOOTPRINT,02,SP,6131,AMERICANA,0,EQUIPAMENTOS E MATERIAL PERMANENTE,2
452,52159781000165,PAOLA MELLO MOTTA,2610.0,3.623012818731012e-05,LOCAL_EXACT_ACTIVE,02,RS,8863,SAO BORJA,1,MATERIAL DE CONSUMO,6
453,17605216000183,EFICAZ MED COMERCIO DE PRODUTOS HOSPITAL,2580.0,3.581368993228357e-05,EXTERNAL_EXACT_ACTIVE_NO_LOCAL_FOOTPRINT,02,RS,8637,ERECHIM,0,EQUIPAMENTOS E MATERIAL PERMANENTE,2
454,07014318000170,CISCRE IMPORTACAO E DISTRIBUICAO DE PROD,2551.54,3.5418628841015046e-05,EXTERNAL_EXACT_ACTIVE_NO_LOCAL_FOOTPRINT,02,SP,6291,CAMPINAS,0,MATERIAL DE CONSUMO,1
455,01806961000150,CONDOMÍNIO CENTRO COMERCIAL PRESIDENTEVA,2496.05,3.46483568819676e-05,LOCAL_EXACT_ACTIVE,02,RS,8863,SAO BORJA,1,OUTROS SERVIÇOS DE TERCEIROS - PESSOA JURÍDICA,8
456,59058520000106,RZN COMERCIO LTDA,2490.0,3.456437516720391e-05,EXTERNAL_EXACT_ACTIVE_NO_LOCAL_FOOTPRINT,02,PR,7667,LONDRINA,0,MATERIAL DE CONSUMO,1
457,11175931000147,MASTERFER COMERCIO DE FERRAGENS LTDA,2483.8,3.4478311261165094e-05,EXTERNAL_EXACT_ACTIVE_NO_LOCAL_FOOTPRINT,02,RS,8637,ERECHIM,0,MATERIAL DE CONSUMO,1
458,26769011000124,GRAFICA JHZ LTDA,2430.0,3.37314986571508e-05,EXTERNAL_EXACT_ACTIVE_NO_LOCAL_FOOTPRINT,02,RS,8593,CARLOS BARBOSA,0,OUTROS SERVIÇOS DE TERCEIROS - PESSOA JURÍDICA,1
459,54647123000148,JT COMERCIO DE PRODUTOS MEDICOS LTDA,2430.0,3.37314986571508e-05,EXTERNAL_EXACT_ACTIVE_NO_LOCAL_FOOTPRINT,02,PR,7623,IVAIPORA,0,EQUIPAMENTOS E MATERIAL PERMANENTE,4
460,04892707000100,DNIT-DEPARTAMENTO NACIONAL DE INFRAEST D,2424.6,3.365653977124602e-05,EXTERNAL_EXACT_ACTIVE_NO_LOCAL_FOOTPRINT,02,DF,9701,BRASILIA,0,OUTROS SERVIÇOS DE TERCEIROS - PESSOA JURÍDICA,4
461,63679550000107,VERLUMA COMERCIO LTDA,2415.0,3.3523279529637526e-05,EXTERNAL_EXACT_ACTIVE_NO_LOCAL_FOOTPRINT,02,SP,6155,ARACATUBA,0,EQUIPAMENTOS E MATERIAL PERMANENTE,3
462,50591089000186,A2XR COMERCIAL LTDA,2401.3,3.333310605984207e-05,EXTERNAL_EXACT_ACTIVE_NO_LOCAL_FOOTPRINT,02,PR,7859,SANTO ANTONIO DA PLATINA,0,MATERIAL DE CONSUMO,5
463,21227039000116,LIFE CENTER COMERCIO E DISTRIBUIDORA DE,2261.9,3.139805630148535e-05,EXTERNAL_EXACT_ACTIVE_NO_LOCAL_FOOTPRINT,02,RS,8637,ERECHIM,0,"MATERIAL, BEM OU SERVIÇO PARA DIST. GRATUITA",3
464,07883005000159,ANDREAS HALMENSCHLAGER,2235.89,3.103700433437733e-05,LOCAL_EXACT_ACTIVE,02,RS,8863,SAO BORJA,1,OUTROS SERVIÇOS DE TERCEIROS - PESSOA JURÍDICA,1
465,23218942000146,SW VETTORAZZI LTDA,2200.0,3.05388053686139e-05,EXTERNAL_EXACT_ACTIVE_NO_LOCAL_FOOTPRINT,02,RS,8669,GARIBALDI,0,EQUIPAMENTOS E MATERIAL PERMANENTE,1
466,61518314000175,BOMPP - DISTRIBUIDORA DE NUTRICAO E MEDI,2198.0,3.0511042818278792e-05,EXTERNAL_EXACT_ACTIVE_NO_LOCAL_FOOTPRINT,02,RS,8801,PORTO ALEGRE,0,"MATERIAL, BEM OU SERVIÇO PARA DIST. GRATUITA",2
467,54808865000108,JRMA DISTRIBUIDORA DE EQUIPAMENTOS E MAT,2190.0,3.039999261693838e-05,EXTERNAL_EXACT_ACTIVE_NO_LOCAL_FOOTPRINT,02,MG,4123,BELO HORIZONTE,0,EQUIPAMENTOS E MATERIAL PERMANENTE,2
468,30380856000109,"EXXITUS COMERCIO ATACADISTA, VAREJISTA E",2150.5,2.9851682247820083e-05,EXTERNAL_EXACT_ACTIVE_NO_LOCAL_FOOTPRINT,02,SC,8045,BIGUACU,0,MATERIAL DE CONSUMO,1
469,54152890000186,TMD E-COMMERCE LTDA,2118.0,2.940054080487465e-05,EXTERNAL_EXACT_ACTIVE_NO_LOCAL_FOOTPRINT,02,RS,0990,ITAARA,0,EQUIPAMENTOS E MATERIAL PERMANENTE,1
470,50373558000190,VENGUER INDUSTRIA E COMERCIO LTDA,2100.0,2.915067785185872e-05,EXTERNAL_EXACT_ACTIVE_NO_LOCAL_FOOTPRINT,02,SP,6131,AMERICANA,0,MATERIAL DE CONSUMO,1
471,15152448000106,REGIS AZEVEDO KAPP,2088.0,2.89841025498481e-05,EXTERNAL_EXACT_ACTIVE_NO_LOCAL_FOOTPRINT,02,RS,8591,CARAZINHO,0,EQUIPAMENTOS E MATERIAL PERMANENTE,1
472,01935819000103,DETRAN/RS - DEPART. ESTADUAL DE TRÂNSITO,2087.47,2.8976745474009293e-05,EXTERNAL_EXACT_ACTIVE_NO_LOCAL_FOOTPRINT,02,RS,8801,PORTO ALEGRE,0,OUTROS SERVIÇOS DE TERCEIROS - PESSOA JURÍDICA,13
473,36047635000191,AJP COMERCIO ATACADO E VAREJO DE PRODUTO,2083.0,2.891469617401034e-05,EXTERNAL_EXACT_ACTIVE_NO_LOCAL_FOOTPRINT,02,RS,9823,BOM PRINCIPIO,0,MATERIAL DE CONSUMO,1
474,52339425000123,N M LICITACOES LTDA,2062.0,2.8623189395491752e-05,EXTERNAL_EXACT_ACTIVE_NO_LOCAL_FOOTPRINT,02,MG,4417,CURVELO,0,"MATERIAL, BEM OU SERVIÇO PARA DIST. GRATUITA",2
475,48283528000141,LIVRARIA NOVA LTDA,2031.7,2.8202586757914935e-05,LOCAL_EXACT_ACTIVE,02,RS,8863,SAO BORJA,1,MATERIAL DE CONSUMO,5
476,29589364000130,LAUREANA AQUINO SANT ANA MERCADO,2003.88,2.7816409682753646e-05,LOCAL_EXACT_ACTIVE,02,RS,8863,SAO BORJA,1,MATERIAL DE CONSUMO,1
477,09594945000153,G. A. ROCHA & CIA. LTDA.,2000.0,2.7762550335103545e-05,LOCAL_EXACT_ACTIVE,02,RS,8863,SAO BORJA,2,MATERIAL DE CONSUMO,1
478,53308814000154,ACESSORIOS AUTOMOTIVOS ROBALOS LTDA,2000.0,2.7762550335103545e-05,LOCAL_EXACT_ACTIVE,02,RS,8863,SAO BORJA,1,MATERIAL DE CONSUMO | OUTROS SERVIÇOS DE TERCEIROS - PESSOA JURÍDICA,2
479,62925921000112,62925921 TEREZA WENDLER MORAIS,1989.9,2.762234945591127e-05,EXTERNAL_EXACT_ACTIVE_NO_LOCAL_FOOTPRINT,02,PR,7583,GUARAPUAVA,0,EQUIPAMENTOS E MATERIAL PERMANENTE,1
480,81706251000198,PROMEFARMA MEDICAMENTOS E PRODUTOS HOSPI,1914.0,2.656876067069409e-05,EXTERNAL_EXACT_ACTIVE_NO_LOCAL_FOOTPRINT,02,PR,7535,CURITIBA,0,"MATERIAL, BEM OU SERVIÇO PARA DIST. GRATUITA",4
481,18336780000100,PLENARIA ASSESSRIA E GESTAO DE EVENTOS L,1874.0,2.601350966399202e-05,EXTERNAL_EXACT_ACTIVE_NO_LOCAL_FOOTPRINT,02,RS,8633,ENCANTADO,0,OUTROS SERVIÇOS DE TERCEIROS - PESSOA JURÍDICA,1
482,55482667000160,55.482.667 VANDERSON MACHADO PACHECO,1840.9,2.5554039455946058e-05,LOCAL_EXACT_ACTIVE,02,RS,8863,SAO BORJA,1,OUTROS SERVIÇOS DE TERCEIROS - PESSOA JURÍDICA,11
483,08459946000122,RETROPARTES PEÇAS E SERVIÇOS LTDA,1818.0,2.523615825460912e-05,EXTERNAL_EXACT_ACTIVE_NO_LOCAL_FOOTPRINT,02,RS,8801,PORTO ALEGRE,0,MATERIAL DE CONSUMO,1
484,22113603000132,ROBERTO KRELING NASCIMENTO ME,1742.0,2.4181181341875186e-05,EXTERNAL_EXACT_ACTIVE_NO_LOCAL_FOOTPRINT,02,RS,7367,PIRAPO,0,OUTROS SERVIÇOS DE TERCEIROS - PESSOA JURÍDICA,4
485,88594544000684,REDEMAQ REAL DISTRIB. DE MÁQUINAS AGRÍCO,1730.0,2.4014606039864564e-05,LOCAL_EXACT_ACTIVE,02,RS,8863,SAO BORJA,1,MATERIAL DE CONSUMO | OUTROS SERVIÇOS DE TERCEIROS - PESSOA JURÍDICA,2
486,18809845000864,FRONTEIRA INTERNET LTDA,1718.8,2.3859135757987984e-05,LOCAL_EXACT_ACTIVE,02,RS,8863,SAO BORJA,1,SERVIÇOS DE TECNOLOGIA DA INFORMAÇÃO E COMUNICAÇÃO,1
487,24864422000173,C E C IMPORTACAO E COMERCIO DE PRODUTOS,1690.0,2.3459355033162493e-05,EXTERNAL_EXACT_ACTIVE_NO_LOCAL_FOOTPRINT,02,PR,7623,IVAIPORA,0,EQUIPAMENTOS E MATERIAL PERMANENTE,1
488,62234180000123,CHSF DISTRIBUIDORA TEXTIL LTDA,1659.6,2.3037364268068918e-05,EXTERNAL_EXACT_ACTIVE_NO_LOCAL_FOOTPRINT,02,PR,7935,UMUARAMA,0,MATERIAL DE CONSUMO,3
489,22850731000169,BMH MATERIAIS HIDRULICOS LTDA ME,1656.76,2.2997941446593074e-05,EXTERNAL_EXACT_ACTIVE_NO_LOCAL_FOOTPRINT,02,RS,8637,ERECHIM,0,"MATERIAL DE CONSUMO | MATERIAL, BEM OU SERVIÇO PARA DIST. GRATUITA",7
490,24550559000153,WORKOUT COMERCIO DE PRODUTOS PARA SAUDE,1633.55,2.2675757049954195e-05,EXTERNAL_EXACT_ACTIVE_NO_LOCAL_FOOTPRINT,02,ES,5705,VITORIA,0,MATERIAL DE CONSUMO,1
491,11933619000175,UNIAO NACIONAL DOS CONSELHOS MUNICIPAIS,1631.5,2.2647300435860714e-05,EXTERNAL_EXACT_ACTIVE_NO_LOCAL_FOOTPRINT,02,RS,8877,SAO LEOPOLDO,0,OUTROS SERVIÇOS DE TERCEIROS - PESSOA JURÍDICA,1
492,30759356000174,BEATRIZ SULZBACH CORNELIUS LTDA,1626.0,2.257095342243918e-05,EXTERNAL_EXACT_ACTIVE_NO_LOCAL_FOOTPRINT,02,RS,8617,CRISSIUMAL,0,MATERIAL DE CONSUMO,3
493,02558157000162,TELEFONICA BRASIL SA,1615.3,2.2422423778146377e-05,ROOT_WITH_LOCAL_ACTIVE_FOOTPRINT,02,SP,7107,SAO PAULO,1,OUTROS SERVIÇOS DE TERCEIROS - PESSOA JURÍDICA,6
494,19139482000193,DSL COMERCIO DE COMBUSTIVEIS LTDA,1615.17,2.2420619212374594e-05,EXTERNAL_EXACT_ACTIVE_NO_LOCAL_FOOTPRINT,02,RS,8841,SANTA MARIA,0,MATERIAL DE CONSUMO,5
495,44734671000151,CRISTÁLIA PRODUTOS QUÍMICOS FARMACÊUTICO,1595.0,2.2140633892245075e-05,EXTERNAL_EXACT_ACTIVE_NO_LOCAL_FOOTPRINT,02,SP,6553,ITAPIRA,0,"MATERIAL, BEM OU SERVIÇO PARA DIST. GRATUITA",1
496,44880091000172,EVO SISTEMAS INTELIGENTES LTDA,1590.0,2.2071227516407318e-05,EXTERNAL_EXACT_ACTIVE_NO_LOCAL_FOOTPRINT,02,PR,5453,PINHAIS,0,EQUIPAMENTOS E MATERIAL PERMANENTE,2
497,91525790002128,FELICE AUTOMOVEIS LTDA.,1578.63,2.1913397417752256e-05,ROOT_WITH_LOCAL_ACTIVE_FOOTPRINT,02,RS,8705,IJUI,1,MATERIAL DE CONSUMO | OUTROS SERVIÇOS DE TERCEIROS - PESSOA JURÍDICA,2
498,74386038000695,J.C. DURIGAM COMERCIO DE AUTOPECAS LTDA,1563.0,2.169643308688342e-05,EXTERNAL_EXACT_ACTIVE_NO_LOCAL_FOOTPRINT,02,MG,4501,EXTREMA,0,MATERIAL DE CONSUMO,1
499,92823764000103,DIRCEU LONGO & CIA LTDA - EPP,1558.98,2.164063036070986e-05,EXTERNAL_EXACT_ACTIVE_NO_LOCAL_FOOTPRINT,02,RS,8533,BARAO DE COTEGIPE,0,EQUIPAMENTOS E MATERIAL PERMANENTE,2
500,03666234000160,RODSON MAGGIO PINTO & CIA LTDA,1552.0,2.154373906004035e-05,LOCAL_EXACT_ACTIVE,02,RS,8863,SAO BORJA,1,EQUIPAMENTOS E MATERIAL PERMANENTE | MATERIAL DE CONSUMO,4
501,49644526000101,BNP ASSESSORIA E PRODUTOS PARA SAUDE LTD,1511.76,2.0985156547298067e-05,EXTERNAL_EXACT_ACTIVE_NO_LOCAL_FOOTPRINT,02,PR,7535,CURITIBA,0,MATERIAL DE CONSUMO,1
502,11383230000101,AMAZONAS COMERCIO DE ADESIVOS E BRINDES,1502.4,2.0855227811729783e-05,EXTERNAL_EXACT_ACTIVE_NO_LOCAL_FOOTPRINT,02,MG,4123,BELO HORIZONTE,0,MATERIAL DE CONSUMO,5
503,58472229000109,58.472.229 JEFERSON LEON MACHADO DA SILV,1500.0,2.0821912751327658e-05,EXTERNAL_EXACT_ACTIVE_NO_LOCAL_FOOTPRINT,02,RS,8963,VIAMAO,0,OUTROS SERVIÇOS DE TERCEIROS - PESSOA JURÍDICA,2
504,82225947000165,A.  G.  KIENEN & CIA.  LTDA.,1491.0,2.069698127481969e-05,EXTERNAL_EXACT_ACTIVE_NO_LOCAL_FOOTPRINT,02,PR,7751,PATO BRANCO,0,"MATERIAL, BEM OU SERVIÇO PARA DIST. GRATUITA",2
505,75014167000100,NUNESFARMA PRODUTOS FARMACEUTICOS LTDA,1440.0,1.998903624127455e-05,EXTERNAL_EXACT_ACTIVE_NO_LOCAL_FOOTPRINT,02,PR,7535,CURITIBA,0,"MATERIAL, BEM OU SERVIÇO PARA DIST. GRATUITA",1
506,46924137000133,"MM DISTRIBUIDORA, INDUSTRIA E COMÉRCIO L",1436.8,1.9944616160738385e-05,EXTERNAL_EXACT_ACTIVE_NO_LOCAL_FOOTPRINT,02,GO,9227,APARECIDA DE GOIANIA,0,MATERIAL DE CONSUMO,7
507,39538437000119,UTILAR COMERCIO DE FERRAGEM LTDA,1436.0,1.9933511140604344e-05,EXTERNAL_EXACT_ACTIVE_NO_LOCAL_FOOTPRINT,02,RS,8713,ITAQUI,0,"MATERIAL DE CONSUMO | MATERIAL, BEM OU SERVIÇO PARA DIST. GRATUITA",3
508,29404097000180,OCTO FARMACO LTDA,1422.0,1.973917328825862e-05,EXTERNAL_EXACT_ACTIVE_NO_LOCAL_FOOTPRINT,02,SP,6635,LEME,0,"MATERIAL, BEM OU SERVIÇO PARA DIST. GRATUITA",1
509,00072182000106,ROSSI PRODUTOS HOSPITALARES LTDA.,1407.84,1.9542614431886084e-05,EXTERNAL_EXACT_ACTIVE_NO_LOCAL_FOOTPRINT,02,RS,8599,CAXIAS DO SUL,0,MATERIAL DE CONSUMO,2
510,52932346000121,VTR COMERCIAL LTDA,1400.0,1.943378523457248e-05,EXTERNAL_EXACT_ACTIVE_NO_LOCAL_FOOTPRINT,02,PR,7541,DOIS VIZINHOS,0,"MATERIAL, BEM OU SERVIÇO PARA DIST. GRATUITA",1
511,12130958000186,NADJA MARINA PIRES,1399.0,1.9419903959404927e-05,EXTERNAL_EXACT_ACTIVE_NO_LOCAL_FOOTPRINT,02,DF,9701,BRASILIA,0,EQUIPAMENTOS E MATERIAL PERMANENTE,1
512,10907550000142,QUERENCIA COMERCIAL E DISTRIBUIDORA LTDA,1380.0,1.9156159731221445e-05,EXTERNAL_EXACT_ACTIVE_NO_LOCAL_FOOTPRINT,02,RS,8963,VIAMAO,0,EQUIPAMENTOS E MATERIAL PERMANENTE,2
513,23143410000197,DFER DISTRIBUIDORA DE FERRAGENS LTDA,1378.22,1.91314510614232e-05,EXTERNAL_EXACT_ACTIVE_NO_LOCAL_FOOTPRINT,02,RS,8791,PELOTAS,0,"MATERIAL DE CONSUMO | MATERIAL, BEM OU SERVIÇO PARA DIST. GRATUITA",6
514,18828722000102,POLISPORT ARTIGOS ESPORTIVOS E CONFECCOE,1377.0,1.911451590571879e-05,EXTERNAL_EXACT_ACTIVE_NO_LOCAL_FOOTPRINT,02,SC,8253,PINHALZINHO,0,MATERIAL DE CONSUMO,3
515,01634429000101,J.    P.    GOLLEM INDUSTRIA E COMÉRCIO,1372.0,1.904510952988103e-05,EXTERNAL_EXACT_ACTIVE_NO_LOCAL_FOOTPRINT,02,RS,8801,PORTO ALEGRE,0,MATERIAL DE CONSUMO,9
516,01227689000154,METRICA TECNOLOGIA LTDA,1349.0,1.872584020102734e-05,EXTERNAL_EXACT_ACTIVE_NO_LOCAL_FOOTPRINT,02,SP,6979,RIO CLARO,0,SERVIÇOS DE TECNOLOGIA DA INFORMAÇÃO E COMUNICAÇÃO,1
517,37968398000164,LUCAS MORAES LEITE,1269.6,1.762366695272373e-05,EXTERNAL_EXACT_ACTIVE_NO_LOCAL_FOOTPRINT,02,RS,8801,PORTO ALEGRE,0,MATERIAL DE CONSUMO,25
518,05570714000159,KABUM COMÉRCIO ELETRONICO S.A.,1266.36,1.757869162118086e-05,EXTERNAL_EXACT_ACTIVE_NO_LOCAL_FOOTPRINT,02,SP,6639,LIMEIRA,0,EQUIPAMENTOS E MATERIAL PERMANENTE,1
519,09396523000173,PROMISSE COMERCIO DE MATERIAIS MEDICO HO,1245.0,1.7282187583601957e-05,EXTERNAL_EXACT_ACTIVE_NO_LOCAL_FOOTPRINT,02,PR,7691,MARINGA,0,"MATERIAL, BEM OU SERVIÇO PARA DIST. GRATUITA",1
520,26155703000182,COMTELAS SERVICOS E CONSTRUCOES LTDA,1208.0,1.676858040240254e-05,EXTERNAL_EXACT_ACTIVE_NO_LOCAL_FOOTPRINT,02,RS,8839,SANTA CRUZ DO SUL,0,MATERIAL DE CONSUMO,2
521,42422253000284,EMPRESA DE TECNOLOGIA E INFORMACOES DA P,1200.0,1.6657530201062125e-05,EXTERNAL_EXACT_ACTIVE_NO_LOCAL_FOOTPRINT,02,RJ,6001,RIO DE JANEIRO,0,OUTROS SERVIÇOS DE TERCEIROS - PESSOA JURÍDICA,2
522,00662270000320,"INSTITUTO NACIONAL DE METROLOGIA, QUALID",1171.17,1.625733303798161e-05,EXTERNAL_EXACT_ACTIVE_NO_LOCAL_FOOTPRINT,02,RJ,5833,DUQUE DE CAXIAS,0,OUTROS SERVIÇOS DE TERCEIROS - PESSOA JURÍDICA,2
523,03578349000101,DAL OSTO DEDETIZADORA LTDA,1170.0,1.6241091946035572e-05,LOCAL_EXACT_ACTIVE,02,RS,8863,SAO BORJA,2,OUTROS SERVIÇOS DE TERCEIROS - PESSOA JURÍDICA,1
524,73193211000161,TELEVIDA CENTRO ESPECIALIZADO DE TELEDI,1165.5,1.617862620778159e-05,EXTERNAL_EXACT_ACTIVE_NO_LOCAL_FOOTPRINT,02,SP,7107,SAO PAULO,0,OUTROS SERVIÇOS DE TERCEIROS - PESSOA JURÍDICA,1
525,39700820000121,MBEM COMERCIO E DISTRIBUICAO DE MATERIAI,1157.03,1.6061051807112427e-05,EXTERNAL_EXACT_ACTIVE_NO_LOCAL_FOOTPRINT,02,RS,8801,PORTO ALEGRE,0,MATERIAL DE CONSUMO,14
526,21601494000130,PAMPA COMÉRCIO E DISTRIBUIDORA EIRELI,1140.0,1.582465369100902e-05,EXTERNAL_EXACT_ACTIVE_NO_LOCAL_FOOTPRINT,02,RS,8963,VIAMAO,0,EQUIPAMENTOS E MATERIAL PERMANENTE,1
527,08658622000113,J.J.VITALLI,1130.91,1.5698472899735977e-05,EXTERNAL_EXACT_ACTIVE_NO_LOCAL_FOOTPRINT,02,RS,8667,FREDERICO WESTPHALEN,0,MATERIAL DE CONSUMO,5
528,55695599000117,MAGBA E-COMMERCE LTDA,1127.96,1.5657523137991696e-05,EXTERNAL_EXACT_ACTIVE_NO_LOCAL_FOOTPRINT,02,SC,8047,BLUMENAU,0,MATERIAL DE CONSUMO,1
529,18449927000179,ROBERTO DE CONTO  CIA LTDA,1116.0,1.5491503086987777e-05,EXTERNAL_EXACT_ACTIVE_NO_LOCAL_FOOTPRINT,02,RS,8517,ARATIBA,0,MATERIAL DE CONSUMO,1
530,04067663000184,VALDETAR RIBEIRO DE CARVALHO,1112.0,1.543597798631757e-05,EXTERNAL_EXACT_ACTIVE_NO_LOCAL_FOOTPRINT,02,RS,8853,SANTO ANGELO,0,MATERIAL DE CONSUMO,1
531,05117514000145,INSTALART MATERIAIS ELÉTRICOS LTDA,1061.5,1.4734973590356206e-05,EXTERNAL_EXACT_ACTIVE_NO_LOCAL_FOOTPRINT,02,RS,8647,ESPUMOSO,0,MATERIAL DE CONSUMO,6
532,92945153000120,SILVA & SEHN LTDA - EPP,1046.0,1.4519813825259152e-05,LOCAL_EXACT_ACTIVE,02,RS,8863,SAO BORJA,1,MATERIAL DE CONSUMO | OUTROS SERVIÇOS DE TERCEIROS - PESSOA JURÍDICA,2
533,52126556000122,WILIAN DOS SANTOS BLANCO,1000.0,1.3881275167551772e-05,LOCAL_EXACT_ACTIVE,02,RS,8863,SAO BORJA,1,OUTROS SERVIÇOS DE TERCEIROS - PESSOA JURÍDICA,2
534,41277322000160,DW MATERIAIS ELETRICOS LTDA,995.0,1.3811868791714013e-05,EXTERNAL_EXACT_ACTIVE_NO_LOCAL_FOOTPRINT,02,RS,8589,CANOAS,0,MATERIAL DE CONSUMO,4
535,55818205000170,BF3 TINTAS LTDA,970.0,1.3464836912525218e-05,EXTERNAL_EXACT_ACTIVE_NO_LOCAL_FOOTPRINT,02,SC,8355,TIJUCAS,0,MATERIAL DE CONSUMO,6
536,91421511000132,CGK SISTEMAS DE INFORMACAO LTDA,967.0,1.3423193087022564e-05,EXTERNAL_EXACT_ACTIVE_NO_LOCAL_FOOTPRINT,02,RS,8801,PORTO ALEGRE,0,SERVIÇOS DE TECNOLOGIA DA INFORMAÇÃO E COMUNICAÇÃO,1
537,18486182000118,NORTE INDUSTRIA GRAFICA LTDA,960.0,1.3326024160849701e-05,EXTERNAL_EXACT_ACTIVE_NO_LOCAL_FOOTPRINT,02,SC,8047,BLUMENAU,0,OUTROS SERVIÇOS DE TERCEIROS - PESSOA JURÍDICA,1
538,01997775000146,LOUSART IND. E COM. DE MATERIAIS PEDAGOG,950.0,1.3187211409174183e-05,EXTERNAL_EXACT_ACTIVE_NO_LOCAL_FOOTPRINT,02,PR,0842,CAMPO MAGRO,0,EQUIPAMENTOS E MATERIAL PERMANENTE,1
539,54154953000133,54.154.953 VANESSA SANTOS DO NASCIMENTO,948.0,1.315944885883908e-05,EXTERNAL_EXACT_ACTIVE_NO_LOCAL_FOOTPRINT,02,RJ,6001,RIO DE JANEIRO,0,MATERIAL DE CONSUMO,1
540,17952607000174,INDUSTRIA DE BOLAS TITA LTDA,934.68,1.297455027360729e-05,EXTERNAL_EXACT_ACTIVE_NO_LOCAL_FOOTPRINT,02,MG,5249,SAO JOAO DEL REI,0,MATERIAL DE CONSUMO,4
541,38413979000100,OLIVEIRA TELECOM,925.0,1.2840179529985388e-05,EXTERNAL_EXACT_ACTIVE_NO_LOCAL_FOOTPRINT,02,RS,8801,PORTO ALEGRE,0,MATERIAL DE CONSUMO,1
542,73993362000102,BARONESA LTDA,909.07,1.261905081656629e-05,EXTERNAL_EXACT_ACTIVE_NO_LOCAL_FOOTPRINT,02,RS,8801,PORTO ALEGRE,0,MATERIAL DE CONSUMO,4
543,49591832000119,FW SOLUCOES EM TECNOLOGIA LTDA,901.92,1.2519799699118293e-05,EXTERNAL_EXACT_ACTIVE_NO_LOCAL_FOOTPRINT,02,RS,8589,CANOAS,0,EQUIPAMENTOS E MATERIAL PERMANENTE,1
544,89342497000563,NICOLA VEICULOS LTDA,892.59,1.2390287401805035e-05,LOCAL_EXACT_ACTIVE,02,RS,8863,SAO BORJA,1,MATERIAL DE CONSUMO | OUTROS SERVIÇOS DE TERCEIROS - PESSOA JURÍDICA,3
545,18811871000150,MASTERPLAN SAO BORJA LTDA,841.5,1.1681093053494816e-05,LOCAL_EXACT_ACTIVE,02,RS,8863,SAO BORJA,1,OUTROS SERVIÇOS DE TERCEIROS - PESSOA JURÍDICA,1
546,05121961000178,SILVEIRA & ZIQUINATTI LTDA,832.3,1.155338532195334e-05,ROOT_WITH_LOCAL_ACTIVE_FOOTPRINT,02,RS,8857,SANTO ANTONIO DAS MISSOES,1,MATERIAL DE CONSUMO | OUTROS SERVIÇOS DE TERCEIROS - PESSOA JURÍDICA,7
547,13338681000144,COMERCIAL SPONCHIADO LTDA,818.0,1.1354883087057349e-05,EXTERNAL_EXACT_ACTIVE_NO_LOCAL_FOOTPRINT,02,RS,8667,FREDERICO WESTPHALEN,0,MATERIAL DE CONSUMO,5
548,64179473000180,KETLEN CHALMES DE ROSSO,816.0,1.1327120536722246e-05,LOCAL_EXACT_ACTIVE,02,RS,8863,SAO BORJA,1,MATERIAL DE CONSUMO,3
549,59215212000139,59.215.212 THAIS VARGAS DA SILVA,810.0,1.1243832885716935e-05,LOCAL_EXACT_ACTIVE,02,RS,8863,SAO BORJA,1,MATERIAL DE CONSUMO | OUTROS SERVIÇOS DE TERCEIROS - PESSOA JURÍDICA,4
550,27545675000172,JONES ADAIR WECKER SIEBERT 02358119040,800.0,1.1105020134041416e-05,LOCAL_EXACT_ACTIVE,02,RS,8863,SAO BORJA,1,OUTROS SERVIÇOS DE TERCEIROS - PESSOA JURÍDICA,1
551,31296543000121,IMPERMEABILIZA COMERCIO DE TINTAS LTDA.,767.9,1.0659431201163005e-05,EXTERNAL_EXACT_ACTIVE_NO_LOCAL_FOOTPRINT,02,RS,8683,GRAVATAI,0,"MATERIAL DE CONSUMO | MATERIAL, BEM OU SERVIÇO PARA DIST. GRATUITA",6
552,39840107000183,MASTERMEDIC DISTRIBUIDORA LTDA,752.8,1.0449823946132974e-05,EXTERNAL_EXACT_ACTIVE_NO_LOCAL_FOOTPRINT,02,SC,8053,BRACO DO NORTE,0,MATERIAL DE CONSUMO,2
553,92883834000100,DAER/RS-DEPART. AUTON. ESTR. DE RODAGEM,728.88,1.0117783844125136e-05,EXTERNAL_EXACT_ACTIVE_NO_LOCAL_FOOTPRINT,02,RS,8801,PORTO ALEGRE,0,OUTROS SERVIÇOS DE TERCEIROS - PESSOA JURÍDICA,5
554,05135045000197,MASTER RELÓGIOS COMERCIO DE EQUIPAMENTOS,725.76,1.0074474265602373e-05,EXTERNAL_EXACT_ACTIVE_NO_LOCAL_FOOTPRINT,02,RS,8847,SANTA ROSA,0,SERVIÇOS DE TECNOLOGIA DA INFORMAÇÃO E COMUNICAÇÃO,1
555,52735169000193,52.735.169 PAULO RICARDO CRESTANI LOCATE,716.0,9.938993019967069e-06,LOCAL_EXACT_ACTIVE,02,RS,8863,SAO BORJA,1,MATERIAL DE CONSUMO | OUTROS SERVIÇOS DE TERCEIROS - PESSOA JURÍDICA,2
556,39346590000144,KDN COMERCIO ATACADISTA LTDA,705.0,9.786298993123999e-06,EXTERNAL_EXACT_ACTIVE_NO_LOCAL_FOOTPRINT,02,PR,7471,CAMBE,0,MATERIAL DE CONSUMO,1
557,53893980000165,BORJA PECAS LTDA,703.0,9.758536442788896e-06,LOCAL_EXACT_ACTIVE,02,RS,8863,SAO BORJA,1,EQUIPAMENTOS E MATERIAL PERMANENTE,1
558,04415928004347,LOJAS BECKER LTDA,699.0,9.703011342118688e-06,LOCAL_EXACT_ACTIVE,02,RS,8863,SAO BORJA,2,EQUIPAMENTOS E MATERIAL PERMANENTE,1
559,23608114000114,SUELEN DAIANE KANIS,691.9,9.60445428842907e-06,EXTERNAL_EXACT_ACTIVE_NO_LOCAL_FOOTPRINT,02,SC,8357,TIMBO,0,MATERIAL DE CONSUMO,9
560,53292332000153,GOVTECH LAB TECNOLOGIA E INOVAÇÃO LTDA,673.2,9.344874442795853e-06,EXTERNAL_EXACT_ACTIVE_NO_LOCAL_FOOTPRINT,02,RS,8737,MARAU,0,OUTROS SERVIÇOS DE TERCEIROS - PESSOA JURÍDICA,1
561,01579286000174,SAFEWEB SEGURANÇA DA INFORMAÇÃO LTDA,655.0,9.092235234746411e-06,EXTERNAL_EXACT_ACTIVE_NO_LOCAL_FOOTPRINT,02,RS,8801,PORTO ALEGRE,0,SERVIÇOS DE TECNOLOGIA DA INFORMAÇÃO E COMUNICAÇÃO,1
562,34248356000160,ALEX BELMONTE MOREIRA,649.9,9.021440731391895e-06,LOCAL_EXACT_ACTIVE,02,RS,8863,SAO BORJA,1,MATERIAL DE CONSUMO,1
563,38259243000111,NB CONSULTORIA E DISTRIBUIDORA DE PRODUT,607.62,8.434540417307808e-06,EXTERNAL_EXACT_ACTIVE_NO_LOCAL_FOOTPRINT,02,PR,7535,CURITIBA,0,MATERIAL DE CONSUMO,2
564,37272059000149,CARLOS ROBERTO FACIO DAS DORES,590.0,8.189952348855546e-06,LOCAL_EXACT_ACTIVE,02,RS,8863,SAO BORJA,1,OUTROS SERVIÇOS DE TERCEIROS - PESSOA JURÍDICA,3
565,60282790000177,UNIACE SOLUCOES INTEGRADAS LTDA,566.0,7.856801744834302e-06,EXTERNAL_EXACT_ACTIVE_NO_LOCAL_FOOTPRINT,02,MA,0921,SAO LUIS,0,MATERIAL DE CONSUMO,1
566,08582779000102,CP MAGARINOS MECANICA LTDA,541.24,7.513101371685721e-06,EXTERNAL_EXACT_ACTIVE_NO_LOCAL_FOOTPRINT,02,SC,8083,CONCORDIA,0,MATERIAL DE CONSUMO,2
567,12419021000125,RITA KOCHHANN LEDUR LTDA,525.0,7.28766946296468e-06,LOCAL_EXACT_ACTIVE,02,RS,8863,SAO BORJA,1,MATERIAL DE CONSUMO,1
568,59566602000153,DESBRAVA ASSESSORIA E CONSULTORIA EM LIC,510.0,7.079450335451404e-06,EXTERNAL_EXACT_ACTIVE_NO_LOCAL_FOOTPRINT,02,SC,8081,CHAPECO,0,MATERIAL DE CONSUMO,1
569,46794528000180,G L DA SILVA FILHO LIMITADA,502.0,6.968400134110989e-06,EXTERNAL_EXACT_ACTIVE_NO_LOCAL_FOOTPRINT,02,PE,2499,PALMARES,0,EQUIPAMENTOS E MATERIAL PERMANENTE,2
570,10604267000141,ACONTURS-ASSOC.DOS CONS. EX-CONSELHEROS,500.0,6.940637583775886e-06,EXTERNAL_EXACT_ACTIVE_NO_LOCAL_FOOTPRINT,02,RS,8963,VIAMAO,0,OUTROS SERVIÇOS DE TERCEIROS - PESSOA JURÍDICA,2
571,61237085000110,RM SUPRIMENTOS ESCOLAR E ESCRITORIO LTDA,489.55,6.79557825827497e-06,EXTERNAL_EXACT_ACTIVE_NO_LOCAL_FOOTPRINT,02,RS,8599,CAXIAS DO SUL,0,MATERIAL DE CONSUMO,16
572,27226575000183,M PANICIO VERTUAN SUPLEMENTOS ALIMENTICI,468.0,6.496436778414229e-06,EXTERNAL_EXACT_ACTIVE_NO_LOCAL_FOOTPRINT,02,PR,7691,MARINGA,0,"MATERIAL, BEM OU SERVIÇO PARA DIST. GRATUITA",1
573,10942831000136,COMERCIAL VANGUARDEIRA EIRELI ME,467.33,6.487136324051969e-06,EXTERNAL_EXACT_ACTIVE_NO_LOCAL_FOOTPRINT,02,SC,8047,BLUMENAU,0,EQUIPAMENTOS E MATERIAL PERMANENTE,2
574,90519018000197,ORIGINAL GRAFICA EXPRESSA LTDA,462.0,6.413149127408918e-06,EXTERNAL_EXACT_ACTIVE_NO_LOCAL_FOOTPRINT,02,RS,8801,PORTO ALEGRE,0,OUTROS SERVIÇOS DE TERCEIROS - PESSOA JURÍDICA,1
575,03675338000131,IPCOMM TECNOLOGIA LTDA,459.89,6.383859636805384e-06,EXTERNAL_EXACT_ACTIVE_NO_LOCAL_FOOTPRINT,02,SP,6619,JUNDIAI,0,SERVIÇOS DE TECNOLOGIA DA INFORMAÇÃO E COMUNICAÇÃO,1
576,30994121000167,TOPMIX UTILIDADES E SERVICOS LTDA,456.0,6.3298614764036076e-06,EXTERNAL_EXACT_ACTIVE_NO_LOCAL_FOOTPRINT,02,RS,8801,PORTO ALEGRE,0,MATERIAL DE CONSUMO,2
577,07628070000138,INDUSTRIA E COMERCIO COLCHOES ORTHOVIDA,438.9,6.092491671038472e-06,EXTERNAL_EXACT_ACTIVE_NO_LOCAL_FOOTPRINT,02,MG,4417,CURVELO,0,MATERIAL DE CONSUMO,1
578,14157326000131,FUNDO ESPECIAL DE SEGURANÇA PUBLICA,424.89,5.898015005941072e-06,EXTERNAL_EXACT_ACTIVE_NO_LOCAL_FOOTPRINT,02,RS,8801,PORTO ALEGRE,0,OUTROS SERVIÇOS DE TERCEIROS - PESSOA JURÍDICA,2
579,13779852000170,GRANDIOSA SUPRIMENTOS & TRANSPORTES LTDA,408.0,5.663560268361123e-06,EXTERNAL_EXACT_ACTIVE_NO_LOCAL_FOOTPRINT,02,RS,8543,BOA VISTA DO BURICA,0,MATERIAL DE CONSUMO,2
580,54040457000159,EMERSON GUERRA MACHADO,400.0,5.552510067020708e-06,LOCAL_EXACT_ACTIVE,02,RS,8863,SAO BORJA,1,MATERIAL DE CONSUMO,1
581,17695813002602,JP SANTA LÚCIA COMÉRCIO DE COMBUSTÍVEIS,400.0,5.552510067020708e-06,LOCAL_EXACT_ACTIVE,02,RS,8863,SAO BORJA,2,MATERIAL DE CONSUMO,2
582,24765538000155,VILMAR CASTANHEIRA,393.5,5.462281778431622e-06,EXTERNAL_EXACT_ACTIVE_NO_LOCAL_FOOTPRINT,02,RS,8637,ERECHIM,0,MATERIAL DE CONSUMO,1
583,26950671000107,LICERI COMERCIO DE PRODUTOS EM GERAL LTD,386.7,5.36788910729227e-06,EXTERNAL_EXACT_ACTIVE_NO_LOCAL_FOOTPRINT,02,RS,7313,TAQUARUCU DO SUL,0,MATERIAL DE CONSUMO,1
584,67729178000572,COMERCIAL CIRÚRGICA RIOCLARENSE LTDA.,359.04,4.9839330361577885e-06,EXTERNAL_EXACT_ACTIVE_NO_LOCAL_FOOTPRINT,02,PR,7667,LONDRINA,0,"MATERIAL, BEM OU SERVIÇO PARA DIST. GRATUITA",4
585,64919605000163,64.919.605 ELIU FRAGA DE CAMPOS,350.0,4.85844630864312e-06,LOCAL_EXACT_ACTIVE,02,RS,8863,SAO BORJA,1,OUTROS SERVIÇOS DE TERCEIROS - PESSOA JURÍDICA,1
586,34064557000108,MEDMED COMERCIO DE MATERIAIS HOSPITALARE,349.5,4.851505671059344e-06,EXTERNAL_EXACT_ACTIVE_NO_LOCAL_FOOTPRINT,02,SC,8163,ITAPEMA,0,MATERIAL DE CONSUMO,2
587,00394494010441,MINISTÉRIO DA JUSTIÇA E SEGURANÇA PÚBLIC,312.36,4.335955111336472e-06,EXTERNAL_EXACT_ACTIVE_NO_LOCAL_FOOTPRINT,02,DF,9701,BRASILIA,0,OUTROS SERVIÇOS DE TERCEIROS - PESSOA JURÍDICA,2
588,53665245000102,53.665.245 CARINA MACHADO ALMASAN,312.0,4.330957852276153e-06,EXTERNAL_EXACT_ACTIVE_NO_LOCAL_FOOTPRINT,02,SP,7099,SAO JOSE DOS CAMPOS,0,MATERIAL DE CONSUMO,1
589,89522064000166,RIO GRANDE DO SUL PODER JUDICIARIO,307.3,4.26571585898866e-06,ROOT_WITH_LOCAL_ACTIVE_FOOTPRINT,02,RS,8801,PORTO ALEGRE,1,OUTROS SERVIÇOS DE TERCEIROS - PESSOA JURÍDICA,2
590,31722206000159,IVANETE APARECIDA MIRANDA,290.0,4.0255697985900135e-06,EXTERNAL_EXACT_ACTIVE_NO_LOCAL_FOOTPRINT,02,SP,6967,RIBEIRAO PIRES,0,MATERIAL DE CONSUMO,1
591,51222177000173,PAMELA RIGHI PELIZZARO,280.0,3.886757046914496e-06,LOCAL_EXACT_ACTIVE,02,RS,8863,SAO BORJA,1,MATERIAL DE CONSUMO,1
592,28426904000100,ROGÉRIO SANTANA 00643893083,239.0,3.3176247650448734e-06,LOCAL_EXACT_NONACTIVE_SNAPSHOT,04,RS,8863,SAO BORJA,0,OUTROS SERVIÇOS DE TERCEIROS - PESSOA JURÍDICA,1
593,04963776000168,INFORS SERVIÇOS DIGITAIS LTDA,230.0,3.1926932885369072e-06,LOCAL_EXACT_ACTIVE,02,RS,8863,SAO BORJA,1,MATERIAL DE CONSUMO,2
594,60614430000125,LENISE GOULART MORGENTAL LTDA,229.25,3.1822823321612436e-06,LOCAL_EXACT_ACTIVE,02,RS,8863,SAO BORJA,1,MATERIAL DE CONSUMO,1
595,52815475000130,RGK PRODUTOS E SERVICOS LTDA,222.75,3.092054043572157e-06,EXTERNAL_EXACT_ACTIVE_NO_LOCAL_FOOTPRINT,02,RS,8649,ESTANCIA VELHA,0,MATERIAL DE CONSUMO,9
596,18541026000102,VW EDIFICACOES E COMERCIO DE MATERIAIS D,219.4,3.045551771760859e-06,LOCAL_EXACT_ACTIVE,02,RS,8863,SAO BORJA,1,MATERIAL DE CONSUMO,1
597,92695790000195,CONSELHO REGIONAL DE ENGENHARIA E AGRONO,216.78,3.009182830821873e-06,ROOT_WITH_LOCAL_ACTIVE_FOOTPRINT,02,RS,8801,PORTO ALEGRE,1,OUTROS SERVIÇOS DE TERCEIROS - PESSOA JURÍDICA,2
598,26003402000133,LAURA ANKLAM DE LIMA - ME,203.5,2.8248394965967857e-06,LOCAL_EXACT_ACTIVE,02,RS,8863,SAO BORJA,1,MATERIAL DE CONSUMO,3
599,52966856000110,FABRICIO GABRIEL DA SILVA BUENO,195.0,2.7068486576725953e-06,LOCAL_EXACT_ACTIVE,02,RS,8863,SAO BORJA,1,EQUIPAMENTOS E MATERIAL PERMANENTE,1
600,19316524000114,DELTA SHOP - DISTRIBUIDORA DE PRODUTOS H,194.0,2.6929673825050438e-06,EXTERNAL_EXACT_ACTIVE_NO_LOCAL_FOOTPRINT,02,RS,8533,BARAO DE COTEGIPE,0,MATERIAL DE CONSUMO,1
601,89510838000139,CASA HOFF FERRAGENS LTDA,182.0,2.5263920804944226e-06,LOCAL_EXACT_ACTIVE,02,RS,8863,SAO BORJA,1,MATERIAL DE CONSUMO,1
602,13852321000166,13.852.321 AMAURI DE MENEZES,180.0,2.4986295301593187e-06,LOCAL_EXACT_ACTIVE,02,RS,8863,SAO BORJA,1,OUTROS SERVIÇOS DE TERCEIROS - PESSOA JURÍDICA,1
603,93254555000140,REFRIGERACAO BUTUI LTDA,180.0,2.4986295301593187e-06,LOCAL_EXACT_ACTIVE,02,RS,8863,SAO BORJA,1,OUTROS SERVIÇOS DE TERCEIROS - PESSOA JURÍDICA,1
604,36473417000119,MATEUS ARAUJO CAPUTO 05936424146,179.76,2.4952980241191065e-06,EXTERNAL_EXACT_ACTIVE_NO_LOCAL_FOOTPRINT,02,DF,9701,BRASILIA,0,MATERIAL DE CONSUMO,1
605,55498031000106,F. ZHU,150.0,2.0821912751327656e-06,LOCAL_EXACT_ACTIVE,02,RS,8863,SAO BORJA,1,MATERIAL DE CONSUMO,1
606,16418251000120,LUIZ ROBERTO DELLAGLIO,150.0,2.0821912751327656e-06,LOCAL_EXACT_ACTIVE,02,RS,8863,SAO BORJA,1,MATERIAL DE CONSUMO,6
607,32379470000102,JOCASTA COSTA CHAMORRA JORNADA,130.0,1.8045657717817304e-06,LOCAL_EXACT_NONACTIVE_SNAPSHOT,08,RS,8863,SAO BORJA,0,MATERIAL DE CONSUMO,1
608,43644303000150,VIDRAÇARIA MUNHOZ LTDA,120.0,1.6657530201062127e-06,LOCAL_EXACT_NONACTIVE_SNAPSHOT,08,RS,8863,SAO BORJA,0,MATERIAL DE CONSUMO,1
609,11538917000160,ROGERIO RAMOS MAURER 44629206000,110.0,1.5269402684306948e-06,LOCAL_EXACT_ACTIVE,02,RS,8863,SAO BORJA,1,MATERIAL DE CONSUMO | OUTROS SERVIÇOS DE TERCEIROS - PESSOA JURÍDICA,2
610,22653587000170,MINIMERCADO SUPERUM LTDA - ME,109.4,1.518611503330164e-06,LOCAL_EXACT_ACTIVE,02,RS,8863,SAO BORJA,1,MATERIAL DE CONSUMO,2
611,41278073000127,MP COMERCIO DE TELAS E FERRAGENS LTDA,101.89,1.41436312682185e-06,EXTERNAL_EXACT_ACTIVE_NO_LOCAL_FOOTPRINT,02,RS,8637,ERECHIM,0,MATERIAL DE CONSUMO,10
612,01968617000168,MARTA D. SCHUQUEL & CIA. LTDA,98.4,1.3659174764870943e-06,LOCAL_EXACT_ACTIVE,02,RS,8863,SAO BORJA,1,MATERIAL DE CONSUMO,1
613,52229661000197,VIDRACARIA ALEMCASTRO LTDA,80.0,1.1105020134041416e-06,LOCAL_EXACT_ACTIVE,02,RS,8863,SAO BORJA,1,MATERIAL DE CONSUMO,1
614,89225544000246,DISTRIBUIDORA DE PRODUT. ALIMENT. LAMANA,75.51,1.0481750879018344e-06,LOCAL_EXACT_ACTIVE,02,RS,8863,SAO BORJA,2,MATERIAL DE CONSUMO,1
615,43678415000121,SUELEN BETTIM GONCALVES,65.0,9.022828858908652e-07,LOCAL_EXACT_ACTIVE,02,RS,8863,SAO BORJA,1,MATERIAL DE CONSUMO,1
616,35669865000120,OLIVA CAFE LTDA,48.0,6.663012080424851e-07,LOCAL_EXACT_ACTIVE,02,RS,8863,SAO BORJA,3,MATERIAL DE CONSUMO,1
617,07851418000151,LEOMAR D.SCHUQUEL & CIA LTDA,40.0,5.552510067020708e-07,EXTERNAL_EXACT_ACTIVE_NO_LOCAL_FOOTPRINT,02,RS,8713,ITAQUI,0,MATERIAL DE CONSUMO,7
618,13460002000105,MORK TELECOM PRODUTOS E SERVIÇOS PARA TE,14.25,1.9780817113761274e-07,EXTERNAL_EXACT_ACTIVE_NO_LOCAL_FOOTPRINT,02,PR,7513,COLOMBO,0,"MATERIAL, BEM OU SERVIÇO PARA DIST. GRATUITA",1
