year,licitacao_id,modalidade,numero,codigo,objeto,situacao
2019,261,CHAMAMENTO PÚBLICO/CREDENCIAMENTO,1/2019,170,"Chamamento Público para Credenciamento de Empresas para Fornecimento de Aparelhos de Amplificação Sonora Individual  AASI, a fim de atender aos usuários do CER II, de São Borja / RS",Julgada
2019,13,TOMADA DE PREÇO,1/2019,5,Contratação de empresa especializada do ramo de engenharia civil para EXECUÇÃO DE OBRAS DE REFORMA E AMPLIAÇÃO DA CASA DE ACOLHIDA.,Em Andamento
2019,271,CONCORRÊNCIA,1/2019,180,contratação de empresa para execução dos Serviços de Coleta Convencional e Coleta Seletiva de Resíduos Sólidos Urbanos no Município de São Borja.,Homologada
2019,12,DISPENSA DE LICITAÇÃO,1/2019,4,"Prestação de serviços de publicações oficiais em âmbito nacional de editais de licitação, dispensas, inexigibilidades, extratos de contratos, editais de chamamentos público, entre outros, expedidos pelo Município de São Borja, conforme institui a Lei 8.666/1993 no seu Art. 21, inciso I, dispensada a licitação conforme Art. 24, VIII, da Lei 8.666/93",Julgada
2019,11,PREGÃO PRESENCIAL,1/2019,3,"Contratação de empresa para reforma do motor da VTR 154  CAMINHÃO CAÇAMBA, MARCA MERCEDES BENZ 6x2, MODELO L-1620, PLACAS INX 1130, ANO 2007, conforme Laudo Técnico nº 317/2019",Homologada
2019,136,CHAMADA PÚBLICA/PNAE,1/2019,50,"Aquisição de gêneros alimentícios diretamente da Agricultura Familiar e do Empreendedor Familiar Rural, para o atendimento ao Programa Nacional de Alimentação Escolar-PNAE",Homologada
2019,232,REGISTRO DE PREÇO DE OUTRO ÓRGÃO,1/2019,141,"Registro de Preços para a Adesão PARCIAL a Ata de Registro de Preços nº 58/2019 do Pregão Presencial 091/2019 realizado pela CM GRAMPAL - Consórcio do Municípios da Região Metropolitana de Porto Alegre de acordo com a Lei nº 5.042/2015 e ofício de concordância da empresa Credicar Locadora de Veículo Ltda, CNPJ 22.257.109/0001-41, a qual foi a vencedora do certame citado.",Homologada
2019,18,INEXIGIBILIDADE,1/2019,10,Inexigibilidade de licitação para fornecimento de telefonia fixa para os prédios próprios do Município.,Julgada
2019,14,DISPENSA DE LICITAÇÃO,2/2019,6,"Dispensa de licitação para prestação de serviços de publicações em âmbito estadual de editais de licitação, dispensas, inexigibilidades, extratos de contratos, editais de chamamentos público, entre outros, expedidos pelo Município de São Borja, conforme institui a Lei 8.666/93 no seu Art. 21, inciso II, dispensada a licitação conforme art. 24, VIII, da Lei 8.666/1993.",Julgada
2019,106,INEXIGIBILIDADE,2/2019,23,"Inexigibilidade de Licitação para divulgação, em jornal de circulação bissemanal, das atividades do Município, pertinente a seus projetos, programas, eventos, notícias, prestação de contas, entre outros.",Julgada
2019,266,CHAMAMENTO PÚBLICO/CREDENCIAMENTO,2/2019,175,"Chamamento Público para Credenciamento de Empresas para fornecimento de Órteses, Próteses e Meios Auxiliares de Locomoção  OPM  destinadas aos usuários do Centro Especializado Em Reabilitação Física E Auditiva De São Borja/Rs",Julgada
2019,19,PREGÃO PRESENCIAL,2/2019,11,"Contratação de empresa para reforma do motor da VTR 185  CAMINHÃO CAÇAMBA, MARCA MERCEDES BENZ 6X2, MODELO L-1620, PLACAS IRC 2662, ANO 2010, conforme Laudo Técnico n. 014/2019, termo de referência e solicitação de compra n. 301/2019.",Homologada
2019,20,TOMADA DE PREÇO,2/2019,12,Contratação de empresa especializada do ramo de Engenharia Civil para construção da Usina de Leite Cristo Redentor.,Em Andamento
2019,15,DISPENSA DE LICITAÇÃO,3/2019,7,"Dispensa de licitação para contratação dos serviços de saneamento básico nos prédios próprios do Município, com fornecimento de água e esgoto",Julgada
2019,22,TOMADA DE PREÇO,3/2019,13,"Contratação de empresa especializada do ramo de engenharia para IMPLANTAÇÃO/RECUPERAÇÃO DE ESTRADAS VICINAIS NO PA CONQUISTA DAS MISSÕES, VISANDO ATENDER O CONVÊNIO Nº 830830/2016.",Em Andamento
2019,23,PREGÃO PRESENCIAL,3/2019,14,Registro de preço de bandeiras e mastros para as EMEIs e EMEFS,Homologada
2019,107,INEXIGIBILIDADE,3/2019,24,"Inexigibilidade de Licitação para contratação de espaço publicitário em rádio destinado ao Programa Institucional do Município denominado Bom dia Cidade, para divulgação dos projetos, programas, eventos e notícias e demais informações de interesse público.",Julgada
2019,111,INEXIGIBILIDADE,4/2019,28,"Inexigibilidade de Licitação para serviços de publicidade legal. Publicação em jornal de circulação bissemanal, às quartas e sábados, no âmbito do município de São Borja.",Homologada
2019,24,PREGÃO PRESENCIAL,4/2019,15,Registro de preço de mobiliário para as EMEIS.,Em Andamento
2019,16,DISPENSA DE LICITAÇÃO,4/2019,8,Dispensa de licitação para contratação dos serviços de distribuição de energia elétrica para os prédios do Município.,Julgada
2019,128,TOMADA DE PREÇO,4/2019,42,"Contratação de empresa especializada do ramo de Engenharia Civil, construção da quadra esportiva escolar coberta no CETIM Neuza Goulart Brizola",Em Andamento
2019,25,PREGÃO PRESENCIAL,5/2019,16,"Registro de Preços de materiais de cama, mesa e banho para atendimento às demandas das escolas municipais.",Homologada
2019,17,DISPENSA DE LICITAÇÃO,5/2019,9,Dispensa de licitação para contratação dos serviços de distribuição de energia elétrica para iluminação pública,Julgada
2019,132,INEXIGIBILIDADE,5/2019,46,"Inexigibilidade de Licitação para contratação de show artístico (banda musical) para animação junto ao Cais Folia. Contratada: MUSICAL BALANCA BRASIL LTDA   inscrita no CNPJ 02.310.093/0001-86. Base legal: art. 25, III, Lei 8.666/93. Valor total: R$ 50.000,00, para os dias 1º, 02, 03 e 04 de março/2019. Rubrica: 3.3.90.39.00.00.00.00.0001-1244",Julgada
2019,129,TOMADA DE PREÇO,5/2019,43,"Contratação de empresa especializada do ramo de Engenharia Civil, para construção da Academia de Saúde do ESF 04, no Bairro Itacherê.",Em Andamento
2019,110,DISPENSA DE LICITAÇÃO,6/2019,27,"Dispensa de Licitação para aquisição de peças com fornecimento de mão de obra para conserto e manutenção da VTR 43  MOTONIVELADORA DRESSER, MODELO 205 C, ano 1991, destinada a manutenção das estradas rurais.",Julgada
2019,130,TOMADA DE PREÇO,6/2019,44,"Contratação de empresa especializada do ramo de Engenharia Civil, para construção da Academia de Saúde do Horto Florestal na Vila Cabeleira.",Em Andamento
2019,100,PREGÃO PRESENCIAL,6/2019,17,Registro de Preços de materiais/peças e serviços para manutenção das roçadeiras e motosserras da SMIESUST.,Homologada
2019,135,INEXIGIBILIDADE,6/2019,49,"Aquisição de licença para uso de software  ZWCAD FULL 2019  Softlock ou Hardlock. Justifica-se a presente em razão\r\nda necessidade de a Administração fazer uso do software para o desenvolvimento de suas atividades\r\ndiárias, como também pelo fato de ser fornecido exclusivamente pela fornecedora, tornando inviável a\r\ncompetição, atendendo, assim, a exigência do art. 25, da Lei 8.666/93.",Julgada
2019,101,PREGÃO PRESENCIAL,7/2019,18,Contratação de empresa especializada em rastreamento veicular para instalação e monitoramento dos veículos do Transporte Escolar/SMED e da Saúde.,Homologada
2019,133,TOMADA DE PREÇO,7/2019,47,"Contratação de empresa especializada do ramo de Engenharia Civil, construção da cobertura da quadra esportiva escolar na EMEF Vicente Goulart - PAC. 204783/2013  ID 1000601",Em Andamento
2019,140,INEXIGIBILIDADE,7/2019,54,"Inexigibilidade de Licitação para Divulgação da campanha relativa ao IPTU 2019. Período: De 19/03 a 28/03. TELEVISÃO URUGUAIANA LTDA, inscrita no CNPJ/MF n° 87.519.237/0001-61. Valor total: R$ 17.558,00. Rubrica: 3.3.9.0.39.92.00.00(122). Base legal. Art. 25, da Lei 8.666/93.",Julgada
2019,112,DISPENSA DE LICITAÇÃO,7/2019,29,"Dispensa de Licitação para a contratação emergencial da Empresa Lucas Ataide Fiedler -ME, pelo período de 180 dias (119 dias letivos), ou até a conclusão do processo de licitação. Os serviços de transporte escolar serão das linhas: Nhú-Porã 01 - 382 km por dia e Nhú-Porã 02 - 348 km por dia, para EE de Ensino Médio Militina Pereira Alvarez",Julgada
2019,102,PREGÃO PRESENCIAL,8/2019,19,Registro de preços para aquisição de computadores e notebooks,Homologada
2019,147,TOMADA DE PREÇO,8/2019,61,"Contratação de empresa especializada do ramo de engenharia civil para execução de terraplenagem, drenagem pluvial, pavimentação, obras complementares e sinalização, passeios e acessibilidades dos seguintes trechos:\r\n     RUA ÂNGELO PROENÇA VICENTI, trecho entre as a Rua Joaquim Nabuco e a Rua Tiradentes, São Borja, RS. Extensão: 117,80 metros.\r\n\r\n     RUA MÁRIO CORTEZ, trecho entre a Rua Carlos Gomes até 34,56 m Sentido Rua D. Pedro I, São Borja, RS. Extensão: 34,56 metros.\r\n\r\n     AVENIDA SALGADO FILHO, trecho entre a Rua Souza Doca e Rua Venâncio Aires, São Borja, RS. Extensão: 117,80 metros.",Homologada
2019,113,DISPENSA DE LICITAÇÃO,8/2019,30,"Dispensa de Licitação para a contratação da Empresa RGA - Transportes São Borja Ltda. pelo período de 180 dias (119 dias letivos), ou até a conclusão do processo licitatório. O serviço de transporte escolar será na Linha Nhú-Porã 05 - 176 km diários para a EE de Ensino Médio Militina Pereira Alvarez.",Julgada
2019,143,INEXIGIBILIDADE,8/2019,57,"Divulgação, em jornal de circulação semanal, das atividades do Município, pertinente a seus projetos, programas, eventos, notícias, prestação de contas, entre outros, pelo período de março a dezembro/2019, compreendendo 44 anúncios. Período: março a dezembro/19. Contratada: TANIA MARIA FRAGOSO FALCÃO - ME - CNPJ 11.482.442/0001-38. Valor estimado: R$ 30.800,00. Rubrica: 02.02.3.3.90.39.00.00.00.00.0001; 10.04.3.3.90.39.00.00.00.00.4710. Base legal. Art. 25, da Lei 8.666/93.",Julgada
2019,144,INEXIGIBILIDADE,9/2019,58,"Inexigibilidade de Licitação para a aquisição de vale-transporte para os servidores municipais, e aos alunos da rede municipal e estadual de ensino não beneficiados pelo transporte escolar municipal. Fornecedora: TRANSPORTE INTEGRAÇÃO URBANA LTDA, inscrita no CNPJ/MF n° 94.282.845/0001-60. Valor estimado: R$ 452.104,05. Período: 12 meses. Base legal: art. 25, caput, da Lei 8.666/93. Elemento da despesa: 3.3.90.39.72.00.00.00.",Julgada
2019,148,TOMADA DE PREÇO,9/2019,62,"Contratação de empresa especializada do ramo de Engenharia Civil para Construção da Usina de Leite situada no Assentamento Cristo Redentor, no interior do município. Conforme contrato de repasse nº 851908/2017/MAPA/CAIXA",Homologada
2019,104,PREGÃO PRESENCIAL,9/2019,21,RP de aparelho e utensílios domésticos para as escolas municipais.,Homologada
2019,114,DISPENSA DE LICITAÇÃO,9/2019,31,"Dispensa de Licitação para a contratação emergencial da Empresa Antonio Ferreira dos Santos, pelo período de 180 dias, ou até a conclusão da licitação. Os serviços de transporte escolar será da Linha Sarandi 02 - 203 km diários, para a EMEF São Judas Tadeu.",Julgada
2019,105,PREGÃO PRESENCIAL,10/2019,22,RP de aquisição de brinquedos para o berçário e maternal das EMEis.,Homologada
2019,115,DISPENSA DE LICITAÇÃO,10/2019,32,"Dispensa de Licitação para a contratação emergencial da Empresa Luis Carlos Segatto e Cia Ltda, pelo período de 180 dias (119 dias letivos) ou até a conclusão do processo de licitação. Os serviços de transporte escolar serão das Linhas: Samburá 1 - 163 km diários e Samburá 2 - 132 km diários, para a EMEF Osvaldina Batista da Silva.",Julgada
2019,161,TOMADA DE PREÇO,10/2019,75,"Contratação de empresa especializada do ramo de Engenharia Civil para instalação de rede d'água e construção de reservatório de 10.000 litros e sua respectiva torre, na localidade de Santos Reis.",Julgada
2019,177,INEXIGIBILIDADE,10/2019,89,"Inexigibilidade de Licitação para Prestação de serviços de processamento de dados, consistente na disponibilização de consultas às bases dos sistemas (CPF e/ou CNPJ), utilizando o sistema de senha da \r\nRede SERPRO, por meio do aplicativo HOD. Contratada: Serviço Federal de Processamento de Dados  SERPRO, CNPJ 33.683.111/0001-07. Prazo: 12 meses. Valor total: R$ 5.512,48. Rubrica: 3.3.9.0.40.13.00.00. Base legal: art. 25, I, da Lei 8.666/93.",Julgada
2019,178,INEXIGIBILIDADE,11/2019,90,"Inexigibilidade de licitação, com base no Art. 25, I, da Lei 8.666/1993, para aquisição de uma licença com 02 (dois) usuários do Software Banco de Preços.",Julgada
2019,116,DISPENSA DE LICITAÇÃO,11/2019,33,"Dispensa de Licitação para a contratação emergencial da Empresa José Antônio Garcia, pelo período de 180 dias(119 dias letivos) ou até a conclusão do processo de licitação. O serviço de transporte será da Linha Nhú-Porã 04 - 268 km diários para a EE de Ensino Médio Militina Pereira Alvarez e  na Linha Rincão de Santana 2 - 222 km diários para a EMEF Olinto Dornelles.",Julgada
2019,166,TOMADA DE PREÇO,11/2019,80,Contratação de empresa especializada do ramo de engenharia para conclusão da construção da quadra esportiva escolar coberta no CETIM Neuza Goulart Brizola.,Revogada
2019,108,PREGÃO PRESENCIAL,11/2019,25,"REGISTRO DE PREÇOS para Aquisição de Complementos Alimentares (cestas básicas), destinadas as doações nos Centros de Referência de Assistência Social (CRAS)",Homologada
2019,167,TOMADA DE PREÇO,12/2019,81,Contratação de empresa especializada do ramo de Engenharia Civil para conclusão da construção da cobertura da quadra esportiva escolar na EMEF Vicente Goulart - PAC.,Homologada
2019,117,DISPENSA DE LICITAÇÃO,12/2019,34,"Dispensa de Licitação para a contratação emergencial da Empresa Luciano Machado Correa, pelo período de 180 dias( 119 dias letivos), ou até a conclusão do processo de licitação. Os serviços de transporte escolar será da linha Nhú-Porã 03 - 214 km diários para a EE de Ensino Médio Militina Pereira Alvarez.\r\nSituação:",Julgada
2019,109,PREGÃO PRESENCIAL,12/2019,26,Registro de preços para aquisição de uniformes e EPI's destinados aos servidores da SMIESUST,Homologada
2019,182,INEXIGIBILIDADE,12/2019,94,Inexigibilidade de Licitação para Prestação de serviços de Cessão de uso de software compreendendo a prestação de serviços técnicos especializados.,Homologada
2019,210,INEXIGIBILIDADE,13/2019,120,"Inexigibilidade de Licitação para Contratação de show musical durante os eventos da Semana Farroupilha ligados ao ""Mês Farroupilha na Capital Gaúcha do Fandango"". Contratado: Marcelo Antunes, CPF: 737.935.580-53 - Valor estimado, R$ 2.000,00. Rubrica: 33.90.36.00.00.00. Base legal: art. 25, III, c/c art. 26, \r\ncaput da Lei 8.666/93.",Homologada
2019,118,DISPENSA DE LICITAÇÃO,13/2019,35,"Dispensa de Licitação para a contratação emergencial da Empresa De Rosso Confecções Ltda, pelo período de 180 dias (119 dias letivos), ou até a conclusão do processo de licitação. Os serviços de transporte escolar serão das Linhas: São Miguel 01 - 189 km diários e São Miguel 02 - 213 km diários, para a EMEF Liôncio Silvio Pereira Aquino.",Julgada
2019,172,TOMADA DE PREÇO,13/2019,84,"Contratação de empresa especializada do ramo de Engenharia Civil, para execução de obra de reforma e ampliação da Casa de Acolhida.",Homologada
2019,121,PREGÃO PRESENCIAL,13/2019,38,Aquisição de veículo novo para o Gabinete do Prefeito.,Homologada
2019,122,PREGÃO PRESENCIAL,14/2019,39,Registro de preço para aquisição de serviços gráficos para todas as secretarias municipais,Homologada
2019,119,DISPENSA DE LICITAÇÃO,14/2019,36,"Dispensa de Licitação par a a contratação emergencial da Empresa Mara Eliane da Silva Machado, pelo período de 180 dias (119 dias letivos) e ou até a conclusão do processo de licitação. Os serviços de transporte escolar serão da Linha Rincão de Santana 01 - 132 km diários, para a EMEF Olinto Dornelles em Rincão de Santana.",Julgada
2019,242,INEXIGIBILIDADE,14/2019,151,"Inexigibilidade de Licitação para Contratação de show musical durante os eventos da Semana Farroupilha ligados ao ""Mês Farroupilha na Capital Gaúcha do Fandango"". Contratada: Cássia Daniela Leite- Cássia \r\nAbreu, CPF: 923.461.709-68 - Valor estimado, R$ 5.000,00. Rubrica: 33.90.36.00.00.00 (1217). Base legal: art. 25, \r\n\r\nIII, c/c art. 26,caput da Lei 8.666/93.",Homologada
2019,183,TOMADA DE PREÇO,14/2019,95,"Contratação de empresa especializada do ramo de engenharia para EXECUÇÃO DE CAMADA ASFÁLTICA EM CBUQ (CONCRETO BETUMINOSO USINADO A QUENTE). Recurso oriundo do contrato particular de abertura de crédito fixo, celebrado entre o Badesul Desenvolvimento S/A  Agência de Fomento/RS e o Município.",Homologada
2019,243,INEXIGIBILIDADE,15/2019,152,"Inexigibilidade de Licitação para contratação de empresa para fornecimento de passagens  rodoviárias para as cidades de Santa Maria e Porto Alegre, destinadas aos usuários do SUS Empresa: PLANALTO TRANSPORTES LTDA  inscrita no CNPJ 95.592.077/0001-04.Valor total: R$ 327.892,80. Base legal: art. 25, caput, Lei 8.666/93.  Rubrica: 10.01.2.103.3.3.90.32.00.00.00.40(1035).",Homologada
2019,123,PREGÃO PRESENCIAL,15/2019,40,"Registro de Preços de cabeçote para a impressora Plotter HP Designjet 510, de uso do departamento de engenharia da Secretaria do Planejamento.",Homologada
2019,184,TOMADA DE PREÇO,15/2019,96,Contratação de empresa especializada do ramo de engenharia para EXECUÇÃO DE PAVIMENTAÇÃO ASFÁLTICA EM CBUQ. Trechos:\r\nRua Almirante Tamandaré e  Rua Tiradentes,Homologada
2019,120,DISPENSA DE LICITAÇÃO,15/2019,37,"Dispensa de Licitação para a contratação da Empresa Nicomedes Ajala Borges & Cia Ltda, pelo período de 180 dias (119 dias letivos) ou até a conclusão do processo licitatório. Os serviços de transporte escolar será da linha Sarandi 01 - 184 km diários, para a EMEF São Judas Tadeu e  Linha Timbaúva - 216 km diários para a EE de Ens.Médio Timbaúva.",Julgada
2019,125,PREGÃO PRESENCIAL,16/2019,41,Registro de Preços para aquisição de tintas e materiais para sinalização viária para as vias públicas do município,Homologada
2019,185,TOMADA DE PREÇO,16/2019,97,"Contratação de empresa especializada do ramo de engenharia para EXECUÇÃO DE PAVIMENTAÇÃO COM PEDRAS IRREGULARES, com terraplanagem, drenagem pluvial, passeios com acessibilidade e sinalização viária. Recurso oriundo do contrato particular de abertura de crédito fixo, celebrado entre o Badesul Desenvolvimento S/A  Agência de Fomento/RS e o Município. Trechos:\r\n     Rua Tuiuti, trecho entre as ruas Venâncio Aires e Rua Dom Pedro I, São Borja, RS, totalizando uma área de 2.431,91m²\r\n     Av. Tristão de A. Nóbrega, entre a Rua Saldanha Marinho e Rua Itajaí, São Borja, RS, totalizando uma área de 3.834,70m².",Homologada
2019,224,DISPENSA DE LICITAÇÃO,16/2019,133,"Dispensa de Licitação para Prestação de serviços destinados a realização e organização de Concurso Público e de Processo Seletivo. Contratada: Fundação Universidade Empresa de Tecnologia e Ciências  FUNDATEC, inscrita no CNPJ/MF n° 87.878.476/0001-08. Base legal: art. 24, XIII, Lei 8.666/93. Valor total: R$ 255.669,00. Rubrica: 3.3.9.0.39.48.00.00.",Homologada
2019,131,PREGÃO PRESENCIAL,17/2019,45,RP Material/Equipamento Ambulatorial para o laboratório de Fronteira Geni Marques Pinto.,Homologada
2019,186,TOMADA DE PREÇO,17/2019,98,"Contratação de empresa especializada do ramo de engenharia para EXECUÇÃO DE OBRAS DE REVITALIZAÇÃO DO ACESSO A FONTE SÃO PEDRO, localizada na Rua Feliz da Cunha nº 955, Bairro Betim, São Borja.",Em Andamento
2019,238,DISPENSA DE LICITAÇÃO,17/2019,147,"Dispensa de Licitação para elaboração de projeto de engenharia para revitalização/recuperação da pista de pouso e decolagem  PPD e implantação de cerca operacional do Aeroporto de São Borja. Contratada: Empresa Brasileira de Infraestrutura Aeroportuária - INFRAERO, inscrita no CNPJ/MF n° 00.352.294/0001-10. Base legal: art. 24, XXIII, Lei 8.666/93. Valor total: R$ 226.035,80. Rubrica: 3.3.90.39.12.00.00.00.0001 (2991).",Homologada
2019,134,PREGÃO PRESENCIAL,18/2019,48,"aAquisição de materiais e utensílios ambulatoriais, para estratégia Saúde da Familia.",Homologada
2019,191,TOMADA DE PREÇO,18/2019,103,"Contratação de empresa especializada do ramo de Engenharia Civil para instalação de rede d'água e construção de reservatório de 10.000 litros e sua respectiva torre, na localidade de Santos Reis.",Em Andamento
2019,274,DISPENSA DE LICITAÇÃO,18/2019,183,"Dispensa de Licitação para Prestação de serviço (conserto de veículo) com fornecimento de peças. Contratada: Etio Amarilho Mattes e Cia LTDA, inscrita no CNPJ/MF n° 01.304.858/0001-02. Base legal: art. 24, IV, Lei 8.666/93. Valor total: R$ 31.982,00. Rubrica: 10.04.2103.3.90.30.00.00.00.0040 (1032 e 1039",Homologada
2019,196,TOMADA DE PREÇO,19/2019,108,"Contratação de empresa especializada do ramo de engenharia para CONSTRUÇÃO DA QUADRA POLIESPORTIVA, NA RUA FRANCISCO KOLLTERMANN, VILA LEONEL BRIZOLA, BAIRRO ITACHERÊ. CONFORME CONVÊNIO Nº 843916/2017/MINISTÉRIO DO ESPORTE/CAIXA.",Em Andamento
2019,137,PREGÃO PRESENCIAL,19/2019,51,"Registro de preço para materiais, aparelhos e utensílios hospitalares,  destinados ao CEMAE, PAM, ESFS e EMAD.",Homologada
2019,138,PREGÃO PRESENCIAL,20/2019,52,Registro de preços para a aquisição de combustíveis para as viaturas utilizadas pelas secretarias municipais.,Homologada
2019,197,TOMADA DE PREÇO,20/2019,109,"Contratação de empresa especializada do ramo de engenharia para execução de pavimentação com Pedras Irregulares, na Rua Eddie Freire Nunes, (até 139,76 m da esquina com a Rua Anselmo Campos da Rosa), Bairro Maria do Carmo, São Borja, RS.",Homologada
2019,139,PREGÃO PRESENCIAL,21/2019,53,Registro de preços de material e utensílios ambulatoriais para Estratégia Saúde e CEMAE.,Homologada
2019,201,TOMADA DE PREÇO,21/2019,112,Contratação de empresa especializada do ramo de Engenharia Civil para adequações e execução de obras para instalação de Elevador no Prédio Adm. Salvador Lionço Pereira Alvarez.,Deserta
2019,208,TOMADA DE PREÇO,22/2019,118,"Contratação de empresa especializada do ramo de engenharia para EXECUÇÃO DE OBRAS DE REVITALIZAÇÃO DO ACESSO A FONTE SÃO PEDRO, localizada na Rua Feliz da Cunha nº 955, Bairro Betim, São Borja.",Em Andamento
2019,141,PREGÃO PRESENCIAL,22/2019,55,RP Recargas de Oxigênio Medicinal,Homologada
2019,212,TOMADA DE PREÇO,23/2019,122,"Contratação de empresa especializada do ramo de Engenharia Civil, para construção da Academia de Saúde do ESF 04, no Bairro Itacherê.",Em Andamento
2019,142,PREGÃO PRESENCIAL,23/2019,56,RP de Medicamentos para a SMS,Homologada
2019,145,PREGÃO PRESENCIAL,24/2019,59,"RP Limpeza de caixas dagua, calhas e pátios para a SMED",Em Andamento
2019,225,TOMADA DE PREÇO,24/2019,134,Contratação de empresa especializada do ramo de Engenharia Civil para execução de obra de reforma do Ginásio Cleto Doria De Azambuja.,Em Andamento
2019,227,TOMADA DE PREÇO,25/2019,136,Contratação de empresa especializada do ramo de Engenharia Civil para execução de obra de revitalização do Parque Missioneiro do Horto Florestal.,Fracassada
2019,146,PREGÃO PRESENCIAL,25/2019,60,Registro de preço para serviços de manutenção dos campos de futebol para os Campeonatos Municipais 2019,Julgada
2019,229,TOMADA DE PREÇO,26/2019,138,"Contratação de empresa especializada do ramo de engenharia para EXECUÇÃO DE OBRAS DE REVITALIZAÇÃO DO ACESSO A FONTE SÃO PEDRO, localizada na Rua Feliz da Cunha nº 955, Bairro Betim, São Borja.",Em Andamento
2019,149,PREGÃO PRESENCIAL,26/2019,63,Contratação de serviços de vigia patrimonial desarmada para garantir a segurança das instalações da Prefeitura Municipal de São Borja e unidades subordinadas,Homologada
2019,246,TOMADA DE PREÇO,27/2019,155,"Contratação de empresa especializada do ramo de Engenharia Civil, para construção da Academia de Saúde do ESF 04, no Bairro Itacherê.",Em Andamento
2019,150,PREGÃO PRESENCIAL,27/2019,64,"Aquisição de 02 (dois) veículos 0km para apoio às ações de assistência técnica e extensão rural, em execução do Contrato de Repasse 871046/2018/MAPA/CAIXA entre o Ministério da Agricultura, Pecuária e Abastecimento/CAIXA e o Município de São Borja",Homologada
2019,247,TOMADA DE PREÇO,28/2019,156,"Contratação de empresa especializada do ramo de Engenharia Civil, para execução de obras de adequações para a implantação do elevador no prédio do Centro Adm. Salvador Lionço Pereira Alvarez.",Em Andamento
2019,151,PREGÃO PRESENCIAL,28/2019,65,"Aquisição de 01 (um) veículo novo, tipo automóvel, sedan, a ser utilizado pela Secretaria Municipal de Saúde, conforme Consulta Popular 2017/2018",Homologada
2019,249,TOMADA DE PREÇO,29/2019,158,"Contratação de empresa especializada do ramo de Engenharia Civil para construção de torre metálica e instalação de reservatório com capacidade de 10.000 litros, na localidade de Santos Reis.",Em Andamento
2019,152,PREGÃO PRESENCIAL,29/2019,66,Registro de preço para a contratação de empresa especializada no fornecimento de ataúdes e prestação de serviços funerários e translados destinado ao plantão social em conformidade com a lei de benefícios,Homologada
2019,153,PREGÃO PRESENCIAL,30/2019,67,"Registro de preços de bloquete/piso intertravado de concreto, para pavimentação de vias e praças da cidade.",Em Andamento
2019,250,TOMADA DE PREÇO,30/2019,159,"Contratação de empresa especializada do ramo de Engenharia Civil, para execução de rede dagua em PVC, na localidade de Santos Reis.",Homologada
2019,154,PREGÃO PRESENCIAL,31/2019,68,"Contratação de empresa especializada na prestação de serviços de impressão, cópia, digitalização, caracterizado como outsourcing de impressão, com fornecimento de impressoras multifuncionais e suporte, além de peças, papéis e consumíveis, para pleno funcionamento dos equipamentos.",Homologada
2019,255,TOMADA DE PREÇO,31/2019,164,"Contratação de empresa especializada do ramo de engenharia para CONSTRUÇÃO DA QUADRA POLIESPORTIVA, NA RUA FRANCISCO KOLLTERMANN, VILA LEONEL BRIZOLA, BAIRRO ITACHERÊ. CONFORME CONVÊNIO Nº 843916/2017/MINISTÉRIO DO ESPORTE/CAIXA.",Homologada
2019,256,TOMADA DE PREÇO,32/2019,165,Contratação de empresa especializada do ramo de Engenharia Civil para execução de obra de reforma do Ginásio Cleto Doria De Azambuja.,Homologada
2019,155,PREGÃO PRESENCIAL,32/2019,69,"Aquisição de equipamentos de processamento de dados, destinado ao serviço do CER II Físico e Auditivo no Município de São Borja/RS",Homologada
2019,156,PREGÃO PRESENCIAL,33/2019,70,Registro de Preços para a aquisição de combustíveis para as viaturas utilizadas pelas secretarias municipais.,Homologada
2019,257,TOMADA DE PREÇO,33/2019,166,Contratação de empresa especializada do ramo de Engenharia Civil para execução de obra de revitalização do Parque Missioneiro do Horto Florestal.,Homologada
2019,157,PREGÃO PRESENCIAL,34/2019,71,"Registro de preço para a aquisição de Gás Liquefeito de Petróleo e Água Mineral (bombona), visando atender as necessidades de todas as Secretarias Municipais",Homologada
2019,158,PREGÃO PRESENCIAL,35/2019,72,"Registro de preços de extintores de incêndio novos e recargas, placas e luzes de sinalização de segurança, destinados aos prédios pertencentes a administração municipal",Homologada
2019,159,PREGÃO PRESENCIAL,36/2019,73,Registro de preço de materiais de construção - I,Homologada
2019,160,PREGÃO PRESENCIAL,37/2019,74,"Registro de preço de materiais de construção - II, para todas as secretarias.",Homologada
2019,162,PREGÃO PRESENCIAL,38/2019,76,"Registro de preço de materiais de construção  III, para todas as secretarias..",Homologada
2019,163,PREGÃO PRESENCIAL,39/2019,77,Registro de preços de cadeiras para todas as secretarias.,Homologada
2019,164,PREGÃO PRESENCIAL,40/2019,78,"Registro de preços de serviços de instalação, desinstalação e reinstalação, limpeza e manutenção de ar-condicionado, para todas as secretarias",Homologada
2019,165,PREGÃO PRESENCIAL,41/2019,79,"Registro de preço de brinquedos para escolas municipais, parques e praças públicas.",Homologada
2019,168,PREGÃO PRESENCIAL,42/2019,82,CAMINHÃO SMAMA,Homologada
2019,171,PREGÃO PRESENCIAL,43/2019,83,Registro de preço de baterias novas para manutenção das viaturas da frota Municipal.,Homologada
2019,173,PREGÃO PRESENCIAL,44/2019,85,"Registro de preços de água mineral, bombonas de 20 litros, para todas as secretarias.",Homologada
2019,174,PREGÃO PRESENCIAL,45/2019,86,"Registro de preço para Gás Liquefeito de Petróleo P13 e P05, visando atender as necessidades de todas as Secretarias Municipais.",Homologada
2019,175,PREGÃO PRESENCIAL,46/2019,87,"Aquisição de equipamentos odontológicos, destinados ao uso nas unidades odontológicas desta secretaria (ESF/CEO), conforme Termo de Compromisso de Repasse de Recurso nº. 4318001712182025713",Homologada
2019,176,PREGÃO PRESENCIAL,47/2019,88,Registro de preços de banheiros químicos para serem utilizados nos diversos eventos realizados pelo Município.,Em Andamento
2019,179,PREGÃO PRESENCIAL,48/2019,91,"Registro de preço de material de expediente  I, para todas as secretarias",Homologada
2019,180,PREGÃO PRESENCIAL,49/2019,92,"Registro de preço de material de expediente II, para todas as secretarias",Homologada
2019,181,PREGÃO PRESENCIAL,50/2019,93,"Registro de preço de material de expediente  III, para todas as secretarias",Homologada
2019,187,PREGÃO PRESENCIAL,51/2019,99,"Registro de preços de recargas de tonner para as impressoras de todas as secretarias,",Homologada
2019,188,PREGÃO PRESENCIAL,52/2019,100,"Registro de preços de material de proteção e segurança individual, para todas as secretarias.",Homologada
2019,189,PREGÃO PRESENCIAL,53/2019,101,"Registro de preço de óculos simples e bifocal, incluindo lentes e armação, visando o atendimento de pacientes usuários do SUS, cadastrados juntos ao CEMAE São Francisco",Homologada
2019,190,PREGÃO PRESENCIAL,54/2019,102,"Aquisição de veículos e maquinários para a revitalização e manutenção de estradas vicinais e ruas da cidade com recurso oriundo do contrato particular de abertura de crédito fixo, celebrado entre o Badesul Desenvolvimento S/A  Agência de Fomento/RS e o Município, Contrato de Financiamento BADESUL (processo nº02.002672/2018-77)",Em Andamento
2019,192,PREGÃO PRESENCIAL,55/2019,104,"Aquisição de 01 (um) veículo novo, zero quilômetro, tipo furgão ou pick up, para ambulância tipo A, que deverá ser utilizada na Secretaria Municipal de Saúde, conforme Termo de Compromisso e Proposta de Aquisição de Equipamento/Material Permanente n.º 4318001712260901432, termo de referência, solicitação nº 3102/2019 e laudo técnico nº 141/2019",Em Andamento
2019,193,PREGÃO PRESENCIAL,56/2019,105,RP de material laboratorial para o laboratório Municipal de Fronteira Geni Marques Pinto,Em Andamento
2019,194,PREGÃO PRESENCIAL,57/2019,106,"Aquisição de equipamentos para o laboratório Municipal de Fronteira, para serem utilizados na Dosagem Bioquímica e Hemogramas",Em Andamento
2019,195,PREGÃO PRESENCIAL,58/2019,107,"Registro de preço de materiais ambulatoriais, destinados ao uso nas unidades de saúde da Secretaria Municipal de Saúde",Homologada
2019,198,PREGÃO PRESENCIAL,59/2019,110,Registro de preço para serviços de arbitragem para os jogos dos Campeonatos Municipais 2019.,Homologada
2019,200,PREGÃO PRESENCIAL,60/2019,111,Registro de preços para a aquisição de combustíveis para as viaturas utilizadas pelas secretarias municipais,Em Andamento
2019,202,PREGÃO PRESENCIAL,61/2019,113,Registro de preços de materiais de construção para obra de manutenção e reformada do ESF04,Homologada
2019,203,PREGÃO PRESENCIAL,62/2019,114,Registro de preço de gêneros alimentícios para a doação nos CRAS,Homologada
2019,204,PREGÃO PRESENCIAL,63/2019,115,RP Tubos de Concreto,Homologada
2019,205,PREGÃO PRESENCIAL,64/2019,116,"Registro de preços de serviços gráficos, destinados a todas as secretarias",Homologada
2019,206,PREGÃO PRESENCIAL,65/2019,117,Registro de preços de materiais de construção para doação no departamento de habitação e benefícios sócio assistenciais da SMDS,Homologada
2019,209,PREGÃO PRESENCIAL,66/2019,119,"Registro de preços para concreto betuminoso usinado a quente e emulsão asfáltica, para revestimento em diversas ruas da cidade.",Em Andamento
2019,211,PREGÃO PRESENCIAL,67/2019,121,"Registro de preço para contratação de serviços de sonorização para eventos do município,",Homologada
2019,213,PREGÃO PRESENCIAL,68/2019,123,RP de Gêneros Alimentícios - I,Homologada
2019,214,PREGÃO PRESENCIAL,69/2019,124,RP de Gêneros Alimentícios - II,Homologada
2019,215,PREGÃO PRESENCIAL,70/2019,125,RP de Gêneros Alimentícios - III,Homologada
2019,216,PREGÃO PRESENCIAL,71/2019,126,"Aquisição de 02 (dois) caminhões novos para fins de renovação da frota municipal, para manutenção de ruas e estradas do Município de São Borja, visando a execução do Contrato de Financiamento com o BADESUL, processo n. º 02.002672/2018-77.",Homologada
2019,218,PREGÃO PRESENCIAL,72/2019,127,"Aquisição de 02 (duas) motoniveladoras novas, para fins de renovação da frota municipal para manutenção de ruas e estradas do Município de São Borja, visando a execução do Contrato de Financiamento BADESUL. processo n. º 02.002672/2018-77",Homologada
2019,219,PREGÃO PRESENCIAL,73/2019,128,Registro de preços de material de processamento de dados para a impressora Plotter HP Desingnjet 510 da Secretaria de Planejamento,Homologada
2019,220,PREGÃO PRESENCIAL,74/2019,129,"Aquisição de equipamentos de processamento de dados e mobiliário, destinados a Farmácia Básica do Centro e do Passo",Homologada
2019,221,PREGÃO PRESENCIAL,75/2019,130,Registro de preço de peças para manutenção das VTRs pesadas do Parque de Máquinas da  SMIESUST,Homologada
2019,222,PREGÃO PRESENCIAL,76/2019,131,"Registro de preço de fraldas infantis e geriátricas, destinadas aos usuários do SUS,",Homologada
2019,223,PREGÃO PRESENCIAL,77/2019,132,"Registro de Preços para aquisição de medicamentos destinados à distribuição aos pacientes do SUS, junto às Farmácias Básicas do Município.",Homologada
2019,226,PREGÃO PRESENCIAL,78/2019,135,"Aquisição de 01 (um) veículo novo, tipo utilitário, para apoio às ações de assistência técnica e extensão rural, visando a execução do Contrato de Repasse 871046/2018/MAPA/CAIXA entre o Ministério da Agricultura, Pecuária e Abastecimento/CAIXA e o Município de São Borja",Fracassada
2019,228,PREGÃO PRESENCIAL,79/2019,137,"Aquisição de 03 (três) Microtratores, visando a execução do Contrato de Repasse 881312/2018/MAPA/CAIXA entre o Ministério da Agricultura, Pecuária e Abastecimento/CAIXA e o Município de São Borja",Homologada
2019,230,PREGÃO PRESENCIAL,80/2019,139,Registro de preços de materiais utilizados nas oficinas de capacitação dos CRAS e dos Grupos de Convivência da SMDS.,Homologada
2019,231,PREGÃO PRESENCIAL,81/2019,140,"Registro de preço de suplementos alimentares destinados aos pacientes usuários do SUS, cadastrados junto ao NASF.",Homologada
2019,233,PREGÃO PRESENCIAL,82/2019,142,Registro de preços para aquisição de massa asfáltica de Concreto Betuminoso Usinado a Quente (CBUQ) para aplicação a frio,Homologada
2019,234,PREGÃO PRESENCIAL,83/2019,143,Aquisição de uniformes destinados aos integrantes do Projeto Invernada Artística do CAPS I Dr Caio Escobar,Homologada
2019,235,PREGÃO PRESENCIAL,84/2019,144,Registro de Preços para aquisição de materiais de higiene e limpeza - I,Homologada
2019,236,PREGÃO PRESENCIAL,85/2019,145,Registro de Preços de material de higiene e limpeza - II,Homologada
2019,237,PREGÃO PRESENCIAL,86/2019,146,"Registro de preços de materiais educativos, destinados ao uso nas atividades do CAPS AD III, CAPS I, NASF E PIM",Homologada
2019,239,PREGÃO PRESENCIAL,87/2019,148,"Pregão Presencial para registro de Preços para material elétrico I, para todas as secretarias.",Homologada
2019,240,PREGÃO PRESENCIAL,88/2019,149,"Registro de Preços para material elétrico II, para todas as secretarias.",Homologada
2019,241,PREGÃO PRESENCIAL,89/2019,150,"Registro de Preços para material elétrico III, para todas as secretarias.",Homologada
2019,244,PREGÃO PRESENCIAL,90/2019,153,"Aquisição de 01 (um) veículo automotor, tipo automóvel, zero quilometro, para a SMIESUST.",Homologada
2019,245,PREGÃO PRESENCIAL,91/2019,154,Aquisição de sistema ininterrupto de energia (Nobreak) e grupo de gerador de energia para serem utilizados pela Secretaria da Saúde,Homologada
2019,248,PREGÃO PRESENCIAL,92/2019,157,Registro de preço de locação de máquinas para execução de serviços dentro do perímetro urbano e rural do município,Homologada
2019,251,PREGÃO PRESENCIAL,93/2019,160,"registro de preço para equipamentos de proteção individual  EPIs, para todas as secretarias",Homologada
2019,252,PREGÃO PRESENCIAL,94/2019,161,"Registro de preço de óleos, lubrificantes e graxas para as VTRs da frota municipal.",Homologada
2019,253,PREGÃO PRESENCIAL,95/2019,162,Registro de preço de relógio ponto biométrico para o atendimento das necessidades de uso da Sede e unidades subordinadas da PMSB,Homologada
2019,254,PREGÃO PRESENCIAL,96/2019,163,RP de aparelhos de ar condicionado para todas as secretarias.,Homologada
2019,258,PREGÃO PRESENCIAL,97/2019,167,"Registro de preços de materiais odontológicos, destinados as unidades Odontológicas da Secretaria Municipal de Saúde.",Homologada
2019,259,PREGÃO PRESENCIAL,98/2019,168,Registro de preços de equipamentos de medição e orientação para a Topografia,Homologada
2019,260,PREGÃO PRESENCIAL,99/2019,169,"Aquisição de aparelhos, utensílios e mobiliário para o CAPS AD III",Homologada
2019,262,PREGÃO PRESENCIAL,100/2019,171,"Aquisição de equipamento de processamento de dados (tabletes), destinados aos Agentes Comunitários de Saúde",Em Andamento
2019,263,PREGÃO PRESENCIAL,101/2019,172,Aquisição de aparelhos e equipamentos destinados ao CER,Julgada
2019,264,PREGÃO PRESENCIAL,102/2019,173,"Registro de preços de materiais ambulatoriais  II, destinados a unidades de Saúde.",Homologada
2019,265,PREGÃO PRESENCIAL,103/2019,174,"Aquisição de software para aparelho TITAN com módulo de timpanometria e Bera, para o CER II Fisio e Auditivo,",Homologada
2019,267,PREGÃO PRESENCIAL,104/2019,176,"Aquisição de equipamentos para o laboratório Municipal de Fronteira Geni Marques Pinto, para serem utilizados na Dosagem Bioquímica e Hemogramas",Homologada
2019,268,PREGÃO PRESENCIAL,105/2019,177,"Registro de preço de Cargas de Oxigênio Medicinal, destinados aos pacientes usuários do SUS assistidos por esta secretaria, portadores de insuficiência pulmonar que fazem acompanhamento domiciliar, ambulâncias e Programa SAMU",Homologada
2019,269,PREGÃO PRESENCIAL,106/2019,178,"Aquisição de aparelhos, equipamentos e utensílios (Fisioterápicos), destinados ao CER II Físico e Auditivo,",Homologada
2019,272,PREGÃO PRESENCIAL,107/2019,181,"Contratação de empresa especializada na prestação de serviços de promoção de eventos, organização, execução e gestão de eventos, para o CAIS FOLIA 2020 e CARNAVAL DE RUA, COM DESFILE DAS ESCOLAS DE SAMBA/2020",Homologada
2019,273,PREGÃO PRESENCIAL,108/2019,182,"Contratação de empresa especializada na prestação de serviços de segurança privada, em especial, serviços de vigia e portaria, no evento CAIS FOLIA 2020",Homologada
2020,19628,CONCORRÊNCIA,1/2020,90,"Contratação de empresa para execução dos serviços de Transbordo e Transporte de Resíduos Sólidos Urbanos (RSU) da Unidade de Transbordo até Aterro Sanitário para Disposição Final de Resíduos Sólidos Urbanos,",Homologada
2020,275,PREGÃO PRESENCIAL,1/2020,1,"REGISTRO DE PREÇOS para Aquisição de Complementos Alimentares (cestas básicas), destinadas as doações nos Centros de Referência de Assistência Social (CRAS)",Homologada
2020,286,TOMADA DE PREÇO,1/2020,5,Contratação de empresa especializada do ramo de Engenharia Civil para execução de obra de reforma do Centro Dia do Idoso.,Em Andamento
2020,292,INEXIGIBILIDADE,1/2020,9,"Inexigibilidade de Licitação para divulgação, em jornal de circulação bissemanal, das atividades do Município, pertinente a seus projetos, programas, eventos, notícias, prestação de contas, entre outros. Período: janeiro a junho/2020. Contratada: ANDRES EDITORA JORNALÍSTICA LTDA - ME - CNPJ 07.759.909/0001-77. Valor estimado: R$ 22.542,00. Total de anúncios: 13. Rubricas: 02.02.3.3.90.39.00.00.00.00.0001-34; Base legal: art. 25, caput, da Lei 8.666/93.",Homologada
2020,326,CHAMADA PÚBLICA/PNAE,1/2020,33,"Aquisição de gêneros alimentícios diretamente da Agricultura Familiar e do Empreendedor Familiar Rural, para o atendimento ao Programa Nacional de Alimentação Escolar-PNAE",Homologada
2020,276,DISPENSA DE LICITAÇÃO,1/2020,2,"Dispensa de Licitação para Construção de torre metálica e instalação de reservatório com capacidade para 10.000 litros junto a localidade de Santos Reis, interior do Município. Contratada: AGRIMETAL INDUSTRIA DE TANQUES METÁLICOS LTDA, inscrita no CNPJ/MF n° 90.217.225/0001-97. Base legal: art. 24, IV e V, Lei 8.666/93. Valor total: R$ 17.800,00. Rubrica: 4.4.90.51.00.00.00.00.0001 (1501).",Homologada
2020,19618,CHAMAMENTO PÚBLICO/CREDENCIAMENTO,1/2020,81,"CREDENCIAMENTO DE PROFISSIONAIS (PESSOAS FÍSICAS OU JURÍDICAS) DA ÁREA MÉDICA, PARA PRESTAÇÃO DE SERVIÇOS ESPECIALIZADOS E EXAMES COMPLEMENTARES JUNTO A SECRETARIA MUNICIPAL DE SAÚDE, VISANDO ATENDER A DEMANDA E EVITAR O ENCAMINHAMENTO PARA FORA DO MUNICÍPIO, ESTIMADO PARA O PERÍODO DE 12 MESES",Julgada
2020,318,PREGÃO ELETRONICO,1/2020,26,"Aquisição de equipamento agrícola - Trator, conforme especificações detalhadas no item 01 - Do Objeto, convênio MAPA  Plataforma + Brasil n° 887594/2019, termo de referência, solicitação nº 8860/2020 e laudo técnico nº 076/2020.",Homologada
2020,327,CHAMADA PÚBLICA/PNAE,2/2020,34,"Aquisição de gêneros alimentícios diretamente da Agricultura Familiar e do Empreendedor Familiar Rural - Agroindústria, para o atendimento ao Programa Nacional de Alimentação Escolar-PNAE aquisição de gêneros alimentícios diretamente da Agricultura Familiar e do Empreendedor Familiar Rural - Agroindústria, para o atendimento ao Programa Nacional de Alimentação Escolar-PNAE",Homologada
2020,312,TOMADA DE PREÇO,2/2020,20,"Contratação de empresa para prestação de serviços de coleta, com fornecimento dos recipientes, transporte, tratamento e destino final em aterro licenciado (próprio ou terceirizado) dos RESÍDUOS SÓLIDOS DE SERVIÇOS DE SAÚDE dos grupos A, E e B",Homologada
2020,348,REGISTRO DE PREÇO DE OUTRO ÓRGÃO,2/2020,54,"Adesão a registro de preço de outro órgão para contratação de prestação de serviço de locação de veículos, através da Ata de Registro de Preço n.º 58/2019, firmada pelo Consórcio Público da Associação dos Municípios da Região Metropolitana de POA.",Homologada
2020,288,DISPENSA DE LICITAÇÃO,2/2020,6,"Dispensa de Licitação para realização de palestra motivacional destinada aos profissionais da educação das escolas municipais, conforme termo de referência que integra a presente. Contratada: SENAC RS, CNPJ nº 03.422.707/0001-84. Valor: R$ 12.000,00. Período: 17 e 18/02/2020. Duração: 40h. Base legal: art. 24, XIII, da Lei 8.666/93. Rubrica: 3.3.9.0.39.65.00.00 (48022364).",Homologada
2020,19658,CHAMAMENTO PÚBLICO/CREDENCIAMENTO,2/2020,120,"Chamamento Público visando o Credenciamento Médico para realização de cirurgias eletivas em urologia de pequeno, médio e grande porte, visando o atendimento aos usuários do SUS.",Julgada
2020,294,INEXIGIBILIDADE,2/2020,10,"Inexigibilidade de Licitação para Divulgação, em jornal de circulação semanal, das atividades do Município, pertinente a seus projetos, programas, eventos, notícias, prestação de contas, entre outros, pelo período de janeiro a junho/2020, compreendendo 18 anúncios. Contratada: TANIA MARIA FRAGOSO FALCÃO - ME - CNPJ 11.482.442/0001-38. Valor estimado: R$ 16.200,00. Rubrica: 02.02.3.3.90.39.00.00.00.00.0001-34; Base legal. Art. 25, da Lei 8.666/93.",Homologada
2020,278,PREGÃO PRESENCIAL,2/2020,3,"Registro de preço de pneus novos, câmaras de ar e colarinhos para a frota municipal, cujas especificações detalhadas encontram-se no item 01 - Do Objeto, de acordo com o Termo de Referência, laudo Técnico nº 463/2019",Homologada
2020,322,PREGÃO ELETRONICO,2/2020,30,"Aquisição de equipamento agrícola, conforme especificações detalhadas no item 01 - Do Objeto, convênio MAPA  Plataforma + Brasil n° 888671/2019, termo de referência, solicitação nº 8916/2020 e laudo técnico nº 076/2020.",Homologada
2020,351,REGISTRO DE PREÇO DE OUTRO ÓRGÃO,3/2020,57,"Adesão à Registro de Preço de Outro Órgão para aquisição de 02 (dois) ônibus escolares - Programa Caminho da Escola, por meio de recursos oriundos do Fundo Nacional de Desenvolvimento da Educação - FNDE.",Homologada
2020,279,PREGÃO PRESENCIAL,3/2020,4,"Registro de preços de Estação Total Eletrônica para a Topografia,",Homologada
2020,289,DISPENSA DE LICITAÇÃO,3/2020,7,"Dispensa de Licitação para contratação de serviços de Publicações oficiais em âmbito nacional de editais de licitação, dispensas, inexigibilidades, extratos de contrato, editais de chamamentos públicos, entre outros, expedidos pelo município de São Borja. Contratada: IMPRENSA NACIONAL; CNPJ nº 04.196.645/0001-00. Valor estimado para o exercício de 2020, R$ 50.000,00. Rubrica: 3.3.90.39.90.00.00.00 (213/2020). Amparo Legal: Artigo 24, VIII, c/c Art. 26, ambos da Lei 8.666/93.",Homologada
2020,296,INEXIGIBILIDADE,3/2020,12,"Inexigibilidade de Licitação de Publicidade em rádio referente ao Programa Institucional do Município, denominado Bom dia Cidade, para divulgação dos projetos, programas, eventos e notícias e demais informações de interesse público, de segunda a sexta-feira, por 10 (dez) minutos diários, de janeiro a junho de 2020. Contratada: Empresa São Borjense de Comunicação LTDA - EPP - CNPJ 88.409.537/0001-50. Valor: R$ 45.678,00. Rubrica: 3.3.9.0.39.13.00.00 (800010417). Base legal: art. 25, caput, da Lei 8.666/93.",Homologada
2020,328,PREGÃO ELETRONICO,3/2020,35,"Aquisição de equipamentos agrícolas, conforme especificações detalhadas no item 01 - Do Objeto, convênio MAPA  Plataforma + Brasil n° 886177/2019, termo de referência, solicitação nº 8870/2020 e laudo técnico nº 076/2020.",Homologada
2020,364,CHAMADA PÚBLICA/PNAE,3/2020,66,"Aquisição de gêneros alimentícios diretamente da Agricultura Familiar e do Empreendedor Familiar Rural, para a merenda escolar.",Homologada
2020,342,PREGÃO ELETRONICO,4/2020,48,"aquisição veículo para apoio às ações de assistência técnica e extensão rural, conforme especificações detalhadas no item 01 - Do Objeto, contrato de repasse 871046/2018/MAPA/CAIXA, termo de referência e laudo técnico nº 111/2020.",Fracassada
2020,304,INEXIGIBILIDADE,4/2020,17,"Inexigibilidade de Licitação para serviços de publicidade legal. Publicação em jornal de circulação bissemanal, às quartas e sábados, no âmbito do município de São Borja. Empresa: ANDRES EDITORA JORNALÍSTICA Ltda. CNPJ número 07.759.909/0001-77. Valor estimado em: R$ 24.000,00, Rubrica Orçamentária: 3.3.9.0.39.90.00.00  (213/2020).  Amparo Legal: art. 25, c/c art. 26, caput, da Lei Federal nº 8.666/93.",Homologada
2020,323,TOMADA DE PREÇO,4/2020,31,"Contratação de empresa especializada do ramo de engenharia para EXECUÇÃO DE OBRAS DE CASCALHAMENTO DO TRECHO DA ESTRADA DE ACESSO AOS ASSENTAMENTOS CAÇACÃ E CRISTO REDENTOR, conforme Convênios 883593/2019/MDA e 027/2019/INCRA/SR-11.",Homologada
2020,19612,CHAMADA PÚBLICA/PNAE,4/2020,75,Aquisição de gêneros alimentícios diretamente da Agricultura Familiar e do Empreendedor Familiar Rural - Agroindústria,Homologada
2020,290,DISPENSA DE LICITAÇÃO,4/2020,8,"Dispensa de Licitação para contratação de serviços de Publicações legais em âmbito estadual de editais de licitação, dispensas, inexigibilidades, extratos de contrato, editais de chamamentos públicos, entre outros, expedidos pelo município de São Borja. Contratada: Procergs - Companhia de Processamento de Dados do Estado do Rio Grande do Sul, CNPJ/MF n° 87.124.582/0001-04. Valor estimado para o exercício de 2020, R$ 100.000,00. Rubrica: 3.3.90.39.90.00.00.00 (213/2020). Amparo Legal: Artigo 24, VIII, c/c Art. 26, ambos da Lei 8.666/93.",Homologada
2020,295,PREGÃO PRESENCIAL,4/2020,11,"Registro de preço para gêneros alimentícios  I, para todas as secretarias,",Homologada
2020,19625,CHAMADA PÚBLICA/PNAE,5/2020,88,"Aquisição de doce de leite, diretamente da Agricultura Familiar e do Empreendedor Familiar Rural - Agroindústria.",Homologada
2020,356,PREGÃO ELETRONICO,5/2020,62,Registro de preço de material laboratorial destinado ao Laboratório Municipal de Fronteira Geni Marques Pinto.,Homologada
2020,313,PREGÃO PRESENCIAL,5/2020,21,"Registro de preço para gênero alimentício II  Carne Bovina Moída, para todas as secretarias.",Homologada
2020,331,TOMADA DE PREÇO,5/2020,38,"Contratação de empresa especializada do ramo de engenharia para execução de revestimento e drenagem em 6,40 km de estradas vicinais internas e de acesso ao PA Conquista das Missões, localizado no Município de São Borja, RS. Recurso Oriundo do CONVÊNIO 830.830/2016.",Em Andamento
2020,298,DISPENSA DE LICITAÇÃO,5/2020,13,"Dispensa de Licitação para aquisição de pneus novos para reposição em veículos (ônibus) da Secretaria Municipal de Educação, visando atender o Programa de Transporte Escolar. Contratada/Fornecedora:  Roda Pneus e Acessórios Ltda, inscrita no CNPJ sob nº 89.511.083/0001-97. Valor: R$ 19.260,00. Base legal: art. 24, IV, da Lei 8.666/93. Rubrica: 3.3.9.0.30.39.00.00.",Homologada
2020,305,INEXIGIBILIDADE,5/2020,18,"Inexigibilidade de Licitação para Fornecimento de telefonia fixa para os prédios próprios do Município. Empresa: OI S/A  CNPJ n. 76.535.764/0001-43  CGM 40871. Valor estimado, R$ 203.409,98, que será pago na rubrica: 3.3.90.58.00.00.00. Amparo Legal: art. 25, Inc. I c/c art. 26, caput, da Lei Federal nº 8.666/93.",Homologada
2020,314,PREGÃO PRESENCIAL,6/2020,22,Registro de preço para contratação de empresa especializada na área de controle de pragas em especial dedetização e desinsetização.,Homologada
2020,333,TOMADA DE PREÇO,6/2020,40,"Contratação de empresa especializada do ramo de engenharia para EXECUÇÃO DE OBRAS DE REVITALIZAÇÃO DO ACESSO À FONTE SÃO PEDRO, localizada na Rua Feliz da Cunha nº 955, Bairro Bettim, São Borja.",Em Andamento
2020,357,PREGÃO ELETRONICO,6/2020,63,"Registro de preços de extintores de incêndio novos e recargas, placas e luzes de sinalização de segurança, destinados aos prédios pertencentes a administração municipal",Homologada
2020,306,INEXIGIBILIDADE,6/2020,19,"Inexigibilidade de Licitação para aquisição de vale-transporte para os servidores municipais.  Empresa: TRANSPORTE INTEGRAÇÃO URBANA Ltda. inscrita no CNPJ sob número 94.282.845/0001-60. CGM 18287 . Valor estimado em: R$ 95.000,00, Rubrica Orçamentária: 3.3.9.0.39.72.00.00.00,  Amparo Legal: art. 25, c/c art. 26, caput, da Lei Federal nº 8.666/93.",Homologada
2020,300,DISPENSA DE LICITAÇÃO,6/2020,14,"Dispensa de Licitação para contratação dos serviços de distribuição de água e esgoto, nos prédios próprios do município. Contratada: COMPANHIA RIOGRANDENSE DE SANEAMENTO - CORSAN, CNPJ/MF n° 92.802.784/0001-90. CGM 131425. Valor estimado para o exercício de 2020, R$ 306.178,90 (trezentos e seis mil, cento e setenta e oito reais e noventa centavos). Rubrica: 3.3.90.39.44.00.00.00. Amparo Legal: Artigo 24, VIII, c/c Art. 26, ambos da Lei 8.666/93.",Homologada
2020,358,PREGÃO ELETRONICO,7/2020,64,Registro de preços de materiais de expediente para uso das secretarias municipais.,Homologada
2020,315,INEXIGIBILIDADE,7/2020,23,"Inexigibilidade de Licitação para Contratação de show artístico (banda musical) para animação junto ao Cais Folia. Contratada: MUSICAL BALANÇA BRASIL LTDA   inscrita no CNPJ 02.310.093/0001-86. Base legal: art. 25, III, Lei 8.666/93. Valor total: R$ 55.000,00, para os dias 20; 21; 22; 23 e 24 de fevereiro/2020. Rubrica: 3.3.90.39.00.00.00.00 0001 (1244).",Homologada
2020,317,PREGÃO PRESENCIAL,7/2020,25,Registro de preço de Combustível,Homologada
2020,336,TOMADA DE PREÇO,7/2020,43,"Contratação de empresa para a execução de obras de terraplanagem, drenagem pluvial, pavimentação, obras complementares e sinalização, passeios e acessibilidade, na Rua Joaquim Nabuco, Rua Itajaí, Rua João Laguna, Rua República e Rua 09 de Maio, na cidade de São Borja, RS. Pró- Transporte  PAC II  Lote IV - G. Contrato de Financiamento Nº 399.644-00",Homologada
2020,302,DISPENSA DE LICITAÇÃO,7/2020,15,"Dispensa de Licitação para contratação dos serviços de distribuição de energia elétrica para iluminação pública. Contratada: RGE SUL DISTRIBUIDORA DE ENERGIA S.A.; CNPJ/MF n° 02.016.440/0001-62. CGM 54776. Valor estimado para o exercício de 2020, R$ 2.139.500,00. Rubrica: 09.04.2.072.3.3.90.39.43.00.00.00 (578/2020). Amparo Legal: Artigo 24, XXII, c/c Art. 26, ambos da Lei 8.666/93.",Homologada
2020,329,PREGÃO PRESENCIAL,8/2020,36,"o registro de preço para a contratação de empresa especializada no fornecimento de ataúdes e prestação de serviços funerários e translados, destinados ao âmbito da assistência social, em conformidade com a Lei n. 5.507/2019",Homologada
2020,319,INEXIGIBILIDADE,8/2020,27,"Inexigibilidade de Licitação para Divulgação de campanhas relativas a área da saúde, pelo período de janeiro a junho/2020, compreendendo 13 anúncios. Contratada: ANDRES EDITORA JORNALÍSTICA LTDA- ME  - CNPJ: 07.759.909/0001-77. Valor estimado: R$ 11.271,00. Rubrica: 2092.3.3.90.39.00.00.00.00.4502.3649; Base legal. Art. 25,caput da Lei 8.666/93.",Homologada
2020,365,PREGÃO ELETRONICO,8/2020,67,"Aquisição de equipamentos para a Agroindústria Familiar, conforme  Convênio FPE nº 1499/2018 (Consulta Popular 2018).",Homologada
2020,337,TOMADA DE PREÇO,8/2020,44,"Contratação de empresa para a execução de obras de terraplanagem, drenagem pluvial, pavimentação, obras complementares e sinalização, passeios e acessibilidade, na Rua Pedro Américo, Rua General Vargas, Rua Tupi Caldas, Rua Carlos Gomes e Rua Castro Alves, na cidade de São Borja. Pró- Transporte  PAC II  Lote IV - H. Contrato de Financiamento Nº 399.644-00/2013.",Homologada
2020,303,DISPENSA DE LICITAÇÃO,8/2020,16,"Dispensa de Licitação para contratação dos serviços de distribuição de energia elétrica para os prédios do município. Contratada: RGE SUL DISTRIBUIDORA DE ENERGIA S.A.; CNPJ/MF n° 02.016.440/0001-62. CGM 54776. Valor estimado para o exercício de 2020: R$ 1.846.347,26 Rubrica: 3.3.90.39.43.00.00.00. Amparo Legal: Artigo 24, XXII, c/c Art. 26, ambos da Lei 8.666/93.",Homologada
2020,19606,PREGÃO ELETRONICO,9/2020,72,Registro de preço para contratação de empresa especializada na área de controle de pragas em especial roedores - Desratização,Anulada
2020,330,PREGÃO PRESENCIAL,9/2020,37,"Registro de preço de uniformes e EPI's, destinados ao uso do efetivo do 3° Pelotão de Bombeiros Militar.",Em Andamento
2020,338,TOMADA DE PREÇO,9/2020,45,"contratação de empresa para a execução de obras de terraplanagem, drenagem pluvial, pavimentação, obras complementares e sinalização, passeios e acessibilidade, na Rua João Dallaporta, David Tavares, Alcides Ferreira Arce, Cândido Dallenogare, Arlindo Neto Machado, Leonel Martins dos Santos e Boa Ventura Peruzzi, na cidade de São Borja. Recurso oriundo do Pró- Transporte  PAC II  Lote IV - I. Contrato de Financiamento Nº 399.644-00/2013.",Homologada
2020,320,INEXIGIBILIDADE,9/2020,28,"Inexigibilidade de Licitação para Divulgação de campanhas relativas a área da saúde, pelo período de janeiro a junho/2020, compreendendo 10 anúncios. Contratada: TANIA MARIA FRAGOSO FALCÃO - ME - CNPJ 11.482.442/0001-38. Valor estimado: R$ 9.000,00. Rubrica: 2092.3.3.90.39.00.00.00.00.4502-3649; Base legal. Art. 25, da Lei 8.666/93.",Homologada
2020,316,DISPENSA DE LICITAÇÃO,9/2020,24,"Dispensa de Licitação para Execução de obras de adequações para instalação do elevador junto \r\n\r\nao prédio onde localiza-se o Centro Administrativo Salvador Lionço Pereira Alvarez.  Contratada:  INOVE ARQUITETURA E ENGENHARIA LTDA, inscrita no CNPJ/MF n° 36.419.348/0001-65.Base legal: art. 24, IV, Lei 8.666/93. Valor total: R$ 36.986,25. \r\n\r\nRubrica: 4.4.90.51.00.00.00.00 (180).",Homologada
2020,324,DISPENSA DE LICITAÇÃO,10/2020,32,"Aquisição de medicamentos de uso contínuo que estão sendo dispensados para 60 dias de tratamento, devido a pandemia do COVID-19. Estes medicamentos serão distribuídos gratuitamente aos pacientes nas Farmácias Básica Centro e Passo e nas ESFs de nosso município. Tendo em vista o art. 24 da Lei 8.666/93 e o Decreto municipal n° 18.394/2020 e tendo em vista a não ocorrência da licitação do Processo de Compra nº 6377/2020 (protocolo nº 4479/2020), foi solicitada a aquisição por compra direta.",Homologada
2020,332,INEXIGIBILIDADE,10/2020,39,"Inexigibilidade de licitação para aquisição de licença de banco de preços (software). Contratada: NP CAPACITAÇÃO E SOLUÇÕES TECNOLÓGICAS LTDA - CNPJ 07.797.967/0001-95. Prazo: 12 meses. Valor total: R$ 17.950,00. Rubrica: 3.3.9.0.40.06.00.00. Base legal: art. 25, I, da Lei 8.666/93.",Homologada
2020,335,PREGÃO PRESENCIAL,10/2020,42,"Aquisição de equipamentos domésticos, informática e de mobiliários, destinados aos projetos Despertando Valores e Casa da Acolhida.",Homologada
2020,340,TOMADA DE PREÇO,10/2020,46,"Contratação de empresa para a execução de obras de terraplanagem, drenagem pluvial, pavimentação, obras complementares e sinalização, passeios e acessibilidade, na Rua João Manoel, Travessa José P. Alvarez, Travessa Quirino Mendes, Travessa Paraguai e Rua Djalma Falcão, na cidade de São Borja, RS. Recurso oriundo do Pró- Transporte  PAC II  Lote IV, J- Contrato de Financiamento Nº 399.644-00/2013",Homologada
2020,19633,PREGÃO ELETRONICO,10/2020,95,Registro de preços de cartuchos de tinta HP 82 e papel sulfite para impressora Plotter HP Designjet 510,Homologada
2020,19635,PREGÃO ELETRONICO,11/2020,97,"Aquisição veículo para apoio às ações de assistência técnica e extensão rural, conforme contrato de repasse 871046/2018/MAPA/CAIXA.",Homologada
2020,367,TOMADA DE PREÇO,11/2020,68,Contratação de empresa especializada do ramo de Engenharia Civil para execução de obra de reforma do Centro Dia do Idoso.,Em Andamento
2020,341,PREGÃO PRESENCIAL,11/2020,47,"Registro de Preços para aquisição de medicamentos - I destinados à distribuição aos pacientes do SUS, junto às Farmácias Básicas do Município.",Homologada
2020,343,DISPENSA DE LICITAÇÃO,11/2020,49,"Contratação do sistema denominado WCompras, para realização de licitação em meio digital, por intermédio da rede mundial de computadores, especificamente na modalidade Pregão, em todas as suas formas",Homologada
2020,19640,INEXIGIBILIDADE,11/2020,102,"Divulgação de informações relativas ao combate e prevenção contra o COVID-19, pelo período de julho e agosto/2020, consoante termo de referência que integra a presente.",Julgada
2020,19677,INEXIGIBILIDADE,12/2020,138,"Autorização de repasse de recursos Federal, incremento Teto MAC, média e alta complexidade, emenda parlamentar de bancada, Portaria 957/2020 para ASSOCIAÇÃO DE PAIS E AMIGOS  DOS EXCEPCIONAIS- APAE,  destinado ao custeio de ações e serviços públicos de saúde MAC, constantes nos planos operativos em anexo.",Homologada
2020,352,PREGÃO PRESENCIAL,12/2020,58,"Registro de preços de água mineral, para todas as secretarias, cujas especificações detalhadas encontram-se no item 1.2. de acordo com o termo de referência e processo de compra nº 7631/2020.",Homologada
2020,344,DISPENSA DE LICITAÇÃO,12/2020,50,EPI'S,Homologada
2020,19629,TOMADA DE PREÇO,12/2020,91,Contratação de empresa para execução de obras de pavimentação asfáltica para recuperação das vias que sofreram intervenções da CORSAN.,Em Andamento
2020,19643,PREGÃO ELETRONICO,12/2020,105,TRATOR,Homologada
2020,353,PREGÃO PRESENCIAL,13/2020,59,"Registro de preço para Gás Liquefeito de Petróleo, visando atender as necessidades de todas as Secretarias Municipais",Homologada
2020,19696,INEXIGIBILIDADE,13/2020,157,"Contrato de prestação de Serviços a ser firmado com a Clínica Renal Ivan Goulart para execução de serviços técnico-profissionais na área de hemodiálise de média e alta complexidade, a serem prestados ao indivíduo que deles necessitem.",Homologada
2020,19632,TOMADA DE PREÇO,13/2020,94,Contratação de empresa para execução de obras e serviços de complementação do Quartel do Corpo de Bombeiros de São Borja.,Homologada
2020,19644,PREGÃO ELETRONICO,13/2020,106,"A aquisição de mobiliários e equipamentos destinados ao uso no SAE (Serviço de Atendimento Especializado), Farmácia Especializada e Central de Vacinas",Homologada
2020,345,DISPENSA DE LICITAÇÃO,13/2020,51,ESF4,Homologada
2020,346,DISPENSA DE LICITAÇÃO,14/2020,52,"Termo de Fomento que celebram entre si o Município de São Borja e o Asilo São Vicente de Paula, objetivando mútua cooperação para promover a execução de atividades da área dos Direitos dos Idosos, Projeto ""Renovar para qualificar o atendimento aos idosos do Asilo São Vicente de Paula""",Julgada
2020,19738,INEXIGIBILIDADE,14/2020,199,Serviços de publicidade legal.,Homologada
2020,354,PREGÃO PRESENCIAL,14/2020,60,"Registro de preço de materiais de construção  I, para todas as secretarias",Homologada
2020,19653,PREGÃO ELETRONICO,14/2020,115,Registro de preços de aparelhos de ar condicionado.,Homologada
2020,19647,TOMADA DE PREÇO,14/2020,109,"Contratação de empresa especializada no ramo de engenharia para execução de obras de terraplanagem, drenagem pluvial, pavimentação, obras complementares, sinalização, passeios e acessibilidade, conforme atendimento do Contrato de Repasse n.º 885.421/2019/MDR/CAIXA  Operação 1064237-55, nos seguintes trechos: - Rua Eddie Freire Nunes  D=214,51m: Trecho entre a Rua Simões Lopes Neto, distante 110m da Rua Dorval Nólibos, São Borja/RS; - Rua Sepé Tiaraju  D=351,27m: Trecho entre a Rua Coronel Lago e Rua João Lunardini, São Borja/RS; - Rua Monteiro Lobato  D=142,93m: Trecho entre a Rua Coronel Lago e Rua Eddie Freire Nunes, São Borja/RS; - Rua João Palmeiro  D=87,43m: Trecho entre a Rua Simões Lopes Neto e Rua Sepé Tiaraju, São Borja/RS; - Rua Otaviano Mendes  D=190,49m: Trecho entre a Rua Maurício Augusto Machado e Avenida Viriato Vargas, São Borja/RS.",Homologada
2020,355,PREGÃO PRESENCIAL,15/2020,61,"Registro de preço de materiais de construção  II, para todas as secretarias.",Homologada
2020,19666,PREGÃO ELETRONICO,15/2020,128,"Aquisição de câmara para conservação de vacinas, destinado a Central de Vacinas",Homologada
2020,19739,INEXIGIBILIDADE,15/2020,200,"Contratação da empresa Planalto Transportes Ltda para aquisição de passagens rodoviárias, com seguro, para as cidades de Santa Maria e Porto Alegre, destinada a usuários do SUS, que necessitem de tratamento médico de média e alta complexidade que no município não dispôe.",Homologada
2020,19648,TOMADA DE PREÇO,15/2020,110,Contratação de empresa especializada do ramo de Engenharia Civil para execução de obra de reforma do Centro Dia do Idoso.,Fracassada
2020,347,DISPENSA DE LICITAÇÃO,15/2020,53,Termo de Fomento entre Município e APAE objetivando mútua cooperação para o provimento de vagas e atendimentos educacional especial de alunos com deficiência intelectual e múltipla,Homologada
2020,19667,PREGÃO ELETRONICO,16/2020,129,"Aquisição veículo novo, tipo camionete pick-up, zero quilometro, para apoio às ações de vistorias, fiscalização, atendimentos a denúncias e licenciamento ambiental",Homologada
2020,359,PREGÃO PRESENCIAL,16/2020,65,Registro de preços para aquisição de Uniformes e EPIs destinados aos servidores da SMIESUST,Homologada
2020,349,DISPENSA DE LICITAÇÃO,16/2020,55,"Termo de Fomento para execução do projeto ""Ampliando atendimentos: Vida Saudável por meio da Água"", cfe projeto aprovado pelo Edital 002/2019, Ata nº 062/2020, resolução nº 004/2020 COMDICA.",Homologada
2020,19760,INEXIGIBILIDADE,16/2020,221,"inexigibilidade de licitação para contratação do seguinte fornecedor: ANDRES EDITORA JORNALÍSTICA Ltda. inscrita no CNPJ sob número 07.759.909/0001-77.  CGM 46.766, para os serviços de publicidade legal. A presente inexigibilidade se justifica pelo fato de a empresa supracitada, ser a única que veicula jornal de circulação bissemanal no âmbito do município de São Borja, inexigível, portanto, a abertura de processo licitatório",Homologada
2020,19673,TOMADA DE PREÇO,16/2020,135,"Contratação de empresa para execução de obras de pavimentação asfáltica para recuperação das vias que sofreram intervenções da CORSAN, segundo normas DNIT 031/2006-ES e DNIT 145/2012-ES, nos seguintes trechos:\r\n- Rua Almirante Gonçalves  trecho entre as ruas Curupaiti e General Hipólito (área 2.646 m²)\r\n- Rua General Hipólito  trecho entre a rua Almirante Gonçalves e Avenida Júlio Tróis (área 1.302 m²)",Homologada
2020,19678,TOMADA DE PREÇO,17/2020,139,Contratação de empresa especializada do ramo de Engenharia Civil para execução de obra de revitalização do Parque Missioneiro do Horto Florestal.,Fracassada
2020,350,DISPENSA DE LICITAÇÃO,17/2020,56,"Termo de Fomento para execução do projeto ""Mãos na Massa"", cfe projeto aprovado pelo Edital 002/2019, Ata nº 062/2020, resolução nº 003/2020 COMDICA.",Julgada
2020,19668,PREGÃO ELETRONICO,17/2020,130,"Registro de preço de equipamentos de proteção de individual (EPIs), para todas as secretarias",Homologada
2020,19607,PREGÃO PRESENCIAL,17/2020,73,"Registro de preço de Cargas de Oxigênio Medicinal, destinados aos pacientes usuários do SUS, portadores de insuficiência pulmonar que fazem acompanhamento domiciliar, ambulâncias e Programa SAMU",Em Andamento
2020,19608,PREGÃO PRESENCIAL,18/2020,74,"Registro de preço para contratação de serviços de transporte terceirizado de pacientes usuários do SUS, para realização de consultas, cirurgias e exames, de média e alta complexidade, especialidades que o município não possui e referências regionais e estaduais",Homologada
2020,368,DISPENSA DE LICITAÇÃO,18/2020,69,Aquisição de EPI's para uso dos profissionais da área da saúde que estão da linha de frente ao combate e prevenção da COVID-19.,Homologada
2020,19674,PREGÃO ELETRONICO,18/2020,136,"Registro de preços de material de construção  III, para reparos, manutenção e restauração em vias públicas da cidade",Homologada
2020,19692,TOMADA DE PREÇO,18/2020,153,"Contratação de empresa para elaboração de projeto de recuperação de área degradada por Resíduos Sólidos Urbanos, de acordo com Termo de Referência, Licença de Operação nº278/2020/FEPAM",Homologada
2020,19604,DISPENSA DE LICITAÇÃO,19/2020,70,PRESTAÇÃO DE SERVIÇOS NA ÁREA DA SAÚDE,Homologada
2020,19675,PREGÃO ELETRONICO,19/2020,137,"Aquisição veículo modelo furgão, zero quilometro, devidamente transformado em ambulância, para a Secretaria da Saúde",Homologada
2020,19619,PREGÃO PRESENCIAL,19/2020,82,"RP de óculos simples e bifocal, para serem dispensados aos pacientes do SUS, cadastrados juntos ao CEMAE",Homologada
2020,19718,TOMADA DE PREÇO,19/2020,179,"Contratação de empresa especializada do ramo de Engenharia Civil para execução de obra da reforma  do ESF 11, situado na Rua dos Andradas nº 640, Vila Jaguari.",Deserta
2020,19621,PREGÃO PRESENCIAL,20/2020,84,"Registro de preços de uniformes e EPIs, destinados ao uso do efetivo do 3° Pelotão de Bombeiros Milita",Homologada
2020,19605,DISPENSA DE LICITAÇÃO,20/2020,71,PRESTAÇÃO DE SERVIÇOS DE INFORMÁTICA - EMULAÇÃO DE TERMINAL E IMPRESSA E SERVIÇO DE REDE ESPECIALIZADA.,Homologada
2020,19681,PREGÃO ELETRONICO,20/2020,142,"Registro de preço de Cargas de Oxigênio Medicinal, destinados aos pacientes usuários do SUS, portadores de insuficiência pulmonar que fazem acompanhamento domiciliar, ambulâncias e Programa SAMU",Revogada
2020,19727,TOMADA DE PREÇO,20/2020,188,"Contratação de empresa especializada do ramo de Engenharia Civil para execução de obra de revitalização do Parque Missioneiro do Horto Florestal, convênio nº 870724/2018/Ministério do Turismo/Caixa,",Homologada
2020,19613,DISPENSA DE LICITAÇÃO,21/2020,76,Aquisição de material de acondicionamento e embalagem destinado a doação de alimentos às pessoas em situação de vulnerabilidade social em decorrência do COVID-19.,Homologada
2020,19637,PREGÃO PRESENCIAL,21/2020,99,Registro de preço de tintas e materiais para sinalização viária para as vias públicas do município,Homologada
2020,19682,PREGÃO ELETRONICO,21/2020,143,"Registro de preços de concreto usinado, para uso em reparos, manutenção e restauração em vias públicas da cidade",Homologada
2020,19731,TOMADA DE PREÇO,21/2020,192,"Contratação de empresa para execução de pavimentação com pedras irregulares,a Rua Santos Reis no seguinte trecho:\r\n- Rua Engenheiro Manoel L. Fagundes até 289,57m da Rua Manoel A. Fronner, São Borja  RS, totalizando uma área de 4.938,26m². Despesa será oriundo do Contrato de Repasse nº 885423/2019/MDR/CAIXA.",Homologada
2020,19614,DISPENSA DE LICITAÇÃO,22/2020,77,"Aquisição de EPIs para uso dos profissionais da Secretaria visando sua prevenção e proteção contra o COVID-19 quando do desempenho de suas atividades, melhor descrito no Termo de Referência e demais documentos que integram o pedido.",Homologada
2020,19691,PREGÃO PRESENCIAL,22/2020,152,"Registro de preço de material hidráulico, para manutenção nas redes de esgoto da Prefeitura Municipal e unidades subordinadas.",Em Andamento
2020,19683,PREGÃO ELETRONICO,22/2020,144,"Aquisição veículo novo, tipo automóvel Sedan, zero quilômetro, para ser utilizado pela Secretaria da Saúde. Proposta nº 10610.784000/1190-02/Ministério da Saúde, termo de referência e laudo técnico nº 203/2020.",Homologada
2020,19734,TOMADA DE PREÇO,22/2020,195,"Contratação de empresa para execução de pavimentação com pedras irregulares, terraplanagem, drenagem pluvial, passeios com acessibilidade e sinalização viária na Rua Viriato Vargas, trecho entre a Rua Gustavo Sampaio até a Rua Frei Caneca, São Borja, RS, totalizando uma área de 4.009,84m², de acordo com Termo de Referência, Memorial Descritivo, projeto e planilhas, anexas, conforme contrato de repasse nº 894.064/2019/MDR/Caixa, recurso 1298.",Homologada
2020,19615,DISPENSA DE LICITAÇÃO,23/2020,78,Aquisição de peças para veículos utilizados nas ações de combate e prevenção do COVID-19.,Homologada
2020,19737,TOMADA DE PREÇO,23/2020,198,"Contratação de empresa especializada do ramo de Engenharia Civil para execução de obra de reforma  do Prédio do CAPS I  Caio Escobar, situado na Rua Eddie Freire Nunes, nº 496, em São Borja/RS.",Deserta
2020,19684,PREGÃO ELETRONICO,23/2020,145,"Registro de preço de baterias novas, destinada a frota municipal.",Homologada
2020,19705,PREGÃO PRESENCIAL,23/2020,166,"Registro de preços de gêneros alimentícios perecíveis - V, para todas as secretarias.",Homologada
2020,19707,PREGÃO PRESENCIAL,24/2020,168,"Registro de preço de gêneros alimentícios perecíveis  VI, para todas as secretarias,",Homologada
2020,19747,TOMADA DE PREÇO,24/2020,208,"Contratação de empresa para execução de pavimentação com pedras irregulares, na Rua Tupi Caldas, trecho:\r\n- Rua Henrique Dias até Rua Floriano Peixoto, São Borja  RS, totalizando uma área de 2.007,98m²  Contrato de Repasse nº 889.192/2019/MDR/CAIXA.",Homologada
2020,19616,DISPENSA DE LICITAÇÃO,24/2020,79,"Aquisição de equipamentos destinados a melhoria, manutenção e conservação de máquinas junto ao CRAS, a fim de propiciar melhorias no atendimento e orientação aos usuários do serviços de assistência social no combate e prevenção do COVID-19, melhor descrito no Termo de Referência e demais documentos que integram o pedido.",Homologada
2020,19685,PREGÃO ELETRONICO,24/2020,146,"RP de material educativo e esportivo - I, destinado ao uso nas atividades do CAPS AD III, CAPS I, NASF, CER e PIM.",Homologada
2020,19748,TOMADA DE PREÇO,25/2020,209,"Contratação de empresa para execução de pavimentação com pedras irregulares, na Rua Cristóvão Colombo, trecho:\r\n- Rua Pedro Américo até Rua Carlos Gomes, São Borja  RS, totalizando uma área de 2.261,00m².  Contrato de Repasse nº 894.073/2019/MDR/CAIXA.",Homologada
2020,19686,PREGÃO ELETRONICO,25/2020,147,"RP de material educativo e esportivo - II, destinado ao uso nas atividades do CAPS AD III, CAPS I, NASF, CER e PIM.",Homologada
2020,19617,DISPENSA DE LICITAÇÃO,25/2020,80,Aquisição de equipamentos destinados a melhorias na estruturação dos serviços ofertados pelos CRAS e CREAS.,Homologada
2020,19712,PREGÃO PRESENCIAL,25/2020,173,"Registro de preço de material hidráulico, para manutenção nas redes de esgoto da Prefeitura Municipal e unidades subordinadas",Homologada
2020,19687,PREGÃO ELETRONICO,26/2020,148,"RP de material educativo e esportivo - III, destinado ao uso nas atividades do CAPS AD III, CAPS I, NASF, CER e PIM.",Homologada
2020,19620,DISPENSA DE LICITAÇÃO,26/2020,83,"Aquisição de uniformes (conjunto pijama cirúrgico, manga curta, 100% algodão, na cor bege, com bolso na camisa), para uso dos profissionais da área da saúde que estão na linha de frente ao combate e à prevenção da Covid-19",Homologada
2020,19721,PREGÃO PRESENCIAL,26/2020,182,Registro de preço de locação de máquinas para execução de serviços dentro do perímetro urbano e rural do município.,Em Andamento
2020,19694,PREGÃO ELETRONICO,27/2020,155,"Registro de preço de medicamentos  - I, destinados a distribuição aos pacientes usuários do SUS.",Homologada
2020,19622,DISPENSA DE LICITAÇÃO,27/2020,85,"Aquisição de Material para manutenção do veículo Placas IVE 3571 Ford Transit ano 2013, utilizado pela Secretaria de Desenvolvimento Social nas ações de combate e prevenção do COVID-19, melhor descrito no Termo de Referência e demais documentos que integram o pedido.",Homologada
2020,19735,PREGÃO PRESENCIAL,27/2020,196,"REGISTRO DE PREÇOS para Aquisição de Complementos Alimentares (cestas básicas), destinadas as doação no exercício 2020/2021, nos Centros de Referência de Assistência Social (CRAS)",Homologada
2020,19755,PREGÃO PRESENCIAL,28/2020,216,"Aquisição de equipamento de processamento de dados (tabletes), destinados aos Agentes Comunitários de Saúde",Homologada
2020,19623,DISPENSA DE LICITAÇÃO,28/2020,86,Dispensa de licitação para celebração de convênio visando o repasse de auxílio financeiro emergencial oriundo da União (Lei Federal nº 13.995/2020) destinado ao combate e prevenção do COVID-19.,Homologada
2020,19695,PREGÃO ELETRONICO,28/2020,156,"Registro de preço de medicamentos  - II, destinados a distribuição aos pacientes usuários do SUS",Homologada
2020,19700,PREGÃO ELETRONICO,29/2020,161,"contratação de empresa para realizar serviço de monitoramento eletrônico (alarme monitoramento e circuito fechado de televisão) e visita/vistoria  aos chamados de disparo/detecção de alarmes, compreendendo monitoramento de imagens e de alarmes, instalação e manutenção com fornecimento de equipamento em comodato para atender as necessidades da Prefeitura Municipal de São Borja",Homologada
2020,19624,DISPENSA DE LICITAÇÃO,29/2020,87,"Dispensa de licitação para reforma e restauração de beiral junto ao prédio do CRAS Centro, anexo a Casa de Acolhida, conforme termo de referência e documentos anexos.",Homologada
2020,19702,PREGÃO ELETRONICO,30/2020,163,"Aquisição de descascador de mandioca, equipamento para a  Agroindústria Familiar, Convênio FPE 1499/2018.",Homologada
2020,19630,DISPENSA DE LICITAÇÃO,30/2020,92,Aquisição de equipamentos (estabilizador modelo C) destinado a melhoria na estruturação dos serviços ofertados pelos CRAS e CREAS.,Homologada
2020,19704,PREGÃO ELETRONICO,31/2020,165,"Registro de preços de gêneros alimentícios IIII, para todas as secretarias.",Homologada
2020,19631,DISPENSA DE LICITAÇÃO,31/2020,93,Aquisição de equipamentos (mobiliário em geral e demais aparelhos e utensílios domésticos) destinados a melhorias na estruturação dos serviços ofertados pelos CRAS e CREAS.,Homologada
2020,19706,PREGÃO ELETRONICO,32/2020,167,"registro de preço de gêneros alimentícios  IV para todas as secretarias,",Homologada
2020,19634,DISPENSA DE LICITAÇÃO,32/2020,96,"Aquisição de peças para conserto do veículo CITROEN JUMPER VTR, Placas ISA 6994, utilizado nas ações de combate e prevenção do COVID-19, com fornecimento de mão de obra, melhor descrito no Termo de Referência e demais documentos que integram o pedido.",Homologada
2020,19636,DISPENSA DE LICITAÇÃO,33/2020,98,"Aquisição de 8 monitores de vídeo, modelo C  2018, para o Centro de Triagem e Vigilância da Secretaria Municipal da Saúde, necessários para a continuidade do atendimento adequado e satisfatório aos munícipes no que diz respeito a prevenção e combate do COVID-19.",Homologada
2020,19708,PREGÃO ELETRONICO,33/2020,169,"Registro de preço contratação de empresa para serviços de arbitragem de jogos oficiais para a realização do Campeonato de Futebol Amador de São Borja, Jogos da Primavera e demais eventos esportivos",Homologada
2020,19638,DISPENSA DE LICITAÇÃO,34/2020,100,"Aquisição de materiais de limpeza e higienização destinados as Unidades de Saúde da Secretaria, para uso dos profissionais e usuários dos sus nos cuidados de higiene individual no enfrentamento ao COVID-19, melhor descritas no Termo de Referência e demais documentos que integram o devido processo de Dispensa.",Homologada
2020,19713,PREGÃO ELETRONICO,34/2020,174,Registro de preços de material para manutenção nas viaturas pesadas utilizadas pelo Parque de Máquinas,Homologada
2020,19715,PREGÃO ELETRONICO,35/2020,176,Aquisição de MONITORES para unidades da SMS,Homologada
2020,19639,DISPENSA DE LICITAÇÃO,35/2020,101,"Aquisição de medicamentos destinados aos pacientes que procuram atendimento no Centro de Triagem ao COVID-19, melhor descritas no Termo de Referência e demais documentos que integram o devido processo de Dispensa.",Homologada
2020,19716,PREGÃO ELETRONICO,36/2020,177,"Registro de preços de testes rápidos para o COVID-19, destinados ao Laboratório Municipal de Fronteira e Centro de Triagem, para os usuários do SUS,",Homologada
2020,19641,DISPENSA DE LICITAÇÃO,36/2020,103,"Aquisição de material de cama, mesa e banho para o uso do público em situação  de abrigamento, e ou rua e vulnerabilidade social em virtude do  COVID-19.",Homologada
2020,19717,PREGÃO ELETRONICO,37/2020,178,"Aquisição de álcool gel, destinados s profissionais e alunos no retorno das aulas nas Escolas Municipais  Programa Saúde na Escola",Homologada
2020,19642,DISPENSA DE LICITAÇÃO,37/2020,104,"Espaço de publicidade no jornal de Tânia Maria fragoso -ME- O Regional, com anúncio de uma página, visando a divulgação de conteúdo elaborado pela Secretaria Municipal de Saúde, de modo a levar informações de conscientização sobre medidas de prevenção e enfrentamento ao COVID-19, melhor descritas no Termo de Referência e demais documentos que integram o devido processo de Dispensa.",Homologada
2020,19645,DISPENSA DE LICITAÇÃO,38/2020,107,"Aquisição de materiais ambulatoriais destinados ao Centro de Triagem e Apoio, em prevenção e combate ao COVID-19, melhor descritas no Termo de Referência e demais documentos que integram o devido processo de Dispensa.",Homologada
2020,19719,PREGÃO ELETRONICO,38/2020,180,"Registro de preço de materiais de limpeza e produtos de higienização  I, para uso nas dependências da Prefeitura Municipal de São Borja",Homologada
2020,19646,DISPENSA DE LICITAÇÃO,39/2020,108,"A contratação de uma empresa para fornecimento de testes destinados aos profissionais de saúde e pacientes que necessitam de comprovação através de testes rápidos, nas ações de combate e prevenção da COVID-19, melhor descritas no Termo de Referência e demais documentos que integram o devido processo de Dispensa.",Homologada
2020,19720,PREGÃO ELETRONICO,39/2020,181,"Registro de preço de materiais de limpeza e produtos de higienização  II, para uso nas dependências da Prefeitura Municipal de São Borja",Homologada
2020,19722,PREGÃO ELETRONICO,40/2020,183,Registro de preços de materiais elétricos - I.,Em Andamento
2020,19649,DISPENSA DE LICITAÇÃO,40/2020,111,"A Contratação de laboratório para prestação de serviços em exames laboratoriais destinados aos usuários do SUS, para assegurar a liberação precoce e alta de isolamento com segurança em casos atípicos descritas no Termo de Referência e demais documentos que integram o devido processo de Dispensa.",Homologada
2020,19650,DISPENSA DE LICITAÇÃO,41/2020,112,"A Contratação da empresa para fornecimento de alimentos ricos em proteínas destinados aos idosos em acolhimento institucional junto ao Asilo São Vicente de Paula, melhor descritas no Termo de Referência e demais documentos que integram o devido processo de Dispensa.",Homologada
2020,19723,PREGÃO ELETRONICO,41/2020,184,Registro de preços de materiais elétricos - II,Homologada
2020,19724,PREGÃO ELETRONICO,42/2020,185,Registro de preços de materiais elétricos - III,Homologada
2020,19651,DISPENSA DE LICITAÇÃO,42/2020,113,"A Contratação da empresa para fornecimento de alimentos ricos em proteínas destinados aos idosos em acolhimento institucional junto ao Asilo São Vicente de Paula, melhor descritas no Termo de Referência e demais documentos que integram o devido processo de Dispensa.",Homologada
2020,19725,PREGÃO ELETRONICO,43/2020,186,"Registro de preços de Macacão de Segurança Tyvek (EPIs), destinado aos profissionais de saúde do SAMU da SMS.",Homologada
2020,19652,DISPENSA DE LICITAÇÃO,43/2020,114,"Aquisição do medicamento  destinados aos pacientes que procuram atendimento no Centro de Triagem ao COVID-19, melhor descritas no Termo de Referência e demais documentos que integram o devido processo de Dispensa.",Homologada
2020,19736,PREGÃO ELETRONICO,44/2020,197,"Aquisição de cadeiras odontológicas completa destinados ao CEO, ESFs e Centro de Atendimento a Saúde",Homologada
2020,19654,DISPENSA DE LICITAÇÃO,44/2020,116,"A Contratação de laboratório para prestação de serviços em exames laboratoriais destinados aos pacientes acamados do Programa Melhor em Casa, para  atender as demandas devido a pandemia do Covid-19 descritas no Termo de Referência e demais documentos que integram o devido processo de Dispensa.",Homologada
2020,19655,DISPENSA DE LICITAÇÃO,45/2020,117,"Dispensa de licitação para custeio de ações e serviços públicos de saúde para o enfrentamento da emergência de saúde pública decorrente do COVID-19, que será realizado em ação conjunta entre o ente Público Municipal e Fundação Ivan Goulart, melhor descritas no Termo de Referência e demais documentos que integram o devido processo de Dispensa, conforme parecer jurídico.",Homologada
2020,19743,PREGÃO ELETRONICO,45/2020,204,"Registro de preço material gráfico - I, destinado ao uso nas atividades de todas as secretarias",Homologada
2020,19745,PREGÃO ELETRONICO,46/2020,206,"Registro de preço material gráfico - II, destinado ao uso nas atividades de todas as secretarias.",Homologada
2020,19656,DISPENSA DE LICITAÇÃO,46/2020,118,"Aquisição de materiais de limpeza e higienização (dispenser: papel toalha e sabonete) destinados as Unidades de Saúde da Secretaria, para uso dos profissionais e usuários dos sus nos cuidados de higiene individual no enfrentamento ao COVID-19, melhor descritas no Termo de Referência e demais documentos que integram o devido processo de Dispensa.",Homologada
2020,19746,PREGÃO ELETRONICO,47/2020,207,"Registro de preços de material gráfico - III, destinado ao uso nas atividades das secretarias.",Homologada
2020,19657,DISPENSA DE LICITAÇÃO,47/2020,119,"Execução dos serviços de Coleta Convencional e Coleta Seletiva (de Resíduos Sólidos Urbanos e Resíduos Sólidos Urbanos Seletivos), Transbordo e Transporte de Resíduos Sólidos Urbanos (RSU) da Unidade de Transbordo até o Aterro Sanitário para Disposição Final de Resíduos Sólidos Urbanos, pelo prazo de 180 (cento e oitenta) dias, ficando a ressalva de ser rompido a qualquer momento em virtude da homologação da nova licitação em andamento, com aviso prévio de 30(trinta) dias, melhor descritas no Termo de Referência e demais documentos que integram o devido processo de Dispensa.",Homologada
2020,19750,PREGÃO ELETRONICO,48/2020,211,"Contratação de empresa para locação de infraestrutura de comunicação, visando a interligação de dados de acesso à internet para a Prefeitura Municipal de São Borja,",Homologada
2020,19659,DISPENSA DE LICITAÇÃO,48/2020,121,"A contratação de uma empresa para fornecimento de 1.000 (um mil) kits de testes rápidos para detecção rápida e qualitativa de anticorpos IGG/IGM para o novo coronavírus (SARS-COV02) por imunocromatográficos, para diagnóstico em amostras de sangue total, destinados aos usuários do SUS, na prevenção e combate da pandemia, que serão realizados no Centro de Triagem, melhor descritas no Termo de Referência e demais documentos que integram o devido processo de Dispensa.",Homologada
2020,19660,DISPENSA DE LICITAÇÃO,49/2020,122,"Aquisição de material ambulatorial(bobina de papel térmico para eletrocardiograma) destinados as Unidades de Saúde da Secretaria, para atender as demandas devido a pandemia do  COVID-19, melhor descritas no Termo de Referência e demais documentos que integram o devido processo de Dispensa.",Homologada
2020,19753,PREGÃO ELETRONICO,49/2020,214,"Registro de preço de medicamentos  - III, destinados a distribuição aos pacientes usuários do SUS no combate ao COVID - 19.",Homologada
2020,19754,PREGÃO ELETRONICO,50/2020,215,"Registro de preços de fraldas infantis e geriátricas destinadas aos usuários do SUS cadastrados exclusivamente no Sistema de Gerenciamento dos Usuários com Deficiência  GUD, através do NASF.",Homologada
2020,19661,DISPENSA DE LICITAÇÃO,50/2020,123,"Aquisição de 4 (quatro) telefones celulares, destinado ao uso dos profissionais de saúde, em teleatendimento com informações em saúde e demais ações do projeto de enfrentamento da pandemia Covid-19, melhor descritas no Termo de Referência e demais documentos que integram o devido processo de Dispensa.",Homologada
2020,19663,DISPENSA DE LICITAÇÃO,51/2020,125,"Contratação de empresa para aquisição de impressão de material gráfico, visando a divulgação de conteúdo elaborado pela Secretaria Municipal da Saúde, de modo a levar informações de conscientização e prevenção do enfrentamento ao COVID-19, melhor descritas no Termo de Referência e demais documentos que integram o devido processo de Dispensa.",Homologada
2020,19664,DISPENSA DE LICITAÇÃO,52/2020,126,"Aquisição de medicamentos destinados aos pacientes que procuram atendimento no Centro de Triagem ao COVID-19, melhor descritas no Termo de Referência e demais documentos que integram o devido processo de Dispensa.",Homologada
2020,19665,DISPENSA DE LICITAÇÃO,53/2020,127,"Aquisição de materiais ambulatoriais (termômetros infravermelho) destinados ao Centro de Triagem e Apoio, em prevenção e combate ao COVID-19, melhor descritas no Termo de Referência e demais documentos que integram o devido processo de Dispensa.",Homologada
2020,19669,DISPENSA DE LICITAÇÃO,54/2020,131,"Repasse de recurso Estadual, em caráter extraordinário à Associação de Pais e Amigos dos Excepcionais (APAE), para ações de enfrentamento ao COVID-19, melhor descritas no Termo de Referência e demais documentos que integram o devido processo de Dispensa.",Homologada
2020,19670,DISPENSA DE LICITAÇÃO,55/2020,132,"Aquisição de equipamentos de proteção individual destinados aos profissionais das Unidades de Saúde da Secretaria, no enfrentamento ao COVID-19, melhor descritas no Termo de Referência e demais documentos que integram o devido processo de Dispensa.",Homologada
2020,19671,DISPENSA DE LICITAÇÃO,56/2020,133,"Aquisição de materiais de limpeza e higienização ( dispenser:papel higiênico e álcool em gel), destinados as Unidades de Saúde da Secretaria, para uso dos profissionais e usuários dos sus nos cuidados de higiene individual no enfrentamento ao COVID-19, melhor descritas no Termo de Referência e demais documentos que integram o devido processo de Dispensa.",Homologada
2020,19672,DISPENSA DE LICITAÇÃO,57/2020,134,"Promover a execução de atividades na área dos Direitos da Criança e do Adolescente, para executar o Projeto ""Um modelo de banheiro"" da Associação de Formação Teresa Verzeri, edital n 004/2020, conforme Plano de Trabalho, que devidamente aprovado pela Secretaria Municipal de Desenvolvimento Social, constituindo parte integrante do presente Termo, como se nele estivesse transcrito.",Homologada
2020,19679,DISPENSA DE LICITAÇÃO,58/2020,140,"Contratação de empresa para gravação de imagens da cidade, visando a divulgação de conteúdo elaborado pela Secretaria Municipal da Saúde, de modo a levar informações de conscientização e prevenção do enfrentamento ao COVID-19, melhor descritas no Termo de Referência e demais documentos que integram o devido processo de Dispensa.",Homologada
2020,19680,DISPENSA DE LICITAÇÃO,59/2020,141,"Contratação de empresa para aquisição de cadeiras destinadas ao uso no atendimento aos pacientes junto ao Centro de Triagem, nas consultas e orientações sobre o combate e prevenção ao COVID-19, melhor descritas no Termo de Referência e demais documentos que integram o devido processo de Dispensa.",Homologada
2020,19688,DISPENSA DE LICITAÇÃO,60/2020,149,Locação de imóvel destinado a atender as necessidades precípuas da administração.,Homologada
2020,19689,DISPENSA DE LICITAÇÃO,61/2020,150,"Contratação empresa, em caráter emergencial, especializada na prestação de serviços de videomonitoramento 24hrs, através de CFTV, junto ao prédio do Aeroporto Municipal João Manoel, pelo prazo de 180 dias, melhor descritas no Termo de Referência e demais documentos que integram o devido processo de Dispensa.",Homologada
2020,19690,DISPENSA DE LICITAÇÃO,62/2020,151,"Contratação empresa, em caráter emergencial, especializada na prestação de serviço de acesso a redes de telecomunicações (internet), junto ao prédio do Aeroporto Municipal João Manoel, pelo prazo de 180 dias, melhor descritas no Termo de Referência e demais documentos que integram o devido processo de Dispensa.",Homologada
2020,19693,DISPENSA DE LICITAÇÃO,63/2020,154,"A contratação de uma empresa para fornecimento de testes destinados aos usuários do SUS que\r\nnecessitarem de comprovação através de testes rápidos imunocromatográficos sorológicos, com pesquisa separada de\r\nanticorpos IGG e IGM de comprovação através de testes rápidos, nas ações de combate e prevenção da COVID-19, melhor descritas no Termo de Referência e demais documentos que integram o devido processo de Dispensa.",Homologada
2020,19697,DISPENSA DE LICITAÇÃO,64/2020,158,"A contratação de uma empresa para fornecimento de materiais ambulatoriais, destinados as Unidades de Saúde da Secretaria, melhor descritas no Termo de Referência e demais documentos que integram o devido processo de Dispensa.",Homologada
2020,19698,DISPENSA DE LICITAÇÃO,65/2020,159,"A contratação de uma empresa para fornecimento de materiais ambulatoriais, destinados as Unidades de Saúde da Secretaria, melhor descritas no Termo de Referência e demais documentos que integram o devido processo de Dispensa.",Homologada
2020,19699,DISPENSA DE LICITAÇÃO,66/2020,160,"Aquisição de medicamentos destinados aos pacientes que procuram atendimento no Centro de Triagem ao COVID-19, melhor descritas no Termo de Referência e demais documentos que integram o devido processo de Dispensa.",Homologada
2020,19701,DISPENSA DE LICITAÇÃO,67/2020,162,"Aquisição de medicamentos destinados aos pacientes que procuram atendimento no Centro de Triagem ao COVID-19, melhor descritas no Termo de Referência e demais documentos que integram o devido processo de Dispensa.",Homologada
2020,19703,DISPENSA DE LICITAÇÃO,68/2020,164,"Contratação de empresa para prestação de serviços de coleta, com fornecimento dos recipientes, transporte, tratamento e destino final em aterro licenciado (próprio ou terceirizado) dos Resíduos Sólidos de Serviços de Saúde dos Grupos A, E e B, obedecendo as Normas e Licenças, melhor descritas no Termo de Referência e demais documentos que integram o devido processo de Dispensa. pelo prazo de 180 (cento e oitenta) dias, ficando a ressalva de ser rompido a qualquer momento em virtude da homologação da nova licitação em andamento, com aviso prévio de 30 (trinta) dias, melhor descritas no Termo de Referência e demais documentos que integram o devido processo de Dispensa.",Homologada
2020,19709,DISPENSA DE LICITAÇÃO,69/2020,170,"Aquisição de EPIs para uso dos profissionais da Secretaria visando sua prevenção e proteção contra o COVID-19 quando do desempenho de suas atividades, melhor descrito no Termo de Referência e demais documentos que integram o pedido.",Homologada
2020,19710,DISPENSA DE LICITAÇÃO,70/2020,171,"Aquisição de EPIs para uso dos profissionais da Secretaria visando sua prevenção e proteção contra o COVID-19 quando do desempenho de suas atividades, melhor descrito no Termo de Referência e demais documentos que integram o pedido.",Homologada
2020,19711,DISPENSA DE LICITAÇÃO,71/2020,172,"Aquisição de materiais de limpeza e higienização ( dispenser por pedal higienizador para\r\nálcool em gel), destinados as Unidades de Saúde da Secretaria, para uso dos profissionais e usuários\r\ndos SUS nos cuidados de higiene individual no enfrentamento ao COVID-19, melhor descritas no\r\nTermo de Referência e demais documentos que integram o devido processo de Dispensa.",Homologada
2020,19714,DISPENSA DE LICITAÇÃO,72/2020,175,"Contratação de empresa especializada no ramo da engenharia civil, para execução de obras de revitalização do acesso a fonte de São Pedro, no Bairro Bettim, São Borja/RS, melhor descritas no Termo de Referência e demais documentos que integram o devido processo de Dispensa.",Homologada
2020,19726,DISPENSA DE LICITAÇÃO,73/2020,187,"Contratação de empresa para prestação de serviço, aquisição de peças e mão de obra especializada de retifica de motores, destinadas a manutenção de transporte de pacientes do SUS do interior, equipe médica e apoio a Covid-19, Placas IWL4475, ano 2015, chassi nº 94DVCVD40FJ792310, melhor descrito no Termo de Referência e demais documentos que integram o pedido.",Homologada
2020,19728,DISPENSA DE LICITAÇÃO,74/2020,189,"Aquisição de medicamentos destinados aos pacientes que procuram atendimento no Centro de Triagem ao COVID-19, melhor descritas no Termo de Referência e demais documentos que integram o devido processo de dispensa.",Homologada
2020,19729,DISPENSA DE LICITAÇÃO,75/2020,190,"Aquisição de medicamentos destinados aos pacientes que procuram atendimento no Centro de Triagem ao COVID-19, melhor descritas no Termo de Referência e demais documentos que integram o devido processo de Dispensa.",Homologada
2020,19730,DISPENSA DE LICITAÇÃO,76/2020,191,"Aquisição de medicamentos destinados aos pacientes que procuram atendimento no Centro de Triagem ao COVID-19, melhor descritas no Termo de Referência e demais documentos que integram o devido processo de Dispensa.",Homologada
2020,19732,DISPENSA DE LICITAÇÃO,77/2020,193,"Aquisição de equipamentos de proteção individual(máscaras 100% algodão), destinados aos profissionais e alunos no retorno das aulas nas escolas municipais -Programa Saúde na Escola, no enfrentamento ao COVID-19, melhor descritas no Termo de Referência e demais documentos que integram o devido processo de Dispensa.",Homologada
2020,19733,DISPENSA DE LICITAÇÃO,78/2020,194,"A contratação de uma empresa para fornecimento de insumos, destinados aos pacientes que\r\nprocuram atendimento nas Farmácias Básicas, ESFs e demais Unidades de Saúde de nosso município,\r\nmelhor descritas no Termo de Referência e demais documentos que integram o devido processo de\r\nDispensa.",Homologada
2020,19740,DISPENSA DE LICITAÇÃO,79/2020,201,"A Contratação da empresa para aquisição de 500 (quinhentas) unidades de complementos alimentares (cestas básicas), embaladas em sacos  de capa de fardo não reciclado, medindo 50x80, 08 micras, capacidade mínima de 30KG, para o mês de outubro 2020, destinadas para doação no exercício de 2020 nos Centros de Referência de Assistência Social (CRAS) através do plantão social da Secretaria Municipal do Desenvolvimento Social, melhor descritas no Termo de Referência e demais documentos que integram o devido processo de Dispensa.",Homologada
2020,19741,DISPENSA DE LICITAÇÃO,80/2020,202,"Contratação de empresa para aquisição de cortinas, destinadas ao local onde se encontra o Centro de Triagem, visando a proteção dos medicamentos utilizados no tratamento dos usuários do SUS no combate e prevenção ao COVID-19, melhor descrito no Termo de Referência e demais documentos que integram o pedido.",Homologada
2020,19742,DISPENSA DE LICITAÇÃO,81/2020,203,"Contratação de empresa especializada no ramo da engenharia civil, para execução de obras de reforma do Centro do Idoso,no Bairro Itachere, São Borja/RS, melhor descritas no Termo de Referência e demais documentos que integram o devido processo de Dispensa.",Homologada
2020,19744,DISPENSA DE LICITAÇÃO,82/2020,205,Dispensa de Licitação para repasse de recursos para o custeio de ações e serviços públicos de saúde  para o enfrentamento da emergência de saúde pública decorrente da COvid-19,Homologada
2020,19749,DISPENSA DE LICITAÇÃO,83/2020,210,"Aquisição de equipamentos de proteção individual destinados aos profissionais das Unidades de Saúde da Secretaria, no enfrentamento ao COVID-19, melhor descritas no Termo de Referência e demais documentos que integram o devido processo de Dispensa.",Homologada
2020,19751,DISPENSA DE LICITAÇÃO,84/2020,212,"Termo de fomento entre o Município e a APAE SÃO BORJA, objetivando a mútua cooperação para promover a execução de atividades na área dos Direitos da Criança e do Adolescente, para executar o Projeto ""Construindo Acessibilidade e Inclusão Social"".",Homologada
2020,19752,DISPENSA DE LICITAÇÃO,85/2020,213,"Aquisição de equipamentos de proteção individual destinados aos profissionais das Unidades de Saúde da Secretaria, no enfrentamento ao COVID-19, melhor descritas no Termo de Referência e demais documentos que integram o devido processo de Dispensa.",Homologada
2020,19756,DISPENSA DE LICITAÇÃO,86/2020,217,"Termo de Fomento que celebrado entre o Município de São Borja e a APAE São Borja, para mútua cooperação para o provimento de vagas e atendimentos educacionais especiais de alunos com deficiência intelectual e múltipla.",Homologada
2020,19758,DISPENSA DE LICITAÇÃO,87/2020,219,"Dispensa de Licitação para contratação de empresa especializada na prestação de serviços de ambulância (locação), tendo em vista a urgência e necessidade da Secretaria Municipal de Saúde.",Homologada
2020,19759,DISPENSA DE LICITAÇÃO,88/2020,220,"Dispensa de Licitação para Repasse de recurso, auxílio a Fundação Ivan Goulart no valor total de R$ 170.000,00 (Cento e setenta mil reais), destinado ao custeio de ações e serviços públicos de saúde para o enfrentamento da emergência de saúde pública decorrente do COVID-19",Homologada
2020,19761,DISPENSA DE LICITAÇÃO,89/2020,222,"Aquisição de medicamentos destinados aos pacientes que procuram atendimento no Centro de Triagem ao COVID-19, melhor descritas no Termo de Referência e demais documentos que integram o devido processo de Dispensa.",Homologada
2020,19763,DISPENSA DE LICITAÇÃO,90/2020,223,"Aquisição de veículo tipo ambulância, tendo  em vista a urgência e necessidade da Secretaria Municipal da Saúde para o  atender a demanda de pacientes.",Homologada
2021,19801,CHAMADA PÚBLICA/PNAE,1/2021,39,"Chamada Pública n° 01/2021, para aquisição de gêneros alimentícios diretamente da Agricultura Familiar e do Empreendedor Familiar Rural conforme § 1° do art. 14 da Lei nº 11.947/2009 e Resolução FNDE n°. 04/2015.",Homologada
2021,19762,PREGÃO ELETRONICO,1/2021,1,"Registro de Preços de materiais e equipamentos ambulatoriais e hospitalares  I, destinados a todas as unidades de saúde.",Julgada
2021,19768,TOMADA DE PREÇO,1/2021,6,"Contratação de empresa para execução de recuperação de 22,25km de estradas vicinais de acesso à\r\nlocalidade de São Lucas, localizados no município de São Borja/RS, com recurso oriundo do Convênio nº\r\n882512/2019/MDR.",Fracassada
2021,19769,INEXIGIBILIDADE,1/2021,7,aquisição de vale-transporte para os servidores municipais.,Homologada
2021,19774,PRD DISPENSA EXCETO PEQUENO VALOR,1/2021,12,"Prestação   de   serviços   de   publicações   legais   em   âmbito   estadual   de   editais   de   licitação,   dispensas,inexigibilidades, extratos de contratos, editais de chamamentos público, entre outros, expedidos pelo Município de SãoBorja,   conforme   institui   a   Lei   8.666/93   no   seu   art.   21,   inciso   II,   dispensada   a   licitação   conforme   art.   24,   VIII,   da   Lei8.666/93.",Homologada
2021,19777,PREGÃO PRESENCIAL,1/2021,15,Registro de preço para contratação de serviços de sonorização para eventos do município.,Homologada
2021,19808,CHAMAMENTO PÚBLICO/CREDENCIAMENTO,1/2021,46,"CREDENCIAMENTO DE LABORATÓRIOS (PESSOAS JURÍDICAS) PARA PRESTAÇÃO DE SERVIÇO DE EXAMES LABORATORIAIS OFERECIDOS PELO SUS PARA FINS DE DIAGNÓSTICO, PREVENÇÃO E CONTROLE DE AGRAVOS DE DOENÇAS. ESTIMADO PARA O PERÍODO DE 12 MESES.",Homologada
2021,19788,CONCORRÊNCIA,1/2021,26,Contratação de empresa especializada para elaboração do projeto executivo e execução das obras de reforço e recuperação da pista de pouso e decolagem (PPD 07/25 e TAXIWAY A DO AEROPORTO REGIONAL DE SÃO BORJA /RS  JOÃO MANOEL (SSSB).,Em Andamento
2021,19775,PRD DISPENSA EXCETO PEQUENO VALOR,2/2021,13,"Prestação   de   serviços   de   publicações   oficiais   em   âmbito   nacional   de   editais   de   licitação,dispensas,   inexigibilidades,   extratos   de   contratos,   editais   de   chamamentos   público,   entre   outros,expedidos   pelo   Município   de   São   Borja,  conforme   institui   a   Lei   8.666/93   no   seu   art.   21,   inciso   I,dispensada a licitação conforme art. 24, VIII, da Lei 8.666/93",Homologada
2021,19764,PREGÃO ELETRONICO,2/2021,2,"Registro de preços de materiais e equipamentos ambulatoriais e hospitalares - II, destinados a todas as unidades de saúde.",Homologada
2021,19798,TOMADA DE PREÇO,2/2021,36,"Contratação de empresa para execução de construção do Centro de Atendimento ao Turista  CAT de São Borja, situado na Rua General Vargas, na Praça XV de Novembro, Bairro do Centro, com recurso oriundo do Convênio nº 31/2020, Consulta Popular 2018.",Deserta
2021,19848,CHAMAMENTO PÚBLICO/CREDENCIAMENTO,2/2021,83,"Credenciamento médico com especialidade em oftalmologia para a realização de consultas médicas e exames complementares, visando o atendimento aos usuários do SUS, assistidos pela secretaria de Saúde.",Em Andamento
2021,19828,PREGÃO PRESENCIAL,2/2021,66,"Registro de preço para gênero alimentício - I, para diversas secretarias.",Homologada
2021,19770,INEXIGIBILIDADE,2/2021,8,Fornecimento de telefonia fixa relativa às linhas existentes nos prédios próprios do Município.,Homologada
2021,19802,CHAMADA PÚBLICA/PNAE,2/2021,40,"Chamada Pública n° 02/2020, para aquisição de gêneros alimentícios diretamente da Agricultura Familiar e do Empreendedor Familiar Rural - Agroindústria  conforme § 1° do art. 14 da Lei nº 11.947/2009 e Resolução FNDE n°. 04/2015.",Homologada
2021,19818,TOMADA DE PREÇO,3/2021,56,"Contratação de empresa para execução de recuperação de 22,25km de estradas vicinais de acesso à localidade de São Lucas, localizados no município de São Borja/RS, com recurso oriundo do Convênio SICONV nº 882512/2019/MDR.",Deserta
2021,19771,INEXIGIBILIDADE,3/2021,9,Contratação de empresa fornecedora de energia elétrica para as unidades consumidoras pertencentes aos prédios pertencentes ao município de São Borja e que integram a administração.,Homologada
2021,19776,PRD DISPENSA EXCETO PEQUENO VALOR,3/2021,14,"Repasse de recurso, auxílio a Fundação Ivan Goulart no valor total de R$ 90.000,00(noventa mil reais), para três meses, sendo repassado mensalmente o valor de R$30.000,00 (trinta milreais), destinado ao custeio de ações e serviços públicos  de saúde para o enfrentamento daemergência de saúde pública decorrente do COVID-19, melhor descritas no Termo de Referência edemais documentos que integram o devido processo de Dispensa.",Homologada
2021,19865,CHAMAMENTO PÚBLICO/CREDENCIAMENTO,3/2021,100,"Credenciamento de profissionais pessoas físicas e ou jurídicas para a realização de exames específicos da área de cardiologia para a realização dos seguintes exames: ecocardiograma transtorácica e ultrassonografia doppler colorido de vasos, ambos necessários para diagnóstico, prevenção e monitoramento de diversas doenças cardíacas.",Homologada
2021,19841,PREGÃO PRESENCIAL,3/2021,78,Aquisição de MONITORES para unidades da SMS,Deserta
2021,19846,CHAMADA PÚBLICA/PNAE,3/2021,81,"Chamada Pública é a aquisição de gêneros alimentícios diretamente da Agricultura Familiar e do Empreendedor Familiar Rural - Agroindústria, para o atendimento ao Programa Nacional de Alimentação Escolar-PNAE",Homologada
2021,19765,PREGÃO ELETRONICO,3/2021,3,"Registro de preços de materiais e equipamentos ambulatoriais e hospitalares  III, destinados a todas as unidades de saúde.",Homologada
2021,19826,TOMADA DE PREÇO,4/2021,64,"Contratação de empresa especializada do ramo de Engenharia Civil para execução de obra da reforma  do ESF 11, situado na Rua dos Andradas nº 640, Vila Jaguari.",Deserta
2021,19867,CHAMAMENTO PÚBLICO/CREDENCIAMENTO,4/2021,102,"Credenciamento médico com especialidade em oftalmologia para a realização de consultas médicas e exames complementares, visando o atendimento aos usuários do SUS, assistidos pela secretaria de Saúde, nos termos da Lei Municipal n° 3.037/2002 e Lei n° 8.666/93.",Homologada
2021,19780,PRD DISPENSA EXCETO PEQUENO VALOR,4/2021,18,"Contratação de empresa na prestação de serviço para elaboração de um Plano Diretor de desenvolvimento Integrado Urbano e Rural, e ainda, atualização do Plano de Mobilidade Urbana para o Município de São Borja, melhor descritas no Termo de Referência e demais documentos que integram o devido processo de Dispensa.",Homologada
2021,19863,PREGÃO PRESENCIAL,4/2021,98,"RP para contratação de serviços de transporte terceirizado de pacientes usuários do SUS, para realização de consultas, cirurgias e exames, de média e alta complexidade, especialidades que o município não possui e referências regionais e estaduais;",Homologada
2021,19850,CHAMADA PÚBLICA/PNAE,4/2021,85,Aquisição de gêneros alimentícios diretamente da Agricultura Familiar e do Empreendedor Familiar Rural - Agroindústria,Homologada
2021,19772,INEXIGIBILIDADE,4/2021,10,Contratação de empresa prestadora do serviço de distribuição de água e esgoto para diversos prédios do município.,Homologada
2021,19766,PREGÃO ELETRONICO,4/2021,4,"Registro de preços de materiais e equipamentos ambulatoriais e hospitalares - IV, destinados a todas as unidades de saúde.",Homologada
2021,19834,TOMADA DE PREÇO,5/2021,71,"Contratação de empresa para execução de pavimentação com Pedras Irregulares, na, Av. José Schiavo Munró, trecho entre a Rua Luis Euclides Braga Chaer até a BR 285 (acesso a Ponte Internacional São Borja  Santo Tomé), São Borja, RS. Totalizando uma área de 4.398,89m², conforme C.F Nº 399.644-00/2013.",Homologada
2021,19767,PREGÃO ELETRONICO,5/2021,5,"Registro de preços de materiais e equipamentos ambulatoriais e hospitalares - V, destinados a todas as unidades de saúde",Homologada
2021,19781,PRD DISPENSA EXCETO PEQUENO VALOR,5/2021,19,"Aquisição de carga de oxigênio medicinal e aluguel de equipamentos concentradores, destinados aos pacientes do SUS, portadores de insuficiência pulmonar que fazem acompanhamento domiciliar, postos de saúde, ambulâncias e Programa SAMU, assistidos pela Secretaria Municipal de Saúde do município de São Borja, melhor descritas no Termo de Referência e demais documentos que integram o devido processo de Dispensa.",Homologada
2021,19773,INEXIGIBILIDADE,5/2021,11,"Contratação de empresa especializada para prestação de serviços de publicidade legal, com jornal e tiragem semanal no âmbito do Município de São Borja/Rs. pelo período de 12 (doze) meses, consoante termo de referência que integra a presente",Homologada
2021,19873,CHAMAMENTO PÚBLICO/CREDENCIAMENTO,5/2021,108,"Credenciamento de LEILOEIROS PÚBLICOS, para a prestação de serviços de leiloeiro oficial destinado a realizar de leilões com vistas à alienação de bens móveis e imóveis do Município de São Borja.",Homologada
2021,19864,PREGÃO PRESENCIAL,5/2021,99,"Registro de preços de óculos simples e bifocal, para serem dispensados aos pacientes do SUS, cadastrados juntos ao CEMAE",Homologada
2021,19778,PREGÃO ELETRONICO,6/2021,16,"Registro de preços de tubos em concreto, para execução de drenagem em vias públicas da cidade e interior",Homologada
2021,19784,PRD DISPENSA EXCETO PEQUENO VALOR,6/2021,22,"Execução dos serviços de Coleta Convencional e Coleta Seletiva (de Resíduos Sólidos Urbanos e Resíduos Sólidos Urbanos Seletivos), Transbordo e Transporte de Resíduos Sólidos Urbanos (RSU) da Unidade de Transbordo até o Aterro Sanitário para Disposição Final de Resíduos Sólidos Urbanos, pelo prazo de 180 (cento e oitenta) dias, ficando a ressalva de ser rompido a qualquer momento em virtude da homologação da nova licitação em andamento, com aviso prévio de 45 (quarenta e cinco) dias.",Homologada
2021,19855,TOMADA DE PREÇO,6/2021,90,"Contratação de empresa para execução de construção do Centro de Atendimento ao Turista  CAT de São Borja, situado na Rua General Vargas, na Praça XV de Novembro, Bairro do Centro, com recurso oriundo do Convênio nº 31/2020, Consulta Popular 2018.",Homologada
2021,19789,INEXIGIBILIDADE,6/2021,27,"Divulgação das atividades do município, compreendendo Órgãos Públicos Municipais, Secretaria de saúde, Gabinete, bem como assinaturas de convênios, projetos, programas, eventos, campanhas, notícias, prestação de contas e outros da administração Municipal pelo período de fevereiro de 2021 a dezembro 2021, consoante termo de referência que integra a presente.",Homologada
2021,19868,PREGÃO PRESENCIAL,6/2021,103,"Aquisição de MONITORES para unidades de saúde da SMS, conforme  termo de referência, Parecer Técnico nº001/21/TI/SMS e processo de compras nº 32192/2021.",Homologada
2021,19874,PREGÃO PRESENCIAL,7/2021,109,"Registro de preço para Gás Liquefeito de Petróleo, visando atender as necessidades de todas as Secretarias Municipais.",Homologada
2021,19792,PRD DISPENSA EXCETO PEQUENO VALOR,7/2021,30,"Aquisição de medicamentos destinados aos pacientes que procuram atendimento no Centro de Triagem ao COVID-19 e nas farmácias básicas, melhor descritas no Termo de Referência e demais documentos que integram o devido processo de Dispensa.",Homologada
2021,19790,INEXIGIBILIDADE,7/2021,28,"Divulgação das atividades do município, compreendendo Órgãos Públicos Municipais, Secretaria de saúde, Gabinete, bem como assinaturas de convênios, projetos, programas, eventos, campanhas, notícias, prestação de contas e outros da administração Municipal pelo período de fevereiro de 2021 a dezembro 2021, consoante termo de referência que integra a presente.",Homologada
2021,19906,TOMADA DE PREÇO,7/2021,140,"Contratação de empresa para execução global (material e mão de obra) de pavimentação com pedras irregulares, na Rua João Antonio Rodrigues, trecho entre:\r\n- Rua Anselmo Campos da Rosa até a Rua Benjamin Duarte Camargo, São Borja, RS, totalizando uma área de 1.781,06m²",Deserta
2021,19779,PREGÃO ELETRONICO,7/2021,17,"Aquisição de equipamentos, utensílios e materiais ambulatoriais, destinados a equipe de saúde prisional do Presídio Estadual de São Borja",Homologada
2021,19797,PRD DISPENSA EXCETO PEQUENO VALOR,8/2021,35,"Prestação de serviços na área da saúde, conforme descrito na tabela do consórcio CISMISSÕES para serem utilizados no atendimento a saúde de pacientes encaminhados pela SMS, melhor descritas no Termo de Referência e demais documentos que integram o devido processo de Dispensa.",Homologada
2021,19907,TOMADA DE PREÇO,8/2021,141,"Contratação de empresa para execução global (material e mão de obra) de pavimentação com pedras irregulares, nas  Ruas Salvador  Allende e  Manoel A. Fronner, totalizando uma área de 2.374,73m²,",Homologada
2021,19782,PREGÃO ELETRONICO,8/2021,20,"Registro de preços de massa asfáltica de concreto betuminoso usinado a quente para aplicação a frio, a ser utilizada na recuperação das vias pavimentadas da cidade",Homologada
2021,19791,INEXIGIBILIDADE,8/2021,29,"Publicidade em rádio referente ao Programa Institucional do Município, denominado Bom dia Cidade, para divulgação dos projetos, programas, eventos e notícias e demais informações de interesse público, de segunda a sexta-feira, por 10 (dez) minutos diários, de fevereiro a dezembro de 2021.",Homologada
2021,19884,PREGÃO PRESENCIAL,8/2021,118,"Registro de preço de materiais de construção -I, para toda as secretarias.",Homologada
2021,19908,TOMADA DE PREÇO,9/2021,142,"Contratação de empresa para execução de recuperação de 22,25km de estradas vicinais de acesso à localidade de São Lucas, localizados no município de São Borja/RS.",Homologada
2021,19809,INEXIGIBILIDADE,9/2021,47,"Divulgação de informações de conscientização sobre as medidas  de prevenção através da Vigilância em Saúde e ações de divulgação para o enfrentamento ao COVID-19 elaborado pela Secretaria Municipal de Saúde de São Borja, pelo período de fevereiro a dezembro/2021, consoante termo de referência que integra a presente.",Homologada
2021,19799,PRD DISPENSA EXCETO PEQUENO VALOR,9/2021,37,"Contratação de empresa especializada para prestação de serviços em assessoria para definição de locais viáveis à construção de Heli pontos e Hangares, conforme termo de referência e documentos anexos.",Homologada
2021,19885,PREGÃO PRESENCIAL,9/2021,119,"Registro de preço de materiais de construção -II, para todas as secretarias",Homologada
2021,19783,PREGÃO ELETRONICO,9/2021,21,Registro de preço de cadeiras novas para as dependências da Prefeitura e demais unidades subordinadas,Homologada
2021,19886,PREGÃO PRESENCIAL,10/2021,120,"Registro de preço de materiais de construção -III, para todas as secretarias.",Homologada
2021,19785,PREGÃO ELETRONICO,10/2021,23,"Registro de preço de Cargas de Oxigênio Medicinal e Aluguel de Concentradores, destinados aos pacientes usuários do SUS, portadores de insuficiência pulmonar que fazem acompanhamento domiciliar, ambulâncias e Programa SAMU",Homologada
2021,19800,PRD DISPENSA EXCETO PEQUENO VALOR,10/2021,38,"Contratação de empresa especializada para prestação de serviços e emissão de relatório Avifauna, conforme termo de referência e documentos anexos.",Homologada
2021,19810,INEXIGIBILIDADE,10/2021,48,"Divulgação de informações de conscientização sobre as medidas  de prevenção através da Vigilância em Saúde e ações de divulgação para o enfrentamento ao COVID-19 elaborado pela Secretaria Municipal de Saúde de São Borja, pelo período de fevereiro a dezembro/2021, consoante termo de referência que integra a presente.",Homologada
2021,19786,PREGÃO ELETRONICO,11/2021,24,"RP de Lombada Ondulação, para a SMIESUST",Deserta
2021,19887,PREGÃO PRESENCIAL,11/2021,121,Registro de preço de materiais de construção -IV,Homologada
2021,19803,PRD DISPENSA EXCETO PEQUENO VALOR,11/2021,41,"Repasse de recurso, auxilio à Fundação Ivan Goulart no valor de R$ 75.000,00 (setenta e cinco mil reais) recurso do programa de enfrentamento da emergência de saúde pública, destinado ao custeio de ações e serviços públicos de saúde para o enfrentamento da pandemia COVID 19, para auxiliar nas despesas de pessoal, melhor descritas no Termo de Referência e demais documentos que integram o devido processo de Dispensa.",Homologada
2021,19811,INEXIGIBILIDADE,11/2021,49,Aquisição de vale-transporte para os alunos da rede municipal e estadual de ensino do município de São Borja.,Homologada
2021,19787,PREGÃO ELETRONICO,12/2021,25,"Registro de Preço de material elétrico, para EMEF Sagrado Coração de Jesus.",Homologada
2021,19888,PREGÃO PRESENCIAL,12/2021,122,RP de Gêneros Alimentícios - II,Homologada
2021,19817,INEXIGIBILIDADE,12/2021,55,"O objeto do presente contrato é a prestação, pela CONTRATADA, ao PODER EXECUTIVO, dos serviços técnicos profissionais especializados de consultoria jurídica em direito público, descritos no Termo de Referência.",Homologada
2021,19804,PRD DISPENSA EXCETO PEQUENO VALOR,12/2021,42,"Contratação de uma empresa para fornecimento de teste rápido ANTÍGENO para seguir dando qualidade no fluxo de captação precoce e descarte de casos de síndrome gripal, que serão realizados no Centro de Triagem, visando o enfrentamento da emergência de saúde pública decorrente do COVID-19, melhor descritas no Termo de Referência e demais documentos que integram o devido processo de Dispensa.",Homologada
2021,19807,PRD DISPENSA EXCETO PEQUENO VALOR,13/2021,45,"Dispensa de licitação para contratação de prestação de serviços de assistência técnica e extensão rural  e social, destinados aos pecuaristas familiares, agricultores familiares, compreendendo o planejamento, a execução e a avaliação de atividades individuais e coletivas, com vista ao desenvolvimento sustentável das Unidades de Produção Familiar",Homologada
2021,19861,INEXIGIBILIDADE,13/2021,96,"O objeto do presente contrato é a prestação de serviços técnicos para realização de exames de tomografia que serão utilizados para diagnóstico e tratamento da COVID-19, solicitados pelos médicos da Secretaria da Saúde Municipal, previamente agendados e autorizados pela regulação da Secretaria da Saúde, melhor descritas no Termo de Referência e demais documentos que integram o devido processo de Inexigibilidade.",Homologada
2021,19793,PREGÃO ELETRONICO,13/2021,31,"Registro de preços de materiais odontológicos - I, destinados as unidades Odontológicas da Secretaria Municipal de Saúde",Homologada
2021,19889,PREGÃO PRESENCIAL,13/2021,123,"RP de água mineral, para todas as secretarias",Homologada
2021,19891,INEXIGIBILIDADE,14/2021,125,"O objeto do presente contrato é a prestação de serviços de diagnose e de atendimento ambulatorial a ser prestado aos portadores de deficiência mental, autismo e déficit sensorial, que deles necessitam, dentro dos limites quantitativos fixados, que serão distribuídos por níveis de complexidade e de acordo com as normas do SUS, melhor descritas no Termo de Referência e demais documentos que integram o devido processo de Inexigibilidade.",Homologada
2021,19812,PRD DISPENSA EXCETO PEQUENO VALOR,14/2021,50,"Contratação empresa, em caráter emergencial, especializada na prestação de serviços de videomonitoramento 24hrs, através de CFTV, junto ao prédio do Aeroporto Municipal João Manoel, pelo prazo de 180 dias, melhor descritas no Termo de Referência e demais documentos que integram o devido processo de Dispensa.",Homologada
2021,19897,PREGÃO PRESENCIAL,14/2021,131,Registro de preços para aquisição de Uniformes e EPIs destinados aos servidores da SMIESUST.,Homologada
2021,19794,PREGÃO ELETRONICO,14/2021,32,"Registro de preços de materiais odontológicos - II, destinados as unidades Odontológicas da Secretaria Municipal de Saúde",Homologada
2021,19795,PREGÃO ELETRONICO,15/2021,33,"Registro de preço de medicamentos  - I, destinados a distribuição aos pacientes usuários do SUS junto a Farmácia Básica",Homologada
2021,19898,PREGÃO PRESENCIAL,15/2021,132,"RP de recargas de extintores e material para a sinalização, para as dependências da PMSB.",Homologada
2021,19896,INEXIGIBILIDADE,15/2021,130,O objeto visa a contratação de empresa especializada em sistema de informática para realização de planilhas de precificação para o transporte escolar.,Homologada
2021,19813,PRD DISPENSA EXCETO PEQUENO VALOR,15/2021,51,"Aquisição de materiais ambulatoriais(luvas de procedimento não cirúrgico, destinados aos profissionais das Unidades de Saúde da Secretaria Centro de Triagem, PAM, ESFs e CEMAE), no enfrentamento ao COVID-19, melhor descritas no Termo de Referência e demais documentos que integram o devido processo de Dispensa.",Homologada
2021,19905,PREGÃO PRESENCIAL,16/2021,139,Registro de preço de gêneros alimentícios - IV,Homologada
2021,19796,PREGÃO ELETRONICO,16/2021,34,"Aquisição de equipamento agrícola, Escavadeira Hidráulica, conforme  convênio MAPA  Plataforma + Brasil n° 909442/2020, termo de referência, processo de compra nº 30428/2021 e laudo técnico nº 060/2021.",Homologada
2021,19814,PRD DISPENSA EXCETO PEQUENO VALOR,16/2021,52,"Contratação de empresa para prestação de serviços de coleta, com fornecimento dos recipientes, transporte, tratamento e destino final em aterro licenciado (próprio ou terceirizado) dos Resíduos Sólidos de Serviços de Saúde dos Grupos A, E e B, obedecendo as Normas e Licenças, pelo prazo de 180 (cento e oitenta) dias, ficando a ressalva de ser rompido a qualquer momento em virtude da homologação da nova licitação em andamento, com aviso prévio de 30 (trinta) dias, melhor descritas no Termo de Referência e demais documentos que integram o devido processo de Dispensa.",Homologada
2021,19903,INEXIGIBILIDADE,16/2021,137,"Contratação de empresa especializada em prestação de serviços de assessoria técnica, orientação e treinamento, voltados especificamente para os programas educacionais do governo federal, melhor descritas no Termo de Referência e demais documentos que integram o devido processo de Inexigibilidade.",Homologada
2021,19925,INEXIGIBILIDADE,17/2021,159,"Inexigibilidade de chamamento público, visando realização de termo de fomento para execução de atividades na área dos direitos dos idosos, no ""Projeto complementar de aquisição e instalação de equipamentos de ar condicionados novos"".",Homologada
2021,19920,PREGÃO PRESENCIAL,17/2021,154,"Contratação de empresa para manutenção preventiva e corretiva de gabinetes equipamentos e autoclaves, com fornecimento de peças.",Revogada
2021,19825,PRD DISPENSA EXCETO PEQUENO VALOR,17/2021,63,"Repasse de recurso, auxilio à Fundação Ivan Goulart no valor de R$ 20.000,00 (vinte mil reais) recurso do programa de enfrentamento da emergência de saúde pública, destinado ao custeio de ações e serviços públicos de saúde para o enfrentamento da pandemia COVID 19, para auxiliar nas despesas de pessoal, tendo em vista a criação de tenda para triagem no estacionamento do pronto socorro, melhor descritas no Termo de Referência e demais documentos que integram o devido processo de Dispensa.",Homologada
2021,19805,PREGÃO ELETRONICO,17/2021,43,"Aquisição de mobiliário, aparelho doméstico e equipamento de informática, destinados a equipe de saúde prisional do Presídio Estadual de São Borja.",Homologada
2021,19806,PREGÃO ELETRONICO,18/2021,44,Registro de preços de prestação de serviços de manutenção em unidades desportivas,Em Andamento
2021,19926,INEXIGIBILIDADE,18/2021,160,"Inexigibilidade de chamamento público para formalização de termo de fomento entre Município e Asilo São Vicente de Paula, para execução de atividades na área dos direitos dos idosos, no ""Projeto autonomia e eficiência energética - aquisição e estruturação do sistema de geração de energia"".",Homologada
2021,19827,PRD DISPENSA EXCETO PEQUENO VALOR,18/2021,65,"Contratação empresa, em caráter emergencial, especializada na prestação de serviço de acesso a redes de telecomunicações (internet), junto ao prédio do Aeroporto Municipal João Manoel, pelo prazo de 180 dias, melhor descritas no Termo de Referência e demais documentos que integram o devido processo de Dispensa.",Homologada
2021,19927,INEXIGIBILIDADE,19/2021,161,"Inexigibilidade de licitação para formalização de termo de fomento para execução de atividades da área dos direitos dos idosos, no ""Projeto complementar de aquisição de móveis, estruturação e adaptação nas acomodações"".",Homologada
2021,19829,PRD DISPENSA EXCETO PEQUENO VALOR,19/2021,67,Locação de imóvel destinado a atender as necessidades precípuas da administração.,Homologada
2021,19815,PREGÃO ELETRONICO,19/2021,53,"Registro de preços de pneus novos, câmaras de ar e colarinhos para a frota municipal",Homologada
2021,19961,INEXIGIBILIDADE,20/2021,163,"Contratação da prestação de serviços hospitalares de alta e média complexidade, melhor descritos e caracterizados no Termo de Referência e documentação integrante.",Homologada
2021,19816,PREGÃO ELETRONICO,20/2021,54,"Registro de preços de serviços gráficos, destinados a todas as Secretarias",Homologada
2021,19831,PRD DISPENSA EXCETO PEQUENO VALOR,20/2021,69,"Termo de Fomento entre o Município de São Borja e a APAE SÃO BORJA, objetivando mútua cooperação para executar o Projeto Aprimorando as ações socioassistenciais da APAE São Borja",Homologada
2021,19832,PRD DISPENSA EXCETO PEQUENO VALOR,21/2021,70,"Termo de fomento entre o Município de São Borja e a APAE São Borja, objetivando mútua cooperação para execução  do Projeto Aprimorando Educação e Saúde",Homologada
2021,19819,PREGÃO ELETRONICO,21/2021,57,"Registro de preços para Aquisição de Complementos Alimentares (cestas básicas), destinadas as doações no exercício 2020/2021, nos Centros de Referência de Assistência Social (CRAS) através do Plantão Social na Secretaria Municipal do Desenvolvimento Social, conforme Lei de Benefícios Eventuais nº 5.507 de 16 de maio de 2019",Homologada
2021,19963,INEXIGIBILIDADE,21/2021,165,"Contratação de empresa especializada em prestação de serviço SaaS (Software as a Service) para operacionalização da compensação financeira entre o Regime Geral de Previdência Social e os regimes próprios de previdência dos servidores públicos com outros entes, melhor descritas no Termo de Referência e demais documentos que integram o devido processo de Inexigibilidade.",Homologada
2021,19820,PREGÃO ELETRONICO,22/2021,58,"Registro de preços de testes imunocromatográfico de detecção qualitativa do antígeno do COVID-19, em amostras de nasofaringe e de orofaringe, destinados ao Centro de Triagem, aos usuários do SUS.",Homologada
2021,19837,PRD DISPENSA EXCETO PEQUENO VALOR,22/2021,74,"Termo de fomento entre o Município de São Borja e a Associação de Literatura e Beneficiência (Centro de Formação Tereza Verzeri) objetivando mútua cooperação para executar o projeto ""Qualificando ambientes do Centro de Formação Tereza Verzeri""",Homologada
2021,19842,PRD DISPENSA EXCETO PEQUENO VALOR,23/2021,79,"A contratação de uma empresa para fornecimento de testes destinados aos usuários do SUS que necessitarem de comprovação através de testes rápidos imunocromatográficos de detecção qualitativa do antígeno do COVID-19, para uso no Centro de Triagem, melhor descritas no Termo de Referência e demais documentos que integram o devido processo de Dispensa.",Homologada
2021,19821,PREGÃO ELETRONICO,23/2021,59,"Registro de preço de medicamentos  - II, destinados a distribuição aos pacientes usuários do SUS junto a Farmácia Básica",Homologada
2021,19822,PREGÃO ELETRONICO,24/2021,60,"Registro de preço para a contratação de empresa especializada no fornecimento de ataúdes e prestação de serviços funerários e translados, destinados ao âmbito da assistência social, em conformidade com a Lei n.º 5.507/2019.",Homologada
2021,19843,PRD DISPENSA EXCETO PEQUENO VALOR,24/2021,80,"Repasse de recurso, auxílio a Fundação Ivan Goulart no valor total de R$ 90.000,00 (noventa mil reais), para três meses, sendo repassado mensalmente o valor de R$30.000,00 (trinta mil reais), destinado ao custeio de ações e serviços públicos de saúde para o enfrentamento da emergência de saúde pública decorrente do COVID-19, melhor descritas no Termo de Referência e demais documentos que integram o devido processo de Dispensa.",Homologada
2021,19823,PREGÃO ELETRONICO,25/2021,61,"Registro de preço de lombadas  ondulação transversal modular tipo B, de acordo com a Resolução do CONTRAN nº 600.",Fracassada
2021,19853,PRD DISPENSA EXCETO PEQUENO VALOR,25/2021,88,"Dispensa de licitação para contratação de empresa para prestação de serviços de manutenção preventiva e corretiva, com fornecimento de peças para gabinetes odontológicos pertencentes a secretaria municipal da saúde, pelo prazo de 180 (cento e oitenta) dias, ficando a ressalva de ser rompido a qualquer momento em virtude de estar em andamento o processo de uma nova licitação",Homologada
2021,19824,PREGÃO ELETRONICO,26/2021,62,"Aquisição de equipamento agrícola, Retroescavadeira, convênio MAPA  Plataforma + Brasil n° 888671/2019, termo de referência, processo de compra nº 30950/2021 e laudo técnico nº 084/2021.",Homologada
2021,19854,PRD DISPENSA EXCETO PEQUENO VALOR,26/2021,89,"Dispensa de licitação para aquisição de materiais ambulatoriais, destinados ao uso nas Unidades de Saúde da Secretaria, no enfrentamento ao COVID-19",Homologada
2021,19830,PREGÃO ELETRONICO,27/2021,68,"Aquisição de 01 veículo, tipo picape, para uso no Departamento de Meio Ambiente, em apoio as atividades de vistorias, fiscalizações, atendimentos a denúncias e licenciamento ambiental.",Homologada
2021,19859,PRD DISPENSA EXCETO PEQUENO VALOR,27/2021,94,"Contratação de empresa para prestação de serviços de de atendimento médico-hospitalar, laboratorial, diagnóstico e tratamento, destinados à promoção da saúde e à prevenção das doenças, melhor descritas no Termo de Referência e demais documentos que integram o devido processo de Dispensa.",Homologada
2021,19835,PREGÃO ELETRONICO,28/2021,72,Registro de preços de combustíveis para as viaturas da frota municipal.,Homologada
2021,19872,PRD DISPENSA EXCETO PEQUENO VALOR,28/2021,107,"Execução dos serviços de Coleta Convencional e Coleta Seletiva (de Resíduos Sólidos Urbanos e Resíduos Sólidos Urbanos Seletivos), Transbordo e Transporte de Resíduos Sólidos Urbanos (RSU) da Unidade de Transbordo até o Aterro Sanitário para Disposição Final de Resíduos Sólidos Urbanos, pelo prazo de 180 (cento e oitenta) dias, ficando a ressalva de ser rompido a qualquer momento em virtude da homologação da nova licitação em andamento, melhor descritas no Termo de Referência e demais documentos que integram o devido processo de Dispensa.",Homologada
2021,19836,PREGÃO ELETRONICO,29/2021,73,Registro de preços de materiais permanentes destinados para doação aos catadores em situação de vulnerabilidade social.,Homologada
2021,19881,PRD DISPENSA EXCETO PEQUENO VALOR,29/2021,116,"Contratação do Serviço Brasileiro de Apoio às Micro e Pequenas Empresas- SEBRAE  para prestação de serviços de capacitações técnicas, de gestão em turismo, através de cursos, palestras e oficinas, objetivando a otimização da elaboração do Plano Municipal de Turismo, melhor descritas no Termo de Referência e demais documentos que integram o devido processo de Dispensa.",Homologada
2021,19847,PREGÃO ELETRONICO,30/2021,82,"RP de Aquisição de mobiliários escolares, para as escolas municipais de ensino fundamental,Termo de Compromisso PAR nº 202000496-6/FNDE, termo de referência n° 05/2021 e processo de compras nº 31459/2021.",Homologada
2021,19892,PRD DISPENSA EXCETO PEQUENO VALOR,30/2021,126,"Termo de fomento que celebram entre si o Município de São Borja e a APAE, objetivando a mútua cooperação para executar o projeto ""Saúde por meio da reabilitação aquática parte I e II"", para pessoas com deficiência.",Homologada
2021,19894,PRD DISPENSA EXCETO PEQUENO VALOR,31/2021,128,"Contratação de empresa especializada no ramo da engenharia civil, para execução de obras de revitalização do prédio do ESF11 situado na Vila Jaguari, melhor descritas no Termo de Referência e demais documentos que integram o devido processo de Dispensa.",Homologada
2021,19849,PREGÃO ELETRONICO,31/2021,84,"Registro de preços de óleos, lubrificantes e graxas para as VTRs da frota municipal,",Homologada
2021,19851,PREGÃO ELETRONICO,32/2021,86,"Registro de preço de suplemento alimentar, para serem dispensados aos pacientes usuários do SUS, cadastrados junto ao NASF",Homologada
2021,19895,PRD DISPENSA EXCETO PEQUENO VALOR,32/2021,129,"Contratação de empresa para prestação de serviços de coleta, com fornecimento dos recipientes, transporte, tratamento e destino final em aterro licenciado (próprio ou terceirizado) dos Resíduos Sólidos de Serviços de Saúde dos Grupos A, E e B, obedecendo as Normas e Licenças, melhor descritas no Termo de Referência e demais documentos que integram o devido processo de Dispensa. pelo prazo de 180 (cento e oitenta) dias.",Homologada
2021,19912,PRD DISPENSA EXCETO PEQUENO VALOR,33/2021,146,"Prestação de serviços na área da saúde, conforme descrito na tabela do consórcio CISMISSÕES para serem utilizados no atendimento a saúde de pacientes encaminhados pela SMS, melhor descritas no Termo de Referência e demais documentos que integram o devido processo de Dispensa.",Homologada
2021,19852,PREGÃO ELETRONICO,33/2021,87,"Registro de preços de materiais ambulatoriais/hospitalares - VI, destinados a todas as unidades de saúde.",Homologada
2021,19856,PREGÃO ELETRONICO,34/2021,91,Registro de preços de materiais laboratoriais destinado ao Laboratório Municipal de Fronteira Geni Marques Pinto,Homologada
2021,19918,PRD DISPENSA EXCETO PEQUENO VALOR,34/2021,152,"Repasse de recurso federal, incremento Teto MAC, média complexidade, emenda parlamentar de relator, Portaria 1.435/2021 à Associação de Pais e Amigos dos Excepcionais (APAE), para custeio de ações e serviços de saúde MAC.",Homologada
2021,19924,PRD DISPENSA EXCETO PEQUENO VALOR,35/2021,158,"Locação de imóvel destinado a atender as necessidades precípuas da administração,  deliberada ao Centro de Atividade Multidisciplinar-CAM do Departamento Pedagógico da Secretaria Municipal de Educação e da Instalação da Escola Municipal de educação Infantil, melhor descritas no Termo de Referência e demais documentos que integram o devido processo de Dispensa.",Homologada
2021,19857,PREGÃO ELETRONICO,35/2021,92,"Aquisição de aparelho de comunicação, ACCESS POINT UBIQUITI UNIFI, destinado aos ESFs e CEMAE, para a conectividade dos tablets adquiridos aos Agentes Comunitários de Saúde.",Homologada
2021,19960,PRD DISPENSA EXCETO PEQUENO VALOR,36/2021,162,"Contratação de empresa especializada no ramo da engenharia civil, para execução de serviços de revestimento e pintura de reboco externo do Centro Administrativo Salvador Lionço Pereira Alvarez, melhor descritas no Termo de Referência e demais documentos que integram o devido processo de Dispensa.",Homologada
2021,19858,PREGÃO ELETRONICO,36/2021,93,"Aquisição de equipamento, roçadeira hidráulica articulada, para  manutenção de vias no Município.",Homologada
2021,19962,PRD DISPENSA EXCETO PEQUENO VALOR,37/2021,164,"Aquisição de equipamentos de informática,, SWITCH 48 portas melhor descritas no Termo de Referência.",Homologada
2021,19860,PREGÃO ELETRONICO,37/2021,95,"Aquisição de 02 veículos tipo sedan, para uso na Secretaria Municipal de Saúde",Homologada
2021,19862,PREGÃO ELETRONICO,38/2021,97,"Registro de preço para a prestação de serviços de locação de veículos, para suporte de logística da Prefeitura Municipal de São Borja.",Homologada
2021,19866,PREGÃO ELETRONICO,39/2021,101,"Registro de preços para aquisição monitores, conforme especificações detalhadas no item 01 - Do Objeto, termo de referência e processo de compras nº 32264/2021",Fracassada
2021,19869,PREGÃO ELETRONICO,40/2021,104,Registro de preços para aquisição de computadores novos para as dependências da Prefeitura Municipal de São Borja bem como suas unidades subordinadas,Em Andamento
2021,19870,PREGÃO ELETRONICO,41/2021,105,"Registro de preços para Aquisição de Complementos Alimentares (Kit Alimentação Escolar), para o período de 6(seis)) meses destinados para entrega em 2021 nas unidades escolares, conforme Resolução nº 6 de 08 de maio de 2020.",Homologada
2021,19871,PREGÃO ELETRONICO,42/2021,106,"Registro de preço de câmeras de videomonitoramento, para as dependências da Prefeitura Municipal de São Borja.",Homologada
2021,19875,PREGÃO ELETRONICO,43/2021,110,"Registro de preço de material de expediente, educativo e esportivo - I, para as atividades desenvolvidas pela municipalidade.",Homologada
2021,19876,PREGÃO ELETRONICO,44/2021,111,"Registro de preço de material de expediente, educativo e esportivo - II, para as atividades desenvolvidas pela municipalidade.",Homologada
2021,19877,PREGÃO ELETRONICO,45/2021,112,"Registro de preço de material de expediente, educativo e esportivo - III, para as atividades desenvolvidas pela municipalidade.",Homologada
2021,19883,PREGÃO ELETRONICO,46/2021,117,Registro de preços para aquisição monitores para a Prefeitura Municipal de São Borja,Em Andamento
2021,19890,PREGÃO ELETRONICO,47/2021,124,"Registro de preços de materiais, ferramentas e equipamentos para serem utilizados pelas equipes de manutenção e serviços nas diversas unidades e departamentos das secretarias",Homologada
2021,19893,PREGÃO ELETRONICO,48/2021,127,Registro de preço de tintas e materiais para sinalização viária para as vias públicas do município,Homologada
2021,19899,PREGÃO ELETRONICO,49/2021,133,"RP de Mobiliario, para todas as secretarias",Homologada
2021,19900,PREGÃO ELETRONICO,50/2021,134,"Registro de preço para medicamentos - III destinados à distribuição aos pacientes usuários do SUS, junto a Farmácia Básica",Homologada
2021,19901,PREGÃO ELETRONICO,51/2021,135,"Registro de preço para medicamentos - IV destinados à distribuição aos pacientes usuários do SUS, junto a Farmácia Básica",Homologada
2021,19902,PREGÃO ELETRONICO,52/2021,136,"Registro de preço para medicamentos - V destinados à distribuição aos pacientes usuários do SUS, junto a Farmácia Básica.",Homologada
2021,19904,PREGÃO ELETRONICO,53/2021,138,Registro de preço de gêneros alimentícios - III,Homologada
2021,19909,PREGÃO ELETRONICO,54/2021,143,"Registro de preço de Aluguel de Concentradores, destinados aos pacientes usuários do SUS, portadores de insuficiência pulmonar que fazem acompanhamento domiciliar, ambulâncias e Programa SAMU.",Homologada
2021,19910,PREGÃO ELETRONICO,55/2021,144,"Registro de preço de baterias novas, destinada a frota municipal",Homologada
2021,19911,PREGÃO ELETRONICO,56/2021,145,Registro de preços de aparelhos de ar-condicionado,Homologada
2021,19913,PREGÃO ELETRONICO,57/2021,147,Registro de preço de materiais e equipamentos que serão utilizados na decoração das festividades do Natal/2021,Homologada
2021,19914,PREGÃO ELETRONICO,58/2021,148,Registro de preços para contratação de empresa para prestação de serviços de manutenção em unidades desportivas e pintura de linhas demarcatórias com fornecimento de material.,Em Andamento
2021,19915,PREGÃO ELETRONICO,59/2021,149,"Registro de preços para contratação de empresa para serviços de arbitragem de jogos oficiais para a realização do Campeonato de Futebol Amador de São Borja, Jogos da Primavera/Jogos de Verão e demais eventos esportivos",Homologada
2021,19916,PREGÃO ELETRONICO,60/2021,150,"Contratação de empresa especializada para o desenvolvimento, implementação, treinamento, suporte e serviços mensais de manutenção e hospedagem de solução web intergrada (WEBSITE)",Em Andamento
2021,19917,PREGÃO ELETRONICO,61/2021,151,Aquisição de Câmara Fria Congelante.,Fracassada
2021,19919,PREGÃO ELETRONICO,62/2021,153,"Registro de preço de materiais de limpeza e produtos de higienização  I, para uso nas dependências da Prefeitura Municipal de São Borja, bem como suas unidades subordinadas.",Homologada
2021,19921,PREGÃO ELETRONICO,63/2021,155,"Registro de preços de materiais de limpeza e produtos de higienização  II, para uso nas dependências da Prefeitura Municipal de São Borja, bem como suas unidades subordinadas",Homologada
2021,19922,PREGÃO ELETRONICO,64/2021,156,"Aquisição de veículo tipo sedan, destinado aos transportes dos idosos atendidos e acompanhados pelo CREAS junto ao Centro Dia para os Idosos",Homologada
2021,19923,PREGÃO ELETRONICO,65/2021,157,"Aquisição de mobiliário escolar, padrão FNDE, destinado as Escolas Municipais, EMEIs e EMEFs.",Homologada
2022,19988,PREGÃO PRESENCIAL,1/2022,25,Registro de preço para gênero alimentício - II.,Homologada
2022,20015,CHAMAMENTO PÚBLICO/CREDENCIAMENTO,1/2022,50,Chamamento Público visando o Procedimento Auxiliar - Credenciamento de Leiloeiros Oficiais para a realização de leilões de para alienação de bens imóveis ou de bens móveis inservíveis ou legalmente apreendidos.,Julgada
2022,19983,CONCORRÊNCIA,1/2022,20,"Contratação de empresa de engenharia para execução das obras e serviços de implantação da futura Avenida Beira Rio e Urbanização da Orla do Rio Uruguai, com uma área de aproximadamente 43.000,00m² e extensão de 500m, trecho da Rua Tiradentes até a Rua da República.",Em Andamento
2022,19967,PRD DISPENSA EXCETO PEQUENO VALOR,1/2022,4,"Locação de um imóvel para o funcionamento do Programa de Estratégia de Saúde da Família do Bairro Piray, destinado ao atendimento da população adscrita, assistida pela secretaria da Saúde, melhor descritas no Termo de Referência e demais documentos que integram o devido processo de Dispensa.",Homologada
2022,19965,CHAMADA PÚBLICA/PNAE,1/2022,2,"Chamada Pública é a aquisição de gêneros alimentícios diretamente da Agricultura Familiar e do Empreendedor Familiar Rural - Agroindústria, para o atendimento ao Programa Nacional de Alimentação Escolar - PNAE",Homologada
2022,19968,TOMADA DE PREÇO,1/2022,5,"Contratação de empresa para prestação de serviços de pintura das fachadas leste e norte, esquadrias e grades do prédio da Escola Municipal de Ensino Fundamental Sagrado Coração de Jesus.",Homologada
2022,19964,PREGÃO ELETRONICO,1/2022,1,"Registro de preços de materiais odontológicos - I, destinados as unidades Odontológicas da Secretaria Municipal de Saúde.",Homologada
2022,19972,INEXIGIBILIDADE,1/2022,9,"Prestação de serviços de publicações oficiais em âmbito nacional de editais de licitação, dispensas, inexigibilidades, extratos de contratos, editais de chamamentos público, entre outros, expedidos pelo Município de São Borja, conforme institui a Lei 8.666/93 no seu art. 21, inciso I, inexigibilidade de licitação, conforme art. 25, Caput, da Lei 8.666/93.",Homologada
2022,20083,REGISTRO DE PREÇO DE OUTRO ÓRGÃO,1/2022,118,"Adesão a Registro de Preços nº 15/2021, do Pregão Eletrônico 03/2021, ambos da GRANPAL, para aquisição de medicamentos.",Homologada
2022,19987,PREGÃO ELETRONICO,2/2022,24,"contratação, pelo sistema de registro de preços, de empresa para locação de máquinas, com equipamentos, operadores de máquinas, motoristas, manutenção, filtros, lubrificantes e combustível, conforme especificações detalhadas no item 01 - Do Objeto, termo de referência, planilha de composição de custos e processo de compras n.º 35110/2022.",Homologada
2022,20084,REGISTRO DE PREÇO DE OUTRO ÓRGÃO,2/2022,119,"Adesão a Registro de Preços nº 31/2021, do Pregão Eletrônico 03/2021, ambos da GRANPAL, para aquisição de medicamentos.",Homologada
2022,19969,TOMADA DE PREÇO,2/2022,6,Contratação de empresa no ramo de engenharia para obras de reforma no 6ª andar do centro Administrativo.,Homologada
2022,19970,PRD DISPENSA EXCETO PEQUENO VALOR,2/2022,7,"Locação de um imóvel para o funcionamento do Programa de Estratégia de Saúde da Família do Bairro Maria do Carmo, destinado ao atendimento da população adscrita, assistida pela secretaria da Saúde, melhor descritas no Termo de Referência e demais documentos que integram o devido processo de Dispensa.",Homologada
2022,19973,INEXIGIBILIDADE,2/2022,10,"Contratação de empresa especializada para prestação de serviços de publicidade legal, com jornal e tiragem semanal no âmbito do Município de São Borja/RS, pertinente a publicação de editais de licitações, contratos, prestação de contas e outros, pelo período de 12 (doze) meses, consoante termo de referência que integra a presente.",Homologada
2022,20055,CONCORRÊNCIA,2/2022,90,"Contratação de empresa de engenharia para execução das obras e serviços de implantação da futura Avenida Beira Rio e Urbanização da Orla do Rio Uruguai (pavimentação/drenagem/urbanização/sinalização viária), com uma área de aproximadamente 43.000,00m² e extensão de 500m, no trecho da Rua Tiradentes até a Rua da República.",Homologada
2022,20146,PREGÃO PRESENCIAL,2/2022,181,"Registro de preço para gênero alimentício II  Carne Bovina Moída -, para ser distribuído nas Escolas Municipais de Ensino Fundamental, Educação Infantil e EJA",Em Andamento
2022,19966,CHAMADA PÚBLICA/PNAE,2/2022,3,"Aquisição de gêneros alimentícios diretamente da Agricultura Familiar e do Empreendedor Familiar Rural - Agroindústria, para o atendimento ao Programa Nacional de Alimentação Escolar - PNAE.",Homologada
2022,20021,CHAMAMENTO PÚBLICO/CREDENCIAMENTO,2/2022,56,"Credenciamento médico com especialidade em oftalmologia para a realização de consultas médicas e exames complementares, visando o atendimento aos usuários do SUS, assistidos pela secretaria de Saúde, nos termos da Lei Municipal n° 3.037/2002 e Lei n° 8.666/93.",Homologada
2022,20085,REGISTRO DE PREÇO DE OUTRO ÓRGÃO,3/2022,120,"Adesão a Registro de Preços nº 25/2021, do Pregão Eletrônico 03/2021, ambos da GRANPAL, para aquisição de medicamentos.",Homologada
2022,19974,INEXIGIBILIDADE,3/2022,11,"Contratação do serviço de sobreaviso médico  urgência e emergência, destinado aos pacientes do SUS que forem atendidos nas dependências da Fundação Ivan Goulart, como descrito no Termo de Referência.",Homologada
2022,20164,PREGÃO PRESENCIAL,3/2022,199,"Contratação de empresa especializada\r\nna prestação de serviço de administração, controle e\r\ngerenciamento do abastecimento da frota de veículos do município, através de cartão magnético",Homologada
2022,19971,PRD DISPENSA EXCETO PEQUENO VALOR,3/2022,8,"Prestação de serviços de publicações legais em âmbito estadual de editais de licitação, dispensas, inexigibilidades, extratos de contratos, editais de chamamentos público, entre outros, expedidos pelo Município de São Borja, conforme institui a Lei 8.666/93 no seu art. 21, inciso II, dispensada a licitação conforme art. 24, VIII, da Lei 8.666/93.",Homologada
2022,20002,CHAMADA PÚBLICA/PNAE,3/2022,39,"Chamada Pública é a aquisição de gêneros alimentícios diretamente da Agricultura Familiar e do Empreendedor Familiar Rural - Agroindústria, para o atendimento ao Programa Nacional de Alimentação Escolar  PNAE",Homologada
2022,20056,CONCORRÊNCIA,3/2022,91,"Contratação de empresa de engenharia para execução das obras e serviços de implantação da rede elétrica e iluminação pública da futura Avenida Beira Rio, com uma área de aproximadamente 43.000,00m² e extensão de 500m, no trecho da Rua Tiradentes até a Rua da República.",Homologada
2022,20145,CHAMAMENTO PÚBLICO,3/2022,180,SELEÇÃO DE PROPOSTAS DE PATROCÍNIO PARA O EVENTO DIA DE CAMPO.,Em Andamento
2022,19977,TOMADA DE PREÇO,3/2022,14,"Contratação de empresa para a execução de pavimentação com pedras irregulares, terraplanagem, drenagem pluvial, passeios com acessibilidade e sinalização viária na Rua Viriato Vargas, no trecho entre a Av. Ory Rey Dornelles até a Rua Frei Caneca, São Borja  RS, totalizando uma área de 1.824,00m²",Homologada
2022,19989,PREGÃO ELETRONICO,3/2022,26,Registro de preço para gênero alimentício  I.,Homologada
2022,20031,CHAMADA PÚBLICA/PNAE,4/2022,66,"Chamada Pública n° 04/2022, para aquisição de gêneros alimentícios diretamente da Agricultura Familiar e do Empreendedor Familiar Rural.",Homologada
2022,19981,TOMADA DE PREÇO,4/2022,18,"Contratação de empresa para prestação de serviços de coleta, com fornecimento dos recipientes, transporte, tratamento e destino final em aterro licenciado (próprio ou terceirizado) dos RESÍDUOS SÓLIDOS DE SERVIÇOS DE SAÚDE dos grupos A, E e B",Homologada
2022,19982,PRD DISPENSA EXCETO PEQUENO VALOR,4/2022,19,"Contratação de empresa prestadora do serviço de telefonia móvel para suprir a demanda da SMTASC - no plantão do Conselho Tutelar e unidades subordinadas, assistida pela secretaria do desenvolvimento social, melhor descritas no Termo de Referência e demais documentos que integram o devido processo de Dispensa.",Homologada
2022,20170,CHAMAMENTO PÚBLICO/CREDENCIAMENTO,4/2022,205,"Credenciamento médico com especialidade em Otorrinolaringologia para a realização de consultas médicas, visando o atendimento aos usuários do SUS, assistidos pela secretaria de Saúde.",Julgada
2022,19990,PREGÃO ELETRONICO,4/2022,27,"Registro de preço para equipamentos de proteção individual  EPIs, para todas as secretarias.",Homologada
2022,20058,CONCORRÊNCIA,4/2022,93,Contratação de empresa de engenharia para execução das obras e serviços de implantação de conjuntos sanitários na futura Avenida Beira Rio.,Homologada
2022,20087,REGISTRO DE PREÇO DE OUTRO ÓRGÃO,4/2022,122,"Adesão a Registro de Preços nº 16/2021, do Pregão Eletrônico 03/2021, ambos da GRANPAL, para aquisição de medicamentos.",Homologada
2022,20165,PREGÃO PRESENCIAL,4/2022,200,"Registro de preço para Gás Liquefeito de Petróleo, visando atender as necessidades de todas as Secretarias Municipais.",Homologada
2022,19975,INEXIGIBILIDADE,4/2022,12,Contratação de empresa prestadora do serviço de distribuição de água e esgoto para diversos prédios do município.,Homologada
2022,19995,PRD DISPENSA EXCETO PEQUENO VALOR,5/2022,32,"Repasse recursos por meio de termo de fomento e processo de inexigibilidade de chamamento público embasados nos Art. 29 e 31 Inciso II da Lei nº 13.204/2015, elaborado pela Comissão de Seleção nomeada pela Portaria nº 820 de 11 de Maio de 2018, com recursos oriundos da emenda parlamentar sob nº 202141840005, funcional programática 08.244.5031.219G.0043 recebida via fundo a fundo (FNAS x FMAS).",Homologada
2022,20061,CONCORRÊNCIA,5/2022,96,Contratação de empresa de engenharia para execução das obras e serviços de implantação de letreiros turísticos na futura Avenida Beira Rio.,Em Andamento
2022,20088,REGISTRO DE PREÇO DE OUTRO ÓRGÃO,5/2022,123,"Adesão a Registro de Preços nº 16/2021, do Pregão Eletrônico 03/2021, ambos da GRANPAL, para aquisição de medicamentos.",Homologada
2022,19991,PREGÃO ELETRONICO,5/2022,28,Contratação de empresa especializada para prestação de serviços em Assessoria Técnica Aeronáutica e Consultoria para Aeródromo.,Homologada
2022,19985,TOMADA DE PREÇO,5/2022,22,"Contratação de empresa do ramo de engenharia para elaboração de projeto estrutural de concreto armado, estrutura metálica e de fundações do Museu Panorâmico e Monumento Cruz Missioneira, localizado na futura Avenida Beira Rio, Bairro do Passo, em São Borja  RS.",Homologada
2022,19976,INEXIGIBILIDADE,5/2022,13,"Contratação de empresa fornecedora de energia elétrica para as unidades consumidoras pertencentes aos prédios públicos, semáforos, incluindo os pagamentos de taxa de administração.",Homologada
2022,20100,CHAMADA PÚBLICA/PNAE,5/2022,135,"Chamada Pública é a aquisição de gêneros alimentícios diretamente da Agricultura Familiar e do Empreendedor Familiar Rural, para o atendimento ao Programa Nacional de Alimentação Escolar - PNAE",Homologada
2022,20166,PREGÃO PRESENCIAL,5/2022,201,"RP de agua mineral, para todas as secretarias.",Deserta
2022,20168,PREGÃO PRESENCIAL,6/2022,203,Registro de preço para gênero alimentício III  Carne Bovina Moída.,Fracassada
2022,19978,INEXIGIBILIDADE,6/2022,15,"Aquisição de vale-transporte para os servidores públicos municipais, alunos da rede pública municipal e nas unidades subordinadas.",Homologada
2022,19986,TOMADA DE PREÇO,6/2022,23,"Contratação de empresa no ramo de engenharia para construção e execução de obra da Farmácia\r\nBásica na Zona Sul, situada na Rua Gustavo Sampaio, esquina com a Rua General Marques, bairro\r\nParaboi, São Borja/RS.",Homologada
2022,19998,PREGÃO ELETRONICO,6/2022,35,"Registro de preços de materiais gráficos, destinado ao uso das secretarias municipais.",Homologada
2022,20089,REGISTRO DE PREÇO DE OUTRO ÓRGÃO,6/2022,124,"Adesão a Registro de Preços nº 10/2021, do Pregão Eletrônico 03/2021, ambos da GRANPAL, para aquisição de medicamentos.",Homologada
2022,20026,PRD DISPENSA EXCETO PEQUENO VALOR,6/2022,61,"Locação de imóvel destinado ao atendimento das finalidades precípuas da administração, mais precisamente os programas da Secretaria Municipal da Saúde, quais sejam: a) Farmácia Básica; b) Central de vacinas; c) CEO; d) Vigilância Sanitária; e) Transporte, SAMU, PIM, CAPS AD e atendimento de algumas especialidades como psicologia e nutrição, melhor descritas no Termo de Referência e demais documentos que integram o devido processo de Dispensa.",Homologada
2022,20150,CONCORRÊNCIA,6/2022,185,"CONTRATAÇÃO DE EMPRESA ESPECIALIZADA PARA EXECUÇÃO DE OBRAS DE REFORÇO E RECUPERAÇÃO DOS PAVIMENTOS DA ÁREA OPERACIONAL, SINALIZAÇÃO HORIZONTAL E SERVIÇOS COMPLEMENTARES NO AEROPORTO JOÃO MANOEL (SSSB) DE SÃO BORJA /RS, COM A FINALDIADE DE ATENDER O DISPOSTO JUNTO AO TERMO DE COMPROMISSO Nº 921555/2021/MINFRA/SNAC, CONFORME TERMO DE REFERÊNCIA E DEMAIS DOCUMENTOS ANEXOS.",Deserta
2022,20176,PREGÃO PRESENCIAL,7/2022,211,"Registro de preços de óculos simples e bifocal, para serem dispensados aos pacientes do SUS, cadastrados juntos ao CEMAE São Francisco",Homologada
2022,20218,CONCORRÊNCIA,7/2022,220,"Contratação de empresa especializada para execução de obras de reforço e recuperação dos pavimentos da área operacional, sinalização horizontal e serviços complementares no AEROPORTO JOÃO MANOEL (SSSB) DE SÃO BORJA /RS.",Homologada
2022,19979,INEXIGIBILIDADE,7/2022,16,"Divulgação dos projetos, programas, eventos, campanhas e notícias relevantes à população, relacionadas a administração municipal, compreendendo órgãos públicos municipais, Gabinete do Prefeito, assinaturas de convênios e prestação de contas, pelo período de janeiro de 2022 a dezembro 2022, consoante termo de referência que integra a presente.",Homologada
2022,20090,REGISTRO DE PREÇO DE OUTRO ÓRGÃO,7/2022,125,"Adesão a Registro de Preços nº 33/2021, do Pregão Eletrônico 03/2021, ambos da GRANPAL, para aquisição de medicamentos.",Homologada
2022,19999,PREGÃO ELETRONICO,7/2022,36,Registro de preço para equipamentos de armazenamento de dados.,Homologada
2022,19997,TOMADA DE PREÇO,7/2022,34,Contratação de empresa especializada para instalação de medidores de energia elétrica no Mercado Publico Municipal de São Borja.,Homologada
2022,20029,PRD DISPENSA EXCETO PEQUENO VALOR,7/2022,64,"Contratação de empresa para prestação de serviços de manutenção preventiva e corretiva de equipamentos e periféricos odontológicos, com fornecimento de peças para gabinetes odontológicos pertencentes à Secretaria Municipal da Saúde, pelo prazo de 180 (cento e oitenta) dias, ficando a ressalva de ser rompido a qualquer momento em virtude de estar em andamento o processo de uma nova licitação, melhor descritas no Termo de Referência e demais documentos que integram o devido processo de Dispensa.",Homologada
2022,19980,INEXIGIBILIDADE,8/2022,17,"Contratação de empresa especializada em prestação de serviços técnicos para realização de palestra presencial para formação docente da rede municipal de ensino e para convidados da administração pública, com base introdutória para o programa de formação continuada O valor do professor, melhor descritas no Termo de Referência e demais documentos que integram o devido processo de Inexigibilidade.",Homologada
2022,20033,PRD DISPENSA EXCETO PEQUENO VALOR,8/2022,68,"Contratação  de atividades artísticas do Serviço Social do Comércio-SESC/RS, conforme Termo de Referência e demais documentação em anexo.",Homologada
2022,20003,PREGÃO ELETRONICO,8/2022,40,"Registro de preço de material elétrico para manutenção do sistema de iluminação pública, bem como materiais permanentes/equipamentos elétricos para utilização do Município - I.",Homologada
2022,20092,REGISTRO DE PREÇO DE OUTRO ÓRGÃO,8/2022,127,"Adesão a Registro de Preços nº 19/2021, do Pregão Eletrônico 03/2021, ambos da GRANPAL, para aquisição de medicamentos.",Homologada
2022,20223,PREGÃO PRESENCIAL,8/2022,225,"Registro de preço para aquisição de recargas de extintores para as dependências da Prefeitura Municipal de São Borja, bem como suas unidades subordinadas. \r\nObs:. A empresa responsável pela recargas dos extintores deve responsabilizar-se pela manutenção dos mesmos quando apresentarem defeitos de carga, de fabricação ou de recarga durante 12 meses subsequentes.",Homologada
2022,20010,TOMADA DE PREÇO,8/2022,45,"Contratação de empresa para execução de drenagem pluvial na Rua Felix da Cunha, trecho entre Rua Gomes Carneiro até a galeria da Praça Tricentenário, São Borja, totalizando uma extensão de 726,90m.",Em Andamento
2022,20011,TOMADA DE PREÇO,9/2022,46,"Contratação de empresa para execução de pavimentação com pedras irregulares, terraplanagem, drenagem pluvial, passeios com acessibilidade e sinalização viária na Rua Tupi Caldas, trechos descritos abaixo, recurso oriundo do CONTRATO Nº 008/2021 - PROGRAMA POE PIMES BADESUL.\r\n\r\n- Rua Tupi Caldas I - Trecho entre a Rua Floriano Peixoto até a Rua Cristóvão Colombo, totalizando uma área de 1.281,31 m² - R$ 288.896,56;\r\n- Rua Tupi Caldas II - Trecho entre a Rua Cristóvão Colombo até a Rua José de Alencar, totalizando uma área de 1.320,08 m² - R$ 304.468,49.",Homologada
2022,20004,PREGÃO ELETRONICO,9/2022,41,"Registro de preço de material elétrico para manutenção do sistema de iluminação pública, bem como materiais permanentes/equipamentos elétricos para utilização do Município - II.",Homologada
2022,20093,REGISTRO DE PREÇO DE OUTRO ÓRGÃO,9/2022,128,"Adesão a Registro de Preços nº 26/2021, do Pregão Eletrônico 03/2021, ambos da GRANPAL, para aquisição de medicamentos.",Homologada
2022,19984,INEXIGIBILIDADE,9/2022,21,"Publicidade em rádio referente ao Programa Institucional do Município, denominado ""Bom dia, Cidade"", para divulgação dos projetos, programas, eventos e notícias e demais informações de interesse público, de segunda a sexta-feira, por 10 (dez) minutos diários, de janeiro a dezembro de 2022.",Homologada
2022,20044,PRD DISPENSA EXCETO PEQUENO VALOR,9/2022,79,"Prestação de serviços de transporte escolar de alunos, linha 01 - Localidade Rincão do Meio, Escola EMEF Ordália Machado e Linha 02 - Localidade BR 472, Escolas de ensino médio cidade.",Homologada
2022,20235,PREGÃO PRESENCIAL,9/2022,237,Registro de preços de água mineral para consumo nas dependências da Prefeitura Municipal de São Borja,Homologada
2022,20016,TOMADA DE PREÇO,10/2022,51,"Contratação de empresa para execução de camada asfáltica em CBUQ (concreto betuminoso usinado a quente) em vias de pavimentação com pedras irregulares, em execução ao Contrato n.º 008/2021, Programa POE PIMES BADESUL, nos seguintes trechos: - Rua João Palmeiro: trecho da Rua Cândido Falcão até a General Marques, totalizando uma área de 1.076,83m²; - Rua dos Andradas: trecho da Rua Borges do Canto até a Rua Coronel Lago, totalizando uma área de 6.536,79m²; - Av. Bernardo de Mello: trecho da Rua Cel. Aparício Mariense até a Rua Eng. Manoel Luiz Fagundes, totalizando uma área de 2.025,45m²; - Rua Álvaro Batista: trecho da Rua Eng. Manoel Luiz Fagundes até a Rua Cabo Pedroso, totalizando uma área de 986,70m²; - Rua Cel. Aparício Mariense: trecho da Rua Bento Martins até a Rua Riachuelo, totalizando uma área de 757,56m².",Homologada
2022,20005,PREGÃO ELETRONICO,10/2022,42,"Registro de preço de material elétrico para manutenção do sistema de iluminação pública, bem como materiais permanentes/equipamentos elétricos para utilização do Município - III.",Homologada
2022,20045,PRD DISPENSA EXCETO PEQUENO VALOR,10/2022,80,"Contratação de empresa para prestação de serviços de coleta, com fornecimento dos recipientes, transporte, tratamento e destino final em aterro licenciado (próprio ou terceirizado) dos Resíduos Sólidos de Serviços de Saúde dos Grupos A, E e B, obedecendo as Normas e Licenças, melhor descritas no Termo de Referência e demais documentos que integram o devido processo de Dispensa. pelo prazo de 180 (cento e oitenta) dias.",Homologada
2022,20094,REGISTRO DE PREÇO DE OUTRO ÓRGÃO,10/2022,129,"Adesão a Registro de Preços nº 13/2021, do Pregão Eletrônico 03/2021, ambos da GRANPAL, para aquisição de medicamentos.",Homologada
2022,19992,INEXIGIBILIDADE,10/2022,29,"Contratação da empresa Planalto Transportes Ltda para aquisição de passagens rodoviárias, com seguro, para as cidades de Santa Maria e Porto Alegre, destinada a usuários do SUS, que necessitem de tratamento médico de média e alta complexidade que no município não dispõe .",Homologada
2022,20095,REGISTRO DE PREÇO DE OUTRO ÓRGÃO,11/2022,130,"Adesão a Registro de Preços nº 23/2021, do Pregão Eletrônico 03/2021, ambos da GRANPAL, para aquisição de medicamentos.",Homologada
2022,19993,INEXIGIBILIDADE,11/2022,30,Fornecimento de telefonia fixa relativa às linhas existentes nos prédios próprios do Município.,Homologada
2022,20018,TOMADA DE PREÇO,11/2022,53,"Contratação de empresa no ramo de engenharia para implantação e construção de uma cobertura (Rua Coberta) na Av. Sete de Setembro, esquina com a Rua Venâncio Aires, bairro José Pereira Alvarez, que fará parte do Complexo Cultural da Antiga Estação Férrea, em execução ao Convênio n.º 899050/2020, firmado entre o Ministério do Turismo/CAIXA e o Município de São Borja/RS.",Deserta
2022,20008,PREGÃO ELETRONICO,11/2022,43,Contratação de empresa para manutenção preventiva e corretiva mensal do elevador do Centro Administrativo,Em Andamento
2022,20046,PRD DISPENSA EXCETO PEQUENO VALOR,11/2022,81,"A contratação de uma empresa para fornecimento de fraldas descartáveis geriátricas e infantis, melhor descritas no Termo de Referência e demais documentos que integram o devido processo de Dispensa.",Homologada
2022,19994,INEXIGIBILIDADE,12/2022,31,"Contratação de empresa especializada em prestação de serviço de assessoria, consultoria e acompanhamento técnico do projeto de elaboração, estudo e implementação do Setor de Cadastro Municipal, a ser implementado no município de São Borja",Homologada
2022,20009,PREGÃO ELETRONICO,12/2022,44,Aquisição de material para reforma na parte elétrica da Escola Olinto Dornellhes.,Homologada
2022,20030,TOMADA DE PREÇO,12/2022,65,"Contratação de empresa para execução de pavimentação com pedras irregulares, terraplanagem, drenagem pluvial, passeios com acessibilidade e sinalização viária na Rua João Antônio Rodrigues, no trecho entre a Rua Anselmo Campos da Rosa até a Rua Benjamin Duarte Camargo, São Borja/RS, totalizando uma área de 1.781,06m², em execução ao Contrato de Repasse nº 903811/2020/MDR/CAIXA.",Deserta
2022,20047,PRD DISPENSA EXCETO PEQUENO VALOR,12/2022,82,"Dispensa de Chamamento Público para celebração de parceria com Organização da Sociedade Civil, mediante Termo de Colaboração, para a realização do espetáculo teatral ""De onde vem o Coelho da Páscoa"", pela Cia Armazém, Cultura e Entretenimento (Garcia e Paim LTDA), no dia 10/04/2022, no Cais do Porto, conforme Lei 13.019/2014.",Homologada
2022,20097,REGISTRO DE PREÇO DE OUTRO ÓRGÃO,12/2022,132,"Adesão a Registro de Preços nº 20/2021, do Pregão Eletrônico 03/2021, ambos da GRANPAL, para aquisição de medicamentos.",Homologada
2022,20098,REGISTRO DE PREÇO DE OUTRO ÓRGÃO,13/2022,133,"Adesão a Registro de Preços nº 08/2021, do Pregão Eletrônico 03/2021, ambos da GRANPAL, para aquisição de medicamentos.",Homologada
2022,19996,INEXIGIBILIDADE,13/2022,33,"Repasse de recursos através do processo de inexigibilidade de chamamento público embasados nos Art. 29 e 31 Inciso II da Lei nº 13.204/2015, através da parlamentar sob nº 202141840005, funcional programática 08.244.5031.219G.0043 recebida via fundo a fundo, conforme termo de referência e fomento.",Homologada
2022,20050,PRD DISPENSA EXCETO PEQUENO VALOR,13/2022,85,"Dispensa de chamamento público para firmar termo de fomento com o Asilo São Vicente de Paula, objetivando mútua cooperação para execução de serviços de Proteção Social Especial de Alta Complexidade, de acordo com a Resolução CNAS 109/2009, para pessoas idosas em vulnerabilidade.",Homologada
2022,20032,TOMADA DE PREÇO,13/2022,67,"Contratação de empresa para execução de camada asfáltica em CBUQ (concreto betuminoso usinado a quente) em vias de pavimentação com pedras irregulares, na Rua Serafim Dornelles Vargas (trecho da Rua Eng. Manoel Luis Fagundes até a Rua Cabo Pedroso, totalizando uma área de 1.105,20m²) e na Rua Félix da Cunha (trecho da Rua Barão do Rio Branco até a Rua Gomes Carneiro, totalizando uma área de 8.809,17m²), em execução ao Contrato n.º 008/2021, Programa POE PIMES BADESUL.",Homologada
2022,20012,PREGÃO ELETRONICO,13/2022,47,"Contratação de empresa especializada em manutenção preventiva e corretiva, bem como em serviços de instalação e desinstalação de aparelhos de ar-condicionado, para todas as escolas municipais, o Centro de Atendimento Multiplus (CAM) e a Secretaria Municipal de Educação",Em Andamento
2022,20099,REGISTRO DE PREÇO DE OUTRO ÓRGÃO,14/2022,134,"Adesão a Registro de Preços nº 13/2021, do Pregão Eletrônico 03/2021, ambos da GRANPAL, para aquisição de medicamentos.",Homologada
2022,20051,PRD DISPENSA EXCETO PEQUENO VALOR,14/2022,86,"Dispensa de chamamento público para celebração de termo de fomento com a Associação de Pais e Amigos Excepcionais - APAE São Borja, objetivando mútua cooperação para execução de serviços de Proteção Social Especial de Média Complexidade, de acordo com a Resolução CNAS 109/2009, para atendimento e acompanhamento assistencial às pessoas portadoras de deficiência intelectual e múltipla, com base na Lei 13.019/2014.",Homologada
2022,20067,TOMADA DE PREÇO,14/2022,102,"Contratação de empresa para execução de pavimentação com pedras irregulares, terraplanagem, drenagem pluvial, passeios com acessibilidade e sinalização viária, na Rua João Antônio Rodrigues, no trecho entre a Rua Anselmo Campos da Rosa até a Rua Benjamin Duarte Camargo, São Borja/RS, totalizando uma área de 1.781,06m², em execução ao Contrato de Repasse nº 903811/2020/MDR/CAIXA.",Homologada
2022,20000,INEXIGIBILIDADE,14/2022,37,"Contratação do serviço de publicidade para divulgação dos projetos, programas, eventos, campanhas e notícias relevantes à população, relacionados a administração municipal, compreendendo órgãos públicos municipais, Gabinete do Prefeito, assinaturas de convênios e prestações de contas, sempre que houver necessidade.",Homologada
2022,20013,PREGÃO ELETRONICO,14/2022,48,Registro de preços de materiais/peças para manutenção das roçadeiras e motosserras da SMIESUST.,Homologada
2022,20072,TOMADA DE PREÇO,15/2022,107,"Contratação de empresa para desenvolvimento de obras de melhorias na infraestrutura atual e na complementação de etapas do projeto urbanístico de implantação do PARQUE ESPORTIVO GENERAL VARGAS, em execução do CONVÊNIO SEL nº 221/2022 Programa de recuperação de espaços esportivos.",Em Andamento
2022,20052,PRD DISPENSA EXCETO PEQUENO VALOR,15/2022,87,"Contratação de empresa para prestação de serviços de manutenção preventiva e corretiva de equipamentos e periféricos odontológicos, com fornecimento de peças para gabinetes odontológicos pertencentes à Secretaria Municipal da Saúde, pelo prazo de 180 (cento e oitenta) dias, ficando a ressalva de ser rompido a qualquer momento em virtude de estar em andamento o processo de uma nova licitação, melhor descritas no Termo de Referência e demais documentos que integram o devido processo de Dispensa.",Homologada
2022,20014,PREGÃO ELETRONICO,15/2022,49,"Registro de preços de complementos alimentares (cestas básicas), destinadas para doação no exercício 2022/2023, junto aos Centros de Referência de Assistência Social (CRAS) na Secretaria Municipal do Desenvolvimento Social, conforme Lei do Sistema Único de Assistência Social  SUAS n° 5.507 de 16 de maio de 2019,",Homologada
2022,20001,INEXIGIBILIDADE,15/2022,38,"Espaço de publicidade em jornal com anúncio de ½ página, visando a divulgação de conteúdo elaborado pela Secretaria Municipal da Saúde, de modo a levar informações de conscientização sobre as medidas de prevenção através da Vigilância em Saúde e ações de divulgação para enfrentamento à Pandemia, prevenção em saúde na atenção básica.",Homologada
2022,20020,INEXIGIBILIDADE,16/2022,55,"Espaço de publicidade em jornal com anúncio de ½ página, visando a divulgação de conteúdo elaborado pela Secretaria Municipal da Saúde, de modo a levar informações de conscientização sobre as medidas de prevenção através da Vigilância em Saúde e ações de divulgação para enfrentamento à Pandemia, prevenção em saúde na atenção básica.",Homologada
2022,20075,TOMADA DE PREÇO,16/2022,110,"Contratação de empresa no ramo de engenharia para implantação e construção de uma cobertura (Rua Coberta) na Av. Sete de Setembro, esquina com a Rua Venâncio Aires, bairro José Pereira Alvarez, que fará parte do Complexo Cultural da Antiga Estação Férrea, em execução ao Convênio n.º 899050/2020, firmado entre o Ministério do Turismo/CAIXA e o Município de São Borja/RS.",Deserta
2022,20019,PREGÃO ELETRONICO,16/2022,54,"Contratação de empresa especializada na prestação de serviços de controle sanitário integrado no combate a vetores e pragas urbanas, compreendendo desinsetização e desratização emtodas as áreas internas das escolas municipais e CAM (Centro de Atendimento Multidisciplinar).",Homologada
2022,20068,PRD DISPENSA EXCETO PEQUENO VALOR,16/2022,103,DIspensa de licitação para contratação de empresa para fornecimento de Cloud Computing (data center),Homologada
2022,20070,INEXIGIBILIDADE,17/2022,105,"Contratação de empresa especializada em prestação de serviços técnicos para realização do minicurso O Valor do Professor para formação do corpo docente da rede municipal de ensino e para demais profissionais da área educacional, totalizando 500 (quinhentos) participantes, melhor descritas no Termo de Referência e demais documentos que integram o devido processo de Inexigibilidade.",Homologada
2022,20078,TOMADA DE PREÇO,17/2022,113,"Contratação de empresa no ramo de engenharia civil para execução de obra de reforma e ampliação do imóvel junto ao Centro Dia para Idoso, na Rua Sarandi, n.º 320, Bairro Itacherê, através de recurso do Fundo Municipal do Idoso.",Homologada
2022,20071,PRD DISPENSA EXCETO PEQUENO VALOR,17/2022,106,"Prestação de serviços na área da saúde, conforme descrito na tabela do consórcio CISMISSÕES para serem utilizados no atendimento a saúde de pacientes encaminhados pela SMS, melhor descritas no Termo de Referência e demais documentos que integram o devido processo de Dispensa.",Homologada
2022,20022,PREGÃO ELETRONICO,17/2022,57,Aquisição de central telefônica digital híbrida.,Homologada
2022,20023,PREGÃO ELETRONICO,18/2022,58,Registro de preços de combustíveis para as viaturas da frota municipal.,Homologada
2022,20073,PRD DISPENSA EXCETO PEQUENO VALOR,18/2022,108,"Aquisição de materiais ambulatoriais destinados aos usuários do Sistema Único de Saúde-SUS da Secretaria Municipal da Saúde, melhor descritas no Termo de Referência e demais documentos que integram o devido processo de Dispensa.",Homologada
2022,20129,INEXIGIBILIDADE,18/2022,164,"Contratação de empresa especializada em prestação de serviços técnicos no ramo de licitações\r\ne contratos administrativos prestando consultoria e apoio administrativo ao órgão público a respeito da Nova Lei de Licitações- Lei Federal nº 14.133/2021, com ênfase no Título II, Capítulo I- Do Processo Licitatório, para capacitação dos servidores das unidades subordinadas, melhor descritas no Termo de Referência e demais documentos que integram o devido processo de Inexigibilidade.",Adjudicada
2022,20076,PRD DISPENSA EXCETO PEQUENO VALOR,19/2022,111,"Aquisição de materiais ambulatoriais destinados aos usuários do Sistema Único de Saúde-SUS da Secretaria Municipal da Saúde, melhor descritas no Termo de Referência e demais documentos que integram o devido processo de Dispensa.",Homologada
2022,20132,INEXIGIBILIDADE,19/2022,167,Inexigibilidade de licitação para contratação de empresa especializada em prestação de serviços técnicos para ministrar curso para equipes diretivas das escolas municipais.,Homologada
2022,20024,PREGÃO ELETRONICO,19/2022,59,"Registro de preço de carga de oxigênio medicinal, destinados aos pacientes usuários do SUS, portadores de insuficiência pulmonar que fazem acompanhamento domiciliar, postos de saúde, ambulâncias e Programa SAMU.",Homologada
2022,20103,TOMADA DE PREÇO,19/2022,138,"Contratação de empresa no ramo de engenharia civil para execução de 731m de pavimentação com blocos pré-moldados de concreto, drenagem pluvial e sinalização viária, de um lado da pista da Av. Ory Rei Dornelles, trecho iniciando na Av. Viriato Vargas em direção ao Loteamento Janot.",Homologada
2022,20124,TOMADA DE PREÇO,20/2022,159,Contratação de empresa para construção e instalação de reservatório com capacidade de 10.000 litros e sua respectiva torre na localidade de São Ramão.,Deserta
2022,20077,PRD DISPENSA EXCETO PEQUENO VALOR,20/2022,112,"Contratação de empresa para prestação de serviços de limpeza externa de pátios, corte de grama e retirada de materiais orgânicos, nas unidades pertencentes a  Secretaria Municipal da Saúde, melhor descritas no Termo de Referência e demais documentos que integram o devido processo de Dispensa.",Homologada
2022,20025,PREGÃO ELETRONICO,20/2022,60,"Registro de preço de massa asfáltica de Concreto Betuminoso Usinado a Quente (CBUQ) para aplicação a frio, a ser utilizada na recuperação (tapa buraco) das vias pavimentadas da cidade.",Homologada
2022,20157,INEXIGIBILIDADE,20/2022,192,"Inexigibilidade de licitação para prestação de serviços técnicos para realização de exames de média e alta complexidade de tomografias e ressonâncias magnéticas para os pacientes do SUS, que serão utilizados para controle e diagnósticos das doenças, solicitados pelos médicos da SMS, previamente agendados e autorizados pela regulação da referida secretaria.",Homologada
2022,20101,PRD DISPENSA EXCETO PEQUENO VALOR,21/2022,136,Contratação de Prestação de serviço de Assitência Técnica e Extensão Rural e Social que entre si celebram o município de São Borja e a Associação Riograndense de Empreendimentos de Assistência Técnica e Extensão Rural  EMATER/RS para a transferência de Tecnologia Agropecuária Gerencial e de Bem Estar Social aos Produtores Rurais.,Homologada
2022,20027,PREGÃO ELETRONICO,21/2022,62,"Registro de preço de material de cama, mesa e banho, para atendimento das demandas das escolas municipais.",Homologada
2022,20133,TOMADA DE PREÇO,21/2022,168,"Contratação de empresa no ramo de engenharia civil para execução de drenagem pluvial na Rua Felix da Cunha, no trecho entre a Rua Gomes Carneiro até a galeria da Praça Tricentenário, em São Borja, em execução ao contrato de financiamento nº 008/2021, junto ao BADESUL.",Homologada
2022,20162,INEXIGIBILIDADE,21/2022,197,Contratação de serviços técnico-profissionais especializados em doença renal crônica com hemodiálise e nos estágios 4 e 5 (pré-dialítico).,Homologada
2022,20180,INEXIGIBILIDADE,22/2022,215,"Contratação do artista Mano Lima, artista local e de renome regional e nacional, para a realização de um show alusivo à comemoração dos 340 anos de história do município de São Borja/RS e do Dia do Padroeiro São Francisco de Borja.",Homologada
2022,20028,PREGÃO ELETRONICO,22/2022,63,"Registro de preços de fraldas infantis e geriátricas, destinadas aos pacientes usuários do SUS, cadastrados exclusivamente no Sistema de Gerenciamento dos Usuários com Deficiência - GUD, através do NASF.",Homologada
2022,20134,TOMADA DE PREÇO,22/2022,169,"Contratação de empresa no ramo de engenharia civil para execução de pavimentação em blocos intervalados, na Av. José Schiavo Munró, com área de 4.690,92m² e extensão de 486,14m, no trecho entre a Rua Luis Euclides Braga Chaer e a BR 285 (acesso à Ponte Internacional de São Borja/Santo Tomé).",Homologada
2022,20104,PRD DISPENSA EXCETO PEQUENO VALOR,22/2022,139,"Contratação de uma empresa para fornecimento de Computadores e Monitores, destinados aos usuários do Sistema Único de Saúde-Farmácia Especializada - Secretaria da Saúde.",Homologada
2022,20151,TOMADA DE PREÇO,23/2022,186,"Contratação de empresa no ramo de engenharia civil para construção e instalação de reservatório de água potável com capacidade de 10.000 litros, no Distrito de Sarandi - E.M.E.F São Judas Tadeu.",Deserta
2022,20034,PREGÃO ELETRONICO,23/2022,69,Registro de preço para contratação de serviços de sonorização para eventos do município.,Homologada
2022,20105,PRD DISPENSA EXCETO PEQUENO VALOR,23/2022,140,"Contratação de empresa especializada em prestação de serviços técnicos para realização de cursos profissionalizantes para os alunos da rede pública municipal com a matrícula ativa no EJA - Educação de Jovens e adultos, a ser ofertada no ano letivo de 2022.",Homologada
2022,20237,INEXIGIBILIDADE,23/2022,239,Contratação de empresa especializada em prestação de serviços de consultoria especializada para estabelecer a governança exigida pela nova lei de Licitações e Contratos n° 14.1333/2021.,Homologada
2022,20154,TOMADA DE PREÇO,24/2022,189,"Contratação de empresa no ramo de engenharia civil para pavimentação com blocos intertravados de concreto pré-moldado, terraplenagem, drenagem pluvial, obras complementares, sinalização viária, passeio e acessibilidade, na Rua Catão de Jesus Coelho (trecho compreendido entre a Rua Ver. Aparicio Mariense e Av. Pres. Vargas), totalizando uma extensão de 170,00m e área pavimentada de 1.428,00m².",Homologada
2022,20035,PREGÃO ELETRONICO,24/2022,70,"Registro de preços para a contratação de empresa especializada no fornecimento de ataúdes e prestação de serviços funerários e translados, destinados ao âmbito da assistência social, em conformidade com a Lei n.º 5.507/2019.",Homologada
2022,20109,PRD DISPENSA EXCETO PEQUENO VALOR,24/2022,144,Telefonia móvel,Julgada
2022,20244,INEXIGIBILIDADE,24/2022,246,Contratação de empresa especializada em prestação de serviços para capacitação de responsáveis técnicos e manipuladores das agroindústrias locais em desenvolvimento e de estabelecimentos registrados e implantação dos programas relacionados às Boas Práticas.,Homologada
2022,20156,TOMADA DE PREÇO,25/2022,191,Contratação de empresa no ramo de engenharia civil para construção e instalação de reservatório com capacidade de 10.000 litros e sua respectiva torre na localidade de São Ramão.,Deserta
2022,20036,PREGÃO ELETRONICO,25/2022,71,"Registro de preços cadeiras, para as dependências da Prefeitura Municipal de São Borja e demais unidades subordinadas.",Homologada
2022,20111,PRD DISPENSA EXCETO PEQUENO VALOR,25/2022,146,"Dispensa de licitação para locação de um imóvel para o funcionamento do Centro de Atenção Psicossocial Dr. Caio Escobar, destinado ao atendimento e tratamento de pessoas com sofrimento ou transtorno mental.",Homologada
2022,20172,TOMADA DE PREÇO,26/2022,207,"Contratação de empresa para execução de pavimentação com Pedras Irregulares, terraplanagem, drenagem pluvial, passeios com acessibilidade e sinalização viária, conforme projeto, memorial e planilhas orçamentárias na Rua João Antonio Rodrigues trecho entre a Rua Anselmo Campos da Rosa até a Rua Benjamin Duarte Camargo, São Borja,/RS - Contrato de Repasse nº 903.811/2020/MDR/CAIXA.",Homologada
2022,20037,PREGÃO ELETRONICO,26/2022,72,"Registro de preços para contratação de empresa para serviços de arbitragem de jogos oficiais para a realização do Campeonato de Futebol Amador de São Borja, Jogos da Primavera/Jogos de Verão e demais eventos esportivos.",Homologada
2022,20118,PRD DISPENSA EXCETO PEQUENO VALOR,26/2022,153,"Dispensa de licitação para locação de um imóvel para o funcionamento do Conselho Tutelar do município, destinado ao uso das atividades administrativas para o cumprimento do ECA Estatuto e de atendimento aos usuários, melhor descritas no Termo de Referência e demais documentos que integram o devido processo de Dispensa.",Homologada
2022,20038,PREGÃO ELETRONICO,27/2022,73,"Registro de preço de materais e equipamentos ambulatoriais/hospitalares - I, destinados a todas as unidades de saúde desta secretaria.",Homologada
2022,20216,TOMADA DE PREÇO,27/2022,218,"Execução do Convênio nº 899050/2020, para implantação e construção de uma rua coberta, na Av Sete de Setembro junto ao Mercado Publico no Complexo Cultural na Praça Getúlio Vargas (Antiga Estação Férrea).",Deserta
2022,20119,PRD DISPENSA EXCETO PEQUENO VALOR,27/2022,154,Dispensa de chamamento público para cedência e administração do abrigo municipal de animais.,Homologada
2022,20039,PREGÃO ELETRONICO,28/2022,74,"Registro de preço de materais e equipamentos ambulatoriais/hospitalares - II, destinados a todas as unidades de saúde desta secretaria.",Homologada
2022,20122,PRD DISPENSA EXCETO PEQUENO VALOR,28/2022,157,"Contratação  do Serviço Social do Comércio-SESC/RS, para apresentação do show musical apresentado pelo Trio Cazumbá, no evento Arraial no Parcão.",Homologada
2022,20217,TOMADA DE PREÇO,28/2022,219,"Contratação de empresa especializada no ramo de engenharia civil ou arquitetura, para execução de obras de reforma e adequação na parte inferior das arquibancadas do Ginásio Cleto Doria de Azambuja, para instalação de uma Feira do Produtor. .",Homologada
2022,20219,TOMADA DE PREÇO,29/2022,221,"Contratação de empresa no ramo de engenharia para construção de trinta módulos sanitários, conforme convênio FPE nº 1755  Processo nº 22/22000000301-5, do Programa Nenhuma Casa sem Banheiro.",Homologada
2022,20040,PREGÃO ELETRONICO,29/2022,75,"Registro de preço de materais e equipamentos ambulatoriais/hospitalares - III, destinados a todas as unidades de saúde desta secretaria.",Homologada
2022,20123,PRD DISPENSA EXCETO PEQUENO VALOR,29/2022,158,"Contratação (1) em caráter de exclusividade: a) Centralização e Processamento de créditos provenientes de 100% da folha de pagamento gerada pelo município, abrangendo servidores ativos, inativos e pensionistas, além de créditos em favor de estagiários ou, ainda, qualquer pessoa que mantenha vínculo de remuneração com o MUNICÍPIO - CONTRATANTE. (2) Sem caráter de exclusividade: Concessão de crédito consignado em folha de pagamento aos servidores ativos, inativos ou pensionistas; cobrança ou arrecadação dos carnês de IPTU e demais tributos do Município de São Borja.",Homologada
2022,20135,PRD DISPENSA EXCETO PEQUENO VALOR,30/2022,170,Dispensa de licitação para aquisição de medicamentos (Cefalexina 500mg) destinados aos usuários do Sistema Único de Saúde-SUS,Homologada
2022,20041,PREGÃO ELETRONICO,30/2022,76,Registro de preço de materiais e peças para manutenção de roçadeiras e motosserras das unidades subordinadas desta Prefeitura,Homologada
2022,20221,TOMADA DE PREÇO,30/2022,223,Contratação de empresa para construção e instalação de reservatório com capacidade capacidade de 10.000 litros e sua respectiva torre na localidade de São Ramão.,Em Andamento
2022,20136,PRD DISPENSA EXCETO PEQUENO VALOR,31/2022,171,Dispensa de licitação para aquisição de medicamento destinado aos usuários do Sistema Único de Saúde-SUS.,Homologada
2022,20042,PREGÃO ELETRONICO,31/2022,77,"Registro de preços de pneus, câmaras e colarinhos novos para a frota municipal.",Homologada
2022,20139,PRD DISPENSA EXCETO PEQUENO VALOR,32/2022,174,Dispensa de licitação para aquisição de materiais ambulatoriais (Soro fisiológico 500ml) destinado aos usuários do Sistema Único de Saúde-SUS,Homologada
2022,20043,PREGÃO ELETRONICO,32/2022,78,"Registro de preço de aparelhos domésticos, para atendimento das demandas das escolas municipais.",Homologada
2022,20226,TOMADA DE PREÇO,32/2022,228,"Contratação de empresa no ramo de engenharia para implantação e construção de uma cobertura (Rua Coberta) na Av. Sete de Setembro, esquina com a Rua Venâncio Aires, no bairro José Pereira Alvarez, que fará parte do Complexo Cultural da Antiga Estação Férrea. O presente projeto será de acordo com a execução do Convênio nº 899050/2020, firmado entre o Ministério do Turismo/CAIXA e o Município de São Borja/RS.",Homologada
2022,20048,PREGÃO ELETRONICO,33/2022,83,"Contratação de empresa especializada para manutenção e conservação dos parques, pátios e jardins das Escolas Municipais e unidades da Secretaria Municipal de Saúde.",Anulada
2022,20140,PRD DISPENSA EXCETO PEQUENO VALOR,33/2022,175,Dispensa de licitação para aquisição de materiais odontológicos destinado aos usuários do Sistema Único de Saúde-SUS.,Homologada
2022,20049,PREGÃO ELETRONICO,34/2022,84,"Registro de preço de materiais odontológicos, destinados ao uso nos atendimentos das unidades odontológicas da Secretaria Municipal de Saúde (ESFs, CEO e LABORATÓRIO DE PRÓTESES).",Homologada
2022,20142,PRD DISPENSA EXCETO PEQUENO VALOR,34/2022,177,"Dispensa de licitação para aquisição de gênero alimentício destinado  as escolas Municipais de Ensino Fundamental, Educação Infantil e EJA",Homologada
2022,20053,PREGÃO ELETRONICO,35/2022,88,"Aquisição de equipamento agrícola, conforme convênio MAPA - Plataforma + Brasil n° 888671/2019.",Homologada
2022,20149,PRD DISPENSA EXCETO PEQUENO VALOR,35/2022,184,"Dispensa de licitação para contratação do Serviço Social do Comércio - SESC, para apresentação de shows musicais nos dias 27/08/2022 e 28/08/2022.",Homologada
2022,20153,PRD DISPENSA EXCETO PEQUENO VALOR,36/2022,188,Dispensa de licitação para contratação de empresa para fornecimento de Cloud Computing (data center).,Homologada
2022,20054,PREGÃO ELETRONICO,36/2022,89,"Contratação de empresa especializada para manutenção preventiva e corretiva, com o fornecimento e reposição de peças e componentes novos e originais, para o elevador instalado no Centro Administrativo da Prefeitura Municipal de São Brorja",Homologada
2022,20062,PREGÃO ELETRONICO,37/2022,97,"Registro de preço de óleos, lubrificantes e graxas para manutenção das VTRs da frota municipal.",Homologada
2022,20155,PRD DISPENSA EXCETO PEQUENO VALOR,37/2022,190,"Dispensa de licitação para contratação de empresa especializada em prestação de serviços técnicos para elaboração de projeto técnico que contemple os quesitos requeridos para licenciamento de aeroporto, junto à FEPAM.",Homologada
2022,20158,PRD DISPENSA EXCETO PEQUENO VALOR,38/2022,193,"Dispensa de licitação para aquisição de medicamento (Dipirona Sódica 500 mg/ml, solução injetável, AMP 2ml) destinado aos usuários do SUS.",Homologada
2022,20063,PREGÃO ELETRONICO,38/2022,98,Aquisição de equipamentos de tecnologia da informação e de equipamentos energéticos para a SMDS.,Homologada
2022,20163,PRD DISPENSA EXCETO PEQUENO VALOR,39/2022,198,Contratação de empresa especializada para manutenção técnica preventiva para equipamentos HORIBA YUMIZEN H500 e BIOCLIN 2000 PLUS,Homologada
2022,20064,PREGÃO ELETRONICO,39/2022,99,"Registro de preços de utensílios de cozinha, para atendimento das escolas municipais.",Homologada
2022,20177,PRD DISPENSA EXCETO PEQUENO VALOR,40/2022,212,"Contratação de empresa especializada para prestação de serviço de assessoria e elaboração de um Plano Integrado de Desenvolvimento, com identificação no âmbito nacional e internacional de empreendimentos com características similares.",Homologada
2022,20065,PREGÃO ELETRONICO,40/2022,100,Registro de preços de tubos em concreto.,Homologada
2022,20066,PREGÃO ELETRONICO,41/2022,101,"Registro de preços de premiações esportivas, com a finalidade de laurear os competidores nos campeonatos realizados pela Secretaria Municipal de Cultura, Turismo, Esporte e Lazer.",Homologada
2022,20179,PRD DISPENSA EXCETO PEQUENO VALOR,41/2022,214,Contratação de empresa especializada para elaboração e aplicação de Processo Seletivo e Concurso Público,Homologada
2022,20182,PRD DISPENSA EXCETO PEQUENO VALOR,42/2022,216,"Dispensa de Chamamento Público para celebração de termo de fomento para execução e manutenção de vagas e atendimentos educacional especial de alunos, crianças, adolescentes e jovens com deficiência intelectual e múltipla, em regime de mútua colaboração.",Homologada
2022,20074,PREGÃO ELETRONICO,42/2022,109,"Aquisição de notebook e data show, destinados as atividades do Conselho Municipal de Saúde.",Homologada
2022,20079,PREGÃO ELETRONICO,43/2022,114,Registro de preço de material de limpeza e produtos de higienização para uso nas dependências da Prefeitura Municipal e demais unidades subordinadas.,Homologada
2022,20222,PRD DISPENSA EXCETO PEQUENO VALOR,43/2022,224,"Dispensa de licitação para contratação de apresentações cênicas previstas para ocorrerem na 35ª edição da Feira do Livro de São Borja, no período de 03/11/2022 a 05/11/2022",Homologada
2022,20080,PREGÃO ELETRONICO,44/2022,115,Registro de preço de materiais laboratoriais para uso no Laboratório Municipal de Fronteira Geni Marques Pinto.,Homologada
2022,20229,PRD DISPENSA EXCETO PEQUENO VALOR,44/2022,231,"Contratação direta do Serviço Social do Comércio-SESC/RS, para apresentações cênicas na abertura da programação de natal de 2022 em São Borja/RS no dia 18/11/2022.",Homologada
2022,20230,PRD DISPENSA EXCETO PEQUENO VALOR,45/2022,232,Contratação de empresa para prestação de serviço de instalação de 16 (dezesseis) ares-condicionados destinados as novas unidades de estratégia de saúde da família.,Julgada
2022,20081,PREGÃO ELETRONICO,45/2022,116,"Registro de preço de materiais educativos, esportivos e de festividades destinados ao uso nas oficinas terapêuticas do CAPS I, CAPS AD, NASF, CER, ESFs e PIM - I.",Homologada
2022,20231,PRD DISPENSA EXCETO PEQUENO VALOR,46/2022,233,"Prestação de serviço na área da saúde, conforme descrito na tabela do CISMISÕES para serem realizados no atendimento à saúde de pacientes encaminhados pela Secretaria Municipal da Saúde.",Homologada
2022,20082,PREGÃO ELETRONICO,46/2022,117,"Registro de preço de materiais educativos, esportivos e de festividades destinados ao uso nas oficinas terapêuticas do CAPS I, CAPS AD, NASF, CER, ESFs e PIM - II.",Homologada
2022,20091,PREGÃO ELETRONICO,47/2022,126,"Registro de preço de computadores e notebooks, destinados às atividades da Secretaria Municipal de Fazenda e para a implantação do novo setor de cadastro municipal.",Homologada
2022,20239,PRD DISPENSA EXCETO PEQUENO VALOR,47/2022,241,"Contratação de empresa para fornecimento de toldo para uso na reforma da Farmácia Especializada, destinado aos usuários do Sistema Único de Saúde - Farmácia Básica Especializada.",Homologada
2022,20107,PREGÃO ELETRONICO,48/2022,142,"Aquisição de uma casa bota vermelha gigante, que será utilizada para decoração e nas festividades no Natal/2022, organizado pela Prefeitura Municipal e demais unidades subordinadas.",Homologada
2022,20240,PRD DISPENSA EXCETO PEQUENO VALOR,48/2022,242,"Contratação de empresa  para fornecimento de concreto usinado para uso na reforma da Farmácia Especializada, destinados aos usuários do Sistema Único de Saúde - Farmácia Especializada.",Homologada
2022,20108,PREGÃO ELETRONICO,49/2022,143,Registro de preços para contratação de empresa para prestação de serviços de manutenção em unidades desportivas e pintura de linhas demarcatórias com fornecimento de material.,Homologada
2022,20241,PRD DISPENSA EXCETO PEQUENO VALOR,49/2022,243,"Contratação do Serviço Social do Comércio - SESC, para apresentações cênica e musical no encerramento da programação de Natal de 2022, no dia 23/12/2022, na Praça Assis Brasil em cidade São Borja/RS.",Homologada
2022,20110,PREGÃO ELETRONICO,50/2022,145,"Registro de preço de massa asfáltica de Concreto Betuminoso Usinado a Quente (CBUQ), para aplicação a quente e emulsão asfáltica para pavimentação, a ser utilizada na recuperação (tapa buraco) das vias pavimentadas da cidade, asfaltamento de ruas calçadas com pedras ""tipo pé de moleque"" e recapeamento de vias asfaltadas preservando a pavimentação existente em boas condições para a circulação de veículos e pedestres, conforme DNIT 031/2006 - ES/DNER - ES 313/97.",Deserta
2022,20242,PRD DISPENSA EXCETO PEQUENO VALOR,50/2022,244,"Contratação de empresa para prestação de serviço e aquisição de peças destinadas a manutenção da Ambulância de Transporte de pacientes usuários do SUS, Placa IWC 5597 Vtr: 240 ano 2014/2015, chassis nº 93YMAF4MCFJ539454.",Homologada
2022,20112,PREGÃO ELETRONICO,51/2022,147,Registro de preço para transporte de pacientes do SUS.,Homologada
2022,20243,PRD DISPENSA EXCETO PEQUENO VALOR,51/2022,245,"Contratação de empresa para prestação de serviços e aquisição de peças destinadas a manutenção da camionete que transporta a equipe de combate as endemias e a dengue, e que, necessitem do veículo tipo PICA-Up para transporte de pneus coletados.",Homologada
2022,20247,PRD DISPENSA EXCETO PEQUENO VALOR,52/2022,249,"Dispensa de Chamamento Público para firmar Termo de Fomento com a Associação Liga Especial Carnavalesca e Cultura de São Borja/RS. Para a realização do Carnaval de Rua 2023 e desfile das Escolas de Samba, de acordo art. 2°, inciso III-A e III-B, da lei n° 13019/2014, conforme Solicitação de Compras 43927, Plano de Trabalho, Termo de Referência e Termo de Fomento n° 007/2022/CS.",Homologada
2022,20113,PREGÃO ELETRONICO,52/2022,148,"Registro de preço de medicamentos para usuários do Sistema Único de Saúde (SUS) da cidade de São Borja, a serem distribuídos nas Farmácias Básicas do município.",Homologada
2022,20114,PREGÃO ELETRONICO,53/2022,149,Registro de preço de material esportivo.,Homologada
2022,20249,PRD DISPENSA EXCETO PEQUENO VALOR,53/2022,251,"Contratação de empresa para prestação de serviços de manutenção preventiva e corretiva,  com fornecimento de peças de reposição pela contratada, para gabinetes odontológicos pertencentes a Secretaria Municipal de Saúde - SMS.",Homologada
2022,20115,PREGÃO ELETRONICO,54/2022,150,Registro de preço de equipamentos de informática para a Prefeitura Municipal de São Borja e suas unidades subordinadas.,Homologada
2022,20116,PREGÃO ELETRONICO,55/2022,151,"Aquisição de mobiliários e aparelhos domésticos, destinados as novas Estratégias de Saúde da Família - EFS.",Homologada
2022,20117,PREGÃO ELETRONICO,56/2022,152,"Registro de preço de materiais e equipamentos para decoração e festividades do  Natal 2022, organizados pela Prefeitura Municipal e demais unidades subordinadas.",Homologada
2022,20120,PREGÃO ELETRONICO,57/2022,155,Registro de preços de materiais elétricos pra manutenção da rede de iluminação pública da cidade.,Homologada
2022,20121,PREGÃO ELETRONICO,58/2022,156,"Aquisição de caminhão com cesto acoplado, para o setor de iluminação pública da SMIESUST.",Homologada
2022,20125,PREGÃO ELETRONICO,59/2022,160,"Registro de preços de gênero alimentício - pão de cachorro quente, a ser distribuídos nas Escolas Municipais de Ensino Fundamental - EMEF, Educação Infantil - EMEI e EJA.",Homologada
2022,20126,PREGÃO ELETRONICO,60/2022,161,"Contratação de empresa especializada na elaboração e execução de estudo arqueológico, objetivando a continuidade das obras do Centro de Atendimento ao Turista - CAT, na Praça XV de Novembro.",Homologada
2022,20127,PREGÃO ELETRONICO,61/2022,162,"Contratação de empresa para realizar o serviço de transporte escolar no âmbito do município, em duas linhas.",Homologada
2022,20128,PREGÃO ELETRONICO,62/2022,163,"Contratação de leitos/vagas para adultos do sexo masculino em comunidade terapêutica, para internação, atendimento e tratamento, objetivando a reabilitação dos dependentes químicos, visando a sua reintegração à família e a sociedade.",Homologada
2022,20130,PREGÃO ELETRONICO,63/2022,165,"Registro de preços de óculos simples, bifocal e multifocal, destinados aos usuários do SUS, assistidos pelo CEMAE São Francisco.",Anulada
2022,20131,PREGÃO ELETRONICO,64/2022,166,Aquisição de mobiliários hospitalares destinados ao uso nas unidades de Estratégia da Saúde da Família (ESF's).,Homologada
2022,20137,PREGÃO ELETRONICO,65/2022,172,"Registro de preços de veículo tipo van, para otimização dos serviços prestados pela Secretaria Municipal de Cultura, Turismo, Esporte e Lazer.",Homologada
2022,20141,PREGÃO ELETRONICO,66/2022,176,"Registro de preços para aluguel de kit de concentradores de oxigênio, destinados aos pacientes usuários do SUS, assistidos pela Secretaria Municipal de Saúde, portadores de insuficiência pulmonar que fazem acompanhamento domiciliar, postos de saúde, ambulâncias e Programa SAMU.",Homologada
2022,20143,PREGÃO ELETRONICO,67/2022,178,"Registro de preços de materiais de construção para uso em reparos, manutenção e restauração em vias públicas da cidade, calçamentos, construção de bocas de lobo e tampas em concreto.",Homologada
2022,20144,PREGÃO ELETRONICO,68/2022,179,"Registro de preços de equipamento hidráulico, máquina para produção de blocos de concreto.",Homologada
2022,20148,PREGÃO ELETRONICO,69/2022,183,Registro de preços de materiais e equipamentos ambulatoriais/hospitalares - IV,Homologada
2022,20152,PREGÃO ELETRONICO,70/2022,187,"Contratação de empresa especializada em manutenção preventiva e corretiva, bem como em serviços de instalação e desinstalação de aparelhos de ar-condicionado, para todas as escolas municipais, o Centro de Atendimento Multiplus (CAM) e a Secretaria Municipal de Educação",Em Andamento
2022,20159,PREGÃO ELETRONICO,71/2022,194,Aquisição de relógio ponto para a SMS,Homologada
2022,20160,PREGÃO ELETRONICO,72/2022,195,"Aquisicao de massa asfaltica de Concreto Betuminoso Usinado a Quente (CBUQ), para aplicacao a quente.",Homologada
2022,20161,PREGÃO ELETRONICO,73/2022,196,Registro de preços de medicamentos destinados aos usuários do Sistema Único de Saúde - SUS da Secretaria Municipal de Saúde.,Homologada
2022,20167,PREGÃO ELETRONICO,74/2022,202,"Registro de preço de suplemento alimentar, para serem dispensados aos pacientes usuários do SUS, cadastrados junto ao NASF,",Homologada
2022,20169,PREGÃO ELETRONICO,75/2022,204,"Aquisição  e instalação de Câmara Fria para resfriados e congelados, para o Departamento de Material.",Homologada
2022,20171,PREGÃO ELETRONICO,76/2022,206,"Registro de preço de material de expediente, educativo e esportivo - I, para as atividades desenvolvidas pela municipalidade",Homologada
2022,20173,PREGÃO ELETRONICO,77/2022,208,"Registro de preço para a aquisição de serviços gráficos destinados ao uso das Unidades de Saúde da Secretaria Municipal de Saúde, pelo período estimado de 12 meses.",Homologada
2022,20174,PREGÃO ELETRONICO,78/2022,209,"Aquisição de materiais para instalações do sistema de internet, destinados as ESF's Leonel Brizola, Pirahy e Maria do Carmo.",Homologada
2022,20175,PREGÃO ELETRONICO,79/2022,210,"Registro de preço de materiais odontológicos, destinados ao uso nos atendimentos das unidades odontológicas da Secretaria Municipal de Saúde (ESFs, CEO e LABORATÓRIO DE PRÓTESES",Homologada
2022,20178,PREGÃO ELETRONICO,80/2022,213,Aquisição de materiais destinados a reforma e manutenção do prédio do CAPS I,Homologada
2022,20183,PREGÃO ELETRONICO,81/2022,217,Registro de preço para aquisição de materiais de construção.,Homologada
2022,20220,PREGÃO ELETRONICO,82/2022,222,"Contratação de empresa para aquisição de uniformes diversos, destinados a agentes comunitários de saúde, agente de combate a endemias, fiscais da vigilância epidemiológica, médicos, enfermeiros, técnicos em enfermagem, agentes operacionais de saúde, higienizador, motoristas, estagiários e administrativo da Secretaria Municipal da Saúde.",Homologada
2022,20224,PREGÃO ELETRONICO,83/2022,226,"Aquisição de um (1) VEICULO NOVO, ZERO QUILOMETRO, para o Departamento de Trânsito do Municipio.",Homologada
2022,20227,PREGÃO ELETRONICO,84/2022,229,"Contratação de empresa para fornecimento de Sistema de Gestão do ISSQN, a ser hospedado na nuvem, na modalidade de Sistema como Serviço (SaaS)",Homologada
2022,20232,PREGÃO ELETRONICO,85/2022,234,Registro de Preços para aquisição de mobiliário,Homologada
2022,20233,PREGÃO ELETRONICO,86/2022,235,RP de Brinquedos para praças e escolas,Homologada
2022,20234,PREGÃO ELETRONICO,87/2022,236,"Aquisição de 23 registradores eletrônicos de ponto, no Processo de Pregão Eletrônico, tipo menor preço por ítem, destinados as Escolas Municipais de Educação Fundamental e Escolas de Educação Infantil da Secretaria de Educação",Homologada
2022,20236,PREGÃO ELETRONICO,88/2022,238,Registro de preços para aquisição de medicamentos destinados aos usuários do SUS,Homologada
2022,20238,PREGÃO ELETRONICO,89/2022,240,RP de material de limpeza e produtos de higienização.,Homologada
2022,20245,PREGÃO ELETRONICO,90/2022,247,"Registro de preço para a prestação de serviços de locação de veículos, para suporte de logística da Prefeitura Municipal de São Borja",Homologada
2022,20246,PREGÃO ELETRONICO,91/2022,248,Registro de preços para aquisição de aparelhos ares-condicionados para os servidores de todas as secretarias da Prefeitura Municipal de São Borja/RS.,Homologada
2022,20248,PREGÃO ELETRONICO,92/2022,250,"Registro de preços para contratação de empresa especializada em serviços de instalação e desinstalação de aparelhos ares-condicionados, com fornecimento de materiais, no andar térreo, até 04 (quatro) metros de altura - sem ponto elétrico, até 03 (três) metros de tubulação, às unidades pertencente as Secretarias Municipais.",Homologada
2023,20285,CHAMAMENTO PÚBLICO/CREDENCIAMENTO,1/2023,32,Credenciamento de Fonoaudiologia.,Homologada
2023,20286,CHAMADA PÚBLICA/PNAE,1/2023,33,"Chamada Pública é a aquisição de gêneros alimentícios diretamente da Agricultura Familiar e do Empreendedor Familiar Rural - Agroindústria, para o atendimento ao Programa Nacional de Alimentação Escolar-PNAE.",Homologada
2023,20316,TOMADA DE PREÇO,1/2023,63,"Contratação de empresa para construção de QUADRA POLIESPORTIVA, NA RUA OSCAR MARTINS, CONFORME CONVÊNIO Nº 910080/2021/MINISTÉRIO DO CIDADANIA/CAIXA.",Homologada
2023,20257,PRD DISPENSA EXCETO PEQUENO VALOR,1/2023,8,"Contratação do Serviço Social do COmércio - SESC/RS, para o ""56º Concurso\r\nde Músicas para o Carnaval - Aparício SIlva Rillo"".",Homologada
2023,20258,INEXIGIBILIDADE,1/2023,9,"Contratação de serviço de publicidade para divulgação dos projetos, programas, eventos, campanhas e notícias consideradas relevantes a população, relacionadas a administração municipal, as quais compreendem órgãos públicos municipais, Gabinete do Prefeito, informativo de eventos, assinatura de convênios e prestações de contas, quando da necessidade.",Homologada
2023,20250,PREGÃO PRESENCIAL,1/2023,1,Registro de preços de gêneros de alimentação para as dependências da Prefeitura Municipal de São Borja bem como suas unidades subordinadas.,Homologada
2023,20251,PREGÃO ELETRONICO,1/2023,2,Registro de preços para gêneros de alimentação para as dependências da Prefeitura Municipal de São Borja bem como suas unidades subordinadas.,Homologada
2023,20379,CHAMAMENTO PÚBLICO,1/2023,119,SELEÇÃO DE PROPOSTAS DE PATROCÍNIO PARA O EVENTO DIA DE CAMPO.,Em Andamento
2023,20259,INEXIGIBILIDADE,2/2023,10,"Contratação de serviço de publicidade para divulgação dos projetos, programas, eventos, campanhas e notícias consideradas relevantes a população, relacionadas a administração municipal, as quais compreendem órgãos públicos municipais, Gabinete do Prefeito, informativo de eventos, assinatura de convênios e prestações de contas, quando da necessidade.",Homologada
2023,20253,PREGÃO PRESENCIAL,2/2023,4,"Prestação de serviços de segurança privada, em especial, serviços de vigia e portaria para o evento Cais Folia 2023.",Fracassada
2023,20262,PRD DISPENSA EXCETO PEQUENO VALOR,2/2023,13,"Dispensa de Licitação para prestação de serviços de publicações legais em âmbito estadual, de editais de licitações, dispensas, inexigibilidades, extratos de contratos, editais de chamamentos públicos, entre outros, expedidos pelo Município de São Borja.",Homologada
2023,20287,CHAMADA PÚBLICA/PNAE,2/2023,34,"Chamada Pública é a aquisição de gêneros alimentícios diretamente da Agricultura Familiar e do Empreendedor Familiar Rural - Agroindústria, para o atendimento ao Programa Nacional de Alimentação Escolar-PNAE.",Homologada
2023,20252,PREGÃO ELETRONICO,2/2023,3,"Aquisição e instalação de aparelhos de academia de Ginástica ao Ar Livre, que será localizada na rua Itajaí n° 1157, anexa ao ESF 02 e a Praça General Vargas, no Município de São Borja/RS; em execução ao Convênio do Ministério da Cidadania n° 930741/2022, conforme especificado no termo de referência e no processo de compra nº 40333/2023.",Anulada
2023,20304,CHAMAMENTO PÚBLICO/CREDENCIAMENTO,2/2023,51,Credenciamento de laboratórios para realização de exames anatomopatológicos e citopatológicos,Homologada
2023,20351,TOMADA DE PREÇO,2/2023,96,"Contratação de empresa especializada no ramo de engenharia civil, para desenvolvimento de obras de melhorias na infraestrutura atual e na complementação de etapas do projeto urbanístico de implantação do PARQUE ESPORTIVO GENERAL VARGAS, CONVÊNIO SEL nº 221/2022 Programa Recuperação De Espaços Esportivos.",Homologada
2023,20371,TOMADA DE PREÇO,3/2023,111,"Contratação de empresa especializada no ramo de engenharia civil, para execução de pavimentação com pedras irregulares, na Avenida Salgado Filho, da Venâncio Aires até  Rua D. Pedro I, São Borja/RS. Conforme recurso oriundo do Contrato de Repasse nº 924996/2021/MDR/CAIXA",Homologada
2023,20260,PREGÃO PRESENCIAL,3/2023,11,"Contratação de empresa especializada na prestação de serviços de promoção de eventos, organização, execução e gestão do evento CAIS FOLIA/2023",Homologada
2023,20263,INEXIGIBILIDADE,3/2023,14,"Inexigibilidade de licitação para prestação de serviços de publicações legais em âmbito nacional, de editais de licitações, dispensas, inexigibilidades, extratos de contratos, editais de chamamentos públicos, entre outros, expedidos pelos Município de São Borja/RS.",Homologada
2023,20266,PRD DISPENSA EXCETO PEQUENO VALOR,3/2023,17,"I  Objeto: Dispensa de Licitação para aquisição de medicamentos para usuários do Sistema Único de Saúde\r\n(SUS) da cidade de São Borja a serem distribuídos nas Farmácias Básicas do município.\r\nII  Contratada: LIFE CENTER COMÉRCIO E DISTRIBUIDORA DE MEDICAMENTOS LTDA  Inscrita no CNPJ de n°\r\n21.227.039/0001-16.\r\nIII - Caracterização da Situação que Justifica a Dispensa: Com a realização da Dispensa de Licitação para\r\naquisição de medicamentos, poderá a administração adquiri-los com economicidade, transparência e legalidade,\r\nvisando o atendimento de pacientes usuários do SUS, assistidos pela Secretaria Municipal de Saúde, posto que os\r\nitens solcitados foram fracassados na última licitação realizada. Como a uma nova licitação está sendo encaminhada\r\nsob o Memo 32/2023  Protocolo 1602/2023, faz-se necessária a Dispensa de Licitação para que possamos\r\ndisponibilizar tais itens o mais rápido possível, tendo em vista que já estão em falta para distribuição à população,\r\nitens esses de extrema relevância, que não possui outros meios de serem obtidos no momento, pois a ata 2023 do\r\nconvênio intermediário GRANPAL, que seria outra forma para compra, ainda não foi homologada.\r\nIV - Justificativa do preço: Tendo em vista ainda preço equivalente ao valor de mercado e dentro da média\r\nLicitacon/RS, o valor será de: R$ 2.226,00 (dois mil, duzentos e vinte e seis reais).",Homologada
2023,20261,PREGÃO ELETRONICO,3/2023,12,"Registro de preço de medicamentos, destinados à distribuição na nas Farmácias Básicas do Município.",Homologada
2023,20335,CHAMAMENTO PÚBLICO/CREDENCIAMENTO,3/2023,80,"Chamamento Público visando o Credenciamento Médico para Realização de Consultas e Exames Complementares, visando o atendimento aos usuários do SUS.",Adjudicada
2023,20377,TOMADA DE PREÇO,4/2023,117,"Contratação de empresa especializada no ramo de engenharia civil, para execução de pavimentação com pedras irregulares, na Rua João Manoel entre travessa São Paulo e Travessa Sary Azambuja Amibilia, São Borja/RS. Conforme recurso oriundo do Contrato de Repasse nº 914191/2021/MDR/CAIXA",Homologada
2023,20264,INEXIGIBILIDADE,4/2023,15,"Contratação de empresa especializada para prestação de serviço de publicidade legal, com jornal de triagem semanal no âmbito do Município de São Borja-RS, pertinente a publicação de editais de licitações, contratos, prestação de contas e outros, pelo período de 12(doze) meses, consoante termo de referência que integra a presente.",Homologada
2023,20336,CHAMAMENTO PÚBLICO/CREDENCIAMENTO,4/2023,81,Credenciamento de profissionais pessoas físicas e ou pessoas jurídicas para a realização de exame especializado na área de cardiologia como o ecocardiografia trantorácia.,Homologada
2023,20265,PREGÃO ELETRONICO,4/2023,16,"Registro de preços de complementos alimentares (cestas básicas), destinadas para doação no exercício 2023/2024, junto aos Centros de Referência de Assistência Social (CRAS) na Secretaria Municipal do Desenvolvimento Social, conforme Lei do Sistema Único de Assistência Social  SUAS n° 5.507 de 16 de maio de 2019.",Homologada
2023,20273,PREGÃO PRESENCIAL,4/2023,22,"Objetiva a contratação de empresa especializada na prestação de serviços de locação de placas de cercamento/isolamento, grades de proteção e banheiros químicos para a realização do evento Carnaval de Rua 2023, com desfile das Escolas de Samba, a ser realizado na Rua Venâncio Aires, no dia 03 de março de 2023.",Homologada
2023,20268,PRD DISPENSA EXCETO PEQUENO VALOR,4/2023,18,"I  Objeto: Dispensa de Licitação para aquisição de medicamentos para usuários do Sistema Único de Saúde\r\n(SUS) da cidade de São Borja a serem distribuídos nas Farmácias Básicas do município.\r\nII  Contratada: INOVAMED HOSPITALAR LTDA  Inscrita no CNPJ de n° 12.889.035/0001-02.\r\nIII - Caracterização da Situação que Justifica a Dispensa: Com a realização da Dispensa de Licitação para\r\naquisição de medicamentos, poderá a administração adquiri-los com economicidade, transparência e legalidade,\r\nvisando o atendimento de pacientes usuários do SUS, assistidos pela Secretaria Municipal de Saúde, posto que os\r\nitens solcitados foram fracassados na última licitação realizada. Como a uma nova licitação está sendo encaminhada\r\nsob o Memo 32/2023  Protocolo 1602/2023, faz-se necessária a Dispensa de Licitação para que possamos\r\ndisponibilizar tais itens o mais rápido possível, tendo em vista que já estão em falta para distribuição à população,\r\nitens esses de extrema relevância, que não possui outros meios de serem obtidos no momento, pois a ata 2023 do\r\nconvênio intermediário GRANPAL, que seria outra forma para compra, ainda não foi homologada.\r\nIV - Justificativa do preço: Tendo em vista ainda preço equivalente ao valor de mercado e dentro da média\r\nLicitacon/RS, o valor será de: R$ 15.850,00 (quinze mil, oitocentos e cinquenta reais).",Homologada
2023,20347,CHAMAMENTO PÚBLICO/CREDENCIAMENTO,5/2023,92,"Chamamento Público visando o Credenciamento de  Empresa Especializada (Clínica veterinária) para realizar a esterilização cirúrgica (castração) de cães e gatos (fêmeas), de rua e/ou pertencentes a famílias em situação de vulnerabilidade social.",Homologada
2023,20269,PRD DISPENSA EXCETO PEQUENO VALOR,5/2023,19,"I  Objeto: Dispensa de Licitação para aquisição de medicamentos para usuários do Sistema Único de Saúde\r\n(SUS) da cidade de São Borja a serem distribuídos nas Farmácias Básicas do município.\r\nII  Contratada: DIMASTER COMERCIO DE PRODUTOS HOSPITALARES LTDA - Inscrita no CNPJ de n° 02.520.829/0001-\r\n40.\r\nIII - Caracterização da Situação que Justifica a Dispensa: Com a realização da Dispensa de Licitação para\r\naquisição de medicamentos, poderá a administração adquiri-los com economicidade, transparência e legalidade,\r\nvisando o atendimento de pacientes usuários do SUS, assistidos pela Secretaria Municipal de Saúde, posto que os\r\nitens solcitados foram fracassados na última licitação realizada. Como a uma nova licitação está sendo encaminhada\r\nsob o Memo 32/2023  Protocolo 1602/2023, faz-se necessária a Dispensa de Licitação para que possamos\r\ndisponibilizar tais itens o mais rápido possível, tendo em vista que já estão em falta para distribuição à população,\r\nitens esses de extrema relevância, que não possui outros meios de serem obtidos no momento, pois a ata 2023 do\r\nconvênio intermediário GRANPAL, que seria outra forma para compra, ainda não foi homologada.\r\nIV - Justificativa do preço: Tendo em vista ainda preço equivalente ao valor de mercado e dentro da média\r\nLicitacon/RS, o valor será de: R$ 6.183,00 (seis mil, cento e oitenta e três reais).",Homologada
2023,20274,PREGÃO ELETRONICO,5/2023,23,Aquisição de veículo cargo refrigerado para transportar itens da alimentação escolar.,Homologada
2023,20378,TOMADA DE PREÇO,5/2023,118,"Contratação de empresa especializada no ramo de engenharia civil, para execução de pavimentação com pedras irregulares, na Rua Cristovão Colombo entre Rua Almirante Tamandaré e Rua Castro Alves, São Borja/RS. Conforme recurso oriundo do Contrato de Repasse nº 945786/2021/MDR/CAIXA",Homologada
2023,20343,PREGÃO PRESENCIAL,5/2023,88,Registro de preço para gêneros alimentícios perecíveis - II,Homologada
2023,20270,INEXIGIBILIDADE,5/2023,20,"Publicidade em rádio, referente ao programa institucional do Município, denominado ""Bom dia, Cidade"", \r\npara divulgação dos projetos, programas, eventos, notícias e demais informações de interesse público, das segundas a sextas-feiras, por 10 (dez) minutos \r\ndiários, até dezembro/2023.",Homologada
2023,20426,PREGÃO PRESENCIAL,6/2023,165,"RP para para Gás Liquefeito de Petróleo, visando atender as necessidades de todas as Secretarias Municipais.",Homologada
2023,20277,INEXIGIBILIDADE,6/2023,26,"Contratação de Banda Show para o evento ""Cais Folia 2023"", a realizar-se nos dias 18, 19 e 20 de \r\nfevereiro de 2023, no Cais do Porto, em São Borja/RS",Homologada
2023,20275,PREGÃO ELETRONICO,6/2023,24,"Aquisição de bens permanentes (equipamentos, brinquedos e mobiliários) destinados à Associação de Pais e Amigos dos Excepcionais de São Borja por meio de Termo de Cessão de Uso e Cooperação",Homologada
2023,20368,CHAMAMENTO PÚBLICO/CREDENCIAMENTO,6/2023,108,"Chamamento Público visando o credenciamento de instituições financeiras e cooperativas de crédito com sede ou filial na cidade de São Borja, autorizadas pelo Banco Central do Brasil para funcionar como concessionárias de crédito para atender o Programa Juro Zero.",Homologada
2023,20272,PRD DISPENSA EXCETO PEQUENO VALOR,6/2023,21,"I  Objeto: Dispensa de Licitação para aquisição de medicamentos para usuários do Sistema Único de Saúde\r\n(SUS) da cidade de São Borja a serem distribuídos nas Farmácias Básicas do município.\r\nII\r\n Contratada: CENTERMEDI COMERCIO DE PRODUTOS HOSPITALARES LTDA - Inscrita no CNPJ de n°\r\n03.652.030/0001-70.\r\nIII - Caracterização da Situação que Justifica a Dispensa: Com a realização da Dispensa de Licitação para\r\naquisição de medicamentos, poderá a administração adquiri-los com economicidade, transparência e legalidade,\r\nvisando o atendimento de pacientes usuários do SUS, assistidos pela Secretaria Municipal de Saúde, posto que os\r\nitens solcitados foram fracassados na última licitação realizada. Como a uma nova licitação está sendo encaminhada\r\nsob o Memo 32/2023  Protocolo 1602/2023, faz-se necessária a Dispensa de Licitação para que possamos\r\ndisponibilizar tais itens o mais rápido possível, tendo em vista que já estão em falta para distribuição à população,\r\nitens esses de extrema relevância, que não possui outros meios de serem obtidos no momento, pois a ata 2023 do\r\nconvênio intermediário GRANPAL, que seria outra forma para compra, ainda não foi homologada.\r\nIV - Justificativa do preço: Tendo em vista ainda preço equivalente ao valor de mercado e dentro da média\r\nLicitacon/RS, o valor será de: R$ 9.010,00 (nove mil e dez reais).",Homologada
2023,20400,TOMADA DE PREÇO,6/2023,140,"Contratação de empresa especializada no ramo de engenharia civil, para construção da quadra de padel, na Praça Presidente João Goulart (Praça Tricentenário). Conforme recurso oriundo do Convênio nº 928252/2022/MINISTÉRIO DO ESPORTE/CAIXA",Homologada
2023,20381,CHAMAMENTO PÚBLICO/CREDENCIAMENTO,7/2023,121,"REDENCIAMENTO de profissionais pessoas jurídicas da área médica na especialidade de oftalmologia, para a realização de procedimentos cirúrgicos, cirurgia do aparelho de visão, a ser realizado na modalidade de atendimento ambulatorial hospitalar, nos termos da legislação pertinente e Lei n° 8.666/93.",Homologada
2023,20281,PRD DISPENSA EXCETO PEQUENO VALOR,7/2023,30,"Contratação emergencial de empresa especializada na prestação de serviços de segurança privada em\r\nespecial, serviços de vigia e portaraia para execução de tais serviços no evento Cais Folia.",Homologada
2023,20403,TOMADA DE PREÇO,7/2023,143,"Contratação de empresa especializada no ramo de engenharia civil, para construção de Abrigo Institucional para mulheres em situação de violência. Conforme recurso oriundo do Convênio nº 924278/2021/MINISTÉRIO DO CIDADANIA/CAIXA",Homologada
2023,20278,INEXIGIBILIDADE,7/2023,27,"Espaço em publicidade em jornal, com anúncio de 1/2 página, visando a divulgação de conteúdo elaborado pela Secretaria Municipal de Saúde, para levar informações de conscientização sobre as medidas de prevenção através da Vigilância em Saúde e ações de divulgação para promoção e prevenção em saúde.",Homologada
2023,20469,PREGÃO PRESENCIAL,7/2023,176,"Registro de preços de óculos simples, bifocal e multifocal destinados aos pacientes usuários do SUS, atendidos pelo Serviço Social da Secretaria Municipal de Saúde",Homologada
2023,20280,PREGÃO ELETRONICO,7/2023,29,Aquisição de materiais de construção para uso no cercamento do Aeroporto João Manoel,Homologada
2023,20284,PRD DISPENSA EXCETO PEQUENO VALOR,8/2023,31,"Aquisição de forma direta de reservatório de água potável, tipo taça metálica, com capicidade de 10.000\r\n(dez mil) litros.",Homologada
2023,20393,CHAMAMENTO PÚBLICO/CREDENCIAMENTO,8/2023,133,"/Credenciamento de Empresa para realização de mutirão para coleta de exames laboratoriais, considerando o aumento de demanda causado pela prevenção e tratamento de doenças.",Homologada
2023,20489,PREGÃO PRESENCIAL,8/2023,193,Registro de preço de água mineral para consumo nas dependências da Prefeitura de São Borja e demais unidades subordinadas,Homologada
2023,20405,TOMADA DE PREÇO,8/2023,145,"Contratação de empresa especializada no ramo de engenharia civil, para execução de pavimentação asfáltica (Recapeamento), na Rua Eddie Freire Nunes, trecho entre as Ruas Serafim Dornelles Vargas e Andradas, em São Borja, RS. Conforme recurso oriundo do Contrato de repasse nº 917097/2021/MDR/CAIXA",Em Andamento
2023,20279,INEXIGIBILIDADE,8/2023,28,"Espaço em publicidade em jornal, com anúncio de 1/2 página, visando a divulgação de conteúdo elaborado pela Secretaria Municipal de Saúde, para levar informações de conscientização sobre as medidas de prevenção através da Vigilância em Saúde e ações de divulgação para promoção e prevenção em saúde.",Homologada
2023,20296,PREGÃO ELETRONICO,8/2023,43,"Aquisição de utensílios domésticos e aparelhos eletrônicos destinados ao Centro Psicossocial Dr. Caio Escobar  CAPS I, pertencente a Secretaria Municipal de Saúde.",Homologada
2023,20406,TOMADA DE PREÇO,9/2023,146,"Contratação de empresa especializada no ramo de engenharia civil, para execução de pavimentação intercalados de concreto, na Rua Saldanha Marinho, trecho entre da Rua Alberto Benevenuto e Av. Beira Rio, em São Borja, RS. Conforme recurso oriundo do Contrato de repasse nº 917097/2021/MDR/CAIXA,",Homologada
2023,20288,INEXIGIBILIDADE,9/2023,35,Contratação de empresa prestadora do serviço de distribuição de água e esgoto para os diversos prédios do Município.,Homologada
2023,20292,PRD DISPENSA EXCETO PEQUENO VALOR,9/2023,39,"Aquisição de gêneros alimentícios (leite) destinados as EMEIS, as EMEFS e o EJA, para o período de 2 meses, visando suprir a necessidade nutricional dentro dos cardápios estabelecidos.",Homologada
2023,20300,PREGÃO ELETRONICO,9/2023,47,"Aquisição de dois veículos modelo furgão, devidamente transformado em Ambulância tipo A para simples remoção",Homologada
2023,20496,PREGÃO PRESENCIAL,9/2023,200,"Contratação de empresa especializada na prestação de serviços de promoção de eventos, organização, execução e gestão do evento CAIS FOLIA/2024",Homologada
2023,20396,CHAMAMENTO PÚBLICO/CREDENCIAMENTO,9/2023,136,"Credenciamento de laboratórios (pessoas jurídicas) para prestação de serviço de exames laboratoriais  (coleta e análise) oferecidos pelo SUS conforme nova tabela referência de exames São Borja, Decreto nº 20.059/2023 para fins de diagnóstico e prevenção em saúde.",Homologada
2023,20289,INEXIGIBILIDADE,10/2023,36,"Contratação de empresa para fornecimento de vale-transporte para os servidores públicos municipais, os alunos da rede pública e as unidades subordinadas.",Homologada
2023,20497,PREGÃO PRESENCIAL,10/2023,201,"Contratação de empresa especializada na prestação de serviços de segurança privada, em especial, serviços de vigia e portaria para execução de tais serviços nos eventos Cais Folia 2024 e Desfile de rua das escolas de samba de São Borja 2024",Homologada
2023,20293,PRD DISPENSA EXCETO PEQUENO VALOR,10/2023,40,"Contratação de empresa fornecedora de energia elétrica para os prédios públicos e semáforos, incluindo os pagamentos de taxa de administração.",Homologada
2023,20301,PREGÃO ELETRONICO,10/2023,48,"Registro de preço para aquisição de carga de oxigênio medicinal, destinados aos pacientes usuários do SUS",Fracassada
2023,20411,CHAMAMENTO PÚBLICO/CREDENCIAMENTO,10/2023,151,"Credenciamento de profissionais (pessoas jurídicas) para a realização de mutirão de exames com finalidade diagnóstica por ultrassonografia para pacientes do SUS, nos termos da legislação pertinente e Lei n° 8.666/93.",Homologada
2023,20491,TOMADA DE PREÇO,10/2023,195,"Contratação de empresa especializada no ramo de engenharia civil, para execução de pavimentação com blocos intertravados de concreto (paver), terraplanagem, passeios com acessibilidade e sinalização viária na Rua Gal. Hipólito, no trecho entre a Rua Venâncio Aires e Rua Marechal Cândido Rondon, totalizando uma área de 810,00m² em São Borja, RS",Homologada
2023,20492,TOMADA DE PREÇO,11/2023,196,"Contratação de empresa especializada no ramo de engenharia civil, para execução de pavimentação com blocos intertravados de concreto (paver), terraplanagem, passeios com acessibilidade e sinalização viária na Rua Curupaiti, no trecho entre as Ruas Venâncio Aires e Rua Nicarágua, totalizando uma área de 2.541,60m² em São Borja, RS",Homologada
2023,20294,PRD DISPENSA EXCETO PEQUENO VALOR,11/2023,41,"Aquisição de gêneros alimentícios destinados as EMEFS, EMEIS e o EJA.",Homologada
2023,20302,PREGÃO ELETRONICO,11/2023,49,Contratação de empresa para fornecimento de Sistema de Gerenciamento das Receitas de Transferência do ICMS.,Homologada
2023,20487,CHAMAMENTO PÚBLICO/CREDENCIAMENTO,11/2023,191,Chamamento Público visando o Credenciamento de profissionais pessoas físicas ou jurídicas para Consultas de Atendimento Médico Especializado em Pediatria e Ginecologia/obstetrícia.,Julgada
2023,20290,INEXIGIBILIDADE,11/2023,37,Contratação de empresa prestadora de serviço de telefonia fixa para o município de São Borja/RS.,Homologada
2023,20295,PRD DISPENSA EXCETO PEQUENO VALOR,12/2023,42,"Contratação direta do Serviço Social do Comércio-SESC/RS, para prestação de serviços técnicos com utilização do 2º Seminário Internacional SESC de Educação 2023.",Homologada
2023,20305,INEXIGIBILIDADE,12/2023,52,"Contratação de empresa especializada para prestação de serviços de revisão e adequação parcial do Decreto 18.744/2020, assim como a realização de reunião virtual e presencial, com a finalidade de orientar a equipe do SIM.",Homologada
2023,20318,INEXIGIBILIDADE,13/2023,65,Autorização de repasse de recurso federal à entidade filantrópica Ivan Goulart.,Homologada
2023,20314,PREGÃO ELETRONICO,13/2023,61,"Contratação de empresa especializada para aquisição e instalação de divisórias de vidros, no 6º pavimento do prédio administrativo Salvador Lionço P. Alvarez",Homologada
2023,20297,PRD DISPENSA EXCETO PEQUENO VALOR,13/2023,44,"Dispensa de Chamamento Público para firmar Termo de Fomento entre o Município de São Borja e a Associação dos Pais e Amigos dos Excepcionais - APAE São Borja/RS, cuja finalidade é executar o projeto ""saúde e bem-estar por meio do brincar"". De acordo art. 30, inciso VI, da lei n° 13.019/2014, conforme solicitação de compras n° 44474, termo de referência e termo de fomento n° 003/2023/CS.",Homologada
2023,20319,INEXIGIBILIDADE,14/2023,66,Autorização de repasse federal para a Associação dos Pais e Amigos dos Excepcionais - APAE.,Homologada
2023,20315,PREGÃO ELETRONICO,14/2023,62,"Aquisição e instalação de aparelhos de academia de Ginástica ao Ar Livre, que será localizada na rua Itajaí n° 1157, anexa ao ESF 02 e a Praça General Vargas, no Município de São Borja/RS; em execução ao Convênio do Ministério da Cidadania n° 930741/2022",Homologada
2023,20299,PRD DISPENSA EXCETO PEQUENO VALOR,14/2023,46,"Dispensa de Chamamento Público para firmar Termo de Fomento entre o Município de São Borja e a Associação dos Pais e Amigos dos Excepcionais - APAE São Borja/RS, cuja finalidade é executar o projeto ""saúde e bem-estar por meio do brincar"". De acordo art. 30, inciso VI, da lei n° 13.019/2014, conforme solicitação de compras n° 44471, termo de referência e termo de fomento n° 001/2023/CS.",Homologada
2023,20317,PREGÃO ELETRONICO,15/2023,64,Registro de preços para aquisição de baterias novas para os veículos da frota da municipalidade.,Homologada
2023,20303,PRD DISPENSA EXCETO PEQUENO VALOR,15/2023,50,"Contratação direta do Serviço Nacional de Aprendizagem Industrial (SENAI), para execução de cursos profissionalizantes que atendem às necessidades apontadas pelo ""Projeto Capacitar"". As quais incluem materiais, mão de obra, instrutores e demais despesas para a realização do curso.",Homologada
2023,20307,PRD DISPENSA EXCETO PEQUENO VALOR,16/2023,54,"Contratação direta do Serviço Social do Comércio-SESC/RS para apresentações teatrais na abertura da programação de Páscoa, no dia 25/03/2023, em São Borja.",Homologada
2023,20326,INEXIGIBILIDADE,16/2023,71,"Contratação da Empresa Planalto Transportes Ltda para fornecimento de passagens rodoviárias, com seguro, para as cidades de Santa Maria e Porto Alegre, destinada a usuários do SUS, que necessitam de tratamento fora do Município.",Homologada
2023,20328,PREGÃO ELETRONICO,16/2023,73,Registro de preços para aquisição de aparelhos ares-condicionados 18.000 BTUs para todas as secretarias da Prefeitura Municipal de São Borja,Homologada
2023,20329,PREGÃO ELETRONICO,17/2023,74,Registro de preços para aquisição de combustíveis para as viaturas da frota municipal.,Homologada
2023,20327,INEXIGIBILIDADE,17/2023,72,"Contratação de empresa do ramo de engenharia para a elaboração de termo de referência, de planilha orçamentária, de cronograma físico-financeiro e dos demais documentos inerentes ao processo licitatório para contratação de empresa construtora das obras de execução do Museu Panorâmico e do Monumento da Cruz Missioneira, localizado na futura Avenida Beira Rio, no bairro do Passo, em São Borja/RS.",Homologada
2023,20308,PRD DISPENSA EXCETO PEQUENO VALOR,17/2023,55,Contratação direta do Serviço Nacional de Aprendizagem Comercial (SENAC) para a execução de cursos profissionalizantes que atendem as necessidades apontadas pelo Projeto Capacitar.,Homologada
2023,20334,INEXIGIBILIDADE,18/2023,79,"Prestação de serviços de correspondências, encomendas, marketing, conveniência, internacional exporta fácil, documento internacional, telegrama internacional, mala M e outros serviços como V-post e o PAC, melhor descritas no termo de referência e nos demais documentos que integram o processo de inexigibilidade.",Homologada
2023,20310,PRD DISPENSA EXCETO PEQUENO VALOR,18/2023,57,Contratação direta da Instituição Renascer Espaço Terapêutico para acolhimento de pessoa  portadora de deficiência.,Homologada
2023,20330,PREGÃO ELETRONICO,18/2023,75,"Registro de preços para aquisição de material de expediente, educativo e esportivo para as atividades desenvolvidas pela municipalidade",Homologada
2023,20352,INEXIGIBILIDADE,19/2023,97,"Contratação de peça teatral para discutir temáticas intrínsecas a sociedade com alcance social e cultura, sobre forma de prevenção e superação de situações de violência e violação de direitos.",Homologada
2023,20312,PRD DISPENSA EXCETO PEQUENO VALOR,19/2023,59,"Dispensa de Chamamento Público para firmar Termo de Fomento entre o Município de São Borja e a Associação de Literatura e Beneficência - Centro de Formação Tereza Verzeri, com o objetivo de executar o projeto ""Ilumina CFTV - A Captação da Energia através da radiação solar"", cuja finalidade é o provimento da demanda de atendimento educacional especial de alunos com deficiência intelectual e múltiplas. De acordo art. 30, inciso VI, da lei n° 13.019/2014, conforme solicitação de compras n° 44485, termo de referência e termo de fomento n° 004/2023/CS.",Homologada
2023,20332,PREGÃO ELETRONICO,19/2023,77,"Registro de preços para aquisição de materiais para pintura na sinalização de trânsito de vias públicas do município, e demais serviços específicos na área de trânsito.",Homologada
2023,20313,PRD DISPENSA EXCETO PEQUENO VALOR,20/2023,60,"Dispensa de Chamamento Público para firmar Termo de Fomento entre o Município de São Borja e a Associação de Literatura e Beneficência - Centro de Formação Tereza Verzeri, com o objetivo de executar o projeto ""Mãos na Massa II Edição"", cuja finalidade é o provimento da demanda de atendimento educacional especial de alunos com deficiência intelectual e múltiplas. De acordo art. 30, inciso VI, da lei n° 13.019/2014, conforme solicitação de compras n° 44486, termo de referência e termo de fomento n° 002/2023/CS.",Homologada
2023,20358,INEXIGIBILIDADE,20/2023,103,"Contratação do show artístico musical da banda Claus & Vanessa, para celebrar o evento ""Arraial no Parcão"", que será realizado no dia 24 de junho de 2023.",Homologada
2023,20333,PREGÃO ELETRONICO,20/2023,78,Aquisição de bens permanentes (equipamentos e mobiliário) destinados ao projeto governamental Centro dia para Idosos,Homologada
2023,20337,PREGÃO ELETRONICO,21/2023,82,"Registro de preços para contratação de empresa para prestação de serviços gráficos e confecção de materiais gráficos, destinados ao uso de todas as Secretarias da Prefeitura Municipal de São Borja.",Anulada
2023,20366,INEXIGIBILIDADE,21/2023,106,"Espaço de publicidade em rádio com spots de 30 segundos visando a divulgação de conteúdo elaborado pela Secretaria Municipal da Saúde, de modo a levar informações de conscientização sobre as medidas de prevenção através da Vigilância em Saúde e ações de divulgação para promoção e prevenção em saúde. 268 inserções em dois meses.",Homologada
2023,20320,PRD DISPENSA EXCETO PEQUENO VALOR,21/2023,67,"Contratação direta do Serviço Brasileiro de Apoio às Micro e Pequenas Empresas (SEBRAE), para execução de cursos profissionalizantes que atendem às necessidades apontadas pelo Projeto Capacitar.",Homologada
2023,20367,INEXIGIBILIDADE,22/2023,107,"Espaço de publicidade em rádio com spots de 30 segundos visando a divulgação de conteúdo elaborado pela Secretaria Municipal da Saúde, de modo a levar informações de conscientização sobre as medidas de prevenção através da Vigilância em Saúde e ações de divulgação para promoção e prevenção em saúde. 268 inserções em dois meses.",Homologada
2023,20322,PRD DISPENSA EXCETO PEQUENO VALOR,22/2023,69,"Aquisição de gêneros alimentícios destinados à Casa de Acolhida, ao Centro do Idoso, ao Albergue Municipal, ao Restaurante Popular e aos Grupos de Convivência.",Homologada
2023,20339,PREGÃO ELETRONICO,22/2023,84,Registro de preços para contratação de empresa para prestação de serviços de sonorização destinado a todas as Secretarias Municipais.,Homologada
2023,20385,INEXIGIBILIDADE,23/2023,125,"Contratação de serviço de atendimentos de saúde destinado ao acompanhamento, avaliação, estimulação e orientação relacionados ao neurodesenvolvimento por meio da utilização de recursos físicos, comportamentais e práticas integrativas, com o objetivo de visar a aquisição de habilidades e desenvolvimento de funções cognitivas, motoras, sensoriais e executivas para a inclusão social do paciente.",Homologada
2023,20331,PRD DISPENSA EXCETO PEQUENO VALOR,23/2023,76,"Contratação de empresa para fornecimento de Cloud Computing (computação em nuvem), melhor descritas no termo de referência e demais documentos que integram o devido processo de dispensa.",Homologada
2023,20340,PREGÃO ELETRONICO,23/2023,85,Aquisição de cortinas persianas para as novas instalações da SAD e da SMDEID no 6º andar do Centro Administrativo Salvador Lionço Pereira Álvarez.,Homologada
2023,20341,PREGÃO ELETRONICO,24/2023,86,"Contratação de empresa especializada no ramo de prestação de serviços funerários com fornecimento de ataúdes, translados e demais serviços oriundos dessa natureza concedido a pessoas em situação de Vulnerabilidade Social.",Homologada
2023,20338,PRD DISPENSA EXCETO PEQUENO VALOR,24/2023,83,"Contratação de empresa para prestação de serviços de transporte escolar de alunos, na linha Rincão de Santana.",Homologada
2023,20390,INEXIGIBILIDADE,24/2023,130,"Contratação da empresa 644 Produções e Eventos LTDA, responsável pelo show musical com o Grupo Matizes que ocorrerá no evento Dias de Campo no dia 06/08/2023, em São Borja (RS).",Homologada
2023,20342,PREGÃO ELETRONICO,25/2023,87,"Registro de preços para aquisição de cadeiras novas para as dependências da Prefeitura Municipal de São Borja, bem como suas unidades subordinadas; conforme especificações detalhadas no termo de referência e no processo de compra nº 42011/2023.",Homologada
2023,20350,PRD DISPENSA EXCETO PEQUENO VALOR,25/2023,95,"Contratação direta do Serviço Nacional de Aprendizagem Comercial - SENAC/RS, para realização de curso profissional para jovens em situação de vulnerabilidade social cadastrados no CADÚNICO, por meio dos Centro de Referência em Assistência Social (CRAS).",Homologada
2023,20395,INEXIGIBILIDADE,25/2023,135,"Contratação de empresa para o desenvolvimento de novas funcionalidades, que compreende o diagnóstico, a análise de dados, a configuração e a parametrização, a fim de implementar a customização e o desenvolvimento de novas funcionalidades do projeto de integração e conversão de dados entre o sistema GIF (INFISC) e o Sistema de Gestão do Município (E-cidade).",Homologada
2023,20398,INEXIGIBILIDADE,26/2023,138,"Contratação de empresa especializada no fornecimento de atualização e assinatura de ferramenta de Software especializado para projeto estrutural de edificações em concreto armado e protendido, concreto pré-moldado, alvenaria estrutural e estruturas mistas. Maiores detalhes estão no Termo de Referência e demais documentos que integram o devido processo de Inexigibilidade.",Homologada
2023,20344,PREGÃO ELETRONICO,26/2023,89,"Registro de preço para a aquisição de carga de oxigênio medicinal, destinados aos pacientes usuários do SUS, assistidos pela Secretaria Municipal da Saúde, portadores de insuficiência pulmonar que fazem acompanhamento domiciliar, postos de saúde, ambulâncias e Programa SAMU",Homologada
2023,20353,PRD DISPENSA EXCETO PEQUENO VALOR,26/2023,98,"Locação de imóvel localizado na Rua Eddie Freire Nunes, n° 2100, Centro, com destinação ao atendimento das necessidades precípuas da administração, destinado ao centro de Atividade Multidisciplinar - CAM do Departamento Pedagógico da Secretaria Municipal de Educação.",Homologada
2023,20355,PRD DISPENSA EXCETO PEQUENO VALOR,27/2023,100,"Contratação direta do Serviço Nacional de Aprendizagem Comercial SENAC/RS, para aplicação de cursos profissionalizantes em diversas áreas, visando a inserção de profissionais no mercado de trabalho como forma de promoção social e cidadania.",Homologada
2023,20345,PREGÃO ELETRONICO,27/2023,90,Contratação de empresa para prestação de serviços referentes ao tratamento de água de 15 (quinze) poços artesianos (soluções alternativas coletivas) e limpeza dos reservatórios .,Homologada
2023,20399,INEXIGIBILIDADE,27/2023,139,Contratação de empresa especializada no fornecimento de assinatura de ferramenta de pesquisa e comparação de preços praticados pela Administração Pública. Maiores detalhes estão no Termo de Referência e demais documentos que integram o devido processo de Inexigibilidade.,Homologada
2023,20407,INEXIGIBILIDADE,28/2023,147,"Contratação de show artístico musical de Cassia Abreu, no evento ""Semana Farroupilha na Praça XV.""",Homologada
2023,20346,PREGÃO ELETRONICO,28/2023,91,Registro de preço para aquisição de gêneros de alimentação,Homologada
2023,20356,PRD DISPENSA EXCETO PEQUENO VALOR,28/2023,101,"Termo de Fomento celebrado entre o Município de São Borja e a Associação dos Pais e Amigos dos Excepcionais - APAE, com a finalidade de executar o Projeto ""Construção da Casa do Autista"", com recursos oriundos de Emenda Parlamentar através do Programa 09032022 e do Plano de Ação 09032022-018344 do Ministério da Economia.",Homologada
2023,20348,PREGÃO ELETRONICO,29/2023,93,"Registro de preços de fraldas infantis e geriátricas destinadas aos usuários do Sistema Único de Saúde - SUS cadastrados exclusivamente no Sistema de Gerenciamento dos usuários com Deficiência - GUD, através do NASF.",Homologada
2023,20408,INEXIGIBILIDADE,29/2023,148,"Contratação da empresa Claudiomiro Nardes Medeiros, responsável pelo show artístico musical de Thierry Monzon Robalo, no evento Semana Farroupilha na Praça XV.",Homologada
2023,20360,PRD DISPENSA EXCETO PEQUENO VALOR,29/2023,105,Contratação direta do Serviço Brasileiro às Micro e Pequenas Empresas (SEBRAE) para a execução de prestação de serviços de consultoria e cursos para o Município.,Homologada
2023,20349,PREGÃO ELETRONICO,30/2023,94,Registro de preço de materiais laboratoriais para uso no Laboratório Municipal de Fronteira de São Borja,Homologada
2023,20410,INEXIGIBILIDADE,30/2023,150,"Contratação da empresa Claudimiro Nardes Medeiros, responsável pelo show artístico musical de Matheus Pimentel Nunes, no evento ""Semana Farroupilha na Praça XV"".",Homologada
2023,20373,PRD DISPENSA EXCETO PEQUENO VALOR,30/2023,113,"Termo de colaboração entre o Município de São Borja e o Asilo São Vicente de Paula, a fim de executar o Projeto ""Assistência ao Idoso.""",Homologada
2023,20374,PRD DISPENSA EXCETO PEQUENO VALOR,31/2023,114,"Termo de colaboração entre o Município de São Borja e a Associação dos Pais e Amigos dos Excepcionais - APAE, a fim de executar o projeto ""Saúde de Qualidade.""",Homologada
2023,20419,INEXIGIBILIDADE,31/2023,158,Contratação da Fundação Ivan Goulart para realização de mutirão de exames de tomografia e ressonância a serem realizados no período de 90 dias. A fim de atender a demanda de pacientes que aguardam por estes exames para tratamento de doenças e para realização de cirurgias. Melhores descritos no Termo de Referência e demais documentos que integram o processo de Inexigibilidade.,Homologada
2023,20357,PREGÃO ELETRONICO,31/2023,102,"Registro de preços para contratação de empresa para serviços de arbitragem de jogos oficiais para a realização do Campeonato de Futebol Amador de São Borja, Jogos da Primavera/Jogos de Verão e demais eventos esportivos.",Homologada
2023,20386,PRD DISPENSA EXCETO PEQUENO VALOR,32/2023,126,"Termo de colaboração, com dispensa de Chamamento Público, firmado entre a Associação dos Colaboradores de Proteção de animais de São Borja e o Munícipio de São Borja; com base legal no inciso VI, do art. 30, da lei 13.019/2014.",Homologada
2023,20359,PREGÃO ELETRONICO,32/2023,104,Registro de preços para aquisição de equipamentos de proteção individual  EPIs e uniformes de serviço.,Homologada
2023,20427,INEXIGIBILIDADE,32/2023,166,"Contratação de empresa especializada para manutenção da VTR 247  Motoniveladora XCMG, modelo GR 180 BR, ano 2014, com fornecimento de peças e prestação de serviços técnicos, a fim de restabelecer as condições de funcionalidade do referido equipamento, conforme laudo técnico nº 531/2023.",Homologada
2023,20389,PRD DISPENSA EXCETO PEQUENO VALOR,33/2023,129,"Contratação direta do Serviço Social do Comércio - SESC/RS, para apresentação de Show musical por Os Chacreiros no evento Dias de Campo, que ocorrerá no dia 04/08/2023, no horário das 22h às 23h em São Borja.",Homologada
2023,20465,INEXIGIBILIDADE,33/2023,172,"Contratação direta do Serviço Social do Comércio/SESC-RS, em mútua colaboração para apresentações artísticas e literárias na 36º edição da Feira do livro de São Borja. As apresentações ocorrerão no período de 09/11/2023 a 11/11/2023 em formato presencial.",Homologada
2023,20372,PREGÃO ELETRONICO,33/2023,112,Aquisição de veículo destinado ao transporte das crianças e adolescentes residentes na Casa de Acolhida.,Homologada
2023,20486,INEXIGIBILIDADE,34/2023,190,"Contratação direta do Serviço Social do Comércio-SESC-RS, em mútua colaboração para apresentação teatral da peça expresso do Noel  Uma Viagem encantada, pelo Grupo Aldeia Teatral, na abertura da programação de natal de 2023 em São Borja/RS, que será realizado no dia 12/12/2023 na praça XV de Novembro.",Homologada
2023,20391,PRD DISPENSA EXCETO PEQUENO VALOR,34/2023,131,"Dispensa emergencial de licitação para aquisição de medicamentos destinados aos usuários do Sistema Único de Saúde (SUS), a serem distribuídos nas farmácias básicas do município de São Borja.",Homologada
2023,20375,PREGÃO ELETRONICO,34/2023,115,Registro de preços para aquisição de medicamentos destinados a distribuição aos pacientes usuários do Sistema Único de Saúde (SUS),Homologada
2023,20392,PRD DISPENSA EXCETO PEQUENO VALOR,35/2023,132,"Dispensa emergencial de licitação para aquisição de medicamentos destinados aos usuários do Sistema Único de Saúde (SUS), a serem distribuídos nas farmácias básicas do município de São Borja",Homologada
2023,20376,PREGÃO ELETRONICO,35/2023,116,Aquisição de equipamentos médico/hospitalares para uso nas unidades de pronto atendimento e ambulâncias municipais,Homologada
2023,20430,INEXIGIBILIDADE,35/2023,169,"Contratação da empresa Lucimaura Souza Rodrigues para prestar assessoria e consultoria técnica para execução dos benefícios da Lei Complementar nº 195/2022, instituída Lei Paulo Gustavo.",Homologada
2023,20380,PREGÃO ELETRONICO,36/2023,120,"Contratação de empresa especializada para manutenção da VTR 156 motoniveladora, marca Case, modelo 845 B, ano 2007, com fornecimento de peças e prestação de serviços (mão de obra mecânica).",Homologada
2023,20401,PRD DISPENSA EXCETO PEQUENO VALOR,36/2023,141,"Termo de colaboração celebrado entre o Município de São Borja e a Associação de Pais e Amigos dos Excepcionais - APAE com o objetivo de executar e manter vagas e atendimentos educacionais especiais de alunos, crianças, adolescentes e jovens com deficiência intelectual e múltipla. Melhor descritos no memo n° 367/CS/2023, e no Termo de Colaboração n° 013/2023/CS.",Homologada
2023,20468,INEXIGIBILIDADE,36/2023,175,"O objeto da presente inexigibilidade de licitação é a contratação da empresa Rossini Rodrigues para construção de estátua de um casal fandangueiro, composto pelo peão com aproximadamente 3 metros, e pela prenda com aproximadamente 2,90 metros.",Homologada
2023,20382,PREGÃO ELETRONICO,37/2023,122,Registro de preço de materiais médico hospitalar e ambulatorial destinados a todas as unidades de saúde da Secretaria Municipal da Saúde  SMS,Homologada
2023,20402,PRD DISPENSA EXCETO PEQUENO VALOR,37/2023,142,"Contratação direta do Serviço Social do Comércio-SESC-RS, em mútua colaboração para apresentação de show musical pelo grupo Garotos de Ouro no evento Baile de Ramada, que tem previsão de ocorrer no dia 03/09/2023, aproximadamente entre as 18h30min e 21h30min, em São Borja/RS.",Homologada
2023,20493,INEXIGIBILIDADE,37/2023,197,Contratação da empresa para destinação final de RSU (resíduos sólidos urbanos) em aterro sanitário devidamente licenciado por órgão ambiental.,Homologada
2023,20383,PREGÃO ELETRONICO,38/2023,123,Aquisição de bens permanentes (mobiliários) destinados à Associação de Pais e Amigos dos Excepcionais de São Borja,Homologada
2023,20404,PRD DISPENSA EXCETO PEQUENO VALOR,38/2023,144,"Trata-se da prestação de serviços na área da saúde, conforme descrito na tabela do consórcio CISMISSÕES para serem utilizados no atendimento a saúde de pacientes encaminhados pela Secretaria Municipal da Saúde.",Homologada
2023,20499,INEXIGIBILIDADE,38/2023,1,Contratação de empresa prestadora do serviço de telefonia fixa para o município no ano de 2024.,Homologada
2023,20500,INEXIGIBILIDADE,39/2023,203,"Contratação do serviço de publicidade para divulgação dos projetos, programas, eventos, campanhas e notícias consideradas relevantes à população, relacionadas a administração municipal, compreendendo órgãos públicos municipais, Gabinete do Prefeito, informativos de eventos, assinaturas de convênios e prestações de contas, quando da necessidade para o ano de 2024.",Homologada
2023,20384,PREGÃO ELETRONICO,39/2023,124,Aquisição de equipamento médico/hospitalar (espirômetro) para uso na unidade de pronto atendimento e para os pacientes que utilizam oxigênio medicinal residencial,Homologada
2023,20414,PRD DISPENSA EXCETO PEQUENO VALOR,39/2023,154,"Termo de colaboração firmado entre o município de São Borja e APAE São Borja com a finalidade de executar o projeto ""Oferta das Ações e Serviços Socioassistenciais""",Homologada
2023,20387,PREGÃO ELETRONICO,40/2023,127,"Registro de preços para aluguéis de concentradores de oxigênio, destinados aos pacientes usuários do SUS, assistidos pela Secretaria Municipal da Saúde, portadores de insuficiência pulmonar que fazem acompanhamento domiciliar, postos de saúde, ambulâncias e Programa SAMU",Homologada
2023,20502,INEXIGIBILIDADE,40/2023,204,"Contratação do serviço de publicidade institucional para divulgação dos projetos, programas, eventos, campanhas e notícias consideradas relevantes à população, relacionadas a administração municipal, compreendendo órgãos públicos municipais, Gabinete do Prefeito, informativos de eventos, assinaturas de convênios e prestações de contas, quando da necessidade, para o ano 2024.",Homologada
2023,20413,PRD DISPENSA EXCETO PEQUENO VALOR,40/2023,153,"Contratação de empresa para a realização de conserto e manutenção de veículo Fiat Cronos, placa JBS 1l71, VTR 337, que sofreu acidente conforme certidão n° 10401.",Homologada
2023,20388,PREGÃO ELETRONICO,41/2023,128,"Registro de preços para contratação de empresa para locação de máquinas, com equipamentos, operadores de máquinas, motoristas, manutenção, filtros, lubrificantes e combustível",Homologada
2023,20420,PRD DISPENSA EXCETO PEQUENO VALOR,41/2023,159,"Locação de imóvel localizado na Rua Deputado Olinto Arami Silva, nº 88, Centro, destinado a instalação da Central de Veículos da Secretaria Municipal de Saúde. Melhor descrito no Termo de Referência e demais documentos que integram o devido processo de Dispensa.",Homologada
2023,20503,INEXIGIBILIDADE,41/2023,205,"Publicidade em rádio AM 1260, referente ao Programa institucional do Município para divulgação dos projetos, programas, eventos, notícias e demais informações de interesse público, de segunda a sexta-feira, por 10 (dez) minutos diários, de janeiro a dezembro de 2024.",Homologada
2023,20464,PRD DISPENSA EXCETO PEQUENO VALOR,42/2023,171,"Contratação do Serviço Nacional de Aprendizagem Comercial - SENAC/RS para ministrar curso de capacitação de boas práticas nas áreas de educação e saúde aos monitores da Casa de Acolhida, para turma única de 30 (trinta) servidores com carga horária total de 30 (trinta) horas.",Homologada
2023,20504,INEXIGIBILIDADE,42/2023,206,Contratação de empresa prestadora do serviço de distribuição de água e esgoto para os diversos prédios do Município para o ano de 2024.,Homologada
2023,20394,PREGÃO ELETRONICO,42/2023,134,"Registro de preços de óleos, lubrificantes e graxas para manutenção das VTRs da frota municipal",Homologada
2023,20505,INEXIGIBILIDADE,43/2023,207,"Contratação de empresa para fornecimento de Vale-Transporte para os servidores públicos municipais, alunos da rede pública e nas unidades subordinadas para o ano de 2024.",Homologada
2023,20467,PRD DISPENSA EXCETO PEQUENO VALOR,43/2023,174,"Aquisição de massa asfáltica usinada à quente (CBUQ) para aplicação a frio, a ser fornecida em sacos de 25Kg, destinado à manutenção (tapa-buraco) de vias pavimentadas na cidade.",Homologada
2023,20397,PREGÃO ELETRONICO,43/2023,137,Registro de preço de materiais laboratoriais para uso no Laboratório Municipal de Fronteira de São Borja,Homologada
2023,20506,INEXIGIBILIDADE,44/2023,208,"Contratação de empresa especializada para prestação de serviços de publicidade legal, com jornal de tiragem semanal no âmbito do Município de São Borja-RS, pertinente a publicação de editais de licitações, contratos, prestação de contas e outros, pelo período de janeiro a dezembro de 2024.",Homologada
2023,20475,PRD DISPENSA EXCETO PEQUENO VALOR,44/2023,180,"Formalização de termo de fomento conforme Decreto Municipal nº 17.206 de 22/05/2017 artigo 5º, envolvendo repasse de recurso através de processo de chamamento público sob nº 001/2023 do COMUI.",Homologada
2023,20409,PREGÃO ELETRONICO,44/2023,149,"Registro de preços de tubos em concreto com o objetivo de manutenção e/ou ampliação de redes de drenagem pluvial em diversos pontos do perímetro urbano, bem como da zona rural do município",Homologada
2023,20415,PREGÃO ELETRONICO,45/2023,155,Contratação de empresa para fornecimento de EPIs e equipamentos destinados ao serviço do SAMU,Homologada
2023,20477,PRD DISPENSA EXCETO PEQUENO VALOR,45/2023,181,"Executar o Projeto ""vestindo a Camiseta"", em regime de mutua colaboração, visando especificamente as pessoas Idosas com 60 anos ou mais, de ambos os sexos, conforme plano de trabalho.",Homologada
2023,20507,INEXIGIBILIDADE,45/2023,209,"Prestação de serviços de publicações legais em âmbito nacional de editais de licitações, dispensas, inexigibilidades, extratos de contratos, editais de chamamento público, entre outros, expedidos pelo Município de São Borja, conforme institui a Lei 8.666/93 no seu Art. 21, inciso I, dispensada a licitação conforme Art. 25, Caput, da Lei 8.666/93 para o ano de 2024.",Homologada
2023,20478,PRD DISPENSA EXCETO PEQUENO VALOR,46/2023,182,"Formalização  do termo de fomento conforme Decreto Municipal nº 17.206 de 22/05/2017 artigo 5º, envolvendo repasse de recursos através do processo de chamamento público  sob nº 001/2023 do COMUI.",Homologada
2023,20416,PREGÃO ELETRONICO,46/2023,156,"Registro de preços de material elétrico para manutenção do sistema de iluminação pública, bem como materiais permanentes/equipamentos elétricos para utilização no Município",Homologada
2023,20417,PREGÃO ELETRONICO,47/2023,157,"Registro de preços para aquisição de pneus, câmaras e colarinhos novos para a frota municipal",Homologada
2023,20480,PRD DISPENSA EXCETO PEQUENO VALOR,47/2023,184,"Formalização  do termo de fomento conforme Decreto Municipal nº 17.206 de 22/05/2017 artigo 5º, envolvendo repasse de recursos através do processo de chamamento público  sob nº 001/2023 do COMUI.",Homologada
2023,20421,PREGÃO ELETRONICO,48/2023,160,"Contratação de empresa especializada para a prestação de serviço de instalação, manutenção preventiva e corretiva de equipamentos odontológicos e autoclaves dos consultórios odontológicos, ambulatórios (ESFs, Samu, Melhor em Casa e PAM) e laboratório de prótese dentária da Secretaria Municipal de Saúde de São Borja-RS",Homologada
2023,20479,PRD DISPENSA EXCETO PEQUENO VALOR,48/2023,183,"Executar o Projeto ""Novos ares...respirando conforto"", em regime de mutua colaboração, visando especificamente as pessoas Idosas com 60 anos ou mais, de ambos os sexos, conforme plano de trabalho.",Homologada
2023,20422,PREGÃO ELETRONICO,49/2023,161,"Registro de preços de massa asfáltica de Concreto Betuminoso Usinado a Quente (CBUQ) para aplicação a frio e emulsão asfáltica, destinada à melhoria e manutenção de vias públicas.",Homologada
2023,20481,PRD DISPENSA EXCETO PEQUENO VALOR,49/2023,185,"Formalização  do termo de fomento conforme Decreto Municipal nº 17.206 de 22/05/2017 artigo 5º, envolvendo repasse de recursos através do processo de chamamento público  sob nº 001/2023 do COMUI.",Homologada
2023,20423,PREGÃO ELETRONICO,50/2023,162,"Registro de preço de materiais educativos e esportivos a serem utilizados nos grupos de convivênciregistro de preço de materiais educativos e esportivos a serem utilizados nos grupos de convivência dos CRAS ( Centro, Arneldo Matter, Paraboi, Leonel Brizola e Passo )a dos CRAS ( Centro, Arneldo Matter, Paraboi, Leonel Brizola e Passo ).",Homologada
2023,20482,PRD DISPENSA EXCETO PEQUENO VALOR,50/2023,186,"Dispensa emergencial de licitação para aquisição de equipamentos odontológicos, destinados aos usuários do Sistema Único de Saúde - SUS, da secretaria Municipal de Saúde.",Homologada
2023,20484,PRD DISPENSA EXCETO PEQUENO VALOR,51/2023,188,"Contratação de empresa de prestação de serviços de organização, planejamento e execução da programação natalina, conforme adesão ao convênio com o Governo Estadual e do edital Sedac nº 03/2023 de chamada pública de coinventimentos. Inclui-se na contratação, demandas de iluminação, contratação de profissionais para apresentações artísticas, encenação de Mamãe e Papai Noel, realização de atividades e oficinas pedagógicas, além de serviços de ornamentação, decoração e iluminação natalina. Ademais, está no plano de trabalho a construção e ornamentação da Casa do Casal Noel, confecção de materiais para ação educativa e de divulgação e publicidade da programação, e a disponibilização de banheiro químico.",Homologada
2023,20424,PREGÃO ELETRONICO,51/2023,163,Aquisição de material e equipamentos destinados ao uso das crianças e adolescentes residentes na Casa de Acolhida.,Homologada
2023,20490,PRD DISPENSA EXCETO PEQUENO VALOR,52/2023,194,Auxílio financeiro destinado à realização do Carnaval de rua 2024.,Homologada
2023,20425,PREGÃO ELETRONICO,52/2023,164,"Registro de preço para aquisição de materiais de consumo odontológico e medicamentos de uso odontológico, a fim de atender as necessidades da Secretaria Municipal da Saúde",Homologada
2023,20494,PRD DISPENSA EXCETO PEQUENO VALOR,53/2023,198,Dispensa emergencial de licitação para aquisição de cestas básicas para famílias em situação de vulnerabilidade social.,Homologada
2023,20428,PREGÃO ELETRONICO,53/2023,167,Registro de preços de carrinhos e cadeiras de alimentação para uso nas Escolas Municipais de Educação Infantil do município,Homologada
2023,20429,PREGÃO ELETRONICO,54/2023,168,"Registro de preços para aquisição de medicamentos para os usuários do SUS, assistidos pela Secretaria Municipal da Saúde.",Homologada
2023,20495,PRD DISPENSA EXCETO PEQUENO VALOR,54/2023,199,"Termo de colaboração celebrado entre o Município de São Borja e a Comunidade Terapêutica Chico Xavier, a fim de executar o projeto ""Custeio"", cujo objetivo é oportunizar tratamento para os pacientes que sofrem transtornos decorrentes da dependência de substâncias psicoativas.",Homologada
2023,20501,PRD DISPENSA EXCETO PEQUENO VALOR,55/2023,2,"Contratação de empresa fornecedora de energia elétrica para os prédios públicos, semáforos incluindo os pagamentos de taxa de administração PARA O ANO DE 2024.",Homologada
2023,20463,PREGÃO ELETRONICO,55/2023,170,"Registro de preços para aquisição de equipamentos odontológicos, a fim de atender as necessidades da Secretaria Municipal da Saúde",Homologada
2023,20470,PREGÃO ELETRONICO,56/2023,177,"Registro de preço para aquisição de material instrumental odontológico, a fim de atender as necessidades da Secretaria Municipal da Saúde.",Homologada
2023,20498,PRD DISPENSA EXCETO PEQUENO VALOR,56/2023,202,"Prestação de serviços de publicações legais em âmbito estadual de editais de licitações, dispensas, inexigibilidades, extratos de contratos, editais de chamamento público, entre outros, expedidos pelo Município de São Borja, conforme institui a Lei 8.666/93 no seu Art. 21, inciso II, dispensada a licitação conforme Art. 24, VIII, da Lei 8.666/93 para o ano 2024.",Homologada
2023,20471,PREGÃO ELETRONICO,57/2023,178,"Registro de preço para aquisição de crachás destinados ao uso dos servidores da Prefeitura de São Borja, bem como suas unidades subordinadas",Homologada
2023,20472,PREGÃO ELETRONICO,58/2023,179,"O objeto da presente licitação é a aquisição \r\n de material educativo e esportivo, equipamentos e material\r\npermanente destinado ao uso no Centro Dia do Idoso  CDI, projetos É Melhor Viver, Mobilidade e\r\nAconchego, conforme resoluções nº 09, 10 e 11, para melhorias dos serviços da instituição aos idosos\r\natendidos, conforme projetos e planos de trabalho aprovados pelo Conselho Municipal do Idoso - COMUI.",Homologada
2023,20483,PREGÃO ELETRONICO,59/2023,187,"Registro de preço de materiais e equipamentos médico hospitalar e ambulatorial, visando atender as necessidades dos setores e serão utilizados em procedimentos de pacientes que necessitam de assistência nas ESFs, CEMAE, CER, CASA SAMU e PAM",Homologada
2023,20488,PREGÃO ELETRONICO,60/2023,192,Registro de preço de materiais esportivos para prática desportiva da comunidade.,Homologada
2024,20512,CHAMADA PÚBLICA/PNAE,1/2024,7,"Chamada Pública n° 01/2024,  para gêneros alimentícios a serem distribuídos nas Escolas Municipais de Ensino Fundamental, Educação Infantil, EJA.",Homologada
2024,20509,INEXIGIBILIDADE,1/2024,4,"O objeto da presente inexigibilidade de licitação é a contratação da banda Sambaiaiá, através de sua empresária exclusiva, Sra. Luciene Leszczynski Nunes, para a animação do concurso da escolha da corte do carnaval de São Borja  2024, que ocorrerá no dia 20/01/2023 no Cais do Porto, com horário previsto para as 23:30 horas. Maiores detalhes estão descritos no Termo de Referência, aprovado pelo Prefeito e pelo Secretário, e demais documentos que integram o devido processo de Inexigibilidade.",Homologada
2024,20508,PREGÃO LEI 14.133/21 ELETRÔNICO,1/2024,3,Contratação de empresa para prestação de serviço contínuo de transporte escolar da Secretaria Municipal de Educação  SMEd da Prefeitura de São Borja no ano letivo de 2024.,Em Andamento
2024,20534,CONCORRÊNCIA LEI 14.133/21 ELETRÔNICA,1/2024,27,"Contratação de empresa para a execução de 16.117,03m² (dezesseis mil, cento e dezessete metros com três centímetros quadrados) de capeamento e recapeamento asfáltico com CBUQ  Concreto Betuminoso Usinado a Quente, em diversas ruas da cidade, TRECHO 01 (Norte).",Homologada
2024,20841,REGISTRO DE PREÇO DE OUTRO ÓRGÃO,1/2024,303,Adesão à Ata de Registro de Preços de outro órgão para aquisição de 01 (um) ônibus rural escolar do tipo ORE 1,Homologada
2024,20510,PRD DISPENSA EXCETO PEQUENO VALOR,1/2024,5,"Termo de Colaboração nº 25/2023/CS com objetivo de execução do Projeto ""Promovendo Atenção a Saúde"" em regime de mutua colaboração, para execução de atividades de pessoas com deficiência.",Homologada
2024,20686,CHAMAMENTO PÚBLICO/CREDENCIAMENTO,1/2024,155,"CREDENCIAMENTO de pessoas jurídicas ou físicas para prestação de serviços de: Consultas médicas nas especialidades de Dermatologia Clínica, de Clínica Cirúrgica, de Endocrinologia e Procedimentos cirúrgicos ambulatoriais de pequeno e médio porte nas especialidades de Dermatologia e Cirurgião Geral.",Julgada
2024,20535,CONCORRÊNCIA LEI 14.133/21 ELETRÔNICA,2/2024,28,"Contratação de empresa para a execução de 38.288,95m² (trinta e oito mil, duzentos e oito e oito metros com noventa e cinco centímetros quadrados) de capeamento e recapeamento asfáltico com CBUQ  Concreto Betuminoso Usinado a Quente, em diversas ruas da cidade, TRECHO 02 (Sul).",Homologada
2024,20511,PRD DISPENSA EXCETO PEQUENO VALOR,2/2024,6,Auxílio financeiro  na realização do Carnaval de Rua 2024.,Homologada
2024,20513,CHAMADA PÚBLICA/PNAE,2/2024,8,"Gêneros alimentícios oriundos das Agroindústrias destinados para a Alimentação Escolar Municipal do Ensino Fundamental, Educação Infantil (Creche e Pré-Escola ) e EJA.",Homologada
2024,20515,PREGÃO LEI 14.133/21 ELETRÔNICO,2/2024,10,Contratação de empresa especializada para a organização do Desfile de Carnaval de Rua do ano de 2024,Julgada
2024,20518,INEXIGIBILIDADE,2/2024,13,"O objeto da presente inexigibilidade de licitação é a contratação da banda Tropical, através de seu empresário exclusivo, Sr. João Vitor Borges da Silva, para a animação dos eventos Cais Folia, que ocorrerá do dia 10/02/2024 a 13/02/2024, e Desfile de Carnaval de Rua que tem data a ser definida pela administração. Maiores detalhes estão descritos no Termo de Referência, aprovado pelo Prefeito e pelo Secretário, e demais documentos que integram o devido processo de Inexigibilidade.",Homologada
2024,20718,CHAMAMENTO PÚBLICO/CREDENCIAMENTO,2/2024,184,"CREDENCIAMENTO de pessoas jurídicas para fornecimento de curso de especialização e atualização para condutor de veículos de emergência (CVE), juntamente as respectivas provas teóricas aos motoristas da Central de Veículos, que fazem o transporte dos pacientes atendidos pela Secretaria Municipal de Saúde de São Borja/RS.",Homologada
2024,20514,PRD DISPENSA EXCETO PEQUENO VALOR,3/2024,9,Dispensa emergencial de licitação para aquisição de cestas básicas para famílias em situação de vulnerabilidade social. Maiores informações podem ser extraídas no termo de referência aprovado pelo Prefeito.,Homologada
2024,20521,PREGÃO LEI 14.133/21 ELETRÔNICO,3/2024,16,"Aquisição de de 01 (um) veículo novo, tipo SUV, zero quilômetro, ano e modelo 2024, para uso do Prefeito.",Homologada
2024,20550,CONCORRÊNCIA LEI 14.133/21 ELETRÔNICA,3/2024,41,"Contratação de empresa para a execução de 1.997,93m² (um mil novecentos e noventa e sete metros e noventa e três centímetros quadrados) de capeamento e recapeamento asfáltico com CBUQ  Concreto Betuminoso Usinado a Quente na Rua Vereador Eddie Freire Nunes.",Homologada
2024,20796,CHAMAMENTO PÚBLICO/CREDENCIAMENTO,3/2024,260,"Credenciamento de pessoa física e ou jurídica para serviços de: telemedicina nas especialidades de reumatologia, endocrinologia, neurologia, neuropediatria, hematologia, pneumologia, urologia e angiologia.",Julgada
2024,20519,INEXIGIBILIDADE,3/2024,14,"O objeto da presente inexigibilidade de licitação é a contratação da Empresa Brasileira de Correios e Telégrafos para realizar a emissão e entrega dos carnês de IPTU /  TCRSU e do ISSQN para os contribuintes do Município de São Borja. Maiores detalhes estão descritos no Termo de Referência, aprovado pelo Prefeito e pelo Secretário, e demais documentos que integram o devido processo de Inexigibilidade",Homologada
2024,20557,CONCORRÊNCIA LEI 14.133/21 ELETRÔNICA,4/2024,48,"Contratação de empresa para a execução de 4.700,72m² (quatro mil, setecentos metros e setenta e dois centímetros quadrados) de pavimentação das vis locais em blocos pré-moldados de concreto intertravado  PAVER, em diversas ruas da cidade.",Homologada
2024,20541,INEXIGIBILIDADE,4/2024,32,"O objeto da presente inexigibilidade de licitação é a contratação da banda Belladona, para a animação do evento IV  Dia Delas  que é integrante das festividades, reguladas por Lei, Clube Feminino de Rédeas. Maiores detalhes estão descritos no Termo de Referência, aprovado pelo Prefeito e pelo Secretário, e demais documentos que integram o devido processo de Inexigibilidade.",Homologada
2024,20522,PREGÃO LEI 14.133/21 ELETRÔNICO,4/2024,17,"Registro de preços para aquisição de 9.200 (nove mil e duzentas) unidades de complementos alimentares (cestas básicas) embaladas em sacos de capa de fardo não reciclado, medindo 50x80, 08 micras, capacidade mínima de 30 kg, conforme condições, quantidades e exigências estabelecidas neste Edital e seus anexos.",Homologada
2024,20874,CHAMAMENTO PÚBLICO/CREDENCIAMENTO,4/2024,335,Credenciamento de pessoas físicas e jurídicas na especialidade de Psicóloga Clínica.,Julgada
2024,20516,PRD DISPENSA EXCETO PEQUENO VALOR,4/2024,11,Serviço de aluguel de banheiros químicos para o evento: 57º Festival de Músicas para o Carnaval.,Homologada
2024,20542,INEXIGIBILIDADE,5/2024,33,"O objeto da presente inexigibilidade de licitação é a contratação da banda Baile de Fronteira, para a animação do evento Fandango de Ramada. Maiores detalhes estão descritos no Termo de Referência, aprovado pelo Prefeito e pelo Secretário, e demais documentos que integram o devido processo de Inexigibilidade.",Homologada
2024,20517,PRD DISPENSA EXCETO PEQUENO VALOR,5/2024,12,"Serviço de decoração dos eventos carnavalescos - decoração do evento ""57° concurso regional de músicas para o carnaval Apparício Silva Rillo""; decoração do evento ""cais folia"" e decoração do evento ""desfile das escolas de samba"" 2024.",Homologada
2024,20989,CHAMAMENTO PÚBLICO/CREDENCIAMENTO,5/2024,437,Credenciamento de laboratórios (pessoas jurídicas) para prestação de serviço de coleta e análise de exames laboratoriais,Julgada
2024,20549,PREGÃO LEI 14.133/21 ELETRÔNICO,5/2024,40,"Aquisição de materiais e equipamentos destinados à Casa de Acolhida Municipal, a fim de atender na integralidade o projeto Casa mais Acolhedora  II Edição, aprovado pelo Conselho Municipal dos Direitos da Criança e do Adolescente  CONDICA, conforme Resolução n° 07/2022, que destinou recursos do Fundo Municipal da Criança e do Adolescente  FMCA para o financiamento do referido projeto, de acordo com o estudo Técnico Preliminar e conforme condições, quantidades e exigências e estimativas contidas no Termo de Referência.",Homologada
2024,20558,CONCORRÊNCIA LEI 14.133/21 ELETRÔNICA,5/2024,49,"Contratação de empresa especializada para execução de cobertura metálica de quadra poliesportiva da EMEF Duque de Caxias, com área total de 1.218,00m² no município de São Borja/RS.",Homologada
2024,20995,CHAMAMENTO PÚBLICO/CREDENCIAMENTO,6/2024,441,"Credenciamento de empresas especializadas para o fornecimento de órteses, próteses e meios auxiliares de locomoção.",Julgada
2024,20551,INEXIGIBILIDADE,6/2024,42,"O objeto da presente Inexigibilidade de Licitação é a contratação da DPM Educação para realização de uma formação ao colegiado do Conselho Tutelar e aos conselheiros do COMDICA com a temática Formação de Conselheiros Tutelares: entendendo a natureza, a atuação do Conselho Tutelar e os desafios na Articulação da Rede de Proteção dos Direitos da Criança e do Adolescente, a ser realizado nos dias 21 e 22 de março de 2024. Maiores detalhes estão no Termo de Referência e no processo de inexigibilidade de licitação.",Homologada
2024,20559,CONCORRÊNCIA LEI 14.133/21 ELETRÔNICA,6/2024,50,"Contratação de empresa para a execução de 5.597,10m² (cinco mil, quinhentos e noventa e sete metros e dez centímetros quadrados) de pavimentação das vias locais em blocos pré-moldados de concreto intertravado  PAVER, em diversas ruas da cidade.",Homologada
2024,20520,PRD DISPENSA EXCETO PEQUENO VALOR,6/2024,15,"Contratação do Serviço Nacional de Aprendizagem Comercial  SENAC/RS para ministrar Curso de capacitação aos professores da rede municipal de ensino para desenvolverem seus atendimentos de forma mais qualificada e atualizada nas áreas de educação infantil e ensino fundamental. Melhores detalhes estão no processo de dispensa de licitação, no termo de referência aprovado pelo Prefeito e proposta comercial da empresa.",Homologada
2024,20556,PREGÃO LEI 14.133/21 ELETRÔNICO,6/2024,47,"Registro de preços para aquisição de troféus e medalhas para a Secretaria Municipal de Cultura, Turismo, Esporte e Lazer, que por sua vez utilizará para as atividades típicas da pasta, em especial, junto ao Departamento de Esporte.",Homologada
2024,20553,INEXIGIBILIDADE,7/2024,44,"O objeto da presente Inexigibilidade de Licitação é aquisição de peças necessárias à restauração das condições de trabalho e operacionalidade da VTR 294  MOTONIVELADORA XCMG, MODELO GR 1803BR, ANO 2019. Maiores detalhes estão no Termo de Referência e no processo de inexigibilidade de licitação.",Homologada
2024,20576,PREGÃO LEI 14.133/21 ELETRÔNICO,7/2024,61,"Registro de preços para aquisição de materiais de limpeza, higiene, descartáveis e outros",Homologada
2024,20578,CONCORRÊNCIA LEI 14.133/21 ELETRÔNICA,7/2024,63,"Contratação de empresa para a execução de 4.938,36m² (quatro mil novecentos e trinta e oito metros e trinta e seis centímetros quadrados) de pavimentação das vias locais em blocos pré-moldados de concreto intertravado  PAVER, em diversas ruas da cidade.",Homologada
2024,21177,CHAMAMENTO PÚBLICO/CREDENCIAMENTO,7/2024,618,"Credenciamento de empresas especializadas para o fornecimento de aparelhos de Amplificação Sonora Individual - AASI,  com intuito de suprir demandas existentes no Centro Especializado em Reabilitação Física e Auditiva  CER II Aline Olea Becker",Julgada
2024,20523,PRD DISPENSA EXCETO PEQUENO VALOR,7/2024,18,"Obtenção de peças para o MICRO-ONIBUS MARCOPOLO/VOLARE V8L  4X4, ano/modelo 2012/2013, placas IUA-4959, VTR 211, faz-se necessária a aquisição com vistas a promover a manutenção mecânica da referida viatura, veículo do Departamento de Transporte Escolar da SMEd.",Homologada
2024,20554,INEXIGIBILIDADE,8/2024,45,"O objeto da presente Inexigibilidade de Licitação é aquisição de peças necessárias à restauração das condições de trabalho e operacionalidade da VTR 334  ESCAVADEIRA HIDRÁULICA  XCMG, MODELO XE150BR, ANO 2022. Maiores detalhes estão no Termo de Referência e no processo de inexigibilidade de licitação.",Homologada
2024,20628,CONCORRÊNCIA LEI 14.133/21 ELETRÔNICA,8/2024,99,Concessão comum do serviço de transporte coletivo de passageiros da zona rural do Município de São Borja  RS.,Deserta
2024,20579,PREGÃO LEI 14.133/21 ELETRÔNICO,8/2024,64,"Registro de preços para aquisição de materiais de construção destinados à execução de obras públicas, manutenção da infraestrutura urbana, entre outros.",Homologada
2024,20524,PRD DISPENSA EXCETO PEQUENO VALOR,8/2024,19,"Aquisição de peças e mão de obra para conserto de Ambulância Samu placa IYF5686, vtr 274,  Mercedes Benz Sprinter 415, ano 2017, devido à emergencial idade do serviço, pois a prefeitura possui apenas duas ambulâncias para suprir todo atendimento de urgência, emergência e transferência que necessitem UTI móvel de acordo com liberação SAMU regional. Melhores descrições do processo de dispensa de licitação.",Homologada
2024,20555,INEXIGIBILIDADE,9/2024,46,"O objeto da presente inexigibilidade de licitação é a contratação do grupo  Aldeia Teatral Ltda, para apresentação no evento de Páscoa do Cais do Porto de São Borja, que será realizado no dia 23 de março de 2024.",Homologada
2024,20651,CONCORRÊNCIA LEI 14.133/21 ELETRÔNICA,9/2024,122,"Contratação de empresa especializada para execução e ampliação da E.M.E.I Quero-Quero, com área total de 71,25m² no município de São Borja/RS.",Homologada
2024,20580,PREGÃO LEI 14.133/21 ELETRÔNICO,9/2024,65,Registro de Preço para compra de gêneros alimentícios para todas as secretarias da Prefeitura Municipal de São Borja.,Homologada
2024,20525,PRD DISPENSA EXCETO PEQUENO VALOR,9/2024,20,"Aquisição de gêneros alimentícios ( 10.000 kg de banana Prata), tendo em vista a demanda ofertada diariamente, incluído como parte do cardápio nutricional utilizado nas instituições escolares do município. A contratação destina-se a atender demanda até que seja realizado novo registro de preços. Maiores detalhes estão no processo de dispensa de licitação.",Homologada
2024,20528,PRD DISPENSA EXCETO PEQUENO VALOR,10/2024,21,"Aquisição de pecas destinadas a manutenção mecânica do Micro-ônibis MARCOPOLO/VOLARE V 8L 4X4, Ano/Modelo 2012/20123, placas IUA-4959, VTR 211 e do ônibus M.Benz/OF 1519 ORE, Ano/Modelo 2013/2014, placas IUS-0216, VTR 268, Veículos do transporte escolar da  SMEd",Homologada
2024,20752,CONCORRÊNCIA LEI 14.133/21 ELETRÔNICA,10/2024,217,"Contratação de empresa especializada para a construção de 20 (vinte) unidades habitacionais, no bairro do Passo, no Município de São Borja/RS",Homologada
2024,20565,INEXIGIBILIDADE,10/2024,53,"O objeto da presente Inexigibilidade de Licitação é a contratação de LEONARDO VIANNA METELLO JACOB  SOCIEDADE INDIVIDUAL DE ADVOCACIA, para realização de treinamento e capacitação em relação a Lei 14.133/2021, com duração de 16 horas, nos dias 25 e 26 de março de 2024. Maiores detalhes estão no Termo de Referência e no processo de inexigibilidade de licitação.",Homologada
2024,20588,PREGÃO LEI 14.133/21 ELETRÔNICO,10/2024,69,"Aquisição de 60 (sessenta) passagens intermunicipais, com seguro, para Porto Alegre/RS e 05 (cinco) passagens intermunicipais, com seguro, para Santa Maria/RS. Destinadas a doação nos Centros de Referência de Assistência Social (CRAS), através do Plantão Social na Secretaria Municipal do Desenvolvimento Social, conforme Lei de Benefícios Eventuais n° 5.507 de 16 de maio de 2019, para o período de 12 (doze) meses.",Deserta
2024,20589,PREGÃO LEI 14.133/21 ELETRÔNICO,11/2024,70,Registro de preço de material médico hospitalar e ambulatorial,Homologada
2024,20613,INEXIGIBILIDADE,11/2024,84,"Contratação de empresa para realização de curso/capacitação aos conselheiros tutelares e conselheiros do COMDICA do município, com a temática ""violência sexual contra crianças e adolescentes"", a ser realizado no mês de maio de 2024. Por meio da resolução nº 03/2024.",Homologada
2024,20792,CONCORRÊNCIA LEI 14.133/21 ELETRÔNICA,11/2024,257,Contratação de empresa especializada para a execução das obras de reforço e recuperação da pista de pouso e decolagem (PPD 07/25) e Taxiway A do Aeroporto Regional de São Borja/RS  João Manoel (SSSB),Julgada
2024,20529,PRD DISPENSA EXCETO PEQUENO VALOR,11/2024,22,"Aquisição de peças do ônibus VW/15.190 EOD E. HD ORE, Ano/Modelo 2011/2011, placas IRV-5472, VTR 191, Veiculos do Departamento de Transporte Escolar da SMEd.",Homologada
2024,20530,PRD DISPENSA EXCETO PEQUENO VALOR,12/2024,23,"Aquisição de peças para o ÔNIBUS M.BENZ 1519, Ano/Modelo 2013/2013, PLACAS IUS-0389, VTR 217;",Homologada
2024,20625,INEXIGIBILIDADE,12/2024,96,"O objeto da presente Inexigibilidade de Licitação é a contratação de empresa para realização de curso/capacitação sobre a Escuta Especializada na rede de proteção, bem como sua implementação em âmbito municipal. Maiores detalhes estão no Termo de Referência, na proposta da empresa e no processo de inexigibilidade de licitação.",Homologada
2024,21111,CONCORRÊNCIA LEI 14.133/21 ELETRÔNICA,12/2024,554,Contratação de empresa especializada para a execução das obras de manutenção e dar melhores condições da pista de pouso e decolagem (PPD 07/25) e Taxiway A do Aeroporto Regional de São Borja/RS  João Manoel (SSSB),Homologada
2024,20607,PREGÃO LEI 14.133/21 ELETRÔNICO,12/2024,78,"Registro de preço de materiais de expediente, esportivo e educativo",Homologada
2024,20532,PRD DISPENSA EXCETO PEQUENO VALOR,13/2024,25,"Serviço para o ÔNIBUS M.BENZ/OF 1519,Ano/modelo 2013/2013, placas IUS-0389/VTR 217.",Homologada
2024,20636,INEXIGIBILIDADE,13/2024,107,"Aquisição de reagentes, insumos e kit de controle de qualidade que serão utilizados no equipamento de execução de hemograma, o Yumizen H500 da marca Horiba no laboratório de Fronteira. Maiores detalhes estão no processo de Inexigibilidade de licitação e seus anexos.",Homologada
2024,20626,PREGÃO LEI 14.133/21 ELETRÔNICO,13/2024,97,Aquisição de equipamentos para uso na limpeza urbana do município.,Homologada
2024,20640,PREGÃO LEI 14.133/21 ELETRÔNICO,14/2024,111,"Trata-se do registro de preços para aquisição de combustíveis para as viaturas da frota municipal, conforme condições, quantidades e exigências estabelecidas neste edital e seus anexos.",Homologada
2024,20533,PRD DISPENSA EXCETO PEQUENO VALOR,14/2024,26,"Contratação de empresa para fornecimento de serviço de inspeção veicular para os MICRO-ÔNIBUS IUA-4959, VTR 211; JAK-3E47, VTR 315; JAK-3E48, VTR 314; IWJ-6361, VTR 269; IWJ-6333, VTR 249; IVH-8605, VTR 223; ITS-8180, VTR 210; IQY-2212, VTR 177; IQY-2214, VTR 178; IRW-1214, VTR 193 e para os ÔNIBUS IXZ-8601, VTR 273; IWB-6602, VTR 329; IVK-1975, VTR 232; IUS-0216, VTR 268; IUS-0389, VTR 217; IUC-2537, VTR 212; IRV-5472, VTR 191; IRV-5467; VTR 190 e IRA-5095, VTR 179, veículos do Transporte Escolar da SMEd, para fins de licenciamento junto ao DETRAN.",Homologada
2024,20638,INEXIGIBILIDADE,14/2024,109,"Serviço de assessoria e consultoria jurídica, a fim de prestar atendimento com a finalidade de acompanhar o processo que trata da emissão da Certidão nº 1768/2024, referente ao exercício de 2023. Maiores detalhes estão no processo de inexigibilidade.",Homologada
2024,20641,PREGÃO LEI 14.133/21 ELETRÔNICO,15/2024,112,Registro de Preços de gêneros alimentícios,Homologada
2024,20649,INEXIGIBILIDADE,15/2024,120,"O objeto da presente Inexigibilidade de Licitação é a contratação de empresa para fornecer cartilhas alusivas ao Maio Laranja  mês de conscientização ao enfrentamento à violência sexual contra criança e adolescente. Maiores detalhes estão no Termo de Referência, na proposta da empresa e no processo de inexigibilidade de licitação.",Homologada
2024,20536,PRD DISPENSA EXCETO PEQUENO VALOR,15/2024,29,"Aquisição de 944 (novecentos e quarenta e quatro) unidades de complemento alimentar (cestas básicas), embaladas em sacos de capa de fardo não reciclado, medindo 50x80, capacidade mínima de 30kg, para atender as famílias atingidas pelas enchentes do rio Uruguai. Recurso oriundo governo federal pelo protocolo RES-RS4318002-20231109-01, solicitado através do sistema S2ID. Maiores detalhes estão no processo de dispensa de licitação.",Homologada
2024,20643,PREGÃO LEI 14.133/21 ELETRÔNICO,16/2024,114,Contratação de empresa para prestação de serviço referente a cursos do programa Qualificação RS presente no convênio FPD nº 3013/2023 entre o Município e o Estado do Rio Grande do Sul.,Homologada
2024,20539,PRD DISPENSA EXCETO PEQUENO VALOR,16/2024,30,"DISPENSA PARA TROCA DE OLEO E REVISAO OBRIGATORIA DE 5.000KM OU 06 MESES, DOCUMENTO EM ANEXO, PARA FINS DE ASSEGURAR A GARANTIA DO VEÍCULO GM ONIX TURBO LT 1.0, VTR 343, PLACAS JCG 2H45 DE USO DA CASA DA ACOLHIDA.",Homologada
2024,20666,INEXIGIBILIDADE,16/2024,136,"O objeto da presente Inexigibilidade de Licitação é a contratação de prestação de serviços de processamento de dados, consistente na disponibilização de consultas às bases dos sistemas (CPF e/ou CNPJ), utilizando o sistema de senha da Rede SERPRO, por meio do aplicativo HOD. Maiores detalhes estão no Termo de Referência e no processo de inexigibilidade de licitação.",Homologada
2024,20657,PREGÃO LEI 14.133/21 ELETRÔNICO,17/2024,128,Registro de Preços para aquisição de equipamentos odontológicos,Homologada
2024,20680,INEXIGIBILIDADE,17/2024,149,"O objeto da presente Inexigibilidade de Licitação é a contratação de empresa especializada na prestação de serviços técnicos de consolidação, compilação, versionamento e gerenciamento dos atos Oficiais do Município. Maiores detalhes estão no Termo de Referência e no processo de inexigibilidade de licitação.",Homologada
2024,20540,PRD DISPENSA EXCETO PEQUENO VALOR,17/2024,31,Aquisição de ssd para ser instalado no computador com tombamento nº:34818 utilizado pela servidora ETIANE AMAROSAUER FRIEDICH.,Homologada
2024,20687,INEXIGIBILIDADE,18/2024,156,"O objeto da presente Inexigibilidade de Licitação é a contratação da DPM Educação para realização de curso/capacitação aos conselheiros do Conselho Municipal de Idoso  COMUI, pela Resolução nº 01/2024 que aprovou a sua realização, atendendo o disposto no art. 4º, inciso VI da Lei Municipal 4.118/2009. Maiores detalhes estão no Termo de Referência e no processo de inexigibilidade de licitação.",Homologada
2024,20665,PREGÃO LEI 14.133/21 ELETRÔNICO,18/2024,135,Aquisição de CBUQ (concreto betuminoso usinado a quente) e emulsão asfáltica.,Em Andamento
2024,20543,PRD DISPENSA EXCETO PEQUENO VALOR,18/2024,34,"Aquisição de medicamentos (vitaminas do complexo B1, B2, B3, B5, B6, drágeas), para pacientes do SUS nas Farmácias Básicas do município de São Borja. Os medicamentos foram objeto da licitação de nº 54/2023, os quais resultaram fracassados. Também não há disponibilidade de compra através do consórcio da Granpal. Maiores detalhes estão no processo da dispensa emergencial de licitação.",Homologada
2024,20678,PREGÃO LEI 14.133/21 ELETRÔNICO,19/2024,147,"Registro de Preços para aquisição de concreto usinado, com FCK de Mpa mínimos",Deserta
2024,20707,INEXIGIBILIDADE,19/2024,176,"Aquisição de insumos reagentes, calibradores e kit de controle de qualidade que serão utilizados no equipamento de execução de análises bioquímicas, o Bioclin 2000 Plus da Marca Bioclin no Laboratório de Fronteira. Maiores detalhes estão no Termo de Referência e no processo de Inexigibilidade de licitação.",Homologada
2024,20544,PRD DISPENSA EXCETO PEQUENO VALOR,19/2024,35,"Contratação de empresa para fornecimento de materiais de limpeza e produtos de higienização destinados ao setor de lavagem da oficina da SMEd, para limpeza dos veículos de transporte escolar",Homologada
2024,20685,PREGÃO LEI 14.133/21 ELETRÔNICO,20/2024,154,Registro de preços para eventual aquisição de material de consumo odontológico e medicamentos de uso odontológico,Homologada
2024,20545,PRD DISPENSA EXCETO PEQUENO VALOR,20/2024,36,"Compra de peças destinadas a manutenção mecânica do ÔNIBUS M.BENZ/OF 1519 R. ORE, placas IXZ-8601, VTR 273, veículo do Transporte Escolar da Secretaria Municipal de Educação. Maiores detalhes estão no processo de dispensa emergencial de licitação",Homologada
2024,20770,INEXIGIBILIDADE,20/2024,235,"Contratação de treinamento e aperfeiçoamento para profissionais da rede municipal de ensino para professores da rede municipal de ensino de São Borja/RS. Maiores detalhes estão no termo de referência, proposta do contratado e demais documentos que compõem o processo de Inexigibilidade.",Homologada
2024,20693,PREGÃO LEI 14.133/21 ELETRÔNICO,21/2024,162,Contratação de empresa para prestação de serviço contínuo de transporte escolar da Secretaria Municipal de Educação  SMEd da Prefeitura de São Borja.,Homologada
2024,20546,PRD DISPENSA EXCETO PEQUENO VALOR,21/2024,37,"Compra de peças destinadas a manutenção mecânica do ÔNIBUS M.BENZ/OF 1519 R. 2014/2014, placas IVK 19751, VTR 232, veículo do Transporte Escolar da Secretaria Municipal de Educação. Maiores detalhes estão no processo de dispensa emergencial de licitação.",Homologada
2024,20772,INEXIGIBILIDADE,21/2024,237,"Aquisição de controlador eletrônico de tráfego de 4 fases com sincronismo GPS para manutenção e substituição do atual que está queimado, para o cruzamento da Rua Aparício Mariense x Félix da Cunha. Maiores detalhes estão no termo de referência, proposta da empresa e demais documentos que compõem o processo de Inexigibilidade.",Julgada
2024,20786,INEXIGIBILIDADE,22/2024,251,"Aquisição de peças para manutenção da VTR 295  Motoniveladora XCMG, modelo GR 1803BR, ano 2019. Maiores detalhes estão no termo de referência, proposta da empresa e demais documentos que compõem o processo de Inexigibilidade.",Homologada
2024,20547,PRD DISPENSA EXCETO PEQUENO VALOR,22/2024,38,"Compra de peças destinadas a manutenção mecânica do MICRO-ÔNIBUS MARCOPOLO/VOLARE V8L ESC, ano/modelo 2010/2010, placa IQY-2214, VTR 178, veículo do Transporte Escolar da Secretaria Municipal de Educação.",Homologada
2024,20699,PREGÃO LEI 14.133/21 ELETRÔNICO,22/2024,168,Registro de Preços de gêneros alimentícios perecíveis.,Homologada
2024,20548,PRD DISPENSA EXCETO PEQUENO VALOR,23/2024,39,"Compra de peças destinadas a manutenção mecânica dos ÔNIBUS M.BENZ/OF 1519 ORE, ano/modelo 2013/2013, placas IUS-0389, VTR 268 e M.BENZ/OF 1519, ano/modelo 2013/2013, placas IUS-0389, VTR 217, veículo do Transporte Escolar da Secretaria Municipal de Educação. Maiores detalhes estão no processo de dispensa emergencial de licitação.",Homologada
2024,20790,INEXIGIBILIDADE,23/2024,255,"Aquisição de peças para manutenção da VTR 294  Motoniveladora XCMG, modelo GR 1803BR, ano 2019. Maiores detalhes estão no termo de referência, proposta da empresa e demais documentos que compõem o processo de Inexigibilidade.",Homologada
2024,20710,PREGÃO LEI 14.133/21 ELETRÔNICO,23/2024,179,Registro de preço para aquisição de medicamentos,Homologada
2024,20807,INEXIGIBILIDADE,24/2024,271,"Prestação de serviços de saúde especializados destinados ao acompanhamento, avaliação, estimulação e orientação direcionados a pessoas portadoras de necessidades especiais, em reabilitação física, mental, visual e múltiplas deficiências prestados pela Associação de Pais e Amigos dos Excepcionais de São Borja  APAE",Homologada
2024,20728,PREGÃO LEI 14.133/21 ELETRÔNICO,24/2024,194,Registro de preços para aquisição de materiais de limpeza automotiva para as viaturas da frota municipal.,Homologada
2024,20552,PRD DISPENSA EXCETO PEQUENO VALOR,24/2024,43,Compra emergencial de fralda descartável infantil devido a paciente Y. S. A.  necessitar de auxílio e acompanhamento especializado pelo seu diagnóstico.,Homologada
2024,20736,PREGÃO LEI 14.133/21 ELETRÔNICO,25/2024,201,Aquisição de concreto betuminoso usinado a quente  CBUQ e emulsão asfáltica.,Homologada
2024,20563,PRD DISPENSA EXCETO PEQUENO VALOR,25/2024,51,"Renovação de seguro contra acidentes para alunos transportados pelo onibus VW 15.190 EOD HD,placa IWB 6602,VTR 329,do transporte escolar da SMEd.",Homologada
2024,20816,INEXIGIBILIDADE,25/2024,279,O objeto da presente inexigibilidade de licitação é a contratação da empresa Lucimaura Souza Rodrigues para prestar assessoria e consultoria técnica para execução dos benefícios da Lei Complementar nº 195/2022 Lei Paulo Gustavo.,Homologada
2024,20821,INEXIGIBILIDADE,26/2024,284,"O objeto é a contratação de empresa  que ficará responsável conjuntamente com o Ente, para contratação das atrações musicais para o Evento Dia de Campo na Capital Gaúcha do Fandango, que acontecerá em data no mês de agosto de 2024.  Maiores detalhes estão no Termo de Referência e demais documentos que integram o devido processo de Inexigibilidade.",Homologada
2024,20564,PRD DISPENSA EXCETO PEQUENO VALOR,26/2024,52,"Contratação de empresa para realização de conserto e manutenção do veículo Fiat Cronos, placa JBS 1I71, VTR 337, da Secretaria Municipal do Desenvolvimento Social, que sofreu acidente conforme certidão nº 10401. Melhores descrições estão no Termo de Referência e demais documentos que integram o devido processo de Dispensa.",Homologada
2024,20757,PREGÃO LEI 14.133/21 ELETRÔNICO,26/2024,222,Registro de preços para aquisição de materiais essenciais de informática e tecnologia.,Homologada
2024,20566,PRD DISPENSA EXCETO PEQUENO VALOR,27/2024,54,"Aquisição de equipamento Pulverizador costal a bateria, para ser usado pela Vigilância Epdemiológica na aplicação de inseticida método BRI (borrifador domiciliar residual intradomiciliar), tendo em vista o grande aumento de infestação do mosquito Aedes Aegypti e as doenças que ele pode transmitir à população. Maiores detalhes estão no processo de Dispensa Emergencial de Licitação.",Homologada
2024,20870,INEXIGIBILIDADE,27/2024,331,"O objeto da presente inexigibilidade de licitação é a contratação da empresa Fundação Ivan Goulart,  para a prestação de serviços de realização de exames de alta e média complexidade, tomografias computadorizadas e ressonâncias magnéticas ( sem contraste ). Melhores descrições estão no Termo de Referência e demais documentos que integram o devido processo de Inexigibilidade.",Homologada
2024,20758,PREGÃO LEI 14.133/21 ELETRÔNICO,27/2024,223,"Registro de preços para aquisição de materiais de expediente, educativos e esportivos",Homologada
2024,20904,INEXIGIBILIDADE,28/2024,365,"Contratação de empresa especializada para efetuar o projeto de realização de estudo de viabilidade econômico-financeiro - EVE, para a concessão do aeroporto João Manoel em São Borja/RS.",Homologada
2024,20567,PRD DISPENSA EXCETO PEQUENO VALOR,28/2024,55,"Aquisição de material gráfico para divulgação das campanhas referente ao Mosquito Aedes Aegypti, devido ao grande aumento de sua proliferação e consequentemente as doenças que ele transmite. Maiores informações no processo de dispensa de licitação.",Homologada
2024,20779,PREGÃO LEI 14.133/21 ELETRÔNICO,28/2024,244,Aquisição de duas motocicletas adaptadas como motolâncias para suporte de emergência junto ao SAMU.,Em Andamento
2024,20781,PREGÃO LEI 14.133/21 ELETRÔNICO,29/2024,246,Registro de preço para aquisição de carga de oxigênio medicinal.,Homologada
2024,20568,PRD DISPENSA EXCETO PEQUENO VALOR,29/2024,56,Aquisição de materiais  para serem usados nos equipamentos de roçadas pertencentes ao serviços urbanos.,Homologada
2024,21025,INEXIGIBILIDADE,29/2024,470,"Contratação da Associação de Pais e Amigos dos Excepcionais  APAE para repassar valores conforme portarias nº 3.807/2024 e nº 3.737/2024, de recurso Federal de emenda parlamentar de comissão, incremento temporário ao custeio dos serviços de Atenção Especializada À Saúde.  Melhores descrições estão no Termo de Referência e demais documentos que integram o processo de Inexigibilidade de licitação",Homologada
2024,20787,PREGÃO LEI 14.133/21 ELETRÔNICO,30/2024,252,"Aquisição de bens permanentes, com utilização de recursos federais, destinados à Associação de Pais e Amigos dos Excepcionais, entidade filantrópica de cunho assistencial.",Homologada
2024,21030,INEXIGIBILIDADE,30/2024,475,"O objeto da presente Inexigibilidade de Licitação é a contratação de empresa para realização de curso/capacitação referente ao Sistema Nacional de Atendimento Socioeducativo (SINASE) e medidas Socioeducativas (MSE) a Rede de Proteção da Criança e do Adolescente do município. Maiores detalhes estão no Termo de Referência, na proposta da empresa e no processo de inexigibilidade de licitação.",Homologada
2024,20569,PRD DISPENSA EXCETO PEQUENO VALOR,30/2024,57,"LUVAS NITRÍLICAS DESTINADAS PARA USO DOS SERVIDORES, QUE PRESTAM SERVIÇOS NOS ABATEDOUROS.",Homologada
2024,20810,PREGÃO LEI 14.133/21 ELETRÔNICO,31/2024,274,"Registro de Preço para aquisição de peças de reposição para roçadeiras, moto podas e motosserras.",Homologada
2024,21032,INEXIGIBILIDADE,31/2024,477,"O objeto da presente Inexigibilidade de Licitação é a contratação de empresa para realização de assessoria e supervisão ao Centro de Referência Especializado de Assistência Social  CREAS, com a finalidade de qualificar o atendimento e a equipe local. Maiores detalhes estão no Termo de Referência, na proposta da empresa e no processo de inexigibilidade de licitação.",Homologada
2024,20573,PRD DISPENSA EXCETO PEQUENO VALOR,31/2024,58,"Materiais para serem usados nos equipamentos de roçadas ,pertencentes aos SERVIÇOS URBANOS.",Homologada
2024,21062,INEXIGIBILIDADE,32/2024,505,"Aquisição de peças para manutenção da VTR 294  Motoniveladora XCMG, modelo GR 1803BR, ano 2019. Maiores detalhes estão no termo de referência, proposta da empresa e demais documentos que compõem o processo de Inexigibilidade de licitação.",Homologada
2024,20820,PREGÃO LEI 14.133/21 ELETRÔNICO,32/2024,283,Registro de preço para o aluguel de equipamentos concentradores de oxigênio destinados aos pacientes usuários do SUS.,Homologada
2024,20574,PRD DISPENSA EXCETO PEQUENO VALOR,32/2024,59,Aquisição de bomba submersa de alta pressão destinada para a localidade de Vila Brites. Maiores detalhes estão no processo de dispensa emergencial de licitação.,Homologada
2024,21067,INEXIGIBILIDADE,33/2024,510,"Aquisição de peças para manutenção da VTR 332  Compactador Vibrador XCMG XS12PDBR ano 2021. Maiores detalhes estão no termo de referência, proposta da empresa e demais documentos que compõem o processo de Inexigibilidade de licitação.",Homologada
2024,20575,PRD DISPENSA EXCETO PEQUENO VALOR,33/2024,60,"Contratação de empresa especializada para organização de uma das etapas dos festejos carnavalescos, desfile de Carnaval de Rua do ano de 2024, devido ao Pregão Eletrônico nº 002/2024/DCL/SMPOP restar fracassado. O evento está previsto para o dia 06/04/2024 na avenida Venâncio Aires. Maiores detalhes estão no processo de dispensa e seus anexos.",Homologada
2024,20822,PREGÃO LEI 14.133/21 ELETRÔNICO,33/2024,285,Aquisição de um veículo zero-quilômetro para uso das equipes do Departamento de Serviços Urbanos.,Homologada
2024,20577,PRD DISPENSA EXCETO PEQUENO VALOR,34/2024,62,"Aquisição de 120 litros de leite de soja destinado as EMEIs, para atender a demanda de alunos que apresentam intolerância à proteína do leite de vaca e derivados. Maiores detalhes estão no processo de dispensa e seus anexos.",Homologada
2024,21092,INEXIGIBILIDADE,34/2024,535,Prestação de serviço para realizar as manutenções preventivas do equipamento de hematologia HORIBA YUMIZEN H500 e do equipamento de bioquímica BIOCLIN 2000 PLUS com intuito de manter em funcionamento os atendimentos a população. Maiores detalhes estão no Termo de Referência e no processo de Inexigibilidade de licitação.,Homologada
2024,20828,PREGÃO LEI 14.133/21 ELETRÔNICO,34/2024,291,"Registro de preços para aquisição de insumos de reação, materiais de procedimento, utensílios de rotina e equipamentos necessários para manutenção e adequação dos serviços no Laboratório de Fronteira de São Borja  RS.",Homologada
2024,20835,PREGÃO LEI 14.133/21 ELETRÔNICO,35/2024,298,"Contratação de empresa especializada para prestação de serviços de impressão, cópia, digitalização, caracterizado como outsourcing de impressão, com fornecimento de impressoras multifuncionais e suprimentos (inclusive papel) dos equipamentos para a Prefeitura Municipal de São Borja e suas Secretarias",Homologada
2024,21113,INEXIGIBILIDADE,35/2024,556,"Contratação do Serviço Social do Comércio  SESC/RS para, em parceria com o Município, realizar o evento 37ª Feira do Livro que terá início dia 07 de novembro, na Praça da Lagoa. Maiores detalhes estão no Termo de Referência e no processo de Inexigibilidade de licitação.",Homologada
2024,20581,PRD DISPENSA EXCETO PEQUENO VALOR,35/2024,66,"Aquisição de peças destinadas a manutenção mecânica dos Micro-Ônibus placas: IRW1214, IVH8605 e IWJ6361.",Homologada
2024,20582,PRD DISPENSA EXCETO PEQUENO VALOR,36/2024,67,"AQUISIÇÃO DE PEÇAS E SERVIÇOS PARA A MANUTENÇÃO DA VTR.220 FORD TRANSIT, PLACAS IVE 3571, UTILIZADA NO ATENDIMENTO DAS DEMANDAS DA SMDS.",Homologada
2024,20844,PREGÃO LEI 14.133/21 ELETRÔNICO,36/2024,305,"Aquisição de bens permanentes, equipamentos e mobiliário destinados às unidades subordinadas da Secretaria Municipal de Desenvolvimento Social.",Homologada
2024,21141,INEXIGIBILIDADE,36/2024,584,"Contratação de show de mágica dos ilusionistas Henry e Klaus, por intermédio da sociedade empresária Henry Vargas Produções Ltda, para o evento de abertura das comemorações do Natal de 2024, que se realizará no dia 07.12.2024, em frente à Prefeitura de São Borja. Maiores detalhes estão no Termo de Referência e no processo de Inexigibilidade de licitação.",Homologada
2024,20587,PRD DISPENSA EXCETO PEQUENO VALOR,37/2024,68,MATERIAL  E MÃO DE OBRA PARA MANUTENÇÃO DO VEICULO CITROEN JUMPER ISA6994-VTR 195,Homologada
2024,20903,PREGÃO LEI 14.133/21 ELETRÔNICO,37/2024,364,"Aquisição de câmaras de refrigeração para conservação de imunobiológicos visando a guarda e conservação das vacinas nas unidades de saúde, com recursos provenientes por meio das Emendas Parlamentares de nº 32980009 e nº 41680006.",Homologada
2024,21140,INEXIGIBILIDADE,37/2024,583,"Aquisição de 75 unidades do livro A História Pelas Ruas de São Borja, do escritor José Newton Rodrigues Falcão. Maiores detalhes estão no Termo de Referência e no processo de Inexigibilidade de licitação, feito pela Secretaria Municipal de Educação..",Homologada
2024,21154,INEXIGIBILIDADE,38/2024,597,"O objeto da presente inexigibilidade de licitação é a contratação do grupo  Aldeia Teatral Ltda, para apresentação artística de um musical de Natal, com espetáculo criado para contar a história do Natal na cidade de São Borja. O evento ocorrerá no dia 07/12/2024, em frente a Prefeitura de São Borja. Maiores detalhes estão descritos no Termo de Referência, aprovado pelo Prefeito e pelo Secretário, e demais documentos que integram o devido processo de Inexigibilidade.",Homologada
2024,21009,PREGÃO LEI 14.133/21 ELETRÔNICO,38/2024,455,Registro de preços para aquisição de materiais médico hospitalar e ambulatorial.,Homologada
2024,20593,PRD DISPENSA EXCETO PEQUENO VALOR,38/2024,71,COMPRA DE MANGA PRETA DESTINADA PARA A MANUTENÇÃO DA REDE DE AGUA COMUNITARIA DA LOCALIDADE DA VILA BRITES.,Homologada
2024,21011,PREGÃO LEI 14.133/21 ELETRÔNICO,39/2024,457,Registro de preços para aquisição de ares-condicionados para as dependências da Prefeitura de São Borja.,Homologada
2024,21165,INEXIGIBILIDADE,39/2024,608,"O objeto da presente inexigibilidade de licitação é a contratação de serviços de sonorização, iluminação, estrutura e pessoal técnico especializado para instalação de equipamentos necessários para ocorrer o Master Show dos Ilusionistas Henry e Klauss, com intuito de atender as determinações do Manual do Cliente  Rider Master Show, elaborado para realização do evento, pela empresa responsável. Maiores detalhes estão descritos no Termo de Referência, aprovado pelo Prefeito e pelo Chefe de Gabinete, e demais documentos que integram o devido processo de Inexigibilidade, autorizado pelo Prefeito.",Homologada
2024,20594,PRD DISPENSA EXCETO PEQUENO VALOR,39/2024,72,Compra emergencial de luvas para proteção individual dos servidores atuantes com a Vigilância Epidemiológica no combate à dengue a ao mosquito Aedes Aegypti.,Homologada
2024,21014,PREGÃO LEI 14.133/21 ELETRÔNICO,40/2024,460,"Registro de preço para aquisição de  ferramentas de penetração no solo (FPS) e seus acessórios, para manutenção da frota utilizada na conservação de estradas e vias do Município, pela Prefeitura Municipal De São Borja.",Homologada
2024,20595,PRD DISPENSA EXCETO PEQUENO VALOR,40/2024,73,Compra emergencial do medicamento Biperídeno 2mg comprimido. Maiores detalhes estão no processo de dispensa emergencial de licitação em anexo.,Homologada
2024,20596,PRD DISPENSA EXCETO PEQUENO VALOR,41/2024,74,Aquisição de materiais de higiene e limpeza destinado as EMEIS e EMEFs estimados para o período de 60 dias.,Homologada
2024,21017,PREGÃO LEI 14.133/21 ELETRÔNICO,41/2024,463,Registro de Preços para aquisição de baterias novas para a frota de veículos da Prefeitura Municipal de São Borja.,Homologada
2024,20603,PRD DISPENSA EXCETO PEQUENO VALOR,42/2024,75,"AQUISIÇÃO DE MATERIAIS  A SEREM USADOS NOS EQUIPAMENTOS DE ROÇADAS,PERTENCENTES AOS SERVIÇOS URBANOS.",Homologada
2024,21026,PREGÃO LEI 14.133/21 ELETRÔNICO,42/2024,471,Registro de preços para aquisição de gêneros alimentícios,Homologada
2024,20604,PRD DISPENSA EXCETO PEQUENO VALOR,43/2024,76,"AQUISIÇÃO DE PEÇAS E MÃO DE OBRA PARA O CONSERTO DA VTR 206,FORD FIESTA 1.6 FLEX,ANO 2012 ,PLACA ITD 6421,PERTENCENTE A SMPOP.",Homologada
2024,21035,PREGÃO LEI 14.133/21 ELETRÔNICO,43/2024,480,Registro de preços para aquisição de fraldas descartáveis geriátricas,Homologada
2024,20606,PRD DISPENSA EXCETO PEQUENO VALOR,44/2024,77,"COMPRA DE PAPEL SULFITE PARA IMPRESSORA PLOTTER,GLAMATURA 914mm x 45mm  75g.",Homologada
2024,21048,PREGÃO LEI 14.133/21 ELETRÔNICO,44/2024,492,"Registro de Preços para aquisição de óleos, lubrificantes e graxas para a frota de veículos da Prefeitura Municipal de São Borja.",Homologada
2024,20608,PRD DISPENSA EXCETO PEQUENO VALOR,45/2024,79,"Aquisição de gêneros alimentícios perecíveis, considerando que o registro de preços não está mais vigente e que os projetos executados pela SMDS, não podem ser interrompidos. A aquisição deve ser pelo período em que será feito novo registro de preços. Maiores detalhes estão no processo de dispensa.",Homologada
2024,21051,PREGÃO LEI 14.133/21 ELETRÔNICO,45/2024,495,Registro de preços para contratação de empresa especializada para prestação de serviços de sonorização e palco para eventos da municipalidade.,Homologada
2024,20609,PRD DISPENSA EXCETO PEQUENO VALOR,46/2024,80,"CONTRATAÇÃO DE EMPRESA PARA AQUISIÇÃO DE PEÇAS  E SERVIÇO  PARA MANUTENÇÃO DO VEICULO CITROEN MINIONIBUS JUMPER,PLACA NWF4490,VTR 183,PARA ATENDIMENTO AS DEMANDAS  DAS UNIDADES DA SMDS.",Homologada
2024,21075,PREGÃO LEI 14.133/21 ELETRÔNICO,46/2024,518,Registro de preços para futura aquisição de medicamentos para\r\nusuários do Sistema Único de Saúde (SUS),Homologada
2024,20610,PRD DISPENSA EXCETO PEQUENO VALOR,47/2024,81,"Aquisição emergencial de vestimenta de proteção individual para pulverização, a ser utilizada pelos servidores atuantes no combate aos focos de larvas do mosquito Aedes Aegypti. Maiores detalhes estão no processo de dispensa emergencial de licitação.",Homologada
2024,21112,PREGÃO LEI 14.133/21 ELETRÔNICO,47/2024,555,Aquisição de uma prensa enfardadeira e uma esteira em lona emborrachada,Homologada
2024,21119,PREGÃO LEI 14.133/21 ELETRÔNICO,48/2024,562,Registro de preços para aquisição de cargas de gás liquefeito de petróleo (GLP) em vasilhames de 13 kg (P13) e 45 kg (P45),Homologada
2024,20611,PRD DISPENSA EXCETO PEQUENO VALOR,48/2024,82,Aquisição emergencial de luvas de proteção individual a ser utilizada pelos servidores atuantes no combate aos focos de larvas do mosquito Aedes Aegypti. Maiores detalhes estão no processo de dispensa emergencial de licitação.,Homologada
2024,21147,PREGÃO LEI 14.133/21 ELETRÔNICO,49/2024,590,"Registro de preços para aquisição de insumos de reação, materiais\r\nde procedimento, utensílios de rotina e equipamentos necessários\r\npara manutenção e adequação dos serviços no Laboratório de Fron-\r\nteira de São Borja - RS",Homologada
2024,20612,PRD DISPENSA EXCETO PEQUENO VALOR,49/2024,83,"AQUISIÇÃO DE PEÇAS   PARA MANUTENÇÃO DA  VTR 303-FIAT MOBY,ANO 2019,PLACA IZV4J26.LAUDO TECNICO Nº 001/24.",Homologada
2024,21187,PREGÃO LEI 14.133/21 ELETRÔNICO,50/2024,628,"Registro de preços para aquisição de extintores prediais e automotivos, recargas e aquisição de placas de sinalização de segurança para atender as demandas das unidades da Prefeitura Municipal de São Borja.",Homologada
2024,20614,PRD DISPENSA EXCETO PEQUENO VALOR,50/2024,85,Aquisição  de uniformes para os servidores que prestam serviços nos abatedouros e em estabelecimentos registrados no SIM .Serviço de inspeção municipal,Homologada
2024,20615,PRD DISPENSA EXCETO PEQUENO VALOR,51/2024,86,AQUISIÇÃO DE EPI'S DESTINADOS PARA OS SERVIDORES QUE PRESTAM SERVIÇOS  NOS ABATEDOUROS.,Homologada
2024,21234,PREGÃO LEI 14.133/21 ELETRÔNICO,51/2024,675,Registro de Preços para aquisição de equipamentos de  Tecnologia da Informação e Comunicação - TIC para atender as demandas das unidades da Prefeitura Municipal de São Borja.,Homologada
2024,20616,PRD DISPENSA EXCETO PEQUENO VALOR,52/2024,87,"AQUISIÇÃO DE TROFÉUS E MEDALHAS PARA O CAMPEONATO AMADOR DE 2023,CATEGORIA MASTER E VETERANOS.",Homologada
2024,21246,PREGÃO LEI 14.133/21 ELETRÔNICO,52/2024,687,"Registro de Preços para os serviços de instalação, desinstalação e manutenção preventiva de ares-condicionados split para as dependências da Prefeitura de São Borja.",Homologada
2024,20617,PRD DISPENSA EXCETO PEQUENO VALOR,53/2024,88,"COMPRA DE FILTRO  DO ÓLEO LUBRIFICANTE PARA VTR 280,TRATOR JOHN DEERE,MODELO 6100J,ANO 2018.",Homologada
2024,20618,PRD DISPENSA EXCETO PEQUENO VALOR,54/2024,89,"AQUISIÇÃO DE MATERIAIS(TIJOLOS,AREIA E CIMENTO).  PARA MANUTENÇÃO DAS BOCAS DE LOBOS DAS VIAS PUBLICAS.",Homologada
2024,20619,PRD DISPENSA EXCETO PEQUENO VALOR,55/2024,90,"AQUISIÇÃO DE AREIA,CAL PARA PINTURA E FIXADOR,E BROCHA DE PINTURA RETANGULAR 15,5CM X5,5CM,PARA MANUTENÇÃO DE PRAÇAS E VIAS PUBLICAS.",Homologada
2024,20620,PRD DISPENSA EXCETO PEQUENO VALOR,56/2024,91,"Confecção de pastas e crachás a serem utilizados na 8ª Conferência Municipal de Gestão do Trabalho e da Educação na Saúde, que será realizada no dia 25/04/2025 no SENAC - São Borja.",Homologada
2024,20621,PRD DISPENSA EXCETO PEQUENO VALOR,57/2024,92,"AQUISIÇÃO DE REPRODUÇÃO GRAFICA EM FOLHA A4 EM PRETO E BRANCO A SEREM DISTRIBUIDAS DURANTE A 8º CONFÊRENCIA MUNICIPAL DE GESTÃO DO TRABALHO  E DA EDUCAÇÃO  NA SAUDE A REALIZAR-SE  NO DIA 25 DE ABRIL DE 2024,NO SENAC.",Homologada
2024,20622,PRD DISPENSA EXCETO PEQUENO VALOR,58/2024,93,"AQUISIÇÃO DE CANETAS ESFEROGRÁFICAS NA COR  AZUL ,PARA SEREM UTILIZADAS DURANTE A 8º CONFERÊNCIA  MUNICIPAL DE GESTÃO DO TRABALHO E DA EDUCAÇÃO NA SAÚDE A REALIZAR-SE NO DIA 25 DE ABRIL DE 2024 NO SENAC.",Homologada
2024,20623,PRD DISPENSA EXCETO PEQUENO VALOR,59/2024,94,AQUISIÇÃO DE FOLHAS  A4 PAPEL COUCHÊ 230GR PARA CERTIFICADO A SEREM DISTRIBUÍDAS DURANTE A 8º CONFERÊNCIA MUNICIPAL DE GESTÃO DO TRABALHO E DA EDUCAÇÃO  NA SAÚDE A REALIZAR-SE NO DIA 25 DE ABRIL DE 2024 NO SENAC.,Homologada
2024,20624,PRD DISPENSA EXCETO PEQUENO VALOR,60/2024,95,"AQUISIÇÃO  DE  PEÇAS PARA MANUTENÇÃO DA VTR 185, CAMINHÃO CAÇAMBA 6X2,PLACAS IRC2662,MARCA M BENS,ANO 2010.",Homologada
2024,20627,PRD DISPENSA EXCETO PEQUENO VALOR,61/2024,98,"AQUISIÇÃO DE PEÇAS E MÃO DE OBRA  PARA MANUTENÇÃO DA VTR 165,TRATOR MARCA MASSEY FERGUSON,MODELO 283-4X4 ADVANCED ANO 2009.",Homologada
2024,20629,PRD DISPENSA EXCETO PEQUENO VALOR,62/2024,100,"AQUISIÇÃO DE PEÇAS E MÃO DE OBRA PARA MANUTENÇÃO DA VTR 297,MARCA FORD,MODELO CARGO,ANO 2019/2019,PLACAS IIZ8G58.",Homologada
2024,20630,PRD DISPENSA EXCETO PEQUENO VALOR,63/2024,101,"AQUISIÇÃO DE PEÇAS E MÃO DE OBRA PARA CONSERTO DE VEICULO  AMBULÃNCIA-VTR317 FIAT FIORINO,PLACA:JAP2G16,ANO/MODELO:2020/2021",Homologada
2024,20631,PRD DISPENSA EXCETO PEQUENO VALOR,64/2024,102,"AQUISIÇÃO DE MATERIAL GRÁFICO 500 FOLDERS PARA FARMÁCIA BÁ SICA DA ZONA SUL ,DIVULGANDO SUA LOCALIZAÇÃO PARA A COMUNIDADE ATENDIDA NOS ESF's 6,7,8,9,13,14, E 17 DO MUNICÍPIO.",Homologada
2024,20632,PRD DISPENSA EXCETO PEQUENO VALOR,65/2024,103,"AQUISIÇÃO DE PEÇAS E MÃO DE OBRA PARA MANUTENÇÃO DA VTR338,FIAT STRADA FREEDOM CD 1.3 FLEX,PLACAS JBU5C17,ANO/MODELO 22/23.",Homologada
2024,20633,PRD DISPENSA EXCETO PEQUENO VALOR,66/2024,104,"Contratação de prestação de serviço para os cursos do programa Qualificação RS presente no convênio entre Município de São Borja e o Estado do Rio Grande do Sul, com intuito de fortalecer a qualificação e capacitação profissional.",Homologada
2024,20634,PRD DISPENSA EXCETO PEQUENO VALOR,67/2024,105,"Aquisição de gêneros alimentícios destinados ao preparo e complemento da alimentação escolar ofertada nos educandários municipais, para o período 15 dias, até que seja finalizado o processo licitatório em andamento.",Homologada
2024,20635,PRD DISPENSA EXCETO PEQUENO VALOR,68/2024,106,AQUISIÇÃO DE 15  RECARGAS DE TÔNERS PARA IMPRESSORAS UTILIZADAS PARA OS ATENDIMENTOS NO CER II.,Homologada
2024,20637,PRD DISPENSA EXCETO PEQUENO VALOR,69/2024,108,"AQUISIÇÃO DE MATERIAL ELÉTRICO PARA SER UTILIZADO NOS SERVIÇOS DE ELETRICIDADE NAS ESFs ,DEPARTAMENTOS E UNIDADES DA SECRETARIA MUNICIPAL DE SAÚDE PELO PROFISSIONAL ELETRICISTA.",Homologada
2024,20639,PRD DISPENSA EXCETO PEQUENO VALOR,70/2024,110,"AQUISIÇÃO DE PEÇAS E MÃO DE OBRA PARA MANUTENÇÃO DA VTR 224,GM,CLASSIC,PLACA IVF5965.",Homologada
2024,20642,PRD DISPENSA EXCETO PEQUENO VALOR,71/2024,113,AQUISIÇÃO DE 50 CAMISETAS E 300 CARTAZES DESTINADOS Á DIVULGAÇÃO DAS AÇÕES VOLTADAS AO MAIO LARANJA.,Homologada
2024,20644,PRD DISPENSA EXCETO PEQUENO VALOR,72/2024,115,"COMPRA DE MATERIAIS DE HIGIENE E LIMPEZA PARA CONTINUIDADE DOS PROJETOS DESENVOLVIDOS PELA SECRETARIA NA CASA DE ACOLHIDA ,CENTRO DIA DO IDOSO,RESTAURANTE POPULAR E GRUPOS  DE CONVIVÊNCIA DOS  5 CRAS(ARNELDO MATTTER,LEONEL BRIZOLA,CENTRO ,PASSO E PARABOI).",Homologada
2024,20645,PRD DISPENSA EXCETO PEQUENO VALOR,73/2024,116,"Aquisição do medicamento Ceftriaxona sódica 500mg pó para solução injetável IM IV, para SMS. O medicamento esta em falta e pode prejudicar o tratamento dos pacientes que o necessitam. O medicamento mencionado foi objeto do Pregão Eletrônico nº 34/2023, porém o fornecedor vencedor não conseguiu fornece-lo. Maiores detalhes estão no processo de dispensa.",Homologada
2024,20646,PRD DISPENSA EXCETO PEQUENO VALOR,74/2024,117,"Aquisição de 500 (quinhentos) pacotes de compressa cirúrgica de gaze hidrofila, a ser utilizado em todo e qualquer curativo, bem como em procedimentos cirúrgicos, devido o item ter sido fracassado nos últimos dois pregões eletrônicos, ressalta-se que a presente contratação é para suprir a demanda até que seja concluída a licitação que está em andamento.",Homologada
2024,20647,PRD DISPENSA EXCETO PEQUENO VALOR,75/2024,118,"AQUISIÇÃO DE PEÇAS E  MÃO DE OBRA PARA MANUTENÇÃO DA VTR 296,VW CTC 6X2 ,PLACAS IZQ1G22,ANO/MODELO 19/20.",Homologada
2024,20648,PRD DISPENSA EXCETO PEQUENO VALOR,76/2024,119,"AQUISIÇÃO DE PEÇAS E MÃO DE OBRA PARA MANUTENÇÃO DA VTR 232,ÔNIBUS M.BENZ/OF 1519, PLACAS IVK1975,ANO/MODELO 14/14.",Homologada
2024,20663,PRD DISPENSA EXCETO PEQUENO VALOR,77/2024,133,"A contratação de prestação de serviço para dar continuidade no Programa Capacitar, dando ênfase nas empresas locais, buscando alinhar o contexto de modernidade e inovação, junto com as consultorias e cursos que o SEBRAE oferece. Maiores detalhes estão no processo de dispensa, no termo de referência e no plano de ações.",Homologada
2024,20652,PRD DISPENSA EXCETO PEQUENO VALOR,78/2024,123,"AQUISIÇÃO DE PEÇAS  PARA MANUTENÇÃO DA VTR 340,FOTON,AUMARK S11t, PLACAS JBX1C16,ANO/MODELO 2022/2023.",Homologada
2024,20653,PRD DISPENSA EXCETO PEQUENO VALOR,79/2024,124,"CONTRATAÇÃO DE ENGENHEIRO AGRÔNOMO  LEGALMENTE HABILITADO  OU EMPRESA ESPECIALIZADA PARA ELABORAÇÃO DE LAUDO TÉCNICO COM A DEFINIÇÃO DO  VALOR DA TERRA NUA(VTN) POR HECTARE DO IMÓVEL RURAL NO MUNICÍPIO DE SÃO BORJA,A SER INFORMADO A RECEITA FEDERAL DO BRASIL PARA FINS DE COBRANÇA E FISCALIZAÇÃO DO IMPOSTO TERRITORIAL RURAL (ITR).",Homologada
2024,20654,PRD DISPENSA EXCETO PEQUENO VALOR,80/2024,125,"AQUISIÇÃO DE MATERIAL BRITA Nº 0 E PEDRAS IRREGULARES,PARA MANUTENÇÃO DAS VIAS PÚBLICAS.",Homologada
2024,20655,PRD DISPENSA EXCETO PEQUENO VALOR,81/2024,126,"AQUISIÇÃO DE MATERIAL DE SINALIZAÇÃO VISUAL,ADESIVOS EM VINIL IMPRESSÃO DIGITAL E COLORIDO PARA AS UNIDADES DO RESTAURANTE POPULAR E ALBERGUE MUNICIPAL.",Homologada
2024,20658,PRD DISPENSA EXCETO PEQUENO VALOR,82/2024,129,"Termo de fomento para executar o Projeto ""mais melodia, som e cidadania"", mantendo as atividades da entidade, cujo fim é proporcionar aulas de música como ferramenta motivacional proporcionando aprendizado em tocar um instrumento musical e por meio deste aprimorar o processo de inclusão social de crianças e adolescentes.",Homologada
2024,20659,PRD DISPENSA EXCETO PEQUENO VALOR,83/2024,130,"Termo de Fomento com a finalidade de executar o Projeto ""Tecnologia da informação - O futuro é agora"", mantendo as atividades da entidade, cujo fim é oportunizar aprendizado baseado em tecnologias com potencial de tornar os aspectos da educação de crianças e adolescentes mais fáceis, atrativos e equitativos.",Homologada
2024,20660,PRD DISPENSA EXCETO PEQUENO VALOR,84/2024,131,"AQUISIÇÃO DE SERVIÇO DE MÃO DE OBRA E PEÇAS AUTOMOTIVAS PARA MANUTENÇÃO MECÂNICA DO MICRO-ÔNIBUS IVECO/CITYCLASS 70C16,ANO/MODELO 2010/2011,PLACAS IRW-1214,VTR 193,VEÍCULO DO TRANSPORTE ESCOLAR DA SMED.",Homologada
2024,20661,PRD DISPENSA EXCETO PEQUENO VALOR,85/2024,132,"AQUISIÇÃO DE PEÇAS E MÃO DE OBRA PARA MANUTENÇÃO DA VTR 316,SPRINTER 415 M.BENS,PLACAS JAP1L62,ANO/MODELO 19/20.",Homologada
2024,20664,PRD DISPENSA EXCETO PEQUENO VALOR,86/2024,134,CONTRATAÇÃQ  DE SERVIÇOS GRÁFICOS DE RECEITUÁRIOS ESPECIAIS A SEREM USADOS PELAS UNIDADES DE SAÚDE DO MUNICÍPIO DE SÃO BORJA.,Homologada
2024,20667,PRD DISPENSA EXCETO PEQUENO VALOR,87/2024,137,AQUISIÇÃO  DE MEDICAMENTO FITOTERÁPICO HARPAGOPHYTUM PROCUBENS.(GARRA DO DIABO).,Homologada
2024,20668,PRD DISPENSA EXCETO PEQUENO VALOR,88/2024,138,"CONTRATAÇÃO DE EMPRESA PARA RENOVAÇÃO DE SEGURO CONTRA ACIDENTE DE PASSAGEIROS E TRIPULANTES TRANSPORTADOS PELOS MICRO-ÔNIBUS VTR 193, VTR 210, VTR 211, VTR 249,E PELOS ÔNIBUS  VTR 130, VTR 129, VTR 179, VTR 190, VTR 191, VTR 212 E VTR 217.",Homologada
2024,20669,PRD DISPENSA EXCETO PEQUENO VALOR,89/2024,139,"AQUISIÇÃO DE PEÇAS E MÃO DE OBRA PARA CONSERTO DA VTR 212 ÔNIBUS VW/15.190 EOD E.S.ORE,PLACAS  IUC 2537,ANO/MODELO 2012/2013",Homologada
2024,20670,PRD DISPENSA EXCETO PEQUENO VALOR,90/2024,140,AQUISIÇÃO DE MATERIAIS DE HIGIENIZAÇÃO E LIMPEZA PARA USO NAS UNIDADES DE SAÚDE DO MUNICÍPIO.,Homologada
2024,20672,PRD DISPENSA EXCETO PEQUENO VALOR,91/2024,141,AQUISIÇÃO DE MATERIAIS DE CONSUMO DESTINADOS AOS PACIENTES ATENDIDOS NO CENTRO ESPECIALIZADO DE  REABILITAÇÃO-CER II E PELA CLÍNICA DE FISIOTERAPIA.,Homologada
2024,20673,PRD DISPENSA EXCETO PEQUENO VALOR,92/2024,142,"AQUISIÇÃO DE PEÇAS  E MÃO DE OBRA PARA CONSERTO DA  VTR ÔNIBUS  VW/15.190 EOD E.HD ORE  PLACAS  IRV5472, ANO/MODELO 2011.",Homologada
2024,20674,PRD DISPENSA EXCETO PEQUENO VALOR,93/2024,143,"Contratação de empresa para prestação de serviço de transporte escolar rural de alunos no interior do município, de forma emergencial, na Linha Nhú-porã 06 (rincão de São João), atendendo a EEEM Militina Pereira Alvares. Maiores detalhes no processo de dispensa e no termo de referência.",Homologada
2024,20675,PRD DISPENSA EXCETO PEQUENO VALOR,94/2024,144,PUBLICAÇÃO DE EDITAL DE AVISO DE EXUMAÇÃO Nº 01/2024/SMIESUST/SETOR  DE CEMITÉRIOS.,Homologada
2024,20676,PRD DISPENSA EXCETO PEQUENO VALOR,95/2024,145,AQUISIÇÃO DE RECARGAS DE TONNER DAS  IMPRESSORAS PARA AS UNIDADES DA SECRETARIA DE SAÚDE QUE POSSUEM IMPRESSORAS PRÓPRIAS.,Homologada
2024,20677,PRD DISPENSA EXCETO PEQUENO VALOR,96/2024,146,"CONTRATAÇÃO DE SERVIÇOS DE ENCADERNAÇÕES DE LEIS ,DECRETOS E PORTARIAS DO ANO DE 2023,EM LIVROS DE ATÉ 500 FOLHAS ,COM CAPA DURA (BROCHURA ),COM NOME,ANO GRIFADO E INDICAÇÃO  DE NÚMERO ""DE...ATÉ...""NA CAPA E LOMBADA.",Homologada
2024,20679,PRD DISPENSA EXCETO PEQUENO VALOR,97/2024,148,"AQUISIÇÃO DE PEÇAS E SERVIÇOS PARA A MANUTENÇÃO DO VEÍCULO V/W/KOMBI,PLACAS ING9606,VTR 147, ANO/MODELO 2006.",Homologada
2024,20681,PRD DISPENSA EXCETO PEQUENO VALOR,98/2024,150,AQUISIÇÃO DE MATERIAIS ODONTOLÓGICOS PARA USO NOS SETORES DE ODONTOLOGIA DA SECRETARIA DE SAÚDE.,Homologada
2024,20682,PRD DISPENSA EXCETO PEQUENO VALOR,99/2024,151,AQUISIÇÃO DE MATERIAIS DESCARTÁVEIS  PARA ATENDIMENTO  ÁS DEMANDAS DAS UNIDADES SUBORDINADAS Á SECRETARIA DE DESENVOLVIMENTO SOCIAL.,Homologada
2024,20683,PRD DISPENSA EXCETO PEQUENO VALOR,100/2024,152,"AQUISIÇÃO DE CAMA-BELICHE E ROUPAS DE CAMA,MESA E BANHO PARA USO NA CASA DE ACOLHIDA.",Homologada
2024,20684,PRD DISPENSA EXCETO PEQUENO VALOR,101/2024,153,Aquisição de medicamentos para usuários do Sistema Único de Saúde (SUS) da cidade de São Borja a serem distribuídos nas farmácias básicas do município.,Homologada
2024,20688,PRD DISPENSA EXCETO PEQUENO VALOR,102/2024,157,"Contratação de prestação de serviço para os cursos do programa Qualificação RS presente no convênio FPE nº 3013/2023 entre Município de São Borja e o Estado do Rio Grande do Sul,  com intuito de fortalecer a qualificação e capacitação profissional. Maiores detalhes estão no processo de dispensa de licitação.",Homologada
2024,20689,PRD DISPENSA EXCETO PEQUENO VALOR,103/2024,158,"CONTRATAÇÃO DE SERVIÇO DE CONTROLE DE PRAGAS ,DESINFECÇÃO E DESALOJAMENTO DE MORCEGOS NO ESF-19-ALISON MACHADO.",Homologada
2024,20690,PRD DISPENSA EXCETO PEQUENO VALOR,104/2024,159,"AQUISIÇÃO DE PEÇAS E MÃO DE OBRA PARA MANUTENÇÃO DA VTR 294,VEÍCULO MOTONIVELADORA  GR 1803,MARCA XCMG 193 HP,ANO 2019,SEM PLACAS.",Homologada
2024,20691,PRD DISPENSA EXCETO PEQUENO VALOR,105/2024,160,"AQUISIÇÃO DE PEÇAS E SERVIÇOS PARA MANUTENÇÃO DA VTR 346,MARCA FIAT STRADA,ANO/MODELO 2013,PLACAS IUG5145.",Homologada
2024,20692,PRD DISPENSA EXCETO PEQUENO VALOR,106/2024,161,"AQUISIÇÃO DE SERVIÇO PARA  MANUTENÇÃO DA VTR 154, CAMINHÃO CAÇAMBA 6*2,M.BENZ L-1620 OM 906 LA,ANO/MODELO 2007,PLACAS INX1130.",Homologada
2024,20694,PRD DISPENSA EXCETO PEQUENO VALOR,107/2024,163,"AQUISIÇÃO DE PEÇAS E SERVIÇOS PARA MANUTENÇÃO DA VTR 257,MARCA:RANDON,MODELO:RD 406,MWM 4.1,ANO FABRICAÇÃO:2015,SEM PLACAS.",Homologada
2024,20695,PRD DISPENSA EXCETO PEQUENO VALOR,108/2024,164,"AQUISIÇÃO DE PEÇAS E SERVIÇOS PARA MANUTENÇÃO DO VEÍCULO GM CELTA 1.0,PLACAS IVC1D53, VTR 221,ANO/MODELO 2013/2014.",Homologada
2024,20696,PRD DISPENSA EXCETO PEQUENO VALOR,109/2024,165,"AQUISIÇÃO DE PEÇAS PARA MANUTENÇÃO DA VTR:184, MODELO:L-1620,ANO 2010,MARCA:M.BENZ OM 906 LA,VEÍCULO:CAMINHÃO CAÇAMBA 6*2,PLACAS:IRC2795.",Homologada
2024,20697,PRD DISPENSA EXCETO PEQUENO VALOR,110/2024,166,"CONTRATAÇÃO DE SERVIÇO PARA MANUTENÇÃO DA VTR 245,RETROESCAVADEIRA,MARCA:RANDON,MODELO:RD 406,ANO DE FABRICAÇÃO :2015,SEM PLACA.",Homologada
2024,20698,PRD DISPENSA EXCETO PEQUENO VALOR,111/2024,167,"CONTRATAÇÃO DE SERVIÇO PARA CONSERTO DA GELADEIRA  FRILUX,USADA PARA ACONDICIONAR DE FORMA SEGURA OS ALIMENTOS DESTINADOS  AOS USUÁRIOS DO CENTRO DIA DO IDOSO.",Homologada
2024,20700,PRD DISPENSA EXCETO PEQUENO VALOR,112/2024,169,"CONTRATAÇÃO DE SERVIÇOS E PEÇAS PARA MANUTENÇÃO MECÂNICA DA VTR 234,FURGÃO M.BENZ SPRINTER 515,ANO/MODELO 2014/2014,PLACAS IVO-3401,VEÍCULO DO DEPARTAMENTO DE MERENDA ESCOLAR DA SMED.",Homologada
2024,20701,PRD DISPENSA EXCETO PEQUENO VALOR,113/2024,170,"AQUISIÇÃO DE PEÇAS E SERVIÇO PARA MANUTENÇÃO DA VTR 242,VEÍCULO MOTONIVELADORA RG 140B,NEW HOLLAND,14.000 Kg,FPT,6.7 TIER II,ano:2014,sem placas.",Homologada
2024,20702,PRD DISPENSA EXCETO PEQUENO VALOR,114/2024,171,"CONTRATAÇÃO DE EMPRESA PARA FORNECIMENTO  DE SERVIÇOS DESTINADOS A MANUTENÇÃO  DO ÔNIBUS  M.BENZ/OF 1519, ANO/MODELO 2013/2013,PLACAS  IUS-0389, VTR 217,VEÍCULO DO DEPARTAMENTO DE TRANSPORTE ESCOLAR DA SMED.",Homologada
2024,20703,PRD DISPENSA EXCETO PEQUENO VALOR,115/2024,172,"AQUISIÇÃO DE PEÇA E SERVIÇO PARA MANUTENÇÃO DO ÔNIBUS M.BENZ/OF 1519,Ano/Modelo 2013/2013, PLACAS  IUS-0389,VTR 217,VEÍCULO DO DEPARTAMENTO DE TRANSPORTE ESCOLAR DA SMED.",Homologada
2024,20704,PRD DISPENSA EXCETO PEQUENO VALOR,116/2024,173,"AQUISIÇÃO DE PEÇAS E MÃO DE OBRA PARA MANUTENÇÃO DA  VTR 295,MOTONIVELADORA, GR 1803 BR XCMG,193 HP,QSB6.7.",Homologada
2024,20705,PRD DISPENSA EXCETO PEQUENO VALOR,117/2024,174,"AQUISIÇÃO DE PEÇAS E MÃO DE OBRA PARA MANUTENÇÃO DA VTR 243,PÁ CARREGADEIRA,NEW HOLLAND 12D,MWM TD 229.6,ANO/MODELO 2014.",Homologada
2024,20706,PRD DISPENSA EXCETO PEQUENO VALOR,118/2024,175,"Contratação de empresa especializada no ramo de segurança para prestar serviços de vigia desarmada, de forma a garantir a segurança das instalações do CAPS AD III e SAMU SALVAR, tendo em vista que o pregão eletrônico vigente não há possibilidade de incluir mais vigias. Maiores detalhes no termo de referência e no processo de dispensa de licitação.",Homologada
2024,20708,PRD DISPENSA EXCETO PEQUENO VALOR,119/2024,177,"AQUISIÇÃO DE PEÇAS E LUBRIFICANTES DA TERCEIRA REVISÃO KM OU TEMPO,DE 30.000 KM,DO VEÍCULO  NOVA STRADA FREDOM CD 1.3,COR BRANCA,PLACA JAU-1G85/RS,ANO 21/22,REVISÃO DE GARANTIA .",Homologada
2024,20709,PRD DISPENSA EXCETO PEQUENO VALOR,120/2024,178,"AQUISIÇÃO DE  4 BANDEIRAS ,SENDO 01 DO BRASIL,01 DO ESTADO DO RIO GRANDE DO SUL,01 DO MUNICÍPIO DE SÃO BORJA E 01 DO MERCOSUL,TAMANHO OFICIAL EM NYLON MARÍTIMO TRANÇADO,IMPERMEÁVEL AO TEMPO ,DUPLA FACE COM APLICAÇÕES PEÇA POR PEÇA ,BORDADOS EM ALTO RELEVO,RESISTÊNCIA COM REFORÇOS TRIPLOS EM SUAS EXTREMIDADES,TAMANHO OFICIAL,MEDINDO 0,90X1,28(2 PANOS).BORDADAS E REFORÇADAS.MATERIAL DURÁVEL PARA USO EM SOLENIDADES E EVENTUAIS NECESSIDADES DO GABINETE DO PREFEITO.",Homologada
2024,20711,PRD DISPENSA EXCETO PEQUENO VALOR,121/2024,180,"AQUISIÇÃO DE PEÇAS E MÃO DE OBRA PARA MANUTENÇÃO DA VTR 251,PLACAS:IWN7532,FORD CARGO2423,ANO/MODELO 2014/14 ISB 6.7.",Homologada
2024,20712,PRD DISPENSA EXCETO PEQUENO VALOR,122/2024,181,"AQUISIÇÃO DE PEÇAS E SERVIÇOS PARA MANUTENÇÃO DA VTR. 046, MASSEY FERGUNSON 235, ANO/MODELO 1990.",Homologada
2024,20714,PRD DISPENSA EXCETO PEQUENO VALOR,123/2024,182,AQUISIÇÃO DE PEÇAS PARA MANUTENÇÃO DA VTR.277.,Homologada
2024,20716,PRD DISPENSA EXCETO PEQUENO VALOR,124/2024,183,"AQUISIÇÃO DE PEÇAS PARA MANUTENÇÃO DA VTR.324 VW, 24.280 6X2, DIESEL, ANO/MODELO: 2015, PLACAS :IXF 0284.",Revogada
2024,20719,PRD DISPENSA EXCETO PEQUENO VALOR,125/2024,185,"AQUISIÇÃO DA POLIA DO VIRABREQUIM PARA MANUTENÇÃO DA VTR 297, CARGO ,FORD, PLACAS IIZS8G58,ANO/MODELO 2019/2019.",Homologada
2024,20720,PRD DISPENSA EXCETO PEQUENO VALOR,126/2024,186,"AQUISIÇÃO DE CHAPAS  09 FQ 1,2X2 PARA MANUTENÇÃO DA VTR 250,VEÍCULO CARGO 2429-S,PLACAS  IWO 1305,FORD,ANO/MODELO 2015.",Homologada
2024,20721,PRD DISPENSA EXCETO PEQUENO VALOR,127/2024,187,"AQUISIÇÃO DE PEÇAS E SERVIÇO PARA MANUTENÇÃO DA VTR 251, PLACAS  IWN7532,FORD,CARGO2423,CUMMINS ISB 6.7,ANO/MODELO 2014/14.",Homologada
2024,20722,PRD DISPENSA EXCETO PEQUENO VALOR,128/2024,188,"AQUISIÇÃO DE PEÇAS E MÃO DE OBRA PARA MANUTENÇÃO  DA VTR 138,UNO MILLE FIRE  FLEX,PLACAS IMR 3865,FIAT,ANO/MODELO:2005/06.",Homologada
2024,20723,PRD DISPENSA EXCETO PEQUENO VALOR,129/2024,189,"AQUISIÇÃO DE PEÇAS E MÃO DE OBRA PARA MANUTENÇÃO DA VTR 154,CAMINHÃO CAÇAMBA 6X2,M.BENZ L-1620 OM 906 LA,ANO/MODELO:2007,PLACAS INX 1130.",Homologada
2024,20724,PRD DISPENSA EXCETO PEQUENO VALOR,130/2024,190,"AQUISIÇÃO DE PEÇAS E MÃO DE OBRA PA MANUTENÇÃO DA VTR 246,ESCAVADEIRA,NEW HOLLAND,22.700Kg,E 215 C EVO,ANO/MODELO:2015,667TA/MEB.",Homologada
2024,20725,PRD DISPENSA EXCETO PEQUENO VALOR,131/2024,191,"AQUISIÇÃO DE PEÇAS E MÃO DE OBRA, PARA MANUTENÇÃO DA VTR. 256 - FIAT DOBLÔ CARGO FLEX, PLACAS APS 3935, ANO/MODELO 2008/2008",Homologada
2024,20726,PRD DISPENSA EXCETO PEQUENO VALOR,132/2024,192,"Aquisição de peças para manutenção mecânica do MICRO-ÔNIBUS MARCOPOLO/VOLARE V8L 4X4, Ano/Modelo 2012/2013, placas IUA-4959, VTR 211, veículo do Departamento de Transporte Escolar Smed. Maiores detalhes no processo de dispensa emergencial de licitação.",Homologada
2024,20727,PRD DISPENSA EXCETO PEQUENO VALOR,133/2024,193,"CONTRATAÇÃO DE SERVIÇO DE MANUTENÇÃO  DA VTR 191,ÔNIBUS VW/15.90 EOD E. HD ORE,PLACAS IRV5472,ANO/MODELO 2011/2011.",Homologada
2024,20729,PRD DISPENSA EXCETO PEQUENO VALOR,134/2024,195,"Aquisição dos itens e a realização do serviço a fim de realizar a manutenção da VTR 296. VTR :296, VEÍCULO: CAVALO TRATOR VW 25.360, MODELO: 25.360 CTC 6x2, MARCA: VW, ANO FABRICAÇÃO: 2019/20, CHASSIS: 9536R827XLR009373, POTÊNCIA: 360 hp, RENAVAN: 01209514793, MOTOR: Cummins 8.9. MEMO:77/274-AC: 58/24-LT:138/24,",Homologada
2024,20730,PRD DISPENSA EXCETO PEQUENO VALOR,135/2024,196,"AQUISIÇÃO DE SERVIÇO PARA MANUTENÇÃO DA VTR 297,CARGO,PLACAS IIZS8G58,FORD,ANO/MODELO 2019/2019.",Homologada
2024,20731,PRD DISPENSA EXCETO PEQUENO VALOR,136/2024,197,"AQUISIÇÃO DE PEÇAS E MÃO DE OBRA  PARA  MANUTENÇÃO DA VTR 321,CAMINHONETE,215/80R16,L-200,DIESEL,MITSUBISHI,ANO/MODELO 2002.",Homologada
2024,20733,PRD DISPENSA EXCETO PEQUENO VALOR,137/2024,198,"AQUISIÇÃO DE PEÇAS E MÃO DE OBRA PARA MANUTENÇÃO DA VTR.157 RETROESCAVADEIRA, 580 L 4X2 (NÃO CABINADA), CASE,  ANO/MODELO 2007. MOTOR CUMMINS, 5045020 BH 58 4,5 LITROS - ASPIRADO.",Homologada
2024,20742,PRD DISPENSA EXCETO PEQUENO VALOR,138/2024,207,"Aquisição 60 (sessenta) passagens intermunicipais, com seguro, para Porto Alegre/RS e 05 (cinco) passagens intermunicipais, com seguro, para Santa Maria/RS para distribuição aos usuários da Política de Assistência Social, nos Centros de Referência de Assistência Social (CRAS), através do Plantão Social na Secretaria Municipal de Desenvolvimento Social conforme Lei de Benefícios Eventuais nº 5.507/2019, devido ao Pregão eletrônico nº 10/2024 ter resultado deserto. Maiores detalhes nos documentos que integram o processo de Dispensa de licitação.",Homologada
2024,20735,PRD DISPENSA EXCETO PEQUENO VALOR,139/2024,200,AQUISIÇÃO DE KIT DE FARDAMENTO PARA AS EQUIPES GANHADORAS DO CAMPEONATO MUNICIPAL DE FUTEBOL AMADOR DE 2023.,Homologada
2024,20737,PRD DISPENSA EXCETO PEQUENO VALOR,140/2024,202,"AQUISIÇÃO DE PEÇAS E MÃO DE OBRA  PARA MANUTENÇÃO  DA VTR 329,ÔNIBUS VW/15.190 EOD E.HD ORE, ANO/MODELO 2014/2014,PLACAS IWB-6602,VEÍCULO DO DEPARTAMENTO DE TRANSPORTE ESCOLAR  DA SMED.",Homologada
2024,20738,PRD DISPENSA EXCETO PEQUENO VALOR,141/2024,203,"CONTRATAÇÃO DE SERVIÇO PARA MANUTENÇÃO DA VTR 315, MICRO-ÔNIBUS VW/NEOBUS TH O, ANO/MODELO 2020/2021,PLACAS JAK-3E47,VEÍCULO DO TRANSPORTE ESCOLAR DA SMED.",Homologada
2024,20739,PRD DISPENSA EXCETO PEQUENO VALOR,142/2024,204,"AQUISIÇÃO DE PEÇAS E MÃO DE OBRA PARA MANUTENÇÃO DA VTR 324, VW,24.280 6X2,DIESEL,ANO/MODELO:2015,PLACAS:IXF 0284.",Homologada
2024,20740,PRD DISPENSA EXCETO PEQUENO VALOR,143/2024,205,"AQUISIÇÃO DE PEÇAS E MÃO DE OBRA  PARA MANUTENÇÃO  DA VTR  332, ROLO  COMPACTADOR,XCMG, XS123PDRS,ANO/MODELO 2021,DIESEL,SEM PLACAS.",Homologada
2024,20741,PRD DISPENSA EXCETO PEQUENO VALOR,144/2024,206,"AQUISIÇÃO DE PEÇAS E MÃO DE OBRA PARA MANUTENÇÃO DA VTR 262,CAMIONETE,PLACAS IKO 9579,MITSUBISHI,L-200,PNEUS 215/80R16,ANO/MODELO 2002,DIESEL.",Homologada
2024,20743,PRD DISPENSA EXCETO PEQUENO VALOR,145/2024,208,"CONTRATAÇÃO DE MÃO DE OBRA PARA MANUTENÇÃO DA VTR 178,MICRO-ÔNIBUS MARCOPOLO/VOLARE V8L ESC,ANO/MODELO 2010/2010,PLACAS IQY-2214,VEÍCULO DO DEPARTAMENTO DE TRANSPORTE ESCOLAR DA SMED.",Homologada
2024,20751,PRD DISPENSA EXCETO PEQUENO VALOR,146/2024,216,"AQUISIÇÃO DE PEÇA E MÃO DE OBRA  PARA MANUTENÇÃO DA VTR 179,ÔNIBUS VW/15.190 EOD HD,ANO/MODELO 2010/2010,PLACAS IRA-5095,VEÍCULO DO DEPARTAMENTO DE TRANSPORTE ESCOLAR DA SMED.",Homologada
2024,20745,PRD DISPENSA EXCETO PEQUENO VALOR,147/2024,210,"AQUISIÇÃO DE PEÇAS E MÃO DE OBRA PARA MANUTENÇÃO DA VTR.193-MICROÔNIBUS, IVECO/CITYCLASS 70C16, PLACAS IRW 1214, ANO/MODELO 2010/2011.",Homologada
2024,20746,PRD DISPENSA EXCETO PEQUENO VALOR,148/2024,211,"AQUISIÇÃO DE PEÇAS E SERVIÇO PARA MANUTENÇÃO DA VTR.130, ÔNIBUS MERCEDES BENS 1318, ANO/MODELO 1991/1991, PLACAS LJN 3034, VEÍCULO DO DEPARTAMENTO DE TRANSPORTE ESCOLAR DA SMEd.",Homologada
2024,20747,PRD DISPENSA EXCETO PEQUENO VALOR,149/2024,212,"CONTRATAÇÃO DE EMPRESA PARA FORNECIMENTO DE SERVIÇO DESTINADO A MANUTENÇÃO DO ÔNIBUS VW/15.190 EOD E. HD ORE, ANO/MODELO 2010/2011, PLACAS IRV 5467, VTR.190 VEÍCULO DO DEPTO.DE TRANSPORTE ESCOLAR DA SMEd.",Homologada
2024,20749,PRD DISPENSA EXCETO PEQUENO VALOR,150/2024,214,"AQUISIÇÃO DE PEÇA E MÃO DE OBRA DA VTR Nº 330 FIAT CRONOS 1.3,PLACA JBG3D31 E ANO 2022.O VEÍCULO É DE USO DO TRANSPORTE DOS  PACIENTES QUE PRECISAM DE ATENDIMENTO ESPECIALIZADO,BEM COMO DAS DEMAIS DEMANDAS DA SECRETARIA MUNICIPAL DA SAÚDE.",Homologada
2024,20777,PRD DISPENSA EXCETO PEQUENO VALOR,151/2024,242,"Contratação de empresa especializada na prestação de serviços técnicos de suporte, manutenção e desenvolvimento do software de gestão pública (e-cidade) instalado no município. Maiores detalhes podem ser encontrados no termo de referência e na proposta da empresa,",Homologada
2024,20753,PRD DISPENSA EXCETO PEQUENO VALOR,152/2024,218,"AQUISIÇÃO DE 2 CONDICIONADORES DE AR SPLIT 9000 BTU' S QUENTE/FRIO,PARA SEREM INSTALADOS EM DUAS SALAS DA UNIDADE  DE SAÚDE DE SÃO MARCOS.",Homologada
2024,20754,PRD DISPENSA EXCETO PEQUENO VALOR,153/2024,219,"AQUISIÇÃO DE SERVIÇOS DE REMOÇÃO E ADESIVAÇÃO DE ÁREAS ENVIDRAÇADAS DAS UNIDADES  ESF 10,CER,LAFRON(LABORATÓRIO MUNICIPAL DE FRONTEIRA).",Homologada
2024,20755,PRD DISPENSA EXCETO PEQUENO VALOR,154/2024,220,"Aquisição de 600 (seiscentas) unidades de complementos alimentares (cestas básicas), embaladas em casos de capa de fardo não reciclado, medindo 50x80, capacidade mínima de 30kg, para atender as famílias atingidas pela enchente do Rio Uruguai, do município de São Borja que decretou situação de emergência conforme decreto nº 20.548/24 e conforme pedido federal feito a Secretaria Nacional de Proteção e Defesa Civil, portaria nº 1.496/24. Maiores detalhes podem ser obtidos no termo de referência e nos documentos que compõe o processo de dispensa emergencial.",Homologada
2024,20756,PRD DISPENSA EXCETO PEQUENO VALOR,155/2024,221,"AQUISIÇÃO DE PEÇA E SERVIÇO PARA MANUTENÇÃO DA VTR 223,MICRO-ÔNIBUS IVECO/CITYCLASS 70C17, ANO/MODELO 2013/2014,PLACAS  IVH-8605,VEÍCULO DO DEPARTAMENTO DE TRANSPORTE  ESCOLAR DA SMED.",Homologada
2024,20759,PRD DISPENSA EXCETO PEQUENO VALOR,156/2024,224,"CONTRATAÇÃO  DE SERVIÇO ESPECIALIZADO PARA CONSERTO DA MÁQUINA DE LAVAR, MARCA LG/LAVA/SECA,8,5 KG, DO CER-CENTRO DE REABILITAÇÃO  FÍSICA E AUDITIVA,TENDO EM VISTA QUE A MESMA É UTILIZADA PARA EFETUAR A LAVAGEM DE TOALHAS  UTILIZADAS PELOS PACIENTES QUE ACESSAM AS TERAPIAS NOS APARELHOS DO CER.",Homologada
2024,20760,PRD DISPENSA EXCETO PEQUENO VALOR,157/2024,225,"CONTRATAÇÃO DE EMPRESA ESPECIALIZADA EM DEDETIZAÇÃO,DESRATIZAÇÃO, LIMPEZA E  HIGIENIZAÇÃO DE CAIXA D'ÁGUA, A SEREM REALIZADAS NOS PROJETOS E DEPARTAMENTOS ATENDIDOS PELA SMDS.",Homologada
2024,20761,PRD DISPENSA EXCETO PEQUENO VALOR,158/2024,226,"AQUISIÇÃO DE CLORIDRATO DE XILAZINA 2%, MEDICAMENTO VETERINÁRIO ANESTÉSICO PARA USO NAS ATIVIDADES DE COMBATE A LEISHMANIOSE.",Homologada
2024,20762,PRD DISPENSA EXCETO PEQUENO VALOR,159/2024,227,"AQUISIÇÃO DE PEÇAS E MÃO DE OBRA PARA MANUTENÇÃO DA VTR 274, AMBULÂNCIA DO SAMU, MERCEDES BENZ SPRINTER 415 CDI, ANO/MODELO 2017/2018,PLACA IYF 5686,QUE APRESENTA PROBLEMAS MECÂNICOS.",Revogada
2024,20763,PRD DISPENSA EXCETO PEQUENO VALOR,160/2024,228,"AQUISIÇÃO DE PEÇAS E SERVIÇOS PARA MANUTENÇÃO DA VTR 337, FIAT CRONOS,PLACA IBS1I71,PARA REVISÃO/MANUTENÇÃO DE 12 MESES DE USO DO CONSELHO TUTELAR,PARA FINS DE CONTINUIDADE DE GARANTIA.",Homologada
2024,20764,PRD DISPENSA EXCETO PEQUENO VALOR,161/2024,229,"AQUISIÇÃO DE PEÇAS E SERVIÇOS PARA MANUTENÇÃO  DA VTR 343 ONIX PLUS TURBO LT1,PLACA JCG2H45,PARA REVISÃO DE 10.000KM,DE USO DA CASA DE ACOLHIDA, PARA FINS DE CONTINUIDADE DE GARANTIA .",Homologada
2024,20765,PRD DISPENSA EXCETO PEQUENO VALOR,162/2024,230,AQUISIÇÃO DE INSTRUMENTOS MUSICAIS PARA A BANDA MUNICIPAL.,Homologada
2024,20766,PRD DISPENSA EXCETO PEQUENO VALOR,163/2024,231,"Aquisição de combustível para atender a necessidade das famílias atingidas pela enchente do Rio Uruguai, conforme Decreto Municipal de Situação de Emergência nº 20.548 de 05 de maio de 2024 e conforme pedido deferido pelo Governo Federal Portaria nº 1.496 de 09 de maio de 2024. O valor concedido é para ações de socorro e assistência as vítimas de desastre súbito e de grande intensidade nos diversos municípios do Rio Grande do Sul com a finalidade de atender as necessidades básicas e de socorro às famílias atingidas. Maiores detalhes estão na proposta da empresa e nos documentos que compõem o processo de dispensa emergencial de licitação.",Homologada
2024,20767,PRD DISPENSA EXCETO PEQUENO VALOR,164/2024,232,"AQUISIÇÃO DE MATERIAIS DE LIMPEZA E PRODUTOS DE HIGIENIZAÇÃO,DESTINADOS AO SETOR DE LAVAGEM DA OFICINA DA SMED, PARA A LIMPEZA DAS VIATURAS DO TRANSPORTE  ESCOLAR E DE APOIO  AO TRANSPORTE ESCOLAR,PARA UM PERÍODO APROXIMADO DE 30 DIAS.",Homologada
2024,20768,PRD DISPENSA EXCETO PEQUENO VALOR,165/2024,233,"AQUISIÇÃO DE MEDICAMENTO  CETOPROFENO 100 MG EM  PÓ LIÓFILO INJETÁVEL, ENDOVENOSO, PARA USO EXCLUSIVO DAS AMBULÂNCIAS DO SAMU.",Homologada
2024,20769,PRD DISPENSA EXCETO PEQUENO VALOR,166/2024,234,"AQUISIÇÃO DE PEÇAS E MÃO DE OBRA PARA MANUTENÇÃO DA VTR 250,CARGO 2429-S,PLACAS IWO 1305,FORD,ANO/MODELO 2015.",Homologada
2024,20771,PRD DISPENSA EXCETO PEQUENO VALOR,167/2024,236,"AQUISIÇÃO DE PEÇAS E MÃO DE OBRA PARA MANUTENÇÃO DA VTR 338, FIAT STRADA,PLACAS JBU5C17,ANO/MODELO 22/23,REVISÃO DE GARANTIA.",Homologada
2024,20791,PRD DISPENSA EXCETO PEQUENO VALOR,168/2024,256,"Aquisição de material e equipamentos para o uso no Centro Dia do Idoso - CDI, considerando que o Pregão eletrônico nº 58/2023 fracassou nos referidos itens. Maiores detalhes estão no termo de referência, proposta dos fornecedores e demais documentos que compõem o processo de dispensa de licitação.",Homologada
2024,20774,PRD DISPENSA EXCETO PEQUENO VALOR,169/2024,239,"AQUISIÇÃO DE PEÇAS E SERVIÇOS PARA MANUTENÇÃO DA VTR 209,PLACAS ITH 2865 CAMIONETE MITSUBISHI,L-200,DIESEL,215/80R16,ANO/FABRICAÇÃO 2012/13.",Homologada
2024,20775,PRD DISPENSA EXCETO PEQUENO VALOR,170/2024,240,"AQUISIÇÃO DE PEÇA E SERVIÇO PARA MANUTENÇÃO DA VTR 245, RETROESCAVADEIRA, MARCA:RANDON, MODELO:RD 406, ANO DE FABRICAÇÃO: 2015, SEM PLACA.",Homologada
2024,20776,PRD DISPENSA EXCETO PEQUENO VALOR,171/2024,241,"AQUISIÇÃO DE PEÇAS E SERVIÇOS PARA MANUTENÇÃO  DA VTR 346, FIAT STRADA, ANO/MODELO:2013, PLACAS IUG5145.",Homologada
2024,20778,PRD DISPENSA EXCETO PEQUENO VALOR,172/2024,243,"AQUISIÇÃO DE PEÇAS E MÃO DE OBRA PARA MANUTENÇÃO DA VTR 253, POLO 1.6,PLACAS AMX 6629, VW,ANO/MODELO 2010,FLEX.",Homologada
2024,20780,PRD DISPENSA EXCETO PEQUENO VALOR,173/2024,245,"AQUISIÇÃO DE PRESTAÇÃO DE SERVIÇO DE EMPRESA ESPECIALIZADA PARA MINISTRAR CURSO EAD DE ATUALIZAÇÃO DE AGENTES DE TRÂNSITO (síncrono), CONFORME PORTARIA 966/2022 DO SENATRAN, ATUALIZAÇÃO OBRIGATÓRIA.",Homologada
2024,20782,PRD DISPENSA EXCETO PEQUENO VALOR,174/2024,247,"AQUISIÇÃO DE PEÇAS E MÃO DE OBRA  PARA MANUTENÇÃO DA VTR 250, CARGO 2429-S PLACAS IWO 1305, FORD ANO/MODELO:2015",Homologada
2024,20783,PRD DISPENSA EXCETO PEQUENO VALOR,175/2024,248,"AQUISIÇÃO DE PEÇAS E MÃO DE OBRA  PARA MANUTENÇÃO DA VTR 262, CAMIONETE, PLACAS  IKO 9579, MITSUBISHI, L-200, PNEUS 215/80R16, ANO/MODELO 2002,DIESEL",Homologada
2024,20784,PRD DISPENSA EXCETO PEQUENO VALOR,176/2024,249,"AQUISIÇÃO DE PEÇAS E MÃO DE OBRA PARA MANUTENÇÃO DA VTR 297, CARGO, PLACAS IIZS8G58,FORD, ANO/MODELO 2019/2019.",Homologada
2024,20785,PRD DISPENSA EXCETO PEQUENO VALOR,177/2024,250,"AQUISIÇÃO DE SERVIÇO PARA MANUTENÇÃO DA VTR 257, MARCA: RANDON, MODELO:RD 406, MWM 4.1. ANO FABRICAÇÃO :2015, SEM PLACAS.",Homologada
2024,20788,PRD DISPENSA EXCETO PEQUENO VALOR,178/2024,253,"AQUISIÇÃO DE VIDROS PARA AS DEPENDÊNCIAS DO DEPARTAMENTO DE ESPORTE , QUE DEVERÁ SER INSTALADO NO PARQUE ESPORTIVO GENERAL VARGAS, ONDE FUNCIONA O DEPARTAMENTO.",Homologada
2024,20789,PRD DISPENSA EXCETO PEQUENO VALOR,179/2024,254,"AQUISIÇÃO  DE PRESTAÇÃO DE SERVIÇO DE EMPRESA ESPECIALIZADA PARA MANUTENÇÃO PREVENTIVA E CALIBRAÇÃO DOS EQUIPAMENTOS DE FONOAUDIOLOGIA , SEGUINDO AS RESOLUÇÕES DO  CFFA 553/19 E 554/19,PARA O MÊS DE JULHO DE 2024.",Homologada
2024,20793,PRD DISPENSA EXCETO PEQUENO VALOR,180/2024,258,"AQUISIÇÃO DE PEÇAS E SERVIÇO  PARA MANUTENÇÃO DA VTR 335, MR 406, MULLER,OM 906 LA, ANO/MODELO 2022.",Homologada
2024,20795,PRD DISPENSA EXCETO PEQUENO VALOR,181/2024,259,"AQUISIÇÃO DE PEÇAS E SERVIÇO PARA MANUTENÇÃO DA VTR 281, RETROESCAVADEIRA, RK 406, RANDON, ANO/MODELO 2018, DIESEL.",Homologada
2024,20797,PRD DISPENSA EXCETO PEQUENO VALOR,182/2024,261,"AQUISIÇÃO DE PEÇAS  E SERVIÇO PARA MANUTENÇÃO DA VTR 324, VW,24.280 6X2, DIESEL, ANO/MODELO 2015, PLACAS IXF 0284.",Homologada
2024,20798,PRD DISPENSA EXCETO PEQUENO VALOR,183/2024,262,"AQUISIÇÃO DE PEÇAS E SERVIÇO PARA MANUTENÇÃO DA VTR 281, RETROESCAVADEIRA, RK 406, RANDON, ANO/MODELO 2018,DIESEL, SEM PLACAS.",Homologada
2024,20799,PRD DISPENSA EXCETO PEQUENO VALOR,184/2024,263,"AQUISIÇÃO DE PEÇAS E SERVIÇO PARA MANUTENÇÃO DA VTR 242, VEÍCULO MOTONIVELADORA RG 140 B, NEW HOLLAND, 14.000 KG, FPT 6.7 TIER II, ANO/MODELO 2014,SEM PLACAS.",Homologada
2024,20800,PRD DISPENSA EXCETO PEQUENO VALOR,185/2024,264,"CONTRATAÇÃO DE EMPRESA ESPECIALIZADA PRESTADORA DE SERVIÇO DE MANUTENÇÃO PARA 255 RAMAIS COM FORNECIMENTO DE GATEWAY VOLP EM COMODATO COM PORTAS  FXS PARA CONEXÃO DE RAMAIS ANALÓGICOS E CONVERSÃO DE SINAL VOLP, RAMAL DE GRAVAÇÃO,10 FILAS DE ATENDIMENTO E  URA, TELEFONIA COM 30 NÚMEROS  REMOTOS 15 CANAIS, MINUTOS ILIMITADOS  PARA FIXO E 5000 MINUTOS PARA MÓVEL",Homologada
2024,20801,PRD DISPENSA EXCETO PEQUENO VALOR,186/2024,265,"AQUISIÇÃO DE PEÇAS E SERVIÇO PARA  MANUTENÇÃO DA VTR 320, CAMINHÃO  MB, PLACAS IES 1C01, 1218 L, M.BENZ, ANO/MODELO 1990.",Homologada
2024,20802,PRD DISPENSA EXCETO PEQUENO VALOR,187/2024,266,"AQUISIÇÃO DE PEÇAS E SERVIÇO PARA MANUTENÇÃO DA VTR 247,XCMG, GR 180 BR, CUMMINS 6 CTA 8.31, ANO/MODELO 2014, SEM PLACAS",Homologada
2024,20803,PRD DISPENSA EXCETO PEQUENO VALOR,188/2024,267,"AQUISIÇÃO DE PEÇAS E SERVIÇO PARA  MANUTENÇÃO DA VTR 257, MARCA: RANDON, RD 406, MWM 4.1 ANO/MODELO 2015, SEM PLACAS.",Homologada
2024,20804,PRD DISPENSA EXCETO PEQUENO VALOR,189/2024,268,"AQUISIÇÃO DE PEÇAS E SERVIÇOS PARA MANUTENÇÃO DA VTR.021 CAMINHÃO CAÇAMBA, PLACAS IJX 8755, L-1113, M.BENZ, ANO/FABRICAÇÃO: 2 1985.",Homologada
2024,20805,PRD DISPENSA EXCETO PEQUENO VALOR,190/2024,269,"AQUISIÇÃO DE PEÇAS E SERVIÇO  PARA MANUTENÇÃO DA VTR 281, RETROESCAVADEIRA, RK 406, RANDON, ANO/MODELO: 2018, SEM PLACAS.",Homologada
2024,20806,PRD DISPENSA EXCETO PEQUENO VALOR,191/2024,270,"AQUISIÇÃO DE PEÇAS E SERVIÇOS PARA MANUTENÇÃO DA VTR. 320, CAMINHÃO MB, PLACAS IES 1C01, 1218 l, M.BENZ, ANO/MODELO: 1990.",Homologada
2024,20808,PRD DISPENSA EXCETO PEQUENO VALOR,192/2024,272,"AQUISIÇÃO DE PEÇAS E SERVIÇO PARA  MANUTENÇÃO DA VTR 206, FORD FIESTA  1.6 FLEX, ANO/MODELO 2012/2013, PLACAS ITD 6421, PERTENCENTE A SMPOP.",Homologada
2024,20809,PRD DISPENSA EXCETO PEQUENO VALOR,193/2024,273,"AQUISIÇÃO DE RECARGAS DE EXTINTORES DESTINADAS  AS VTR""s 315, 314, 249, 269, 223, 193, 210, 211, 177, 178, 139, 129, 130, 217, 232, 273, 268, 190, 191, 329, 179, e 212, veículos do Departamento do Transporte Escolar da SMED.",Homologada
2024,20811,PRD DISPENSA EXCETO PEQUENO VALOR,194/2024,275,"Aquisição de peças e serviços para manutenção da VTR 222, CHEV/SPIN 1.8L MT LT, Ano/Modelo 2013/2014, placas IVD-8358, veículo a serviço do CAM.",Homologada
2024,20813,PRD DISPENSA EXCETO PEQUENO VALOR,195/2024,276,AQUISIÇÃO DE MATERIAIS DESCARTÁVEIS PARA ACONDICIONAMENTO DE ALIMENTOS UTILIZADOS NAS CONFECÇÃO DAS MARMITAS DISTRIBUÍDAS PELA SMDS.,Homologada
2024,20814,PRD DISPENSA EXCETO PEQUENO VALOR,196/2024,277,"Aquisição de fraldas geriátricas tamanho XXG, para uso de um paciente acima do peso portador de Epilepsia grave e paralisia cerebral, conforme atestado médico e parecer técnico tendo em vista que a mesma não consta no pregão eletrônico nº 29/2023, vigente.",Homologada
2024,20815,PRD DISPENSA EXCETO PEQUENO VALOR,197/2024,278,"Aquisição de material de T.I. para substituição de Fonte de alimentação, no Computador Lenovo, modelo Pa-1650-72, tombo 50.578, do ESF 04.",Homologada
2024,20817,PRD DISPENSA EXCETO PEQUENO VALOR,198/2024,280,"Aquisição de recargas de cartuchos da impressora HP664, original,utilizado para impressões dos laudos na unidade de saúde CER (Centro Especializado de Reabilitação Física e Auditiva).",Homologada
2024,20818,PRD DISPENSA EXCETO PEQUENO VALOR,199/2024,281,"Aquisição de colchões e materiais cama, mesa e banho para serem distribuídos gratuitamente pela SMDS, em períodos de enchente.",Homologada
2024,20819,PRD DISPENSA EXCETO PEQUENO VALOR,200/2024,282,"Aquisição de peças e mão de obra para manutenção da VTR 297, CARGO, placas IIZS8G58,FORD, ano/modelo 2019/2019.",Homologada
2024,20823,PRD DISPENSA EXCETO PEQUENO VALOR,201/2024,286,"Aquisição de peças e mão de obra para realizar a 1º revisão da VTR 347, JEEP Renegade Longitude Flex, placas  JCQ3A91, ano/modelo 2024/2024. Em virtude do veículo se encontrar em período de garantia, a manutenção só pode ocorrer por concessionária autorizada.",Homologada
2024,20829,PRD DISPENSA EXCETO PEQUENO VALOR,202/2024,292,"Contratação de empresa para instalação de serviço Voip - Voz sobre IP - que funcionará por 12 (doze) meses, a fim de suprir a carência telefônica ocasionada pelo fim do serviço de telefonia prestado pela empresa Oi Telefonia, devido a recuperação judicial. Maiores detalhes podem ser consultados no Termo de Referência e demais documentos que integram o processo de dispensa emergencial de licitação.",Homologada
2024,20827,PRD DISPENSA EXCETO PEQUENO VALOR,203/2024,290,"Aquisição de peças e mão de obra para manutenção da VTR 274, ambulância do SAMU, Mercedes Benz Sprinter 415 CDI, ano/modelo 2017/2018, placa IYF 5686,  que apresenta problemas mecânicos .",Homologada
2024,20830,PRD DISPENSA EXCETO PEQUENO VALOR,204/2024,293,Aquisição de armadilhas ovitrampas para serem  utilizadas na captura e controle para o combate ao mosquito da dengue pela Vigilância em Saúde no Município.,Homologada
2024,20832,PRD DISPENSA EXCETO PEQUENO VALOR,205/2024,295,"Aquisição de materiais chapas galvanizadas que serão utilizados na parada de ônibus da Unipampa e para placas de sinalização de trânsito na BR 285, que da acesso a ponte internacional.",Homologada
2024,20831,PRD DISPENSA EXCETO PEQUENO VALOR,206/2024,294,"Aquisição de materiais de T.i.,destinados aos departamentos e ESFs.",Homologada
2024,20833,PRD DISPENSA EXCETO PEQUENO VALOR,207/2024,296,Contratação de empresa especializada para controle de pragas urbanas. desinsetização e desratização de área interna do Programa CAPS AD.,Homologada
2024,20834,PRD DISPENSA EXCETO PEQUENO VALOR,208/2024,297,"Aquisição por emergencialidade de fórmulas infantis, dietas enterais e suplementos alimentares, tendo em vista que essas são utilizadas para dispensação gratuita aos usuários do SUS, no cumprimento das prescrições médicas e nutricionais.",Homologada
2024,20836,PRD DISPENSA EXCETO PEQUENO VALOR,209/2024,299,Aquisição de SSDs para notebooks da fonoaudiologia do CER (centro em reabilitação física e auditiva).,Homologada
2024,20936,PRD DISPENSA EXCETO PEQUENO VALOR,210/2024,396,Aquisição de 2 computadores e 2 monitores para serem utilizados pelos servidores da secretaria de planejamento devido não haver registro de preços vigente.,Homologada
2024,20839,PRD DISPENSA EXCETO PEQUENO VALOR,211/2024,301,"Aquisição de Equipamento Esmerilhadeira para ser usada em diversos serviços nas estratégias, departamentos e unidades da Secretaria de Saúde.",Homologada
2024,20840,PRD DISPENSA EXCETO PEQUENO VALOR,212/2024,302,"Aquisição de materiais de informática a serem usados no setor administrativo, departamentos e ESFs, da Secretaria de Saúde.",Homologada
2024,20843,PRD DISPENSA EXCETO PEQUENO VALOR,213/2024,304,"Aquisição de peças e serviços para manutenção da VTR. 252 Gol VW, placas IWN 1496, ano/modelo, 2009/2009, veículo do departamento administrativo da SMEd.",Homologada
2024,20845,PRD DISPENSA EXCETO PEQUENO VALOR,214/2024,306,"Aquisição de 22 caracteres em PVC para formar a frase '' Galeria dos ex-prefeitos'', confecção de 40 quadros  com moldura em madeira preta, paspatur em papel linho branco, placa de chapa para fundo do quadro , e vidro, com legenda com nome do ex prefeito, e data, governo: e instalação de 33 quadros , individuais, no painel da galeria dos ex prefeitos de São Borja fixados na chapa de mdf com ganchos ou com adesivos especiais para tal e instalação dos caracteres do item  01, para formar a frase ''GALERIA DOS EX-PREFEITOS'', conforme orientações do projeto arquitetônico de reforma.",Homologada
2024,20847,PRD DISPENSA EXCETO PEQUENO VALOR,215/2024,308,"Aquisição de peças veiculares necessárias para restauração das condições de trabalho do VTR 245  Randon, Modelo RD 406, ano 2015, conforme laudo técnico nº 131/2024 e memorando nº 74/2024. A necessidade e a emergência da contratação estão justificadas no Termo de Referência e demais documentos emitidos pela Secretaria Municipal de Infraestrutura, Serviços Urbanos, Segurança e Trânsito  SMIESUST. Maiores detalhes podem ser consultados no Termo de Referência e demais documentos que integram o processo de dispensa emergencial de licitação.",Homologada
2024,20848,PRD DISPENSA EXCETO PEQUENO VALOR,216/2024,309,"Aquisição de peças veiculares necessárias para restauração das condições de trabalho do VTR 243  New Holland 12 D, ano 2014, conforme laudo técnico nº 089/2024 e memorando nº 35/2024. A necessidade e a emergência da contratação estão justificadas no Termo de Referência e demais documentos emitidos pela Secretaria Municipal de Infraestrutura, Serviços Urbanos, Segurança e Trânsito  SMIESUST. Maiores detalhes podem ser consultados no Termo de Referência e demais documentos que integram o processo de dispensa emergencial de licitação.",Homologada
2024,20883,PRD DISPENSA EXCETO PEQUENO VALOR,217/2024,344,"Aquisição de peças veiculares necessárias para restauração das condições de trabalho do VTR 157  Case 580 L 4x2 (não cabinada), ano 2007, conforme laudo técnico nº 158/2024 e memorando nº 90/2024. A necessidade e a emergência da contratação estão justificadas no Termo de Referência e demais documentos emitidos pela Secretaria Municipal de Infraestrutura, Serviços Urbanos, Segurança e Trânsito  SMIESUST. Maiores detalhes podem ser consultados no Termo de Referência e demais documentos que integram o processo de dispensa emergencial de licitação.",Homologada
2024,20850,PRD DISPENSA EXCETO PEQUENO VALOR,218/2024,311,Aquisição de material de consumo ( bolsas de lona padrão Funasa).,Homologada
2024,20851,PRD DISPENSA EXCETO PEQUENO VALOR,219/2024,312,Aquisição de serviço especializado para realização de exame laboratorial toxicológico em paciente usuário do sus.,Homologada
2024,20852,PRD DISPENSA EXCETO PEQUENO VALOR,220/2024,313,Contratação de serviço de material gráfico para ser utilizados nas unidades básicas de saúde.,Homologada
2024,20853,PRD DISPENSA EXCETO PEQUENO VALOR,221/2024,314,"Aquisição de 3 fontes de alimentação para os computadores da marca positivo, sendo uma delas para o computador do CADSUS sobre tombamento 42664, uma para o computador do NASF, sobre tombamento 42618 e uma para ficar na reserva na TI.",Homologada
2024,20854,PRD DISPENSA EXCETO PEQUENO VALOR,222/2024,315,Aquisição de vidro para reposição da janela da sala auditiva da unidade CER(Centro em reabilitação ).,Homologada
2024,20855,PRD DISPENSA EXCETO PEQUENO VALOR,223/2024,316,"Aquisição de peças veiculares necessárias para restauração das condições de trabalho do VTR 257  Randon RD 406, ano 2015, conforme laudo técnico nº 128/2024 e memorando nº 73/2024. A necessidade e a emergência da contratação estão justificadas no Termo de Referência e demais documentos emitidos pela Secretaria Municipal de Infraestrutura, Serviços Urbanos, Segurança e Trânsito  SMIESUST. Maiores detalhes podem ser consultados no Termo de Referência e demais documentos que integram o processo de dispensa emergencial de licitação.",Homologada
2024,20856,PRD DISPENSA EXCETO PEQUENO VALOR,224/2024,317,"Contratação de serviço de conserto/manutenção de ar condicionado  Split das seguintes unidades  de saúde, ESF 02, ESF 09, farmácia especializada e no SAE (Serviço de atendimento especializado).",Homologada
2024,20857,PRD DISPENSA EXCETO PEQUENO VALOR,225/2024,318,"Aquisição de peças veiculares necessárias para restauração das condições de trabalho do VTR 281  Randon RK 406, ano 2018, conforme laudo técnico nº 215/2024 e memorando nº 139/2024. A necessidade e a emergência da contratação estão justificadas no Termo de Referência e demais documentos emitidos pela Secretaria Municipal de Infraestrutura, Serviços Urbanos, Segurança e Trânsito  SMIESUST. Maiores detalhes podem ser consultados no Termo de Referência e demais documentos que integram o processo de dispensa emergencial de licitação.",Homologada
2024,20858,PRD DISPENSA EXCETO PEQUENO VALOR,226/2024,319,"Aquisição de peças veiculares necessárias para restauração das condições de trabalho do VTR 165  Massey Ferguson 283 4x4 Advanced, ano 2009, conforme laudo técnico nº 92/2024 e memorando nº 36/2024. A necessidade e a emergência da contratação estão justificadas no Termo de Referência e demais documentos emitidos pela Secretaria Municipal de Infraestrutura, Serviços Urbanos, Segurança e Trânsito  SMIESUST. Maiores detalhes podem ser consultados no Termo de Referência e demais documentos que integram o processo de dispensa emergencial de licitação.",Homologada
2024,20859,PRD DISPENSA EXCETO PEQUENO VALOR,227/2024,320,"Aquisição de peças veiculares necessárias para restauração das condições de trabalho do VTR 247  Motoniveladora XCMG, ano 2014, conforme laudo técnico nº 207/2024 e memorando nº 131/2024. A necessidade e a emergência da contratação estão justificadas no Termo de Referência e demais documentos emitidos pela Secretaria Municipal de Infraestrutura, Serviços Urbanos, Segurança e Trânsito  SMIESUST. Maiores detalhes podem ser consultados no Termo de Referência e demais documentos que integram o processo de dispensa emergencial de licitação.",Homologada
2024,20860,PRD DISPENSA EXCETO PEQUENO VALOR,228/2024,321,"Aquisição de peças veiculares necessárias para restauração das condições de trabalho do VTR 247  Motoniveladora XCMG, ano 2014, conforme laudo técnico nº 164/2024 e memorando nº 93/2024. A necessidade e a emergência da contratação estão justificadas no Termo de Referência e demais documentos emitidos pela Secretaria Municipal de Infraestrutura, Serviços Urbanos, Segurança e Trânsito  SMIESUST. Maiores detalhes podem ser consultados no Termo de Referência e demais documentos que integram o processo de dispensa emergencial de licitação.",Homologada
2024,20861,PRD DISPENSA EXCETO PEQUENO VALOR,229/2024,322,"Aquisição de peças veiculares necessárias para restauração das condições de trabalho do VTR 246  Escavadeira New Holland E 215 C, ano 2015, conforme laudo técnico nº 159/2024 e memorando nº 89/2024. A necessidade e a emergência da contratação estão justificadas no Termo de Referência e demais documentos emitidos pela Secretaria Municipal de Infraestrutura, Serviços Urbanos, Segurança e Trânsito  SMIESUST. Maiores detalhes podem ser consultados no Termo de Referência e demais documentos que integram o processo de dispensa emergencial de licitação.",Homologada
2024,20862,PRD DISPENSA EXCETO PEQUENO VALOR,230/2024,323,"Aquisição de peças veiculares necessárias para restauração das condições de trabalho do VTR 320  Mercedes Benz, 1218 L, ano 1990, conforme laudo técnico nº 071/2024 e memorando nº 29/2024. A necessidade e a emergência da contratação estão justificadas no Termo de Referência e demais documentos emitidos pela Secretaria Municipal de Infraestrutura, Serviços Urbanos, Segurança e Trânsito  SMIESUST. Maiores detalhes podem ser consultados no Termo de Referência e demais documentos que integram o processo de dispensa emergencial de licitação.",Homologada
2024,20863,PRD DISPENSA EXCETO PEQUENO VALOR,231/2024,324,"Aquisição de peças veiculares necessárias para restauração das condições de trabalho do VTR 297  Ford Cargo C1723, ano 2019, conforme laudo técnico nº 153/2024 e memorando nº 47/2024. A necessidade e a emergência da contratação estão justificadas no Termo de Referência e demais documentos emitidos pela Secretaria Municipal de Infraestrutura, Serviços Urbanos, Segurança e Trânsito  SMIESUST. Maiores detalhes podem ser consultados no Termo de Referência e demais documentos que integram o processo de dispensa emergencial de licitação.",Homologada
2024,20864,PRD DISPENSA EXCETO PEQUENO VALOR,232/2024,325,"Aquisição de peças veiculares necessárias para restauração das condições de trabalho do VTR 324  VW Constelation 24.280, ano 2015, conforme laudo técnico nº 154/2024 e memorando nº 62/2024. A necessidade e a emergência da contratação estão justificadas no Termo de Referência e demais documentos emitidos pela Secretaria Municipal de Infraestrutura, Serviços Urbanos, Segurança e Trânsito  SMIESUST. Maiores detalhes podem ser consultados no Termo de Referência e demais documentos que integram o processo de dispensa emergencial de licitação.",Homologada
2024,20865,PRD DISPENSA EXCETO PEQUENO VALOR,233/2024,326,"Aquisição de materiais de consumo  (pilhas e baterias) para serem usados nos aparelhos nas unidades de saúde, pertencentes a Secretaria Municipal de Saúde.",Homologada
2024,20866,PRD DISPENSA EXCETO PEQUENO VALOR,234/2024,327,"Aquisição de peças veiculares necessárias para restauração das condições de trabalho do VTR 251  Ford Cargo 2423, ano 2014, conforme laudo técnico nº 094/2024 e memorando nº 38/2024. A necessidade e a emergência da contratação estão justificadas no Termo de Referência e demais documentos emitidos pela Secretaria Municipal de Infraestrutura, Serviços Urbanos, Segurança e Trânsito  SMIESUST. Maiores detalhes podem ser consultados no Termo de Referência e demais documentos que integram o processo de dispensa emergencial de licitação.",Homologada
2024,20867,PRD DISPENSA EXCETO PEQUENO VALOR,235/2024,328,"Aquisição de material gráfico (Flyer e Folder) para divulgação e prevenção ao IST, HIV HEPATITES, TUBERCULOSE E HANSENÍASE, para ser utilizado pelo SAE(Serviço de Atendimento Especializado).",Homologada
2024,20926,PRD DISPENSA EXCETO PEQUENO VALOR,236/2024,386,"Aquisição de peças veiculares necessárias para restauração das condições de trabalho do VTR 324  VW Constelation 24.280, ano 2015, conforme laudo técnico nº 078/2024 e memorando nº 30/2024. A necessidade e a emergência da contratação estão justificadas no Termo de Referência e demais documentos emitidos pela Secretaria Municipal de Infraestrutura, Serviços Urbanos, Segurança e Trânsito  SMIESUST. Maiores detalhes podem ser consultados no Termo de Referência e demais documentos que integram o processo de dispensa emergencial de licitação.",Homologada
2024,20869,PRD DISPENSA EXCETO PEQUENO VALOR,237/2024,330,"Aquisição de peças veiculares necessárias para restauração das condições de trabalho do VTR 250  Ford Cargo 2429-S, ano 2015, conforme laudo técnico nº 155/2024 e memorando nº 67/2024. A necessidade e a emergência da contratação estão justificadas no Termo de Referência e demais documentos emitidos pela Secretaria Municipal de Infraestrutura, Serviços Urbanos, Segurança e Trânsito  SMIESUST. Maiores detalhes podem ser consultados no Termo de Referência e demais documentos que integram o processo de dispensa emergencial de licitação.",Homologada
2024,20871,PRD DISPENSA EXCETO PEQUENO VALOR,238/2024,332,"Aquisição de peças veiculares necessárias para restauração das condições de trabalho dos VTRs 247 (motoniveladora XCGM), 294 (Motoniveladora XCGM) e 295 (Motoniveladora XCGM), conforme laudo técnico nº 155/2024 e memorando nº 67/2024. A necessidade e a emergência da contratação estão justificadas no Termo de Referência e demais documentos emitidos pela Secretaria Municipal de Infraestrutura, Serviços Urbanos, Segurança e Trânsito  SMIESUST. Maiores detalhes podem ser consultados no Termo de Referência e demais documentos que integram o processo de dispensa emergencial de licitação.",Homologada
2024,20872,PRD DISPENSA EXCETO PEQUENO VALOR,239/2024,333,"Aquisição de serviço para impressão de material gráfico, de utilidade para o SAMU (Serviço de Atendimento Móvel de Urgência).",Adjudicada
2024,20873,PRD DISPENSA EXCETO PEQUENO VALOR,240/2024,334,"Aquisição de peças e serviços  para manutenção da VTR 292VW Bora 2.0, ano 2013, placas JCE 6A77 pertencente a SMPOP.",Homologada
2024,20875,PRD DISPENSA EXCETO PEQUENO VALOR,241/2024,336,"Aquisição de peças veiculares necessárias para restauração das condições de trabalho dos VTRs 170 (ônibus Scania K 113) e 207 (caminhão VW 7.100), conforme laudo técnico nº 237/2024 e memorando nº 156/2024. A necessidade e a emergência da contratação estão justificadas no Termo de Referência e demais documentos emitidos pela Secretaria Municipal de Infraestrutura, Serviços Urbanos, Segurança e Trânsito  SMIESUST. Maiores detalhes podem ser consultados no Termo de Referência e demais documentos que integram o processo de dispensa emergencial de licitação.",Homologada
2024,20876,PRD DISPENSA EXCETO PEQUENO VALOR,242/2024,337,"Aquisição de peças veiculares necessárias para restauração das condições de trabalho dos VTRs 043 (motoniveladora Dresser), 156 (Motoniveladora Case), 242 (Motoniveladora NH) 294 (Motoniveladora XCMG) e 295 (Motoniveladora XCMG), conforme laudo técnico nº 200/2024 e memorando nº 124/2024. A necessidade e a emergência da contratação estão justificadas no Termo de Referência e demais documentos emitidos pela Secretaria Municipal de Infraestrutura, Serviços Urbanos, Segurança e Trânsito  SMIESUST. Maiores detalhes podem ser consultados no Termo de Referência e demais documentos que integram o processo de dispensa emergencial de licitação.",Homologada
2024,20877,PRD DISPENSA EXCETO PEQUENO VALOR,243/2024,338,"Aquisição de peças veiculares necessárias para restauração das condições de trabalho do VTR 216, Retroescavadeira, Randon RD 406 RD, conforme laudo técnico nº 115/2024 e memorando nº 68/2024. A necessidade e a emergência da contratação estão justificadas no Termo de Referência e demais documentos emitidos pela Secretaria Municipal de Infraestrutura, Serviços Urbanos, Segurança e Trânsito  SMIESUST. Maiores detalhes podem ser consultados no Termo de Referência e demais documentos que integram o processo de dispensa emergencial de licitação.",Homologada
2024,20878,PRD DISPENSA EXCETO PEQUENO VALOR,244/2024,339,"Aquisição de peças e mão de obra para manutenção da VTR 131, CELTA 1.0, GM, placas IMA 8939, ano/modelo 2004/2005, branco, gasolina.",Homologada
2024,20879,PRD DISPENSA EXCETO PEQUENO VALOR,245/2024,340,"Aquisição de peças e mão de obra para manutenção da VTR: 348, CAMIONETE, placas : ODR 9092, toyota hilux, prata, 215/80R16 ano/modelo 2012, diesel.",Homologada
2024,20880,PRD DISPENSA EXCETO PEQUENO VALOR,246/2024,341,"Aquisição de 20m de Adesivos prismáticos brancos, conforme memorando 170/2024/DMSTRAN, que serão utilizados nas placas de sinalização de trânsito.",Homologada
2024,20881,PRD DISPENSA EXCETO PEQUENO VALOR,247/2024,342,"Aquisição de peças veiculares necessárias para restauração das condições de trabalho do VTR 257, Randon RD 406, conforme laudo técnico nº 163/2024 e memorando nº 92/2024. A necessidade e a emergência da contratação estão justificadas no Termo de Referência e demais documentos emitidos pela Secretaria Municipal de Infraestrutura, Serviços Urbanos, Segurança e Trânsito  SMIESUST. Maiores detalhes podem ser consultados no Termo de Referência e demais documentos que integram o processo de dispensa emergencial de licitação.",Homologada
2024,20882,PRD DISPENSA EXCETO PEQUENO VALOR,248/2024,343,"Aquisição de peças veiculares necessárias para restauração das condições de trabalho do VTR 246, Escavadeira Hidráulica, New Holland, E 215 C, ano 2015, conforme laudo técnico nº 202/2024 e memorando nº 126/2024. A necessidade e a emergência da contratação estão justificadas no Termo de Referência e demais documentos emitidos pela Secretaria Municipal de Infraestrutura, Serviços Urbanos, Segurança e Trânsito  SMIESUST. Maiores detalhes podem ser consultados no Termo de Referência e demais documentos que integram o processo de dispensa emergencial de licitação.",Homologada
2024,20884,PRD DISPENSA EXCETO PEQUENO VALOR,249/2024,345,Aquisição de sonda gastrostomia para doação a paciente SUS 700004885133607.,Homologada
2024,20885,PRD DISPENSA EXCETO PEQUENO VALOR,250/2024,346,"Aquisição de peças veiculares necessárias para restauração das condições de trabalho do VTR 242, Motoniveladora, New Holland, RG 140 B, ano 2014, conforme laudo técnico nº 197/2024 e memorando nº 123/2024. A necessidade e a emergência da contratação estão justificadas no Termo de Referência e demais documentos emitidos pela Secretaria Municipal de Infraestrutura, Serviços Urbanos, Segurança e Trânsito  SMIESUST. Maiores detalhes podem ser consultados no Termo de Referência e demais documentos que integram o processo de dispensa emergencial de licitação.",Homologada
2024,20886,PRD DISPENSA EXCETO PEQUENO VALOR,251/2024,347,"Aquisição de peças veiculares necessárias para restauração das condições de trabalho dos VTRs 153 (Caminhão MB, modelo L1620, ano 2007), 154 (Caminhão MB, L1620, pipa, 2007), 184 (Caminhão MB, L1620, 2010) 185 (Caminhão MB, L1620, 2010), 320 (Caminhão MB, 1218L, 1990) e 324 (Caminhão VW, 24.280, 2015), conforme laudo técnico nº 226/2024 e memorando nº 125/2024. A necessidade e a emergência da contratação estão justificadas no Termo de Referência e demais documentos emitidos pela Secretaria Municipal de Infraestrutura, Serviços Urbanos, Segurança e Trânsito  SMIESUST. Maiores detalhes podem ser consultados no Termo de Referência e demais documentos que integram o processo de dispensa emergencial de licitação.",Homologada
2024,20887,PRD DISPENSA EXCETO PEQUENO VALOR,252/2024,348,"Aquisição de peças veiculares necessárias para restauração das condições de trabalho dos VTRs 203 (Caminhão Ford, Modelo F-4000, ano 2011), 296 (Caminhão Cavalo Trator VW, modelo 25.360, ano 2019), 319 (Caminhão Cavalo Trator Iveco, modelo 570S38T, ano 2008) 320 (Caminhão MB, modelo 1218L, ano 1990), e 324 (Caminhão VW, 24.280, 2015), e 333 (Caminhão Ford, Modelo F-4000, ano 2001), conforme laudo técnico nº 228/2024 e memorando nº 150/2024. A necessidade e a emergência da contratação estão justificadas no Termo de Referência e demais documentos emitidos pela Secretaria Municipal de Infraestrutura, Serviços Urbanos, Segurança e Trânsito  SMIESUST. Maiores detalhes podem ser consultados no Termo de Referência e demais documentos que integram o processo de dispensa emergencial de licitação.",Homologada
2024,20888,PRD DISPENSA EXCETO PEQUENO VALOR,253/2024,349,"Aquisição de peças veiculares necessárias para restauração das condições de trabalho dos VTRs 250 (Caminhão Ford, Cargo), 251 (Caminhão Ford Cargo) e 297 (Caminhão Ford Cargo), conforme laudo técnico nº 227/2024 e memorando nº 149/2024. A necessidade e a emergência da contratação estão justificadas no Termo de Referência e demais documentos emitidos pela Secretaria Municipal de Infraestrutura, Serviços Urbanos, Segurança e Trânsito  SMIESUST. Maiores detalhes podem ser consultados no Termo de Referência e demais documentos que integram o processo de dispensa emergencial de licitação.",Homologada
2024,20889,PRD DISPENSA EXCETO PEQUENO VALOR,254/2024,350,"Aquisição de peças veiculares necessárias para restauração das condições de trabalho do VTR 297, Ford Cargo, 2019, conforme laudo técnico nº 129/2024 e memorando nº 76/2024. A necessidade e a emergência da contratação estão justificadas no Termo de Referência e demais documentos emitidos pela Secretaria Municipal de Infraestrutura, Serviços Urbanos, Segurança e Trânsito  SMIESUST. Maiores detalhes podem ser consultados no Termo de Referência e demais documentos que integram o processo de dispensa emergencial de licitação.",Homologada
2024,20890,PRD DISPENSA EXCETO PEQUENO VALOR,255/2024,351,"Aquisição de peças veiculares necessárias para restauração das condições de trabalho do VTR 158, Retroescavadeira, Case 580L 4x2 (não Cabinada), conforme laudo técnico nº 130/2024 e memorando nº 75/2024. A necessidade e a emergência da contratação estão justificadas no Termo de Referência e demais documentos emitidos pela Secretaria Municipal de Infraestrutura, Serviços Urbanos, Segurança e Trânsito  SMIESUST. Maiores detalhes podem ser consultados no Termo de Referência e demais documentos que integram o processo de dispensa emergencial de licitação.",Homologada
2024,20891,PRD DISPENSA EXCETO PEQUENO VALOR,256/2024,352,"Aquisição de peças veiculares necessárias para restauração das condições de trabalho do VTR 158, Retroescavadeira, Case 580L 4x2 (não Cabinada), conforme laudo técnico nº 169/2024 e memorando nº 98/2024. A necessidade e a emergência da contratação estão justificadas no Termo de Referência e demais documentos emitidos pela Secretaria Municipal de Infraestrutura, Serviços Urbanos, Segurança e Trânsito  SMIESUST. Maiores detalhes podem ser consultados no Termo de Referência e demais documentos que integram o processo de dispensa emergencial de licitação.",Homologada
2024,20892,PRD DISPENSA EXCETO PEQUENO VALOR,257/2024,353,"Aquisição de peças veiculares necessárias para restauração das condições de trabalho dos VTRs 216, Retro Randon RD 406, 245, Retro Randon RD 406, 257 Retro Randon MRD 406, 281 Retro Randon RD 406, 157 Retro Case 580 e 158 Retro Case 580, conforme laudo técnico nº 332/2024 e memorando nº 151/2024. A necessidade e a emergência da contratação estão justificadas no Termo de Referência e demais documentos emitidos pela Secretaria Municipal de Infraestrutura, Serviços Urbanos, Segurança e Trânsito  SMIESUST. Maiores detalhes podem ser consultados no Termo de Referência e demais documentos que integram o processo de dispensa emergencial de licitação.",Homologada
2024,20893,PRD DISPENSA EXCETO PEQUENO VALOR,258/2024,354,"Aquisição de peças veiculares necessárias para restauração das condições de trabalho do VTR 131, GM Celta Life 2004/2005, conforme laudo técnico nº 093/2024 e memorando nº 37/2024. A necessidade e a emergência da contratação estão justificadas no Termo de Referência e demais documentos emitidos pela Secretaria Municipal de Infraestrutura, Serviços Urbanos, Segurança e Trânsito  SMIESUST. Maiores detalhes podem ser consultados no Termo de Referência e demais documentos que integram o processo de dispensa emergencial de licitação.",Homologada
2024,20894,PRD DISPENSA EXCETO PEQUENO VALOR,259/2024,355,"Aquisição de peças veiculares necessárias para restauração das condições de trabalho do VTR 319, Iveco 570S38T Stralis, ano 2008, conforme laudo técnico nº 088/2024 e memorando nº 41/2024. A necessidade e a emergência da contratação estão justificadas no Termo de Referência e demais documentos emitidos pela Secretaria Municipal de Infraestrutura, Serviços Urbanos, Segurança e Trânsito  SMIESUST. Maiores detalhes podem ser consultados no Termo de Referência e demais documentos que integram o processo de dispensa emergencial de licitação.",Homologada
2024,20895,PRD DISPENSA EXCETO PEQUENO VALOR,260/2024,356,"Aquisição de peças veiculares necessárias para restauração das condições de trabalho do VTR 257, Randon, RD 406, 2015, conforme laudo técnico nº 214/2024 e memorando nº 141/2024. A necessidade e a emergência da contratação estão justificadas no Termo de Referência e demais documentos emitidos pela Secretaria Municipal de Infraestrutura, Serviços Urbanos, Segurança e Trânsito  SMIESUST. Maiores detalhes podem ser consultados no Termo de Referência e demais documentos que integram o processo de dispensa emergencial de licitação.",Homologada
2024,20896,PRD DISPENSA EXCETO PEQUENO VALOR,261/2024,357,"Aquisição de peças veiculares necessárias para restauração das condições de trabalho do VTR 243, Pá Carregadeira, New Holland, 12 D, 2014, conforme laudo técnico nº 152/2024 e memorando nº 44/2024. A necessidade e a emergência da contratação estão justificadas no Termo de Referência e demais documentos emitidos pela Secretaria Municipal de Infraestrutura, Serviços Urbanos, Segurança e Trânsito  SMIESUST. Maiores detalhes podem ser consultados no Termo de Referência e demais documentos que integram o processo de dispensa emergencial de licitação.",Homologada
2024,20897,PRD DISPENSA EXCETO PEQUENO VALOR,262/2024,358,"Aquisição de peças e serviços para manutenção da VTR 261, MORUMBI, ano/modelo 2015 prancha rebaixada, placas IWU 7204.",Homologada
2024,20898,PRD DISPENSA EXCETO PEQUENO VALOR,263/2024,359,"Aquisição de peças veiculares necessárias para restauração das condições de trabalho do VTR 207, VW, modelo 7.100, 1995, conforme laudo técnico nº 192/2024 e memorando nº 119/2024. A necessidade e a emergência da contratação estão justificadas no Termo de Referência e demais documentos emitidos pela Secretaria Municipal de Infraestrutura, Serviços Urbanos, Segurança e Trânsito  SMIESUST. Maiores detalhes podem ser consultados no Termo de Referência e demais documentos que integram o processo de dispensa emergencial de licitação.",Homologada
2024,20899,PRD DISPENSA EXCETO PEQUENO VALOR,264/2024,360,"Aquisição de serviço para manutenção da VTR 257, retroescavadeira  RANDON ano/modelo 2015 RD 406, sem placas.",Homologada
2024,20900,PRD DISPENSA EXCETO PEQUENO VALOR,265/2024,361,"Aquisição de peças e serviços  para manutenção da VTR 185, caminhão 6x2 M.BENZ ano/modelo 2010 L-1620 placas IRC 2662.",Homologada
2024,20901,PRD DISPENSA EXCETO PEQUENO VALOR,266/2024,362,"Aquisição de peças veiculares necessárias para restauração das condições de trabalho do VTR 262, Camionete Mitsubichi L-200, conforme laudo técnico nº 220/2024 e memorando nº 137/2024. A necessidade e a emergência da contratação estão justificadas no Termo de Referência e demais documentos emitidos pela Secretaria Municipal de Infraestrutura, Serviços Urbanos, Segurança e Trânsito  SMIESUST. Maiores detalhes podem ser consultados no Termo de Referência e demais documentos que integram o processo de dispensa emergencial de licitação.",Homologada
2024,20902,PRD DISPENSA EXCETO PEQUENO VALOR,267/2024,363,"Contratação de empresa para fornecimento de renovação de seguro contra acidentes para passageiros e tripulantes transportados pelos micro IJV-0261, VTR 139, IQY 2212, VTR 177 IPY 2214, VTR178 IVH-8605, VTR 223 E IWJ-6361 VTR 269 E PELOS ÔNIBUS  IVK-1975 VTR 232 E IVS-0216, VTR 268  pelo período de 12 meses.",Homologada
2024,20906,PRD DISPENSA EXCETO PEQUENO VALOR,268/2024,366,"Aquisição de peças para manutenção da VTR.296 Cavalo Trator VW, Ano/Modelo:2019/2020, 25.360 CTC, 6X2, sem placas.",Homologada
2024,20907,PRD DISPENSA EXCETO PEQUENO VALOR,269/2024,367,"Aquisição de peça e serviço para manutenção da VTR 281, retroescavadeira RANDON, ano/modelo 2018 RK 406, sem placas.",Homologada
2024,20908,PRD DISPENSA EXCETO PEQUENO VALOR,270/2024,368,"Aquisição de peças veiculares necessárias para restauração das condições de trabalho do VTR 296, Volkswagen, modelo 25.360 CTC 6x2, 2019/2020, conforme laudo técnico nº 135/2024 e memorando nº 80/2024. A necessidade e a emergência da contratação estão justificadas no Termo de Referência e demais documentos emitidos pela Secretaria Municipal de Infraestrutura, Serviços Urbanos, Segurança e Trânsito  SMIESUST. Maiores detalhes podem ser consultados no Termo de Referência e demais documentos que integram o processo de dispensa emergencial de licitação.",Homologada
2024,20909,PRD DISPENSA EXCETO PEQUENO VALOR,271/2024,369,"Aquisição de serviços para manutenção da VTR 247, motoniveladora  15.400 kg, XCMG ano/modelo 2014 GR 180BR. Sem placas.",Homologada
2024,20910,PRD DISPENSA EXCETO PEQUENO VALOR,272/2024,370,"Aquisição de peças veiculares necessárias para restauração das condições de trabalho do VTR 245, Randon RD 406, 2015, conforme laudo técnico nº 211/2024 e memorando nº 143/2024. A necessidade e a emergência da contratação estão justificadas no Termo de Referência e demais documentos emitidos pela Secretaria Municipal de Infraestrutura, Serviços Urbanos, Segurança e Trânsito  SMIESUST. Maiores detalhes podem ser consultados no Termo de Referência e demais documentos que integram o processo de dispensa emergencial de licitação.",Homologada
2024,20911,PRD DISPENSA EXCETO PEQUENO VALOR,273/2024,371,"Aquisição de EPIs (calça e jaqueta ), a serem usados para identificação visual e também para proteção individual do profissional eletricista.",Homologada
2024,20912,PRD DISPENSA EXCETO PEQUENO VALOR,274/2024,372,"Aquisição de peças veiculares necessárias para restauração das condições de trabalho do VTR 246, New Holland, E 215 C EVO, 2015, conforme laudo técnico nº 213/2024 e memorando nº 140/2024. A necessidade e a emergência da contratação estão justificadas no Termo de Referência e demais documentos emitidos pela Secretaria Municipal de Infraestrutura, Serviços Urbanos, Segurança e Trânsito  SMIESUST. Maiores detalhes podem ser consultados no Termo de Referência e demais documentos que integram o processo de dispensa emergencial de licitação.",Homologada
2024,20913,PRD DISPENSA EXCETO PEQUENO VALOR,275/2024,373,Aquisição de peças e mão de obra para manutenção da roçadeira de arrasto número de patrimônio 34.226.,Homologada
2024,20914,PRD DISPENSA EXCETO PEQUENO VALOR,276/2024,374,"Aquisição de peças veiculares necessárias para restauração das condições de trabalho do VTR 46, Masey Fergunson, modelo 235, ano 1990, conforme laudo técnico nº 232/2024 e memorando nº 158/2024. A necessidade e a emergência da contratação estão justificadas no Termo de Referência e demais documentos emitidos pela Secretaria Municipal de Infraestrutura, Serviços Urbanos, Segurança e Trânsito  SMIESUST. Maiores detalhes podem ser consultados no Termo de Referência e demais documentos que integram o processo de dispensa emergencial de licitação.",Homologada
2024,20915,PRD DISPENSA EXCETO PEQUENO VALOR,277/2024,375,"Aquisição de serviço para confecção com fornecimento de material e instalação de corrimão e lixeira para lixo contaminado para as unidades de saúde LAFRON, FARMÁCIA BÁSICA DA ZONA SUL E ESF:08.",Homologada
2024,20916,PRD DISPENSA EXCETO PEQUENO VALOR,278/2024,376,"Aquisição de serviços  para manutenção da VTR 281, retroescavadeira, RANDON ano/modelo 2018, RK 406. Sem placas.",Homologada
2024,20917,PRD DISPENSA EXCETO PEQUENO VALOR,279/2024,377,"Aquisição de peças veiculares necessárias para restauração das condições de trabalho do VTR 294, XCMG, modelo GR 1803 BR, 2019, conforme laudo técnico nº 222/2024 e memorando nº 144/2024. A necessidade e a emergência da contratação estão justificadas no Termo de Referência e demais documentos emitidos pela Secretaria Municipal de Infraestrutura, Serviços Urbanos, Segurança e Trânsito  SMIESUST. Maiores detalhes podem ser consultados no Termo de Referência e demais documentos que integram o processo de dispensa emergencial de licitação.",Homologada
2024,20918,PRD DISPENSA EXCETO PEQUENO VALOR,280/2024,378,"Aquisição de peças veiculares necessárias para restauração das condições de trabalho do VTR 250, Ford Cargo 2429-S, ano 2015, conforme laudo técnico nº 190/2024 e memorando nº 118/2024. A necessidade e a emergência da contratação estão justificadas no Termo de Referência e demais documentos emitidos pela Secretaria Municipal de Infraestrutura, Serviços Urbanos, Segurança e Trânsito  SMIESUST. Maiores detalhes podem ser consultados no Termo de Referência e demais documentos que integram o processo de dispensa emergencial de licitação.",Homologada
2024,20919,PRD DISPENSA EXCETO PEQUENO VALOR,281/2024,379,"Aquisição de material e mão de obra para manutenção da VTR 251, caminhão, FORD, ano/modelo  2014/14, CARGO 2423, placa: IWN 7532.",Homologada
2024,20920,PRD DISPENSA EXCETO PEQUENO VALOR,282/2024,380,"Aquisição de serviços de manutenção da VTR.297 Caminhão Ford Cargo, Ano/modelo 2019, placas IIZS8G58.",Homologada
2024,20921,PRD DISPENSA EXCETO PEQUENO VALOR,283/2024,381,"Aquisição de peças e serviços para manutenção da VTR: 294, Motoniveladora, XCMG, Ano/modelo:2019, GR 1803 BR, sem placas.",Homologada
2024,20922,PRD DISPENSA EXCETO PEQUENO VALOR,284/2024,382,"Aquisição de peças e serviços para manutenção da VTR 295,  Motoniveladora, XCMG,Ano/Modelo: GR 1803 BR, sem placas.",Homologada
2024,20923,PRD DISPENSA EXCETO PEQUENO VALOR,285/2024,383,"Aquisição de peças e mão de obra para manutenção da VTR 262, camionete, placas IKO 9579, MITSUBISHI,L-200, Pneus 215/80R16, Ano/modelo 2002, diesel.",Homologada
2024,20924,PRD DISPENSA EXCETO PEQUENO VALOR,286/2024,384,"Aquisição de peças e serviços para manutenção da VTR 243, pá carregadeira, New Holland,Ano/modelo:2014, 12D, Sem placas.",Homologada
2024,20925,PRD DISPENSA EXCETO PEQUENO VALOR,287/2024,385,"Aquisição de serviços para realizar a manutenção da VTR,320, caminhão MB, M.Benz, Ano/Modelo 1990,1218 L, Placas: IES1C01.",Homologada
2024,20927,PRD DISPENSA EXCETO PEQUENO VALOR,288/2024,387,"Aquisição de material e serviço para manutenção da VTR 246,Escavadeira, New Holland, peso:22.700kg, Ano/Modelo:2015, E 215 CEVO. Sem placas.",Homologada
2024,20928,PRD DISPENSA EXCETO PEQUENO VALOR,289/2024,388,"Aquisição de peças veiculares necessárias para restauração das condições de trabalho do VTR 296, VW 25.360 CTC 6X2, 20192020, conforme laudo técnico nº 342/2024 e memorando nº 190/2024. A necessidade e a emergência da contratação estão justificadas no Termo de Referência e demais documentos emitidos pela Secretaria Municipal de Infraestrutura, Serviços Urbanos, Segurança e Trânsito  SMIESUST. Maiores detalhes podem ser consultados no Termo de Referência e demais documentos que integram o processo de dispensa emergencial de licitação.",Homologada
2024,20929,PRD DISPENSA EXCETO PEQUENO VALOR,290/2024,389,"Aquisição de peças veiculares necessárias para restauração das condições de trabalho do VTR 246, New Holland E 215 C, 2015, conforme laudo técnico nº 341/2024 e memorando nº 176/2024. A necessidade e a emergência da contratação estão justificadas no Termo de Referência e demais documentos emitidos pela Secretaria Municipal de Infraestrutura, Serviços Urbanos, Segurança e Trânsito  SMIESUST. Maiores detalhes podem ser consultados no Termo de Referência e demais documentos que integram o processo de dispensa emergencial de licitação.",Homologada
2024,20930,PRD DISPENSA EXCETO PEQUENO VALOR,291/2024,390,"Aquisição de peças e serviços para manutenção da VTR 209, CAMIONETE, S-10 4X2 LS CS 2.4 l, etanol/gasolina, GM, Ano/modelo:2012/2013, 141 cv.",Homologada
2024,20931,PRD DISPENSA EXCETO PEQUENO VALOR,292/2024,391,"Aquisição de peças e serviços para manutenção da VTR 247, XCMG, GR 180 BR,cummins 6 CTA 8.3 I, Ano/modelo: 2014, sem placas.",Homologada
2024,20932,PRD DISPENSA EXCETO PEQUENO VALOR,293/2024,392,"Aquisição de peças e mão de obra para manutenção da VTR 333, caminhão, F4000, FORD, BRANCA, Ano/modelo 2002, placas MCA9H41.",Homologada
2024,20933,PRD DISPENSA EXCETO PEQUENO VALOR,294/2024,393,"Aquisição de peças e serviços para manutenção da VTR 281, retroescavadeira, RK406, RANDON, amarela, Ano/modelo:2018, DIESEL.",Homologada
2024,20934,PRD DISPENSA EXCETO PEQUENO VALOR,295/2024,394,"Aquisição de peças e serviços para manutenção da VTR 257, Retroescavadeira, RANDON, Ano/Modelo 2015, RD 406, SEM PLACAS.",Homologada
2024,20935,PRD DISPENSA EXCETO PEQUENO VALOR,296/2024,395,"Aquisição de peças e serviços para manutenção da VTR 281, retroescavadeira, RK 406, RANDON, amarela, Ano/modelo:2018, DIESEL.",Homologada
2024,20937,PRD DISPENSA EXCETO PEQUENO VALOR,297/2024,397,"Aquisição de peças e mão de obra para manutenção da VTR 242, motoniveladora  RG 140 B, New Holland, 14.000 Kg, FPT 6.7 TIER II, Ano/modelo :2014.",Homologada
2024,20938,PRD DISPENSA EXCETO PEQUENO VALOR,298/2024,398,"Aquisição de peças e mão de obra para manutenção da VTR 215, ambulância FIAT Doblo, cargo Flex 1.4, Ano/modelo 2013/2014, placa IUQ 1007.",Homologada
2024,20939,PRD DISPENSA EXCETO PEQUENO VALOR,299/2024,399,"Aquisição de peças e serviços para manutenção da VTR 285, FIAT, ANO/MODELO 2018/18, FIAT STRADA, placas:IYY 4891.",Homologada
2024,20940,PRD DISPENSA EXCETO PEQUENO VALOR,300/2024,400,"Aquisição de peças e mão de obra para manutenção da VTR 317, ambulância Fiorino  Endurance 1.4, placas nº JAP 2G16, ano/modelo 2020/2021, veículo utilizado para deslocamento de pacientes com dificuldade de locomoção.",Homologada
2024,20941,PRD DISPENSA EXCETO PEQUENO VALOR,301/2024,401,Aquisição de material de expediente (papel A4) para ser utilizado na Secretaria de Saúde.,Homologada
2024,20942,PRD DISPENSA EXCETO PEQUENO VALOR,302/2024,402,"Aquisição de peças e serviços para manutenção da VTR 89, AGRALE, peso:3449kg, ano/modelo 1993, ULTRAVAN FD, PLACAS; iat 7018.",Homologada
2024,20943,PRD DISPENSA EXCETO PEQUENO VALOR,303/2024,403,"Aquisição de peças e serviços para  manutenção da VTR 165, trator, MASSEY FERGUSON, Ano/Modelo:2009, 283-4x4 ADVANCED, Sem placas.",Homologada
2024,20944,PRD DISPENSA EXCETO PEQUENO VALOR,304/2024,404,"Aquisição de serviço para manutenção da VTR 247, XCMG, GR 180 BR, cummins 6 CTA 8.3 I, Ano/Modelo:2014.",Homologada
2024,20945,PRD DISPENSA EXCETO PEQUENO VALOR,305/2024,405,"Aquisição de peças e serviços para manutenção da VTR 277,ASTRA, GM, ano/modelo:2004/05, SEDAN CONFORT, placa1s: HCA 7339.",Homologada
2024,20946,PRD DISPENSA EXCETO PEQUENO VALOR,306/2024,406,"Aquisição de peças e serviços para manutenção da VTR 154,  caminhão caçamba 6x2, M.BENZ, Ano/modelo:2007, L-1620, PLACAS:INX 1130.",Homologada
2024,20947,PRD DISPENSA EXCETO PEQUENO VALOR,307/2024,407,"Aquisição de serviços para manutenção da VTR 245, RETROESCAVADEIRA, RANDON, ano/mkodelo:2015, RD 406, Sem placas.",Homologada
2024,20948,PRD DISPENSA EXCETO PEQUENO VALOR,308/2024,408,"Aquisição de peças e mão de obra para manutenção da VTR 319, caminhão, IVECO, 570S38T STRALIS, diesel, placas: MMM2689, VERDE, Ano/modelo:2008.",Homologada
2024,20949,PRD DISPENSA EXCETO PEQUENO VALOR,309/2024,409,"Aquisição de peças e mão de obra  para manutenção da VTR 283, Voyage, placa IYR 1096, ano/modelo 2018, utilizado para o transporte dos pacientes do interior e local.",Homologada
2024,20950,PRD DISPENSA EXCETO PEQUENO VALOR,310/2024,410,"Aquisição de peças e serviços  para manutenção da VTR 346, FIAT, Ano/modelo 2013, FIAT STRADA, placas: IUG5145.",Homologada
2024,20951,PRD DISPENSA EXCETO PEQUENO VALOR,311/2024,411,"Aquisição de peças e mão de obra para manutenção da VTR 185, caminhão caçamba 6x2, L-1620, Ano/modelo  2010,m M. BENZ, OM 906 LA, placas  IRC662.",Homologada
2024,20952,PRD DISPENSA EXCETO PEQUENO VALOR,312/2024,412,"Aquisição de peças e serviços para manutenção da VTR 191, ônibus VW/15.190 EOD E. HD ORE, placas  IRV5472, Ano/modelo 2011/2011.",Homologada
2024,20953,PRD DISPENSA EXCETO PEQUENO VALOR,313/2024,413,"Aquisição de peças e mão de obra para manutenção da VTR.319 Caminhão, Iveco, placas MMM 2689, verde, Ano/Modelo: 2008.",Homologada
2024,20954,PRD DISPENSA EXCETO PEQUENO VALOR,314/2024,414,"Aquisição de peças e serviços para manutenção da VTR 246, Escavadeira, New Holland, 22.700 kg, E 215 C EVO, Ano/modelo 2015, 667TA/MEB.",Homologada
2024,20955,PRD DISPENSA EXCETO PEQUENO VALOR,315/2024,415,"Aquisição de peças e serviços para manutenção da VTR 184, caminhão caçamba 6x2, M.BENZ, Ano/modelo 2010, L-1620, PLACAS: IRC 2795.",Homologada
2024,20956,PRD DISPENSA EXCETO PEQUENO VALOR,316/2024,416,"Aquisição de peças e serviços para manutenção da vtr 202, Mini-carregadeira, New Holland, Ano/modelo 2011, L-220 LOADER, Sem placas.",Homologada
2024,20957,PRD DISPENSA EXCETO PEQUENO VALOR,317/2024,417,"Aquisição de peças e serviço para manutenção da VTR 203, FORD, F-4000,Ano/modelo 2011, placas ITA 9466.",Homologada
2024,20958,PRD DISPENSA EXCETO PEQUENO VALOR,318/2024,418,"Aquisição de serviços para manutenção da VTR 320, caminhão MB, placas : IES1C01, 1218 L, M.BENZ, Ano/modelo:1990.",Homologada
2024,20960,PRD DISPENSA EXCETO PEQUENO VALOR,319/2024,419,"Aquisição de serviço para manutenção da VTR.251 Caminhão Ford, placas IWN 7532, Ano/Modelo: 2014/2014, Cargo 2423,",Homologada
2024,20961,PRD DISPENSA EXCETO PEQUENO VALOR,320/2024,420,"Aquisição de serviço para manutenção da VTR.156 Motoniveladora, Case, Ano/Modelo: 2007, 845 B, Sem placas.",Homologada
2024,20962,PRD DISPENSA EXCETO PEQUENO VALOR,321/2024,421,"Aquisição de mão de obra para  manutenção  da VTR 295, Motoniveladora, XCMG, Ano/modelo:GR 1803 BR, Sem placas.",Homologada
2024,20963,PRD DISPENSA EXCETO PEQUENO VALOR,322/2024,422,"Aquisição de serviços para manutenção da VTR: 296, cavalo trator  VW 25.360, CTC 6X2, placas IZQ1G22,ano/modelo 19/20.",Homologada
2024,20964,PRD DISPENSA EXCETO PEQUENO VALOR,323/2024,423,"Aquisição de peças e serviços para manutenção da VTR 216, Retroescavadeira, RANDON, Ano/modelo:2013, RD 406, Sem placas.",Homologada
2024,20972,PRD DISPENSA EXCETO PEQUENO VALOR,324/2024,424,"Aquisição de peças e serviços para manutenção da VTR. 301 FORD/FIESTA, placas ATW 5G46, Ano/Modelo: 2011/2011, veículo do departamento Administrativo da SMEd.",Homologada
2024,20973,PRD DISPENSA EXCETO PEQUENO VALOR,325/2024,425,"Termo de colaboração entre prefeitura de São Borja e APAE., com finalidade de executar o projeto ""Fortalecendo as Ofertas Socioassistenciais na APAE de  São Borja.",Homologada
2024,20974,PRD DISPENSA EXCETO PEQUENO VALOR,326/2024,426,"Aquisição de mão de obra para manutenção da VTR 043, Motoniveladora, DRESSER, Ano/modelo 1991, 205 c, Sem placas.",Homologada
2024,20975,PRD DISPENSA EXCETO PEQUENO VALOR,327/2024,427,"Termo de colaboração entre Prefeitura de São Borja e APAE, com a finalidade de executar o Projeto Qualificando as Ofertas socioassistenciais na APAE de São Borja.",Homologada
2024,20976,PRD DISPENSA EXCETO PEQUENO VALOR,328/2024,428,"Aquisição de equipamento de T.I.C(Access point) para uso e distribuição de sinal de internet onde não é abrangido por cabeamento( ausência de entrada), que   será utilizado na Secretaria Municipal da Fazenda.",Homologada
2024,20977,PRD DISPENSA EXCETO PEQUENO VALOR,329/2024,429,Termo de colaboração com a finalidade de executar o Projeto Emenda Parlamentar 202441680004.,Homologada
2024,20978,PRD DISPENSA EXCETO PEQUENO VALOR,330/2024,430,Termo de colaboração para executar o projeto Emenda parlamentar 2202436660008.,Homologada
2024,20979,PRD DISPENSA EXCETO PEQUENO VALOR,331/2024,431,Termo de colaboração com a finalidade de executar o Projeto Emenda Parlamentar 202444840013.,Homologada
2024,20981,PRD DISPENSA EXCETO PEQUENO VALOR,332/2024,432,"Aquisição de peças e serviços destinados a manutenção da VTR.332 Compactador/vibrador, xcmg, Ano/Modelo: 2021, sem placas.",Homologada
2024,20982,PRD DISPENSA EXCETO PEQUENO VALOR,333/2024,433,Contratação de empresa especializada para dedetização e desratização nas dependências internas do Departamento de Material  Patrimônio e Documentos (DMPD) da SAD.,Homologada
2024,20983,PRD DISPENSA EXCETO PEQUENO VALOR,334/2024,434,Aquisição de colchonetes para uso dos pacientes nas atividades de ginástica com a educadora  física nos ESFs.,Homologada
2024,20984,PRD DISPENSA EXCETO PEQUENO VALOR,335/2024,435,"Aquisição de peças e mão de obra para manutenção da VTR 260, Semi Reboque  basculante, Morumbi, Ano/modelo: 2015, placas: IWU 7207.",Homologada
2024,20988,PRD DISPENSA EXCETO PEQUENO VALOR,336/2024,436,"Aquisição de peças e mão de obra para manutenção da VTR 166, UNO, PLACAS: IQA 6691, FIAT, BRANCA, Mille Economy 4p, Ano/modelo: 2009.",Homologada
2024,20992,PRD DISPENSA EXCETO PEQUENO VALOR,337/2024,438,"Aquisição de peças e serviço para manutenção do VTR 290, modelo Renault Master Furgão L3H2, ano 2018/2019, placa IZI9168. Maiores detalhes no termo de referência e processo de dispensa emergencial de licitação.",Homologada
2024,20993,PRD DISPENSA EXCETO PEQUENO VALOR,338/2024,439,"Aquisição de peças  e mão de obra para manutenção da VTR 245, RANDON, RD 406, Ano/modelo 2015, MWM 4.1.",Homologada
2024,20994,PRD DISPENSA EXCETO PEQUENO VALOR,339/2024,440,"Aquisição de peças e mão de obra para manutenção da VTR: 257, RANDON,RD 406, MWM 4.1, Ano/modelo:2015.",Homologada
2024,20996,PRD DISPENSA EXCETO PEQUENO VALOR,340/2024,442,"Aquisição de renovação de duas licenças do programa sketchup PRO utilizado na elaboração de projetos pelos arquitetos da Secretaria de Planejamento Orçamento e Projetos, pelo período de 12 meses.",Homologada
2024,20997,PRD DISPENSA EXCETO PEQUENO VALOR,341/2024,443,"Aquisição de peças veiculares necessárias para restauração das condições de trabalho dos VTRs: VTR 296, VTR 319, VTR 259, VTR 260, VTR 261, conforme laudo técnico nº 184/2024 e memorando nº 117/2024. A necessidade e a emergência da contratação estão justificadas no Termo de Referência e demais documentos emitidos pela Secretaria Municipal de Infraestrutura, Serviços Urbanos, Segurança e Trânsito  SMIESUST. Maiores detalhes podem ser consultados no Termo de Referência e demais documentos que integram o processo de dispensa emergencial de licitação.",Homologada
2024,20998,PRD DISPENSA EXCETO PEQUENO VALOR,342/2024,444,"Aquisição de peças veiculares necessárias para restauração das condições de trabalho dos VTRs 216 e 245, conforme laudo técnico nº 185/2024 e memorando nº 116/2024. A necessidade e a emergência da contratação estão justificadas no Termo de Referência e demais documentos emitidos pela Secretaria Municipal de Infraestrutura, Serviços Urbanos, Segurança e Trânsito  SMIESUST. Maiores detalhes podem ser consultados no Termo de Referência e demais documentos que integram o processo de dispensa emergencial de licitação.",Homologada
2024,20999,PRD DISPENSA EXCETO PEQUENO VALOR,343/2024,445,"Aquisição de Carbonato de Calcio 500 mg e Garra do Diabo200 mg, tendo em vista que os itens estão  com baixo estoque e estão desertos  nos pregões vigentes. Quantidade estimada para trinta dias de distribuição gratuitas aos  usuários das Farmácias básicas do Município.",Homologada
2024,21000,PRD DISPENSA EXCETO PEQUENO VALOR,344/2024,446,Aquisição de medicamentos OMEPRAZOL 20 MG E PROMETAZINA 25MG/ML injetável Ampola 2ml. A pedido da coordenação da Assistência Farmacêutica.,Homologada
2024,21001,PRD DISPENSA EXCETO PEQUENO VALOR,345/2024,447,"Aquisição de material T.I.C. (Acess point-unif) para cobrir a demanda de rede WIFI para as dependências das uinidades de saúde: Esf: 15, Esf;3 e novas instalações do CAPS 01.",Homologada
2024,21002,PRD DISPENSA EXCETO PEQUENO VALOR,346/2024,448,"Aquisição de equipamentos de informática que serão usados na unidade CASA  na sala de Tele Medicina, e no setor de compras e direção da Secretaria de Saúde ( Administrativo).",Homologada
2024,21003,PRD DISPENSA EXCETO PEQUENO VALOR,347/2024,449,Aquisição de um transformador de energia para ser usado na impressora no administrativo  setor (compras). da Secretaria de Saúde.,Homologada
2024,21004,PRD DISPENSA EXCETO PEQUENO VALOR,348/2024,450,"Aquisição de peças e serviços para manutenção da VTR 242, MOTONIVELADORA, NEW HOLLAND, Ano/modelo: 2014, RG 140 B, Sem placas.",Homologada
2024,21005,PRD DISPENSA EXCETO PEQUENO VALOR,349/2024,451,"Aquisição de peças e serviços para manutenção da VTR 157, RETROESCAVADEIRA, CASE, Ano/modelo:2007, 580 L 4X2, Sem placas.",Homologada
2024,21007,PRD DISPENSA EXCETO PEQUENO VALOR,351/2024,453,"Aquisição de mão de obra para manutenção da VTR 245, RETROESCAVADEIRA, RANDON, Ano/modelo; 2015, RD 406, Sem placas.",Homologada
2024,21008,PRD DISPENSA EXCETO PEQUENO VALOR,352/2024,454,"Aquisição de material de segurança (Barras de apoio) e equipamento para a cozinha, para ser usado pelos pacientes do programa CAPS AD III ( Centro de Atenção  psicosocial para dependência de alcool e outras drogas), Conforme necessidade de padronização",Homologada
2024,21010,PRD DISPENSA EXCETO PEQUENO VALOR,353/2024,456,Aquisição de materiais de copa e cozinha para atender as demandas  dos projetos e departamentos atendidos pela SMDS.,Homologada
2024,21012,PRD DISPENSA EXCETO PEQUENO VALOR,354/2024,458,"Contratação de empresa para mão de obra com fornecimento de materiais para recuperação do reboco da parte da fachada frontal norte, que desabou na parte superior externa no 6º andar do Centro Administrativo Salvador Lionço Pereira  Alvarez.",Homologada
2024,21013,PRD DISPENSA EXCETO PEQUENO VALOR,355/2024,459,"Aquisição de peças e serviços para manutenção da VTR 130, ônibus Mercedes Benz 1318, Ano/modelo 1991/1991, placas LJN-3034, veículo do Departamento de Transporte escolar da SMED.",Homologada
2024,21015,PRD DISPENSA EXCETO PEQUENO VALOR,356/2024,461,"Aquisição de peças e mão de obra para manutenção da VTR 151, micro-ônibus MARCOPOLO/VOLARE V6 ON, Ano/modelo 2006/2006, placas  INM-8712, veículo do Departamento Administrativo da SMED.",Homologada
2024,21016,PRD DISPENSA EXCETO PEQUENO VALOR,357/2024,462,"Contratação de serviço para desinstalação de 3 aparelhos der ar condicionado  e instalação de outros 3  aparelhos de ar condicionado, com o fornecimento  do material necessário , no CAPS ADIII.",Homologada
2024,21018,PRD DISPENSA EXCETO PEQUENO VALOR,358/2024,464,"Contratação de empresa especializada em confecção e instalação de  lixeira em ferro com fornecimento de material para lixo contaminado, tipo casinha, para a unidade do ESF:14.",Homologada
2024,21019,PRD DISPENSA EXCETO PEQUENO VALOR,359/2024,465,"Aquisição de peças e mão de obra para manutenção da VTR 276, caminhão M. BENZ/710, Ano/modelo 2001/2001, placas AJT-1340, veículo do Departamento  Administrativo da SMED.",Homologada
2024,21021,PRD DISPENSA EXCETO PEQUENO VALOR,360/2024,466,"Aquisição de peças e serviços para manutenção da VTR 305, HYUNDAI, Ano/modelo: 2019/2020, HD80 3.0, placas: IZX3C74.",Homologada
2024,21022,PRD DISPENSA EXCETO PEQUENO VALOR,361/2024,467,"Aquisição de peças e mão de obra para manutenção da VTR 324, vw, 24.280 6x2, Diesel, Ano/modelo 2015, branca, placas IXF 0284.",Homologada
2024,21023,PRD DISPENSA EXCETO PEQUENO VALOR,362/2024,468,"Aquisição de peças e mão de obra para manutenção da VTR 247, Motoniveladora, 15.400 kg, XCMG, Ano/modelo: 2014, GR 180BR, Sem placas.",Homologada
2024,21024,PRD DISPENSA EXCETO PEQUENO VALOR,363/2024,469,"Aquisição de poste de concreto padrão RGE, categoria c11, mediação indireta, caixa embutida, tipo capelinha, com cabos 50mm e djsjuntor geral de 125A, com saída subterrânea, destinado a nova creche que está sendo construída no bairro Maria do Carmo.",Homologada
2024,21027,PRD DISPENSA EXCETO PEQUENO VALOR,364/2024,472,"Aquisição de peças e serviços para manutenção da VTR 216, Retroescavadeira, RANDON, Ano/modelo:2013/13, RD, Sem placas.",Homologada
2024,21028,PRD DISPENSA EXCETO PEQUENO VALOR,365/2024,473,"Aquisição de peças e serviços para manutenção da VTR 346, FIAT, Ano/modelo  2013, FIAT STRADA, placas: IUG5145.",Homologada
2024,21029,PRD DISPENSA EXCETO PEQUENO VALOR,366/2024,474,"Aquisição de peças e mão de obra para manutenção da VTR 09, CAMINHÃO CAÇAMBA BASCULANTE, M-BENZ, Ano/modelo 1987, L-1114, placa: IJO 7708",Homologada
2024,21031,PRD DISPENSA EXCETO PEQUENO VALOR,367/2024,476,Contratação de empresa para realização de exame laboratorial para paciente SUS tendo em vista que o referido exame não é  disponibilizado pela tabela SUS.,Homologada
2024,21033,PRD DISPENSA EXCETO PEQUENO VALOR,368/2024,478,Aquisição de gêneros alimentícios que não constam em nenhum pregão vigente e que são necessários para a continuidade dos projetos e departamentos atendidos pela Secretaria de Desenvolvimento Social.,Homologada
2024,21034,PRD DISPENSA EXCETO PEQUENO VALOR,369/2024,479,"Aquisição de peças e serviços para manutenção das  VTRs: nº: 210,211,177,178,139,276, veículos do Departamento de Transporte Escolar e Administrativo da SMED.",Homologada
2024,21036,PRD DISPENSA EXCETO PEQUENO VALOR,370/2024,481,"Aquisição de peças e serviços para manutenção das VTRs: nº: 329,191,190,179, e 212, veículos do Departamento de Transporte Escolar da SMED.",Homologada
2024,21037,PRD DISPENSA EXCETO PEQUENO VALOR,371/2024,482,"Aquisição de peças e serviços para manutenção das VTRs, nº: 315,314,269,249,193,223, veículos do Departamento de Transporte Escolar da SMED.",Homologada
2024,21038,PRD DISPENSA EXCETO PEQUENO VALOR,372/2024,483,"Aquisição de peças e serviços para manutenção das VTRs: 273,232,268,217,130,129, veículos do Departamento Escolar da SMED.",Homologada
2024,21039,PRD DISPENSA EXCETO PEQUENO VALOR,373/2024,484,"Contratação de empresa para fornecimento de serviço destinado a manutenção dos  ÔNIBUS MERCEDES BENZ 1115, BWY-6598, VTR: 129: VW/15.190 EOD HD, IRA-5095, VTR 179 e  VW/15.190 EOD E. HD ORE, IRV-5467, VTR 190, veículos do Transporte Escolar da SMED.",Homologada
2024,21040,PRD DISPENSA EXCETO PEQUENO VALOR,374/2024,485,"Contratação de empresa para fornecimento de  serviço destinado a manutenção dos  MICRO-ÔNIBUS JAK-3E47, VTR 315: JAK-3E48, VTR 314: ITS-8180, VTR 210 e INM-8710, VTR 151, veículos do Transporte Escolar e do Administrativo da SMED.",Homologada
2024,21041,PRD DISPENSA EXCETO PEQUENO VALOR,375/2024,486,"Aquisição de produtos de higiene e limpeza, produtos esses que restaram fracassados  ou deserto no pregão eletrônico vigente para atendimento aos projetos e departamentos da SMDS para o período de setembro a dezembro de 2024.",Homologada
2024,21042,PRD DISPENSA EXCETO PEQUENO VALOR,376/2024,487,"Contratação de empresa para fornecimento de serviços para manutenção do MICRO MARCOPOLO /VOLARE V8L 4X4, IUA-4959, VTR 211 e ÔNIBUS  M.BENZ/OF 1519, IVK-1975, VTR 232 E M. BENZ/OF 1519, IUS-0389, VTR 217, VEÍCULO DO Transporte Escolar da SMED.",Homologada
2024,21044,PRD DISPENSA EXCETO PEQUENO VALOR,377/2024,488,"Aquisição de peças e serviços para manutenção da  VTR 217, Ônibus, M.BENZ, Ano/modelo: 2013/2013, M.BENZ/OF 1519, placas: IUS-0389.",Homologada
2024,21045,PRD DISPENSA EXCETO PEQUENO VALOR,378/2024,489,"Aquisição de peças e serviços para manutenção da VTR: 123, FIAT STRADA WORKING, Ano/modelo 2002/2002, placas IKY-8227, veículo de apoio do Transporte escolar da SMED.",Homologada
2024,21046,PRD DISPENSA EXCETO PEQUENO VALOR,379/2024,490,"Contratação de mão de obra para manutenção das VTRs: 193,,223 e 269, veículos do Departamento  de Transporte Escolar da SMED.",Homologada
2024,21047,PRD DISPENSA EXCETO PEQUENO VALOR,380/2024,491,"Aquisição de peças e mão de obra para manutenção da VTR 268, Ônibus M.BENZ/OF 1519 ORE, Ano/modelo 2013/2013, placas  IUS-0216, veículo do Transporte Escolar da SMED.",Homologada
2024,21049,PRD DISPENSA EXCETO PEQUENO VALOR,381/2024,493,"Contratação de serviço para manutenção da VTR: 234, Furgão, M.BENZ, Ano/:modelo: 2014, SPRINTER 515, placas: IVO 3401",Homologada
2024,21050,PRD DISPENSA EXCETO PEQUENO VALOR,382/2024,494,"Aquisição de insumos de reação, materiais de procedimento e utensílios de rotina necessária para manutenção e adequação dos serviços do Laboratório de Fronteira de São Borja. Melhores descrições estão no processo de dispensa de licitação e no termo de referência.",Homologada
2024,21052,PRD DISPENSA EXCETO PEQUENO VALOR,383/2024,496,Aquisição de dois computadores destinados aos servidores da SMIESUST.,Homologada
2024,21189,PRD DISPENSA EXCETO PEQUENO VALOR,384/2024,630,"Contratação de serviços de tecnologia da informação (TIC), por meio da prestação de serviços de Emulação de Terminais (EML) e Administração de Rede e Conectividade para manter o sistema do Detran integrado ao departamento de Trânsito. Maiores detalhes podem ser consultados no processo de dispensa de licitação e no Termo de Referência.",Homologada
2024,21054,PRD DISPENSA EXCETO PEQUENO VALOR,385/2024,498,"Aquisição de copos descartáveis, que serão usados nas ESFs, Unidades e Departamentos da Secretaria Municipal de Saúde.",Homologada
2024,21055,PRD DISPENSA EXCETO PEQUENO VALOR,386/2024,499,"Aquisição de peças veiculares necessárias para restauração das condições de trabalho do VTR 315  Micro-ônibus VW Neobus TH O, 2020/2021 Placa JAK 3E47, conforme laudo técnico nº 339/2024. A necessidade e a emergência da contratação estão justificadas no Termo de Referência e demais documentos emitidos pela Secretaria Municipal da Educação. Maiores detalhes podem ser consultados no Termo de Referência e demais documentos que integram o processo de dispensa emergencial de licitação.",Homologada
2024,21056,PRD DISPENSA EXCETO PEQUENO VALOR,387/2024,500,"Aquisição de peça e serviço para manutenção da VTR; 129, Ônibus Mercedes Benz 1115, Ano/modelo 1989/1989, placas BWY-6598, Veículo do Departamento de Transporte Escolar da SMED.",Homologada
2024,21057,PRD DISPENSA EXCETO PEQUENO VALOR,388/2024,501,"Aquisição de peça serviço para manutenção da VTR  212, Ônibus VW/15.190 EOD E.S. ORE Ano/modelo  2012/2013, placas  IUC-2537, veículo do Departamento de Transporte Escolar da SMED.",Homologada
2024,21059,PRD DISPENSA EXCETO PEQUENO VALOR,389/2024,502,"Aquisição de peças e mão de obra para manutenção da VTR 203, Ford F-4000, Ano/modelo 2011, placas ITA 9466.",Homologada
2024,21060,PRD DISPENSA EXCETO PEQUENO VALOR,390/2024,503,"Aquisição de peças e mão de obra para manutenção da VTR 294, Motoniveladora , XCMG, Ano/modelo:2019, GR 1803 BR, Sem placas.",Homologada
2024,21061,PRD DISPENSA EXCETO PEQUENO VALOR,391/2024,504,"Aquisição de peças e serviços para manutenção da VTR 295, Motoniveladora XCMG Ano/modelo GR 1803 BR, Sem placas.",Homologada
2024,21063,PRD DISPENSA EXCETO PEQUENO VALOR,392/2024,506,Aquisição de material para manutenção  de imóvel no posto de atendimento do Ivaí.,Homologada
2024,21064,PRD DISPENSA EXCETO PEQUENO VALOR,393/2024,507,"Aquisição de uma escada em alumínio 08 degraus, formato tesoura, capacidade para 120kg, pés antiderrapantes, altura de até 2,30m com selo de identificação da conformidade- INMETRO.",Homologada
2024,21065,PRD DISPENSA EXCETO PEQUENO VALOR,394/2024,508,"Aquisição de peças e serviços para manutenção da VTR 277, ASTRA, GM, Ano/modelo: 2004/05, SEDAN CONFORT, placas: HCA 7339.",Homologada
2024,21066,PRD DISPENSA EXCETO PEQUENO VALOR,395/2024,509,"Aquisição de peças e serviço para manutenção da VTR 216, Retroescavadeira RANDON, Ano/modelo: 2013/13, RD 406, Sem placas.",Homologada
2024,21068,PRD DISPENSA EXCETO PEQUENO VALOR,396/2024,511,"Aquisição de peças e mão de obra para manutenção da VTR 294, Motoniveladora, XCMG, Ano/modelo: 2019 GR 1803 BR, Sem placas",Homologada
2024,21069,PRD DISPENSA EXCETO PEQUENO VALOR,397/2024,512,"Aquisição de peças e mão de obra para manutenção da VTR 158, Retroescavadeira, 580 L 4X2, CASE, Ano/modelo 2007, 6.370 kg CUMMINS, 5045020  BH 58 4,5 litros-Aspirado.",Homologada
2024,21070,PRD DISPENSA EXCETO PEQUENO VALOR,398/2024,513,Aquisição de peças e mão de obra para manutenção do cortador de piso número de patrimônio 53991,Homologada
2024,21071,PRD DISPENSA EXCETO PEQUENO VALOR,399/2024,514,Aquisição de peças e serviço para manutenção da Motopoda  número de patrimônio 50989.,Homologada
2024,21072,PRD DISPENSA EXCETO PEQUENO VALOR,400/2024,515,Contratação de uma empresa  multidisciplinar para realização de estudos ambientais necessários para remediação de Area Degradada por Resíduos sólidos  urbanos para obtenção de licença única da FEPAM e para que o município execute obras de recuperação no local.,Homologada
2024,21073,PRD DISPENSA EXCETO PEQUENO VALOR,401/2024,516,Aquisição de peças e serviço para manutenção da placa vibratória número de patrimônio 47434,Homologada
2024,21074,PRD DISPENSA EXCETO PEQUENO VALOR,402/2024,517,Aquisição de peças e serviço para manutenção do cortador de piso número de patrimônio 49864,Homologada
2024,21076,PRD DISPENSA EXCETO PEQUENO VALOR,403/2024,519,Aquisição de peças e serviço para manutenção do soprador  BG número de patrimônio 49814.,Homologada
2024,21077,PRD DISPENSA EXCETO PEQUENO VALOR,404/2024,520,Aquisição de peças e serviço para manutenção da lavadora de alta pressão número de patrimônio 43794.,Homologada
2024,21078,PRD DISPENSA EXCETO PEQUENO VALOR,405/2024,521,Aquisição de peças e serviço para manutenção do compactador de solo  número de  patrimônio 33274.,Homologada
2024,21079,PRD DISPENSA EXCETO PEQUENO VALOR,406/2024,522,"Aquisição de peças e mão de obra para manutenção da VTR 294, Motoniveladora, GR 1803 BR, XCMG, 193 hp, ano/modelo 2019.",Homologada
2024,21080,PRD DISPENSA EXCETO PEQUENO VALOR,407/2024,523,"Aquisição de mão de obra para manutenção da VTR 207, VW, Ano/modelo 1995/95, 7.100, placa:CBV6G18",Homologada
2024,21081,PRD DISPENSA EXCETO PEQUENO VALOR,408/2024,524,"Aquisição de mão de obra para manutenção da VTR 281, Retroescavadeira, RANDON, Ano/modelo: 2018, RK 406. Sem placas.",Homologada
2024,21082,PRD DISPENSA EXCETO PEQUENO VALOR,409/2024,525,"Aquisição de peças e serviços para manutenção  da VTR 203, Ford, Ano/modelo  2011/11, F-04000, Placa: ITA 9466.",Homologada
2024,21083,PRD DISPENSA EXCETO PEQUENO VALOR,410/2024,526,"Aquisição de mão de obra para manutenção da VTR 250, cargo 2429-S, placas  IWO1305, FORD, Ano/modelo 2015.",Homologada
2024,21084,PRD DISPENSA EXCETO PEQUENO VALOR,411/2024,527,"Aquisição de fraldas descartáveis geriátricas para suprir a demanda dos pacientes que são acompanhados pelo setor de dispensação de fraldas da Secretaria Municipal da Saúde. Quantitativo para um mês de distribuição, prazo estimado para seja concluído o pregão eletrônico. Maiores detalhes podem ser consultados no Termo de Referência e processo de dispensa emergencial de licitação.",Homologada
2024,21085,PRD DISPENSA EXCETO PEQUENO VALOR,412/2024,528,"Aquisição de peças e mão de obra para manutenção da VTR 157, Retroescavadeira, 580 L 4x2 (não cabinada), CASE, Ano/modelo 2007, CUMMINS, 5045020 BH 58 4,5 litros aspirado.",Homologada
2024,21086,PRD DISPENSA EXCETO PEQUENO VALOR,413/2024,529,"Aquisição de peças e mão de obra para manutenção da VTR 247, Motoniveladora, XCMG, GR 180 BR, CUMMINS 6 CTA 8.3 l, Ano/modelo 2014.",Homologada
2024,21087,PRD DISPENSA EXCETO PEQUENO VALOR,414/2024,530,"Aquisição de peças e mão de obra para manutenção da VTR 184,  l-1620, Ano/modelo 2010, M.BENZ, OM 906 LA, caminhão caçamba 6x2, placas: IRC 2795.",Homologada
2024,21088,PRD DISPENSA EXCETO PEQUENO VALOR,415/2024,531,"Aquisição de peças e serviços para manutenção da VTR 244, Rolo compactador vibrador, Muller, Ano/modelo: 2014, VAP 70, Sem placas.",Homologada
2024,21089,PRD DISPENSA EXCETO PEQUENO VALOR,416/2024,532,"Aquisição de porteiro eletrônico para melhor atendimento  á quem procura a Casa de Acolhida, local vinculado á Secretaria de Assistência Social.",Homologada
2024,21090,PRD DISPENSA EXCETO PEQUENO VALOR,417/2024,533,"Manutenção , conserto  e limpeza de ar condicionado  split, de algumas unidades de saúde (Esf 4, Esf 8, Esf 9, Esf 19) SAMU e MAC.",Homologada
2024,21091,PRD DISPENSA EXCETO PEQUENO VALOR,418/2024,534,"Aquisição de serviço de dedetização contra piolhos de pombos e desratização na Prefeitura de São Borja, juntamente com o Departamento  de Trânsito  e todos outros Departamentos do terceiro andar, medindo area total de 588 m2, através de contratação de empresa especializada no ramo.",Homologada
2024,21093,PRD DISPENSA EXCETO PEQUENO VALOR,419/2024,536,Aquisição de módulos de EPS para  alojamentos provisórios para famílias atingidas pela enchente.,Homologada
2024,21094,PRD DISPENSA EXCETO PEQUENO VALOR,420/2024,537,Aquisição de aparelhos e equipamentos domésticos destinados a atender a rede municipal de educação.,Homologada
2024,21095,PRD DISPENSA EXCETO PEQUENO VALOR,421/2024,538,"Aquisição de mão de obra para manutenção da VTR: 295, Motoniveladora, XCMG, Ano/modelo: GR 1803 br, Sem placas.",Homologada
2024,21096,PRD DISPENSA EXCETO PEQUENO VALOR,422/2024,539,"Aquisição de mão de obra para manutenção da VTR 247, Motoniveladora, 15.400 kg, XCMG, Ano/modelo:2014, GR 180 BR, Sem placas.",Homologada
2024,21097,PRD DISPENSA EXCETO PEQUENO VALOR,423/2024,540,"Aquisição de mão de obra para manutenção da  VTR 281, Retroescavadeira, RANDON, Ano/modelo: 2018, RK 406. Sem placas.",Homologada
2024,21098,PRD DISPENSA EXCETO PEQUENO VALOR,424/2024,541,"Aquisição de mão de obra para manutenção da VTR 294, Motoniveladora, XCMG, Ano/modelo: 2019, GR 1803 BR,Sem placas.",Homologada
2024,21099,PRD DISPENSA EXCETO PEQUENO VALOR,425/2024,542,"Aquisição de peças e mão de obra para manutenção da VTR: 207, VW 7.100,MWM, Ano/modelo 1995, placas CBV 6G18.",Homologada
2024,21100,PRD DISPENSA EXCETO PEQUENO VALOR,426/2024,543,"Aquisição de peças e mão de obra para manutenção da VTR: 281, Retroescavadeira , RANDON, Ano/modelo:2018, RK 406. Sem placas.",Homologada
2024,21101,PRD DISPENSA EXCETO PEQUENO VALOR,427/2024,544,"Aquisição de peças e mão de obra para manutenção da VTR 203, FORD Ano/modelo 2011/11, F-04000, placa: ITA 9466.",Homologada
2024,21102,PRD DISPENSA EXCETO PEQUENO VALOR,428/2024,545,"Aquisição de serviço para manutenção  nos equipamentos de ares condicionados da Secretaria de Planejamento , Orçamentos e Projetos.",Homologada
2024,21103,PRD DISPENSA EXCETO PEQUENO VALOR,429/2024,546,"Aquisição de peças e mão  de obra  para manutenção da VTR: 154, caminhão caçamba6x2, M. BENZ, OM 906 LA, L-1620, ano/modelo: 2007, placas: INX 1130.",Homologada
2024,21104,PRD DISPENSA EXCETO PEQUENO VALOR,430/2024,547,"Aquisição de peças e mão de obra para manutenção da VTR 346, Ano/modelo:2013, FIAT STRADA, placa: IUG5B45.",Homologada
2024,21105,PRD DISPENSA EXCETO PEQUENO VALOR,431/2024,548,"Aquisição de peças e mão de obra para manutenção da VTR 245, Retroescavadeira, RANDON, Ano/modelo: 2015, RD 406, Sem placas.",Homologada
2024,21106,PRD DISPENSA EXCETO PEQUENO VALOR,432/2024,549,"Aquisição de peças e mão de obra para manutenção da VTR,281, Retroescavadeira, RANDON, Ano/modelo:2018, RK 406. Sem placas.",Homologada
2024,21107,PRD DISPENSA EXCETO PEQUENO VALOR,433/2024,550,"Aquisição de peças e mão de obra para manutenção da VTR 153, Caminhão caçamba 6x2, M.BENZ, Ano/modelo: 2007, L-1620. Placa: INX 1110.",Homologada
2024,21108,PRD DISPENSA EXCETO PEQUENO VALOR,434/2024,551,"Aquisição de peças e mão de obra para manutenção da VTR 203, Ford, Ano/modelo 2011/11, F-04000, Placa; ITA 9466.",Homologada
2024,21109,PRD DISPENSA EXCETO PEQUENO VALOR,435/2024,552,"Aquisição de peças e mão de obra para manutenção da VTR 154, L-1620, Ano/modelo 2007, M.BENZ, OM 906 LA, Caminhão caçamba 6x2, placas INX1130.",Homologada
2024,21110,PRD DISPENSA EXCETO PEQUENO VALOR,436/2024,553,"Aquisição de peças e mão de obra para manutenção da VTR 184, L-1620, Ano/modelo 2010, M.BENZ, OM 906 LA, Caminhão caçamba 6x2, placas IRC2795.",Homologada
2024,21114,PRD DISPENSA EXCETO PEQUENO VALOR,437/2024,557,"Aquisição de mão de obra para manutenção da VTR 089, Ultravan FD, Diesel, placas IAT7018, AGRALE,Ano/modelo 1993, 96 CV, 150 Ah.",Homologada
2024,21115,PRD DISPENSA EXCETO PEQUENO VALOR,438/2024,558,Aquisição de material e serviço para manutenção do Gerador  BG 6500 número de patrimônio 26180.,Homologada
2024,21116,PRD DISPENSA EXCETO PEQUENO VALOR,439/2024,559,"Publicação  de 4 (quatro) editais de convocação  em jornal, solicitado pelo Departamento de cemitério.",Homologada
2024,21117,PRD DISPENSA EXCETO PEQUENO VALOR,440/2024,560,Aquisição de medicamento omeprazol  20 mg.,Homologada
2024,21118,PRD DISPENSA EXCETO PEQUENO VALOR,441/2024,561,"Aquisição de peças e serviços  para revisão obrigatória de 20.000,00 km da VTR 337, FIAT CRONOS, Ano/modelo: 2022/23, 1.3, placas : JBS1171.",Homologada
2024,21120,PRD DISPENSA EXCETO PEQUENO VALOR,442/2024,563,"Aquisição de recarga de  02 dois extintores de incêndio  ABC-06 KG, e aquisição de 02 dois extintores  automotivos  de 1kg (1-A:5-B:C) para as ambulâncias VTR 274 e VTR 291, de uso no transporte de urgência e emergência dos pacientes atendidos pelo SAMU.",Homologada
2024,21121,PRD DISPENSA EXCETO PEQUENO VALOR,443/2024,564,Aquisição de medicamento CARBONATO DE CÁLCIO  500mg.,Homologada
2024,21122,PRD DISPENSA EXCETO PEQUENO VALOR,444/2024,565,"Aquisição de peças para revisão dos 25.000 km da viatura Fiat Strada, placas JBU 5C17,prefixo 338 do Departamento de trânsito da SMIESUST, a qual se encontra em período de garantia.",Homologada
2024,21123,PRD DISPENSA EXCETO PEQUENO VALOR,445/2024,566,"Aquisição de 04  (quatro ) filtros de purificador de água  situados nos Departamentos da SMIESUST, com a finalidade de ser feita a substituição.",Homologada
2024,21124,PRD DISPENSA EXCETO PEQUENO VALOR,446/2024,567,"Aquisição de peças e serviço para manutenção da VTR 235, FIAT Ano/modelo :2014, PALIO WEKEND TREKING 1.6.  Placas :IVO 5469.",Homologada
2024,21125,PRD DISPENSA EXCETO PEQUENO VALOR,447/2024,568,"Aquisição de materiais de expediente, educativo esportivo de itens que não possuem licitação vigente e que são necessários para execução dos projetos dos CRAS, CDI, Casa de Acolhida e CREAS, subordinados a Secretaria de Assistência Social.",Homologada
2024,21126,PRD DISPENSA EXCETO PEQUENO VALOR,448/2024,569,"Aquisição de peças e mão de obra para manutenção da VTR 246, Escavadeira, New Holland, Ano/Modelo:2015, E 215, C EVO. Sem placas.",Homologada
2024,21127,PRD DISPENSA EXCETO PEQUENO VALOR,449/2024,570,A,Homologada
2024,21128,PRD DISPENSA EXCETO PEQUENO VALOR,450/2024,571,"Aquisição de peças e mão de obra para manutenção da VTR 20, caminhão caçamba, MB, Ano/Modelo 1984, L-1113, Placa: IJX 4892.",Homologada
2024,21129,PRD DISPENSA EXCETO PEQUENO VALOR,451/2024,572,"Aquisição de uma geladeira com capacidade  mínima de 260L, para suprir as necessidades dos servidores da iluminação pública.",Homologada
2024,21130,PRD DISPENSA EXCETO PEQUENO VALOR,452/2024,573,"Aquisição de peças e mão de obra para manutenção da VTR 207, VW, Ano/Modelo  1995/95, 7.100, Placa:CBV6G18.",Homologada
2024,21131,PRD DISPENSA EXCETO PEQUENO VALOR,453/2024,574,"Aquisição de peças e mão de obra para manutenção da VTR 251, caminhão  FORD, Ano/Modelo: 2014/14, CARGO 2423, placa:IWN 7532.",Homologada
2024,21132,PRD DISPENSA EXCETO PEQUENO VALOR,454/2024,575,Aquisição de medicamento OMEPRAZOL 20MG.,Homologada
2024,21133,PRD DISPENSA EXCETO PEQUENO VALOR,455/2024,576,"Contratação de empresa para conserto do ar condicionado com aquisição de peças, da VTR 274, Mercedes Benz, modelo Sprinter 415 CDI, conforme laudo técnico nº 375/2024 emitido pelo Engenheiro Mecânico do Município. Maiores detalhes podem ser encontrados no Termo de Referência e demais documentos que integram o processo de dispensa emergencial.",Homologada
2024,21134,PRD DISPENSA EXCETO PEQUENO VALOR,456/2024,577,Aquisição  de ventiladores para Unidade Básica de Saúde Maria Cristina e para o Esf 13.,Homologada
2024,21135,PRD DISPENSA EXCETO PEQUENO VALOR,457/2024,578,"I  Objeto: Contratação de empresa para conserto do ar-condicionado com aquisição de peças, da VTR 291, Mercedes Benz, modelo Sprinter, conforme laudo técnico nº 376/2024 emitido pelo Engenheiro Mecânico do Município. Maiores detalhes podem ser encontrados no Termo de Referência e demais documentos que integram o processo de dispensa emergencial, feita pela Secretaria Municipal da Saúde..",Homologada
2024,21136,PRD DISPENSA EXCETO PEQUENO VALOR,458/2024,579,"Contratação de empresa para conserto, com aquisição de peças, da VTR 291, Mercedes Benz, modelo Sprinter, conforme laudo técnico nº 377/2024 emitido pelo Engenheiro Mecânico do Município. Maiores detalhes podem ser encontrados no Termo de Referência e demais documentos que integram o processo de dispensa emergencial, feito pela Secretaria Municipal da Saúde.",Homologada
2024,21137,PRD DISPENSA EXCETO PEQUENO VALOR,459/2024,580,"Contratação de empresa para conserto, com aquisição de peças, da VTR 274, Mercedes Benz, modelo Sprinter 415 CDI, conforme laudo técnico nº 274/2024 emitido pelo Engenheiro Mecânico do Município. Maiores detalhes podem ser encontrados no Termo de Referência e demais documentos que integram o processo de dispensa emergencial, feito pela Secretaria Municipal da Saúde.",Homologada
2024,21138,PRD DISPENSA EXCETO PEQUENO VALOR,460/2024,581,"Aquisição de peças e mão de obra para manutenção da VTR 20, caminhão caçamba, MB, Ano/modelo 1984, L-1113, placa: IJX 4892.",Homologada
2024,21139,PRD DISPENSA EXCETO PEQUENO VALOR,461/2024,582,"Contratação de empresa para conserto, com aquisição de peças, da VTR 274, Mercedes Benz, modelo Sprinter 415 CDI, conforme laudo técnico nº 373/2024 emitido pelo Engenheiro Mecânico do Município. Maiores detalhes podem ser encontrados no Termo de Referência e demais documentos que integram o processo de dispensa emergencial, feito pela Secretaria Municipal da Saúde.",Homologada
2024,21142,PRD DISPENSA EXCETO PEQUENO VALOR,462/2024,585,"Renovação de contratação de seguro automóvel para os veículos  GM ÔNIX, placa JBF3I94; GM ÔNIX, JCG2H45 E FIAT CRONOS, placa JBS3I71 pelo período de 1 ano.",Revogada
2024,21143,PRD DISPENSA EXCETO PEQUENO VALOR,463/2024,586,Termo de Colaboração nº 102024/CS,Homologada
2024,21144,PRD DISPENSA EXCETO PEQUENO VALOR,464/2024,587,"Aquisição de serviços para manutenção e limpeza de ar condicionado Split, de algumas unidades de saúde (SAE/ESPEC, RH/ADMSMS, ESF 16 E CASA.",Homologada
2024,21145,PRD DISPENSA EXCETO PEQUENO VALOR,465/2024,588,Aquisição de poste de luz padrão RGE com instalação para ESF 10.,Homologada
2024,21146,PRD DISPENSA EXCETO PEQUENO VALOR,466/2024,589,Aquisição de materiais para serem utilizados na Sinalização Viária (tintas e diluentes).,Homologada
2024,21148,PRD DISPENSA EXCETO PEQUENO VALOR,467/2024,591,Contratação de serviços de desinstalação  e instalação  de ar condicionado  split na  USB prisional.,Homologada
2024,21149,PRD DISPENSA EXCETO PEQUENO VALOR,468/2024,592,"Aquisição de peças e serviço para manutenção da VTR 220, FORD, Ano/modelo 2013, Transit,Placas: IVE 3571.",Homologada
2024,21150,PRD DISPENSA EXCETO PEQUENO VALOR,469/2024,593,Termo de Colaboração 08/2024/CS,Homologada
2024,21151,PRD DISPENSA EXCETO PEQUENO VALOR,470/2024,594,Termo de Colaboração nº 07/2024/CS,Homologada
2024,21152,PRD DISPENSA EXCETO PEQUENO VALOR,471/2024,595,"Contratação de empresa para conserto, com aquisição de peças, da VTR 291, Mercedes Benz, modelo Sprinter, conforme laudo técnico nº 367/2024 emitido pelo Engenheiro Mecânico do Município. Maiores detalhes podem ser encontrados no Termo de Referência e demais documentos que integram o processo de dispensa emergencial, feito pela Secretaria Municipal da Saúde.",Homologada
2024,21153,PRD DISPENSA EXCETO PEQUENO VALOR,472/2024,596,"Contratação de empresa para conserto, com aquisição de peças, da VTR 274, Mercedes Benz, modelo Sprinter 415 CDI, conforme laudo técnico nº 369/2024 emitido pelo Engenheiro Mecânico do Município. Maiores detalhes podem ser encontrados no Termo de Referência e demais documentos que integram o processo de dispensa emergencial, feito pela Secretaria Municipal da Saúde.",Homologada
2024,21155,PRD DISPENSA EXCETO PEQUENO VALOR,473/2024,598,Aquisição de materiais para manutenção do equipamento bomba d'água número de patrimônio 56011.,Homologada
2024,21156,PRD DISPENSA EXCETO PEQUENO VALOR,474/2024,599,"Aquisição de peça e serviço para manutenção da VTR 268, ÔNIBUS, M.BENZ, ANO/MODELO:2013, OF 15.190, placa: IUS 0216.",Homologada
2024,21157,PRD DISPENSA EXCETO PEQUENO VALOR,475/2024,600,"Aquisição de peças e mão de obra para manutenção do equipamento moto bomba número de patrimônio 53325, conforme memorando 294.",Homologada
2024,21159,PRD DISPENSA EXCETO PEQUENO VALOR,477/2024,602,Aquisição de peças e serviço para manutenção da placa vibratória número de patrimônio 49464.,Homologada
2024,21160,PRD DISPENSA EXCETO PEQUENO VALOR,478/2024,603,"Processo de Dispensa de Licitação para contratação de empresa para o fornecimento de peças destinadas a manutenção mecânica do ÔNIBUS M.BENZ/OF 1519, Ano/Modelo 2013/2013, placas IUS-0389, VTR 217, veículo do Transporte Escolar da SMEd.",Homologada
2024,21161,PRD DISPENSA EXCETO PEQUENO VALOR,479/2024,604,Aquisição de peça  e serviço para manutenção do cortador de piso número de patrimônio  49864.,Homologada
2024,21162,PRD DISPENSA EXCETO PEQUENO VALOR,480/2024,605,"Aquisição de peça e serviço para manutenção da VTR 242, Motoniveladora, New Holland, Ano/modelo: 2014, RG 140 B, Sem placas.",Homologada
2024,21163,PRD DISPENSA EXCETO PEQUENO VALOR,481/2024,606,"Aquisição de peças veiculares necessárias para restauração das condições de trabalho do VTR 190, ônibus VW/15.190 EOD E. HD ORE, Ano/Modelo 2010/2011, placa IRV-5467, veículo do transporte escolar da SMEd, conforme laudo técnico nº 399/2024 . A necessidade e a emergência da contratação estão justificadas no Termo de Referência e demais documentos emitidos pela Secretaria Municipal de Infraestrutura, Serviços Urbanos, Segurança e Trânsito  SMIESUST. Maiores detalhes podem ser consultados no Termo de Referência e demais documentos que integram o processo de dispensa emergencial de licitação.",Homologada
2024,21164,PRD DISPENSA EXCETO PEQUENO VALOR,482/2024,607,"Aquisição de peças e serviços para manutenção da VTR 191, ônibus VW, Ano/modelo:2010, 15-190, placas: IRV 5472.",Homologada
2024,21167,PRD DISPENSA EXCETO PEQUENO VALOR,483/2024,609,"Aquisição de peças e serviços para manutenção da VTR 184, caminhão caçamba 6x2, M.BENZ, Ano/modelo 2010, L-1620, PLACAS: IRC 2795.",Homologada
2024,21168,PRD DISPENSA EXCETO PEQUENO VALOR,484/2024,610,"Aquisição de peças e serviços para manutenção da VTR 202, Mini carregadeira, New  Holland, Ano/modelo 2011, L-220 Loader, Sem placas.",Homologada
2024,21169,PRD DISPENSA EXCETO PEQUENO VALOR,485/2024,611,"Aquisição de peças e serviços para manutenção da  VTR 167,  NISSAN, Ano/modelo 2009/09, FRONTIER  XE 4X4 2.5, Sem placas.",Homologada
2024,21170,PRD DISPENSA EXCETO PEQUENO VALOR,486/2024,612,"Aquisição de serviços para manutenção da VTR 251, caminhão , FORD, Ano/modelo:2014/14, CARGO 2423, placa:IWN 7532.",Homologada
2024,21171,PRD DISPENSA EXCETO PEQUENO VALOR,487/2024,613,"Aquisição de serviço para manutenção da VTR 314, VW Ano/modelo 2020/21, MICRO ÔNIBUS  NEOBUS THUNDER WAY, placa:JAK3E48.",Homologada
2024,21172,PRD DISPENSA EXCETO PEQUENO VALOR,488/2024,614,"Aquisição de peças e serviço para manutenção da VTR 250, caminhão, CARGO 2429-S, Ano/modelo:2015, FORD, placa: IWO 1305.",Homologada
2024,21174,PRD DISPENSA EXCETO PEQUENO VALOR,489/2024,615,"Aquisição de peças e serviços para manutenção da VTR 333, caminhão, FORD, Ano/modelo:2002, F 4000, placas: MCA9H41.",Homologada
2024,21175,PRD DISPENSA EXCETO PEQUENO VALOR,490/2024,616,"Aquisição de peças e mão de obra para manutenção da VTR 203, FORD, Ano/modelo 2011, F4000, placas: ITA 9466",Homologada
2024,21176,PRD DISPENSA EXCETO PEQUENO VALOR,491/2024,617,"Aquisição de peças  e serviço  para manutenção da VTR 264, camionete, NISSAN, Ano/modelo 2016, FRONTIER  S 4X4, placa: IXF 5492.",Homologada
2024,21178,PRD DISPENSA EXCETO PEQUENO VALOR,492/2024,619,"Aquisição de peças e mão de obra para manutenção da VTR 251, caminhão FORD, Ano/modelo:2014/14, CARGO 2423, placa: IWN 7532.",Homologada
2024,21179,PRD DISPENSA EXCETO PEQUENO VALOR,493/2024,620,"Aquisição de peça e mão de obra para manutenção da VTR 242, Motoniveladora, New Holland, Ano/modelo: 2014, RG 140 B, Sem placas.",Homologada
2024,21180,PRD DISPENSA EXCETO PEQUENO VALOR,494/2024,621,"Aquisição de peças e serviços para manutenção da VTR 89,  AGRALE, Ano/modelo 1993, ULTRAVAN FD, PLACAS: IAT 7018.",Homologada
2024,21181,PRD DISPENSA EXCETO PEQUENO VALOR,495/2024,622,"Aquisição de peças e mão de obra para manutenção da VTR 157, Retroescavadeira, CASE, Ano/modelo:2007, 580 L 4x2, Sem placas.",Homologada
2024,21182,PRD DISPENSA EXCETO PEQUENO VALOR,496/2024,623,"Aquisição de  serviços para manutenção da VTR 184, caminhão caçamba 6x2, M.BENZ, Ano/modelo 2010, L-1620, PLACAS: IRC 2795.",Homologada
2024,21183,PRD DISPENSA EXCETO PEQUENO VALOR,497/2024,624,"Aquisição de serviço para manutenção da VTR  043, Motoniveladora, DRESSER, Ano/modelo: 1991, 205C, Sem placas.",Homologada
2024,21184,PRD DISPENSA EXCETO PEQUENO VALOR,498/2024,625,"Aquisição de peças e serviços para manutenção da VTR 154, caminhão caçamba 6x2, M.BENZ, Ano/modelo:2007, L-1620, PLACAS: INX 1130.",Homologada
2024,21185,PRD DISPENSA EXCETO PEQUENO VALOR,499/2024,626,"Aquisição de peças e serviços para manutenção da VTR 324, caminhão caçamba VW, Ano/modelo: 2015.24.280 6x2. placas: IXF 0284.",Homologada
2024,21186,PRD DISPENSA EXCETO PEQUENO VALOR,500/2024,627,"Aquisição de peças e serviços para manutenção da VTR 319, caminhão, IVECO, Ano/modelo:2008, 570S38T STRALIS. Placas: MMM2689.",Homologada
2024,21188,PRD DISPENSA EXCETO PEQUENO VALOR,501/2024,629,"Aquisição de peças e serviços para manutenção da VTR 294, Motoniveladora, XCMG, Ano/modelo: 2019, GR, Sem placas.",Homologada
2024,21190,PRD DISPENSA EXCETO PEQUENO VALOR,502/2024,631,"Aquisição de peças e serviços para manutenção da VTR 264, camionete, NISSAN, Ano/modelo 2016, FRONTIER S 4X4, placa: IXF 5492.",Homologada
2024,21191,PRD DISPENSA EXCETO PEQUENO VALOR,503/2024,632,"Aquisição de peças e serviços para manutenção da VTR 295, Motoniveladora, XCMG, Ano/modelo: GR 1803 BR, Sem placas.",Homologada
2024,21192,PRD DISPENSA EXCETO PEQUENO VALOR,504/2024,633,"Aquisição de peças e serviços para manutenção da VTR 185, caminhão caçamba 6x2, M.BENZ, Ano/modelo: 2010, L-1620, placas: IRC 2662.",Homologada
2024,21193,PRD DISPENSA EXCETO PEQUENO VALOR,505/2024,634,"Aquisição de peças e serviços para manutenção da VTR 250, caminhão, CARGO  2429-S, Ano/modelo: 2015, FORD, placa: IWO 1305.",Homologada
2024,21194,PRD DISPENSA EXCETO PEQUENO VALOR,506/2024,635,"Aquisição de serviços para manutenção da VTR 340, caminhão FOTON, Ano/modelo:2022/23, Aumark S11T, Placas; jbx1c16.",Homologada
2024,21195,PRD DISPENSA EXCETO PEQUENO VALOR,507/2024,636,"Aquisição de serviços destinados a manutenção da VTR; 216, Retroescavadeira, Ano fabricação:2013/13, Marca: RANDON, Modelo: RD 406 e serviços destinados a manutenção da VTR:295, Motoniveladora, Modelo: GR 1803 BR, Marca: XCMG.",Homologada
2024,21196,PRD DISPENSA EXCETO PEQUENO VALOR,508/2024,637,"Aquisição de peças e serviço para manutenção da VTR 348, camionete, TOYOTA, Ano/modelo:2012, HILUX. Placas: ODR 9092.",Homologada
2024,21197,PRD DISPENSA EXCETO PEQUENO VALOR,509/2024,638,Aquisição de peças e serviços  para manutenção da roçadeira de arrasto número de patrimônio 51.949.,Homologada
2024,21198,PRD DISPENSA EXCETO PEQUENO VALOR,510/2024,639,Aquisição de Uniformes de Agentes de Trânsito.,Homologada
2024,21199,PRD DISPENSA EXCETO PEQUENO VALOR,511/2024,640,Aquisição de peças e serviço para manutenção da placa vibratória número de patrimônio 49464.,Homologada
2024,21200,PRD DISPENSA EXCETO PEQUENO VALOR,512/2024,641,"Aquisição de serviço de inspeção veicular para as VTRs: 211, 315, 314, 269, 249, 223, 210, 177, 178, 193, 139, 350, 273, 329, 232, 268, 217, 212, 191, 190,  179, do Transporte Escolar da SMED.",Homologada
2024,21201,PRD DISPENSA EXCETO PEQUENO VALOR,513/2024,642,"Contratação de empresa para prestação de serviço de decoração da Praça xv de Novembro com o fornecimento de materiais , para o evento de Natal de São Borja.",Homologada
2024,21202,PRD DISPENSA EXCETO PEQUENO VALOR,514/2024,643,"Aquisição de  05 (cinco) ventiladores de parede para o Restaurante Popular, unidade subordinada a Secretaria de Desenvolvimento Social.",Homologada
2024,21203,PRD DISPENSA EXCETO PEQUENO VALOR,515/2024,644,"Aquisição de peças e serviço  para revisão programada de 20.000 km do FURGÃO RENALT/MASTER L1, Ano/modelo 2023/2024, VTR 341, Veículo da merenda .",Homologada
2024,21204,PRD DISPENSA EXCETO PEQUENO VALOR,516/2024,645,"Aquisição de material ambulatorial para serem usados nas Unidades de Saúde, CEO e Esfs, pelo período de 45 dias, tendo em vista que estes itens foram fracassados no pregão eletrônico 38/2024.",Homologada
2024,21205,PRD DISPENSA EXCETO PEQUENO VALOR,517/2024,646,Aquisição de serviço para limpeza de duas caixa d'água  no CAPS AD.,Homologada
2024,21206,PRD DISPENSA EXCETO PEQUENO VALOR,518/2024,647,Aquisição de material e serviço para manutenção da placa vibratória número de patrimônio 47434.,Homologada
2024,21207,PRD DISPENSA EXCETO PEQUENO VALOR,519/2024,648,"Serviço de execução de sondagem á percussão SPT, tendo em vista a futura ampliação do CRAS do Paraboi.",Homologada
2024,21208,PRD DISPENSA EXCETO PEQUENO VALOR,520/2024,649,"Aquisição de serviço e manutenção ( reposição de gás) de ar condicionado nas unidades de saúde  CAPS I ( CAIO ESCOBAR), Esf 18, CAPS AD.",Homologada
2024,21209,PRD DISPENSA EXCETO PEQUENO VALOR,521/2024,650,"Contratação de empresa  especializada na confecção de diários de bordo, destinados ao uso nos controles das viaturas da Prefeitura Municipal de São Borja.",Homologada
2024,21210,PRD DISPENSA EXCETO PEQUENO VALOR,522/2024,651,"Aquisição de serviços para  manutenção da VTR 223, Ônibus, IVECO, Ano/Modelo:2013/14, CITY CLASS 70C16, placas: IVH 8605.",Homologada
2024,21211,PRD DISPENSA EXCETO PEQUENO VALOR,523/2024,652,"Aquisição de peças e serviços para manutenção da VTR 234, Furgão, M. BENZ, Ano/modelo 2014, Splinter 515, placas: IVO 3401.",Homologada
2024,21212,PRD DISPENSA EXCETO PEQUENO VALOR,524/2024,653,"Aquisição de peças e serviço para manutenção da VTR 269, ônibus, IVECO, Ano/modelo: 2014, city class 70c17, placas: IWJ 6361.",Homologada
2024,21213,PRD DISPENSA EXCETO PEQUENO VALOR,525/2024,654,"Aquisição de peças veiculares necessárias para restauração das condições de trabalho do VTR 223  Ônibus Iveco, City Class 70c16, 2013/20214, conforme laudo técnico nº 462/2024. A necessidade e a emergência da contratação estão justificadas no Termo de Referência e demais documentos emitidos pela Secretaria Municipal da Educação. Maiores detalhes podem ser consultados no Termo de Referência e demais documentos que integram o processo de dispensa emergencial de licitação.",Homologada
2024,21214,PRD DISPENSA EXCETO PEQUENO VALOR,526/2024,655,"Aquisição de peças e serviços para manutenção da VTR 129, ÔNIBUS, M.BENZ, Ano/modelo: 1989, Escolar, placas: BWY 6598.",Homologada
2024,21215,PRD DISPENSA EXCETO PEQUENO VALOR,527/2024,656,"Aquisição de peças veiculares necessárias para restauração das condições de trabalho do VTR 210  Ônibus, Volare V8L, 2012, conforme laudo técnico nº 463/2024. A necessidade e a emergência da contratação estão justificadas no Termo de Referência e demais documentos emitidos pela Secretaria Municipal da Educação. Maiores detalhes podem ser consultados no Termo de Referência e demais documentos que integram o processo de dispensa emergencial de licitação.",Homologada
2024,21216,PRD DISPENSA EXCETO PEQUENO VALOR,528/2024,657,"Aquisição de peças veiculares necessárias para restauração das condições de trabalho do VTR 232  MB, OF 15190, 2014, conforme laudo técnico nº 465/2024. A necessidade e a emergência da contratação estão justificadas no Termo de Referência e demais documentos emitidos pela Secretaria Municipal da Educação. Maiores detalhes podem ser consultados no Termo de Referência e demais documentos que integram o processo de dispensa emergencial de licitação.",Homologada
2024,21217,PRD DISPENSA EXCETO PEQUENO VALOR,529/2024,658,"Aquisição de peças e serviços para  manutenção da VTR 232, Ônibus, MB, Ano/modelo:2014, OF 15190, PLACAS: IVK 1975.",Homologada
2024,21218,PRD DISPENSA EXCETO PEQUENO VALOR,530/2024,659,"Aquisição de peças e serviços para manutenção da VTR  314, VW, Ano/modelo 2020/21, NEOBUS  THUNDER WAY, placa: JAK3E48.",Homologada
2024,21219,PRD DISPENSA EXCETO PEQUENO VALOR,531/2024,660,Aquisição de serviços gráficos para serem utilizados nas Unidades Básicas de Saúde e no SAMU.,Homologada
2024,21220,PRD DISPENSA EXCETO PEQUENO VALOR,532/2024,661,Aquisição de  um monitor de computador  para ser utilizado no Departamento de Projetos e edificações  da SMPOP.,Homologada
2024,21221,PRD DISPENSA EXCETO PEQUENO VALOR,533/2024,662,Contratação de empresa para  serviço de limpeza e manutenção de ar condicionado Split 12000 btus no Esf:9,Homologada
2024,21222,PRD DISPENSA EXCETO PEQUENO VALOR,534/2024,663,Aquisição de EPIs para serem  utilizados  pelos eletricistas  lotados  no Departamento  de Serviços Urbanos.,Homologada
2024,21223,PRD DISPENSA EXCETO PEQUENO VALOR,535/2024,664,"Aquisição de material de manutenção de imóvel para o ESF  17, que servirá de sustentação para  colocação  de forro pvc  para área onde os agentes comunitários de saúde se reúnem para organizar e registrar suas demandas diárias.",Homologada
2024,21224,PRD DISPENSA EXCETO PEQUENO VALOR,536/2024,665,Contratação de serviço de limpeza de um  turbilhão do CER. ( CENTRO  ESPECIALIZADO  EM REABILITAÇÃO  FÍSICA E AUDITIVA).,Homologada
2024,21225,PRD DISPENSA EXCETO PEQUENO VALOR,537/2024,666,"Contratação de empresa para fornecimento de serviços  destinados a manutenção mecânica das VTRs n 269,210, 177, 179, 190,232 e 268, veículos do Departamento de Transporte Escolar da Smed.",Homologada
2024,21226,PRD DISPENSA EXCETO PEQUENO VALOR,538/2024,667,"Aquisição de peças e serviços para manutenção da VTR 167, NISSAN, Ano/modelo 2009/09, FRONTIER XE 4X4 2.5, Placas: IPW IPW2J31.",Homologada
2024,21227,PRD DISPENSA EXCETO PEQUENO VALOR,539/2024,668,"Aquisição de peças e mão de obra para manutenção da VTR 257, RANDON, RD 406, Ano/modelo 2015, Motor MWM 4.1.",Homologada
2024,21228,PRD DISPENSA EXCETO PEQUENO VALOR,540/2024,669,"Aquisição de peças e mão de obra para manutenção da VTR 043, Motoniveladora, DRESSER, Ano/modelo: 1991, 205 C, Sem placas.",Homologada
2024,21229,PRD DISPENSA EXCETO PEQUENO VALOR,541/2024,670,"Aquisição de serviços  para manutenção da VTR 184, caminhão caçamba  6x2, M.BENZ, Ano/modelo 2010, L-1620, PLACAS:IRC 2795.",Homologada
2024,21230,PRD DISPENSA EXCETO PEQUENO VALOR,542/2024,671,"Aquisição de peça e serviço para manutenção da VTR 156, Motoniveladora, CASE, Ano/modelo:2007, 845 B, Sem placas.",Homologada
2024,21233,PRD DISPENSA EXCETO PEQUENO VALOR,543/2024,674,"Aquisição de peças veiculares necessárias para restauração das condições de trabalho do VTR 191  Ônibus VW, 15190,  2011, conforme laudo técnico nº 464/2024. A necessidade e a emergência da contratação estão justificadas no Termo de Referência e demais documentos emitidos pela Secretaria Municipal da Educação. Maiores detalhes podem ser consultados no Termo de Referência e demais documentos que integram o processo de dispensa emergencial de licitação.",Homologada
2024,21232,PRD DISPENSA EXCETO PEQUENO VALOR,544/2024,673,Aquisição de peças e serviço para manutenção da motobomba: número de patrimônio 21448.,Homologada
2024,21235,PRD DISPENSA EXCETO PEQUENO VALOR,545/2024,676,"Aquisição de peças e mão e obra para manutenção da VTR 235, Palio Weekend Treking 1.6, Ano/modelo:2014, FLEX, Placas IVO 5469, BRANCA.",Homologada
2024,21236,PRD DISPENSA EXCETO PEQUENO VALOR,546/2024,677,"Aquisição de serviços para  manutenção da VTR 178, Micro- Ônibus , VOLARE, Ano/modelo: 2010, V8L, placa: IQY 2214.",Homologada
2024,21237,PRD DISPENSA EXCETO PEQUENO VALOR,547/2024,678,"Aquisição de serviços para  manutenção da VTR 178, Micro-ônibus, VOLARE, Ano/modelo:2010, V8L, placa: IQY 2214.",Homologada
2024,21238,PRD DISPENSA EXCETO PEQUENO VALOR,548/2024,679,"Aquisição de peças e serviços para  manutenção da VTR 191, ônibus, VW, Ano/modelo:2010, 15-190, placas: IRV 5472.",Homologada
2024,21239,PRD DISPENSA EXCETO PEQUENO VALOR,549/2024,680,"Contratação de serviço de confecção e instalação de corrimão, com fornecimento de material, para rampa de acesso no CAPS AD III.",Homologada
2024,21240,PRD DISPENSA EXCETO PEQUENO VALOR,550/2024,681,"Aquisição de peças e serviços para manutenção da VTR  170, SCANIA, Ano/modelo: 1994, k 113 CL 4X2 360, placa: CYB 6821.",Homologada
2024,21241,PRD DISPENSA EXCETO PEQUENO VALOR,551/2024,682,"Aquisição de serviços para manutenção da VTR  217, Ônibus, M.BENZ, Ano/modelo:2013/2013, M.BENZ/OF 1519, placas:IUS 0389.",Homologada
2024,21242,PRD DISPENSA EXCETO PEQUENO VALOR,552/2024,683,"Aquisição de serviços para manutenção da VTR 179 VW, Ano/modelo: 2010/10, 15190 placas: IRA 5095.",Homologada
2024,21243,PRD DISPENSA EXCETO PEQUENO VALOR,553/2024,684,Aquisição de equipamentos ( máquina de lavar roupas e máquina de secar roupas) para limpeza de materiais de uso nas terapias do CER ( Centro de Especialização em Reabilitação  Física e Auditiva) e clínica municipal de saúde.,Homologada
2024,21244,PRD DISPENSA EXCETO PEQUENO VALOR,554/2024,685,"Contratação de serviço de instalação  e desinstalação de ar condicionado  em unidades de saúde, CEO( Centro de Especialidades Odontológicas)  ESF 16 ( Sala de pesagem e nebulização) devido a necessidade para o conforto dos pacientes.",Homologada
2024,21245,PRD DISPENSA EXCETO PEQUENO VALOR,555/2024,686,"Aquisição de peças e serviços para manutenção da VTR 156, Motoniveladora, CASE, Ano/modelo:2007, 845 B, Sem placas.",Homologada
2025,21269,PRD DISPENSA EXCETO PEQUENO VALOR,1/2025,22,"Contratação de empresa para fornecer cursos do Projeto Qualificação Profissional na área de Comércio e Logística com intuito de fortalecer a qualificação e capacitação profissional da população, em especial o público socialmente vulnerável com inscrição no Cad. Único, que buscam a inserção no mercado de trabalho. A contratação é relacionada ao convênio FPE nº 3145/2024 firmado com o Governo do Estado do Rio Grande do Sul. Maiores detalhes podem ser consultados no Termo de Referência e demais documentos que integram o processo nº 2698/2025, de dispensa de licitação, formulados pela Secretaria responsável, no presente processo, a Secretaria Municipal de Desenvolvimento Econômico, Turismo e Inovação",Homologada
2025,21247,PREGÃO LEI 14.133/21 ELETRÔNICO,1/2025,1,Registro de preço para aquisição de óculos de grau destinado aos usuários do SUS atendidos pela Secretaria Municipal da Saúde,Homologada
2025,21359,REGISTRO DE PREÇO DE OUTRO ÓRGÃO,1/2025,110,Adesão à Ata de Registro de Preços nº 06/2024/CISA para a aquisição de 01 veículo Tipo Van 15+1 lugares por meio de recursos próprios e Emenda nº 202430770003,Homologada
2025,21276,CHAMAMENTO PÚBLICO/CREDENCIAMENTO,1/2025,29,"Credenciamento de pessoas físicas e/ou jurídicas para a realização de serviços médicos especializados: consultas especializadas em Oftalmologia incluindo exames de mapeamento de retina e tonometria binocular, consultas especializadas em Reumatologia, e consultas especializadas em Urologia, afim de atender as demandas reprimidas das referidas especialidades na Secretaria Municipal da Saúde",Julgada
2025,21291,CHAMADA PÚBLICA/PNAE,1/2025,44,"Chamada Pública n° 01/2025 para a aquisição de gêneros alimentícios a serem distribuídos nas Escolas Municipais de Ensino Fundamental, Educação Infantil, EJA.",Homologada
2025,21253,INEXIGIBILIDADE,1/2025,6,"Contratação de empresa para prestação dos serviços de publicações no Diário Oficial da União (DOU). Maiores detalhes podem ser consultados no Termo de Referência e demais documentos que integram o processo nº 738/2025, de inexigibilidade de licitação, formulados pela Secretaria responsável, no presente processo, a Secretaria Municipal de Planejamento, Orçamento e Projetos.",Homologada
2025,21267,CONCORRÊNCIA LEI 14.133/21 ELETRÔNICA,1/2025,20,"Contratação de empresa para a execução de 1.325,10m² (um mil, trezentos e vinte e cinco e dez centímetros quadrados) de pavimentação da Rua Almirante Gonçalves em blocos pré-moldados de concreto intertravado  PAVER.",Homologada
2025,21305,CONCORRÊNCIA LEI 14.133/21 ELETRÔNICA,2/2025,58,"Contratação de empresa para a execução de 1.186,80m² (mil cento e oitenta e seis metros e oitenta centímetros quadrados) de pavimentação da Rua São João em blocos pré-moldados de concreto intertravado  PAVER.",Homologada
2025,21292,CHAMADA PÚBLICA/PNAE,2/2025,45,"Chamada Pública n° 02/2025 para a aquisição de gêneros alimentícios oriundos da Agroindústria a serem distribuídos nas Escolas Municipais de Ensino Fundamental, Educação Infantil, EJA.",Adjudicada
2025,21254,INEXIGIBILIDADE,2/2025,7,"Contratação de empresa para prestação dos serviços de publicações no Diário Oficial do Estado. Maiores detalhes podem ser consultados no Termo de Referência e demais documentos que integram o processo nº 756/2025, de inexigibilidade de licitação, formulados pela Secretaria responsável, no presente processo, a Secretaria Municipal de Planejamento, Orçamento e Projetos.",Homologada
2025,21270,PRD DISPENSA EXCETO PEQUENO VALOR,2/2025,23,"Contratação de empresa para prestação do serviço de pesagem de caminhões que realizam a coleta de Resíduos Sólidos Urbanos do Município, com uso de balança rodoviária, devidamente instalada, certificada, aferida e em pleno funcionamento, com fornecimento de mão de obra.. Maiores detalhes podem ser consultados no Termo de Referência e demais documentos que integram o processo nº 29644/2024, de dispensa emergencial de licitação, formulados pela Secretaria responsável, no presente processo, a Secretaria Municipal de Serviços Urbanos, Meio Ambiente, Segurança, Trânsito e Defesa Civil.",Homologada
2025,21455,REGISTRO DE PREÇO DE OUTRO ÓRGÃO,2/2025,201,"REGISTRO DE PREÇO DE HORAS MÁQUINA, pelo prazo de 12 (doze) meses, em proveito das Prefeituras consorciadas ao CODEPAMPA.",Homologada
2025,21281,CHAMAMENTO PÚBLICO/CREDENCIAMENTO,2/2025,34,"credenciamento de pessoas físicas e/ou jurídicas para a prestação de serviços de realização de exames de Ultrassonografia, com emissão de laudo médico, a serem realizados em aparelho próprio da Secretaria Municipal de Saúde",Julgada
2025,21249,PREGÃO LEI 14.133/21 ELETRÔNICO,2/2025,3,Registro de preço de materiais médico hospitalar e ambulatorial.,Homologada
2025,21475,REGISTRO DE PREÇO DE OUTRO ÓRGÃO,3/2025,221,Adesão à Ata de Registro de Preços nº 09/2025/CODAP para a aquisição de brinquedos pedagógicos e recreativos,Homologada
2025,21250,PREGÃO LEI 14.133/21 ELETRÔNICO,3/2025,4,"Registro de preço para aquisição de fórmulas infantis, dietas enterais e suplementos alimentares.",Homologada
2025,21258,INEXIGIBILIDADE,3/2025,11,"Contratação de empresa para shows musicais de intervalo para o evento 58° Festival de Músicas para o Carnaval  Apparício Sila Rillo, que serão realizados na data 07, 08 e 09 de fevereiro de 2025. Maiores detalhes podem ser consultados no Termo de Referência e demais documentos que integram o processo nº 1603/2025, de inexigibilidade de licitação, formulados pela Secretaria responsável, no presente processo, a Secretaria Municipal de Desenvolvimento Econômico, Turismo e Inovação",Homologada
2025,21306,CHAMAMENTO PÚBLICO/CREDENCIAMENTO,3/2025,59,Credenciamento de pessoas físicas e/ou jurídicas para a prestação de serviços de consultas e exames especializados e serviços de fonoaudiologia,Julgada
2025,21309,CONCORRÊNCIA LEI 14.133/21 ELETRÔNICA,3/2025,62,"Contratação de empresa para a execução de 3.487,84m² (três mil quatrocentos e oitenta e sete metros quadrados e oitenta e quatro décimos de metro quadrado) do Complexo Esportivo na Praça Gen. Manoel Nascimento Vargas  Praça da Estação Férrea.",Homologada
2025,21275,PRD DISPENSA EXCETO PEQUENO VALOR,3/2025,28,"Aquisição do 2.000 (duas mil) unidades do medicamento BENZILPENICILINA BENZATINA 1.200.000 UI SUSPENSÃO INJETÁVEL 4ML a serem distribuídos nas Farmácias Básicas e Unidades de Saúde do Município de São Borja, tendo em vista que o Pregão Eletrônico nº 46/2024 que o contemplava, restou deserto. Maiores detalhes podem ser consultados no Termo de Referência e demais documentos que integram o processo nº 2472/2025, de dispensa de licitação, formulados pela Secretaria responsável, no presente processo, a Secretaria Municipal da Saúde.",Homologada
2025,21333,CHAMAMENTO PÚBLICO/CREDENCIAMENTO,4/2025,86,"Credenciamento de pessoas físicas e/ou jurídicas para a realização de exames de Emissões Otoacústicas Evocadas (EOAE), também denominados Triagem Auditiva Neonatal (TAN), popularmente conhecidos como Teste da Orelhinha (contemplando o teste e reteste)",Julgada
2025,21251,PREGÃO LEI 14.133/21 ELETRÔNICO,4/2025,5,Contratação de empresa especializada na prestação de serviços de segurança privada do evento Cais Folia 2025.,Fracassada
2025,21259,INEXIGIBILIDADE,4/2025,12,"Contratação de empresa para o serviço de radiodifusão para publicidade institucional da Prefeitura Municipal de São Borja. Maiores detalhes podem ser consultados no Termo de Referência e demais documentos que integram o processo nº 1659/2025, de inexigibilidade de licitação, formulados pela Secretaria responsável, no presente processo, a Secretaria Municipal de Planejamento Orçamento e Projetos.",Homologada
2025,21332,CONCORRÊNCIA LEI 14.133/21 ELETRÔNICA,4/2025,85,"Contratação de empresa para a execução de 1.510,23 m² (mil quinhentos e dez metros quadrados e vinte e três centésimos) da Escola Municipal de Educação Infantil (EMEI) Dr. Percival dos Santos.",Homologada
2025,21278,PRD DISPENSA EXCETO PEQUENO VALOR,4/2025,31,"Termo de Fomento nº 03/2025/CS elaborado pela Secretaria de Desenvolvimento Social, com a finalidade de executar o projeto Emenda nº 202441840008, ""Revitalizando com amor"".",Homologada
2025,21527,REGISTRO DE PREÇO DE OUTRO ÓRGÃO,4/2025,269,Adesão à Ata de Registro de Preços nº 45/2024/CIRAU para a aquisição de caminhões para atender as necessidades da Secretaria Municipal de Agricultura e Infraestrutura,Homologada
2025,21336,CONCORRÊNCIA LEI 14.133/21 ELETRÔNICA,5/2025,89,"Contratação de empresa para a execução de 69,43m² (sessenta e nove metros e quarenta e três centímetros quadrados) para ampliação do centro de referência de assistência social  CRAS na Rua Gustavo Sampaio, nº 1556  Bairro Paraboi, São Borja/RS.",Homologada
2025,21353,CHAMAMENTO PÚBLICO/CREDENCIAMENTO,5/2025,104,Credenciamento de pessoas físicas e/ou jurídicas na especialidade de Psicologia Clínica para atender a demanda da Casa de Acolhida,Julgada
2025,21262,INEXIGIBILIDADE,5/2025,15,"Aquisição de vales-transportes coletivo urbano para os servidores municipais e alunos da rede municipal. Maiores detalhes podem ser consultados no Termo de Referência e demais documentos que integram o processo nº 32371/2024, de inexigibilidade de licitação, formulados pela Secretaria responsável, no presente processo, a Secretaria Municipal de Planejamento, Orçamento e Projetos.",Homologada
2025,21528,REGISTRO DE PREÇO DE OUTRO ÓRGÃO,5/2025,270,Adesão à Ata de Registro de Preços nº 07/2025/CIRAU para a aquisição de escavadeira hidráulica,Homologada
2025,21255,PREGÃO LEI 14.133/21 ELETRÔNICO,5/2025,8,"Contratação de empresa especializada na prestação de serviços de promoção de eventos, para a organização, execução e gestão do evento Cais Folia 2025.",Homologada
2025,21279,PRD DISPENSA EXCETO PEQUENO VALOR,5/2025,32,"Termo de Fomento nº 001/2025/CS elaborado pela Secretaria Municipal de Desenvolvimento Social, para executar o projeto ""Emenda nº 202441840008"" visando pessoas idosas com 60 anos ou mais.",Homologada
2025,21280,PRD DISPENSA EXCETO PEQUENO VALOR,6/2025,33,"Termo de Fomento nº 002/2025/CS, elaborado pela Secretaria Municipal de Desenvolvimento Social, para executar o Projeto ""emenda nº 202442710010, visando pessoas idosas com 60 anos ou mais.",Homologada
2025,21398,CONCORRÊNCIA LEI 14.133/21 ELETRÔNICA,6/2025,149,"Contratação de empresa especializada para execução de 1.457.19m² de pavimentação em piso intertravado e colocação de 131,67 metros de meio-fio no pátio da EMEF Vicente Goulart, no município de São Borja/RS",Homologada
2025,21529,REGISTRO DE PREÇO DE OUTRO ÓRGÃO,6/2025,271,Adesão à Ata de Registro de Preços nº 02/2025/CIRAU para a aquisição de motoniveladora para atender as necessidades da Secretaria Municipal de Agricultura e Infraestrutura,Homologada
2025,21256,PREGÃO LEI 14.133/21 ELETRÔNICO,6/2025,9,Registro de preços para aquisição e instalação de luminárias com tecnologia LED e seus acessórios.,Homologada
2025,21361,CHAMAMENTO PÚBLICO/CREDENCIAMENTO,6/2025,112,Credenciamento de laboratórios (pessoas jurídicas) para a prestação de serviços de coleta e análises de exames laboratoriais,Julgada
2025,21263,INEXIGIBILIDADE,6/2025,16,"Contratação de empresa para o serviço de distribuição de energia elétrica para as dependências da Prefeitura Municipal de São Borja. Maiores detalhes podem ser consultados no Termo de Referência e demais documentos que integram o processo nº 32368/2024, de inexigibilidade de licitação, formulados pela Secretaria responsável, no presente processo, a Secretaria Municipal de Planejamento, Orçamento e Projetos.",Homologada
2025,21283,PRD DISPENSA EXCETO PEQUENO VALOR,7/2025,36,"Registro de preços para aquisição de insumos de reação, materiais de procedimento, utensílios de rotina e equipamentos necessários para manutenção e adequação dos serviços no Laboratório de Fronteira, mais especificadamente os itens: Polisensidisc, Nycocard, Bacitracina e Novobiocina, considerando que os itens restaram fracassados nos pregões eletrônicos nº 49/2024 e 34/2024. Maiores detalhes podem ser consultados nos Termos de Referência das licitações desertas e demais documentos que integram o processo nº 4028/2025, de dispensa de licitação, formulados pela Secretaria responsável, no presente processo, a Secretaria Municipal da Saúde.",Homologada
2025,21257,PREGÃO LEI 14.133/21 ELETRÔNICO,7/2025,10,"Registro de preços para aquisição de material de consumo odontológico, medicamentos de uso odontológico e material para distribuição gratuita a fim de atender as necessidades da Secretaria Municipal de Saúde de São Borja",Homologada
2025,21264,INEXIGIBILIDADE,7/2025,17,"Contratação de empresa para os serviços de Distribuição de Água e Tratamento de Esgoto para as dependências da Prefeitura Municipal de São Borja. Maiores detalhes podem ser consultados no Termo de Referência e demais documentos que integram o processo nº 32356/2024, de inexigibilidade de licitação, formulados pela Secretaria responsável, no presente processo, a Secretaria Municipal de Planejamento, Orçamento e Projetos.",Homologada
2025,21400,CONCORRÊNCIA LEI 14.133/21 ELETRÔNICA,7/2025,151,"Contratação de empresa para a execução de 2.897,42 m² (dois mil e oitenta e noventa e sete metros e quarenta e dois centímetros quadrados) de pavimentação da Rua João Lunardini em concreto simples.",Homologada
2025,21362,CHAMAMENTO PÚBLICO/CREDENCIAMENTO,7/2025,113,Credenciamento de empresas especializadas para o fornecimento de Aparelhos de Amplificação Sonora Individual (AASI) e serviços de fonoaudiologia para seleção e verificação de benefício de AASI,Julgada
2025,21285,PRD DISPENSA EXCETO PEQUENO VALOR,8/2025,38,"Aquisição de peças destinadas a restauração e manutenção mecânica do MICRO-ÔNIBUS MARCOPOLO/VOLARE V8L ano/modelo 2012/2013 VTR 210, conforme laudo técnico nº 061/25. A necessidade e a emergência da contratação estão justificadas no Termo de Referência e demais documentos emitidos pela Secretaria Municipal da Educação e Cultura. Outros detalhes podem ser consultados no processo de dispensa emergencial de licitação",Homologada
2025,21454,CHAMAMENTO PÚBLICO/CREDENCIAMENTO,8/2025,200,"Credenciamento de serviços médicos especializados em traumatologia para avaliação e prescrição de Órteses, Próteses e Meios auxiliares de locomoção (OPM) em equipe Multidisciplinar de pacientes vinculados ao Centro Especializado em Reabilitação Física e Auditiva Aline Olea Becker (CER II)",Julgada
2025,21260,PREGÃO LEI 14.133/21 ELETRÔNICO,8/2025,13,"Registro de preço de 9.600 (Nove mil e seiscentas) unidades de complementos alimentares (cestas básicas), embaladas em sacos de capa de fardo não reciclado, medindo 50x80, 08 micras, capacidade mínima de 30kg.",Homologada
2025,21265,INEXIGIBILIDADE,8/2025,18,"Contratação de empresa para o serviço de prestação de serviço de publicidade institucional em jornal de circulação local, para o ano de 2025. Maiores detalhes podem ser consultados no Termo de Referência e demais documentos que integram o processo nº 2555/2025, de inexigibilidade de licitação, formulados pela Secretaria responsável, no presente processo, a Secretaria Municipal de Planejamento, Orçamento e Projetos.",Homologada
2025,21416,CONCORRÊNCIA LEI 14.133/21 ELETRÔNICA,8/2025,165,"Contratação de empresa para a execução de reparos no reboco, pintura e assentamento de pisos cerâmicos na Escola Municipal de Educação Fundamental Vicente Goulart.",Em Andamento
2025,21436,CONCORRÊNCIA LEI 14.133/21 ELETRÔNICA,9/2025,184,"Contratação de empresa para a execução de 450,00m² (quatrocentos e cinquenta metros quadrados) de cobertura de quadra poliesportiva da Escola Municipal de Educação Fundamental (EMEF) República Argentina.",Homologada
2025,21261,PREGÃO LEI 14.133/21 ELETRÔNICO,9/2025,14,Registro de Preços para aquisição de água mineral para consumo dos servidores e contribuintes que frequentam as dependências da Prefeitura Municipal de São Borja,Homologada
2025,21266,INEXIGIBILIDADE,9/2025,19,"Contratação de empresa para o serviço de jornal impresso de circulação local nos sábados para publicidade institucional da Prefeitura Municipal de São Borja. Maiores detalhes podem ser consultados no Termo de Referência e demais documentos que integram o processo nº 2554/2025, de inexigibilidade de licitação, formulados pela Secretaria responsável, no presente processo, a Secretaria Municipal de Planejamento Orçamento e Projetos.",Homologada
2025,21286,PRD DISPENSA EXCETO PEQUENO VALOR,9/2025,39,"Aquisição de peças destinadas a restauração e manutenção mecânica do MICRO-ÔNIBUS M.Benz OF 15.190 ano/modelo 2013/2013 IUS 0216, conforme laudo técnico nº 016/25. A necessidade e a emergência da contratação estão justificadas no Termo de Referência e demais documentos emitidos pela Secretaria Municipal da Educação e Cultura. Outros detalhes podem ser consultados no processo de dispensa emergencial de licitação.",Homologada
2025,21287,PRD DISPENSA EXCETO PEQUENO VALOR,10/2025,40,"Aquisição de peças destinadas a restauração e manutenção mecânica do ÔNIBUS M.BENZ/OF 1519, 2014/2014, VTR 232, conforme laudo técnico nº 017/2025. A necessidade e a emergência da contratação estão justificadas no Termo de Referência e demais documentos emitidos pela Secretaria Municipal da Educação e Cultura. Outros detalhes podem ser consultados no processo de dispensa emergencial de licitação",Homologada
2025,21295,INEXIGIBILIDADE,10/2025,48,"Contratação de empresa para realização de curso/capacitação sobre Educação Especial, Deficiência Intelectual e Transtorno do Espectro Autista (TEA) para os servidores da Secretaria Municipal de Educação e Cultura  SMEC, com intuito de capacitá-los na prestação dos serviços a população. Maiores detalhes podem ser consultados no Termo de Referência e demais documentos que integram o processo nº 3267/2025, de inexigibilidade de licitação, formulados pela Secretaria responsável, no presente processo, a Secretaria Municipal de Desenvolvimento Social.",Homologada
2025,21453,CONCORRÊNCIA LEI 14.133/21 ELETRÔNICA,10/2025,199,"Contratação de empresa para a execução de 1.442,00m² (mil quatrocentos e quarenta e dois metros quadrados) de pista de caminhada na Praça Presidente João Goulart (Praça Tricentenário).",Homologada
2025,21271,PREGÃO LEI 14.133/21 ELETRÔNICO,10/2025,24,Aquisição de parque infantil destinado à EMEF Vicente Goulart de São Borja/RS,Homologada
2025,21272,PREGÃO LEI 14.133/21 ELETRÔNICO,11/2025,25,"Contratação de empresa especializada em Levantamento Aerofotogramétrico Multiespectral LIDAR, Mapeamento Móvel 360° LIDAR, Geoprocessamentos e Implantação de Sistema de Informações Geográficas na Modalidade SaaS, com suporte técnico e manutenções continuadas, voltados à Gestão do Cadastro Técnico Multifinalitário do Município de São Borja/RS",Homologada
2025,21466,CONCORRÊNCIA LEI 14.133/21 ELETRÔNICA,11/2025,212,"Contratação de empresa especializada para a execução de 382,03 m², (trezentos e oitenta e dois metros e três centímetros) do Museu Missioneiro de São Borja.",Homologada
2025,21288,PRD DISPENSA EXCETO PEQUENO VALOR,11/2025,41,"Aquisição de peças destinadas a restauração e manutenção mecânica do MICRO-ÔNIBUS MARCOPOLO/VOLARE V8L 4X4, 2012/2013, VTR 211, conforme laudo técnico nº 062/2025. A necessidade e a emergência da contratação estão justificadas no Termo de Referência e demais documentos emitidos pela Secretaria Municipal da Educação e Cultura. Outros detalhes podem ser consultados no processo de dispensa emergencial de licitação",Homologada
2025,21282,INEXIGIBILIDADE,11/2025,35,"Contratação de banda musical para animação do Cais Folia do ano de 2025, que acontecerá no Cais do Porto de São Borja do dia 01/03/2025 a 04/03/2025. Maiores detalhes podem ser consultados no Termo de Referência e demais documentos que integram o processo nº 2904/2025, de Inexigibilidade de Licitação, formulados pela Secretaria responsável, no presente processo, a Secretaria Municipal de Planejamento, Orçamento e Projetos.",Homologada
2025,21476,CONCORRÊNCIA LEI 14.133/21 ELETRÔNICA,12/2025,222,"Contratação de empresa especializada para a execução de reforma de 632,00m² (seiscentos e trinta e dois metros quadrados) do Centro-Dia do Idoso.",Homologada
2025,21273,PREGÃO LEI 14.133/21 ELETRÔNICO,12/2025,26,Aquisição de grama sintética 12mm verde decorativa em atendimento à EMEF Vicente Goulart de São Borja/RS,Homologada
2025,21293,INEXIGIBILIDADE,12/2025,46,"Os objetos da presente contratação direta são 31 (trinta e uma) assinaturas anuais da Revista Nosso Amiguinho na modalidade impressa para atender aos Educandários Municipais. Maiores detalhes podem ser consultados no Termo de Referência e demais documentos que integram o processo nº 2825/2025, de Inexigibilidade de Licitação, formulados pela Secretaria responsável, no presente processo, a Secretaria Municipal de Educação e Cultura (SMEC).",Homologada
2025,21289,PRD DISPENSA EXCETO PEQUENO VALOR,12/2025,42,"Aquisição de peças destinadas a restauração e manutenção mecânica do ÔNIBUS VW /15. 190 EOD E.S. ORE 2012/2013 VTR 212, conforme laudo técnico nº 018/2025. A necessidade e a emergência da contratação estão justificadas no Termo de Referência e demais documentos emitidos pela Secretaria Municipal da Educação e Cultura. Outros detalhes podem ser consultados no processo de dispensa emergencial de licitação",Homologada
2025,21277,PREGÃO LEI 14.133/21 ELETRÔNICO,13/2025,30,"Registro de preços de serviços de arbitragem para a Secretaria Municipal de Esporte, Lazer e Eventos de São Borja/RS",Revogada
2025,21299,INEXIGIBILIDADE,13/2025,52,"Contratação de empresa para acolher Jenifer Aline da Silva Quercher, que por determinação judicial, mandou o município tomar providências em relação ao processo nº 5001484-83.2018.8.21.0030/RS evento 210. Maiores detalhes podem ser consultados no Termo de Referência e demais documentos que integram o processo nº 7964/2025, de Inexigibilidade de licitação, formulados pela Secretaria responsável, no presente processo, a Secretaria Municipal de Desenvolvimento Social.",Homologada
2025,21290,PRD DISPENSA EXCETO PEQUENO VALOR,13/2025,43,"Aquisição de peças destinadas a restauração e manutenção mecânica do ÔNIBUS VW /15. 190 EOD E. HD. ORE 2011/2011 VTR 191, conforme laudo técnico nº 022/2025. A necessidade e a emergência da contratação estão justificadas no Termo de Referência e demais documentos emitidos pela Secretaria Municipal da Educação e Cultura. Outros detalhes podem ser consultados no processo de dispensa emergencial de licitação",Homologada
2025,21294,PREGÃO LEI 14.133/21 ELETRÔNICO,14/2025,47,Registro de preço para aquisição de relógios ponto digital com biometria,Homologada
2025,21302,INEXIGIBILIDADE,14/2025,55,"Contratação Da Instituição Privada de assistência social, sem fins lucrativos  SESC, para apoio ao evento da Páscoa de 2025 em São Borja, com apresentação artística, em formato presencial, na programação especial denominada Chegada do Coelho da Páscoa,com Grupo Ueba, que apresentará a Peça de Teatro Aventura de Páscoa, com previsão de ocorrer no dia 12 de abril de 2025, no Cais do Porto, sem horário definido. Maiores detalhes podem ser consultados no Termo de Referência e demais documentos que integram o processo nº 7813/2025, de inexigibilidade de licitação, formulados pela Secretaria responsável, no presente processo, o Gabinete do Prefeito.",Homologada
2025,21308,INEXIGIBILIDADE,15/2025,61,"Contratação de empresa prestadora de serviço para fazer a manutenção do desfibrilador externo automática-DEA do Serviço de Atendimento Móvel de Urgência-SAMU. Maiores detalhes podem ser consultados no Termo de Referência e demais documentos que integram o processo nº 8313/2025, de inexigibilidade de licitação, formulados pela Secretaria responsável, no presente processo, Secretaria Municipal de Saúde.",Homologada
2025,21284,PRD DISPENSA EXCETO PEQUENO VALOR,15/2025,37,"Contratação de empresa especializada para prestação do serviço de segurança privada (vigias) no evento Cais Folia 2025, tudo de acordo com legislação e regulamentos que tratam sobre o assunto. Maiores detalhes podem ser consultados no Termo de Referência e demais documentos que integram o processo nº 5780/2025, de dispensa emergencial de licitação, formulados pela Secretaria responsável, no presente processo, a Secretaria Municipal de Desenvolvimento Econômico, Turismo e Inovação.",Homologada
2025,21296,PREGÃO LEI 14.133/21 ELETRÔNICO,15/2025,49,"Contratação de empresa especializada na prestação de serviços em cloud computing (computação em nuvem), contemplando o fornecimento de ambiente virtual (Infraestrutura como Serviço  IaaS).",Homologada
2025,21298,PRD DISPENSA EXCETO PEQUENO VALOR,16/2025,51,"Contratação de empresa para prestar o serviço de gestão de contratos de estágios para a Prefeitura de São Borja. Maiores detalhes podem ser consultados no Termo de Referência e demais documentos que integram o processo nº 2803/2025, de dispensa de licitação, formulados pela Secretaria responsável, no presente processo, a Secretaria Municipal de Administração.",Homologada
2025,21313,INEXIGIBILIDADE,16/2025,66,"Contratação de empresa especializada no ramo de vigia patrimonial desarmada, de forma a garantir a segurança das instalações do Departamento de Serviços Urbanos da Secretaria Municipal de Serviços Urbanos, Meio Ambiente, Segurança, Trânsito e Defesa Civil (SMSMSTD), localizado na Rua Francisco Koltermann, nº 1121, bairro Itacherê. Maiores detalhes podem ser consultados no Termo de Referência e demais documentos que integram o processo nº 5767/2025, de inexigibilidade de licitação, formulados pela Secretaria responsável, no presente processo, SMSMSTD.",Homologada
2025,21300,PREGÃO LEI 14.133/21 ELETRÔNICO,16/2025,53,"Registro de Preços para aquisição de pneus, câmaras de ar e prote-\r\ntores de câmaras de ar para os veículos da frota municipal",Homologada
2025,21301,PREGÃO LEI 14.133/21 ELETRÔNICO,17/2025,54,Registro de Preços para aquisição de postes de concreto com entrada de energia inclusa para serem instalados nas dependências da Prefeitura Municipal de São Borja,Homologada
2025,21311,INEXIGIBILIDADE,17/2025,64,"Prestação de serviços de processamento de dados, consistente na disponibilização de sistema de interface web que permite consultas a dados das bases da Receita Federal, como o Cadastro de Pessoa Física e o Cadastro de Pessoa Jurídica. Maiores detalhes podem ser consultados no Termo de Referência e demais documentos que integram o processo nº 9652/2025, de inexigibilidade de licitação, formulados pela Secretaria responsável, no presente processo, a Secretaria Municipal da Fazenda.",Homologada
2025,21297,PRD DISPENSA EXCETO PEQUENO VALOR,17/2025,50,"Aquisição de peças destinadas a restauração e manutenção mecânica do ÔNIBUS M. BENZ/OF, 1519 ORE, ANO/MODELO 2013/2013, VTR 268, conforme laudo técnico nº 077/2025. A necessidade e a emergência da contratação estão justificadas no Termo de Referência e demais documentos emitidos pela Secretaria Municipal da Educação e Cultura. Outros detalhes podem ser consultados no processo de dispensa emergencial de licitação",Homologada
2025,21312,INEXIGIBILIDADE,18/2025,65,"A presente contratação visa atender a demanda do Conselho Municipal dos Direitos da Criança e do Adolescente  COMDICA, que por meio da Resolução n° 02/2025, que autorizou a contratação de empresa para a realização de curso/formação a rede de proteção à criança e ao adolescente do município, atendendo o disposto no Art. 88 e 260-I, inciso II do Estatuto da Criança e do Adolescente  ECA, Art. 16, inciso III da Lei Municipal 4.784/2013 e também Resoluções 105/2005 e 137/2010 do Conselho Nacional dos Direitos da Criança e do Adolescente  CONANDA, que estabelecem a necessidade de formação continuada aos profissionais do Sistema de Garantia de Direitos de Crianças e Adolescentes (SGDCA). Maiores detalhes podem ser consultados no Termo de Referência e demais documentos que integram o processo nº 7969/2025, de inexigibilidade de licitação, formulados pela Secretaria responsável, no presente processo, a Secretaria Municipal de Desenvolvimento Social.",Homologada
2025,21303,PREGÃO LEI 14.133/21 ELETRÔNICO,18/2025,56,Registro de preços para aquisição de equipamentos de proteção individual e/ou coletiva e uniformes de trabalho para setores diversos da Prefeitura de São Borja.,Homologada
2025,21307,PRD DISPENSA EXCETO PEQUENO VALOR,18/2025,60,"Contratação de empresa para prestação de serviços especializados para o desenvolvimento da identidade visual da gestão municipal, bem como elaboração de projetos de comunicação para diferentes secretarias e eventos culturais. Maiores detalhes podem ser consultados no Termo de Referência e demais documentos que integram o processo nº 9298/2025, de dispensa de licitação, formulados pela Secretaria responsável, no presente processo, o Gabinete do Prefeito.",Homologada
2025,21304,PREGÃO LEI 14.133/21 ELETRÔNICO,19/2025,57,Registro de preços para aquisição de materiais para sinalização viária,Homologada
2025,21319,PRD DISPENSA EXCETO PEQUENO VALOR,19/2025,72,"Aquisição de peças destinadas a restauração e manutenção mecânica do MICRO-ÔNIBUS IVECO/CITYCLASS 70C17 ano/modelo 2014/2014, VTR 269, conforme laudo técnico nº 162/2025. A necessidade e a emergência da contratação estão justificadas no Termo de Referência e demais documentos emitidos pela Secretaria Municipal da Educação e Cultura. Outros detalhes podem ser consultados no processo de dispensa emergencial de licitação.",Homologada
2025,21327,INEXIGIBILIDADE,19/2025,80,"Contratação de empresa para prestação de serviço de formação de profissionais da educação básica, atuação cotidiana e no processo de ensino aprendizagem ao que tange especialidades do planejamento escolar e do ensino multisseriado, ampliando o conhecimento do aluno. Com carga horária de 8 horas cada formação. Maiores detalhes podem ser consultados no Termo de Referência e demais documentos que integram o processo nº 9579/2025, de inexigibilidade de licitação, formulados pela Secretaria responsável, no presente processo, a Secretaria Municipal de Educação e Cultura.",Homologada
2025,21316,INEXIGIBILIDADE,20/2025,69,"Contratação de empresa para realização de duas apresentações teatrais, do Grupo A Turma do Dionísio, com espetáculo  O mundo de Rosália  sobre a prevenção ao abuso sexual de crianças e adolescentes, para crianças e adolescentes das escolas municipais. Maiores detalhes podem ser consultados no Termo de Referência e demais documentos que integram o processo nº 10745/2025, de Inexigibilidade de licitação, formulados pela Secretaria responsável, no presente processo, a Secretaria Municipal de Desenvolvimento Social.",Homologada
2025,21329,PRD DISPENSA EXCETO PEQUENO VALOR,20/2025,82,"Aquisição de pneus para manutenção das viaturas do Departamento de Serviços Urbanos e Iluminação Pública, conforme laudo ténico nº 175/2025. A necessidade e a emergência da contratação estão justificadas no Termo de Referência e demais documentos emitidos pela Secretaria Municipal de Seviços Urbanos, Meio Ambiente, Segurança, Trânsito e Defesa Civil. Outros detalhes podem ser consultados no processo de dispensa emergencial de licitação.",Homologada
2025,21314,PREGÃO LEI 14.133/21 ELETRÔNICO,20/2025,67,Registro de preços para aquisição de materiais elétricos para viabilizar a manutenção da rede de iluminação pública e da infraestrutura elétrica dos prédios públicos do município de São Borja,Homologada
2025,21317,INEXIGIBILIDADE,21/2025,70,"Contratação de empresa para fornecer materiais necessários para a realização das ações alusivas ao Maio Laranja  mês de conscientização e enfrentamento à violência sexual contra crianças e adolescentes, mais especificadamente, produção de cartilhas com a temática referida. Maiores detalhes podem ser consultados no Termo de Referência e demais documentos que integram o processo nº 10781/2025, de inexigibilidade de licitação, formulados pela secretaria responsável, no presente processo, a Secretaria Municipal de Desenvolvimento Social.",Homologada
2025,21315,PRD DISPENSA EXCETO PEQUENO VALOR,21/2025,68,"Termo de Fomento nº 005/2025/CS elaborado pela Secretaria Municipal de Esporte, Lazer e Eventos, com a finalidade de executar o projeto Escolinha de Futsal, ""Emenda nº 202441840008"".",Homologada
2025,21321,PREGÃO LEI 14.133/21 ELETRÔNICO,21/2025,74,"Registro de preço para aquisição de tubos, aduelas  e meio-fio de concreto.",Homologada
2025,21331,PREGÃO LEI 14.133/21 ELETRÔNICO,22/2025,84,Registro de Preços para aquisição de combustíveis para a Prefeitura Municipal de São Borja,Homologada
2025,21318,INEXIGIBILIDADE,22/2025,71,"Aquisição de peças para manutenção da VTR 247  Motoniveladora XCMG, modelo GR 180 BR, ano 2014. Maiores detalhes podem ser consultados no Termo de Referência e demais documentos que integram o processo nº 12416/2025, de inexigibilidade de licitação, formulados pela secretaria responsável, no presente processo, a Secretaria Municipal de Agricultura e Infraestrutura.",Homologada
2025,21322,PRD DISPENSA EXCETO PEQUENO VALOR,22/2025,75,"Aquisição de peças destinadas a restauração e manutenção mecânica do Caminhão Caçamba, modelo L1620, Mercedes Bens, ano 2007, conforme laudo técnico nº 070/2025 e requisição nº 007/2025. A necessidade e a emergência da contratação estão justificadas no Termo de Referência e demais documentos emitidos no processo de dispensa emergencial, feito pela Secretaria Municipal de Serviços Urbanos, Meio Ambiente, Segurança, Trânsito e Defesa Civil - SMSMSTD.",Homologada
2025,21325,INEXIGIBILIDADE,23/2025,78,"Contratação de empresa para realização de curso/capacitação para os servidores do poder Executivo, referente a processo administrativo de sindicância. Maiores detalhes podem ser consultados no Termo de Referência e demais documentos que integram o processo nº 11549/2025, de inexigibilidade de licitação, formulados pela Consultoria Jurídica do município.",Homologada
2025,21323,PRD DISPENSA EXCETO PEQUENO VALOR,23/2025,76,"Aquisição de peças destinadas a restauração e manutenção mecânica do Caminhão, modelo 1218l, Mercedes Bens, ano 1990, VTR 320, conforme laudo técnico nº 066/2025 e requisição nº 004/2025. A necessidade e a emergência da contratação estão justificadas no Termo de Referência e demais documentos emitidos no processo de dispensa emergencial, feito pela Secretaria Municipal de Serviços Urbanos, Meio Ambiente, Segurança, Trânsito e Defesa Civil - SMSMSTD.",Homologada
2025,21340,PREGÃO LEI 14.133/21 ELETRÔNICO,23/2025,93,Aquisição de materiais de construção destinados à doação às famílias encaminhadas através de estudo social dos respectivos Centros de Referências de Assistência Social no Município de São Borja/RS,Homologada
2025,21341,PREGÃO LEI 14.133/21 ELETRÔNICO,24/2025,94,Registro de preços visando a contratação de jornal diário de grande circulação no estado do Rio Grande do Sul.,Homologada
2025,21326,PRD DISPENSA EXCETO PEQUENO VALOR,24/2025,79,"Aquisição de peças destinadas a restauração e manutenção mecânica do Caminhão, modelo Cargo 2429S, Ford, ano 2015, VTR 250, conforme laudo técnico nº 127/2025 e requisição nº 027/2025. A necessidade e a emergência da contratação estão justificadas no Termo de Referência e demais documentos emitidos no processo de dispensa emergencial, feito pela Secretaria Municipal de Serviços Urbanos, Meio Ambiente, Segurança, Trânsito e Defesa Civil - SMSMSTD.",Homologada
2025,21328,INEXIGIBILIDADE,24/2025,81,"Aquisição de peças para manutenção da VTR 249  Motoniveladora XCMG, modelo GR 1803 BR, ano 2019. Maiores detalhes podem ser consultados no Termo de Referência e demais documentos que integram o processo nº 12417/2025, de inexigibilidade de licitação, formulados pela secretaria responsável, no presente processo, a Secretaria Municipal de Agricultura e Infraestrutura.",Homologada
2025,21324,PRD DISPENSA EXCETO PEQUENO VALOR,25/2025,77,"Aquisição de peças destinadas a restauração e manutenção mecânica da Retroescavadeira, modelo Randon RD 406, Randon, ano 2013, VTR 216, conforme laudo técnico nº 113/2025 e requisição nº 022/2025. A necessidade e a emergência da contratação estão justificadas no Termo de Referência e demais documentos emitidos no processo de dispensa emergencial, feito pela Secretaria Municipal de Serviços Urbanos, Meio Ambiente, Segurança, Trânsito e Defesa Civil - SMSMSTD.",Homologada
2025,21335,INEXIGIBILIDADE,25/2025,88,"Contratação de empresa para realizar manutenção na câmara de conservação de imunobiológicos com capacidade de 200 litros, devido ser um equipamento de refrigeração regularizado pela ANVISA para guardar e conservar vacinas nas unidades de saúde e central municipal de rede de frio. Maiores detalhes podem ser consultados no Termo de Referência e demais documentos que integram o processo nº 11408/2025, de inexigibilidade de licitação, formulados pela Secretaria responsável, no presente processo, Secretaria Municipal de Saúde.",Homologada
2025,21342,PREGÃO LEI 14.133/21 ELETRÔNICO,25/2025,95,Registro de preço para aquisição de gêneros alimentícios.,Homologada
2025,21355,INEXIGIBILIDADE,26/2025,106,"Aquisição de reagentes, insumos e kit de controle de qualidade que serão utilizados no equipamento de execução de hemograma, o YUMIZEN H500 da marca HORIBA no Laboratório de Fronteira.     Maiores detalhes podem ser consultados no Termo de Referência e demais documentos que integram o processo nº 14738/2025, de inexigibilidade de licitação, formulados pela Secretaria responsável, no presente processo, Secretaria Municipal de Saúde.",Homologada
2025,21343,PREGÃO LEI 14.133/21 ELETRÔNICO,26/2025,96,Registro de Preços para aquisição de instrumentais e materiais de consumo odontológico,Homologada
2025,21330,PRD DISPENSA EXCETO PEQUENO VALOR,26/2025,83,"Aquisição de pneus para manutenção das viaturas da Secretaria Municipal da Agricultura e Infraestrutura (SMAI), conforme laudo técnico nº 103/2025. A necessidade e a emergência da contratação estão justificadas no Termo de Referência e demais documentos emitidos pela SMAI. Outros detalhes podem ser consultados no processo de dispensa emergencial de licitação.",Homologada
2025,21356,INEXIGIBILIDADE,27/2025,107,"Aquisição de insumos reagentes, calibradores e kit de controle de qualidade que serão utilizados no equipamento de execução de análises bioquímicas, o Bioclin 2000 Plus da marca Bioclin no Laboratório de Fronteira. Maiores detalhes podem ser consultados no Termo de Referência e demais documentos que integram o processo nº 14737/2025, de inexigibilidade de licitação, formulados pela Secretaria responsável, no presente processo, Secretaria Municipal de Saúde.",Homologada
2025,21344,PREGÃO LEI 14.133/21 ELETRÔNICO,27/2025,97,Registro de preços para aquisição de gêneros alimentícios,Homologada
2025,21337,PRD DISPENSA EXCETO PEQUENO VALOR,27/2025,90,"Aquisição de pneus para manutenção das viaturas da Secretaria Municipal da Saúde, conforme laudo técnico nº 229/2025. A necessidade e a emergência da contratação estão justificadas no Termo de Referência e demais documentos emitidos pela SMS. Outros detalhes podem ser consultados no processo de dispensa emergencial de licitação.",Homologada
2025,21360,INEXIGIBILIDADE,28/2025,111,"Contratação de empresa especializada na prestação de serviços de correspondências (Carta, Telegrama e Malote), encomendas (Sedex 10, Sedex 12, Sedex Hoje, PAC e Minienvios), marketing (mala endereçada, mala não endereçada e impresso), conveniência (recebimento de contas e doações, vale postal, certificado digital, caixa postal e produtores como caixas e envelopes), internacional Expora Fácil, documento internacional, telegrama internacional, mala M e outros serviços V-post e o PAC. Maiores detalhes podem ser consultados no Termo de Referência e demais documentos que integram o processo nº 13379/2025, de inexigibilidade de licitação, formulados pela Secretaria responsável, no presente processo, a Secretaria Municipal de Planejamento, Orçamento e Projetos.",Homologada
2025,21338,PRD DISPENSA EXCETO PEQUENO VALOR,28/2025,91,"Contratação de serviços de transporte de pacientes usuários do SUS, para realização de consultar, cirurgias e exames, de média e alta complexidade, especialidade que o município não possui, no município de Três de Maio. A necessidade e a emergência da contratação estão justificadas no Termo de Referência e demais documentos emitidos pela Secretaria Municipal da Saúde - SMS. Outros detalhes podem ser consultados no processo de dispensa emergencial de licitação",Homologada
2025,21357,PREGÃO LEI 14.133/21 ELETRÔNICO,28/2025,108,Registro de preço para aquisição de medicamentos para usuários do Sistema Único de Saúde (SUS),Homologada
2025,21339,PRD DISPENSA EXCETO PEQUENO VALOR,29/2025,92,"Contratação do SEBRAE para dar continuidade ao Programa Capacitar, que busca alinhar o contexto de modernidade e inovação, junto as empresas locais. Maiores detalhes podem ser consultados no Termo de Referência e demais documentos que integram o processo nº 13361/2025, de dispensa de licitação, formulados pela Secretaria responsável, no presente processo, a Secretaria Municipal de Desenvolvimento Econômico, Turismo e Inovação.",Homologada
2025,21366,INEXIGIBILIDADE,29/2025,117,"Aquisição de dois controladores eletrônicos com sincronismo GPS de 4 fases,conforme solicitação da Secretaria Municipal de Serviços Urbanos, Meio Ambiente, Segurança, Trânsito e Defesa Civil (SMSMSTD). Maiores detalhes podem ser consultados no Termo de Referência e demais documentos que integram o processo nº 15803/2025, de inexigibilidade de licitação, formulados pela Secretaria responsável, no presente processo, SMSMTD.",Homologada
2025,21364,PREGÃO LEI 14.133/21 ELETRÔNICO,30/2025,115,Registro de preço para aquisição de massa asfáltica usinada a quente (CBUQ) para aplicação a frio e emulsão asfáltica.,Anulada
2025,21370,INEXIGIBILIDADE,30/2025,121,"Aquisição de um biodigestor de pequeno porte, incluindo a instalação completa e treinamento técnico-operacional, destinado ao Centro Escolar de Turno Integral Municipal Neuza Goulart Brizola  CETIM, visando à promoção de práticas sustentáveis de gestão de resíduos orgânicos e educação ambiental. Maiores detalhes podem ser consultados no Termo de Referência e demais documentos que integram o processo nº 17013/2025, de inexigibilidade de licitação, formulados pela Secretaria responsável, no presente processo, Secretaria Municipal de Educação e Cultura.",Homologada
2025,21345,PRD DISPENSA EXCETO PEQUENO VALOR,30/2025,98,"Aquisição de peças destinadas a restauração e manutenção mecânica do MICRO-ÔNIBUS VW/NEOBUS TH O, ano/modelo 2020/2021, VTR 314, conforme laudo técnico nº 218/2025. A necessidade e a emergência da contratação estão justificadas no Termo de Referência e demais documentos emitidos pela Secretaria Municipal da Educação e Cultura. Outros detalhes podem ser consultados no processo de dispensa emergencial de licitação",Homologada
2025,21368,PREGÃO LEI 14.133/21 ELETRÔNICO,31/2025,119,Registro de preço para aquisição de óculos de grau destinados aos usuários do SUS atendidos pela Secretaria Municipal da Saúde de São Borja,Homologada
2025,21347,PRD DISPENSA EXCETO PEQUENO VALOR,31/2025,100,"Contratação de instituição de saúde para internação de pacientes adulto para tratamento de transtornos mentais, em regime de residência, com a finalidade em cumprimento às ordens judicias nº 5007037-04.2024.8.21.0030/RS e 5007037-04.2024.8.21.0090/RS . A necessidade e a emergência da contratação estão justificadas no Termo de Referência e demais documentos emitidos pela Secretaria Municipal da Saúde. Outros detalhes podem ser consultados no processo de dispensa emergencial de licitação",Homologada
2025,21391,INEXIGIBILIDADE,31/2025,142,"Locação de imóvel para instalação da Estratégia de Saúde da Família nº17, localizada na Rua Aparício Mariense, nº 1964, bairro Pirahy, na cidade de São Borja-RS, imóvel este com matrícula nº 5.108 folha 01, do Registro de Imóvel da Comarca de São Borja. Maiores detalhes podem ser consultados no Termo de Referência e demais documentos que integram o processo nº 11739/2025, de inexigibilidade de licitação, formulados pela Secretaria responsável, no presente processo, Secretaria Municipal da Saúde.",Homologada
2025,21369,PREGÃO LEI 14.133/21 ELETRÔNICO,32/2025,120,Registro de Preço de materiais de expediente,Homologada
2025,21378,INEXIGIBILIDADE,32/2025,129,"Prestação de serviços especializados de formação continuada na área de Matemática, destinada a professores do Ensino Fundamental  anos iniciais (1º ao 5º ano) e anos iniciais (6º ao 9º ano) da rede municipal de ensino, com foco na atualização metodológica, didática e prática docente. Maiores detalhes podem ser consultados no Termo de Referência e demais documentos que integram o processo nº 15847/2025, de inexigibilidade de licitação, formulados pela Secretaria responsável, no presente processo, Secretaria Municipal de Educação e Cultura.",Homologada
2025,21346,PRD DISPENSA EXCETO PEQUENO VALOR,32/2025,99,"Contratação de serviços de clínica terapêutica, para cumprimento de decisão judicial expedida nos autos do processo nº 500042516.2025.8.21.00.30/RS. A necessidade e a emergência da contratação estão justificadas no Termo de Referência e demais documentos emitidos pela Secretaria Municipal da Saúde - SMS. Outros detalhes podem ser consultados no processo de dispensa emergencial de licitação.",Homologada
2025,21376,PREGÃO LEI 14.133/21 ELETRÔNICO,33/2025,127,"Contratação de empresa para a prestação e serviços de tratamento, controle e monitoramento mensal da qualidade da água dos 60 poços artesianos do interior do município de São Borja, bem como a limpeza e a desinfecção das caixas dágua dos respectivos poços.",Homologada
2025,21401,INEXIGIBILIDADE,33/2025,152,"A presente contratação tem por objetivo determinar as condições que disciplinarão a contratação de empresa para realização de curso/capacitação sobre a Escuta Especializada, bem como sua implementação em âmbito municipal. Maiores detalhes podem ser consultados no Termo de Referência e demais documentos que integram o processo nº 20086/2025, de inexigibilidade de licitação, formulados pela Secretaria responsável, no presente processo, Secretaria Municipal de Desenvolvimento Social.",Homologada
2025,21358,PRD DISPENSA EXCETO PEQUENO VALOR,33/2025,109,"Aquisição de 1.600 (um mil e seiscentas) unidades de complementos alimentares (cestas básicas), embaladas em sacos de capa de fardo não reciclado, medindo 50 x 80, capacidade mínima de 30kg, para as famílias atingidas pela estiagem conforme decreto de situação emergencial nº 21.109/25. A necessidade e a emergência da contratação estão justificadas no Termo de Referência e demais documentos que compõem o processo de dispensa emergencial, feito pela Secretaria Municipal de Serviços Urbanos, Meio Ambiente, Segurança, Trânsito e Defesa Civil - SMSMSTD.",Homologada
2025,21348,PRD DISPENSA EXCETO PEQUENO VALOR,34/2025,101,Termo de Fomento nº 04/2025/CS elaborado pela Secretaria de Desenvolvimento Social com a finalidade de aquisição de veículo  para o Asilo São Vicente de Paula com emenda nº 20243298000.,Homologada
2025,21405,INEXIGIBILIDADE,34/2025,154,"A presente aquisição visa a reposição de partes substituíveis pertencentes ao desfibrilador externo automático  DEA, as quais apresentaram desgaste por uso e prazo de validade vencida, o equipamento é utilizado pela Unidade de Suporte Básico do SAMU/São Borja. Maiores detalhes podem ser consultados no Termo de Referência e demais documentos que integram o processo nº 20.628/2025, de inexigibilidade de licitação, formulados pela Secretaria responsável, no presente processo, Secretaria Municipal de Saúde.",Homologada
2025,21351,PRD DISPENSA EXCETO PEQUENO VALOR,35/2025,102,"Termo de Fomento nº 07/2025/CS elaborado pela Secretaria de Desenvolvimento Social com a finalidade de executar o Projeto ""Mãos na Massa III - III Edição - Capacitar para o Futuro"", conforme carta de captação de recurso 002/2023/CONDICA, ofício nº 13/2025/COMDICA e resolução nº 06/2023.",Homologada
2025,21406,INEXIGIBILIDADE,35/2025,155,"Aquisição de licença profissional vitalícia do software ZWCAD PROFESSIONAL. Maiores detalhes podem ser consultados no Termo de Referência e demais documentos que integram o processo nº 16.201/2025, de inexigibilidade de licitação, formulados pela Secretaria responsável, no presente processo, a Secretaria Municipal de Planejamento, Orçamento e Projetos.",Adjudicada
2025,21381,PREGÃO LEI 14.133/21 ELETRÔNICO,35/2025,132,"Contratação de empresa especializada para a prestação de serviço de instalação, manutenção preventiva e corretiva de equipamentos odontológicos, autoclaves dos ambulatórios (ESFs, Samu, Melhor em Casa e PAM) e equipamentos do laboratório de prótese dentária da Secretaria Municipal de Saúde de São Borja-RS.",Julgada
2025,21424,INEXIGIBILIDADE,36/2025,173,"A presente contratação tem por objetivo determinar as condições que disciplinarão a contratação de empresa para realização de curso/capacitação sobre a Rede de Proteção da Criança e do Adolescente do município. Maiores detalhes podem ser consultados no Termo de Referência e demais documentos que integram o processo nº 22.316/2025, de inexigibilidade de licitação, formulados pela Secretaria responsável, no presente processo, Secretaria Municipal de Desenvolvimento Social.",Homologada
2025,21352,PRD DISPENSA EXCETO PEQUENO VALOR,36/2025,103,"Prestação de serviços de impressão, cópia e digitalização, caracterizado como outsourcing de impressão, com fornecimento de impressoras multifuncionais e suprimentos dos equipamentos para a Prefeitura Municipal de São Borja e suas secretarias. A necessidade, a emergência da contratação e demais detalhes estão justificadas no Termo de Referência e demais documentos emitidos pela Secretaria Municipal de Desenvolvimento Econômico, Turismo e Inovação (SMDETI).",Homologada
2025,21382,PREGÃO LEI 14.133/21 ELETRÔNICO,36/2025,133,Registro de preço para aquisição de equipamentos médico hospitalar e ambulatorial,Homologada
2025,21354,PRD DISPENSA EXCETO PEQUENO VALOR,37/2025,105,"Aquisição de bombas submersas para a substituição de bombas queimadas que foram submetidas a condições de trabalho adversas durante a estiagem, conforme laudo técnico nº 176/2025 e requisição nº 059/2025. A necessidade e a emergência da contratação estão justificadas no Termo de Referência e demais documentos emitidos no processo de dispensa emergencial, feito pela Secretaria Municipal de Serviços Urbanos, Meio Ambiente, Segurança, Trânsito e Defesa Civil - SMSMSTD.",Homologada
2025,21427,INEXIGIBILIDADE,37/2025,175,"Aquisição de licença anual de monousuário para o aplicativo MÉTRICA TOPO. Maiores detalhes podem ser consultados no Termo de Referência e demais documentos que integram o processo nº 16.201/2025, de inexigibilidade de licitação, formulados pela Secretaria responsável, no presente processo, a Secretaria Municipal de Planejamento, Orçamento e Projetos.",Homologada
2025,21384,PREGÃO LEI 14.133/21 ELETRÔNICO,37/2025,135,Registro de preços para aquisição de fórmulas infantis e suplementos alimentares,Fracassada
2025,21429,INEXIGIBILIDADE,38/2025,177,"Contratação do serviço de conserto das câmaras de conservação de imunobiológicos para cada unidade de ESF que possui sala de vacinas no município. Maiores detalhes podem ser consultados no Termo de Referência e demais documentos que integram o processo nº 20.110/2025, de inexigibilidade de licitação, formulados pela Secretaria responsável, no presente processo, Secretaria Municipal de Saúde.",Homologada
2025,21371,PRD DISPENSA EXCETO PEQUENO VALOR,38/2025,122,"Contratação de empresa para prestar o serviço de arbitragem nos serviços típicos da Secretaria Municipal, Esporte, Lazer e Eventos. Maiores detalhes podem ser consultados no Termo de Referência e demais documentos que integram o processo nº 16003/2025, de dispensa de licitação, formulados pela Secretaria responsável, no presente processo, a  Secretaria Municipal, Esporte, Lazer e Eventos.",Homologada
2025,21387,PREGÃO LEI 14.133/21 ELETRÔNICO,38/2025,138,"Registro de preços para aquisição de materiais de limpeza, higiene, descartáveis e outros para a Prefeitura Municipal de São Borja.",Homologada
2025,21367,PRD DISPENSA EXCETO PEQUENO VALOR,39/2025,118,"Aquisição de massa asfáltica usinada a quente (CBUQ) com aplicação a frio e Emulsão Asfáltica a serem utilizadas na operação tapa buraco das vias públicas que, em decorrência da degradação pela ação das chuvas, sofreram danos significativos. A necessidade e a emergência da contratação estão justificadas no Termo de Referência e demais documentos que compõem o processo de dispensa emergencial, feito pela Secretaria Municipal de Agricultura e Infraestrutura  SMAI.",Homologada
2025,21438,INEXIGIBILIDADE,39/2025,186,"Contratação de empresa para prestação de serviço de empresa especializada em formação de profissionais da Educação Básica, atuação cotidiana e no processo de ensino aprendizagem ao que tange as especialidades do planejamento escolar e do ensino multisseriado. Com carga horária de 8 e 16 horas cada formação. Maiores detalhes podem ser consultados no Termo de Referência e demais documentos que integram o processo nº 24032/2025, de inexigibilidade de licitação, formulados pela Secretaria responsável, no presente processo, a Secretaria Municipal de Educação e Cultura.",Homologada
2025,21389,PREGÃO LEI 14.133/21 ELETRÔNICO,39/2025,140,"Registro de preços para aquisição de extintores prediais, extintores automotivos e placas de sinalização de segurança",Homologada
2025,21372,PRD DISPENSA EXCETO PEQUENO VALOR,40/2025,123,"Aquisição de massa asfáltica usinada a quente (CBUQ) com aplicação a frio e Emulsão Asfáltica a serem utilizadas na operação tapa buraco das vias públicas que, em decorrência da degradação pela ação das chuvas, sofreram danos significativos. A necessidade e a emergência da contratação estão justificadas no Termo de Referência e demais documentos que compõem o processo de dispensa emergencial, feito pela Secretaria Municipal de Agricultura e Infraestrutura  SMAI.",Homologada
2025,21440,INEXIGIBILIDADE,40/2025,187,"A presente contratação tem por objetivo determinar as condições que disciplinarão a contratação de empresa para realização do curso/capacitação aos profissionais que atuam na Rede de Proteção de Crianças e Adolescentes, tendo como objeto o Sistema Nacional de Atendimento Socioeducativo (SINASE) e as Medidas Socioeducativas. Maiores detalhes podem ser consultados no Termo de Referência e demais documentos que integram o processo nº 25773/2025, de inexigibilidade de licitação, formulados pela Secretaria responsável, no presente processo, Secretaria Municipal de Desenvolvimento Social.",Homologada
2025,21390,PREGÃO LEI 14.133/21 ELETRÔNICO,40/2025,141,"Contratação de empresa para serviços especializados para sustentação, suporte técnico remoto nível 1 e 2, implantação, configurações, parametrizações, capacitação e operação assistida, manutenção corretiva, adaptativa, cosmética localizada, retaguarda/diagnóstico e acerto em base/apurações especiais de pequeno porte, garantia de atualizações legais e tecnológicas, no sistema integrado de gestão pública e-cidade nas áreas financeiro, patrimonial, tributário, folha de pagamento, educação e processo eletrônico e aplicações secundárias (BI, portal da transparência, portal de serviços/APP, central de vagas, portal do aluno, integração com a NFEs e GRM), sob licença GPL (general public license), disponível no portal do software público brasileiro  SPB (www.softwarepublico.gov.br), para todas as entidades do município.",Anulada
2025,21375,PRD DISPENSA EXCETO PEQUENO VALOR,41/2025,126,"Aquisição de materiais de construção diversos como cimento, areia, brita n1 e n0, além de  tijolos necessários para a execução de obras de construção e reconstrução de bocas de lobo danificadas, pelas fortes chuvas, conforme decreto de emergencialidade nº 21.292/25. A necessidade e a emergência da contratação estão justificadas no Termo de Referência e demais documentos que compõem o processo de dispensa emergencial, feito pela Secretaria Municipal de Agricultura e Infraestrutura  SMAI.",Homologada
2025,21397,PREGÃO LEI 14.133/21 ELETRÔNICO,41/2025,148,Aquisição de grama sintética 12mm verde decorativa em atendimento à EMEFCM Duque de Caxias de São Borja/RS,Homologada
2025,21446,INEXIGIBILIDADE,41/2025,193,"Aquisição de material didático intitulado Coleção Sinal Verde para o Trânsito Seguro. Maiores detalhes podem ser consultados no Termo de Referência e demais documentos que integram o processo nº 25947/2025, de Inexigibilidade de Licitação, formulados pela Secretaria responsável, no presente processo, a Secretaria Municipal de Educação e Cultura (SMEC).",Homologada
2025,21374,PRD DISPENSA EXCETO PEQUENO VALOR,42/2025,125,"Aquisição de tubos de concreto para recuperar as áreas afetadas pelas fortes chuvas, conforme decreto de emergencialidade nº 21.292/25. A necessidade e a emergência da contratação estão justificadas no Termo de Referência e demais documentos que compõem o processo de dispensa emergencial, feito pela Secretaria Municipal de Agricultura e Infraestrutura  SMAI.",Homologada
2025,21445,INEXIGIBILIDADE,42/2025,192,"Prestação de serviço para realizar as manutenções preventivas do equipamento de hematologia HORIBA YUMIZEN H500 e do equipamento de bioquímica BIOCLIN 2000 PLUS com intuito de manter em funcionamento os atendimentos a população. Maiores detalhes podem ser consultados no Termo de Referência e demais documentos que integram o processo nº 24893/2025, de inexigibilidade de licitação, formulados pela Secretaria responsável, no presente processo, Secretaria Municipal de Saúde.",Homologada
2025,21402,PREGÃO LEI 14.133/21 ELETRÔNICO,42/2025,153,Registro de preços para aquisição de crachás,Homologada
2025,21407,PREGÃO LEI 14.133/21 ELETRÔNICO,43/2025,156,Registro de preços para aquisição de gêneros alimentícios,Homologada
2025,21377,PRD DISPENSA EXCETO PEQUENO VALOR,43/2025,128,Aquisição de gêneros alimentícios para Secretaria Municipal de Educação e Cultura.,Homologada
2025,21471,INEXIGIBILIDADE,43/2025,217,"Contratação da Banda Opus Dei para animação musical do evento Marcha para Jesus 2025. Maiores detalhes podem ser consultados no Termo de Referência e demais documentos que integram o processo nº 30475/2025, de inexigibilidade de licitação, formulados pela Secretaria responsável, no presente processo, Secretaria Municipal de Desenvolvimento Econômico, Turismo e Inovação (SMDETI).",Homologada
2025,21415,PREGÃO LEI 14.133/21 ELETRÔNICO,44/2025,164,Registro de Preços para aquisição de materiais de construção para a Prefeitura Municipal de São Borja,Homologada
2025,21379,PRD DISPENSA EXCETO PEQUENO VALOR,44/2025,130,"Termo de Fomento nº 12/2025/CS elaborado pela Secretaria de Desenvolvimento Social com a finalidade de executar o projeto ""aquisição de usina de geração de energia fotovoltaica e instalação da mesma"", oriundo da emenda parlamentar nº 202430770001.",Homologada
2025,21480,INEXIGIBILIDADE,44/2025,226,A contratação de duas unidades de rolamento central do tandem e duas unidades de reparo de rolamento central do tandem VTR 294,Homologada
2025,21417,PREGÃO LEI 14.133/21 ELETRÔNICO,45/2025,166,Registro de preços para aquisição de materiais esportivos,Homologada
2025,21383,PRD DISPENSA EXCETO PEQUENO VALOR,45/2025,134,"Termo de Fomento nº 009/2025/CS com a finalidade de executar o Projeto ""Aquisição de aparelhos adaptados para Pessoa com Deficiência (PcD).",Homologada
2025,21491,INEXIGIBILIDADE,45/2025,235,"Contratação de empresa para a realização de curso de Formação de Diretores Escolares. Maiores detalhes podem ser consultados no Termo de Referência e demais documentos que integram o processo nº 31598/2025, de Inexigibilidade de Licitação, formulados pela Secretaria responsável, no presente processo, a Secretaria Municipal de Educação e Cultura (SMEC).",Homologada
2025,21422,PREGÃO LEI 14.133/21 ELETRÔNICO,46/2025,171,Registro de preços para o aluguel de equipamentos concentradores de oxigênio destinados aos pacientes usuários do SUS assistidos pela Secretaria Municipal de Saúde de São Borja,Homologada
2025,21386,PRD DISPENSA EXCETO PEQUENO VALOR,46/2025,137,"Contratação de empresa para realização de estudos ambientais completos da área a ser remediada. A necessidade da contratação está justificada no Termo de Referência e demais documentos que compõem o processo de dispensa, feito pela Secretaria Municipal de Serviços Urbanos, Meio Ambiente, Segurança, Trânsito e Defesa Civil.",Homologada
2025,21490,INEXIGIBILIDADE,46/2025,234,"A contratação o Serviço Social do Comércio  SESC/RS para, em parceria com o Município, realizar o evento 38ª Feira do Livro. Maiores detalhes podem ser consultados no Termo de Referência e demais documentos que integram o processo nº 30293/2025, de inexigibilidade de licitação, formulados pela Secretaria responsável, no presente processo, Secretaria Municipal de Educação e Cultura (SMEC)..",Homologada
2025,21388,PRD DISPENSA EXCETO PEQUENO VALOR,47/2025,139,"Aquisição de peças destinadas a restauração e manutenção corretiva da VTR 043, Marca: DRESSER, Modelo: 205 C, motor CUMMINS série C TURBO, ano de fabricação 1991, conforme laudo técnico nº 357/2025. A necessidade e a emergência da contratação estão justificadas no Termo de Referência e demais documentos emitidos no processo de dispensa emergencial, feito pela Secretaria Municipal de Agricultura e Infraestrutura  SMAI.",Homologada
2025,21428,PREGÃO LEI 14.133/21 ELETRÔNICO,47/2025,176,Registro de preços de materiais de expediente,Homologada
2025,21502,INEXIGIBILIDADE,47/2025,244,"A contratação do grupo de teatro Cia Teatral Acto. Maiores detalhes podem ser consultados no Termo de Referência e demais documentos que integram o processo nº 33674/2025, de inexigibilidade de licitação, formulados pela Secretaria responsável, no presente processo, Secretaria Municipal de Desenvolvimento Econômico, Turismo e Inovação (SMDETI).",Homologada
2025,21431,PREGÃO LEI 14.133/21 ELETRÔNICO,48/2025,179,Registro de preço para aquisição de massa asfáltica usinada a quente (CBUQ) com aplicação a frio e emulsão asfáltica.,Homologada
2025,21385,PRD DISPENSA EXCETO PEQUENO VALOR,48/2025,136,"Termo de Fomento nº 006/2025/CS com a finalidade de executar o Projeto ""emenda nº 202439200006"" visando executar o projeto de reforma e manutenção da instituição.",Homologada
2025,21505,INEXIGIBILIDADE,48/2025,247,Aquisição de licença permanente do sistema ZWCad.,Homologada
2025,21437,PREGÃO LEI 14.133/21 ELETRÔNICO,49/2025,185,Aquisição de materiais de construção destinados à doação às famílias encaminhadas através de estudo social dos respectivos Centros de Referências de Assistência Social no Município de São Borja/RS,Homologada
2025,21393,PRD DISPENSA EXCETO PEQUENO VALOR,49/2025,144,"Realização da Dispensa Emergencial de Licitação para consertar a Motobomba Branco  patrimônio 53.224, que foi utilizada na drenagem das áreas alagadas pelas chuvas. O fornecedor foi escolhido pelo menor preço apresentado entre os orçamentos cotados pela SMSMSTD, conferido pelo departamento de compras conforme laudo emitido. A base legal para contratação emergencial é o artigo 75, inciso VIII, da Lei Federal 14.133/2021, conforme parecer da consultoria jurídica nº 586/2025/LICITAÇÕES.",Homologada
2025,21507,INEXIGIBILIDADE,49/2025,249,"Contratação de empresa para realização de curso de capacitação no Poder Executivo de São Borja, sobre A Apresentação de Emendas Impositivas no Âmbito do Município. Maiores detalhes podem ser consultados no Termo de Referência e demais documentos que integram o processo nº 34783/2025, de inexigibilidade de licitação, formulados pela Consultoria Jurídica do município.",Homologada
2025,21394,PRD DISPENSA EXCETO PEQUENO VALOR,50/2025,145,"Realização da Dispensa Emergencial de Licitação para consertar a Motobomba Branco  patrimônio 53.226, que foi utilizada na drenagem das áreas alagadas pelas chuvas. O fornecedor foi escolhido pelo menor preço apresentado entre os orçamentos cotados pela SMSMSTD, conferido pelo departamento de compras conforme laudo emitido. A base legal para contratação emergencial é o artigo 75, inciso VIII, da Lei Federal 14.133/2021, conforme parecer da consultoria jurídica nº 587/2025/LICITAÇÕES.",Homologada
2025,21519,INEXIGIBILIDADE,50/2025,261,"Contratação de empresa visando acolhimento de pessoas com deficiência, a fim de atender a determinação judicial do processo nº 5000418-10.201.8.21.0030/RS, para transferência de acolhido que se encontra na Casa de Acolhida Municipal.",Homologada
2025,21441,PREGÃO LEI 14.133/21 ELETRÔNICO,50/2025,188,Registro de preços para a aquisição de cargas de oxigênio medicinal destinados aos pacientes usuários do SUS assistidos pela Secretaria Municipal de Saúde de São Borja,Homologada
2025,21523,INEXIGIBILIDADE,51/2025,265,"Contratação de empresa visando acolhimento de pessoas com deficiência, a fim de atender a determinação judicial do processo nº 5008734-26.2025.8.21.0030/RS, para acolhimento no LAR ACOLHER. Maiores detalhes podem ser consultados no Termo de Referência e demais documentos que integram o processo nº 35140/2025, de inexigibilidade de licitação, formulados pela Consultoria Jurídica do município.",Homologada
2025,21442,PREGÃO LEI 14.133/21 ELETRÔNICO,51/2025,189,Registro de preços para aquisição de tintas e materiais de pintura para a Prefeitura Municipal de São Borja,Homologada
2025,21392,PRD DISPENSA EXCETO PEQUENO VALOR,51/2025,143,Termo de Fomento nº 014/2025/CS,Homologada
2025,21395,PRD DISPENSA EXCETO PEQUENO VALOR,52/2025,146,"Realização da Dispensa Emergencial de Licitação para atender a situação das famílias atingidas pela chuva de granizo no munícipio de São Borja que decretou Situação de Emergência conforme Decreto Municipal nº 21.309 de 05 de junho de 2025. O fornecedor foi escolhido pelo menor preço apresentado entre os orçamentos cotados pela SMSMSTD, conferido pelo departamento de compras conforme laudo emitido. A base legal para contratação emergencial é o artigo 75, inciso VIII, da Lei Federal 14.133/2021, conforme parecer da consultoria jurídica nº 593/2025/LICITAÇÕES.",Homologada
2025,21443,PREGÃO LEI 14.133/21 ELETRÔNICO,52/2025,190,Registro de preço para a aquisição dos materiais médico-hospitalar e ambulatorial.,Homologada
2025,21524,INEXIGIBILIDADE,52/2025,266,"Contratação de serviço técnico especializado de natureza predominantemente intelectual para recuperação de créditos fiscais de alta complexidade. Maiores detalhes podem ser consultados no Termo de Referência e demais documentos que integram o processo nº 11549/2025, de inexigibilidade de licitação, formulados pela Consultoria Jurídica do município.",Homologada
2025,21396,PRD DISPENSA EXCETO PEQUENO VALOR,53/2025,147,"Aquisição de bobinas de lonas e de cordas necessárias para a Defesa Civil em cenários de desastres naturais causados por ventos, chuvas intensas e chuvas de granizo, conforme Requisição nº 126/2025. A prestação do serviço de atendimento à população em caráter emergencial é de responsabilidade da Secretaria Municipal de Serviços Urbanos, Meio Ambiente, Segurança, Trânsito e Defesa Civil  SMSMSTD, maiores detalhes podem ser encontrados no Termo de Referência e demais documentos do processo de contratação direta.",Homologada
2025,21444,PREGÃO LEI 14.133/21 ELETRÔNICO,53/2025,191,Registro de preço para aquisição de gêneros alimentícios não perecíveis.,Homologada
2025,21456,PREGÃO LEI 14.133/21 ELETRÔNICO,54/2025,202,Registro de preço para eventual e futura aquisição de equipamentos odontológicos.,Homologada
2025,21399,PRD DISPENSA EXCETO PEQUENO VALOR,54/2025,150,"Contratação de empresa especializada na prestação de serviços de sustentação, suporte técnico, configuraçãoes, parametrizações, capacitação e operação assistida, manutenção corretiva, adaptativa, cosmética localizada, retaguarda/disgnóstico e acerto em base/apuraçõs especiais de pequeno porte, gerantia de atuzalizações legais e tecnológicas, no sistema integrado de gestão pública e-cidade nas áreas de planejamento, financeiro, tributários, recursos humanos, patrimonial, educação e aplicações secundárias (portal de transparência, portal cidadão/portal do servidor, integração com a NFEs e GRM), sob licença GPL (general public license), dispnível no portal do software público brasileiro - SPB. /maiores detalhes podem ser consultados no Termo de Referência e demais documentos que integram o processo nº 21306/2025, de dispensa de licitação, formulados pela Secretaria responsável, no presente processo, a Secretaria Municipal de Desenvolvimento Econômico, Turismo e Inovação.",Homologada
2025,21412,PRD DISPENSA EXCETO PEQUENO VALOR,55/2025,161,"Aquisição de peças e serviços para manutenção da Motobomba Buffalo a gasolina, patrimônio n° 42.699, necessária para a Defesa Civil e para o município utilizar em cenários de alagamentos de residências e escolas devido as chuvas intensas; e também utilizada para abastecimento de água potável em períodos de crise hídrica. A necessidade e a emergência da contratação estão justificadas no Termo de Referência e demais documentos do processo de dispensa emergencial, feito pela Secretaria Municipal de Serviços Urbanos, Meio Ambiente, Segurança, Trânsito e Defesa Civil - SMSMSTD.",Homologada
2025,21463,PREGÃO LEI 14.133/21 ELETRÔNICO,55/2025,209,Aquisição de duas motocicletas adaptadas (motolâncias) para suporte de emergência junto ao SAMU.,Homologada
2025,21413,PRD DISPENSA EXCETO PEQUENO VALOR,56/2025,162,"Aquisição de peças e serviços para manutenção da Motobomba Branco Diesel, patrimônio n° 53.227. A necessidade e a emergência da contratação estão justificadas no Termo de Referência e demais documentos do processo de dispensa emergencial, feito pela Secretaria Municipal de Serviços Urbanos, Meio Ambiente, Segurança, Trânsito e Defesa Civil - SMSMSTD.",Homologada
2025,21468,PREGÃO LEI 14.133/21 ELETRÔNICO,56/2025,214,Aquisição de veículos para a Secretaria Municipal de Saúde de São Borja,Homologada
2025,21477,PREGÃO LEI 14.133/21 ELETRÔNICO,57/2025,223,Aquisição de parques infantis,Homologada
2025,21411,PRD DISPENSA EXCETO PEQUENO VALOR,57/2025,160,"Aquisição de peças e serviços para manutenção do Gerador Branco 6.500, patrimônio n° 26.172. A necessidade e a emergência da contratação estão justificadas no Termo de Referência e demais documentos do processo de dispensa emergencial, feito pela Secretaria Municipal de Serviços Urbanos, Meio Ambiente, Segurança, Trânsito e Defesa Civil - SMSMSTD.",Homologada
2025,21479,PREGÃO LEI 14.133/21 ELETRÔNICO,58/2025,225,"Registro de preços para aquisição de baterias novas, destinadas à manutenção de equipamentos motomecanizados e viaturas que compõem a frota municipal.",Homologada
2025,21408,PRD DISPENSA EXCETO PEQUENO VALOR,58/2025,157,"Aquisição de peças e serviços para manutenção da Motobomba Branco Diesel, patrimônio n° 55.112, necessária para a Defesa Civil e para o município utilizar em cenários de alagamentos de residências e escolas devido as chuvas intensas; e também utilizada para abastecimento de água potável em períodos de crise hídrica. A necessidade e a emergência da contratação estão justificadas no Termo de Referência e demais documentos do processo de dispensa emergencial feito pela Secretaria Municipal de Serviços Urbanos, Meio Ambiente, Segurança, Trânsito e Defesa Civil - SMSMSTD.",Homologada
2025,21410,PRD DISPENSA EXCETO PEQUENO VALOR,59/2025,159,"Aquisição de peças e serviço de mão de obra para conserto da viatura 345, Ambulância da Secretaria Municipal da Saúde, conforme laudo técnico nº 315/2025. A necessidade e a emergência da contratação estão justificadas no Termo de Referência e demais documentos emitidos pela SMS. Outros detalhes podem ser consultados no processo de dispensa emergencial de licitação.",Homologada
2025,21482,PREGÃO LEI 14.133/21 ELETRÔNICO,59/2025,228,Registro de preços para aquisição de mobiliários para serem utilizados em todas as Secretarias e Unidades pertencentes a Prefeitura Municipal de São Borja,Homologada
2025,21485,PREGÃO LEI 14.133/21 ELETRÔNICO,60/2025,231,Aquisição de equipamentos hospitalares e ambulatoriais.,Homologada
2025,21409,PRD DISPENSA EXCETO PEQUENO VALOR,60/2025,158,"O presente tem por objetivo instruir o procedimento de contratação direta, na modalidade de dispensa de licitação, para Contratação de Instituição Privada de assistência social, sem fins lucrativos, Sesc - Serviço Social do Comércio, para realização do Acampamento Farroupilha na Capital Gaúcha do Fandango, em conjunto com o Executivo Municipal, com apresentações artisticas, culturais e musicais, em formato presencial, de acordo com o Documento de Formalização de Demanda Estudo Técnico Preliminar e Presquisa de Preço.",Homologada
2025,21487,PREGÃO LEI 14.133/21 ELETRÔNICO,61/2025,233,"Registro de preços para a aquisição de óleos, lubrificantes e graxas para a frota de veículos da Prefeitura Municipal de São Borja",Homologada
2025,21414,PRD DISPENSA EXCETO PEQUENO VALOR,61/2025,163,"Contratação da empresa Rafhaela Beuno de Lourenço, Instituição de longa permanência para idosos, considerando a determinação judicial do processo nº 5001843-86.2025.8.21.0030/RS que determina que o Município de São Borja providencie acolhimento para idoso no prazo de 48 horas. A necessidade e a emergência da contratação estão justificadas no Termo de Referência e demais documentos do processo de dispensa emergencial, feito pela Secretaria Municipal de Desenvolvimento Social  SMDS.",Homologada
2025,21418,PRD DISPENSA EXCETO PEQUENO VALOR,62/2025,167,Chamamento público para a seleção de Organizações da Sociedade Civil sediadas e em funcionamento no municipio de São Borja para celebração de termo de colaboração para em regime de mútua colaboração a consecução de finalidades de interese público e recíproco mediante a execução de construção de uma sede no terreno do Grupo Comandos de Defesa da Natureza.,Homologada
2025,21492,PREGÃO LEI 14.133/21 ELETRÔNICO,62/2025,236,"Registro de preços para aquisição de insumos de reação, materiais de procedimentos, utensílios de rotina e equipamentos necessários para manutenção e adequação dos serviços do Laboratório de Fronteira de São Borja",Homologada
2025,21497,PREGÃO LEI 14.133/21 ELETRÔNICO,63/2025,239,"Contratação de empresa especializada para a prestação de serviço contínuo de transporte escolar, destinado ao atendimento das demandas da Prefeitura Municipal de São Borja.",Homologada
2025,21419,PRD DISPENSA EXCETO PEQUENO VALOR,63/2025,168,"Objeto dese Termo de Fomento é o desenvolvimento, pelos partícipes, com a finalidade de executar o projeto "" Castração Animal"".",Homologada
2025,21498,PREGÃO LEI 14.133/21 ELETRÔNICO,64/2025,240,Registro de preços para a aquisição de fraldas descartáveis geriátricas,Homologada
2025,21423,PRD DISPENSA EXCETO PEQUENO VALOR,64/2025,172,"Aquisição de material para uso das motobombas de patrimônios nº 42.699, 53.224, 53.225, 53.226 e 55.112. A necessidade e a emergência da contratação estão justificadas no Termo de Referência e demais documentos do processo de dispensa emergencial, feito pela Secretaria Municipal de Serviços Urbanos, Meio Ambiente, Segurança, Trânsito e Defesa Civil - SMSMSTD.",Homologada
2025,21420,PRD DISPENSA EXCETO PEQUENO VALOR,65/2025,169,"Aquisição de Massa Asfáltica usinada a quente (CBUQ) com aplicação a frio e Emulsão Asfáltica a serem utilizados em operação tapa buraco das vias públicas. A necessidade e a emergência da contratação estão justificadas no Termo de Referência e demais documentos emitidos no processo de dispensa emergencial, feito pela Secretaria Municipal de Agricultura e Infraestrutura  SMAI.",Homologada
2025,21499,PREGÃO LEI 14.133/21 ELETRÔNICO,65/2025,241,"Contratação de empresa especializada para a prestação de serviço contínuo de transporte escolar, destinado ao atendimento das demandas da Prefeitura Municipal de São Borja (linha cidade 3).",Homologada
2025,21500,PREGÃO LEI 14.133/21 ELETRÔNICO,66/2025,242,Aquisição de equipamentos de tecnologia e informática.,Homologada
2025,21421,PRD DISPENSA EXCETO PEQUENO VALOR,66/2025,170,"Aquisição de peças destinadas a restauração e manutenção corretiva da VTR 043, Marca: DRESSER, Modelo: 205 C, motor CUMMINS série C TURBO, ano de fabricação 1991, conforme laudo técnico nº 163/2025. A necessidade e a emergência da contratação estão justificadas no Termo de Referência e demais documentos emitidos no processo de dispensa emergencial, feito pela Secretaria Municipal de Agricultura e Infraestrutura  SMAI.",Homologada
2025,21425,PRD DISPENSA EXCETO PEQUENO VALOR,67/2025,174,"Aquisição de 180 (cento e oitenta) unidades de complementos alimentares (cestas básicas), embaladas em sacos de capa de fardo não reciclado, medindo 50 x 80, capacidade mínima de 30kg, para as famílias atingidas pelas chuvas intensas conforme decreto de situação emergencial nº 21.296/25. A necessidade e a emergência da contratação estão justificadas no Termo de Referência e demais documentos que compõem o processo de dispensa emergencial, feito pela Secretaria Municipal de Serviços Urbanos, Meio Ambiente, Segurança, Trânsito e Defesa Civil - SMSMSTD.",Homologada
2025,21501,PREGÃO LEI 14.133/21 ELETRÔNICO,67/2025,243,Aquisição de eletroeletrônicos,Homologada
2025,21503,PREGÃO LEI 14.133/21 ELETRÔNICO,68/2025,245,Contratação de empresa especializada para prestação de serviço de pesagem de caminhões utilizados na coleta de Resíduos Sólidos Urbanos (RSU) no município de São Borja,Deserta
2025,21432,PRD DISPENSA EXCETO PEQUENO VALOR,68/2025,180,"Aquisição de peças destinadas a restauração e manutenção mecânica do MICRO-ÔNIBUS IVECO/CITYCLASS 70C16, Ano 2010/2011, VTR 193, conforme laudo técnico nº 380/2025. A necessidade e a emergência da contratação estão justificadas no Termo de Referência e demais documentos emitidos pela Secretaria Municipal da Educação e Cultura. Outros detalhes podem ser consultados no processo de dispensa emergencial de licitação.",Homologada
2025,21506,PREGÃO LEI 14.133/21 ELETRÔNICO,69/2025,248,Registro de preço para aquisição de medicamentos para usuários do Sistema Único de Saúde (SUS).,Homologada
2025,21433,PRD DISPENSA EXCETO PEQUENO VALOR,69/2025,181,"Aquisição de peças destinadas a restauração e manutenção mecânica do MICRO-ÔNIBUS MARCOPOLO/VOLARE V8LEM, Ano 2012/2013, VTR 210, conforme laudo técnico nº 388/2025. A necessidade e a emergência da contratação estão justificadas no Termo de Referência e demais documentos emitidos pela Secretaria Municipal da Educação e Cultura. Outros detalhes podem ser consultados no processo de dispensa emergencial de licitação.",Homologada
2025,21430,PRD DISPENSA EXCETO PEQUENO VALOR,70/2025,178,"Aquisição de peças e serviço de mão de obra para conserto da viatura 274, Ambulância da Secretaria Municipal da Saúde, conforme laudo técnico nº 484/2025. A necessidade e a emergência da contratação estão justificadas no Termo de Referência e demais documentos emitidos pela SMS. Outros detalhes podem ser consultados no processo de dispensa emergencial de licitação.",Homologada
2025,21515,PREGÃO LEI 14.133/21 ELETRÔNICO,70/2025,257,Aquisição de mobiliário e equipamentos destinados à Escola Municipal de Educação Infantil Dr. Percival dos Santos.,Homologada
2025,21434,PRD DISPENSA EXCETO PEQUENO VALOR,71/2025,182,Contratação de empresa para prestação do serviço de transporte escolar rural de alunos do interior do município. A necessidade e a emergência da contratação estão justificadas no Termo de Referência e demais documentos emitidos pela Secretaria Municipal da Educação e Cultura. Outros detalhes podem ser consultados no processo de dispensa emergencial de licitação.,Homologada
2025,21516,PREGÃO LEI 14.133/21 ELETRÔNICO,71/2025,258,"Aquisição de materiais de cozinha, cama, mesa, banho e utensílios domésticos destinados a atender as necessidades das Escolas Municipais de Educação Infantil (EMEIs) e Escolas Municipais de Ensino Fundamental (EMEFs) de São Borja",Homologada
2025,21435,PRD DISPENSA EXCETO PEQUENO VALOR,72/2025,183,"Aquisição de Massa Asfáltica usinada a quente (CBUQ) com aplicação a frio e Emulsão Asfáltica a serem utilizados em operação tapa buraco das vias públicas. A necessidade e a emergência da contratação estão justificadas no Termo de Referência e demais documentos emitidos no processo de dispensa emergencial, feito pela Secretaria Municipal de Agricultura e Infraestrutura  SMAI.",Homologada
2025,21520,PREGÃO LEI 14.133/21 ELETRÔNICO,73/2025,262,Aquisição de equipamentos e materiais destinados às Escolas Municipais de Educação Infantil.,Homologada
2025,21447,PRD DISPENSA EXCETO PEQUENO VALOR,73/2025,194,"Contratação de empresa para execução das obras de reforma da Casa da Acolhida. A necessidade e a emergência da contratação estão justificadas no Termo de Referência e demais documentos emitidos no processo de dispensa emergencial, feito pela Secretaria Municipal do Desenvolvimento Social.",Homologada
2025,21521,PREGÃO LEI 14.133/21 ELETRÔNICO,74/2025,263,"Registro de preços para aquisição de peças automotivas para a manutenção mecânica dos micro-ônibus MARCOPOLO/VOLARE, viaturas do Departamento de Transporte Escolar da Secretaria Municipal de Educação e Cultura  SMEC.",Homologada
2025,21448,PRD DISPENSA EXCETO PEQUENO VALOR,74/2025,195,"Aquisição de peças destinadas a restauração e manutenção corretiva da VTR 332, Rolo Compactador XCMG - X2123PDBR, conforme laudo técnico nº 509/2025. A necessidade e a emergência da contratação estão justificadas no Termo de Referência e demais documentos emitidos no processo de dispensa emergencial, feito pela Secretaria Municipal de Agricultura e Infraestrutura  SMAI.",Homologada
2025,21450,PRD DISPENSA EXCETO PEQUENO VALOR,75/2025,196,"Aquisição de peças destinadas a restauração e manutenção corretiva da VTR 244, Rolo Compactador Muller VAP 70, conforme laudo técnico nº 478/2025. A necessidade e a emergência da contratação estão justificadas no Termo de Referência e demais documentos emitidos no processo de dispensa emergencial, feito pela Secretaria Municipal de Agricultura e Infraestrutura  SMAI.",Homologada
2025,21525,PREGÃO LEI 14.133/21 ELETRÔNICO,75/2025,267,"Aquisição e instalação de equipamentos externos de ginástica para compor uma academia ao ar livre junto à Estratégia de Saúde da Família (ESF) 11, localizada na Vila Jaguari.",Em Andamento
2025,21451,PRD DISPENSA EXCETO PEQUENO VALOR,76/2025,197,"Contratação de Instituição de Longa Permanência para Idoso - ILPI. A necessidade e a emergência da contratação estão justificadas no Termo de Referência e demais documentos emitidos no processo de dispensa emergencial, feito pela Secretaria Municipal do Desenvolvimento Social.",Homologada
2025,21458,PRD DISPENSA EXCETO PEQUENO VALOR,77/2025,204,"Aquisição de materiais para a instalação de caixa dágua na localidade de Nhu-Porã. A necessidade e a emergência da contratação estão justificadas no Termo de Referência e demais documentos emitidos no processo de dispensa emergencial, feito pela Secretaria Municipal de Agricultura e Infraestrutura  SMAI.",Homologada
2025,21457,PRD DISPENSA EXCETO PEQUENO VALOR,78/2025,203,"Aquisição de telhas de fibrocimento. A necessidade e a emergência da contratação estão justificadas no Termo de Referência e demais documentos que compõem o processo de dispensa emergencial, feito pela Secretaria Municipal de Serviços Urbanos, Meio Ambiente, Segurança, Trânsito e Defesa Civil - SMSMSTD.",Homologada
2025,21464,PRD DISPENSA EXCETO PEQUENO VALOR,79/2025,210,"Aquisição de peças destinadas a restauração e manutenção mecânica do ÔNIBUS MERCEDES BENZ/ OF 1519, ano/modelo 2013 VTR 217, conforme laudo técnico nº 524/2025. A necessidade e a emergência da contratação estão justificadas no Termo de Referência e demais documentos emitidos pela Secretaria Municipal da Educação e Cultura. Outros detalhes podem ser consultados no processo de dispensa emergencial de licitação.",Homologada
2025,21452,PRD DISPENSA EXCETO PEQUENO VALOR,80/2025,198,"Contratação de empresa para a disponibilização do serviço de telefonia VOIP Voz sobre IP. Maiores detalhes podem ser consultados no Termo de Referência e demais documentos que integram o processo nº 21306/2025, de dispensa de licitação, formulados pela Secretaria responsável, no presente processo, a Secretaria Municipal de Desenvolvimento Econômico, Turismo e Inovação.",Homologada
2025,21474,PRD DISPENSA EXCETO PEQUENO VALOR,81/2025,220,"Aquisição de peças e serviço de mão de obra para conserto da viatura 290, Van do Centro Especializado em Reabilitação (CER) , conforme laudo técnico nº 559/2025. A necessidade e a emergência da contratação estão justificadas no Termo de Referência e demais documentos emitidos pela SMS. Outros detalhes podem ser consultados no processo de dispensa emergencial de licitação.",Homologada
2025,21465,PRD DISPENSA EXCETO PEQUENO VALOR,82/2025,211,"Aquisição de peças destinadas a restauração e manutenção corretiva da VTR 246, Escavadeira New Holland, conforme laudo técnico nº 495/2025. A necessidade e a emergência da contratação estão justificadas no Termo de Referência e demais documentos emitidos no processo de dispensa emergencial, feito pela Secretaria Municipal de Agricultura e Infraestrutura  SMAI.",Homologada
2025,21469,PRD DISPENSA EXCETO PEQUENO VALOR,83/2025,215,"Aquisição de peças destinadas a restauração e manutenção mecânica do Caminhão Ford, Modelo Cargo 2429S, Ano 2015, VTR 250, conforme laudo técnico nº 511/2025. A necessidade e a emergência da contratação estão justificadas no Termo de Referência e demais documentos emitidos pela Secretaria Municipal de Serviços Urbanos, Meio Ambiente, Segurança, Trânsito e Defesa Civil - SMSMSTD. Outros detalhes podem ser consultados no processo de dispensa emergencial de licitação",Homologada
2025,21467,PRD DISPENSA EXCETO PEQUENO VALOR,84/2025,213,"Empenho destinado à execução do Termo de Fomento celebrado entre o Municipio de São Borja e a Fundação Ivan Goulart visando a cooperação mútua para repasse de incentivo financeiro ao Programa de Residência Médica, conforme Plano de Trabalho e Ofício da insituição.",Homologada
2025,21486,PRD DISPENSA EXCETO PEQUENO VALOR,85/2025,232,Aquisição de materiais elétricos para reformada da EMEFCM Duque de Caxias. A necessidade e a emergência da contratação estão justificadas no Termo de Referência e demais documentos emitidos pela Secretaria Municipal da Educação e Cultura. Outros detalhes podem ser consultados no processo de dispensa emergencial de licitação,Homologada
2025,21481,PRD DISPENSA EXCETO PEQUENO VALOR,86/2025,227,"Contratação do serviço de rebobinagem de motor de bomba dágua. A necessidade e a emergência da contratação estão justificadas no Termo de Referência e demais documentos emitidos no processo de dispensa emergencial, feito pela Secretaria Municipal de Agricultura e Infraestrutura  SMAI.",Homologada
2025,21473,PRD DISPENSA EXCETO PEQUENO VALOR,87/2025,219,"Contratação do serviço de manutenção da motoniveladora de propriedade do Município. A necessidade e a emergência da contratação estão justificadas no Termo de Referência e demais documentos emitidos no processo de dispensa emergencial, feito pela Secretaria Municipal de Agricultura e Infraestrutura  SMAI.",Homologada
2025,21478,PRD DISPENSA EXCETO PEQUENO VALOR,88/2025,224,"Aquisição de peças destinadas a restauração e manutenção mecânica do Micro-ônibus Marcopolo/Volare V8L, VTR 177, conforme laudo técnico nº 550/2025. A necessidade e a emergência da contratação estão justificadas no Termo de Referência e demais documentos emitidos pela Secretaria Municipal de Educação e Cultura. Outros detalhes podem ser consultados no processo de dispensa emergencial de licitação",Homologada
2025,21484,PRD DISPENSA EXCETO PEQUENO VALOR,89/2025,230,"Aquisição de 140 (cento e quarenta) unidades de complementos alimentares (cestas básicas), embaladas em sacos de capa de fardo não reciclado, medindo 50 x 80, capacidade mínima de 30kg, para as famílias atingidas pelas chuvas intensas conforme decreto de situação emergencial nº 21.333/25. A necessidade e a emergência da contratação estão justificadas no Termo de Referência e demais documentos que compõem o processo de dispensa emergencial, feito pela Secretaria Municipal de Serviços Urbanos, Meio Ambiente, Segurança, Trânsito e Defesa Civil - SMSMSTD.",Homologada
2025,21483,PRD DISPENSA EXCETO PEQUENO VALOR,90/2025,229,"Aquisição de peças destinadas a restauração e manutenção corretiva da VTR 246, Escavadeira New Holland, conforme laudo técnico nº 599/2025. A necessidade e a emergência da contratação estão justificadas no Termo de Referência e demais documentos emitidos no processo de dispensa emergencial, feito pela Secretaria Municipal de Agricultura e Infraestrutura  SMAI.",Homologada
2025,21494,PRD DISPENSA EXCETO PEQUENO VALOR,91/2025,237,"Aquisição de peças e a contratação do serviço para manutenção do COMPACTADOR DE SOLO  Patrimônio 33274. A necessidade e a emergência da contratação estão justificadas no Termo de Referência e demais documentos do processo de dispensa emergencial, feito pela  Secretaria Municipal de Agricultura e Infraestrutura  SMAI",Homologada
2025,21496,PRD DISPENSA EXCETO PEQUENO VALOR,92/2025,238,"Aquisição de peças destinadas a restauração e manutenção mecânica do ÔNIBUS VW 15.190, Veículo do Trasporte Escolar - VTR 329, conforme laudo técnico nº  602/2025. A necessidade e a emergência da contratação estão justificadas no Termo de Referência e demais documentos emitidos pela Secretaria Municipal da Educação e Cultura. Outros detalhes podem ser consultados no processo de dispensa emergencial de licitação.",Homologada
2025,21504,PRD DISPENSA EXCETO PEQUENO VALOR,93/2025,246,Aquisição de fraldas descartáveis geriátricas. A necessidade e a emergência da contratação estão justificadas no Termo de Referência e demais documentos emitidos pela SMS. Outros detalhes podem ser consultados no processo de dispensa emergencial de licitação.,Homologada
2025,21513,PRD DISPENSA EXCETO PEQUENO VALOR,94/2025,255,"Aqusição de peças e contratação do serviço para manutenção da placa compactadora toyama 6.5 hp - patrimonio 49464. A necessidade e a emergencia da contratação estão justificadas no  termo de referencia e demais documentos do processo de dispensa emergencial, feito pela secretaria municipal de agricultura e infraestrutura SMAI",Homologada
2025,21514,PRD DISPENSA EXCETO PEQUENO VALOR,95/2025,256,Aquisição de peças e contratação de serviço para manutenção do cortador de piso patrimonio 53991. A necessidade e a emergencia da contratação estão justificadas no termo de referencia e demais decumentos do processo de dispensa emergencial feito pela secretaria municipal de agricultura e infraestrutura SMAI.,Homologada
2025,21508,PRD DISPENSA EXCETO PEQUENO VALOR,96/2025,250,"Aquisição de peças destinadas a restauração e manutenção mecânica do ÔNIBUS VW /15. 190 EOD E. HD. ORE 2011/2011 VTR 191, conforme laudo técnico nº 022/2025. A necessidade e a emergência da contratação estão justificadas no Termo de Referência e demais documentos emitidos pela Secretaria Municipal da Educação e Cultura. Outros detalhes podem ser consultados no processo de dispensa emergencial de licitação.",Homologada
2025,21509,PRD DISPENSA EXCETO PEQUENO VALOR,97/2025,251,"Aquisição e instalação, em caráter EMERGENCIAL, de vidros nas escolas municipais. A necessidade e a emergência da contratação estão justificadas no Termo de Referência e demais documentos emitidos pela Secretaria Municipal da Educação e Cultura. Outros detalhes podem ser consultados no processo de dispensa emergencial de licitação.",Homologada
2025,21510,PRD DISPENSA EXCETO PEQUENO VALOR,98/2025,252,"Aquisição e instalação, em caráter EMERGENCIAL, de vidros nas escolas municipais. A necessidade e a emergência da contratação estão justificadas no Termo de Referência e demais documentos emitidos pela Secretaria Municipal da Educação e Cultura. Outros detalhes podem ser consultados no processo de dispensa emergencial de licitação.",Homologada
2025,21511,PRD DISPENSA EXCETO PEQUENO VALOR,99/2025,253,"Aquisição de peças em carater emergencial para restauração de caçambas. A necessidade e a emergencia da contratação estão justificadas no termo de referencia e demais documentos do processo de dispensa emergencial, feito pela secretaria municipal de agricultura e infraestrutura SMAI",Homologada
2025,21512,PRD DISPENSA EXCETO PEQUENO VALOR,100/2025,254,"Aquisição de peças e serviço de manutenção para restauração da VTR 339. A necessidade e a emergência da contratação estão justificadas no Termo de Referência e demais documentos do processo de dispensa emergencial, feito pela Secretaria Municipal de Agricultura e Infraestrutura  SMAI.",Homologada
2025,21518,PRD DISPENSA EXCETO PEQUENO VALOR,103/2025,260,"Aquisição de peças e serviço de mão de obra para conserto da viatura 290, Van do Centro Especializado em Reabilitação (CER) , conforme laudo técnico nº 559/2025. A necessidade e a emergência da contratação estão justificadas no Termo de Referência e demais documentos emitidos pela SMS. Outros detalhes podem ser consultados no processo de dispensa emergencial de licitação.",Homologada
2025,21526,PRD DISPENSA EXCETO PEQUENO VALOR,104/2025,268,"Aquisição de peças destinadas a restauração e manutenção mecânica do MICRO-ÔNIBUS MARCOPOLO/VOLARE V8L ESC, ano/modelo 2010/2010, VTR 178, conforme laudo técnico nº 629/2025. A necessidade e a emergência da contratação estão justificadas no Termo de Referência e demais documentos emitidos pela Secretaria Municipal da Educação e Cultura. Outros detalhes podem ser consultados no processo de dispensa emergencial de licitação",Homologada
