_annex_requested,_exercise,_keyword_hits,anexo,cod_conta,cod_ibge,coluna,conta,exercicio,instituicao,populacao,rotulo,uf,valor
DCA-Anexo I-C,2019,FUNDEB,DCA-Anexo I-C,ReceitasExcetoIntraOrcamentarias,4318002,Deduções - FUNDEB,RECEITAS (EXCETO INTRA-ORÇAMENTÁRIAS) (I),2019,Prefeitura Municipal de São Borja - RS,60557,Padrão,RS,17685826.44
DCA-Anexo I-C,2019,FUNDEB,DCA-Anexo I-C,RO1.0.0.0.00.0.0,4318002,Deduções - FUNDEB,1.0.0.0.00.0.0 - Receitas Correntes,2019,Prefeitura Municipal de São Borja - RS,60557,Padrão,RS,17685826.44
DCA-Anexo I-C,2019,JUROS,DCA-Anexo I-C,RO1.3.2.1.00.0.0,4318002,Receitas Brutas Realizadas,1.3.2.1.00.0.0 - Juros e Correções Monetárias,2019,Prefeitura Municipal de São Borja - RS,60557,Padrão,RS,12957804.58
DCA-Anexo I-C,2019,PREVID,DCA-Anexo I-C,RO1.3.2.1.00.4.0,4318002,Receitas Brutas Realizadas,1.3.2.1.00.4.0 - Remuneração dos Recursos do Regime Próprio de Previdência Social - RPPS,2019,Prefeitura Municipal de São Borja - RS,60557,Padrão,RS,12449606.02
DCA-Anexo I-C,2019,JUROS,DCA-Anexo I-C,RO1.3.2.1.00.5.0,4318002,Receitas Brutas Realizadas,1.3.2.1.00.5.0 - Juros de Títulos de Renda,2019,Prefeitura Municipal de São Borja - RS,60557,Padrão,RS,204226.39
DCA-Anexo I-C,2019,TRANSFERENCIAS CORRENTES,DCA-Anexo I-C,RO1.7.0.0.00.0.0,4318002,Receitas Brutas Realizadas,1.7.0.0.00.0.0 - Transferências Correntes,2019,Prefeitura Municipal de São Borja - RS,60557,Padrão,RS,160074494.3
DCA-Anexo I-C,2019,FUNDEB|TRANSFERENCIAS CORRENTES,DCA-Anexo I-C,RO1.7.0.0.00.0.0,4318002,Deduções - FUNDEB,1.7.0.0.00.0.0 - Transferências Correntes,2019,Prefeitura Municipal de São Borja - RS,60557,Padrão,RS,17685826.44
DCA-Anexo I-C,2019,TRANSFERENCIAS CORRENTES,DCA-Anexo I-C,RO1.7.0.0.00.0.0,4318002,Outras Deduções da Receita,1.7.0.0.00.0.0 - Transferências Correntes,2019,Prefeitura Municipal de São Borja - RS,60557,Padrão,RS,155.69
DCA-Anexo I-C,2019,FUNDEB,DCA-Anexo I-C,RO1.7.1.0.00.0.0,4318002,Deduções - FUNDEB,1.7.1.0.00.0.0 - Transferências da União e de suas Entidades,2019,Prefeitura Municipal de São Borja - RS,60557,Padrão,RS,7095806.32
DCA-Anexo I-C,2019,FUNDEB,DCA-Anexo I-C,RO1.7.1.8.00.0.0,4318002,Deduções - FUNDEB,"1.7.1.8.00.0.0 Transferências da União - Específicas de Estados, DF e Municípios",2019,Prefeitura Municipal de São Borja - RS,60557,Padrão,RS,7095806.32
DCA-Anexo I-C,2019,FUNDEB,DCA-Anexo I-C,RO1.7.1.8.01.0.0,4318002,Deduções - FUNDEB,1.7.1.8.01.0.0 Participação na Receita da União,2019,Prefeitura Municipal de São Borja - RS,60557,Padrão,RS,7095806.32
DCA-Anexo I-C,2019,FUNDO DE PARTICIPACAO DOS MUNICIPIOS,DCA-Anexo I-C,RO1.7.1.8.01.2.0,4318002,Receitas Brutas Realizadas,1.7.1.8.01.2.0 Cota-Parte do Fundo de Participação dos Municípios - Cota Mensal,2019,Prefeitura Municipal de São Borja - RS,60557,Padrão,RS,32148530.05
DCA-Anexo I-C,2019,FUNDEB|FUNDO DE PARTICIPACAO DOS MUNICIPIOS,DCA-Anexo I-C,RO1.7.1.8.01.2.0,4318002,Deduções - FUNDEB,1.7.1.8.01.2.0 Cota-Parte do Fundo de Participação dos Municípios - Cota Mensal,2019,Prefeitura Municipal de São Borja - RS,60557,Padrão,RS,6429705.69
DCA-Anexo I-C,2019,FUNDO DE PARTICIPACAO DOS MUNICIPIOS,DCA-Anexo I-C,RO1.7.1.8.01.4.0,4318002,Receitas Brutas Realizadas,1.7.1.8.01.4.0 Cota-Parte do Fundo de Participação dos Municípios - 1% Cota entregue no mês de julho,2019,Prefeitura Municipal de São Borja - RS,60557,Padrão,RS,1366357.02
DCA-Anexo I-C,2019,FUNDEB,DCA-Anexo I-C,RO1.7.1.8.01.5.0,4318002,Deduções - FUNDEB,1.7.1.8.01.5.0 Cota-Parte do Imposto Sobre a Propriedade Territorial Rural,2019,Prefeitura Municipal de São Borja - RS,60557,Padrão,RS,666100.63
DCA-Anexo I-C,2019,INVESTIMENT,DCA-Anexo I-C,RO1.7.1.8.04.0.0,4318002,Receitas Brutas Realizadas,1.7.1.8.04.0.0 Transferências de Recursos do Sistema Único de Saúde ¿ SUS - Bloco Investimentos na Rede de Serviços Públicos de Saúde,2019,Prefeitura Municipal de São Borja - RS,60557,Padrão,RS,108000
DCA-Anexo I-C,2019,FUNDEB,DCA-Anexo I-C,RO1.7.2.0.00.0.0,4318002,Deduções - FUNDEB,1.7.2.0.00.0.0 - Transferências dos Estados e do Distrito Federal e de suas Entidades,2019,Prefeitura Municipal de São Borja - RS,60557,Padrão,RS,10590020.12
DCA-Anexo I-C,2019,FUNDEB,DCA-Anexo I-C,RO1.7.2.8.00.0.0,4318002,Deduções - FUNDEB,"1.7.2.8.00.0.0 Transferências dos Estados - Específicas de Estados, DF e Municípios",2019,Prefeitura Municipal de São Borja - RS,60557,Padrão,RS,10590020.12
DCA-Anexo I-C,2019,FUNDEB,DCA-Anexo I-C,RO1.7.2.8.01.0.0,4318002,Deduções - FUNDEB,1.7.2.8.01.0.0 Participação na Receita dos Estados,2019,Prefeitura Municipal de São Borja - RS,60557,Padrão,RS,10590020.12
DCA-Anexo I-C,2019,ICMS,DCA-Anexo I-C,RO1.7.2.8.01.1.0,4318002,Receitas Brutas Realizadas,1.7.2.8.01.1.0 Cota-Parte do ICMS,2019,Prefeitura Municipal de São Borja - RS,60557,Padrão,RS,45216301.6
DCA-Anexo I-C,2019,FUNDEB|ICMS,DCA-Anexo I-C,RO1.7.2.8.01.1.0,4318002,Deduções - FUNDEB,1.7.2.8.01.1.0 Cota-Parte do ICMS,2019,Prefeitura Municipal de São Borja - RS,60557,Padrão,RS,9043260.16
DCA-Anexo I-C,2019,IPVA,DCA-Anexo I-C,RO1.7.2.8.01.2.0,4318002,Receitas Brutas Realizadas,1.7.2.8.01.2.0 Cota-Parte do IPVA,2019,Prefeitura Municipal de São Borja - RS,60557,Padrão,RS,7139587.64
DCA-Anexo I-C,2019,FUNDEB|IPVA,DCA-Anexo I-C,RO1.7.2.8.01.2.0,4318002,Deduções - FUNDEB,1.7.2.8.01.2.0 Cota-Parte do IPVA,2019,Prefeitura Municipal de São Borja - RS,60557,Padrão,RS,1412774.39
DCA-Anexo I-C,2019,FUNDEB,DCA-Anexo I-C,RO1.7.2.8.01.3.0,4318002,Deduções - FUNDEB,1.7.2.8.01.3.0 Cota-Parte do IPI - Municípios,2019,Prefeitura Municipal de São Borja - RS,60557,Padrão,RS,133985.57
DCA-Anexo I-C,2019,FUNDEB,DCA-Anexo I-C,RO1.7.5.8.01.0.0,4318002,Receitas Brutas Realizadas,1.7.5.8.01.0.0 Transferências de Recursos do Fundo de Manutenção e Desenvolvimento da Educação Básica e de Valorização dos Profissionais da Educação ¿ FUNDEB,2019,Prefeitura Municipal de São Borja - RS,60557,Padrão,RS,26524660.31
DCA-Anexo I-C,2019,PREVID,DCA-Anexo I-C,RO1.9.9.0.03.0.0,4318002,Receitas Brutas Realizadas,1.9.9.0.03.0.0 - Compensações Financeiras entre o Regime Geral e os Regimes Próprios de Previdência dos Servidores,2019,Prefeitura Municipal de São Borja - RS,60557,Padrão,RS,1140113.06
DCA-Anexo I-C,2019,DIVIDA,DCA-Anexo I-C,RO1.9.9.0.12.0.0,4318002,Receitas Brutas Realizadas,1.9.9.0.12.0.0 - Encargos Legais pela Inscrição em Dívida Ativa e Receitas de Ônus de Sucumbência,2019,Prefeitura Municipal de São Borja - RS,60557,Padrão,RS,1689.98
DCA-Anexo I-C,2019,FUNDEB,DCA-Anexo I-C,TotalReceitas,4318002,Deduções - FUNDEB,TOTAL DAS RECEITAS (III) = (I + II),2019,Prefeitura Municipal de São Borja - RS,60557,Padrão,RS,17685826.44
DCA-Anexo I-D,2019,DESPESA,DCA-Anexo I-D,TotalDespesas,4318002,Despesas Empenhadas,Total Geral da Despesa,2019,Prefeitura Municipal de São Borja - RS,60557,Padrão,RS,204284306.08
DCA-Anexo I-D,2019,DESPESA,DCA-Anexo I-D,TotalDespesas,4318002,Despesas Liquidadas,Total Geral da Despesa,2019,Prefeitura Municipal de São Borja - RS,60557,Padrão,RS,197928020.66
DCA-Anexo I-D,2019,DESPESA,DCA-Anexo I-D,TotalDespesas,4318002,Despesas Pagas,Total Geral da Despesa,2019,Prefeitura Municipal de São Borja - RS,60557,Padrão,RS,191651936.23
DCA-Anexo I-D,2019,DESPESA,DCA-Anexo I-D,TotalDespesas,4318002,Inscrição de Restos a Pagar Não Processados,Total Geral da Despesa,2019,Prefeitura Municipal de São Borja - RS,60557,Padrão,RS,6356285.42
DCA-Anexo I-D,2019,DESPESA,DCA-Anexo I-D,TotalDespesas,4318002,Inscrição de Restos a Pagar Processados,Total Geral da Despesa,2019,Prefeitura Municipal de São Borja - RS,60557,Padrão,RS,6276084.43
DCA-Anexo I-D,2019,DESPESA,DCA-Anexo I-D,DO3.0.00.00.00.00,4318002,Despesas Empenhadas,3.0.00.00.00 - Despesas Correntes,2019,Prefeitura Municipal de São Borja - RS,60557,Padrão,RS,186826903.6
DCA-Anexo I-D,2019,DESPESA,DCA-Anexo I-D,DO3.0.00.00.00.00,4318002,Despesas Liquidadas,3.0.00.00.00 - Despesas Correntes,2019,Prefeitura Municipal de São Borja - RS,60557,Padrão,RS,183843846.33
DCA-Anexo I-D,2019,DESPESA,DCA-Anexo I-D,DO3.0.00.00.00.00,4318002,Despesas Pagas,3.0.00.00.00 - Despesas Correntes,2019,Prefeitura Municipal de São Borja - RS,60557,Padrão,RS,177769438.51
DCA-Anexo I-D,2019,DESPESA,DCA-Anexo I-D,DO3.0.00.00.00.00,4318002,Inscrição de Restos a Pagar Não Processados,3.0.00.00.00 - Despesas Correntes,2019,Prefeitura Municipal de São Borja - RS,60557,Padrão,RS,2983057.27
DCA-Anexo I-D,2019,DESPESA,DCA-Anexo I-D,DO3.0.00.00.00.00,4318002,Inscrição de Restos a Pagar Processados,3.0.00.00.00 - Despesas Correntes,2019,Prefeitura Municipal de São Borja - RS,60557,Padrão,RS,6074407.82
DCA-Anexo I-D,2019,DESPESA|PESSOAL,DCA-Anexo I-D,DO3.1.00.00.00.00,4318002,Despesas Empenhadas,3.1.00.00.00 - Pessoal e Encargos Sociais,2019,Prefeitura Municipal de São Borja - RS,60557,Padrão,RS,114563868.72
DCA-Anexo I-D,2019,DESPESA|PESSOAL,DCA-Anexo I-D,DO3.1.00.00.00.00,4318002,Despesas Liquidadas,3.1.00.00.00 - Pessoal e Encargos Sociais,2019,Prefeitura Municipal de São Borja - RS,60557,Padrão,RS,114520978.85
DCA-Anexo I-D,2019,DESPESA|PESSOAL,DCA-Anexo I-D,DO3.1.00.00.00.00,4318002,Despesas Pagas,3.1.00.00.00 - Pessoal e Encargos Sociais,2019,Prefeitura Municipal de São Borja - RS,60557,Padrão,RS,111622429.63
DCA-Anexo I-D,2019,PESSOAL,DCA-Anexo I-D,DO3.1.00.00.00.00,4318002,Inscrição de Restos a Pagar Não Processados,3.1.00.00.00 - Pessoal e Encargos Sociais,2019,Prefeitura Municipal de São Borja - RS,60557,Padrão,RS,42889.87
DCA-Anexo I-D,2019,PESSOAL,DCA-Anexo I-D,DO3.1.00.00.00.00,4318002,Inscrição de Restos a Pagar Processados,3.1.00.00.00 - Pessoal e Encargos Sociais,2019,Prefeitura Municipal de São Borja - RS,60557,Padrão,RS,2898549.22
DCA-Anexo I-D,2019,DESPESA,DCA-Anexo I-D,DO3.1.90.00.00.00,4318002,Despesas Empenhadas,3.1.90.00.00 - Aplicações Diretas,2019,Prefeitura Municipal de São Borja - RS,60557,Padrão,RS,104359454.28
DCA-Anexo I-D,2019,DESPESA,DCA-Anexo I-D,DO3.1.90.00.00.00,4318002,Despesas Liquidadas,3.1.90.00.00 - Aplicações Diretas,2019,Prefeitura Municipal de São Borja - RS,60557,Padrão,RS,104317245.61
DCA-Anexo I-D,2019,DESPESA,DCA-Anexo I-D,DO3.1.90.00.00.00,4318002,Despesas Pagas,3.1.90.00.00 - Aplicações Diretas,2019,Prefeitura Municipal de São Borja - RS,60557,Padrão,RS,103521518.52
DCA-Anexo I-D,2019,DESPESA,DCA-Anexo I-D,DO3.1.90.01.00.00,4318002,Despesas Empenhadas,"3.1.90.01.00 - Aposentadorias do RPPS, Reserva Remunerada e Reformas dos Militares",2019,Prefeitura Municipal de São Borja - RS,60557,Padrão,RS,19079730.24
DCA-Anexo I-D,2019,DESPESA,DCA-Anexo I-D,DO3.1.90.01.00.00,4318002,Despesas Liquidadas,"3.1.90.01.00 - Aposentadorias do RPPS, Reserva Remunerada e Reformas dos Militares",2019,Prefeitura Municipal de São Borja - RS,60557,Padrão,RS,19079730.24
DCA-Anexo I-D,2019,DESPESA,DCA-Anexo I-D,DO3.1.90.01.00.00,4318002,Despesas Pagas,"3.1.90.01.00 - Aposentadorias do RPPS, Reserva Remunerada e Reformas dos Militares",2019,Prefeitura Municipal de São Borja - RS,60557,Padrão,RS,19079730.24
DCA-Anexo I-D,2019,DESPESA,DCA-Anexo I-D,DO3.1.90.03.00.00,4318002,Despesas Empenhadas,3.1.90.03.00 - Pensões do RPPS e do Militar,2019,Prefeitura Municipal de São Borja - RS,60557,Padrão,RS,2623745.29
DCA-Anexo I-D,2019,DESPESA,DCA-Anexo I-D,DO3.1.90.03.00.00,4318002,Despesas Liquidadas,3.1.90.03.00 - Pensões do RPPS e do Militar,2019,Prefeitura Municipal de São Borja - RS,60557,Padrão,RS,2623745.29
DCA-Anexo I-D,2019,DESPESA,DCA-Anexo I-D,DO3.1.90.03.00.00,4318002,Despesas Pagas,3.1.90.03.00 - Pensões do RPPS e do Militar,2019,Prefeitura Municipal de São Borja - RS,60557,Padrão,RS,2623745.29
DCA-Anexo I-D,2019,DESPESA,DCA-Anexo I-D,DO3.1.90.04.00.00,4318002,Despesas Empenhadas,3.1.90.04.00 - Contratação por Tempo Determinado,2019,Prefeitura Municipal de São Borja - RS,60557,Padrão,RS,20688599.61
DCA-Anexo I-D,2019,DESPESA,DCA-Anexo I-D,DO3.1.90.04.00.00,4318002,Despesas Liquidadas,3.1.90.04.00 - Contratação por Tempo Determinado,2019,Prefeitura Municipal de São Borja - RS,60557,Padrão,RS,20688599.61
DCA-Anexo I-D,2019,DESPESA,DCA-Anexo I-D,DO3.1.90.04.00.00,4318002,Despesas Pagas,3.1.90.04.00 - Contratação por Tempo Determinado,2019,Prefeitura Municipal de São Borja - RS,60557,Padrão,RS,20396748
DCA-Anexo I-D,2019,DESPESA|PREVID,DCA-Anexo I-D,DO3.1.90.05.00.00,4318002,Despesas Empenhadas,3.1.90.05.00 - Outros Benefícios Previdenciários do Servidor ou do Militar,2019,Prefeitura Municipal de São Borja - RS,60557,Padrão,RS,1512008.97
DCA-Anexo I-D,2019,DESPESA|PREVID,DCA-Anexo I-D,DO3.1.90.05.00.00,4318002,Despesas Liquidadas,3.1.90.05.00 - Outros Benefícios Previdenciários do Servidor ou do Militar,2019,Prefeitura Municipal de São Borja - RS,60557,Padrão,RS,1512008.97
DCA-Anexo I-D,2019,DESPESA|PREVID,DCA-Anexo I-D,DO3.1.90.05.00.00,4318002,Despesas Pagas,3.1.90.05.00 - Outros Benefícios Previdenciários do Servidor ou do Militar,2019,Prefeitura Municipal de São Borja - RS,60557,Padrão,RS,1512008.97
DCA-Anexo I-D,2019,DESPESA|PESSOAL,DCA-Anexo I-D,DO3.1.90.11.00.00,4318002,Despesas Empenhadas,3.1.90.11.00 - Vencimentos e Vantagens Fixas - Pessoal Civil,2019,Prefeitura Municipal de São Borja - RS,60557,Padrão,RS,50477768.87
DCA-Anexo I-D,2019,DESPESA|PESSOAL,DCA-Anexo I-D,DO3.1.90.11.00.00,4318002,Despesas Liquidadas,3.1.90.11.00 - Vencimentos e Vantagens Fixas - Pessoal Civil,2019,Prefeitura Municipal de São Borja - RS,60557,Padrão,RS,50477768.87
DCA-Anexo I-D,2019,DESPESA|PESSOAL,DCA-Anexo I-D,DO3.1.90.11.00.00,4318002,Despesas Pagas,3.1.90.11.00 - Vencimentos e Vantagens Fixas - Pessoal Civil,2019,Prefeitura Municipal de São Borja - RS,60557,Padrão,RS,50473994.77
DCA-Anexo I-D,2019,PESSOAL,DCA-Anexo I-D,DO3.1.90.11.00.00,4318002,Inscrição de Restos a Pagar Processados,3.1.90.11.00 - Vencimentos e Vantagens Fixas - Pessoal Civil,2019,Prefeitura Municipal de São Borja - RS,60557,Padrão,RS,3774.1
DCA-Anexo I-D,2019,DESPESA,DCA-Anexo I-D,DO3.1.90.13.00.00,4318002,Despesas Empenhadas,3.1.90.13.00 - Obrigações Patronais,2019,Prefeitura Municipal de São Borja - RS,60557,Padrão,RS,2555341.48
DCA-Anexo I-D,2019,DESPESA,DCA-Anexo I-D,DO3.1.90.13.00.00,4318002,Despesas Liquidadas,3.1.90.13.00 - Obrigações Patronais,2019,Prefeitura Municipal de São Borja - RS,60557,Padrão,RS,2513132.81
DCA-Anexo I-D,2019,DESPESA,DCA-Anexo I-D,DO3.1.90.13.00.00,4318002,Despesas Pagas,3.1.90.13.00 - Obrigações Patronais,2019,Prefeitura Municipal de São Borja - RS,60557,Padrão,RS,2355732.29
DCA-Anexo I-D,2019,DESPESA,DCA-Anexo I-D,DO3.1.90.13.01.00,4318002,Despesas Empenhadas,3.1.90.13.01 - FGTS,2019,Prefeitura Municipal de São Borja - RS,60557,Padrão,RS,157374.51
DCA-Anexo I-D,2019,DESPESA,DCA-Anexo I-D,DO3.1.90.13.01.00,4318002,Despesas Liquidadas,3.1.90.13.01 - FGTS,2019,Prefeitura Municipal de São Borja - RS,60557,Padrão,RS,157374.51
DCA-Anexo I-D,2019,DESPESA,DCA-Anexo I-D,DO3.1.90.13.01.00,4318002,Despesas Pagas,3.1.90.13.01 - FGTS,2019,Prefeitura Municipal de São Borja - RS,60557,Padrão,RS,139163.64
DCA-Anexo I-D,2019,DESPESA|PREVID,DCA-Anexo I-D,DO3.1.90.13.02.00,4318002,Despesas Empenhadas,3.1.90.13.02 - Contribuições Previdenciárias - INSS,2019,Prefeitura Municipal de São Borja - RS,60557,Padrão,RS,2397966.97
DCA-Anexo I-D,2019,DESPESA|PREVID,DCA-Anexo I-D,DO3.1.90.13.02.00,4318002,Despesas Liquidadas,3.1.90.13.02 - Contribuições Previdenciárias - INSS,2019,Prefeitura Municipal de São Borja - RS,60557,Padrão,RS,2355758.3
DCA-Anexo I-D,2019,DESPESA|PREVID,DCA-Anexo I-D,DO3.1.90.13.02.00,4318002,Despesas Pagas,3.1.90.13.02 - Contribuições Previdenciárias - INSS,2019,Prefeitura Municipal de São Borja - RS,60557,Padrão,RS,2216568.65
DCA-Anexo I-D,2019,PREVID,DCA-Anexo I-D,DO3.1.90.13.02.00,4318002,Inscrição de Restos a Pagar Não Processados,3.1.90.13.02 - Contribuições Previdenciárias - INSS,2019,Prefeitura Municipal de São Borja - RS,60557,Padrão,RS,42208.67
DCA-Anexo I-D,2019,PREVID,DCA-Anexo I-D,DO3.1.90.13.02.00,4318002,Inscrição de Restos a Pagar Processados,3.1.90.13.02 - Contribuições Previdenciárias - INSS,2019,Prefeitura Municipal de São Borja - RS,60557,Padrão,RS,139189.65
DCA-Anexo I-D,2019,DESPESA|PESSOAL,DCA-Anexo I-D,DO3.1.90.16.00.00,4318002,Despesas Empenhadas,3.1.90.16.00 - Outras Despesas Variáveis - Pessoal Civil,2019,Prefeitura Municipal de São Borja - RS,60557,Padrão,RS,2507977.36
DCA-Anexo I-D,2019,DESPESA|PESSOAL,DCA-Anexo I-D,DO3.1.90.16.00.00,4318002,Despesas Liquidadas,3.1.90.16.00 - Outras Despesas Variáveis - Pessoal Civil,2019,Prefeitura Municipal de São Borja - RS,60557,Padrão,RS,2507977.36
DCA-Anexo I-D,2019,DESPESA|PESSOAL,DCA-Anexo I-D,DO3.1.90.16.00.00,4318002,Despesas Pagas,3.1.90.16.00 - Outras Despesas Variáveis - Pessoal Civil,2019,Prefeitura Municipal de São Borja - RS,60557,Padrão,RS,2507977.36
DCA-Anexo I-D,2019,DESPESA,DCA-Anexo I-D,DO3.1.90.94.00.00,4318002,Despesas Empenhadas,3.1.90.94.00 - Indenizações e Restituições Trabalhistas,2019,Prefeitura Municipal de São Borja - RS,60557,Padrão,RS,78921.65
DCA-Anexo I-D,2019,DESPESA,DCA-Anexo I-D,DO3.1.90.94.00.00,4318002,Despesas Liquidadas,3.1.90.94.00 - Indenizações e Restituições Trabalhistas,2019,Prefeitura Municipal de São Borja - RS,60557,Padrão,RS,78921.65
DCA-Anexo I-D,2019,DESPESA,DCA-Anexo I-D,DO3.1.90.94.00.00,4318002,Despesas Pagas,3.1.90.94.00 - Indenizações e Restituições Trabalhistas,2019,Prefeitura Municipal de São Borja - RS,60557,Padrão,RS,78921.65
DCA-Anexo I-D,2019,DESPESA,DCA-Anexo I-D,DO3.1.90.99.00.00,4318002,Despesas Empenhadas,3.1.90.99.00 - A Classificar,2019,Prefeitura Municipal de São Borja - RS,60557,Padrão,RS,4835360.81
DCA-Anexo I-D,2019,DESPESA,DCA-Anexo I-D,DO3.1.90.99.00.00,4318002,Despesas Liquidadas,3.1.90.99.00 - A Classificar,2019,Prefeitura Municipal de São Borja - RS,60557,Padrão,RS,4835360.81
DCA-Anexo I-D,2019,DESPESA,DCA-Anexo I-D,DO3.1.90.99.00.00,4318002,Despesas Pagas,3.1.90.99.00 - A Classificar,2019,Prefeitura Municipal de São Borja - RS,60557,Padrão,RS,4492659.95
DCA-Anexo I-D,2019,DESPESA,DCA-Anexo I-D,DI3.1.91.00.00.00,4318002,Despesas Empenhadas,"3.1.91.00.00 - Aplicação Direta Decorrente de Operação entre Órgãos, Fundos e Entidades Integrantes dos Orçamentos Fiscal e da Seguridade Social",2019,Prefeitura Municipal de São Borja - RS,60557,Padrão,RS,10204414.44
DCA-Anexo I-D,2019,DESPESA,DCA-Anexo I-D,DI3.1.91.00.00.00,4318002,Despesas Liquidadas,"3.1.91.00.00 - Aplicação Direta Decorrente de Operação entre Órgãos, Fundos e Entidades Integrantes dos Orçamentos Fiscal e da Seguridade Social",2019,Prefeitura Municipal de São Borja - RS,60557,Padrão,RS,10203733.24
DCA-Anexo I-D,2019,DESPESA,DCA-Anexo I-D,DI3.1.91.00.00.00,4318002,Despesas Pagas,"3.1.91.00.00 - Aplicação Direta Decorrente de Operação entre Órgãos, Fundos e Entidades Integrantes dos Orçamentos Fiscal e da Seguridade Social",2019,Prefeitura Municipal de São Borja - RS,60557,Padrão,RS,8100911.11
DCA-Anexo I-D,2019,DESPESA,DCA-Anexo I-D,DI3.1.91.13.00.00,4318002,Despesas Empenhadas,3.1.91.13.00 - Contribuições Patronais,2019,Prefeitura Municipal de São Borja - RS,60557,Padrão,RS,10204414.44
DCA-Anexo I-D,2019,DESPESA,DCA-Anexo I-D,DI3.1.91.13.00.00,4318002,Despesas Liquidadas,3.1.91.13.00 - Contribuições Patronais,2019,Prefeitura Municipal de São Borja - RS,60557,Padrão,RS,10203733.24
DCA-Anexo I-D,2019,DESPESA,DCA-Anexo I-D,DI3.1.91.13.00.00,4318002,Despesas Pagas,3.1.91.13.00 - Contribuições Patronais,2019,Prefeitura Municipal de São Borja - RS,60557,Padrão,RS,8100911.11
DCA-Anexo I-D,2019,DESPESA,DCA-Anexo I-D,DI3.1.91.13.03.00,4318002,Despesas Empenhadas,3.1.91.13.03 - Contribuição Patronal para o RPPS - Intraorçamentária,2019,Prefeitura Municipal de São Borja - RS,60557,Padrão,RS,10204414.44
DCA-Anexo I-D,2019,DESPESA,DCA-Anexo I-D,DI3.1.91.13.03.00,4318002,Despesas Liquidadas,3.1.91.13.03 - Contribuição Patronal para o RPPS - Intraorçamentária,2019,Prefeitura Municipal de São Borja - RS,60557,Padrão,RS,10203733.24
DCA-Anexo I-D,2019,DESPESA,DCA-Anexo I-D,DI3.1.91.13.03.00,4318002,Despesas Pagas,3.1.91.13.03 - Contribuição Patronal para o RPPS - Intraorçamentária,2019,Prefeitura Municipal de São Borja - RS,60557,Padrão,RS,8100911.11
DCA-Anexo I-D,2019,DESPESA|DIVIDA|JUROS,DCA-Anexo I-D,DO3.2.00.00.00.00,4318002,Despesas Empenhadas,3.2.00.00.00 - Juros e Encargos da Dívida,2019,Prefeitura Municipal de São Borja - RS,60557,Padrão,RS,1650427.63
DCA-Anexo I-D,2019,DESPESA|DIVIDA|JUROS,DCA-Anexo I-D,DO3.2.00.00.00.00,4318002,Despesas Liquidadas,3.2.00.00.00 - Juros e Encargos da Dívida,2019,Prefeitura Municipal de São Borja - RS,60557,Padrão,RS,1650427.63
DCA-Anexo I-D,2019,DESPESA|DIVIDA|JUROS,DCA-Anexo I-D,DO3.2.00.00.00.00,4318002,Despesas Pagas,3.2.00.00.00 - Juros e Encargos da Dívida,2019,Prefeitura Municipal de São Borja - RS,60557,Padrão,RS,1650427.63
DCA-Anexo I-D,2019,DESPESA,DCA-Anexo I-D,DO3.2.90.00.00.00,4318002,Despesas Empenhadas,3.2.90.00.00 - Aplicações Diretas,2019,Prefeitura Municipal de São Borja - RS,60557,Padrão,RS,1650427.63
DCA-Anexo I-D,2019,DESPESA,DCA-Anexo I-D,DO3.2.90.00.00.00,4318002,Despesas Liquidadas,3.2.90.00.00 - Aplicações Diretas,2019,Prefeitura Municipal de São Borja - RS,60557,Padrão,RS,1650427.63
DCA-Anexo I-D,2019,DESPESA,DCA-Anexo I-D,DO3.2.90.00.00.00,4318002,Despesas Pagas,3.2.90.00.00 - Aplicações Diretas,2019,Prefeitura Municipal de São Borja - RS,60557,Padrão,RS,1650427.63
DCA-Anexo I-D,2019,DESPESA|DIVIDA|JUROS,DCA-Anexo I-D,DO3.2.90.21.00.00,4318002,Despesas Empenhadas,3.2.90.21.00 - Juros sobre a Dívida por Contrato,2019,Prefeitura Municipal de São Borja - RS,60557,Padrão,RS,1650427.63
DCA-Anexo I-D,2019,DESPESA|DIVIDA|JUROS,DCA-Anexo I-D,DO3.2.90.21.00.00,4318002,Despesas Liquidadas,3.2.90.21.00 - Juros sobre a Dívida por Contrato,2019,Prefeitura Municipal de São Borja - RS,60557,Padrão,RS,1650427.63
DCA-Anexo I-D,2019,DESPESA|DIVIDA|JUROS,DCA-Anexo I-D,DO3.2.90.21.00.00,4318002,Despesas Pagas,3.2.90.21.00 - Juros sobre a Dívida por Contrato,2019,Prefeitura Municipal de São Borja - RS,60557,Padrão,RS,1650427.63
DCA-Anexo I-D,2019,DESPESA,DCA-Anexo I-D,DO3.3.00.00.00.00,4318002,Despesas Empenhadas,3.3.00.00.00 - Outras Despesas Correntes,2019,Prefeitura Municipal de São Borja - RS,60557,Padrão,RS,70612607.25
DCA-Anexo I-D,2019,DESPESA,DCA-Anexo I-D,DO3.3.00.00.00.00,4318002,Despesas Liquidadas,3.3.00.00.00 - Outras Despesas Correntes,2019,Prefeitura Municipal de São Borja - RS,60557,Padrão,RS,67672439.85
DCA-Anexo I-D,2019,DESPESA,DCA-Anexo I-D,DO3.3.00.00.00.00,4318002,Despesas Pagas,3.3.00.00.00 - Outras Despesas Correntes,2019,Prefeitura Municipal de São Borja - RS,60557,Padrão,RS,64496581.25
DCA-Anexo I-D,2019,DESPESA,DCA-Anexo I-D,DO3.3.00.00.00.00,4318002,Inscrição de Restos a Pagar Não Processados,3.3.00.00.00 - Outras Despesas Correntes,2019,Prefeitura Municipal de São Borja - RS,60557,Padrão,RS,2940167.4
DCA-Anexo I-D,2019,DESPESA,DCA-Anexo I-D,DO3.3.00.00.00.00,4318002,Inscrição de Restos a Pagar Processados,3.3.00.00.00 - Outras Despesas Correntes,2019,Prefeitura Municipal de São Borja - RS,60557,Padrão,RS,3175858.6
DCA-Anexo I-D,2019,DESPESA,DCA-Anexo I-D,DO3.3.20.00.00.00,4318002,Despesas Empenhadas,3.3.20.00.00 - Transferências à União,2019,Prefeitura Municipal de São Borja - RS,60557,Padrão,RS,21115.08
DCA-Anexo I-D,2019,DESPESA,DCA-Anexo I-D,DO3.3.20.00.00.00,4318002,Despesas Liquidadas,3.3.20.00.00 - Transferências à União,2019,Prefeitura Municipal de São Borja - RS,60557,Padrão,RS,21115.08
DCA-Anexo I-D,2019,DESPESA,DCA-Anexo I-D,DO3.3.20.00.00.00,4318002,Despesas Pagas,3.3.20.00.00 - Transferências à União,2019,Prefeitura Municipal de São Borja - RS,60557,Padrão,RS,21115.08
DCA-Anexo I-D,2019,DESPESA,DCA-Anexo I-D,DO3.3.30.00.00.00,4318002,Despesas Empenhadas,3.3.30.00.00 - Transferências a Estados e ao Distrito Federal,2019,Prefeitura Municipal de São Borja - RS,60557,Padrão,RS,254384.98
DCA-Anexo I-D,2019,DESPESA,DCA-Anexo I-D,DO3.3.30.00.00.00,4318002,Despesas Liquidadas,3.3.30.00.00 - Transferências a Estados e ao Distrito Federal,2019,Prefeitura Municipal de São Borja - RS,60557,Padrão,RS,254384.98
DCA-Anexo I-D,2019,DESPESA,DCA-Anexo I-D,DO3.3.30.00.00.00,4318002,Despesas Pagas,3.3.30.00.00 - Transferências a Estados e ao Distrito Federal,2019,Prefeitura Municipal de São Borja - RS,60557,Padrão,RS,254384.98
DCA-Anexo I-D,2019,DESPESA,DCA-Anexo I-D,DO3.3.30.41.00.00,4318002,Despesas Empenhadas,3.3.30.41.00 - Contribuições,2019,Prefeitura Municipal de São Borja - RS,60557,Padrão,RS,252484.67
DCA-Anexo I-D,2019,DESPESA,DCA-Anexo I-D,DO3.3.30.41.00.00,4318002,Despesas Liquidadas,3.3.30.41.00 - Contribuições,2019,Prefeitura Municipal de São Borja - RS,60557,Padrão,RS,252484.67
DCA-Anexo I-D,2019,DESPESA,DCA-Anexo I-D,DO3.3.30.41.00.00,4318002,Despesas Pagas,3.3.30.41.00 - Contribuições,2019,Prefeitura Municipal de São Borja - RS,60557,Padrão,RS,252484.67
DCA-Anexo I-D,2019,DESPESA,DCA-Anexo I-D,DO3.3.30.99.00.00,4318002,Despesas Empenhadas,3.3.30.99.00 - A Classificar,2019,Prefeitura Municipal de São Borja - RS,60557,Padrão,RS,1900.31
DCA-Anexo I-D,2019,DESPESA,DCA-Anexo I-D,DO3.3.30.99.00.00,4318002,Despesas Liquidadas,3.3.30.99.00 - A Classificar,2019,Prefeitura Municipal de São Borja - RS,60557,Padrão,RS,1900.31
DCA-Anexo I-D,2019,DESPESA,DCA-Anexo I-D,DO3.3.30.99.00.00,4318002,Despesas Pagas,3.3.30.99.00 - A Classificar,2019,Prefeitura Municipal de São Borja - RS,60557,Padrão,RS,1900.31
DCA-Anexo I-D,2019,DESPESA,DCA-Anexo I-D,DO3.3.50.00.00.00,4318002,Despesas Empenhadas,3.3.50.00.00 - Transferências a Instituições Privadas sem Fins Lucrativos,2019,Prefeitura Municipal de São Borja - RS,60557,Padrão,RS,576967.12
DCA-Anexo I-D,2019,DESPESA,DCA-Anexo I-D,DO3.3.50.00.00.00,4318002,Despesas Liquidadas,3.3.50.00.00 - Transferências a Instituições Privadas sem Fins Lucrativos,2019,Prefeitura Municipal de São Borja - RS,60557,Padrão,RS,544898.06
DCA-Anexo I-D,2019,DESPESA,DCA-Anexo I-D,DO3.3.50.00.00.00,4318002,Despesas Pagas,3.3.50.00.00 - Transferências a Instituições Privadas sem Fins Lucrativos,2019,Prefeitura Municipal de São Borja - RS,60557,Padrão,RS,542898.06
DCA-Anexo I-D,2019,DESPESA,DCA-Anexo I-D,DO3.3.90.00.00.00,4318002,Despesas Empenhadas,3.3.90.00.00 - Aplicações Diretas,2019,Prefeitura Municipal de São Borja - RS,60557,Padrão,RS,69201942.04
DCA-Anexo I-D,2019,DESPESA,DCA-Anexo I-D,DO3.3.90.00.00.00,4318002,Despesas Liquidadas,3.3.90.00.00 - Aplicações Diretas,2019,Prefeitura Municipal de São Borja - RS,60557,Padrão,RS,66293843.7
DCA-Anexo I-D,2019,DESPESA,DCA-Anexo I-D,DO3.3.90.00.00.00,4318002,Despesas Pagas,3.3.90.00.00 - Aplicações Diretas,2019,Prefeitura Municipal de São Borja - RS,60557,Padrão,RS,63119985.1
DCA-Anexo I-D,2019,DESPESA,DCA-Anexo I-D,DO3.3.90.14.00.00,4318002,Despesas Empenhadas,3.3.90.14.00 - Diárias - Civil,2019,Prefeitura Municipal de São Borja - RS,60557,Padrão,RS,1022992.2
DCA-Anexo I-D,2019,DESPESA,DCA-Anexo I-D,DO3.3.90.14.00.00,4318002,Despesas Liquidadas,3.3.90.14.00 - Diárias - Civil,2019,Prefeitura Municipal de São Borja - RS,60557,Padrão,RS,1022992.2
DCA-Anexo I-D,2019,DESPESA,DCA-Anexo I-D,DO3.3.90.14.00.00,4318002,Despesas Pagas,3.3.90.14.00 - Diárias - Civil,2019,Prefeitura Municipal de São Borja - RS,60557,Padrão,RS,1013860.59
DCA-Anexo I-D,2019,DESPESA,DCA-Anexo I-D,DO3.3.90.30.00.00,4318002,Despesas Empenhadas,3.3.90.30.00 - Material de Consumo,2019,Prefeitura Municipal de São Borja - RS,60557,Padrão,RS,8483519.23
DCA-Anexo I-D,2019,DESPESA,DCA-Anexo I-D,DO3.3.90.30.00.00,4318002,Despesas Liquidadas,3.3.90.30.00 - Material de Consumo,2019,Prefeitura Municipal de São Borja - RS,60557,Padrão,RS,8165463.05
DCA-Anexo I-D,2019,DESPESA,DCA-Anexo I-D,DO3.3.90.30.00.00,4318002,Despesas Pagas,3.3.90.30.00 - Material de Consumo,2019,Prefeitura Municipal de São Borja - RS,60557,Padrão,RS,7884639.75
DCA-Anexo I-D,2019,DESPESA,DCA-Anexo I-D,DO3.3.90.31.00.00,4318002,Despesas Empenhadas,"3.3.90.31.00 - Premiações Culturais, Artísticas, Científicas, Desportivas e Outras",2019,Prefeitura Municipal de São Borja - RS,60557,Padrão,RS,175213
DCA-Anexo I-D,2019,DESPESA,DCA-Anexo I-D,DO3.3.90.31.00.00,4318002,Despesas Liquidadas,"3.3.90.31.00 - Premiações Culturais, Artísticas, Científicas, Desportivas e Outras",2019,Prefeitura Municipal de São Borja - RS,60557,Padrão,RS,175213
DCA-Anexo I-D,2019,DESPESA,DCA-Anexo I-D,DO3.3.90.31.00.00,4318002,Despesas Pagas,"3.3.90.31.00 - Premiações Culturais, Artísticas, Científicas, Desportivas e Outras",2019,Prefeitura Municipal de São Borja - RS,60557,Padrão,RS,173013
DCA-Anexo I-D,2019,DESPESA,DCA-Anexo I-D,DO3.3.90.32.00.00,4318002,Despesas Empenhadas,"3.3.90.32.00 - Material, Bem ou Serviço para Distribuição Gratuita",2019,Prefeitura Municipal de São Borja - RS,60557,Padrão,RS,3599712.16
DCA-Anexo I-D,2019,DESPESA,DCA-Anexo I-D,DO3.3.90.32.00.00,4318002,Despesas Liquidadas,"3.3.90.32.00 - Material, Bem ou Serviço para Distribuição Gratuita",2019,Prefeitura Municipal de São Borja - RS,60557,Padrão,RS,3430612.23
DCA-Anexo I-D,2019,DESPESA,DCA-Anexo I-D,DO3.3.90.32.00.00,4318002,Despesas Pagas,"3.3.90.32.00 - Material, Bem ou Serviço para Distribuição Gratuita",2019,Prefeitura Municipal de São Borja - RS,60557,Padrão,RS,3303867.05
DCA-Anexo I-D,2019,DESPESA,DCA-Anexo I-D,DO3.3.90.33.00.00,4318002,Despesas Empenhadas,3.3.90.33.00 - Passagens e Despesas com Locomoção,2019,Prefeitura Municipal de São Borja - RS,60557,Padrão,RS,150987.85
DCA-Anexo I-D,2019,DESPESA,DCA-Anexo I-D,DO3.3.90.33.00.00,4318002,Despesas Liquidadas,3.3.90.33.00 - Passagens e Despesas com Locomoção,2019,Prefeitura Municipal de São Borja - RS,60557,Padrão,RS,150987.85
DCA-Anexo I-D,2019,DESPESA,DCA-Anexo I-D,DO3.3.90.33.00.00,4318002,Despesas Pagas,3.3.90.33.00 - Passagens e Despesas com Locomoção,2019,Prefeitura Municipal de São Borja - RS,60557,Padrão,RS,150090.05
DCA-Anexo I-D,2019,DESPESA,DCA-Anexo I-D,DO3.3.90.33.00.00,4318002,Inscrição de Restos a Pagar Processados,3.3.90.33.00 - Passagens e Despesas com Locomoção,2019,Prefeitura Municipal de São Borja - RS,60557,Padrão,RS,897.8
DCA-Anexo I-D,2019,DESPESA,DCA-Anexo I-D,DO3.3.90.35.00.00,4318002,Despesas Empenhadas,3.3.90.35.00 - Serviços de Consultoria,2019,Prefeitura Municipal de São Borja - RS,60557,Padrão,RS,37254.25
DCA-Anexo I-D,2019,DESPESA,DCA-Anexo I-D,DO3.3.90.35.00.00,4318002,Despesas Liquidadas,3.3.90.35.00 - Serviços de Consultoria,2019,Prefeitura Municipal de São Borja - RS,60557,Padrão,RS,37254.25
DCA-Anexo I-D,2019,DESPESA,DCA-Anexo I-D,DO3.3.90.35.00.00,4318002,Despesas Pagas,3.3.90.35.00 - Serviços de Consultoria,2019,Prefeitura Municipal de São Borja - RS,60557,Padrão,RS,37254.25
DCA-Anexo I-D,2019,DESPESA,DCA-Anexo I-D,DO3.3.90.36.00.00,4318002,Despesas Empenhadas,3.3.90.36.00 - Outros Serviços de Terceiros - Pessoa Física,2019,Prefeitura Municipal de São Borja - RS,60557,Padrão,RS,1446658.75
DCA-Anexo I-D,2019,DESPESA,DCA-Anexo I-D,DO3.3.90.36.00.00,4318002,Despesas Liquidadas,3.3.90.36.00 - Outros Serviços de Terceiros - Pessoa Física,2019,Prefeitura Municipal de São Borja - RS,60557,Padrão,RS,1355541
DCA-Anexo I-D,2019,DESPESA,DCA-Anexo I-D,DO3.3.90.36.00.00,4318002,Despesas Pagas,3.3.90.36.00 - Outros Serviços de Terceiros - Pessoa Física,2019,Prefeitura Municipal de São Borja - RS,60557,Padrão,RS,1275517.12
DCA-Anexo I-D,2019,DESPESA,DCA-Anexo I-D,DO3.3.90.39.00.00,4318002,Despesas Empenhadas,3.3.90.39.00 - Outros Serviços de Terceiros - Pessoa Jurídica,2019,Prefeitura Municipal de São Borja - RS,60557,Padrão,RS,40022199.23
DCA-Anexo I-D,2019,DESPESA,DCA-Anexo I-D,DO3.3.90.39.00.00,4318002,Despesas Liquidadas,3.3.90.39.00 - Outros Serviços de Terceiros - Pessoa Jurídica,2019,Prefeitura Municipal de São Borja - RS,60557,Padrão,RS,37782885.91
DCA-Anexo I-D,2019,DESPESA,DCA-Anexo I-D,DO3.3.90.39.00.00,4318002,Despesas Pagas,3.3.90.39.00 - Outros Serviços de Terceiros - Pessoa Jurídica,2019,Prefeitura Municipal de São Borja - RS,60557,Padrão,RS,35616406.65
DCA-Anexo I-D,2019,DESPESA,DCA-Anexo I-D,DO3.3.90.40.00.00,4318002,Despesas Empenhadas,3.3.90.40.00 - Serviços de Tecnologia da Informação e Comunicação (TIC) - Pessoa Jurídica,2019,Prefeitura Municipal de São Borja - RS,60557,Padrão,RS,810747.36
DCA-Anexo I-D,2019,DESPESA,DCA-Anexo I-D,DO3.3.90.40.00.00,4318002,Despesas Liquidadas,3.3.90.40.00 - Serviços de Tecnologia da Informação e Comunicação (TIC) - Pessoa Jurídica,2019,Prefeitura Municipal de São Borja - RS,60557,Padrão,RS,721085.16
DCA-Anexo I-D,2019,DESPESA,DCA-Anexo I-D,DO3.3.90.40.00.00,4318002,Despesas Pagas,3.3.90.40.00 - Serviços de Tecnologia da Informação e Comunicação (TIC) - Pessoa Jurídica,2019,Prefeitura Municipal de São Borja - RS,60557,Padrão,RS,607928.17
DCA-Anexo I-D,2019,DESPESA,DCA-Anexo I-D,DO3.3.90.46.00.00,4318002,Despesas Empenhadas,3.3.90.46.00 - Auxílio-Alimentação,2019,Prefeitura Municipal de São Borja - RS,60557,Padrão,RS,8760378.69
DCA-Anexo I-D,2019,DESPESA,DCA-Anexo I-D,DO3.3.90.46.00.00,4318002,Despesas Liquidadas,3.3.90.46.00 - Auxílio-Alimentação,2019,Prefeitura Municipal de São Borja - RS,60557,Padrão,RS,8760378.69
DCA-Anexo I-D,2019,DESPESA,DCA-Anexo I-D,DO3.3.90.46.00.00,4318002,Despesas Pagas,3.3.90.46.00 - Auxílio-Alimentação,2019,Prefeitura Municipal de São Borja - RS,60557,Padrão,RS,8760378.69
DCA-Anexo I-D,2019,DESPESA,DCA-Anexo I-D,DO3.3.90.47.00.00,4318002,Despesas Empenhadas,3.3.90.47.00 - Obrigações Tributárias e Contributivas,2019,Prefeitura Municipal de São Borja - RS,60557,Padrão,RS,2249483.26
DCA-Anexo I-D,2019,DESPESA,DCA-Anexo I-D,DO3.3.90.47.00.00,4318002,Despesas Liquidadas,3.3.90.47.00 - Obrigações Tributárias e Contributivas,2019,Prefeitura Municipal de São Borja - RS,60557,Padrão,RS,2249474.8
DCA-Anexo I-D,2019,DESPESA,DCA-Anexo I-D,DO3.3.90.47.00.00,4318002,Despesas Pagas,3.3.90.47.00 - Obrigações Tributárias e Contributivas,2019,Prefeitura Municipal de São Borja - RS,60557,Padrão,RS,2145885.4
DCA-Anexo I-D,2019,DESPESA,DCA-Anexo I-D,DO3.3.90.49.00.00,4318002,Despesas Empenhadas,3.3.90.49.00 - Auxílio-Transporte,2019,Prefeitura Municipal de São Borja - RS,60557,Padrão,RS,40667.65
DCA-Anexo I-D,2019,DESPESA,DCA-Anexo I-D,DO3.3.90.49.00.00,4318002,Despesas Liquidadas,3.3.90.49.00 - Auxílio-Transporte,2019,Prefeitura Municipal de São Borja - RS,60557,Padrão,RS,40667.65
DCA-Anexo I-D,2019,DESPESA,DCA-Anexo I-D,DO3.3.90.49.00.00,4318002,Despesas Pagas,3.3.90.49.00 - Auxílio-Transporte,2019,Prefeitura Municipal de São Borja - RS,60557,Padrão,RS,37699.4
DCA-Anexo I-D,2019,DESPESA,DCA-Anexo I-D,DO3.3.90.91.00.00,4318002,Despesas Empenhadas,3.3.90.91.00 - Sentenças Judiciais,2019,Prefeitura Municipal de São Borja - RS,60557,Padrão,RS,2096167.48
DCA-Anexo I-D,2019,DESPESA,DCA-Anexo I-D,DO3.3.90.91.00.00,4318002,Despesas Liquidadas,3.3.90.91.00 - Sentenças Judiciais,2019,Prefeitura Municipal de São Borja - RS,60557,Padrão,RS,2096167.48
DCA-Anexo I-D,2019,DESPESA,DCA-Anexo I-D,DO3.3.90.91.00.00,4318002,Despesas Pagas,3.3.90.91.00 - Sentenças Judiciais,2019,Prefeitura Municipal de São Borja - RS,60557,Padrão,RS,1827060.65
DCA-Anexo I-D,2019,DESPESA,DCA-Anexo I-D,DO3.3.90.92.00.00,4318002,Despesas Empenhadas,3.3.90.92.00 - Despesas de Exercícios Anteriores,2019,Prefeitura Municipal de São Borja - RS,60557,Padrão,RS,233138.32
DCA-Anexo I-D,2019,DESPESA,DCA-Anexo I-D,DO3.3.90.92.00.00,4318002,Despesas Liquidadas,3.3.90.92.00 - Despesas de Exercícios Anteriores,2019,Prefeitura Municipal de São Borja - RS,60557,Padrão,RS,232297.82
DCA-Anexo I-D,2019,DESPESA,DCA-Anexo I-D,DO3.3.90.92.00.00,4318002,Despesas Pagas,3.3.90.92.00 - Despesas de Exercícios Anteriores,2019,Prefeitura Municipal de São Borja - RS,60557,Padrão,RS,220066.73
DCA-Anexo I-D,2019,DESPESA,DCA-Anexo I-D,DO3.3.90.92.00.00,4318002,Inscrição de Restos a Pagar Não Processados,3.3.90.92.00 - Despesas de Exercícios Anteriores,2019,Prefeitura Municipal de São Borja - RS,60557,Padrão,RS,840.5
DCA-Anexo I-D,2019,DESPESA,DCA-Anexo I-D,DO3.3.90.92.00.00,4318002,Inscrição de Restos a Pagar Processados,3.3.90.92.00 - Despesas de Exercícios Anteriores,2019,Prefeitura Municipal de São Borja - RS,60557,Padrão,RS,12231.09
DCA-Anexo I-D,2019,DESPESA,DCA-Anexo I-D,DO3.3.90.93.00.00,4318002,Despesas Empenhadas,3.3.90.93.00 - Indenizações e Restituições,2019,Prefeitura Municipal de São Borja - RS,60557,Padrão,RS,72822.61
DCA-Anexo I-D,2019,DESPESA,DCA-Anexo I-D,DO3.3.90.93.00.00,4318002,Despesas Liquidadas,3.3.90.93.00 - Indenizações e Restituições,2019,Prefeitura Municipal de São Borja - RS,60557,Padrão,RS,72822.61
DCA-Anexo I-D,2019,DESPESA,DCA-Anexo I-D,DO3.3.90.93.00.00,4318002,Despesas Pagas,3.3.90.93.00 - Indenizações e Restituições,2019,Prefeitura Municipal de São Borja - RS,60557,Padrão,RS,66317.6
DCA-Anexo I-D,2019,DESPESA,DCA-Anexo I-D,DO3.3.91.00.00.00,4318002,Despesas Empenhadas,"3.3.91.00.00 - Aplicação Direta Decorrente de Operação entre Órgãos, Fundos e Entidades Integrantes dos Orçamentos Fiscal e da Seguridade Social",2019,Prefeitura Municipal de São Borja - RS,60557,Padrão,RS,558198.03
DCA-Anexo I-D,2019,DESPESA,DCA-Anexo I-D,DO3.3.91.00.00.00,4318002,Despesas Liquidadas,"3.3.91.00.00 - Aplicação Direta Decorrente de Operação entre Órgãos, Fundos e Entidades Integrantes dos Orçamentos Fiscal e da Seguridade Social",2019,Prefeitura Municipal de São Borja - RS,60557,Padrão,RS,558198.03
DCA-Anexo I-D,2019,DESPESA,DCA-Anexo I-D,DO3.3.91.00.00.00,4318002,Despesas Pagas,"3.3.91.00.00 - Aplicação Direta Decorrente de Operação entre Órgãos, Fundos e Entidades Integrantes dos Orçamentos Fiscal e da Seguridade Social",2019,Prefeitura Municipal de São Borja - RS,60557,Padrão,RS,558198.03
DCA-Anexo I-D,2019,DESPESA,DCA-Anexo I-D,DO4.0.00.00.00.00,4318002,Despesas Empenhadas,4.0.00.00.00 - Despesas de Capital,2019,Prefeitura Municipal de São Borja - RS,60557,Padrão,RS,17457402.48
DCA-Anexo I-D,2019,DESPESA,DCA-Anexo I-D,DO4.0.00.00.00.00,4318002,Despesas Liquidadas,4.0.00.00.00 - Despesas de Capital,2019,Prefeitura Municipal de São Borja - RS,60557,Padrão,RS,14084174.33
DCA-Anexo I-D,2019,DESPESA,DCA-Anexo I-D,DO4.0.00.00.00.00,4318002,Despesas Pagas,4.0.00.00.00 - Despesas de Capital,2019,Prefeitura Municipal de São Borja - RS,60557,Padrão,RS,13882497.72
DCA-Anexo I-D,2019,DESPESA,DCA-Anexo I-D,DO4.0.00.00.00.00,4318002,Inscrição de Restos a Pagar Não Processados,4.0.00.00.00 - Despesas de Capital,2019,Prefeitura Municipal de São Borja - RS,60557,Padrão,RS,3373228.15
DCA-Anexo I-D,2019,DESPESA,DCA-Anexo I-D,DO4.0.00.00.00.00,4318002,Inscrição de Restos a Pagar Processados,4.0.00.00.00 - Despesas de Capital,2019,Prefeitura Municipal de São Borja - RS,60557,Padrão,RS,201676.61
DCA-Anexo I-D,2019,DESPESA|INVESTIMENT,DCA-Anexo I-D,DO4.4.00.00.00.00,4318002,Despesas Empenhadas,4.4.00.00.00 - Investimentos,2019,Prefeitura Municipal de São Borja - RS,60557,Padrão,RS,16454781.89
DCA-Anexo I-D,2019,DESPESA|INVESTIMENT,DCA-Anexo I-D,DO4.4.00.00.00.00,4318002,Despesas Liquidadas,4.4.00.00.00 - Investimentos,2019,Prefeitura Municipal de São Borja - RS,60557,Padrão,RS,13081553.74
DCA-Anexo I-D,2019,DESPESA|INVESTIMENT,DCA-Anexo I-D,DO4.4.00.00.00.00,4318002,Despesas Pagas,4.4.00.00.00 - Investimentos,2019,Prefeitura Municipal de São Borja - RS,60557,Padrão,RS,12879877.13
DCA-Anexo I-D,2019,INVESTIMENT,DCA-Anexo I-D,DO4.4.00.00.00.00,4318002,Inscrição de Restos a Pagar Não Processados,4.4.00.00.00 - Investimentos,2019,Prefeitura Municipal de São Borja - RS,60557,Padrão,RS,3373228.15
DCA-Anexo I-D,2019,INVESTIMENT,DCA-Anexo I-D,DO4.4.00.00.00.00,4318002,Inscrição de Restos a Pagar Processados,4.4.00.00.00 - Investimentos,2019,Prefeitura Municipal de São Borja - RS,60557,Padrão,RS,201676.61
DCA-Anexo I-D,2019,DESPESA,DCA-Anexo I-D,DO4.4.20.00.00.00,4318002,Despesas Empenhadas,4.4.20.00.00 - Transferências à União,2019,Prefeitura Municipal de São Borja - RS,60557,Padrão,RS,242218.56
DCA-Anexo I-D,2019,DESPESA,DCA-Anexo I-D,DO4.4.20.00.00.00,4318002,Despesas Liquidadas,4.4.20.00.00 - Transferências à União,2019,Prefeitura Municipal de São Borja - RS,60557,Padrão,RS,242218.56
DCA-Anexo I-D,2019,DESPESA,DCA-Anexo I-D,DO4.4.20.00.00.00,4318002,Despesas Pagas,4.4.20.00.00 - Transferências à União,2019,Prefeitura Municipal de São Borja - RS,60557,Padrão,RS,242218.56
DCA-Anexo I-D,2019,DESPESA,DCA-Anexo I-D,DO4.4.90.00.00.00,4318002,Despesas Empenhadas,4.4.90.00.00 - Aplicações Diretas,2019,Prefeitura Municipal de São Borja - RS,60557,Padrão,RS,10091059.74
DCA-Anexo I-D,2019,DESPESA,DCA-Anexo I-D,DO4.4.90.00.00.00,4318002,Despesas Liquidadas,4.4.90.00.00 - Aplicações Diretas,2019,Prefeitura Municipal de São Borja - RS,60557,Padrão,RS,6717831.59
DCA-Anexo I-D,2019,DESPESA,DCA-Anexo I-D,DO4.4.90.00.00.00,4318002,Despesas Pagas,4.4.90.00.00 - Aplicações Diretas,2019,Prefeitura Municipal de São Borja - RS,60557,Padrão,RS,6516154.98
DCA-Anexo I-D,2019,DESPESA,DCA-Anexo I-D,DO4.4.90.40.00.00,4318002,Despesas Empenhadas,4.4.90.40.00 - Serviços de Tecnologia da Informação e Comunicação (TIC) - Pessoa Jurídica,2019,Prefeitura Municipal de São Borja - RS,60557,Padrão,RS,6980
DCA-Anexo I-D,2019,DESPESA,DCA-Anexo I-D,DO4.4.90.40.00.00,4318002,Despesas Liquidadas,4.4.90.40.00 - Serviços de Tecnologia da Informação e Comunicação (TIC) - Pessoa Jurídica,2019,Prefeitura Municipal de São Borja - RS,60557,Padrão,RS,6980
DCA-Anexo I-D,2019,DESPESA,DCA-Anexo I-D,DO4.4.90.40.00.00,4318002,Despesas Pagas,4.4.90.40.00 - Serviços de Tecnologia da Informação e Comunicação (TIC) - Pessoa Jurídica,2019,Prefeitura Municipal de São Borja - RS,60557,Padrão,RS,6980
DCA-Anexo I-D,2019,DESPESA,DCA-Anexo I-D,DO4.4.90.51.00.00,4318002,Despesas Empenhadas,4.4.90.51.00 - Obras e Instalações,2019,Prefeitura Municipal de São Borja - RS,60557,Padrão,RS,6567250.83
DCA-Anexo I-D,2019,DESPESA,DCA-Anexo I-D,DO4.4.90.51.00.00,4318002,Despesas Liquidadas,4.4.90.51.00 - Obras e Instalações,2019,Prefeitura Municipal de São Borja - RS,60557,Padrão,RS,3860194
DCA-Anexo I-D,2019,DESPESA,DCA-Anexo I-D,DO4.4.90.51.00.00,4318002,Despesas Pagas,4.4.90.51.00 - Obras e Instalações,2019,Prefeitura Municipal de São Borja - RS,60557,Padrão,RS,3818986.19
DCA-Anexo I-D,2019,DESPESA,DCA-Anexo I-D,DO4.4.90.51.91.00,4318002,Despesas Empenhadas,4.4.90.51.91 - Obras em Andamento,2019,Prefeitura Municipal de São Borja - RS,60557,Padrão,RS,6567250.83
DCA-Anexo I-D,2019,DESPESA,DCA-Anexo I-D,DO4.4.90.51.91.00,4318002,Despesas Liquidadas,4.4.90.51.91 - Obras em Andamento,2019,Prefeitura Municipal de São Borja - RS,60557,Padrão,RS,3860194
DCA-Anexo I-D,2019,DESPESA,DCA-Anexo I-D,DO4.4.90.51.91.00,4318002,Despesas Pagas,4.4.90.51.91 - Obras em Andamento,2019,Prefeitura Municipal de São Borja - RS,60557,Padrão,RS,3818986.19
DCA-Anexo I-D,2019,DESPESA,DCA-Anexo I-D,DO4.4.90.52.00.00,4318002,Despesas Empenhadas,4.4.90.52.00 - Equipamentos e Material Permanente,2019,Prefeitura Municipal de São Borja - RS,60557,Padrão,RS,3178637.35
DCA-Anexo I-D,2019,DESPESA,DCA-Anexo I-D,DO4.4.90.52.00.00,4318002,Despesas Liquidadas,4.4.90.52.00 - Equipamentos e Material Permanente,2019,Prefeitura Municipal de São Borja - RS,60557,Padrão,RS,2512466.03
DCA-Anexo I-D,2019,DESPESA,DCA-Anexo I-D,DO4.4.90.52.00.00,4318002,Despesas Pagas,4.4.90.52.00 - Equipamentos e Material Permanente,2019,Prefeitura Municipal de São Borja - RS,60557,Padrão,RS,2351997.23
DCA-Anexo I-D,2019,DESPESA,DCA-Anexo I-D,DO4.4.90.61.00.00,4318002,Despesas Empenhadas,4.4.90.61.00 - Aquisição de Imóveis,2019,Prefeitura Municipal de São Borja - RS,60557,Padrão,RS,338191.56
DCA-Anexo I-D,2019,DESPESA,DCA-Anexo I-D,DO4.4.90.61.00.00,4318002,Despesas Liquidadas,4.4.90.61.00 - Aquisição de Imóveis,2019,Prefeitura Municipal de São Borja - RS,60557,Padrão,RS,338191.56
DCA-Anexo I-D,2019,DESPESA,DCA-Anexo I-D,DO4.4.90.61.00.00,4318002,Despesas Pagas,4.4.90.61.00 - Aquisição de Imóveis,2019,Prefeitura Municipal de São Borja - RS,60557,Padrão,RS,338191.56
DCA-Anexo I-D,2019,DESPESA,DCA-Anexo I-D,DI4.4.91.00.00.00,4318002,Despesas Empenhadas,"4.4.91.00.00 - Aplicação Direta Decorrente de Operação entre Órgãos, Fundos e Entidades Integrantes dos Orçamentos Fiscal e da Seguridade Social",2019,Prefeitura Municipal de São Borja - RS,60557,Padrão,RS,6121503.59
DCA-Anexo I-D,2019,DESPESA,DCA-Anexo I-D,DI4.4.91.00.00.00,4318002,Despesas Liquidadas,"4.4.91.00.00 - Aplicação Direta Decorrente de Operação entre Órgãos, Fundos e Entidades Integrantes dos Orçamentos Fiscal e da Seguridade Social",2019,Prefeitura Municipal de São Borja - RS,60557,Padrão,RS,6121503.59
DCA-Anexo I-D,2019,DESPESA,DCA-Anexo I-D,DI4.4.91.00.00.00,4318002,Despesas Pagas,"4.4.91.00.00 - Aplicação Direta Decorrente de Operação entre Órgãos, Fundos e Entidades Integrantes dos Orçamentos Fiscal e da Seguridade Social",2019,Prefeitura Municipal de São Borja - RS,60557,Padrão,RS,6121503.59
DCA-Anexo I-D,2019,DESPESA|DIVIDA,DCA-Anexo I-D,DO4.6.00.00.00.00,4318002,Despesas Empenhadas,4.6.00.00.00 - Amortização da Dívida,2019,Prefeitura Municipal de São Borja - RS,60557,Padrão,RS,1002620.59
DCA-Anexo I-D,2019,DESPESA|DIVIDA,DCA-Anexo I-D,DO4.6.00.00.00.00,4318002,Despesas Liquidadas,4.6.00.00.00 - Amortização da Dívida,2019,Prefeitura Municipal de São Borja - RS,60557,Padrão,RS,1002620.59
DCA-Anexo I-D,2019,DESPESA|DIVIDA,DCA-Anexo I-D,DO4.6.00.00.00.00,4318002,Despesas Pagas,4.6.00.00.00 - Amortização da Dívida,2019,Prefeitura Municipal de São Borja - RS,60557,Padrão,RS,1002620.59
DCA-Anexo I-D,2019,DESPESA,DCA-Anexo I-D,DO4.6.90.00.00.00,4318002,Despesas Empenhadas,4.6.90.00.00 - Aplicações Diretas,2019,Prefeitura Municipal de São Borja - RS,60557,Padrão,RS,1002620.59
DCA-Anexo I-D,2019,DESPESA,DCA-Anexo I-D,DO4.6.90.00.00.00,4318002,Despesas Liquidadas,4.6.90.00.00 - Aplicações Diretas,2019,Prefeitura Municipal de São Borja - RS,60557,Padrão,RS,1002620.59
DCA-Anexo I-D,2019,DESPESA,DCA-Anexo I-D,DO4.6.90.00.00.00,4318002,Despesas Pagas,4.6.90.00.00 - Aplicações Diretas,2019,Prefeitura Municipal de São Borja - RS,60557,Padrão,RS,1002620.59
DCA-Anexo I-D,2019,DESPESA|DIVIDA,DCA-Anexo I-D,DO4.6.90.71.00.00,4318002,Despesas Empenhadas,4.6.90.71.00 - Principal da Dívida Contratual Resgatado,2019,Prefeitura Municipal de São Borja - RS,60557,Padrão,RS,1002620.59
DCA-Anexo I-D,2019,DESPESA|DIVIDA,DCA-Anexo I-D,DO4.6.90.71.00.00,4318002,Despesas Liquidadas,4.6.90.71.00 - Principal da Dívida Contratual Resgatado,2019,Prefeitura Municipal de São Borja - RS,60557,Padrão,RS,1002620.59
DCA-Anexo I-D,2019,DESPESA|DIVIDA,DCA-Anexo I-D,DO4.6.90.71.00.00,4318002,Despesas Pagas,4.6.90.71.00 - Principal da Dívida Contratual Resgatado,2019,Prefeitura Municipal de São Borja - RS,60557,Padrão,RS,1002620.59
DCA-Anexo I-E,2019,DESPESA,DCA-Anexo I-E,TotalDespesas,4318002,Despesas Empenhadas,Despesas Exceto Intraorçamentárias,2019,Prefeitura Municipal de São Borja - RS,60557,Total Geral da Despesa por Função,RS,187400190.02
DCA-Anexo I-E,2019,DESPESA,DCA-Anexo I-E,TotalDespesas,4318002,Despesas Empenhadas,01 - Legislativa,2019,Prefeitura Municipal de São Borja - RS,60557,Total Geral da Despesa por Função,RS,6648396.81
DCA-Anexo I-E,2019,DESPESA,DCA-Anexo I-E,TotalDespesas,4318002,Despesas Empenhadas,01.031 - Ação Legislativa,2019,Prefeitura Municipal de São Borja - RS,60557,Total Geral da Despesa por Função,RS,6648396.81
DCA-Anexo I-E,2019,DESPESA,DCA-Anexo I-E,TotalDespesas,4318002,Despesas Empenhadas,04 - Administração,2019,Prefeitura Municipal de São Borja - RS,60557,Total Geral da Despesa por Função,RS,23201403
DCA-Anexo I-E,2019,DESPESA,DCA-Anexo I-E,TotalDespesas,4318002,Despesas Empenhadas,04.122 - Administração Geral,2019,Prefeitura Municipal de São Borja - RS,60557,Total Geral da Despesa por Função,RS,22414457.61
DCA-Anexo I-E,2019,DESPESA,DCA-Anexo I-E,TotalDespesas,4318002,Despesas Empenhadas,04.124 - Controle Interno,2019,Prefeitura Municipal de São Borja - RS,60557,Total Geral da Despesa por Função,RS,232161.68
DCA-Anexo I-E,2019,DESPESA,DCA-Anexo I-E,TotalDespesas,4318002,Despesas Empenhadas,04.126 - Tecnologia da Informação,2019,Prefeitura Municipal de São Borja - RS,60557,Total Geral da Despesa por Função,RS,554783.71
DCA-Anexo I-E,2019,DESPESA,DCA-Anexo I-E,TotalDespesas,4318002,Despesas Empenhadas,06 - Segurança Pública,2019,Prefeitura Municipal de São Borja - RS,60557,Total Geral da Despesa por Função,RS,864558.34
DCA-Anexo I-E,2019,DESPESA,DCA-Anexo I-E,TotalDespesas,4318002,Despesas Empenhadas,06.181 - Policiamento,2019,Prefeitura Municipal de São Borja - RS,60557,Total Geral da Despesa por Função,RS,346543.99
DCA-Anexo I-E,2019,DESPESA,DCA-Anexo I-E,TotalDespesas,4318002,Despesas Empenhadas,06.182 - Defesa Civil,2019,Prefeitura Municipal de São Borja - RS,60557,Total Geral da Despesa por Função,RS,518014.35
DCA-Anexo I-E,2019,DESPESA,DCA-Anexo I-E,TotalDespesas,4318002,Despesas Empenhadas,08 - Assistência Social,2019,Prefeitura Municipal de São Borja - RS,60557,Total Geral da Despesa por Função,RS,5190198.99
DCA-Anexo I-E,2019,DESPESA,DCA-Anexo I-E,TotalDespesas,4318002,Despesas Empenhadas,08.241 - Assistência ao Idoso,2019,Prefeitura Municipal de São Borja - RS,60557,Total Geral da Despesa por Função,RS,278202.56
DCA-Anexo I-E,2019,DESPESA,DCA-Anexo I-E,TotalDespesas,4318002,Despesas Empenhadas,08.242 - Assistência ao Portador de Deficiência,2019,Prefeitura Municipal de São Borja - RS,60557,Total Geral da Despesa por Função,RS,118688.4
DCA-Anexo I-E,2019,DESPESA,DCA-Anexo I-E,TotalDespesas,4318002,Despesas Empenhadas,08.243 - Assistência à Criança e ao Adolescente,2019,Prefeitura Municipal de São Borja - RS,60557,Total Geral da Despesa por Função,RS,2088860.3
DCA-Anexo I-E,2019,DESPESA,DCA-Anexo I-E,TotalDespesas,4318002,Despesas Empenhadas,08.244 - Assistência Comunitária,2019,Prefeitura Municipal de São Borja - RS,60557,Total Geral da Despesa por Função,RS,1993349.09
DCA-Anexo I-E,2019,DESPESA,DCA-Anexo I-E,TotalDespesas,4318002,Despesas Empenhadas,08.122 - Administração Geral,2019,Prefeitura Municipal de São Borja - RS,60557,Total Geral da Despesa por Função,RS,711098.64
DCA-Anexo I-E,2019,DESPESA|PREVID,DCA-Anexo I-E,TotalDespesas,4318002,Despesas Empenhadas,09 - Previdência Social,2019,Prefeitura Municipal de São Borja - RS,60557,Total Geral da Despesa por Função,RS,23515729.76
DCA-Anexo I-E,2019,DESPESA|PREVID,DCA-Anexo I-E,TotalDespesas,4318002,Despesas Empenhadas,09.272 - Previdência do Regime Estatutário,2019,Prefeitura Municipal de São Borja - RS,60557,Total Geral da Despesa por Função,RS,23236599.58
DCA-Anexo I-E,2019,DESPESA,DCA-Anexo I-E,TotalDespesas,4318002,Despesas Empenhadas,09.122 - Administração Geral,2019,Prefeitura Municipal de São Borja - RS,60557,Total Geral da Despesa por Função,RS,279130.18
DCA-Anexo I-E,2019,DESPESA,DCA-Anexo I-E,TotalDespesas,4318002,Despesas Empenhadas,10 - Saúde,2019,Prefeitura Municipal de São Borja - RS,60557,Total Geral da Despesa por Função,RS,57819895.69
DCA-Anexo I-E,2019,DESPESA,DCA-Anexo I-E,TotalDespesas,4318002,Despesas Empenhadas,10.301 - Atenção Básica,2019,Prefeitura Municipal de São Borja - RS,60557,Total Geral da Despesa por Função,RS,20538839.53
DCA-Anexo I-E,2019,DESPESA,DCA-Anexo I-E,TotalDespesas,4318002,Despesas Empenhadas,10.302 - Assistência Hospitalar e Ambulatorial,2019,Prefeitura Municipal de São Borja - RS,60557,Total Geral da Despesa por Função,RS,31920447.91
DCA-Anexo I-E,2019,DESPESA,DCA-Anexo I-E,TotalDespesas,4318002,Despesas Empenhadas,10.303 - Suporte Profilático e Terapêutico,2019,Prefeitura Municipal de São Borja - RS,60557,Total Geral da Despesa por Função,RS,2402466.16
DCA-Anexo I-E,2019,DESPESA,DCA-Anexo I-E,TotalDespesas,4318002,Despesas Empenhadas,10.304 - Vigilância Sanitária,2019,Prefeitura Municipal de São Borja - RS,60557,Total Geral da Despesa por Função,RS,756614.97
DCA-Anexo I-E,2019,DESPESA,DCA-Anexo I-E,TotalDespesas,4318002,Despesas Empenhadas,10.122 - Administração Geral,2019,Prefeitura Municipal de São Borja - RS,60557,Total Geral da Despesa por Função,RS,2201527.12
DCA-Anexo I-E,2019,DESPESA,DCA-Anexo I-E,TotalDespesas,4318002,Despesas Empenhadas,11 - Trabalho,2019,Prefeitura Municipal de São Borja - RS,60557,Total Geral da Despesa por Função,RS,25154.86
DCA-Anexo I-E,2019,DESPESA,DCA-Anexo I-E,TotalDespesas,4318002,Despesas Empenhadas,11.334 - Fomento ao Trabalho,2019,Prefeitura Municipal de São Borja - RS,60557,Total Geral da Despesa por Função,RS,25154.86
DCA-Anexo I-E,2019,DESPESA,DCA-Anexo I-E,TotalDespesas,4318002,Despesas Empenhadas,12 - Educação,2019,Prefeitura Municipal de São Borja - RS,60557,Total Geral da Despesa por Função,RS,45582500.6
DCA-Anexo I-E,2019,DESPESA,DCA-Anexo I-E,TotalDespesas,4318002,Despesas Empenhadas,12.361 - Ensino Fundamental,2019,Prefeitura Municipal de São Borja - RS,60557,Total Geral da Despesa por Função,RS,33109396.65
DCA-Anexo I-E,2019,DESPESA,DCA-Anexo I-E,TotalDespesas,4318002,Despesas Empenhadas,12.362 - Ensino Médio,2019,Prefeitura Municipal de São Borja - RS,60557,Total Geral da Despesa por Função,RS,751301.39
DCA-Anexo I-E,2019,DESPESA,DCA-Anexo I-E,TotalDespesas,4318002,Despesas Empenhadas,12.365 - Educação Infantil,2019,Prefeitura Municipal de São Borja - RS,60557,Total Geral da Despesa por Função,RS,4477591.69
DCA-Anexo I-E,2019,DESPESA,DCA-Anexo I-E,TotalDespesas,4318002,Despesas Empenhadas,12.366 - Educação de Jovens e Adultos,2019,Prefeitura Municipal de São Borja - RS,60557,Total Geral da Despesa por Função,RS,181197.74
DCA-Anexo I-E,2019,DESPESA,DCA-Anexo I-E,TotalDespesas,4318002,Despesas Empenhadas,12.122 - Administração Geral,2019,Prefeitura Municipal de São Borja - RS,60557,Total Geral da Despesa por Função,RS,7063013.13
DCA-Anexo I-E,2019,DESPESA,DCA-Anexo I-E,TotalDespesas,4318002,Despesas Empenhadas,13 - Cultura,2019,Prefeitura Municipal de São Borja - RS,60557,Total Geral da Despesa por Função,RS,571673.27
DCA-Anexo I-E,2019,DESPESA,DCA-Anexo I-E,TotalDespesas,4318002,Despesas Empenhadas,13.392 - Difusão Cultural,2019,Prefeitura Municipal de São Borja - RS,60557,Total Geral da Despesa por Função,RS,571673.27
DCA-Anexo I-E,2019,DESPESA,DCA-Anexo I-E,TotalDespesas,4318002,Despesas Empenhadas,14 - Direitos da Cidadania,2019,Prefeitura Municipal de São Borja - RS,60557,Total Geral da Despesa por Função,RS,1688.56
DCA-Anexo I-E,2019,DESPESA,DCA-Anexo I-E,TotalDespesas,4318002,Despesas Empenhadas,"14.422 - Direitos Individuais, Coletivos e Difusos",2019,Prefeitura Municipal de São Borja - RS,60557,Total Geral da Despesa por Função,RS,1688.56
DCA-Anexo I-E,2019,DESPESA,DCA-Anexo I-E,TotalDespesas,4318002,Despesas Empenhadas,15 - Urbanismo,2019,Prefeitura Municipal de São Borja - RS,60557,Total Geral da Despesa por Função,RS,12381361.79
DCA-Anexo I-E,2019,DESPESA,DCA-Anexo I-E,TotalDespesas,4318002,Despesas Empenhadas,15.451 - Infraestrutura Urbana,2019,Prefeitura Municipal de São Borja - RS,60557,Total Geral da Despesa por Função,RS,3653776.12
DCA-Anexo I-E,2019,DESPESA,DCA-Anexo I-E,TotalDespesas,4318002,Despesas Empenhadas,15.452 - Serviços Urbanos,2019,Prefeitura Municipal de São Borja - RS,60557,Total Geral da Despesa por Função,RS,8727585.67
DCA-Anexo I-E,2019,DESPESA,DCA-Anexo I-E,TotalDespesas,4318002,Despesas Empenhadas,16 - Habitação,2019,Prefeitura Municipal de São Borja - RS,60557,Total Geral da Despesa por Função,RS,3639.22
DCA-Anexo I-E,2019,DESPESA,DCA-Anexo I-E,TotalDespesas,4318002,Despesas Empenhadas,16.482 - Habitação Urbana,2019,Prefeitura Municipal de São Borja - RS,60557,Total Geral da Despesa por Função,RS,3639.22
DCA-Anexo I-E,2019,DESPESA,DCA-Anexo I-E,TotalDespesas,4318002,Despesas Empenhadas,17 - Saneamento,2019,Prefeitura Municipal de São Borja - RS,60557,Total Geral da Despesa por Função,RS,63989.78
DCA-Anexo I-E,2019,DESPESA,DCA-Anexo I-E,TotalDespesas,4318002,Despesas Empenhadas,17.511 - Saneamento Básico Rural,2019,Prefeitura Municipal de São Borja - RS,60557,Total Geral da Despesa por Função,RS,63989.78
DCA-Anexo I-E,2019,DESPESA,DCA-Anexo I-E,TotalDespesas,4318002,Despesas Empenhadas,18 - Gestão Ambiental,2019,Prefeitura Municipal de São Borja - RS,60557,Total Geral da Despesa por Função,RS,25203.29
DCA-Anexo I-E,2019,DESPESA,DCA-Anexo I-E,TotalDespesas,4318002,Despesas Empenhadas,18.541 - Preservação e Conservação Ambiental,2019,Prefeitura Municipal de São Borja - RS,60557,Total Geral da Despesa por Função,RS,25203.29
DCA-Anexo I-E,2019,DESPESA,DCA-Anexo I-E,TotalDespesas,4318002,Despesas Empenhadas,20 - Agricultura,2019,Prefeitura Municipal de São Borja - RS,60557,Total Geral da Despesa por Função,RS,753755.45
DCA-Anexo I-E,2019,DESPESA,DCA-Anexo I-E,TotalDespesas,4318002,Despesas Empenhadas,20.606 - Extensão Rural,2019,Prefeitura Municipal de São Borja - RS,60557,Total Geral da Despesa por Função,RS,638878.45
DCA-Anexo I-E,2019,DESPESA,DCA-Anexo I-E,TotalDespesas,4318002,Despesas Empenhadas,20.122 - Administração Geral,2019,Prefeitura Municipal de São Borja - RS,60557,Total Geral da Despesa por Função,RS,114877
DCA-Anexo I-E,2019,DESPESA,DCA-Anexo I-E,TotalDespesas,4318002,Despesas Empenhadas,23 - Comércio e Serviços,2019,Prefeitura Municipal de São Borja - RS,60557,Total Geral da Despesa por Função,RS,418411.16
DCA-Anexo I-E,2019,DESPESA,DCA-Anexo I-E,TotalDespesas,4318002,Despesas Empenhadas,23.695 - Turismo,2019,Prefeitura Municipal de São Borja - RS,60557,Total Geral da Despesa por Função,RS,418411.16
DCA-Anexo I-E,2019,DESPESA,DCA-Anexo I-E,TotalDespesas,4318002,Despesas Empenhadas,26 - Transporte,2019,Prefeitura Municipal de São Borja - RS,60557,Total Geral da Despesa por Função,RS,2042227.03
DCA-Anexo I-E,2019,DESPESA,DCA-Anexo I-E,TotalDespesas,4318002,Despesas Empenhadas,26.781 - Transporte Aéreo,2019,Prefeitura Municipal de São Borja - RS,60557,Total Geral da Despesa por Função,RS,74000.9
DCA-Anexo I-E,2019,DESPESA,DCA-Anexo I-E,TotalDespesas,4318002,Despesas Empenhadas,26.782 - Transporte Rodoviário,2019,Prefeitura Municipal de São Borja - RS,60557,Total Geral da Despesa por Função,RS,1968226.13
DCA-Anexo I-E,2019,DESPESA,DCA-Anexo I-E,TotalDespesas,4318002,Despesas Empenhadas,27 - Desporto e Lazer,2019,Prefeitura Municipal de São Borja - RS,60557,Total Geral da Despesa por Função,RS,232798.16
DCA-Anexo I-E,2019,DESPESA,DCA-Anexo I-E,TotalDespesas,4318002,Despesas Empenhadas,27.812 - Desporto Comunitário,2019,Prefeitura Municipal de São Borja - RS,60557,Total Geral da Despesa por Função,RS,223652.32
DCA-Anexo I-E,2019,DESPESA,DCA-Anexo I-E,TotalDespesas,4318002,Despesas Empenhadas,27.813 - Lazer,2019,Prefeitura Municipal de São Borja - RS,60557,Total Geral da Despesa por Função,RS,9145.84
DCA-Anexo I-E,2019,DESPESA,DCA-Anexo I-E,TotalDespesas,4318002,Despesas Empenhadas,28 - Encargos Especiais,2019,Prefeitura Municipal de São Borja - RS,60557,Total Geral da Despesa por Função,RS,8057604.26
DCA-Anexo I-E,2019,DESPESA|DIVIDA,DCA-Anexo I-E,TotalDespesas,4318002,Despesas Empenhadas,28.843 - Serviço da Dívida Interna,2019,Prefeitura Municipal de São Borja - RS,60557,Total Geral da Despesa por Função,RS,8057604.26
DCA-Anexo I-E,2019,DESPESA,DCA-Anexo I-E,TotalDespesas,4318002,Despesas Empenhadas,Despesas Intraorçamentárias,2019,Prefeitura Municipal de São Borja - RS,60557,Total Geral da Despesa por Função,RS,16884116.06
DCA-Anexo I-E,2019,DESPESA,DCA-Anexo I-E,TotalDespesas,4318002,Despesas Liquidadas,Despesas Exceto Intraorçamentárias,2019,Prefeitura Municipal de São Borja - RS,60557,Total Geral da Despesa por Função,RS,181044585.8
DCA-Anexo I-E,2019,DESPESA,DCA-Anexo I-E,TotalDespesas,4318002,Despesas Liquidadas,01 - Legislativa,2019,Prefeitura Municipal de São Borja - RS,60557,Total Geral da Despesa por Função,RS,6540420.84
DCA-Anexo I-E,2019,DESPESA,DCA-Anexo I-E,TotalDespesas,4318002,Despesas Liquidadas,01.031 - Ação Legislativa,2019,Prefeitura Municipal de São Borja - RS,60557,Total Geral da Despesa por Função,RS,6540420.84
DCA-Anexo I-E,2019,DESPESA,DCA-Anexo I-E,TotalDespesas,4318002,Despesas Liquidadas,04 - Administração,2019,Prefeitura Municipal de São Borja - RS,60557,Total Geral da Despesa por Função,RS,22883738.67
DCA-Anexo I-E,2019,DESPESA,DCA-Anexo I-E,TotalDespesas,4318002,Despesas Liquidadas,04.122 - Administração Geral,2019,Prefeitura Municipal de São Borja - RS,60557,Total Geral da Despesa por Função,RS,22129493.28
DCA-Anexo I-E,2019,DESPESA,DCA-Anexo I-E,TotalDespesas,4318002,Despesas Liquidadas,04.124 - Controle Interno,2019,Prefeitura Municipal de São Borja - RS,60557,Total Geral da Despesa por Função,RS,232161.68
DCA-Anexo I-E,2019,DESPESA,DCA-Anexo I-E,TotalDespesas,4318002,Despesas Liquidadas,04.126 - Tecnologia da Informação,2019,Prefeitura Municipal de São Borja - RS,60557,Total Geral da Despesa por Função,RS,522083.71
DCA-Anexo I-E,2019,DESPESA,DCA-Anexo I-E,TotalDespesas,4318002,Despesas Liquidadas,06 - Segurança Pública,2019,Prefeitura Municipal de São Borja - RS,60557,Total Geral da Despesa por Função,RS,849274.79
DCA-Anexo I-E,2019,DESPESA,DCA-Anexo I-E,TotalDespesas,4318002,Despesas Liquidadas,06.181 - Policiamento,2019,Prefeitura Municipal de São Borja - RS,60557,Total Geral da Despesa por Função,RS,340749.09
DCA-Anexo I-E,2019,DESPESA,DCA-Anexo I-E,TotalDespesas,4318002,Despesas Liquidadas,06.182 - Defesa Civil,2019,Prefeitura Municipal de São Borja - RS,60557,Total Geral da Despesa por Função,RS,508525.7
DCA-Anexo I-E,2019,DESPESA,DCA-Anexo I-E,TotalDespesas,4318002,Despesas Liquidadas,08 - Assistência Social,2019,Prefeitura Municipal de São Borja - RS,60557,Total Geral da Despesa por Função,RS,4937465.94
DCA-Anexo I-E,2019,DESPESA,DCA-Anexo I-E,TotalDespesas,4318002,Despesas Liquidadas,08.241 - Assistência ao Idoso,2019,Prefeitura Municipal de São Borja - RS,60557,Total Geral da Despesa por Função,RS,276694.43
DCA-Anexo I-E,2019,DESPESA,DCA-Anexo I-E,TotalDespesas,4318002,Despesas Liquidadas,08.242 - Assistência ao Portador de Deficiência,2019,Prefeitura Municipal de São Borja - RS,60557,Total Geral da Despesa por Função,RS,118688.4
DCA-Anexo I-E,2019,DESPESA,DCA-Anexo I-E,TotalDespesas,4318002,Despesas Liquidadas,08.243 - Assistência à Criança e ao Adolescente,2019,Prefeitura Municipal de São Borja - RS,60557,Total Geral da Despesa por Função,RS,1848283.42
DCA-Anexo I-E,2019,DESPESA,DCA-Anexo I-E,TotalDespesas,4318002,Despesas Liquidadas,08.244 - Assistência Comunitária,2019,Prefeitura Municipal de São Borja - RS,60557,Total Geral da Despesa por Função,RS,1982701.05
DCA-Anexo I-E,2019,DESPESA,DCA-Anexo I-E,TotalDespesas,4318002,Despesas Liquidadas,08.122 - Administração Geral,2019,Prefeitura Municipal de São Borja - RS,60557,Total Geral da Despesa por Função,RS,711098.64
DCA-Anexo I-E,2019,DESPESA|PREVID,DCA-Anexo I-E,TotalDespesas,4318002,Despesas Liquidadas,09 - Previdência Social,2019,Prefeitura Municipal de São Borja - RS,60557,Total Geral da Despesa por Função,RS,23515726.63
DCA-Anexo I-E,2019,DESPESA|PREVID,DCA-Anexo I-E,TotalDespesas,4318002,Despesas Liquidadas,09.272 - Previdência do Regime Estatutário,2019,Prefeitura Municipal de São Borja - RS,60557,Total Geral da Despesa por Função,RS,23236599.58
DCA-Anexo I-E,2019,DESPESA,DCA-Anexo I-E,TotalDespesas,4318002,Despesas Liquidadas,09.122 - Administração Geral,2019,Prefeitura Municipal de São Borja - RS,60557,Total Geral da Despesa por Função,RS,279127.05
DCA-Anexo I-E,2019,DESPESA,DCA-Anexo I-E,TotalDespesas,4318002,Despesas Liquidadas,10 - Saúde,2019,Prefeitura Municipal de São Borja - RS,60557,Total Geral da Despesa por Função,RS,55380875.98
DCA-Anexo I-E,2019,DESPESA,DCA-Anexo I-E,TotalDespesas,4318002,Despesas Liquidadas,10.301 - Atenção Básica,2019,Prefeitura Municipal de São Borja - RS,60557,Total Geral da Despesa por Função,RS,20288876.5
DCA-Anexo I-E,2019,DESPESA,DCA-Anexo I-E,TotalDespesas,4318002,Despesas Liquidadas,10.302 - Assistência Hospitalar e Ambulatorial,2019,Prefeitura Municipal de São Borja - RS,60557,Total Geral da Despesa por Função,RS,29915935.29
DCA-Anexo I-E,2019,DESPESA,DCA-Anexo I-E,TotalDespesas,4318002,Despesas Liquidadas,10.303 - Suporte Profilático e Terapêutico,2019,Prefeitura Municipal de São Borja - RS,60557,Total Geral da Despesa por Função,RS,2237922.1
DCA-Anexo I-E,2019,DESPESA,DCA-Anexo I-E,TotalDespesas,4318002,Despesas Liquidadas,10.304 - Vigilância Sanitária,2019,Prefeitura Municipal de São Borja - RS,60557,Total Geral da Despesa por Função,RS,736614.97
DCA-Anexo I-E,2019,DESPESA,DCA-Anexo I-E,TotalDespesas,4318002,Despesas Liquidadas,10.122 - Administração Geral,2019,Prefeitura Municipal de São Borja - RS,60557,Total Geral da Despesa por Função,RS,2201527.12
DCA-Anexo I-E,2019,DESPESA,DCA-Anexo I-E,TotalDespesas,4318002,Despesas Liquidadas,11 - Trabalho,2019,Prefeitura Municipal de São Borja - RS,60557,Total Geral da Despesa por Função,RS,25154.86
DCA-Anexo I-E,2019,DESPESA,DCA-Anexo I-E,TotalDespesas,4318002,Despesas Liquidadas,11.334 - Fomento ao Trabalho,2019,Prefeitura Municipal de São Borja - RS,60557,Total Geral da Despesa por Função,RS,25154.86
DCA-Anexo I-E,2019,DESPESA,DCA-Anexo I-E,TotalDespesas,4318002,Despesas Liquidadas,12 - Educação,2019,Prefeitura Municipal de São Borja - RS,60557,Total Geral da Despesa por Função,RS,45406333.21
DCA-Anexo I-E,2019,DESPESA,DCA-Anexo I-E,TotalDespesas,4318002,Despesas Liquidadas,12.361 - Ensino Fundamental,2019,Prefeitura Municipal de São Borja - RS,60557,Total Geral da Despesa por Função,RS,33013809.37
DCA-Anexo I-E,2019,DESPESA,DCA-Anexo I-E,TotalDespesas,4318002,Despesas Liquidadas,12.362 - Ensino Médio,2019,Prefeitura Municipal de São Borja - RS,60557,Total Geral da Despesa por Função,RS,747170.64
DCA-Anexo I-E,2019,DESPESA,DCA-Anexo I-E,TotalDespesas,4318002,Despesas Liquidadas,12.365 - Educação Infantil,2019,Prefeitura Municipal de São Borja - RS,60557,Total Geral da Despesa por Função,RS,4418391.27
DCA-Anexo I-E,2019,DESPESA,DCA-Anexo I-E,TotalDespesas,4318002,Despesas Liquidadas,12.366 - Educação de Jovens e Adultos,2019,Prefeitura Municipal de São Borja - RS,60557,Total Geral da Despesa por Função,RS,174234.45
DCA-Anexo I-E,2019,DESPESA,DCA-Anexo I-E,TotalDespesas,4318002,Despesas Liquidadas,12.122 - Administração Geral,2019,Prefeitura Municipal de São Borja - RS,60557,Total Geral da Despesa por Função,RS,7052727.48
DCA-Anexo I-E,2019,DESPESA,DCA-Anexo I-E,TotalDespesas,4318002,Despesas Liquidadas,13 - Cultura,2019,Prefeitura Municipal de São Borja - RS,60557,Total Geral da Despesa por Função,RS,566152.59
DCA-Anexo I-E,2019,DESPESA,DCA-Anexo I-E,TotalDespesas,4318002,Despesas Liquidadas,13.392 - Difusão Cultural,2019,Prefeitura Municipal de São Borja - RS,60557,Total Geral da Despesa por Função,RS,566152.59
DCA-Anexo I-E,2019,DESPESA,DCA-Anexo I-E,TotalDespesas,4318002,Despesas Liquidadas,14 - Direitos da Cidadania,2019,Prefeitura Municipal de São Borja - RS,60557,Total Geral da Despesa por Função,RS,1270.14
DCA-Anexo I-E,2019,DESPESA,DCA-Anexo I-E,TotalDespesas,4318002,Despesas Liquidadas,"14.422 - Direitos Individuais, Coletivos e Difusos",2019,Prefeitura Municipal de São Borja - RS,60557,Total Geral da Despesa por Função,RS,1270.14
DCA-Anexo I-E,2019,DESPESA,DCA-Anexo I-E,TotalDespesas,4318002,Despesas Liquidadas,15 - Urbanismo,2019,Prefeitura Municipal de São Borja - RS,60557,Total Geral da Despesa por Função,RS,10364889.01
DCA-Anexo I-E,2019,DESPESA,DCA-Anexo I-E,TotalDespesas,4318002,Despesas Liquidadas,15.451 - Infraestrutura Urbana,2019,Prefeitura Municipal de São Borja - RS,60557,Total Geral da Despesa por Função,RS,3617261.74
DCA-Anexo I-E,2019,DESPESA,DCA-Anexo I-E,TotalDespesas,4318002,Despesas Liquidadas,15.452 - Serviços Urbanos,2019,Prefeitura Municipal de São Borja - RS,60557,Total Geral da Despesa por Função,RS,6747627.27
DCA-Anexo I-E,2019,DESPESA,DCA-Anexo I-E,TotalDespesas,4318002,Despesas Liquidadas,16 - Habitação,2019,Prefeitura Municipal de São Borja - RS,60557,Total Geral da Despesa por Função,RS,3639.22
DCA-Anexo I-E,2019,DESPESA,DCA-Anexo I-E,TotalDespesas,4318002,Despesas Liquidadas,16.482 - Habitação Urbana,2019,Prefeitura Municipal de São Borja - RS,60557,Total Geral da Despesa por Função,RS,3639.22
DCA-Anexo I-E,2019,DESPESA,DCA-Anexo I-E,TotalDespesas,4318002,Despesas Liquidadas,17 - Saneamento,2019,Prefeitura Municipal de São Borja - RS,60557,Total Geral da Despesa por Função,RS,56205.77
DCA-Anexo I-E,2019,DESPESA,DCA-Anexo I-E,TotalDespesas,4318002,Despesas Liquidadas,17.511 - Saneamento Básico Rural,2019,Prefeitura Municipal de São Borja - RS,60557,Total Geral da Despesa por Função,RS,56205.77
DCA-Anexo I-E,2019,DESPESA,DCA-Anexo I-E,TotalDespesas,4318002,Despesas Liquidadas,18 - Gestão Ambiental,2019,Prefeitura Municipal de São Borja - RS,60557,Total Geral da Despesa por Função,RS,23734.27
DCA-Anexo I-E,2019,DESPESA,DCA-Anexo I-E,TotalDespesas,4318002,Despesas Liquidadas,18.541 - Preservação e Conservação Ambiental,2019,Prefeitura Municipal de São Borja - RS,60557,Total Geral da Despesa por Função,RS,23734.27
DCA-Anexo I-E,2019,DESPESA,DCA-Anexo I-E,TotalDespesas,4318002,Despesas Liquidadas,20 - Agricultura,2019,Prefeitura Municipal de São Borja - RS,60557,Total Geral da Despesa por Função,RS,323401.16
DCA-Anexo I-E,2019,DESPESA,DCA-Anexo I-E,TotalDespesas,4318002,Despesas Liquidadas,20.606 - Extensão Rural,2019,Prefeitura Municipal de São Borja - RS,60557,Total Geral da Despesa por Função,RS,208524.16
DCA-Anexo I-E,2019,DESPESA,DCA-Anexo I-E,TotalDespesas,4318002,Despesas Liquidadas,20.122 - Administração Geral,2019,Prefeitura Municipal de São Borja - RS,60557,Total Geral da Despesa por Função,RS,114877
DCA-Anexo I-E,2019,DESPESA,DCA-Anexo I-E,TotalDespesas,4318002,Despesas Liquidadas,23 - Comércio e Serviços,2019,Prefeitura Municipal de São Borja - RS,60557,Total Geral da Despesa por Função,RS,147934.97
DCA-Anexo I-E,2019,DESPESA,DCA-Anexo I-E,TotalDespesas,4318002,Despesas Liquidadas,23.695 - Turismo,2019,Prefeitura Municipal de São Borja - RS,60557,Total Geral da Despesa por Função,RS,147934.97
DCA-Anexo I-E,2019,DESPESA,DCA-Anexo I-E,TotalDespesas,4318002,Despesas Liquidadas,26 - Transporte,2019,Prefeitura Municipal de São Borja - RS,60557,Total Geral da Despesa por Função,RS,1732735.33
DCA-Anexo I-E,2019,DESPESA,DCA-Anexo I-E,TotalDespesas,4318002,Despesas Liquidadas,26.781 - Transporte Aéreo,2019,Prefeitura Municipal de São Borja - RS,60557,Total Geral da Despesa por Função,RS,68509.2
DCA-Anexo I-E,2019,DESPESA,DCA-Anexo I-E,TotalDespesas,4318002,Despesas Liquidadas,26.782 - Transporte Rodoviário,2019,Prefeitura Municipal de São Borja - RS,60557,Total Geral da Despesa por Função,RS,1664226.13
DCA-Anexo I-E,2019,DESPESA,DCA-Anexo I-E,TotalDespesas,4318002,Despesas Liquidadas,27 - Desporto e Lazer,2019,Prefeitura Municipal de São Borja - RS,60557,Total Geral da Despesa por Função,RS,228028.16
DCA-Anexo I-E,2019,DESPESA,DCA-Anexo I-E,TotalDespesas,4318002,Despesas Liquidadas,27.812 - Desporto Comunitário,2019,Prefeitura Municipal de São Borja - RS,60557,Total Geral da Despesa por Função,RS,218882.32
DCA-Anexo I-E,2019,DESPESA,DCA-Anexo I-E,TotalDespesas,4318002,Despesas Liquidadas,27.813 - Lazer,2019,Prefeitura Municipal de São Borja - RS,60557,Total Geral da Despesa por Função,RS,9145.84
DCA-Anexo I-E,2019,DESPESA,DCA-Anexo I-E,TotalDespesas,4318002,Despesas Liquidadas,28 - Encargos Especiais,2019,Prefeitura Municipal de São Borja - RS,60557,Total Geral da Despesa por Função,RS,8057604.26
DCA-Anexo I-E,2019,DESPESA|DIVIDA,DCA-Anexo I-E,TotalDespesas,4318002,Despesas Liquidadas,28.843 - Serviço da Dívida Interna,2019,Prefeitura Municipal de São Borja - RS,60557,Total Geral da Despesa por Função,RS,8057604.26
DCA-Anexo I-E,2019,DESPESA,DCA-Anexo I-E,TotalDespesas,4318002,Despesas Liquidadas,Despesas Intraorçamentárias,2019,Prefeitura Municipal de São Borja - RS,60557,Total Geral da Despesa por Função,RS,16883434.86
DCA-Anexo I-E,2019,DESPESA,DCA-Anexo I-E,TotalDespesas,4318002,Despesas Pagas,Despesas Exceto Intraorçamentárias,2019,Prefeitura Municipal de São Borja - RS,60557,Total Geral da Despesa por Função,RS,176871323.5
DCA-Anexo I-E,2019,DESPESA,DCA-Anexo I-E,TotalDespesas,4318002,Despesas Pagas,01 - Legislativa,2019,Prefeitura Municipal de São Borja - RS,60557,Total Geral da Despesa por Função,RS,6540420.84
DCA-Anexo I-E,2019,DESPESA,DCA-Anexo I-E,TotalDespesas,4318002,Despesas Pagas,01.031 - Ação Legislativa,2019,Prefeitura Municipal de São Borja - RS,60557,Total Geral da Despesa por Função,RS,6540420.84
DCA-Anexo I-E,2019,DESPESA,DCA-Anexo I-E,TotalDespesas,4318002,Despesas Pagas,04 - Administração,2019,Prefeitura Municipal de São Borja - RS,60557,Total Geral da Despesa por Função,RS,22305770.26
DCA-Anexo I-E,2019,DESPESA,DCA-Anexo I-E,TotalDespesas,4318002,Despesas Pagas,04.122 - Administração Geral,2019,Prefeitura Municipal de São Borja - RS,60557,Total Geral da Despesa por Função,RS,21574750.77
DCA-Anexo I-E,2019,DESPESA,DCA-Anexo I-E,TotalDespesas,4318002,Despesas Pagas,04.124 - Controle Interno,2019,Prefeitura Municipal de São Borja - RS,60557,Total Geral da Despesa por Função,RS,231996.25
DCA-Anexo I-E,2019,DESPESA,DCA-Anexo I-E,TotalDespesas,4318002,Despesas Pagas,04.126 - Tecnologia da Informação,2019,Prefeitura Municipal de São Borja - RS,60557,Total Geral da Despesa por Função,RS,499023.24
DCA-Anexo I-E,2019,DESPESA,DCA-Anexo I-E,TotalDespesas,4318002,Despesas Pagas,06 - Segurança Pública,2019,Prefeitura Municipal de São Borja - RS,60557,Total Geral da Despesa por Função,RS,838043.85
DCA-Anexo I-E,2019,DESPESA,DCA-Anexo I-E,TotalDespesas,4318002,Despesas Pagas,06.181 - Policiamento,2019,Prefeitura Municipal de São Borja - RS,60557,Total Geral da Despesa por Função,RS,340343.66
DCA-Anexo I-E,2019,DESPESA,DCA-Anexo I-E,TotalDespesas,4318002,Despesas Pagas,06.182 - Defesa Civil,2019,Prefeitura Municipal de São Borja - RS,60557,Total Geral da Despesa por Função,RS,497700.19
DCA-Anexo I-E,2019,DESPESA,DCA-Anexo I-E,TotalDespesas,4318002,Despesas Pagas,08 - Assistência Social,2019,Prefeitura Municipal de São Borja - RS,60557,Total Geral da Despesa por Função,RS,4796282.02
DCA-Anexo I-E,2019,DESPESA,DCA-Anexo I-E,TotalDespesas,4318002,Despesas Pagas,08.241 - Assistência ao Idoso,2019,Prefeitura Municipal de São Borja - RS,60557,Total Geral da Despesa por Função,RS,273484.29
DCA-Anexo I-E,2019,DESPESA,DCA-Anexo I-E,TotalDespesas,4318002,Despesas Pagas,08.242 - Assistência ao Portador de Deficiência,2019,Prefeitura Municipal de São Borja - RS,60557,Total Geral da Despesa por Função,RS,118688.4
DCA-Anexo I-E,2019,DESPESA,DCA-Anexo I-E,TotalDespesas,4318002,Despesas Pagas,08.243 - Assistência à Criança e ao Adolescente,2019,Prefeitura Municipal de São Borja - RS,60557,Total Geral da Despesa por Função,RS,1786463.39
DCA-Anexo I-E,2019,DESPESA,DCA-Anexo I-E,TotalDespesas,4318002,Despesas Pagas,08.244 - Assistência Comunitária,2019,Prefeitura Municipal de São Borja - RS,60557,Total Geral da Despesa por Função,RS,1915849.38
DCA-Anexo I-E,2019,DESPESA,DCA-Anexo I-E,TotalDespesas,4318002,Despesas Pagas,08.122 - Administração Geral,2019,Prefeitura Municipal de São Borja - RS,60557,Total Geral da Despesa por Função,RS,701796.56
DCA-Anexo I-E,2019,DESPESA|PREVID,DCA-Anexo I-E,TotalDespesas,4318002,Despesas Pagas,09 - Previdência Social,2019,Prefeitura Municipal de São Borja - RS,60557,Total Geral da Despesa por Função,RS,23515701.78
DCA-Anexo I-E,2019,DESPESA|PREVID,DCA-Anexo I-E,TotalDespesas,4318002,Despesas Pagas,09.272 - Previdência do Regime Estatutário,2019,Prefeitura Municipal de São Borja - RS,60557,Total Geral da Despesa por Função,RS,23236599.58
DCA-Anexo I-E,2019,DESPESA,DCA-Anexo I-E,TotalDespesas,4318002,Despesas Pagas,09.122 - Administração Geral,2019,Prefeitura Municipal de São Borja - RS,60557,Total Geral da Despesa por Função,RS,279102.2
DCA-Anexo I-E,2019,DESPESA,DCA-Anexo I-E,TotalDespesas,4318002,Despesas Pagas,10 - Saúde,2019,Prefeitura Municipal de São Borja - RS,60557,Total Geral da Despesa por Função,RS,53204294.85
DCA-Anexo I-E,2019,DESPESA,DCA-Anexo I-E,TotalDespesas,4318002,Despesas Pagas,10.301 - Atenção Básica,2019,Prefeitura Municipal de São Borja - RS,60557,Total Geral da Despesa por Função,RS,19806131.32
DCA-Anexo I-E,2019,DESPESA,DCA-Anexo I-E,TotalDespesas,4318002,Despesas Pagas,10.302 - Assistência Hospitalar e Ambulatorial,2019,Prefeitura Municipal de São Borja - RS,60557,Total Geral da Despesa por Função,RS,28314303.52
DCA-Anexo I-E,2019,DESPESA,DCA-Anexo I-E,TotalDespesas,4318002,Despesas Pagas,10.303 - Suporte Profilático e Terapêutico,2019,Prefeitura Municipal de São Borja - RS,60557,Total Geral da Despesa por Função,RS,2209009.11
DCA-Anexo I-E,2019,DESPESA,DCA-Anexo I-E,TotalDespesas,4318002,Despesas Pagas,10.304 - Vigilância Sanitária,2019,Prefeitura Municipal de São Borja - RS,60557,Total Geral da Despesa por Função,RS,736614.97
DCA-Anexo I-E,2019,DESPESA,DCA-Anexo I-E,TotalDespesas,4318002,Despesas Pagas,10.122 - Administração Geral,2019,Prefeitura Municipal de São Borja - RS,60557,Total Geral da Despesa por Função,RS,2138235.93
DCA-Anexo I-E,2019,DESPESA,DCA-Anexo I-E,TotalDespesas,4318002,Despesas Pagas,11 - Trabalho,2019,Prefeitura Municipal de São Borja - RS,60557,Total Geral da Despesa por Função,RS,25154.86
DCA-Anexo I-E,2019,DESPESA,DCA-Anexo I-E,TotalDespesas,4318002,Despesas Pagas,11.334 - Fomento ao Trabalho,2019,Prefeitura Municipal de São Borja - RS,60557,Total Geral da Despesa por Função,RS,25154.86
DCA-Anexo I-E,2019,DESPESA,DCA-Anexo I-E,TotalDespesas,4318002,Despesas Pagas,12 - Educação,2019,Prefeitura Municipal de São Borja - RS,60557,Total Geral da Despesa por Função,RS,44901688.48
DCA-Anexo I-E,2019,DESPESA,DCA-Anexo I-E,TotalDespesas,4318002,Despesas Pagas,12.361 - Ensino Fundamental,2019,Prefeitura Municipal de São Borja - RS,60557,Total Geral da Despesa por Função,RS,32637945.45
DCA-Anexo I-E,2019,DESPESA,DCA-Anexo I-E,TotalDespesas,4318002,Despesas Pagas,12.362 - Ensino Médio,2019,Prefeitura Municipal de São Borja - RS,60557,Total Geral da Despesa por Função,RS,747170.64
DCA-Anexo I-E,2019,DESPESA,DCA-Anexo I-E,TotalDespesas,4318002,Despesas Pagas,12.365 - Educação Infantil,2019,Prefeitura Municipal de São Borja - RS,60557,Total Geral da Despesa por Função,RS,4350008.55
DCA-Anexo I-E,2019,DESPESA,DCA-Anexo I-E,TotalDespesas,4318002,Despesas Pagas,12.366 - Educação de Jovens e Adultos,2019,Prefeitura Municipal de São Borja - RS,60557,Total Geral da Despesa por Função,RS,174234.45
DCA-Anexo I-E,2019,DESPESA,DCA-Anexo I-E,TotalDespesas,4318002,Despesas Pagas,12.122 - Administração Geral,2019,Prefeitura Municipal de São Borja - RS,60557,Total Geral da Despesa por Função,RS,6992329.39
DCA-Anexo I-E,2019,DESPESA,DCA-Anexo I-E,TotalDespesas,4318002,Despesas Pagas,13 - Cultura,2019,Prefeitura Municipal de São Borja - RS,60557,Total Geral da Despesa por Função,RS,543937.62
DCA-Anexo I-E,2019,DESPESA,DCA-Anexo I-E,TotalDespesas,4318002,Despesas Pagas,13.392 - Difusão Cultural,2019,Prefeitura Municipal de São Borja - RS,60557,Total Geral da Despesa por Função,RS,543937.62
DCA-Anexo I-E,2019,DESPESA,DCA-Anexo I-E,TotalDespesas,4318002,Despesas Pagas,14 - Direitos da Cidadania,2019,Prefeitura Municipal de São Borja - RS,60557,Total Geral da Despesa por Função,RS,1190.87
DCA-Anexo I-E,2019,DESPESA,DCA-Anexo I-E,TotalDespesas,4318002,Despesas Pagas,"14.422 - Direitos Individuais, Coletivos e Difusos",2019,Prefeitura Municipal de São Borja - RS,60557,Total Geral da Despesa por Função,RS,1190.87
DCA-Anexo I-E,2019,DESPESA,DCA-Anexo I-E,TotalDespesas,4318002,Despesas Pagas,15 - Urbanismo,2019,Prefeitura Municipal de São Borja - RS,60557,Total Geral da Despesa por Função,RS,10053778.69
DCA-Anexo I-E,2019,DESPESA,DCA-Anexo I-E,TotalDespesas,4318002,Despesas Pagas,15.451 - Infraestrutura Urbana,2019,Prefeitura Municipal de São Borja - RS,60557,Total Geral da Despesa por Função,RS,3407524.11
DCA-Anexo I-E,2019,DESPESA,DCA-Anexo I-E,TotalDespesas,4318002,Despesas Pagas,15.452 - Serviços Urbanos,2019,Prefeitura Municipal de São Borja - RS,60557,Total Geral da Despesa por Função,RS,6646254.58
DCA-Anexo I-E,2019,DESPESA,DCA-Anexo I-E,TotalDespesas,4318002,Despesas Pagas,16 - Habitação,2019,Prefeitura Municipal de São Borja - RS,60557,Total Geral da Despesa por Função,RS,3639.22
DCA-Anexo I-E,2019,DESPESA,DCA-Anexo I-E,TotalDespesas,4318002,Despesas Pagas,16.482 - Habitação Urbana,2019,Prefeitura Municipal de São Borja - RS,60557,Total Geral da Despesa por Função,RS,3639.22
DCA-Anexo I-E,2019,DESPESA,DCA-Anexo I-E,TotalDespesas,4318002,Despesas Pagas,17 - Saneamento,2019,Prefeitura Municipal de São Borja - RS,60557,Total Geral da Despesa por Função,RS,56205.77
DCA-Anexo I-E,2019,DESPESA,DCA-Anexo I-E,TotalDespesas,4318002,Despesas Pagas,17.511 - Saneamento Básico Rural,2019,Prefeitura Municipal de São Borja - RS,60557,Total Geral da Despesa por Função,RS,56205.77
DCA-Anexo I-E,2019,DESPESA,DCA-Anexo I-E,TotalDespesas,4318002,Despesas Pagas,18 - Gestão Ambiental,2019,Prefeitura Municipal de São Borja - RS,60557,Total Geral da Despesa por Função,RS,16826.27
DCA-Anexo I-E,2019,DESPESA,DCA-Anexo I-E,TotalDespesas,4318002,Despesas Pagas,18.541 - Preservação e Conservação Ambiental,2019,Prefeitura Municipal de São Borja - RS,60557,Total Geral da Despesa por Função,RS,16826.27
DCA-Anexo I-E,2019,DESPESA,DCA-Anexo I-E,TotalDespesas,4318002,Despesas Pagas,20 - Agricultura,2019,Prefeitura Municipal de São Borja - RS,60557,Total Geral da Despesa por Função,RS,323116.16
DCA-Anexo I-E,2019,DESPESA,DCA-Anexo I-E,TotalDespesas,4318002,Despesas Pagas,20.606 - Extensão Rural,2019,Prefeitura Municipal de São Borja - RS,60557,Total Geral da Despesa por Função,RS,208239.16
DCA-Anexo I-E,2019,DESPESA,DCA-Anexo I-E,TotalDespesas,4318002,Despesas Pagas,20.122 - Administração Geral,2019,Prefeitura Municipal de São Borja - RS,60557,Total Geral da Despesa por Função,RS,114877
DCA-Anexo I-E,2019,DESPESA,DCA-Anexo I-E,TotalDespesas,4318002,Despesas Pagas,23 - Comércio e Serviços,2019,Prefeitura Municipal de São Borja - RS,60557,Total Geral da Despesa por Função,RS,147934.97
DCA-Anexo I-E,2019,DESPESA,DCA-Anexo I-E,TotalDespesas,4318002,Despesas Pagas,23.695 - Turismo,2019,Prefeitura Municipal de São Borja - RS,60557,Total Geral da Despesa por Função,RS,147934.97
DCA-Anexo I-E,2019,DESPESA,DCA-Anexo I-E,TotalDespesas,4318002,Despesas Pagas,26 - Transporte,2019,Prefeitura Municipal de São Borja - RS,60557,Total Geral da Despesa por Função,RS,1732539.83
DCA-Anexo I-E,2019,DESPESA,DCA-Anexo I-E,TotalDespesas,4318002,Despesas Pagas,26.781 - Transporte Aéreo,2019,Prefeitura Municipal de São Borja - RS,60557,Total Geral da Despesa por Função,RS,68313.7
DCA-Anexo I-E,2019,DESPESA,DCA-Anexo I-E,TotalDespesas,4318002,Despesas Pagas,26.782 - Transporte Rodoviário,2019,Prefeitura Municipal de São Borja - RS,60557,Total Geral da Despesa por Função,RS,1664226.13
DCA-Anexo I-E,2019,DESPESA,DCA-Anexo I-E,TotalDespesas,4318002,Despesas Pagas,27 - Desporto e Lazer,2019,Prefeitura Municipal de São Borja - RS,60557,Total Geral da Despesa por Função,RS,215107.26
DCA-Anexo I-E,2019,DESPESA,DCA-Anexo I-E,TotalDespesas,4318002,Despesas Pagas,27.812 - Desporto Comunitário,2019,Prefeitura Municipal de São Borja - RS,60557,Total Geral da Despesa por Função,RS,205961.42
DCA-Anexo I-E,2019,DESPESA,DCA-Anexo I-E,TotalDespesas,4318002,Despesas Pagas,27.813 - Lazer,2019,Prefeitura Municipal de São Borja - RS,60557,Total Geral da Despesa por Função,RS,9145.84
DCA-Anexo I-E,2019,DESPESA,DCA-Anexo I-E,TotalDespesas,4318002,Despesas Pagas,28 - Encargos Especiais,2019,Prefeitura Municipal de São Borja - RS,60557,Total Geral da Despesa por Função,RS,7649689.9
DCA-Anexo I-E,2019,DESPESA|DIVIDA,DCA-Anexo I-E,TotalDespesas,4318002,Despesas Pagas,28.843 - Serviço da Dívida Interna,2019,Prefeitura Municipal de São Borja - RS,60557,Total Geral da Despesa por Função,RS,7649689.9
DCA-Anexo I-E,2019,DESPESA,DCA-Anexo I-E,TotalDespesas,4318002,Despesas Pagas,Despesas Intraorçamentárias,2019,Prefeitura Municipal de São Borja - RS,60557,Total Geral da Despesa por Função,RS,14780612.73
DCA-Anexo I-E,2019,DESPESA,DCA-Anexo I-E,TotalDespesas,4318002,Inscrição de Restos a Pagar Não Processados,Despesas Exceto Intraorçamentárias,2019,Prefeitura Municipal de São Borja - RS,60557,Total Geral da Despesa por Função,RS,6355604.22
DCA-Anexo I-E,2019,DESPESA,DCA-Anexo I-E,TotalDespesas,4318002,Inscrição de Restos a Pagar Não Processados,01 - Legislativa,2019,Prefeitura Municipal de São Borja - RS,60557,Total Geral da Despesa por Função,RS,107975.97
DCA-Anexo I-E,2019,DESPESA,DCA-Anexo I-E,TotalDespesas,4318002,Inscrição de Restos a Pagar Não Processados,01.031 - Ação Legislativa,2019,Prefeitura Municipal de São Borja - RS,60557,Total Geral da Despesa por Função,RS,107975.97
DCA-Anexo I-E,2019,DESPESA,DCA-Anexo I-E,TotalDespesas,4318002,Inscrição de Restos a Pagar Não Processados,04 - Administração,2019,Prefeitura Municipal de São Borja - RS,60557,Total Geral da Despesa por Função,RS,317664.33
DCA-Anexo I-E,2019,DESPESA,DCA-Anexo I-E,TotalDespesas,4318002,Inscrição de Restos a Pagar Não Processados,04.122 - Administração Geral,2019,Prefeitura Municipal de São Borja - RS,60557,Total Geral da Despesa por Função,RS,284964.33
DCA-Anexo I-E,2019,DESPESA,DCA-Anexo I-E,TotalDespesas,4318002,Inscrição de Restos a Pagar Não Processados,04.126 - Tecnologia da Informação,2019,Prefeitura Municipal de São Borja - RS,60557,Total Geral da Despesa por Função,RS,32700
DCA-Anexo I-E,2019,DESPESA,DCA-Anexo I-E,TotalDespesas,4318002,Inscrição de Restos a Pagar Não Processados,06 - Segurança Pública,2019,Prefeitura Municipal de São Borja - RS,60557,Total Geral da Despesa por Função,RS,15283.55
DCA-Anexo I-E,2019,DESPESA,DCA-Anexo I-E,TotalDespesas,4318002,Inscrição de Restos a Pagar Não Processados,06.181 - Policiamento,2019,Prefeitura Municipal de São Borja - RS,60557,Total Geral da Despesa por Função,RS,5794.9
DCA-Anexo I-E,2019,DESPESA,DCA-Anexo I-E,TotalDespesas,4318002,Inscrição de Restos a Pagar Não Processados,06.182 - Defesa Civil,2019,Prefeitura Municipal de São Borja - RS,60557,Total Geral da Despesa por Função,RS,9488.65
DCA-Anexo I-E,2019,DESPESA,DCA-Anexo I-E,TotalDespesas,4318002,Inscrição de Restos a Pagar Não Processados,08 - Assistência Social,2019,Prefeitura Municipal de São Borja - RS,60557,Total Geral da Despesa por Função,RS,252733.05
DCA-Anexo I-E,2019,DESPESA,DCA-Anexo I-E,TotalDespesas,4318002,Inscrição de Restos a Pagar Não Processados,08.241 - Assistência ao Idoso,2019,Prefeitura Municipal de São Borja - RS,60557,Total Geral da Despesa por Função,RS,1508.13
DCA-Anexo I-E,2019,DESPESA,DCA-Anexo I-E,TotalDespesas,4318002,Inscrição de Restos a Pagar Não Processados,08.243 - Assistência à Criança e ao Adolescente,2019,Prefeitura Municipal de São Borja - RS,60557,Total Geral da Despesa por Função,RS,240576.88
DCA-Anexo I-E,2019,DESPESA,DCA-Anexo I-E,TotalDespesas,4318002,Inscrição de Restos a Pagar Não Processados,08.244 - Assistência Comunitária,2019,Prefeitura Municipal de São Borja - RS,60557,Total Geral da Despesa por Função,RS,10648.04
DCA-Anexo I-E,2019,DESPESA|PREVID,DCA-Anexo I-E,TotalDespesas,4318002,Inscrição de Restos a Pagar Não Processados,09 - Previdência Social,2019,Prefeitura Municipal de São Borja - RS,60557,Total Geral da Despesa por Função,RS,3.13
DCA-Anexo I-E,2019,DESPESA,DCA-Anexo I-E,TotalDespesas,4318002,Inscrição de Restos a Pagar Não Processados,09.122 - Administração Geral,2019,Prefeitura Municipal de São Borja - RS,60557,Total Geral da Despesa por Função,RS,3.13
DCA-Anexo I-E,2019,DESPESA,DCA-Anexo I-E,TotalDespesas,4318002,Inscrição de Restos a Pagar Não Processados,10 - Saúde,2019,Prefeitura Municipal de São Borja - RS,60557,Total Geral da Despesa por Função,RS,2439019.71
DCA-Anexo I-E,2019,DESPESA,DCA-Anexo I-E,TotalDespesas,4318002,Inscrição de Restos a Pagar Não Processados,10.301 - Atenção Básica,2019,Prefeitura Municipal de São Borja - RS,60557,Total Geral da Despesa por Função,RS,249963.03
DCA-Anexo I-E,2019,DESPESA,DCA-Anexo I-E,TotalDespesas,4318002,Inscrição de Restos a Pagar Não Processados,10.302 - Assistência Hospitalar e Ambulatorial,2019,Prefeitura Municipal de São Borja - RS,60557,Total Geral da Despesa por Função,RS,2004512.62
DCA-Anexo I-E,2019,DESPESA,DCA-Anexo I-E,TotalDespesas,4318002,Inscrição de Restos a Pagar Não Processados,10.303 - Suporte Profilático e Terapêutico,2019,Prefeitura Municipal de São Borja - RS,60557,Total Geral da Despesa por Função,RS,164544.06
DCA-Anexo I-E,2019,DESPESA,DCA-Anexo I-E,TotalDespesas,4318002,Inscrição de Restos a Pagar Não Processados,10.304 - Vigilância Sanitária,2019,Prefeitura Municipal de São Borja - RS,60557,Total Geral da Despesa por Função,RS,20000
DCA-Anexo I-E,2019,DESPESA,DCA-Anexo I-E,TotalDespesas,4318002,Inscrição de Restos a Pagar Não Processados,12 - Educação,2019,Prefeitura Municipal de São Borja - RS,60557,Total Geral da Despesa por Função,RS,176167.39
DCA-Anexo I-E,2019,DESPESA,DCA-Anexo I-E,TotalDespesas,4318002,Inscrição de Restos a Pagar Não Processados,12.361 - Ensino Fundamental,2019,Prefeitura Municipal de São Borja - RS,60557,Total Geral da Despesa por Função,RS,95587.28
DCA-Anexo I-E,2019,DESPESA,DCA-Anexo I-E,TotalDespesas,4318002,Inscrição de Restos a Pagar Não Processados,12.362 - Ensino Médio,2019,Prefeitura Municipal de São Borja - RS,60557,Total Geral da Despesa por Função,RS,4130.75
DCA-Anexo I-E,2019,DESPESA,DCA-Anexo I-E,TotalDespesas,4318002,Inscrição de Restos a Pagar Não Processados,12.365 - Educação Infantil,2019,Prefeitura Municipal de São Borja - RS,60557,Total Geral da Despesa por Função,RS,59200.42
DCA-Anexo I-E,2019,DESPESA,DCA-Anexo I-E,TotalDespesas,4318002,Inscrição de Restos a Pagar Não Processados,12.366 - Educação de Jovens e Adultos,2019,Prefeitura Municipal de São Borja - RS,60557,Total Geral da Despesa por Função,RS,6963.29
DCA-Anexo I-E,2019,DESPESA,DCA-Anexo I-E,TotalDespesas,4318002,Inscrição de Restos a Pagar Não Processados,12.122 - Administração Geral,2019,Prefeitura Municipal de São Borja - RS,60557,Total Geral da Despesa por Função,RS,10285.65
DCA-Anexo I-E,2019,DESPESA,DCA-Anexo I-E,TotalDespesas,4318002,Inscrição de Restos a Pagar Não Processados,13 - Cultura,2019,Prefeitura Municipal de São Borja - RS,60557,Total Geral da Despesa por Função,RS,5520.68
DCA-Anexo I-E,2019,DESPESA,DCA-Anexo I-E,TotalDespesas,4318002,Inscrição de Restos a Pagar Não Processados,13.392 - Difusão Cultural,2019,Prefeitura Municipal de São Borja - RS,60557,Total Geral da Despesa por Função,RS,5520.68
DCA-Anexo I-E,2019,DESPESA,DCA-Anexo I-E,TotalDespesas,4318002,Inscrição de Restos a Pagar Não Processados,14 - Direitos da Cidadania,2019,Prefeitura Municipal de São Borja - RS,60557,Total Geral da Despesa por Função,RS,418.42
DCA-Anexo I-E,2019,DESPESA,DCA-Anexo I-E,TotalDespesas,4318002,Inscrição de Restos a Pagar Não Processados,"14.422 - Direitos Individuais, Coletivos e Difusos",2019,Prefeitura Municipal de São Borja - RS,60557,Total Geral da Despesa por Função,RS,418.42
DCA-Anexo I-E,2019,DESPESA,DCA-Anexo I-E,TotalDespesas,4318002,Inscrição de Restos a Pagar Não Processados,15 - Urbanismo,2019,Prefeitura Municipal de São Borja - RS,60557,Total Geral da Despesa por Função,RS,2016472.78
DCA-Anexo I-E,2019,DESPESA,DCA-Anexo I-E,TotalDespesas,4318002,Inscrição de Restos a Pagar Não Processados,15.451 - Infraestrutura Urbana,2019,Prefeitura Municipal de São Borja - RS,60557,Total Geral da Despesa por Função,RS,36514.38
DCA-Anexo I-E,2019,DESPESA,DCA-Anexo I-E,TotalDespesas,4318002,Inscrição de Restos a Pagar Não Processados,15.452 - Serviços Urbanos,2019,Prefeitura Municipal de São Borja - RS,60557,Total Geral da Despesa por Função,RS,1979958.4
DCA-Anexo I-E,2019,DESPESA,DCA-Anexo I-E,TotalDespesas,4318002,Inscrição de Restos a Pagar Não Processados,17 - Saneamento,2019,Prefeitura Municipal de São Borja - RS,60557,Total Geral da Despesa por Função,RS,7784.01
DCA-Anexo I-E,2019,DESPESA,DCA-Anexo I-E,TotalDespesas,4318002,Inscrição de Restos a Pagar Não Processados,17.511 - Saneamento Básico Rural,2019,Prefeitura Municipal de São Borja - RS,60557,Total Geral da Despesa por Função,RS,7784.01
DCA-Anexo I-E,2019,DESPESA,DCA-Anexo I-E,TotalDespesas,4318002,Inscrição de Restos a Pagar Não Processados,18 - Gestão Ambiental,2019,Prefeitura Municipal de São Borja - RS,60557,Total Geral da Despesa por Função,RS,1469.02
DCA-Anexo I-E,2019,DESPESA,DCA-Anexo I-E,TotalDespesas,4318002,Inscrição de Restos a Pagar Não Processados,18.541 - Preservação e Conservação Ambiental,2019,Prefeitura Municipal de São Borja - RS,60557,Total Geral da Despesa por Função,RS,1469.02
DCA-Anexo I-E,2019,DESPESA,DCA-Anexo I-E,TotalDespesas,4318002,Inscrição de Restos a Pagar Não Processados,20 - Agricultura,2019,Prefeitura Municipal de São Borja - RS,60557,Total Geral da Despesa por Função,RS,430354.29
DCA-Anexo I-E,2019,DESPESA,DCA-Anexo I-E,TotalDespesas,4318002,Inscrição de Restos a Pagar Não Processados,20.606 - Extensão Rural,2019,Prefeitura Municipal de São Borja - RS,60557,Total Geral da Despesa por Função,RS,430354.29
DCA-Anexo I-E,2019,DESPESA,DCA-Anexo I-E,TotalDespesas,4318002,Inscrição de Restos a Pagar Não Processados,23 - Comércio e Serviços,2019,Prefeitura Municipal de São Borja - RS,60557,Total Geral da Despesa por Função,RS,270476.19
DCA-Anexo I-E,2019,DESPESA,DCA-Anexo I-E,TotalDespesas,4318002,Inscrição de Restos a Pagar Não Processados,23.695 - Turismo,2019,Prefeitura Municipal de São Borja - RS,60557,Total Geral da Despesa por Função,RS,270476.19
DCA-Anexo I-E,2019,DESPESA,DCA-Anexo I-E,TotalDespesas,4318002,Inscrição de Restos a Pagar Não Processados,26 - Transporte,2019,Prefeitura Municipal de São Borja - RS,60557,Total Geral da Despesa por Função,RS,309491.7
DCA-Anexo I-E,2019,DESPESA,DCA-Anexo I-E,TotalDespesas,4318002,Inscrição de Restos a Pagar Não Processados,26.781 - Transporte Aéreo,2019,Prefeitura Municipal de São Borja - RS,60557,Total Geral da Despesa por Função,RS,5491.7
DCA-Anexo I-E,2019,DESPESA,DCA-Anexo I-E,TotalDespesas,4318002,Inscrição de Restos a Pagar Não Processados,26.782 - Transporte Rodoviário,2019,Prefeitura Municipal de São Borja - RS,60557,Total Geral da Despesa por Função,RS,304000
DCA-Anexo I-E,2019,DESPESA,DCA-Anexo I-E,TotalDespesas,4318002,Inscrição de Restos a Pagar Não Processados,27 - Desporto e Lazer,2019,Prefeitura Municipal de São Borja - RS,60557,Total Geral da Despesa por Função,RS,4770
DCA-Anexo I-E,2019,DESPESA,DCA-Anexo I-E,TotalDespesas,4318002,Inscrição de Restos a Pagar Não Processados,27.812 - Desporto Comunitário,2019,Prefeitura Municipal de São Borja - RS,60557,Total Geral da Despesa por Função,RS,4770
DCA-Anexo I-E,2019,DESPESA,DCA-Anexo I-E,TotalDespesas,4318002,Inscrição de Restos a Pagar Não Processados,Despesas Intraorçamentárias,2019,Prefeitura Municipal de São Borja - RS,60557,Total Geral da Despesa por Função,RS,681.2
DCA-Anexo I-E,2019,DESPESA,DCA-Anexo I-E,TotalDespesas,4318002,Inscrição de Restos a Pagar Processados,Despesas Exceto Intraorçamentárias,2019,Prefeitura Municipal de São Borja - RS,60557,Total Geral da Despesa por Função,RS,4173262.3
DCA-Anexo I-E,2019,DESPESA,DCA-Anexo I-E,TotalDespesas,4318002,Inscrição de Restos a Pagar Processados,04 - Administração,2019,Prefeitura Municipal de São Borja - RS,60557,Total Geral da Despesa por Função,RS,577968.41
DCA-Anexo I-E,2019,DESPESA,DCA-Anexo I-E,TotalDespesas,4318002,Inscrição de Restos a Pagar Processados,04.122 - Administração Geral,2019,Prefeitura Municipal de São Borja - RS,60557,Total Geral da Despesa por Função,RS,554742.51
DCA-Anexo I-E,2019,DESPESA,DCA-Anexo I-E,TotalDespesas,4318002,Inscrição de Restos a Pagar Processados,04.124 - Controle Interno,2019,Prefeitura Municipal de São Borja - RS,60557,Total Geral da Despesa por Função,RS,165.43
DCA-Anexo I-E,2019,DESPESA,DCA-Anexo I-E,TotalDespesas,4318002,Inscrição de Restos a Pagar Processados,04.126 - Tecnologia da Informação,2019,Prefeitura Municipal de São Borja - RS,60557,Total Geral da Despesa por Função,RS,23060.47
DCA-Anexo I-E,2019,DESPESA,DCA-Anexo I-E,TotalDespesas,4318002,Inscrição de Restos a Pagar Processados,06 - Segurança Pública,2019,Prefeitura Municipal de São Borja - RS,60557,Total Geral da Despesa por Função,RS,11230.94
DCA-Anexo I-E,2019,DESPESA,DCA-Anexo I-E,TotalDespesas,4318002,Inscrição de Restos a Pagar Processados,06.181 - Policiamento,2019,Prefeitura Municipal de São Borja - RS,60557,Total Geral da Despesa por Função,RS,405.43
DCA-Anexo I-E,2019,DESPESA,DCA-Anexo I-E,TotalDespesas,4318002,Inscrição de Restos a Pagar Processados,06.182 - Defesa Civil,2019,Prefeitura Municipal de São Borja - RS,60557,Total Geral da Despesa por Função,RS,10825.51
DCA-Anexo I-E,2019,DESPESA,DCA-Anexo I-E,TotalDespesas,4318002,Inscrição de Restos a Pagar Processados,08 - Assistência Social,2019,Prefeitura Municipal de São Borja - RS,60557,Total Geral da Despesa por Função,RS,141183.92
DCA-Anexo I-E,2019,DESPESA,DCA-Anexo I-E,TotalDespesas,4318002,Inscrição de Restos a Pagar Processados,08.241 - Assistência ao Idoso,2019,Prefeitura Municipal de São Borja - RS,60557,Total Geral da Despesa por Função,RS,3210.14
DCA-Anexo I-E,2019,DESPESA,DCA-Anexo I-E,TotalDespesas,4318002,Inscrição de Restos a Pagar Processados,08.243 - Assistência à Criança e ao Adolescente,2019,Prefeitura Municipal de São Borja - RS,60557,Total Geral da Despesa por Função,RS,61820.03
DCA-Anexo I-E,2019,DESPESA,DCA-Anexo I-E,TotalDespesas,4318002,Inscrição de Restos a Pagar Processados,08.244 - Assistência Comunitária,2019,Prefeitura Municipal de São Borja - RS,60557,Total Geral da Despesa por Função,RS,66851.67
DCA-Anexo I-E,2019,DESPESA,DCA-Anexo I-E,TotalDespesas,4318002,Inscrição de Restos a Pagar Processados,08.122 - Administração Geral,2019,Prefeitura Municipal de São Borja - RS,60557,Total Geral da Despesa por Função,RS,9302.08
DCA-Anexo I-E,2019,DESPESA|PREVID,DCA-Anexo I-E,TotalDespesas,4318002,Inscrição de Restos a Pagar Processados,09 - Previdência Social,2019,Prefeitura Municipal de São Borja - RS,60557,Total Geral da Despesa por Função,RS,24.85
DCA-Anexo I-E,2019,DESPESA,DCA-Anexo I-E,TotalDespesas,4318002,Inscrição de Restos a Pagar Processados,09.122 - Administração Geral,2019,Prefeitura Municipal de São Borja - RS,60557,Total Geral da Despesa por Função,RS,24.85
DCA-Anexo I-E,2019,DESPESA,DCA-Anexo I-E,TotalDespesas,4318002,Inscrição de Restos a Pagar Processados,10 - Saúde,2019,Prefeitura Municipal de São Borja - RS,60557,Total Geral da Despesa por Função,RS,2176581.13
DCA-Anexo I-E,2019,DESPESA,DCA-Anexo I-E,TotalDespesas,4318002,Inscrição de Restos a Pagar Processados,10.301 - Atenção Básica,2019,Prefeitura Municipal de São Borja - RS,60557,Total Geral da Despesa por Função,RS,482745.18
DCA-Anexo I-E,2019,DESPESA,DCA-Anexo I-E,TotalDespesas,4318002,Inscrição de Restos a Pagar Processados,10.302 - Assistência Hospitalar e Ambulatorial,2019,Prefeitura Municipal de São Borja - RS,60557,Total Geral da Despesa por Função,RS,1601631.77
DCA-Anexo I-E,2019,DESPESA,DCA-Anexo I-E,TotalDespesas,4318002,Inscrição de Restos a Pagar Processados,10.303 - Suporte Profilático e Terapêutico,2019,Prefeitura Municipal de São Borja - RS,60557,Total Geral da Despesa por Função,RS,28912.99
DCA-Anexo I-E,2019,DESPESA,DCA-Anexo I-E,TotalDespesas,4318002,Inscrição de Restos a Pagar Processados,10.122 - Administração Geral,2019,Prefeitura Municipal de São Borja - RS,60557,Total Geral da Despesa por Função,RS,63291.19
DCA-Anexo I-E,2019,DESPESA,DCA-Anexo I-E,TotalDespesas,4318002,Inscrição de Restos a Pagar Processados,12 - Educação,2019,Prefeitura Municipal de São Borja - RS,60557,Total Geral da Despesa por Função,RS,504644.73
DCA-Anexo I-E,2019,DESPESA,DCA-Anexo I-E,TotalDespesas,4318002,Inscrição de Restos a Pagar Processados,12.361 - Ensino Fundamental,2019,Prefeitura Municipal de São Borja - RS,60557,Total Geral da Despesa por Função,RS,375863.92
DCA-Anexo I-E,2019,DESPESA,DCA-Anexo I-E,TotalDespesas,4318002,Inscrição de Restos a Pagar Processados,12.365 - Educação Infantil,2019,Prefeitura Municipal de São Borja - RS,60557,Total Geral da Despesa por Função,RS,68382.72
DCA-Anexo I-E,2019,DESPESA,DCA-Anexo I-E,TotalDespesas,4318002,Inscrição de Restos a Pagar Processados,12.122 - Administração Geral,2019,Prefeitura Municipal de São Borja - RS,60557,Total Geral da Despesa por Função,RS,60398.09
DCA-Anexo I-E,2019,DESPESA,DCA-Anexo I-E,TotalDespesas,4318002,Inscrição de Restos a Pagar Processados,13 - Cultura,2019,Prefeitura Municipal de São Borja - RS,60557,Total Geral da Despesa por Função,RS,22214.97
DCA-Anexo I-E,2019,DESPESA,DCA-Anexo I-E,TotalDespesas,4318002,Inscrição de Restos a Pagar Processados,13.392 - Difusão Cultural,2019,Prefeitura Municipal de São Borja - RS,60557,Total Geral da Despesa por Função,RS,22214.97
DCA-Anexo I-E,2019,DESPESA,DCA-Anexo I-E,TotalDespesas,4318002,Inscrição de Restos a Pagar Processados,14 - Direitos da Cidadania,2019,Prefeitura Municipal de São Borja - RS,60557,Total Geral da Despesa por Função,RS,79.27
DCA-Anexo I-E,2019,DESPESA,DCA-Anexo I-E,TotalDespesas,4318002,Inscrição de Restos a Pagar Processados,"14.422 - Direitos Individuais, Coletivos e Difusos",2019,Prefeitura Municipal de São Borja - RS,60557,Total Geral da Despesa por Função,RS,79.27
DCA-Anexo I-E,2019,DESPESA,DCA-Anexo I-E,TotalDespesas,4318002,Inscrição de Restos a Pagar Processados,15 - Urbanismo,2019,Prefeitura Municipal de São Borja - RS,60557,Total Geral da Despesa por Função,RS,311110.32
DCA-Anexo I-E,2019,DESPESA,DCA-Anexo I-E,TotalDespesas,4318002,Inscrição de Restos a Pagar Processados,15.451 - Infraestrutura Urbana,2019,Prefeitura Municipal de São Borja - RS,60557,Total Geral da Despesa por Função,RS,209737.63
DCA-Anexo I-E,2019,DESPESA,DCA-Anexo I-E,TotalDespesas,4318002,Inscrição de Restos a Pagar Processados,15.452 - Serviços Urbanos,2019,Prefeitura Municipal de São Borja - RS,60557,Total Geral da Despesa por Função,RS,101372.69
DCA-Anexo I-E,2019,DESPESA,DCA-Anexo I-E,TotalDespesas,4318002,Inscrição de Restos a Pagar Processados,18 - Gestão Ambiental,2019,Prefeitura Municipal de São Borja - RS,60557,Total Geral da Despesa por Função,RS,6908
DCA-Anexo I-E,2019,DESPESA,DCA-Anexo I-E,TotalDespesas,4318002,Inscrição de Restos a Pagar Processados,18.541 - Preservação e Conservação Ambiental,2019,Prefeitura Municipal de São Borja - RS,60557,Total Geral da Despesa por Função,RS,6908
DCA-Anexo I-E,2019,DESPESA,DCA-Anexo I-E,TotalDespesas,4318002,Inscrição de Restos a Pagar Processados,20 - Agricultura,2019,Prefeitura Municipal de São Borja - RS,60557,Total Geral da Despesa por Função,RS,285
DCA-Anexo I-E,2019,DESPESA,DCA-Anexo I-E,TotalDespesas,4318002,Inscrição de Restos a Pagar Processados,20.606 - Extensão Rural,2019,Prefeitura Municipal de São Borja - RS,60557,Total Geral da Despesa por Função,RS,285
DCA-Anexo I-E,2019,DESPESA,DCA-Anexo I-E,TotalDespesas,4318002,Inscrição de Restos a Pagar Processados,26 - Transporte,2019,Prefeitura Municipal de São Borja - RS,60557,Total Geral da Despesa por Função,RS,195.5
DCA-Anexo I-E,2019,DESPESA,DCA-Anexo I-E,TotalDespesas,4318002,Inscrição de Restos a Pagar Processados,26.781 - Transporte Aéreo,2019,Prefeitura Municipal de São Borja - RS,60557,Total Geral da Despesa por Função,RS,195.5
DCA-Anexo I-E,2019,DESPESA,DCA-Anexo I-E,TotalDespesas,4318002,Inscrição de Restos a Pagar Processados,27 - Desporto e Lazer,2019,Prefeitura Municipal de São Borja - RS,60557,Total Geral da Despesa por Função,RS,12920.9
DCA-Anexo I-E,2019,DESPESA,DCA-Anexo I-E,TotalDespesas,4318002,Inscrição de Restos a Pagar Processados,27.812 - Desporto Comunitário,2019,Prefeitura Municipal de São Borja - RS,60557,Total Geral da Despesa por Função,RS,12920.9
DCA-Anexo I-E,2019,DESPESA,DCA-Anexo I-E,TotalDespesas,4318002,Inscrição de Restos a Pagar Processados,28 - Encargos Especiais,2019,Prefeitura Municipal de São Borja - RS,60557,Total Geral da Despesa por Função,RS,407914.36
DCA-Anexo I-E,2019,DESPESA|DIVIDA,DCA-Anexo I-E,TotalDespesas,4318002,Inscrição de Restos a Pagar Processados,28.843 - Serviço da Dívida Interna,2019,Prefeitura Municipal de São Borja - RS,60557,Total Geral da Despesa por Função,RS,407914.36
DCA-Anexo I-E,2019,DESPESA,DCA-Anexo I-E,TotalDespesas,4318002,Inscrição de Restos a Pagar Processados,Despesas Intraorçamentárias,2019,Prefeitura Municipal de São Borja - RS,60557,Total Geral da Despesa por Função,RS,2102822.13
DCA-Anexo I-C,2020,FUNDEB,DCA-Anexo I-C,ReceitasExcetoIntraOrcamentarias,4318002,Deduções - FUNDEB,RECEITAS (EXCETO INTRA-ORÇAMENTÁRIAS) (I),2020,Prefeitura Municipal de São Borja - RS,60282,Padrão,RS,17925424.8
DCA-Anexo I-C,2020,FUNDEB,DCA-Anexo I-C,RO1.0.0.0.00.0.0,4318002,Deduções - FUNDEB,1.0.0.0.00.0.0 - Receitas Correntes,2020,Prefeitura Municipal de São Borja - RS,60282,Padrão,RS,17925424.8
DCA-Anexo I-C,2020,JUROS,DCA-Anexo I-C,RO1.3.2.1.00.0.0,4318002,Receitas Brutas Realizadas,1.3.2.1.00.0.0 - Juros e Correções Monetárias,2020,Prefeitura Municipal de São Borja - RS,60282,Padrão,RS,10674860.74
DCA-Anexo I-C,2020,PREVID,DCA-Anexo I-C,RO1.3.2.1.00.4.0,4318002,Receitas Brutas Realizadas,1.3.2.1.00.4.0 - Remuneração dos Recursos do Regime Próprio de Previdência Social - RPPS,2020,Prefeitura Municipal de São Borja - RS,60282,Padrão,RS,10261151.73
DCA-Anexo I-C,2020,JUROS,DCA-Anexo I-C,RO1.3.2.1.00.5.0,4318002,Receitas Brutas Realizadas,1.3.2.1.00.5.0 - Juros de Títulos de Renda,2020,Prefeitura Municipal de São Borja - RS,60282,Padrão,RS,209344.58
DCA-Anexo I-C,2020,TRANSFERENCIAS CORRENTES,DCA-Anexo I-C,RO1.7.0.0.00.0.0,4318002,Receitas Brutas Realizadas,1.7.0.0.00.0.0 - Transferências Correntes,2020,Prefeitura Municipal de São Borja - RS,60282,Padrão,RS,186542411.32
DCA-Anexo I-C,2020,FUNDEB|TRANSFERENCIAS CORRENTES,DCA-Anexo I-C,RO1.7.0.0.00.0.0,4318002,Deduções - FUNDEB,1.7.0.0.00.0.0 - Transferências Correntes,2020,Prefeitura Municipal de São Borja - RS,60282,Padrão,RS,17925424.8
DCA-Anexo I-C,2020,FUNDEB,DCA-Anexo I-C,RO1.7.1.0.00.0.0,4318002,Deduções - FUNDEB,1.7.1.0.00.0.0 - Transferências da União e de suas Entidades,2020,Prefeitura Municipal de São Borja - RS,60282,Padrão,RS,6852464.2
DCA-Anexo I-C,2020,FUNDEB,DCA-Anexo I-C,RO1.7.1.8.00.0.0,4318002,Deduções - FUNDEB,"1.7.1.8.00.0.0 Transferências da União - Específicas de Estados, DF e Municípios",2020,Prefeitura Municipal de São Borja - RS,60282,Padrão,RS,6852464.2
DCA-Anexo I-C,2020,FUNDEB,DCA-Anexo I-C,RO1.7.1.8.01.0.0,4318002,Deduções - FUNDEB,1.7.1.8.01.0.0 Participação na Receita da União,2020,Prefeitura Municipal de São Borja - RS,60282,Padrão,RS,6852464.2
DCA-Anexo I-C,2020,FUNDO DE PARTICIPACAO DOS MUNICIPIOS,DCA-Anexo I-C,RO1.7.1.8.01.2.0,4318002,Receitas Brutas Realizadas,1.7.1.8.01.2.0 Cota-Parte do Fundo de Participação dos Municípios - Cota Mensal,2020,Prefeitura Municipal de São Borja - RS,60282,Padrão,RS,31100665.47
DCA-Anexo I-C,2020,FUNDEB|FUNDO DE PARTICIPACAO DOS MUNICIPIOS,DCA-Anexo I-C,RO1.7.1.8.01.2.0,4318002,Deduções - FUNDEB,1.7.1.8.01.2.0 Cota-Parte do Fundo de Participação dos Municípios - Cota Mensal,2020,Prefeitura Municipal de São Borja - RS,60282,Padrão,RS,6123418.65
DCA-Anexo I-C,2020,FUNDO DE PARTICIPACAO DOS MUNICIPIOS,DCA-Anexo I-C,RO1.7.1.8.01.4.0,4318002,Receitas Brutas Realizadas,1.7.1.8.01.4.0 Cota-Parte do Fundo de Participação dos Municípios - 1% Cota entregue no mês de julho,2020,Prefeitura Municipal de São Borja - RS,60282,Padrão,RS,1380718.02
DCA-Anexo I-C,2020,FUNDEB,DCA-Anexo I-C,RO1.7.1.8.01.5.0,4318002,Deduções - FUNDEB,1.7.1.8.01.5.0 Cota-Parte do Imposto Sobre a Propriedade Territorial Rural,2020,Prefeitura Municipal de São Borja - RS,60282,Padrão,RS,729045.55
DCA-Anexo I-C,2020,INVESTIMENT,DCA-Anexo I-C,RO1.7.1.8.04.0.0,4318002,Receitas Brutas Realizadas,1.7.1.8.04.0.0 Transferências de Recursos do Sistema Único de Saúde ¿ SUS - Bloco Investimentos na Rede de Serviços Públicos de Saúde,2020,Prefeitura Municipal de São Borja - RS,60282,Padrão,RS,1350000
DCA-Anexo I-C,2020,ICMS,DCA-Anexo I-C,RO1.7.1.8.06.0.0,4318002,Receitas Brutas Realizadas,1.7.1.8.06.0.0 Transferência Financeira do ICMS ¿ Desoneração ¿ L.C. Nº 87/96,2020,Prefeitura Municipal de São Borja - RS,60282,Padrão,RS,477757.14
DCA-Anexo I-C,2020,FUNDEB,DCA-Anexo I-C,RO1.7.2.0.00.0.0,4318002,Deduções - FUNDEB,1.7.2.0.00.0.0 - Transferências dos Estados e do Distrito Federal e de suas Entidades,2020,Prefeitura Municipal de São Borja - RS,60282,Padrão,RS,11072960.6
DCA-Anexo I-C,2020,FUNDEB,DCA-Anexo I-C,RO1.7.2.8.00.0.0,4318002,Deduções - FUNDEB,"1.7.2.8.00.0.0 Transferências dos Estados - Específicas de Estados, DF e Municípios",2020,Prefeitura Municipal de São Borja - RS,60282,Padrão,RS,11072960.6
DCA-Anexo I-C,2020,FUNDEB,DCA-Anexo I-C,RO1.7.2.8.01.0.0,4318002,Deduções - FUNDEB,1.7.2.8.01.0.0 Participação na Receita dos Estados,2020,Prefeitura Municipal de São Borja - RS,60282,Padrão,RS,11072960.6
DCA-Anexo I-C,2020,ICMS,DCA-Anexo I-C,RO1.7.2.8.01.1.0,4318002,Receitas Brutas Realizadas,1.7.2.8.01.1.0 Cota-Parte do ICMS,2020,Prefeitura Municipal de São Borja - RS,60282,Padrão,RS,46804644.08
DCA-Anexo I-C,2020,FUNDEB|ICMS,DCA-Anexo I-C,RO1.7.2.8.01.1.0,4318002,Deduções - FUNDEB,1.7.2.8.01.1.0 Cota-Parte do ICMS,2020,Prefeitura Municipal de São Borja - RS,60282,Padrão,RS,9360928.65
DCA-Anexo I-C,2020,IPVA,DCA-Anexo I-C,RO1.7.2.8.01.2.0,4318002,Receitas Brutas Realizadas,1.7.2.8.01.2.0 Cota-Parte do IPVA,2020,Prefeitura Municipal de São Borja - RS,60282,Padrão,RS,7911722.25
DCA-Anexo I-C,2020,FUNDEB|IPVA,DCA-Anexo I-C,RO1.7.2.8.01.2.0,4318002,Deduções - FUNDEB,1.7.2.8.01.2.0 Cota-Parte do IPVA,2020,Prefeitura Municipal de São Borja - RS,60282,Padrão,RS,1582343.77
DCA-Anexo I-C,2020,FUNDEB,DCA-Anexo I-C,RO1.7.2.8.01.3.0,4318002,Deduções - FUNDEB,1.7.2.8.01.3.0 Cota-Parte do IPI - Municípios,2020,Prefeitura Municipal de São Borja - RS,60282,Padrão,RS,129688.18
DCA-Anexo I-C,2020,FUNDEB,DCA-Anexo I-C,RO1.7.5.8.01.0.0,4318002,Receitas Brutas Realizadas,1.7.5.8.01.0.0 Transferências de Recursos do Fundo de Manutenção e Desenvolvimento da Educação Básica e de Valorização dos Profissionais da Educação ¿ FUNDEB,2020,Prefeitura Municipal de São Borja - RS,60282,Padrão,RS,27895564.15
DCA-Anexo I-C,2020,PREVID,DCA-Anexo I-C,RO1.9.9.0.03.0.0,4318002,Receitas Brutas Realizadas,1.9.9.0.03.0.0 - Compensações Financeiras entre o Regime Geral e os Regimes Próprios de Previdência dos Servidores,2020,Prefeitura Municipal de São Borja - RS,60282,Padrão,RS,313923.1
DCA-Anexo I-C,2020,DIVIDA,DCA-Anexo I-C,RO1.9.9.0.12.0.0,4318002,Receitas Brutas Realizadas,1.9.9.0.12.0.0 - Encargos Legais pela Inscrição em Dívida Ativa e Receitas de Ônus de Sucumbência,2020,Prefeitura Municipal de São Borja - RS,60282,Padrão,RS,700.73
DCA-Anexo I-C,2020,INVESTIMENT,DCA-Anexo I-C,RO2.4.1.8.04.0.0,4318002,Receitas Brutas Realizadas,2.4.1.8.04.0.0 - Transferências de Recursos do Sistema Único de Saúde ¿ SUS - Bloco Investimentos na Rede de Serviços Públicos de Saúde,2020,Prefeitura Municipal de São Borja - RS,60282,Padrão,RS,326846
DCA-Anexo I-C,2020,FUNDEB,DCA-Anexo I-C,TotalReceitas,4318002,Deduções - FUNDEB,TOTAL DAS RECEITAS (III) = (I + II),2020,Prefeitura Municipal de São Borja - RS,60282,Padrão,RS,17925424.8
DCA-Anexo I-D,2020,DESPESA,DCA-Anexo I-D,TotalDespesas,4318002,Despesas Empenhadas,Total Geral da Despesa,2020,Prefeitura Municipal de São Borja - RS,60282,Padrão,RS,220937998.11
DCA-Anexo I-D,2020,DESPESA,DCA-Anexo I-D,TotalDespesas,4318002,Despesas Liquidadas,Total Geral da Despesa,2020,Prefeitura Municipal de São Borja - RS,60282,Padrão,RS,212743087.21
DCA-Anexo I-D,2020,DESPESA,DCA-Anexo I-D,TotalDespesas,4318002,Despesas Pagas,Total Geral da Despesa,2020,Prefeitura Municipal de São Borja - RS,60282,Padrão,RS,204996862.35
DCA-Anexo I-D,2020,DESPESA,DCA-Anexo I-D,TotalDespesas,4318002,Inscrição de Restos a Pagar Não Processados,Total Geral da Despesa,2020,Prefeitura Municipal de São Borja - RS,60282,Padrão,RS,8194910.9
DCA-Anexo I-D,2020,DESPESA,DCA-Anexo I-D,TotalDespesas,4318002,Inscrição de Restos a Pagar Processados,Total Geral da Despesa,2020,Prefeitura Municipal de São Borja - RS,60282,Padrão,RS,7746224.86
DCA-Anexo I-D,2020,DESPESA,DCA-Anexo I-D,DO3.0.00.00.00.00,4318002,Despesas Empenhadas,3.0.00.00.00 - Despesas Correntes,2020,Prefeitura Municipal de São Borja - RS,60282,Padrão,RS,197828914.42
DCA-Anexo I-D,2020,DESPESA,DCA-Anexo I-D,DO3.0.00.00.00.00,4318002,Despesas Liquidadas,3.0.00.00.00 - Despesas Correntes,2020,Prefeitura Municipal de São Borja - RS,60282,Padrão,RS,195330502.42
DCA-Anexo I-D,2020,DESPESA,DCA-Anexo I-D,DO3.0.00.00.00.00,4318002,Despesas Pagas,3.0.00.00.00 - Despesas Correntes,2020,Prefeitura Municipal de São Borja - RS,60282,Padrão,RS,189115554.31
DCA-Anexo I-D,2020,DESPESA,DCA-Anexo I-D,DO3.0.00.00.00.00,4318002,Inscrição de Restos a Pagar Não Processados,3.0.00.00.00 - Despesas Correntes,2020,Prefeitura Municipal de São Borja - RS,60282,Padrão,RS,2498412
DCA-Anexo I-D,2020,DESPESA,DCA-Anexo I-D,DO3.0.00.00.00.00,4318002,Inscrição de Restos a Pagar Processados,3.0.00.00.00 - Despesas Correntes,2020,Prefeitura Municipal de São Borja - RS,60282,Padrão,RS,6214948.11
DCA-Anexo I-D,2020,DESPESA|PESSOAL,DCA-Anexo I-D,DO3.1.00.00.00.00,4318002,Despesas Empenhadas,3.1.00.00.00 - Pessoal e Encargos Sociais,2020,Prefeitura Municipal de São Borja - RS,60282,Padrão,RS,117242465.5
DCA-Anexo I-D,2020,DESPESA|PESSOAL,DCA-Anexo I-D,DO3.1.00.00.00.00,4318002,Despesas Liquidadas,3.1.00.00.00 - Pessoal e Encargos Sociais,2020,Prefeitura Municipal de São Borja - RS,60282,Padrão,RS,116872485.4
DCA-Anexo I-D,2020,DESPESA|PESSOAL,DCA-Anexo I-D,DO3.1.00.00.00.00,4318002,Despesas Pagas,3.1.00.00.00 - Pessoal e Encargos Sociais,2020,Prefeitura Municipal de São Borja - RS,60282,Padrão,RS,113898047.73
DCA-Anexo I-D,2020,PESSOAL,DCA-Anexo I-D,DO3.1.00.00.00.00,4318002,Inscrição de Restos a Pagar Não Processados,3.1.00.00.00 - Pessoal e Encargos Sociais,2020,Prefeitura Municipal de São Borja - RS,60282,Padrão,RS,369980.1
DCA-Anexo I-D,2020,PESSOAL,DCA-Anexo I-D,DO3.1.00.00.00.00,4318002,Inscrição de Restos a Pagar Processados,3.1.00.00.00 - Pessoal e Encargos Sociais,2020,Prefeitura Municipal de São Borja - RS,60282,Padrão,RS,2974437.67
DCA-Anexo I-D,2020,DESPESA,DCA-Anexo I-D,DO3.1.90.00.00.00,4318002,Despesas Empenhadas,3.1.90.00.00 - Aplicações Diretas,2020,Prefeitura Municipal de São Borja - RS,60282,Padrão,RS,105522052.77
DCA-Anexo I-D,2020,DESPESA,DCA-Anexo I-D,DO3.1.90.00.00.00,4318002,Despesas Liquidadas,3.1.90.00.00 - Aplicações Diretas,2020,Prefeitura Municipal de São Borja - RS,60282,Padrão,RS,105201793.74
DCA-Anexo I-D,2020,DESPESA,DCA-Anexo I-D,DO3.1.90.00.00.00,4318002,Despesas Pagas,3.1.90.00.00 - Aplicações Diretas,2020,Prefeitura Municipal de São Borja - RS,60282,Padrão,RS,104624544.31
DCA-Anexo I-D,2020,DESPESA,DCA-Anexo I-D,DO3.1.90.01.00.00,4318002,Despesas Empenhadas,"3.1.90.01.00 - Aposentadorias do RPPS, Reserva Remunerada e Reformas dos Militares",2020,Prefeitura Municipal de São Borja - RS,60282,Padrão,RS,20691909.05
DCA-Anexo I-D,2020,DESPESA,DCA-Anexo I-D,DO3.1.90.01.00.00,4318002,Despesas Liquidadas,"3.1.90.01.00 - Aposentadorias do RPPS, Reserva Remunerada e Reformas dos Militares",2020,Prefeitura Municipal de São Borja - RS,60282,Padrão,RS,20691909.05
DCA-Anexo I-D,2020,DESPESA,DCA-Anexo I-D,DO3.1.90.01.00.00,4318002,Despesas Pagas,"3.1.90.01.00 - Aposentadorias do RPPS, Reserva Remunerada e Reformas dos Militares",2020,Prefeitura Municipal de São Borja - RS,60282,Padrão,RS,20691909.05
DCA-Anexo I-D,2020,DESPESA,DCA-Anexo I-D,DO3.1.90.03.00.00,4318002,Despesas Empenhadas,3.1.90.03.00 - Pensões do RPPS e do Militar,2020,Prefeitura Municipal de São Borja - RS,60282,Padrão,RS,2854499.22
DCA-Anexo I-D,2020,DESPESA,DCA-Anexo I-D,DO3.1.90.03.00.00,4318002,Despesas Liquidadas,3.1.90.03.00 - Pensões do RPPS e do Militar,2020,Prefeitura Municipal de São Borja - RS,60282,Padrão,RS,2854499.22
DCA-Anexo I-D,2020,DESPESA,DCA-Anexo I-D,DO3.1.90.03.00.00,4318002,Despesas Pagas,3.1.90.03.00 - Pensões do RPPS e do Militar,2020,Prefeitura Municipal de São Borja - RS,60282,Padrão,RS,2854499.22
DCA-Anexo I-D,2020,DESPESA,DCA-Anexo I-D,DO3.1.90.04.00.00,4318002,Despesas Empenhadas,3.1.90.04.00 - Contratação por Tempo Determinado,2020,Prefeitura Municipal de São Borja - RS,60282,Padrão,RS,20861188.11
DCA-Anexo I-D,2020,DESPESA,DCA-Anexo I-D,DO3.1.90.04.00.00,4318002,Despesas Liquidadas,3.1.90.04.00 - Contratação por Tempo Determinado,2020,Prefeitura Municipal de São Borja - RS,60282,Padrão,RS,20861188.11
DCA-Anexo I-D,2020,DESPESA,DCA-Anexo I-D,DO3.1.90.04.00.00,4318002,Despesas Pagas,3.1.90.04.00 - Contratação por Tempo Determinado,2020,Prefeitura Municipal de São Borja - RS,60282,Padrão,RS,20449320.16
DCA-Anexo I-D,2020,DESPESA|PREVID,DCA-Anexo I-D,DO3.1.90.05.00.00,4318002,Despesas Empenhadas,3.1.90.05.00 - Outros Benefícios Previdenciários do Servidor ou do Militar,2020,Prefeitura Municipal de São Borja - RS,60282,Padrão,RS,15420.45
DCA-Anexo I-D,2020,DESPESA|PREVID,DCA-Anexo I-D,DO3.1.90.05.00.00,4318002,Despesas Liquidadas,3.1.90.05.00 - Outros Benefícios Previdenciários do Servidor ou do Militar,2020,Prefeitura Municipal de São Borja - RS,60282,Padrão,RS,15420.45
DCA-Anexo I-D,2020,DESPESA|PREVID,DCA-Anexo I-D,DO3.1.90.05.00.00,4318002,Despesas Pagas,3.1.90.05.00 - Outros Benefícios Previdenciários do Servidor ou do Militar,2020,Prefeitura Municipal de São Borja - RS,60282,Padrão,RS,15420.45
DCA-Anexo I-D,2020,DESPESA|PESSOAL,DCA-Anexo I-D,DO3.1.90.11.00.00,4318002,Despesas Empenhadas,3.1.90.11.00 - Vencimentos e Vantagens Fixas - Pessoal Civil,2020,Prefeitura Municipal de São Borja - RS,60282,Padrão,RS,55212039.72
DCA-Anexo I-D,2020,DESPESA|PESSOAL,DCA-Anexo I-D,DO3.1.90.11.00.00,4318002,Despesas Liquidadas,3.1.90.11.00 - Vencimentos e Vantagens Fixas - Pessoal Civil,2020,Prefeitura Municipal de São Borja - RS,60282,Padrão,RS,55211807.06
DCA-Anexo I-D,2020,DESPESA|PESSOAL,DCA-Anexo I-D,DO3.1.90.11.00.00,4318002,Despesas Pagas,3.1.90.11.00 - Vencimentos e Vantagens Fixas - Pessoal Civil,2020,Prefeitura Municipal de São Borja - RS,60282,Padrão,RS,55190755.17
DCA-Anexo I-D,2020,PESSOAL,DCA-Anexo I-D,DO3.1.90.11.00.00,4318002,Inscrição de Restos a Pagar Não Processados,3.1.90.11.00 - Vencimentos e Vantagens Fixas - Pessoal Civil,2020,Prefeitura Municipal de São Borja - RS,60282,Padrão,RS,232.66
DCA-Anexo I-D,2020,PESSOAL,DCA-Anexo I-D,DO3.1.90.11.00.00,4318002,Inscrição de Restos a Pagar Processados,3.1.90.11.00 - Vencimentos e Vantagens Fixas - Pessoal Civil,2020,Prefeitura Municipal de São Borja - RS,60282,Padrão,RS,21051.89
DCA-Anexo I-D,2020,DESPESA,DCA-Anexo I-D,DO3.1.90.13.00.00,4318002,Despesas Empenhadas,3.1.90.13.00 - Obrigações Patronais,2020,Prefeitura Municipal de São Borja - RS,60282,Padrão,RS,2425416.34
DCA-Anexo I-D,2020,DESPESA,DCA-Anexo I-D,DO3.1.90.13.00.00,4318002,Despesas Liquidadas,3.1.90.13.00 - Obrigações Patronais,2020,Prefeitura Municipal de São Borja - RS,60282,Padrão,RS,2384144.66
DCA-Anexo I-D,2020,DESPESA,DCA-Anexo I-D,DO3.1.90.13.00.00,4318002,Despesas Pagas,3.1.90.13.00 - Obrigações Patronais,2020,Prefeitura Municipal de São Borja - RS,60282,Padrão,RS,2239815.07
DCA-Anexo I-D,2020,DESPESA,DCA-Anexo I-D,DO3.1.90.13.01.00,4318002,Despesas Empenhadas,3.1.90.13.01 - FGTS,2020,Prefeitura Municipal de São Borja - RS,60282,Padrão,RS,174863.63
DCA-Anexo I-D,2020,DESPESA,DCA-Anexo I-D,DO3.1.90.13.01.00,4318002,Despesas Liquidadas,3.1.90.13.01 - FGTS,2020,Prefeitura Municipal de São Borja - RS,60282,Padrão,RS,174863.63
DCA-Anexo I-D,2020,DESPESA,DCA-Anexo I-D,DO3.1.90.13.01.00,4318002,Despesas Pagas,3.1.90.13.01 - FGTS,2020,Prefeitura Municipal de São Borja - RS,60282,Padrão,RS,149848.42
DCA-Anexo I-D,2020,DESPESA|PREVID,DCA-Anexo I-D,DO3.1.90.13.02.00,4318002,Despesas Empenhadas,3.1.90.13.02 - Contribuições Previdenciárias - INSS,2020,Prefeitura Municipal de São Borja - RS,60282,Padrão,RS,2224831.04
DCA-Anexo I-D,2020,DESPESA|PREVID,DCA-Anexo I-D,DO3.1.90.13.02.00,4318002,Despesas Liquidadas,3.1.90.13.02 - Contribuições Previdenciárias - INSS,2020,Prefeitura Municipal de São Borja - RS,60282,Padrão,RS,2183841.36
DCA-Anexo I-D,2020,DESPESA|PREVID,DCA-Anexo I-D,DO3.1.90.13.02.00,4318002,Despesas Pagas,3.1.90.13.02 - Contribuições Previdenciárias - INSS,2020,Prefeitura Municipal de São Borja - RS,60282,Padrão,RS,2064526.98
DCA-Anexo I-D,2020,PREVID,DCA-Anexo I-D,DO3.1.90.13.02.00,4318002,Inscrição de Restos a Pagar Não Processados,3.1.90.13.02 - Contribuições Previdenciárias - INSS,2020,Prefeitura Municipal de São Borja - RS,60282,Padrão,RS,40989.68
DCA-Anexo I-D,2020,PREVID,DCA-Anexo I-D,DO3.1.90.13.02.00,4318002,Inscrição de Restos a Pagar Processados,3.1.90.13.02 - Contribuições Previdenciárias - INSS,2020,Prefeitura Municipal de São Borja - RS,60282,Padrão,RS,119314.38
DCA-Anexo I-D,2020,DESPESA,DCA-Anexo I-D,DO3.1.90.13.99.00,4318002,Despesas Empenhadas,3.1.90.13.99 - Outras Obrigações Patronais,2020,Prefeitura Municipal de São Borja - RS,60282,Padrão,RS,25721.67
DCA-Anexo I-D,2020,DESPESA,DCA-Anexo I-D,DO3.1.90.13.99.00,4318002,Despesas Liquidadas,3.1.90.13.99 - Outras Obrigações Patronais,2020,Prefeitura Municipal de São Borja - RS,60282,Padrão,RS,25439.67
DCA-Anexo I-D,2020,DESPESA,DCA-Anexo I-D,DO3.1.90.13.99.00,4318002,Despesas Pagas,3.1.90.13.99 - Outras Obrigações Patronais,2020,Prefeitura Municipal de São Borja - RS,60282,Padrão,RS,25439.67
DCA-Anexo I-D,2020,DESPESA|PESSOAL,DCA-Anexo I-D,DO3.1.90.16.00.00,4318002,Despesas Empenhadas,3.1.90.16.00 - Outras Despesas Variáveis - Pessoal Civil,2020,Prefeitura Municipal de São Borja - RS,60282,Padrão,RS,2982226.14
DCA-Anexo I-D,2020,DESPESA|PESSOAL,DCA-Anexo I-D,DO3.1.90.16.00.00,4318002,Despesas Liquidadas,3.1.90.16.00 - Outras Despesas Variáveis - Pessoal Civil,2020,Prefeitura Municipal de São Borja - RS,60282,Padrão,RS,2982226.14
DCA-Anexo I-D,2020,DESPESA|PESSOAL,DCA-Anexo I-D,DO3.1.90.16.00.00,4318002,Despesas Pagas,3.1.90.16.00 - Outras Despesas Variáveis - Pessoal Civil,2020,Prefeitura Municipal de São Borja - RS,60282,Padrão,RS,2982226.14
DCA-Anexo I-D,2020,DESPESA,DCA-Anexo I-D,DO3.1.90.94.00.00,4318002,Despesas Empenhadas,3.1.90.94.00 - Indenizações e Restituições Trabalhistas,2020,Prefeitura Municipal de São Borja - RS,60282,Padrão,RS,479353.74
DCA-Anexo I-D,2020,DESPESA,DCA-Anexo I-D,DO3.1.90.94.00.00,4318002,Despesas Liquidadas,3.1.90.94.00 - Indenizações e Restituições Trabalhistas,2020,Prefeitura Municipal de São Borja - RS,60282,Padrão,RS,200599.05
DCA-Anexo I-D,2020,DESPESA,DCA-Anexo I-D,DO3.1.90.94.00.00,4318002,Despesas Pagas,3.1.90.94.00 - Indenizações e Restituições Trabalhistas,2020,Prefeitura Municipal de São Borja - RS,60282,Padrão,RS,200599.05
DCA-Anexo I-D,2020,DESPESA,DCA-Anexo I-D,DI3.1.91.00.00.00,4318002,Despesas Empenhadas,"3.1.91.00.00 - Aplicação Direta Decorrente de Operação entre Órgãos, Fundos e Entidades Integrantes dos Orçamentos Fiscal e da Seguridade Social",2020,Prefeitura Municipal de São Borja - RS,60282,Padrão,RS,11720412.73
DCA-Anexo I-D,2020,DESPESA,DCA-Anexo I-D,DI3.1.91.00.00.00,4318002,Despesas Liquidadas,"3.1.91.00.00 - Aplicação Direta Decorrente de Operação entre Órgãos, Fundos e Entidades Integrantes dos Orçamentos Fiscal e da Seguridade Social",2020,Prefeitura Municipal de São Borja - RS,60282,Padrão,RS,11670691.66
DCA-Anexo I-D,2020,DESPESA,DCA-Anexo I-D,DI3.1.91.00.00.00,4318002,Despesas Pagas,"3.1.91.00.00 - Aplicação Direta Decorrente de Operação entre Órgãos, Fundos e Entidades Integrantes dos Orçamentos Fiscal e da Seguridade Social",2020,Prefeitura Municipal de São Borja - RS,60282,Padrão,RS,9273503.42
DCA-Anexo I-D,2020,DESPESA,DCA-Anexo I-D,DI3.1.91.13.00.00,4318002,Despesas Empenhadas,3.1.91.13.00 - Contribuições Patronais,2020,Prefeitura Municipal de São Borja - RS,60282,Padrão,RS,11720412.73
DCA-Anexo I-D,2020,DESPESA,DCA-Anexo I-D,DI3.1.91.13.00.00,4318002,Despesas Liquidadas,3.1.91.13.00 - Contribuições Patronais,2020,Prefeitura Municipal de São Borja - RS,60282,Padrão,RS,11670691.66
DCA-Anexo I-D,2020,DESPESA,DCA-Anexo I-D,DI3.1.91.13.00.00,4318002,Despesas Pagas,3.1.91.13.00 - Contribuições Patronais,2020,Prefeitura Municipal de São Borja - RS,60282,Padrão,RS,9273503.42
DCA-Anexo I-D,2020,DESPESA|PESSOAL|PREVID,DCA-Anexo I-D,DI3.1.91.13.08.00,4318002,Despesas Empenhadas,3.1.91.13.08 - Contribuições previdenciárias - RPPS - pessoal ativo - plano previdenciário,2020,Prefeitura Municipal de São Borja - RS,60282,Padrão,RS,11720412.73
DCA-Anexo I-D,2020,DESPESA|PESSOAL|PREVID,DCA-Anexo I-D,DI3.1.91.13.08.00,4318002,Despesas Liquidadas,3.1.91.13.08 - Contribuições previdenciárias - RPPS - pessoal ativo - plano previdenciário,2020,Prefeitura Municipal de São Borja - RS,60282,Padrão,RS,11670691.66
DCA-Anexo I-D,2020,DESPESA|PESSOAL|PREVID,DCA-Anexo I-D,DI3.1.91.13.08.00,4318002,Despesas Pagas,3.1.91.13.08 - Contribuições previdenciárias - RPPS - pessoal ativo - plano previdenciário,2020,Prefeitura Municipal de São Borja - RS,60282,Padrão,RS,9273503.42
DCA-Anexo I-D,2020,PESSOAL|PREVID,DCA-Anexo I-D,DI3.1.91.13.08.00,4318002,Inscrição de Restos a Pagar Não Processados,3.1.91.13.08 - Contribuições previdenciárias - RPPS - pessoal ativo - plano previdenciário,2020,Prefeitura Municipal de São Borja - RS,60282,Padrão,RS,49721.07
DCA-Anexo I-D,2020,PESSOAL|PREVID,DCA-Anexo I-D,DI3.1.91.13.08.00,4318002,Inscrição de Restos a Pagar Processados,3.1.91.13.08 - Contribuições previdenciárias - RPPS - pessoal ativo - plano previdenciário,2020,Prefeitura Municipal de São Borja - RS,60282,Padrão,RS,2397188.24
DCA-Anexo I-D,2020,DESPESA|DIVIDA|JUROS,DCA-Anexo I-D,DO3.2.00.00.00.00,4318002,Despesas Empenhadas,3.2.00.00.00 - Juros e Encargos da Dívida,2020,Prefeitura Municipal de São Borja - RS,60282,Padrão,RS,3191837.48
DCA-Anexo I-D,2020,DESPESA|DIVIDA|JUROS,DCA-Anexo I-D,DO3.2.00.00.00.00,4318002,Despesas Liquidadas,3.2.00.00.00 - Juros e Encargos da Dívida,2020,Prefeitura Municipal de São Borja - RS,60282,Padrão,RS,3191837.48
DCA-Anexo I-D,2020,DESPESA|DIVIDA|JUROS,DCA-Anexo I-D,DO3.2.00.00.00.00,4318002,Despesas Pagas,3.2.00.00.00 - Juros e Encargos da Dívida,2020,Prefeitura Municipal de São Borja - RS,60282,Padrão,RS,3191837.48
DCA-Anexo I-D,2020,DESPESA,DCA-Anexo I-D,DO3.2.90.00.00.00,4318002,Despesas Empenhadas,3.2.90.00.00 - Aplicações Diretas,2020,Prefeitura Municipal de São Borja - RS,60282,Padrão,RS,2180057.57
DCA-Anexo I-D,2020,DESPESA,DCA-Anexo I-D,DO3.2.90.00.00.00,4318002,Despesas Liquidadas,3.2.90.00.00 - Aplicações Diretas,2020,Prefeitura Municipal de São Borja - RS,60282,Padrão,RS,2180057.57
DCA-Anexo I-D,2020,DESPESA,DCA-Anexo I-D,DO3.2.90.00.00.00,4318002,Despesas Pagas,3.2.90.00.00 - Aplicações Diretas,2020,Prefeitura Municipal de São Borja - RS,60282,Padrão,RS,2180057.57
DCA-Anexo I-D,2020,DESPESA|DIVIDA|JUROS,DCA-Anexo I-D,DO3.2.90.21.00.00,4318002,Despesas Empenhadas,3.2.90.21.00 - Juros sobre a Dívida por Contrato,2020,Prefeitura Municipal de São Borja - RS,60282,Padrão,RS,2180057.57
DCA-Anexo I-D,2020,DESPESA|DIVIDA|JUROS,DCA-Anexo I-D,DO3.2.90.21.00.00,4318002,Despesas Liquidadas,3.2.90.21.00 - Juros sobre a Dívida por Contrato,2020,Prefeitura Municipal de São Borja - RS,60282,Padrão,RS,2180057.57
DCA-Anexo I-D,2020,DESPESA|DIVIDA|JUROS,DCA-Anexo I-D,DO3.2.90.21.00.00,4318002,Despesas Pagas,3.2.90.21.00 - Juros sobre a Dívida por Contrato,2020,Prefeitura Municipal de São Borja - RS,60282,Padrão,RS,2180057.57
DCA-Anexo I-D,2020,DESPESA,DCA-Anexo I-D,DI3.2.91.00.00.00,4318002,Despesas Empenhadas,"3.2.91.00.00 - Aplicação direta decorrente de operação entre Órgãos, fundos e entidades integrantes dos OFSS",2020,Prefeitura Municipal de São Borja - RS,60282,Padrão,RS,1011779.91
DCA-Anexo I-D,2020,DESPESA,DCA-Anexo I-D,DI3.2.91.00.00.00,4318002,Despesas Liquidadas,"3.2.91.00.00 - Aplicação direta decorrente de operação entre Órgãos, fundos e entidades integrantes dos OFSS",2020,Prefeitura Municipal de São Borja - RS,60282,Padrão,RS,1011779.91
DCA-Anexo I-D,2020,DESPESA,DCA-Anexo I-D,DI3.2.91.00.00.00,4318002,Despesas Pagas,"3.2.91.00.00 - Aplicação direta decorrente de operação entre Órgãos, fundos e entidades integrantes dos OFSS",2020,Prefeitura Municipal de São Borja - RS,60282,Padrão,RS,1011779.91
DCA-Anexo I-D,2020,DESPESA,DCA-Anexo I-D,DO3.3.00.00.00.00,4318002,Despesas Empenhadas,3.3.00.00.00 - Outras Despesas Correntes,2020,Prefeitura Municipal de São Borja - RS,60282,Padrão,RS,77394611.44
DCA-Anexo I-D,2020,DESPESA,DCA-Anexo I-D,DO3.3.00.00.00.00,4318002,Despesas Liquidadas,3.3.00.00.00 - Outras Despesas Correntes,2020,Prefeitura Municipal de São Borja - RS,60282,Padrão,RS,75266179.54
DCA-Anexo I-D,2020,DESPESA,DCA-Anexo I-D,DO3.3.00.00.00.00,4318002,Despesas Pagas,3.3.00.00.00 - Outras Despesas Correntes,2020,Prefeitura Municipal de São Borja - RS,60282,Padrão,RS,72025669.1
DCA-Anexo I-D,2020,DESPESA,DCA-Anexo I-D,DO3.3.00.00.00.00,4318002,Inscrição de Restos a Pagar Não Processados,3.3.00.00.00 - Outras Despesas Correntes,2020,Prefeitura Municipal de São Borja - RS,60282,Padrão,RS,2128431.9
DCA-Anexo I-D,2020,DESPESA,DCA-Anexo I-D,DO3.3.00.00.00.00,4318002,Inscrição de Restos a Pagar Processados,3.3.00.00.00 - Outras Despesas Correntes,2020,Prefeitura Municipal de São Borja - RS,60282,Padrão,RS,3240510.44
DCA-Anexo I-D,2020,DESPESA,DCA-Anexo I-D,DO3.3.20.00.00.00,4318002,Despesas Empenhadas,3.3.20.00.00 - Transferências à União,2020,Prefeitura Municipal de São Borja - RS,60282,Padrão,RS,511.49
DCA-Anexo I-D,2020,DESPESA,DCA-Anexo I-D,DO3.3.20.00.00.00,4318002,Despesas Liquidadas,3.3.20.00.00 - Transferências à União,2020,Prefeitura Municipal de São Borja - RS,60282,Padrão,RS,511.49
DCA-Anexo I-D,2020,DESPESA,DCA-Anexo I-D,DO3.3.20.00.00.00,4318002,Despesas Pagas,3.3.20.00.00 - Transferências à União,2020,Prefeitura Municipal de São Borja - RS,60282,Padrão,RS,511.49
DCA-Anexo I-D,2020,DESPESA,DCA-Anexo I-D,DO3.3.30.00.00.00,4318002,Despesas Empenhadas,3.3.30.00.00 - Transferências a Estados e ao Distrito Federal,2020,Prefeitura Municipal de São Borja - RS,60282,Padrão,RS,157309.95
DCA-Anexo I-D,2020,DESPESA,DCA-Anexo I-D,DO3.3.30.00.00.00,4318002,Despesas Liquidadas,3.3.30.00.00 - Transferências a Estados e ao Distrito Federal,2020,Prefeitura Municipal de São Borja - RS,60282,Padrão,RS,157309.95
DCA-Anexo I-D,2020,DESPESA,DCA-Anexo I-D,DO3.3.30.00.00.00,4318002,Despesas Pagas,3.3.30.00.00 - Transferências a Estados e ao Distrito Federal,2020,Prefeitura Municipal de São Borja - RS,60282,Padrão,RS,157309.95
DCA-Anexo I-D,2020,DESPESA,DCA-Anexo I-D,DO3.3.30.41.00.00,4318002,Despesas Empenhadas,3.3.30.41.00 - Contribuições,2020,Prefeitura Municipal de São Borja - RS,60282,Padrão,RS,154415.97
DCA-Anexo I-D,2020,DESPESA,DCA-Anexo I-D,DO3.3.30.41.00.00,4318002,Despesas Liquidadas,3.3.30.41.00 - Contribuições,2020,Prefeitura Municipal de São Borja - RS,60282,Padrão,RS,154415.97
DCA-Anexo I-D,2020,DESPESA,DCA-Anexo I-D,DO3.3.30.41.00.00,4318002,Despesas Pagas,3.3.30.41.00 - Contribuições,2020,Prefeitura Municipal de São Borja - RS,60282,Padrão,RS,154415.97
DCA-Anexo I-D,2020,DESPESA,DCA-Anexo I-D,DO3.3.30.93.00.00,4318002,Despesas Empenhadas,3.3.30.93.00 - Indenizações e restituições,2020,Prefeitura Municipal de São Borja - RS,60282,Padrão,RS,2893.98
DCA-Anexo I-D,2020,DESPESA,DCA-Anexo I-D,DO3.3.30.93.00.00,4318002,Despesas Liquidadas,3.3.30.93.00 - Indenizações e restituições,2020,Prefeitura Municipal de São Borja - RS,60282,Padrão,RS,2893.98
DCA-Anexo I-D,2020,DESPESA,DCA-Anexo I-D,DO3.3.30.93.00.00,4318002,Despesas Pagas,3.3.30.93.00 - Indenizações e restituições,2020,Prefeitura Municipal de São Borja - RS,60282,Padrão,RS,2893.98
DCA-Anexo I-D,2020,DESPESA,DCA-Anexo I-D,DO3.3.50.00.00.00,4318002,Despesas Empenhadas,3.3.50.00.00 - Transferências a Instituições Privadas sem Fins Lucrativos,2020,Prefeitura Municipal de São Borja - RS,60282,Padrão,RS,3291530.41
DCA-Anexo I-D,2020,DESPESA,DCA-Anexo I-D,DO3.3.50.00.00.00,4318002,Despesas Liquidadas,3.3.50.00.00 - Transferências a Instituições Privadas sem Fins Lucrativos,2020,Prefeitura Municipal de São Borja - RS,60282,Padrão,RS,3291530.41
DCA-Anexo I-D,2020,DESPESA,DCA-Anexo I-D,DO3.3.50.00.00.00,4318002,Despesas Pagas,3.3.50.00.00 - Transferências a Instituições Privadas sem Fins Lucrativos,2020,Prefeitura Municipal de São Borja - RS,60282,Padrão,RS,3271530.41
DCA-Anexo I-D,2020,DESPESA,DCA-Anexo I-D,DO3.3.60.00.00.00,4318002,Despesas Empenhadas,3.3.60.00.00 - Transferências a Instituições Privadas com Fins Lucrativos,2020,Prefeitura Municipal de São Borja - RS,60282,Padrão,RS,54000
DCA-Anexo I-D,2020,DESPESA,DCA-Anexo I-D,DO3.3.60.00.00.00,4318002,Despesas Liquidadas,3.3.60.00.00 - Transferências a Instituições Privadas com Fins Lucrativos,2020,Prefeitura Municipal de São Borja - RS,60282,Padrão,RS,54000
DCA-Anexo I-D,2020,DESPESA,DCA-Anexo I-D,DO3.3.60.00.00.00,4318002,Despesas Pagas,3.3.60.00.00 - Transferências a Instituições Privadas com Fins Lucrativos,2020,Prefeitura Municipal de São Borja - RS,60282,Padrão,RS,54000
DCA-Anexo I-D,2020,DESPESA,DCA-Anexo I-D,DO3.3.90.00.00.00,4318002,Despesas Empenhadas,3.3.90.00.00 - Aplicações Diretas,2020,Prefeitura Municipal de São Borja - RS,60282,Padrão,RS,73891259.59
DCA-Anexo I-D,2020,DESPESA,DCA-Anexo I-D,DO3.3.90.00.00.00,4318002,Despesas Liquidadas,3.3.90.00.00 - Aplicações Diretas,2020,Prefeitura Municipal de São Borja - RS,60282,Padrão,RS,71762827.69
DCA-Anexo I-D,2020,DESPESA,DCA-Anexo I-D,DO3.3.90.00.00.00,4318002,Despesas Pagas,3.3.90.00.00 - Aplicações Diretas,2020,Prefeitura Municipal de São Borja - RS,60282,Padrão,RS,68542317.25
DCA-Anexo I-D,2020,DESPESA,DCA-Anexo I-D,DO3.3.90.08.00.00,4318002,Despesas Empenhadas,3.3.90.08.00 - Outros Benefícios Assistenciais do servidor e do militar,2020,Prefeitura Municipal de São Borja - RS,60282,Padrão,RS,5363476.04
DCA-Anexo I-D,2020,DESPESA,DCA-Anexo I-D,DO3.3.90.08.00.00,4318002,Despesas Liquidadas,3.3.90.08.00 - Outros Benefícios Assistenciais do servidor e do militar,2020,Prefeitura Municipal de São Borja - RS,60282,Padrão,RS,5363476.04
DCA-Anexo I-D,2020,DESPESA,DCA-Anexo I-D,DO3.3.90.08.00.00,4318002,Despesas Pagas,3.3.90.08.00 - Outros Benefícios Assistenciais do servidor e do militar,2020,Prefeitura Municipal de São Borja - RS,60282,Padrão,RS,4998542.04
DCA-Anexo I-D,2020,DESPESA,DCA-Anexo I-D,DO3.3.90.14.00.00,4318002,Despesas Empenhadas,3.3.90.14.00 - Diárias - Civil,2020,Prefeitura Municipal de São Borja - RS,60282,Padrão,RS,767238.57
DCA-Anexo I-D,2020,DESPESA,DCA-Anexo I-D,DO3.3.90.14.00.00,4318002,Despesas Liquidadas,3.3.90.14.00 - Diárias - Civil,2020,Prefeitura Municipal de São Borja - RS,60282,Padrão,RS,764739.88
DCA-Anexo I-D,2020,DESPESA,DCA-Anexo I-D,DO3.3.90.14.00.00,4318002,Despesas Pagas,3.3.90.14.00 - Diárias - Civil,2020,Prefeitura Municipal de São Borja - RS,60282,Padrão,RS,756191.59
DCA-Anexo I-D,2020,DESPESA,DCA-Anexo I-D,DO3.3.90.30.00.00,4318002,Despesas Empenhadas,3.3.90.30.00 - Material de Consumo,2020,Prefeitura Municipal de São Borja - RS,60282,Padrão,RS,6880145.36
DCA-Anexo I-D,2020,DESPESA,DCA-Anexo I-D,DO3.3.90.30.00.00,4318002,Despesas Liquidadas,3.3.90.30.00 - Material de Consumo,2020,Prefeitura Municipal de São Borja - RS,60282,Padrão,RS,6831399
DCA-Anexo I-D,2020,DESPESA,DCA-Anexo I-D,DO3.3.90.30.00.00,4318002,Despesas Pagas,3.3.90.30.00 - Material de Consumo,2020,Prefeitura Municipal de São Borja - RS,60282,Padrão,RS,6426322.24
DCA-Anexo I-D,2020,DESPESA,DCA-Anexo I-D,DO3.3.90.31.00.00,4318002,Despesas Empenhadas,"3.3.90.31.00 - Premiações Culturais, Artísticas, Científicas, Desportivas e Outras",2020,Prefeitura Municipal de São Borja - RS,60282,Padrão,RS,297706.82
DCA-Anexo I-D,2020,DESPESA,DCA-Anexo I-D,DO3.3.90.31.00.00,4318002,Despesas Liquidadas,"3.3.90.31.00 - Premiações Culturais, Artísticas, Científicas, Desportivas e Outras",2020,Prefeitura Municipal de São Borja - RS,60282,Padrão,RS,297706.82
DCA-Anexo I-D,2020,DESPESA,DCA-Anexo I-D,DO3.3.90.31.00.00,4318002,Despesas Pagas,"3.3.90.31.00 - Premiações Culturais, Artísticas, Científicas, Desportivas e Outras",2020,Prefeitura Municipal de São Borja - RS,60282,Padrão,RS,297706.82
DCA-Anexo I-D,2020,DESPESA,DCA-Anexo I-D,DO3.3.90.32.00.00,4318002,Despesas Empenhadas,"3.3.90.32.00 - Material, Bem ou Serviço para Distribuição Gratuita",2020,Prefeitura Municipal de São Borja - RS,60282,Padrão,RS,3543495.8
DCA-Anexo I-D,2020,DESPESA,DCA-Anexo I-D,DO3.3.90.32.00.00,4318002,Despesas Liquidadas,"3.3.90.32.00 - Material, Bem ou Serviço para Distribuição Gratuita",2020,Prefeitura Municipal de São Borja - RS,60282,Padrão,RS,3537152.33
DCA-Anexo I-D,2020,DESPESA,DCA-Anexo I-D,DO3.3.90.32.00.00,4318002,Despesas Pagas,"3.3.90.32.00 - Material, Bem ou Serviço para Distribuição Gratuita",2020,Prefeitura Municipal de São Borja - RS,60282,Padrão,RS,3329946.17
DCA-Anexo I-D,2020,DESPESA,DCA-Anexo I-D,DO3.3.90.33.00.00,4318002,Despesas Empenhadas,3.3.90.33.00 - Passagens e Despesas com Locomoção,2020,Prefeitura Municipal de São Borja - RS,60282,Padrão,RS,61637.54
DCA-Anexo I-D,2020,DESPESA,DCA-Anexo I-D,DO3.3.90.33.00.00,4318002,Despesas Liquidadas,3.3.90.33.00 - Passagens e Despesas com Locomoção,2020,Prefeitura Municipal de São Borja - RS,60282,Padrão,RS,60555.05
DCA-Anexo I-D,2020,DESPESA,DCA-Anexo I-D,DO3.3.90.33.00.00,4318002,Despesas Pagas,3.3.90.33.00 - Passagens e Despesas com Locomoção,2020,Prefeitura Municipal de São Borja - RS,60282,Padrão,RS,59417.65
DCA-Anexo I-D,2020,DESPESA,DCA-Anexo I-D,DO3.3.90.33.00.00,4318002,Inscrição de Restos a Pagar Não Processados,3.3.90.33.00 - Passagens e Despesas com Locomoção,2020,Prefeitura Municipal de São Borja - RS,60282,Padrão,RS,1082.49
DCA-Anexo I-D,2020,DESPESA,DCA-Anexo I-D,DO3.3.90.33.00.00,4318002,Inscrição de Restos a Pagar Processados,3.3.90.33.00 - Passagens e Despesas com Locomoção,2020,Prefeitura Municipal de São Borja - RS,60282,Padrão,RS,1137.4
DCA-Anexo I-D,2020,DESPESA,DCA-Anexo I-D,DO3.3.90.35.00.00,4318002,Despesas Empenhadas,3.3.90.35.00 - Serviços de Consultoria,2020,Prefeitura Municipal de São Borja - RS,60282,Padrão,RS,39148.9
DCA-Anexo I-D,2020,DESPESA,DCA-Anexo I-D,DO3.3.90.35.00.00,4318002,Despesas Liquidadas,3.3.90.35.00 - Serviços de Consultoria,2020,Prefeitura Municipal de São Borja - RS,60282,Padrão,RS,39148.9
DCA-Anexo I-D,2020,DESPESA,DCA-Anexo I-D,DO3.3.90.35.00.00,4318002,Despesas Pagas,3.3.90.35.00 - Serviços de Consultoria,2020,Prefeitura Municipal de São Borja - RS,60282,Padrão,RS,39148.9
DCA-Anexo I-D,2020,DESPESA,DCA-Anexo I-D,DO3.3.90.36.00.00,4318002,Despesas Empenhadas,3.3.90.36.00 - Outros Serviços de Terceiros - Pessoa Física,2020,Prefeitura Municipal de São Borja - RS,60282,Padrão,RS,1211784.98
DCA-Anexo I-D,2020,DESPESA,DCA-Anexo I-D,DO3.3.90.36.00.00,4318002,Despesas Liquidadas,3.3.90.36.00 - Outros Serviços de Terceiros - Pessoa Física,2020,Prefeitura Municipal de São Borja - RS,60282,Padrão,RS,1195017.08
DCA-Anexo I-D,2020,DESPESA,DCA-Anexo I-D,DO3.3.90.36.00.00,4318002,Despesas Pagas,3.3.90.36.00 - Outros Serviços de Terceiros - Pessoa Física,2020,Prefeitura Municipal de São Borja - RS,60282,Padrão,RS,1090488.69
DCA-Anexo I-D,2020,DESPESA,DCA-Anexo I-D,DO3.3.90.39.00.00,4318002,Despesas Empenhadas,3.3.90.39.00 - Outros Serviços de Terceiros - Pessoa Jurídica,2020,Prefeitura Municipal de São Borja - RS,60282,Padrão,RS,41589704.66
DCA-Anexo I-D,2020,DESPESA,DCA-Anexo I-D,DO3.3.90.39.00.00,4318002,Despesas Liquidadas,3.3.90.39.00 - Outros Serviços de Terceiros - Pessoa Jurídica,2020,Prefeitura Municipal de São Borja - RS,60282,Padrão,RS,39564608.29
DCA-Anexo I-D,2020,DESPESA,DCA-Anexo I-D,DO3.3.90.39.00.00,4318002,Despesas Pagas,3.3.90.39.00 - Outros Serviços de Terceiros - Pessoa Jurídica,2020,Prefeitura Municipal de São Borja - RS,60282,Padrão,RS,37738009.42
DCA-Anexo I-D,2020,DESPESA,DCA-Anexo I-D,DO3.3.90.40.00.00,4318002,Despesas Empenhadas,3.3.90.40.00 - Serviços de Tecnologia da Informação e Comunicação (TIC) - Pessoa Jurídica,2020,Prefeitura Municipal de São Borja - RS,60282,Padrão,RS,903460.35
DCA-Anexo I-D,2020,DESPESA,DCA-Anexo I-D,DO3.3.90.40.00.00,4318002,Despesas Liquidadas,3.3.90.40.00 - Serviços de Tecnologia da Informação e Comunicação (TIC) - Pessoa Jurídica,2020,Prefeitura Municipal de São Borja - RS,60282,Padrão,RS,875825.97
DCA-Anexo I-D,2020,DESPESA,DCA-Anexo I-D,DO3.3.90.40.00.00,4318002,Despesas Pagas,3.3.90.40.00 - Serviços de Tecnologia da Informação e Comunicação (TIC) - Pessoa Jurídica,2020,Prefeitura Municipal de São Borja - RS,60282,Padrão,RS,729804.89
DCA-Anexo I-D,2020,DESPESA,DCA-Anexo I-D,DO3.3.90.46.00.00,4318002,Despesas Empenhadas,3.3.90.46.00 - Auxílio-Alimentação,2020,Prefeitura Municipal de São Borja - RS,60282,Padrão,RS,8686213.56
DCA-Anexo I-D,2020,DESPESA,DCA-Anexo I-D,DO3.3.90.46.00.00,4318002,Despesas Liquidadas,3.3.90.46.00 - Auxílio-Alimentação,2020,Prefeitura Municipal de São Borja - RS,60282,Padrão,RS,8686213.56
DCA-Anexo I-D,2020,DESPESA,DCA-Anexo I-D,DO3.3.90.46.00.00,4318002,Despesas Pagas,3.3.90.46.00 - Auxílio-Alimentação,2020,Prefeitura Municipal de São Borja - RS,60282,Padrão,RS,8683812.48
DCA-Anexo I-D,2020,DESPESA,DCA-Anexo I-D,DO3.3.90.47.00.00,4318002,Despesas Empenhadas,3.3.90.47.00 - Obrigações Tributárias e Contributivas,2020,Prefeitura Municipal de São Borja - RS,60282,Padrão,RS,2361042.42
DCA-Anexo I-D,2020,DESPESA,DCA-Anexo I-D,DO3.3.90.47.00.00,4318002,Despesas Liquidadas,3.3.90.47.00 - Obrigações Tributárias e Contributivas,2020,Prefeitura Municipal de São Borja - RS,60282,Padrão,RS,2361042.42
DCA-Anexo I-D,2020,DESPESA,DCA-Anexo I-D,DO3.3.90.47.00.00,4318002,Despesas Pagas,3.3.90.47.00 - Obrigações Tributárias e Contributivas,2020,Prefeitura Municipal de São Borja - RS,60282,Padrão,RS,2215506.9
DCA-Anexo I-D,2020,DESPESA,DCA-Anexo I-D,DO3.3.90.49.00.00,4318002,Despesas Empenhadas,3.3.90.49.00 - Auxílio-Transporte,2020,Prefeitura Municipal de São Borja - RS,60282,Padrão,RS,20565.18
DCA-Anexo I-D,2020,DESPESA,DCA-Anexo I-D,DO3.3.90.49.00.00,4318002,Despesas Liquidadas,3.3.90.49.00 - Auxílio-Transporte,2020,Prefeitura Municipal de São Borja - RS,60282,Padrão,RS,20565.18
DCA-Anexo I-D,2020,DESPESA,DCA-Anexo I-D,DO3.3.90.49.00.00,4318002,Despesas Pagas,3.3.90.49.00 - Auxílio-Transporte,2020,Prefeitura Municipal de São Borja - RS,60282,Padrão,RS,20565.18
DCA-Anexo I-D,2020,DESPESA,DCA-Anexo I-D,DO3.3.90.91.00.00,4318002,Despesas Empenhadas,3.3.90.91.00 - Sentenças Judiciais,2020,Prefeitura Municipal de São Borja - RS,60282,Padrão,RS,1954604.99
DCA-Anexo I-D,2020,DESPESA,DCA-Anexo I-D,DO3.3.90.91.00.00,4318002,Despesas Liquidadas,3.3.90.91.00 - Sentenças Judiciais,2020,Prefeitura Municipal de São Borja - RS,60282,Padrão,RS,1954604.99
DCA-Anexo I-D,2020,DESPESA,DCA-Anexo I-D,DO3.3.90.91.00.00,4318002,Despesas Pagas,3.3.90.91.00 - Sentenças Judiciais,2020,Prefeitura Municipal de São Borja - RS,60282,Padrão,RS,1954604.99
DCA-Anexo I-D,2020,DESPESA,DCA-Anexo I-D,DO3.3.90.92.00.00,4318002,Despesas Empenhadas,3.3.90.92.00 - Despesas de Exercícios Anteriores,2020,Prefeitura Municipal de São Borja - RS,60282,Padrão,RS,160682.24
DCA-Anexo I-D,2020,DESPESA,DCA-Anexo I-D,DO3.3.90.92.00.00,4318002,Despesas Liquidadas,3.3.90.92.00 - Despesas de Exercícios Anteriores,2020,Prefeitura Municipal de São Borja - RS,60282,Padrão,RS,160420
DCA-Anexo I-D,2020,DESPESA,DCA-Anexo I-D,DO3.3.90.92.00.00,4318002,Despesas Pagas,3.3.90.92.00 - Despesas de Exercícios Anteriores,2020,Prefeitura Municipal de São Borja - RS,60282,Padrão,RS,160420
DCA-Anexo I-D,2020,DESPESA,DCA-Anexo I-D,DO3.3.90.92.00.00,4318002,Inscrição de Restos a Pagar Não Processados,3.3.90.92.00 - Despesas de Exercícios Anteriores,2020,Prefeitura Municipal de São Borja - RS,60282,Padrão,RS,262.24
DCA-Anexo I-D,2020,DESPESA,DCA-Anexo I-D,DO3.3.90.93.00.00,4318002,Despesas Empenhadas,3.3.90.93.00 - Indenizações e Restituições,2020,Prefeitura Municipal de São Borja - RS,60282,Padrão,RS,50352.18
DCA-Anexo I-D,2020,DESPESA,DCA-Anexo I-D,DO3.3.90.93.00.00,4318002,Despesas Liquidadas,3.3.90.93.00 - Indenizações e Restituições,2020,Prefeitura Municipal de São Borja - RS,60282,Padrão,RS,50352.18
DCA-Anexo I-D,2020,DESPESA,DCA-Anexo I-D,DO3.3.90.93.00.00,4318002,Despesas Pagas,3.3.90.93.00 - Indenizações e Restituições,2020,Prefeitura Municipal de São Borja - RS,60282,Padrão,RS,41829.29
DCA-Anexo I-D,2020,DESPESA,DCA-Anexo I-D,DO4.0.00.00.00.00,4318002,Despesas Empenhadas,4.0.00.00.00 - Despesas de Capital,2020,Prefeitura Municipal de São Borja - RS,60282,Padrão,RS,23109083.69
DCA-Anexo I-D,2020,DESPESA,DCA-Anexo I-D,DO4.0.00.00.00.00,4318002,Despesas Liquidadas,4.0.00.00.00 - Despesas de Capital,2020,Prefeitura Municipal de São Borja - RS,60282,Padrão,RS,17412584.79
DCA-Anexo I-D,2020,DESPESA,DCA-Anexo I-D,DO4.0.00.00.00.00,4318002,Despesas Pagas,4.0.00.00.00 - Despesas de Capital,2020,Prefeitura Municipal de São Borja - RS,60282,Padrão,RS,15881308.04
DCA-Anexo I-D,2020,DESPESA,DCA-Anexo I-D,DO4.0.00.00.00.00,4318002,Inscrição de Restos a Pagar Não Processados,4.0.00.00.00 - Despesas de Capital,2020,Prefeitura Municipal de São Borja - RS,60282,Padrão,RS,5696498.9
DCA-Anexo I-D,2020,DESPESA,DCA-Anexo I-D,DO4.0.00.00.00.00,4318002,Inscrição de Restos a Pagar Processados,4.0.00.00.00 - Despesas de Capital,2020,Prefeitura Municipal de São Borja - RS,60282,Padrão,RS,1531276.75
DCA-Anexo I-D,2020,DESPESA|INVESTIMENT,DCA-Anexo I-D,DO4.4.00.00.00.00,4318002,Despesas Empenhadas,4.4.00.00.00 - Investimentos,2020,Prefeitura Municipal de São Borja - RS,60282,Padrão,RS,14183988.91
DCA-Anexo I-D,2020,DESPESA|INVESTIMENT,DCA-Anexo I-D,DO4.4.00.00.00.00,4318002,Despesas Liquidadas,4.4.00.00.00 - Investimentos,2020,Prefeitura Municipal de São Borja - RS,60282,Padrão,RS,8487490.01
DCA-Anexo I-D,2020,DESPESA|INVESTIMENT,DCA-Anexo I-D,DO4.4.00.00.00.00,4318002,Despesas Pagas,4.4.00.00.00 - Investimentos,2020,Prefeitura Municipal de São Borja - RS,60282,Padrão,RS,6956213.26
DCA-Anexo I-D,2020,INVESTIMENT,DCA-Anexo I-D,DO4.4.00.00.00.00,4318002,Inscrição de Restos a Pagar Não Processados,4.4.00.00.00 - Investimentos,2020,Prefeitura Municipal de São Borja - RS,60282,Padrão,RS,5696498.9
DCA-Anexo I-D,2020,INVESTIMENT,DCA-Anexo I-D,DO4.4.00.00.00.00,4318002,Inscrição de Restos a Pagar Processados,4.4.00.00.00 - Investimentos,2020,Prefeitura Municipal de São Borja - RS,60282,Padrão,RS,1531276.75
DCA-Anexo I-D,2020,DESPESA,DCA-Anexo I-D,DO4.4.20.00.00.00,4318002,Despesas Empenhadas,4.4.20.00.00 - Transferências à União,2020,Prefeitura Municipal de São Borja - RS,60282,Padrão,RS,754687.39
DCA-Anexo I-D,2020,DESPESA,DCA-Anexo I-D,DO4.4.20.00.00.00,4318002,Despesas Liquidadas,4.4.20.00.00 - Transferências à União,2020,Prefeitura Municipal de São Borja - RS,60282,Padrão,RS,754687.39
DCA-Anexo I-D,2020,DESPESA,DCA-Anexo I-D,DO4.4.20.00.00.00,4318002,Despesas Pagas,4.4.20.00.00 - Transferências à União,2020,Prefeitura Municipal de São Borja - RS,60282,Padrão,RS,754549.19
DCA-Anexo I-D,2020,DESPESA,DCA-Anexo I-D,DO4.4.50.00.00.00,4318002,Despesas Empenhadas,4.4.50.00.00 - Transferências a Instituições Privadas sem Fins Lucrativos,2020,Prefeitura Municipal de São Borja - RS,60282,Padrão,RS,363440.2
DCA-Anexo I-D,2020,DESPESA,DCA-Anexo I-D,DO4.4.50.00.00.00,4318002,Despesas Liquidadas,4.4.50.00.00 - Transferências a Instituições Privadas sem Fins Lucrativos,2020,Prefeitura Municipal de São Borja - RS,60282,Padrão,RS,363440.2
DCA-Anexo I-D,2020,DESPESA,DCA-Anexo I-D,DO4.4.50.00.00.00,4318002,Despesas Pagas,4.4.50.00.00 - Transferências a Instituições Privadas sem Fins Lucrativos,2020,Prefeitura Municipal de São Borja - RS,60282,Padrão,RS,363440.2
DCA-Anexo I-D,2020,DESPESA,DCA-Anexo I-D,DO4.4.90.00.00.00,4318002,Despesas Empenhadas,4.4.90.00.00 - Aplicações Diretas,2020,Prefeitura Municipal de São Borja - RS,60282,Padrão,RS,13065861.32
DCA-Anexo I-D,2020,DESPESA,DCA-Anexo I-D,DO4.4.90.00.00.00,4318002,Despesas Liquidadas,4.4.90.00.00 - Aplicações Diretas,2020,Prefeitura Municipal de São Borja - RS,60282,Padrão,RS,7369362.42
DCA-Anexo I-D,2020,DESPESA,DCA-Anexo I-D,DO4.4.90.00.00.00,4318002,Despesas Pagas,4.4.90.00.00 - Aplicações Diretas,2020,Prefeitura Municipal de São Borja - RS,60282,Padrão,RS,5838223.87
DCA-Anexo I-D,2020,DESPESA,DCA-Anexo I-D,DO4.4.90.40.00.00,4318002,Despesas Empenhadas,4.4.90.40.00 - Serviços de Tecnologia da Informação e Comunicação (TIC) - Pessoa Jurídica,2020,Prefeitura Municipal de São Borja - RS,60282,Padrão,RS,40688
DCA-Anexo I-D,2020,DESPESA,DCA-Anexo I-D,DO4.4.90.40.00.00,4318002,Despesas Liquidadas,4.4.90.40.00 - Serviços de Tecnologia da Informação e Comunicação (TIC) - Pessoa Jurídica,2020,Prefeitura Municipal de São Borja - RS,60282,Padrão,RS,38645
DCA-Anexo I-D,2020,DESPESA,DCA-Anexo I-D,DO4.4.90.40.00.00,4318002,Despesas Pagas,4.4.90.40.00 - Serviços de Tecnologia da Informação e Comunicação (TIC) - Pessoa Jurídica,2020,Prefeitura Municipal de São Borja - RS,60282,Padrão,RS,34853
DCA-Anexo I-D,2020,DESPESA,DCA-Anexo I-D,DO4.4.90.51.00.00,4318002,Despesas Empenhadas,4.4.90.51.00 - Obras e Instalações,2020,Prefeitura Municipal de São Borja - RS,60282,Padrão,RS,9864372.38
DCA-Anexo I-D,2020,DESPESA,DCA-Anexo I-D,DO4.4.90.51.00.00,4318002,Despesas Liquidadas,4.4.90.51.00 - Obras e Instalações,2020,Prefeitura Municipal de São Borja - RS,60282,Padrão,RS,4685639.32
DCA-Anexo I-D,2020,DESPESA,DCA-Anexo I-D,DO4.4.90.51.00.00,4318002,Despesas Pagas,4.4.90.51.00 - Obras e Instalações,2020,Prefeitura Municipal de São Borja - RS,60282,Padrão,RS,3693136.67
DCA-Anexo I-D,2020,DESPESA,DCA-Anexo I-D,DO4.4.90.51.91.00,4318002,Despesas Empenhadas,4.4.90.51.91 - Obras em Andamento,2020,Prefeitura Municipal de São Borja - RS,60282,Padrão,RS,7778837.65
DCA-Anexo I-D,2020,DESPESA,DCA-Anexo I-D,DO4.4.90.51.91.00,4318002,Despesas Liquidadas,4.4.90.51.91 - Obras em Andamento,2020,Prefeitura Municipal de São Borja - RS,60282,Padrão,RS,3652555.91
DCA-Anexo I-D,2020,DESPESA,DCA-Anexo I-D,DO4.4.90.51.91.00,4318002,Despesas Pagas,4.4.90.51.91 - Obras em Andamento,2020,Prefeitura Municipal de São Borja - RS,60282,Padrão,RS,2729221.06
DCA-Anexo I-D,2020,DESPESA,DCA-Anexo I-D,DO4.4.90.51.99.00,4318002,Despesas Empenhadas,4.4.90.51.99 - Demais Obras e Instalações,2020,Prefeitura Municipal de São Borja - RS,60282,Padrão,RS,2085534.73
DCA-Anexo I-D,2020,DESPESA,DCA-Anexo I-D,DO4.4.90.51.99.00,4318002,Despesas Liquidadas,4.4.90.51.99 - Demais Obras e Instalações,2020,Prefeitura Municipal de São Borja - RS,60282,Padrão,RS,1033083.41
DCA-Anexo I-D,2020,DESPESA,DCA-Anexo I-D,DO4.4.90.51.99.00,4318002,Despesas Pagas,4.4.90.51.99 - Demais Obras e Instalações,2020,Prefeitura Municipal de São Borja - RS,60282,Padrão,RS,963915.61
DCA-Anexo I-D,2020,DESPESA,DCA-Anexo I-D,DO4.4.90.52.00.00,4318002,Despesas Empenhadas,4.4.90.52.00 - Equipamentos e Material Permanente,2020,Prefeitura Municipal de São Borja - RS,60282,Padrão,RS,2811888.7
DCA-Anexo I-D,2020,DESPESA,DCA-Anexo I-D,DO4.4.90.52.00.00,4318002,Despesas Liquidadas,4.4.90.52.00 - Equipamentos e Material Permanente,2020,Prefeitura Municipal de São Borja - RS,60282,Padrão,RS,2296165.86
DCA-Anexo I-D,2020,DESPESA,DCA-Anexo I-D,DO4.4.90.52.00.00,4318002,Despesas Pagas,4.4.90.52.00 - Equipamentos e Material Permanente,2020,Prefeitura Municipal de São Borja - RS,60282,Padrão,RS,1761321.96
DCA-Anexo I-D,2020,DESPESA,DCA-Anexo I-D,DO4.4.90.61.00.00,4318002,Despesas Empenhadas,4.4.90.61.00 - Aquisição de Imóveis,2020,Prefeitura Municipal de São Borja - RS,60282,Padrão,RS,348912.24
DCA-Anexo I-D,2020,DESPESA,DCA-Anexo I-D,DO4.4.90.61.00.00,4318002,Despesas Liquidadas,4.4.90.61.00 - Aquisição de Imóveis,2020,Prefeitura Municipal de São Borja - RS,60282,Padrão,RS,348912.24
DCA-Anexo I-D,2020,DESPESA,DCA-Anexo I-D,DO4.4.90.61.00.00,4318002,Despesas Pagas,4.4.90.61.00 - Aquisição de Imóveis,2020,Prefeitura Municipal de São Borja - RS,60282,Padrão,RS,348912.24
DCA-Anexo I-D,2020,DESPESA|DIVIDA,DCA-Anexo I-D,DO4.6.00.00.00.00,4318002,Despesas Empenhadas,4.6.00.00.00 - Amortização da Dívida,2020,Prefeitura Municipal de São Borja - RS,60282,Padrão,RS,8925094.78
DCA-Anexo I-D,2020,DESPESA|DIVIDA,DCA-Anexo I-D,DO4.6.00.00.00.00,4318002,Despesas Liquidadas,4.6.00.00.00 - Amortização da Dívida,2020,Prefeitura Municipal de São Borja - RS,60282,Padrão,RS,8925094.78
DCA-Anexo I-D,2020,DESPESA|DIVIDA,DCA-Anexo I-D,DO4.6.00.00.00.00,4318002,Despesas Pagas,4.6.00.00.00 - Amortização da Dívida,2020,Prefeitura Municipal de São Borja - RS,60282,Padrão,RS,8925094.78
DCA-Anexo I-D,2020,DESPESA,DCA-Anexo I-D,DO4.6.90.00.00.00,4318002,Despesas Empenhadas,4.6.90.00.00 - Aplicações Diretas,2020,Prefeitura Municipal de São Borja - RS,60282,Padrão,RS,1437821.48
DCA-Anexo I-D,2020,DESPESA,DCA-Anexo I-D,DO4.6.90.00.00.00,4318002,Despesas Liquidadas,4.6.90.00.00 - Aplicações Diretas,2020,Prefeitura Municipal de São Borja - RS,60282,Padrão,RS,1437821.48
DCA-Anexo I-D,2020,DESPESA,DCA-Anexo I-D,DO4.6.90.00.00.00,4318002,Despesas Pagas,4.6.90.00.00 - Aplicações Diretas,2020,Prefeitura Municipal de São Borja - RS,60282,Padrão,RS,1437821.48
DCA-Anexo I-D,2020,DESPESA|DIVIDA,DCA-Anexo I-D,DO4.6.90.71.00.00,4318002,Despesas Empenhadas,4.6.90.71.00 - Principal da Dívida Contratual Resgatado,2020,Prefeitura Municipal de São Borja - RS,60282,Padrão,RS,1437821.48
DCA-Anexo I-D,2020,DESPESA|DIVIDA,DCA-Anexo I-D,DO4.6.90.71.00.00,4318002,Despesas Liquidadas,4.6.90.71.00 - Principal da Dívida Contratual Resgatado,2020,Prefeitura Municipal de São Borja - RS,60282,Padrão,RS,1437821.48
DCA-Anexo I-D,2020,DESPESA|DIVIDA,DCA-Anexo I-D,DO4.6.90.71.00.00,4318002,Despesas Pagas,4.6.90.71.00 - Principal da Dívida Contratual Resgatado,2020,Prefeitura Municipal de São Borja - RS,60282,Padrão,RS,1437821.48
DCA-Anexo I-D,2020,DESPESA,DCA-Anexo I-D,DI4.6.91.00.00.00,4318002,Despesas Empenhadas,"4.6.91.00.00 - Aplicação direta decorrente de operação entre órgãos, fundos e entidades integrantes dos OFSS",2020,Prefeitura Municipal de São Borja - RS,60282,Padrão,RS,7487273.3
DCA-Anexo I-D,2020,DESPESA,DCA-Anexo I-D,DI4.6.91.00.00.00,4318002,Despesas Liquidadas,"4.6.91.00.00 - Aplicação direta decorrente de operação entre órgãos, fundos e entidades integrantes dos OFSS",2020,Prefeitura Municipal de São Borja - RS,60282,Padrão,RS,7487273.3
DCA-Anexo I-D,2020,DESPESA,DCA-Anexo I-D,DI4.6.91.00.00.00,4318002,Despesas Pagas,"4.6.91.00.00 - Aplicação direta decorrente de operação entre órgãos, fundos e entidades integrantes dos OFSS",2020,Prefeitura Municipal de São Borja - RS,60282,Padrão,RS,7487273.3
DCA-Anexo I-E,2020,DESPESA,DCA-Anexo I-E,TotalDespesas,4318002,Despesas Empenhadas,Despesas Exceto Intraorçamentárias,2020,Prefeitura Municipal de São Borja - RS,60282,Total Geral da Despesa por Função,RS,200718532.17
DCA-Anexo I-E,2020,DESPESA,DCA-Anexo I-E,TotalDespesas,4318002,Despesas Empenhadas,01 - Legislativa,2020,Prefeitura Municipal de São Borja - RS,60282,Total Geral da Despesa por Função,RS,6732803.27
DCA-Anexo I-E,2020,DESPESA,DCA-Anexo I-E,TotalDespesas,4318002,Despesas Empenhadas,01.031 - Ação Legislativa,2020,Prefeitura Municipal de São Borja - RS,60282,Total Geral da Despesa por Função,RS,6732803.27
DCA-Anexo I-E,2020,DESPESA,DCA-Anexo I-E,TotalDespesas,4318002,Despesas Empenhadas,04 - Administração,2020,Prefeitura Municipal de São Borja - RS,60282,Total Geral da Despesa por Função,RS,22416313.02
DCA-Anexo I-E,2020,DESPESA,DCA-Anexo I-E,TotalDespesas,4318002,Despesas Empenhadas,04.122 - Administração Geral,2020,Prefeitura Municipal de São Borja - RS,60282,Total Geral da Despesa por Função,RS,21809540.18
DCA-Anexo I-E,2020,DESPESA,DCA-Anexo I-E,TotalDespesas,4318002,Despesas Empenhadas,04.124 - Controle Interno,2020,Prefeitura Municipal de São Borja - RS,60282,Total Geral da Despesa por Função,RS,259945.95
DCA-Anexo I-E,2020,DESPESA,DCA-Anexo I-E,TotalDespesas,4318002,Despesas Empenhadas,04.126 - Tecnologia da Informação,2020,Prefeitura Municipal de São Borja - RS,60282,Total Geral da Despesa por Função,RS,346826.89
DCA-Anexo I-E,2020,DESPESA,DCA-Anexo I-E,TotalDespesas,4318002,Despesas Empenhadas,06 - Segurança Pública,2020,Prefeitura Municipal de São Borja - RS,60282,Total Geral da Despesa por Função,RS,599558.03
DCA-Anexo I-E,2020,DESPESA,DCA-Anexo I-E,TotalDespesas,4318002,Despesas Empenhadas,06.181 - Policiamento,2020,Prefeitura Municipal de São Borja - RS,60282,Total Geral da Despesa por Função,RS,261029.54
DCA-Anexo I-E,2020,DESPESA,DCA-Anexo I-E,TotalDespesas,4318002,Despesas Empenhadas,06.182 - Defesa Civil,2020,Prefeitura Municipal de São Borja - RS,60282,Total Geral da Despesa por Função,RS,338528.49
DCA-Anexo I-E,2020,DESPESA,DCA-Anexo I-E,TotalDespesas,4318002,Despesas Empenhadas,08 - Assistência Social,2020,Prefeitura Municipal de São Borja - RS,60282,Total Geral da Despesa por Função,RS,6060155.61
DCA-Anexo I-E,2020,DESPESA,DCA-Anexo I-E,TotalDespesas,4318002,Despesas Empenhadas,08.241 - Assistência ao Idoso,2020,Prefeitura Municipal de São Borja - RS,60282,Total Geral da Despesa por Função,RS,259249.01
DCA-Anexo I-E,2020,DESPESA,DCA-Anexo I-E,TotalDespesas,4318002,Despesas Empenhadas,08.242 - Assistência ao Portador de Deficiência,2020,Prefeitura Municipal de São Borja - RS,60282,Total Geral da Despesa por Função,RS,118688.4
DCA-Anexo I-E,2020,DESPESA,DCA-Anexo I-E,TotalDespesas,4318002,Despesas Empenhadas,08.243 - Assistência à Criança e ao Adolescente,2020,Prefeitura Municipal de São Borja - RS,60282,Total Geral da Despesa por Função,RS,1830266.16
DCA-Anexo I-E,2020,DESPESA,DCA-Anexo I-E,TotalDespesas,4318002,Despesas Empenhadas,08.244 - Assistência Comunitária,2020,Prefeitura Municipal de São Borja - RS,60282,Total Geral da Despesa por Função,RS,3043580.5
DCA-Anexo I-E,2020,DESPESA,DCA-Anexo I-E,TotalDespesas,4318002,Despesas Empenhadas,08.122 - Administração Geral,2020,Prefeitura Municipal de São Borja - RS,60282,Total Geral da Despesa por Função,RS,808371.54
DCA-Anexo I-E,2020,DESPESA|PREVID,DCA-Anexo I-E,TotalDespesas,4318002,Despesas Empenhadas,09 - Previdência Social,2020,Prefeitura Municipal de São Borja - RS,60282,Total Geral da Despesa por Função,RS,23833377.22
DCA-Anexo I-E,2020,DESPESA|PREVID,DCA-Anexo I-E,TotalDespesas,4318002,Despesas Empenhadas,09.272 - Previdência do Regime Estatutário,2020,Prefeitura Municipal de São Borja - RS,60282,Total Geral da Despesa por Função,RS,23561828.72
DCA-Anexo I-E,2020,DESPESA,DCA-Anexo I-E,TotalDespesas,4318002,Despesas Empenhadas,09.122 - Administração Geral,2020,Prefeitura Municipal de São Borja - RS,60282,Total Geral da Despesa por Função,RS,271548.5
DCA-Anexo I-E,2020,DESPESA,DCA-Anexo I-E,TotalDespesas,4318002,Despesas Empenhadas,10 - Saúde,2020,Prefeitura Municipal de São Borja - RS,60282,Total Geral da Despesa por Função,RS,67671545.85
DCA-Anexo I-E,2020,DESPESA,DCA-Anexo I-E,TotalDespesas,4318002,Despesas Empenhadas,10.301 - Atenção Básica,2020,Prefeitura Municipal de São Borja - RS,60282,Total Geral da Despesa por Função,RS,21515417.17
DCA-Anexo I-E,2020,DESPESA,DCA-Anexo I-E,TotalDespesas,4318002,Despesas Empenhadas,10.302 - Assistência Hospitalar e Ambulatorial,2020,Prefeitura Municipal de São Borja - RS,60282,Total Geral da Despesa por Função,RS,33676698.47
DCA-Anexo I-E,2020,DESPESA,DCA-Anexo I-E,TotalDespesas,4318002,Despesas Empenhadas,10.303 - Suporte Profilático e Terapêutico,2020,Prefeitura Municipal de São Borja - RS,60282,Total Geral da Despesa por Função,RS,2328098.29
DCA-Anexo I-E,2020,DESPESA,DCA-Anexo I-E,TotalDespesas,4318002,Despesas Empenhadas,10.304 - Vigilância Sanitária,2020,Prefeitura Municipal de São Borja - RS,60282,Total Geral da Despesa por Função,RS,812064.77
DCA-Anexo I-E,2020,DESPESA,DCA-Anexo I-E,TotalDespesas,4318002,Despesas Empenhadas,10.305 - Vigilância Epidemiológica,2020,Prefeitura Municipal de São Borja - RS,60282,Total Geral da Despesa por Função,RS,6392743.89
DCA-Anexo I-E,2020,DESPESA,DCA-Anexo I-E,TotalDespesas,4318002,Despesas Empenhadas,10.122 - Administração Geral,2020,Prefeitura Municipal de São Borja - RS,60282,Total Geral da Despesa por Função,RS,2946523.26
DCA-Anexo I-E,2020,DESPESA,DCA-Anexo I-E,TotalDespesas,4318002,Despesas Empenhadas,12 - Educação,2020,Prefeitura Municipal de São Borja - RS,60282,Total Geral da Despesa por Função,RS,44869379.67
DCA-Anexo I-E,2020,DESPESA,DCA-Anexo I-E,TotalDespesas,4318002,Despesas Empenhadas,12.361 - Ensino Fundamental,2020,Prefeitura Municipal de São Borja - RS,60282,Total Geral da Despesa por Função,RS,37361111.16
DCA-Anexo I-E,2020,DESPESA,DCA-Anexo I-E,TotalDespesas,4318002,Despesas Empenhadas,12.362 - Ensino Médio,2020,Prefeitura Municipal de São Borja - RS,60282,Total Geral da Despesa por Função,RS,372792.09
DCA-Anexo I-E,2020,DESPESA,DCA-Anexo I-E,TotalDespesas,4318002,Despesas Empenhadas,12.365 - Educação Infantil,2020,Prefeitura Municipal de São Borja - RS,60282,Total Geral da Despesa por Função,RS,5310332.88
DCA-Anexo I-E,2020,DESPESA,DCA-Anexo I-E,TotalDespesas,4318002,Despesas Empenhadas,12.366 - Educação de Jovens e Adultos,2020,Prefeitura Municipal de São Borja - RS,60282,Total Geral da Despesa por Função,RS,40279.65
DCA-Anexo I-E,2020,DESPESA,DCA-Anexo I-E,TotalDespesas,4318002,Despesas Empenhadas,12.122 - Administração Geral,2020,Prefeitura Municipal de São Borja - RS,60282,Total Geral da Despesa por Função,RS,1784863.89
DCA-Anexo I-E,2020,DESPESA,DCA-Anexo I-E,TotalDespesas,4318002,Despesas Empenhadas,13 - Cultura,2020,Prefeitura Municipal de São Borja - RS,60282,Total Geral da Despesa por Função,RS,854568.06
DCA-Anexo I-E,2020,DESPESA,DCA-Anexo I-E,TotalDespesas,4318002,Despesas Empenhadas,13.392 - Difusão Cultural,2020,Prefeitura Municipal de São Borja - RS,60282,Total Geral da Despesa por Função,RS,854568.06
DCA-Anexo I-E,2020,DESPESA,DCA-Anexo I-E,TotalDespesas,4318002,Despesas Empenhadas,14 - Direitos da Cidadania,2020,Prefeitura Municipal de São Borja - RS,60282,Total Geral da Despesa por Função,RS,1500.59
DCA-Anexo I-E,2020,DESPESA,DCA-Anexo I-E,TotalDespesas,4318002,Despesas Empenhadas,"14.422 - Direitos Individuais, Coletivos e Difusos",2020,Prefeitura Municipal de São Borja - RS,60282,Total Geral da Despesa por Função,RS,1500.59
DCA-Anexo I-E,2020,DESPESA,DCA-Anexo I-E,TotalDespesas,4318002,Despesas Empenhadas,15 - Urbanismo,2020,Prefeitura Municipal de São Borja - RS,60282,Total Geral da Despesa por Função,RS,15481504.77
DCA-Anexo I-E,2020,DESPESA,DCA-Anexo I-E,TotalDespesas,4318002,Despesas Empenhadas,15.451 - Infraestrutura Urbana,2020,Prefeitura Municipal de São Borja - RS,60282,Total Geral da Despesa por Função,RS,8103589.03
DCA-Anexo I-E,2020,DESPESA,DCA-Anexo I-E,TotalDespesas,4318002,Despesas Empenhadas,15.452 - Serviços Urbanos,2020,Prefeitura Municipal de São Borja - RS,60282,Total Geral da Despesa por Função,RS,7377915.74
DCA-Anexo I-E,2020,DESPESA,DCA-Anexo I-E,TotalDespesas,4318002,Despesas Empenhadas,16 - Habitação,2020,Prefeitura Municipal de São Borja - RS,60282,Total Geral da Despesa por Função,RS,6621.57
DCA-Anexo I-E,2020,DESPESA,DCA-Anexo I-E,TotalDespesas,4318002,Despesas Empenhadas,16.482 - Habitação Urbana,2020,Prefeitura Municipal de São Borja - RS,60282,Total Geral da Despesa por Função,RS,6621.57
DCA-Anexo I-E,2020,DESPESA,DCA-Anexo I-E,TotalDespesas,4318002,Despesas Empenhadas,17 - Saneamento,2020,Prefeitura Municipal de São Borja - RS,60282,Total Geral da Despesa por Função,RS,698795.34
DCA-Anexo I-E,2020,DESPESA,DCA-Anexo I-E,TotalDespesas,4318002,Despesas Empenhadas,17.511 - Saneamento Básico Rural,2020,Prefeitura Municipal de São Borja - RS,60282,Total Geral da Despesa por Função,RS,698795.34
DCA-Anexo I-E,2020,DESPESA,DCA-Anexo I-E,TotalDespesas,4318002,Despesas Empenhadas,18 - Gestão Ambiental,2020,Prefeitura Municipal de São Borja - RS,60282,Total Geral da Despesa por Função,RS,159021.98
DCA-Anexo I-E,2020,DESPESA,DCA-Anexo I-E,TotalDespesas,4318002,Despesas Empenhadas,18.541 - Preservação e Conservação Ambiental,2020,Prefeitura Municipal de São Borja - RS,60282,Total Geral da Despesa por Função,RS,159021.98
DCA-Anexo I-E,2020,DESPESA,DCA-Anexo I-E,TotalDespesas,4318002,Despesas Empenhadas,20 - Agricultura,2020,Prefeitura Municipal de São Borja - RS,60282,Total Geral da Despesa por Função,RS,742306.28
DCA-Anexo I-E,2020,DESPESA,DCA-Anexo I-E,TotalDespesas,4318002,Despesas Empenhadas,20.606 - Extensão Rural,2020,Prefeitura Municipal de São Borja - RS,60282,Total Geral da Despesa por Função,RS,633851.28
DCA-Anexo I-E,2020,DESPESA,DCA-Anexo I-E,TotalDespesas,4318002,Despesas Empenhadas,20.122 - Administração Geral,2020,Prefeitura Municipal de São Borja - RS,60282,Total Geral da Despesa por Função,RS,108455
DCA-Anexo I-E,2020,DESPESA,DCA-Anexo I-E,TotalDespesas,4318002,Despesas Empenhadas,23 - Comércio e Serviços,2020,Prefeitura Municipal de São Borja - RS,60282,Total Geral da Despesa por Função,RS,584359.15
DCA-Anexo I-E,2020,DESPESA,DCA-Anexo I-E,TotalDespesas,4318002,Despesas Empenhadas,23.695 - Turismo,2020,Prefeitura Municipal de São Borja - RS,60282,Total Geral da Despesa por Função,RS,584359.15
DCA-Anexo I-E,2020,DESPESA,DCA-Anexo I-E,TotalDespesas,4318002,Despesas Empenhadas,26 - Transporte,2020,Prefeitura Municipal de São Borja - RS,60282,Total Geral da Despesa por Função,RS,287460.33
DCA-Anexo I-E,2020,DESPESA,DCA-Anexo I-E,TotalDespesas,4318002,Despesas Empenhadas,26.781 - Transporte Aéreo,2020,Prefeitura Municipal de São Borja - RS,60282,Total Geral da Despesa por Função,RS,168227.89
DCA-Anexo I-E,2020,DESPESA,DCA-Anexo I-E,TotalDespesas,4318002,Despesas Empenhadas,26.782 - Transporte Rodoviário,2020,Prefeitura Municipal de São Borja - RS,60282,Total Geral da Despesa por Função,RS,119232.44
DCA-Anexo I-E,2020,DESPESA,DCA-Anexo I-E,TotalDespesas,4318002,Despesas Empenhadas,27 - Desporto e Lazer,2020,Prefeitura Municipal de São Borja - RS,60282,Total Geral da Despesa por Função,RS,671563.32
DCA-Anexo I-E,2020,DESPESA,DCA-Anexo I-E,TotalDespesas,4318002,Despesas Empenhadas,27.812 - Desporto Comunitário,2020,Prefeitura Municipal de São Borja - RS,60282,Total Geral da Despesa por Função,RS,671563.32
DCA-Anexo I-E,2020,DESPESA,DCA-Anexo I-E,TotalDespesas,4318002,Despesas Empenhadas,28 - Encargos Especiais,2020,Prefeitura Municipal de São Borja - RS,60282,Total Geral da Despesa por Função,RS,9047698.11
DCA-Anexo I-E,2020,DESPESA|DIVIDA,DCA-Anexo I-E,TotalDespesas,4318002,Despesas Empenhadas,28.843 - Serviço da Dívida Interna,2020,Prefeitura Municipal de São Borja - RS,60282,Total Geral da Despesa por Função,RS,9047698.11
DCA-Anexo I-E,2020,DESPESA,DCA-Anexo I-E,TotalDespesas,4318002,Despesas Empenhadas,Despesas Intraorçamentárias,2020,Prefeitura Municipal de São Borja - RS,60282,Total Geral da Despesa por Função,RS,20219465.94
DCA-Anexo I-E,2020,DESPESA,DCA-Anexo I-E,TotalDespesas,4318002,Despesas Liquidadas,Despesas Exceto Intraorçamentárias,2020,Prefeitura Municipal de São Borja - RS,60282,Total Geral da Despesa por Função,RS,192573342.34
DCA-Anexo I-E,2020,DESPESA,DCA-Anexo I-E,TotalDespesas,4318002,Despesas Liquidadas,01 - Legislativa,2020,Prefeitura Municipal de São Borja - RS,60282,Total Geral da Despesa por Função,RS,6338685.46
DCA-Anexo I-E,2020,DESPESA,DCA-Anexo I-E,TotalDespesas,4318002,Despesas Liquidadas,01.031 - Ação Legislativa,2020,Prefeitura Municipal de São Borja - RS,60282,Total Geral da Despesa por Função,RS,6338685.46
DCA-Anexo I-E,2020,DESPESA,DCA-Anexo I-E,TotalDespesas,4318002,Despesas Liquidadas,04 - Administração,2020,Prefeitura Municipal de São Borja - RS,60282,Total Geral da Despesa por Função,RS,22393943.24
DCA-Anexo I-E,2020,DESPESA,DCA-Anexo I-E,TotalDespesas,4318002,Despesas Liquidadas,04.122 - Administração Geral,2020,Prefeitura Municipal de São Borja - RS,60282,Total Geral da Despesa por Função,RS,21787170.4
DCA-Anexo I-E,2020,DESPESA,DCA-Anexo I-E,TotalDespesas,4318002,Despesas Liquidadas,04.124 - Controle Interno,2020,Prefeitura Municipal de São Borja - RS,60282,Total Geral da Despesa por Função,RS,259945.95
DCA-Anexo I-E,2020,DESPESA,DCA-Anexo I-E,TotalDespesas,4318002,Despesas Liquidadas,04.126 - Tecnologia da Informação,2020,Prefeitura Municipal de São Borja - RS,60282,Total Geral da Despesa por Função,RS,346826.89
DCA-Anexo I-E,2020,DESPESA,DCA-Anexo I-E,TotalDespesas,4318002,Despesas Liquidadas,06 - Segurança Pública,2020,Prefeitura Municipal de São Borja - RS,60282,Total Geral da Despesa por Função,RS,547708.26
DCA-Anexo I-E,2020,DESPESA,DCA-Anexo I-E,TotalDespesas,4318002,Despesas Liquidadas,06.181 - Policiamento,2020,Prefeitura Municipal de São Borja - RS,60282,Total Geral da Despesa por Função,RS,261029.54
DCA-Anexo I-E,2020,DESPESA,DCA-Anexo I-E,TotalDespesas,4318002,Despesas Liquidadas,06.182 - Defesa Civil,2020,Prefeitura Municipal de São Borja - RS,60282,Total Geral da Despesa por Função,RS,286678.72
DCA-Anexo I-E,2020,DESPESA,DCA-Anexo I-E,TotalDespesas,4318002,Despesas Liquidadas,08 - Assistência Social,2020,Prefeitura Municipal de São Borja - RS,60282,Total Geral da Despesa por Função,RS,6049470.65
DCA-Anexo I-E,2020,DESPESA,DCA-Anexo I-E,TotalDespesas,4318002,Despesas Liquidadas,08.241 - Assistência ao Idoso,2020,Prefeitura Municipal de São Borja - RS,60282,Total Geral da Despesa por Função,RS,248564.05
DCA-Anexo I-E,2020,DESPESA,DCA-Anexo I-E,TotalDespesas,4318002,Despesas Liquidadas,08.242 - Assistência ao Portador de Deficiência,2020,Prefeitura Municipal de São Borja - RS,60282,Total Geral da Despesa por Função,RS,118688.4
DCA-Anexo I-E,2020,DESPESA,DCA-Anexo I-E,TotalDespesas,4318002,Despesas Liquidadas,08.243 - Assistência à Criança e ao Adolescente,2020,Prefeitura Municipal de São Borja - RS,60282,Total Geral da Despesa por Função,RS,1830266.16
DCA-Anexo I-E,2020,DESPESA,DCA-Anexo I-E,TotalDespesas,4318002,Despesas Liquidadas,08.244 - Assistência Comunitária,2020,Prefeitura Municipal de São Borja - RS,60282,Total Geral da Despesa por Função,RS,3043580.5
DCA-Anexo I-E,2020,DESPESA,DCA-Anexo I-E,TotalDespesas,4318002,Despesas Liquidadas,08.122 - Administração Geral,2020,Prefeitura Municipal de São Borja - RS,60282,Total Geral da Despesa por Função,RS,808371.54
DCA-Anexo I-E,2020,DESPESA|PREVID,DCA-Anexo I-E,TotalDespesas,4318002,Despesas Liquidadas,09 - Previdência Social,2020,Prefeitura Municipal de São Borja - RS,60282,Total Geral da Despesa por Função,RS,23833377.22
DCA-Anexo I-E,2020,DESPESA|PREVID,DCA-Anexo I-E,TotalDespesas,4318002,Despesas Liquidadas,09.272 - Previdência do Regime Estatutário,2020,Prefeitura Municipal de São Borja - RS,60282,Total Geral da Despesa por Função,RS,23561828.72
DCA-Anexo I-E,2020,DESPESA,DCA-Anexo I-E,TotalDespesas,4318002,Despesas Liquidadas,09.122 - Administração Geral,2020,Prefeitura Municipal de São Borja - RS,60282,Total Geral da Despesa por Função,RS,271548.5
DCA-Anexo I-E,2020,DESPESA,DCA-Anexo I-E,TotalDespesas,4318002,Despesas Liquidadas,10 - Saúde,2020,Prefeitura Municipal de São Borja - RS,60282,Total Geral da Despesa por Função,RS,65554716.1
DCA-Anexo I-E,2020,DESPESA,DCA-Anexo I-E,TotalDespesas,4318002,Despesas Liquidadas,10.301 - Atenção Básica,2020,Prefeitura Municipal de São Borja - RS,60282,Total Geral da Despesa por Função,RS,21326336.84
DCA-Anexo I-E,2020,DESPESA,DCA-Anexo I-E,TotalDespesas,4318002,Despesas Liquidadas,10.302 - Assistência Hospitalar e Ambulatorial,2020,Prefeitura Municipal de São Borja - RS,60282,Total Geral da Despesa por Função,RS,31875663.42
DCA-Anexo I-E,2020,DESPESA,DCA-Anexo I-E,TotalDespesas,4318002,Despesas Liquidadas,10.303 - Suporte Profilático e Terapêutico,2020,Prefeitura Municipal de São Borja - RS,60282,Total Geral da Despesa por Função,RS,2322478.04
DCA-Anexo I-E,2020,DESPESA,DCA-Anexo I-E,TotalDespesas,4318002,Despesas Liquidadas,10.304 - Vigilância Sanitária,2020,Prefeitura Municipal de São Borja - RS,60282,Total Geral da Despesa por Função,RS,812064.77
DCA-Anexo I-E,2020,DESPESA,DCA-Anexo I-E,TotalDespesas,4318002,Despesas Liquidadas,10.305 - Vigilância Epidemiológica,2020,Prefeitura Municipal de São Borja - RS,60282,Total Geral da Despesa por Função,RS,6271649.77
DCA-Anexo I-E,2020,DESPESA,DCA-Anexo I-E,TotalDespesas,4318002,Despesas Liquidadas,10.122 - Administração Geral,2020,Prefeitura Municipal de São Borja - RS,60282,Total Geral da Despesa por Função,RS,2946523.26
DCA-Anexo I-E,2020,DESPESA,DCA-Anexo I-E,TotalDespesas,4318002,Despesas Liquidadas,12 - Educação,2020,Prefeitura Municipal de São Borja - RS,60282,Total Geral da Despesa por Função,RS,43776892.15
DCA-Anexo I-E,2020,DESPESA,DCA-Anexo I-E,TotalDespesas,4318002,Despesas Liquidadas,12.361 - Ensino Fundamental,2020,Prefeitura Municipal de São Borja - RS,60282,Total Geral da Despesa por Função,RS,37324166.73
DCA-Anexo I-E,2020,DESPESA,DCA-Anexo I-E,TotalDespesas,4318002,Despesas Liquidadas,12.362 - Ensino Médio,2020,Prefeitura Municipal de São Borja - RS,60282,Total Geral da Despesa por Função,RS,372792.09
DCA-Anexo I-E,2020,DESPESA,DCA-Anexo I-E,TotalDespesas,4318002,Despesas Liquidadas,12.365 - Educação Infantil,2020,Prefeitura Municipal de São Borja - RS,60282,Total Geral da Despesa por Função,RS,4255711.6
DCA-Anexo I-E,2020,DESPESA,DCA-Anexo I-E,TotalDespesas,4318002,Despesas Liquidadas,12.366 - Educação de Jovens e Adultos,2020,Prefeitura Municipal de São Borja - RS,60282,Total Geral da Despesa por Função,RS,40279.65
DCA-Anexo I-E,2020,DESPESA,DCA-Anexo I-E,TotalDespesas,4318002,Despesas Liquidadas,12.122 - Administração Geral,2020,Prefeitura Municipal de São Borja - RS,60282,Total Geral da Despesa por Função,RS,1783942.08
DCA-Anexo I-E,2020,DESPESA,DCA-Anexo I-E,TotalDespesas,4318002,Despesas Liquidadas,13 - Cultura,2020,Prefeitura Municipal de São Borja - RS,60282,Total Geral da Despesa por Função,RS,851523.82
DCA-Anexo I-E,2020,DESPESA,DCA-Anexo I-E,TotalDespesas,4318002,Despesas Liquidadas,13.392 - Difusão Cultural,2020,Prefeitura Municipal de São Borja - RS,60282,Total Geral da Despesa por Função,RS,851523.82
DCA-Anexo I-E,2020,DESPESA,DCA-Anexo I-E,TotalDespesas,4318002,Despesas Liquidadas,14 - Direitos da Cidadania,2020,Prefeitura Municipal de São Borja - RS,60282,Total Geral da Despesa por Função,RS,1500.59
DCA-Anexo I-E,2020,DESPESA,DCA-Anexo I-E,TotalDespesas,4318002,Despesas Liquidadas,"14.422 - Direitos Individuais, Coletivos e Difusos",2020,Prefeitura Municipal de São Borja - RS,60282,Total Geral da Despesa por Função,RS,1500.59
DCA-Anexo I-E,2020,DESPESA,DCA-Anexo I-E,TotalDespesas,4318002,Despesas Liquidadas,15 - Urbanismo,2020,Prefeitura Municipal de São Borja - RS,60282,Total Geral da Despesa por Função,RS,12046802.14
DCA-Anexo I-E,2020,DESPESA,DCA-Anexo I-E,TotalDespesas,4318002,Despesas Liquidadas,15.451 - Infraestrutura Urbana,2020,Prefeitura Municipal de São Borja - RS,60282,Total Geral da Despesa por Função,RS,5746751.51
DCA-Anexo I-E,2020,DESPESA,DCA-Anexo I-E,TotalDespesas,4318002,Despesas Liquidadas,15.452 - Serviços Urbanos,2020,Prefeitura Municipal de São Borja - RS,60282,Total Geral da Despesa por Função,RS,6300050.63
DCA-Anexo I-E,2020,DESPESA,DCA-Anexo I-E,TotalDespesas,4318002,Despesas Liquidadas,16 - Habitação,2020,Prefeitura Municipal de São Borja - RS,60282,Total Geral da Despesa por Função,RS,6621.57
DCA-Anexo I-E,2020,DESPESA,DCA-Anexo I-E,TotalDespesas,4318002,Despesas Liquidadas,16.482 - Habitação Urbana,2020,Prefeitura Municipal de São Borja - RS,60282,Total Geral da Despesa por Função,RS,6621.57
DCA-Anexo I-E,2020,DESPESA,DCA-Anexo I-E,TotalDespesas,4318002,Despesas Liquidadas,17 - Saneamento,2020,Prefeitura Municipal de São Borja - RS,60282,Total Geral da Despesa por Função,RS,619018.54
DCA-Anexo I-E,2020,DESPESA,DCA-Anexo I-E,TotalDespesas,4318002,Despesas Liquidadas,17.511 - Saneamento Básico Rural,2020,Prefeitura Municipal de São Borja - RS,60282,Total Geral da Despesa por Função,RS,619018.54
DCA-Anexo I-E,2020,DESPESA,DCA-Anexo I-E,TotalDespesas,4318002,Despesas Liquidadas,18 - Gestão Ambiental,2020,Prefeitura Municipal de São Borja - RS,60282,Total Geral da Despesa por Função,RS,46220.05
DCA-Anexo I-E,2020,DESPESA,DCA-Anexo I-E,TotalDespesas,4318002,Despesas Liquidadas,18.541 - Preservação e Conservação Ambiental,2020,Prefeitura Municipal de São Borja - RS,60282,Total Geral da Despesa por Função,RS,46220.05
DCA-Anexo I-E,2020,DESPESA,DCA-Anexo I-E,TotalDespesas,4318002,Despesas Liquidadas,20 - Agricultura,2020,Prefeitura Municipal de São Borja - RS,60282,Total Geral da Despesa por Função,RS,627297.28
DCA-Anexo I-E,2020,DESPESA,DCA-Anexo I-E,TotalDespesas,4318002,Despesas Liquidadas,20.606 - Extensão Rural,2020,Prefeitura Municipal de São Borja - RS,60282,Total Geral da Despesa por Função,RS,518842.28
DCA-Anexo I-E,2020,DESPESA,DCA-Anexo I-E,TotalDespesas,4318002,Despesas Liquidadas,20.122 - Administração Geral,2020,Prefeitura Municipal de São Borja - RS,60282,Total Geral da Despesa por Função,RS,108455
DCA-Anexo I-E,2020,DESPESA,DCA-Anexo I-E,TotalDespesas,4318002,Despesas Liquidadas,23 - Comércio e Serviços,2020,Prefeitura Municipal de São Borja - RS,60282,Total Geral da Despesa por Função,RS,218470.32
DCA-Anexo I-E,2020,DESPESA,DCA-Anexo I-E,TotalDespesas,4318002,Despesas Liquidadas,23.695 - Turismo,2020,Prefeitura Municipal de São Borja - RS,60282,Total Geral da Despesa por Função,RS,218470.32
DCA-Anexo I-E,2020,DESPESA,DCA-Anexo I-E,TotalDespesas,4318002,Despesas Liquidadas,26 - Transporte,2020,Prefeitura Municipal de São Borja - RS,60282,Total Geral da Despesa por Função,RS,129235.27
DCA-Anexo I-E,2020,DESPESA,DCA-Anexo I-E,TotalDespesas,4318002,Despesas Liquidadas,26.781 - Transporte Aéreo,2020,Prefeitura Municipal de São Borja - RS,60282,Total Geral da Despesa por Função,RS,10002.83
DCA-Anexo I-E,2020,DESPESA,DCA-Anexo I-E,TotalDespesas,4318002,Despesas Liquidadas,26.782 - Transporte Rodoviário,2020,Prefeitura Municipal de São Borja - RS,60282,Total Geral da Despesa por Função,RS,119232.44
DCA-Anexo I-E,2020,DESPESA,DCA-Anexo I-E,TotalDespesas,4318002,Despesas Liquidadas,27 - Desporto e Lazer,2020,Prefeitura Municipal de São Borja - RS,60282,Total Geral da Despesa por Função,RS,484161.57
DCA-Anexo I-E,2020,DESPESA,DCA-Anexo I-E,TotalDespesas,4318002,Despesas Liquidadas,27.812 - Desporto Comunitário,2020,Prefeitura Municipal de São Borja - RS,60282,Total Geral da Despesa por Função,RS,484161.57
DCA-Anexo I-E,2020,DESPESA,DCA-Anexo I-E,TotalDespesas,4318002,Despesas Liquidadas,28 - Encargos Especiais,2020,Prefeitura Municipal de São Borja - RS,60282,Total Geral da Despesa por Função,RS,9047698.11
DCA-Anexo I-E,2020,DESPESA|DIVIDA,DCA-Anexo I-E,TotalDespesas,4318002,Despesas Liquidadas,28.843 - Serviço da Dívida Interna,2020,Prefeitura Municipal de São Borja - RS,60282,Total Geral da Despesa por Função,RS,9047698.11
DCA-Anexo I-E,2020,DESPESA,DCA-Anexo I-E,TotalDespesas,4318002,Despesas Liquidadas,Despesas Intraorçamentárias,2020,Prefeitura Municipal de São Borja - RS,60282,Total Geral da Despesa por Função,RS,20169744.87
DCA-Anexo I-E,2020,DESPESA,DCA-Anexo I-E,TotalDespesas,4318002,Despesas Pagas,Despesas Exceto Intraorçamentárias,2020,Prefeitura Municipal de São Borja - RS,60282,Total Geral da Despesa por Função,RS,187224305.72
DCA-Anexo I-E,2020,DESPESA,DCA-Anexo I-E,TotalDespesas,4318002,Despesas Pagas,01 - Legislativa,2020,Prefeitura Municipal de São Borja - RS,60282,Total Geral da Despesa por Função,RS,6338685.46
DCA-Anexo I-E,2020,DESPESA,DCA-Anexo I-E,TotalDespesas,4318002,Despesas Pagas,01.031 - Ação Legislativa,2020,Prefeitura Municipal de São Borja - RS,60282,Total Geral da Despesa por Função,RS,6338685.46
DCA-Anexo I-E,2020,DESPESA,DCA-Anexo I-E,TotalDespesas,4318002,Despesas Pagas,04 - Administração,2020,Prefeitura Municipal de São Borja - RS,60282,Total Geral da Despesa por Função,RS,21775488.03
DCA-Anexo I-E,2020,DESPESA,DCA-Anexo I-E,TotalDespesas,4318002,Despesas Pagas,04.122 - Administração Geral,2020,Prefeitura Municipal de São Borja - RS,60282,Total Geral da Despesa por Função,RS,21238321.34
DCA-Anexo I-E,2020,DESPESA,DCA-Anexo I-E,TotalDespesas,4318002,Despesas Pagas,04.124 - Controle Interno,2020,Prefeitura Municipal de São Borja - RS,60282,Total Geral da Despesa por Função,RS,259351.24
DCA-Anexo I-E,2020,DESPESA,DCA-Anexo I-E,TotalDespesas,4318002,Despesas Pagas,04.126 - Tecnologia da Informação,2020,Prefeitura Municipal de São Borja - RS,60282,Total Geral da Despesa por Função,RS,277815.45
DCA-Anexo I-E,2020,DESPESA,DCA-Anexo I-E,TotalDespesas,4318002,Despesas Pagas,06 - Segurança Pública,2020,Prefeitura Municipal de São Borja - RS,60282,Total Geral da Despesa por Função,RS,537350.61
DCA-Anexo I-E,2020,DESPESA,DCA-Anexo I-E,TotalDespesas,4318002,Despesas Pagas,06.181 - Policiamento,2020,Prefeitura Municipal de São Borja - RS,60282,Total Geral da Despesa por Função,RS,257547.05
DCA-Anexo I-E,2020,DESPESA,DCA-Anexo I-E,TotalDespesas,4318002,Despesas Pagas,06.182 - Defesa Civil,2020,Prefeitura Municipal de São Borja - RS,60282,Total Geral da Despesa por Função,RS,279803.56
DCA-Anexo I-E,2020,DESPESA,DCA-Anexo I-E,TotalDespesas,4318002,Despesas Pagas,08 - Assistência Social,2020,Prefeitura Municipal de São Borja - RS,60282,Total Geral da Despesa por Função,RS,5883684.43
DCA-Anexo I-E,2020,DESPESA,DCA-Anexo I-E,TotalDespesas,4318002,Despesas Pagas,08.241 - Assistência ao Idoso,2020,Prefeitura Municipal de São Borja - RS,60282,Total Geral da Despesa por Função,RS,248006.63
DCA-Anexo I-E,2020,DESPESA,DCA-Anexo I-E,TotalDespesas,4318002,Despesas Pagas,08.242 - Assistência ao Portador de Deficiência,2020,Prefeitura Municipal de São Borja - RS,60282,Total Geral da Despesa por Função,RS,118688.4
DCA-Anexo I-E,2020,DESPESA,DCA-Anexo I-E,TotalDespesas,4318002,Despesas Pagas,08.243 - Assistência à Criança e ao Adolescente,2020,Prefeitura Municipal de São Borja - RS,60282,Total Geral da Despesa por Função,RS,1780567.5
DCA-Anexo I-E,2020,DESPESA,DCA-Anexo I-E,TotalDespesas,4318002,Despesas Pagas,08.244 - Assistência Comunitária,2020,Prefeitura Municipal de São Borja - RS,60282,Total Geral da Despesa por Função,RS,2935135.18
DCA-Anexo I-E,2020,DESPESA,DCA-Anexo I-E,TotalDespesas,4318002,Despesas Pagas,08.122 - Administração Geral,2020,Prefeitura Municipal de São Borja - RS,60282,Total Geral da Despesa por Função,RS,801286.72
DCA-Anexo I-E,2020,DESPESA|PREVID,DCA-Anexo I-E,TotalDespesas,4318002,Despesas Pagas,09 - Previdência Social,2020,Prefeitura Municipal de São Borja - RS,60282,Total Geral da Despesa por Função,RS,23833377.22
DCA-Anexo I-E,2020,DESPESA|PREVID,DCA-Anexo I-E,TotalDespesas,4318002,Despesas Pagas,09.272 - Previdência do Regime Estatutário,2020,Prefeitura Municipal de São Borja - RS,60282,Total Geral da Despesa por Função,RS,23561828.72
DCA-Anexo I-E,2020,DESPESA,DCA-Anexo I-E,TotalDespesas,4318002,Despesas Pagas,09.122 - Administração Geral,2020,Prefeitura Municipal de São Borja - RS,60282,Total Geral da Despesa por Função,RS,271548.5
DCA-Anexo I-E,2020,DESPESA,DCA-Anexo I-E,TotalDespesas,4318002,Despesas Pagas,10 - Saúde,2020,Prefeitura Municipal de São Borja - RS,60282,Total Geral da Despesa por Função,RS,63962945.07
DCA-Anexo I-E,2020,DESPESA,DCA-Anexo I-E,TotalDespesas,4318002,Despesas Pagas,10.301 - Atenção Básica,2020,Prefeitura Municipal de São Borja - RS,60282,Total Geral da Despesa por Função,RS,20880449.56
DCA-Anexo I-E,2020,DESPESA,DCA-Anexo I-E,TotalDespesas,4318002,Despesas Pagas,10.302 - Assistência Hospitalar e Ambulatorial,2020,Prefeitura Municipal de São Borja - RS,60282,Total Geral da Despesa por Função,RS,30998474.71
DCA-Anexo I-E,2020,DESPESA,DCA-Anexo I-E,TotalDespesas,4318002,Despesas Pagas,10.303 - Suporte Profilático e Terapêutico,2020,Prefeitura Municipal de São Borja - RS,60282,Total Geral da Despesa por Função,RS,2290725.2
DCA-Anexo I-E,2020,DESPESA,DCA-Anexo I-E,TotalDespesas,4318002,Despesas Pagas,10.304 - Vigilância Sanitária,2020,Prefeitura Municipal de São Borja - RS,60282,Total Geral da Despesa por Função,RS,791327.56
DCA-Anexo I-E,2020,DESPESA,DCA-Anexo I-E,TotalDespesas,4318002,Despesas Pagas,10.305 - Vigilância Epidemiológica,2020,Prefeitura Municipal de São Borja - RS,60282,Total Geral da Despesa por Função,RS,6117368.3
DCA-Anexo I-E,2020,DESPESA,DCA-Anexo I-E,TotalDespesas,4318002,Despesas Pagas,10.122 - Administração Geral,2020,Prefeitura Municipal de São Borja - RS,60282,Total Geral da Despesa por Função,RS,2884599.74
DCA-Anexo I-E,2020,DESPESA,DCA-Anexo I-E,TotalDespesas,4318002,Despesas Pagas,12 - Educação,2020,Prefeitura Municipal de São Borja - RS,60282,Total Geral da Despesa por Função,RS,42858037.72
DCA-Anexo I-E,2020,DESPESA,DCA-Anexo I-E,TotalDespesas,4318002,Despesas Pagas,12.361 - Ensino Fundamental,2020,Prefeitura Municipal de São Borja - RS,60282,Total Geral da Despesa por Função,RS,36583894.39
DCA-Anexo I-E,2020,DESPESA,DCA-Anexo I-E,TotalDespesas,4318002,Despesas Pagas,12.362 - Ensino Médio,2020,Prefeitura Municipal de São Borja - RS,60282,Total Geral da Despesa por Função,RS,358047.65
DCA-Anexo I-E,2020,DESPESA,DCA-Anexo I-E,TotalDespesas,4318002,Despesas Pagas,12.365 - Educação Infantil,2020,Prefeitura Municipal de São Borja - RS,60282,Total Geral da Despesa por Função,RS,4181001.1
DCA-Anexo I-E,2020,DESPESA,DCA-Anexo I-E,TotalDespesas,4318002,Despesas Pagas,12.366 - Educação de Jovens e Adultos,2020,Prefeitura Municipal de São Borja - RS,60282,Total Geral da Despesa por Função,RS,40279.65
DCA-Anexo I-E,2020,DESPESA,DCA-Anexo I-E,TotalDespesas,4318002,Despesas Pagas,12.122 - Administração Geral,2020,Prefeitura Municipal de São Borja - RS,60282,Total Geral da Despesa por Função,RS,1694814.93
DCA-Anexo I-E,2020,DESPESA,DCA-Anexo I-E,TotalDespesas,4318002,Despesas Pagas,13 - Cultura,2020,Prefeitura Municipal de São Borja - RS,60282,Total Geral da Despesa por Função,RS,847228.1
DCA-Anexo I-E,2020,DESPESA,DCA-Anexo I-E,TotalDespesas,4318002,Despesas Pagas,13.392 - Difusão Cultural,2020,Prefeitura Municipal de São Borja - RS,60282,Total Geral da Despesa por Função,RS,847228.1
DCA-Anexo I-E,2020,DESPESA,DCA-Anexo I-E,TotalDespesas,4318002,Despesas Pagas,14 - Direitos da Cidadania,2020,Prefeitura Municipal de São Borja - RS,60282,Total Geral da Despesa por Função,RS,1500.59
DCA-Anexo I-E,2020,DESPESA,DCA-Anexo I-E,TotalDespesas,4318002,Despesas Pagas,"14.422 - Direitos Individuais, Coletivos e Difusos",2020,Prefeitura Municipal de São Borja - RS,60282,Total Geral da Despesa por Função,RS,1500.59
DCA-Anexo I-E,2020,DESPESA,DCA-Anexo I-E,TotalDespesas,4318002,Despesas Pagas,15 - Urbanismo,2020,Prefeitura Municipal de São Borja - RS,60282,Total Geral da Despesa por Função,RS,10350462.82
DCA-Anexo I-E,2020,DESPESA,DCA-Anexo I-E,TotalDespesas,4318002,Despesas Pagas,15.451 - Infraestrutura Urbana,2020,Prefeitura Municipal de São Borja - RS,60282,Total Geral da Despesa por Função,RS,4824182.3
DCA-Anexo I-E,2020,DESPESA,DCA-Anexo I-E,TotalDespesas,4318002,Despesas Pagas,15.452 - Serviços Urbanos,2020,Prefeitura Municipal de São Borja - RS,60282,Total Geral da Despesa por Função,RS,5526280.52
DCA-Anexo I-E,2020,DESPESA,DCA-Anexo I-E,TotalDespesas,4318002,Despesas Pagas,16 - Habitação,2020,Prefeitura Municipal de São Borja - RS,60282,Total Geral da Despesa por Função,RS,6621.57
DCA-Anexo I-E,2020,DESPESA,DCA-Anexo I-E,TotalDespesas,4318002,Despesas Pagas,16.482 - Habitação Urbana,2020,Prefeitura Municipal de São Borja - RS,60282,Total Geral da Despesa por Função,RS,6621.57
DCA-Anexo I-E,2020,DESPESA,DCA-Anexo I-E,TotalDespesas,4318002,Despesas Pagas,17 - Saneamento,2020,Prefeitura Municipal de São Borja - RS,60282,Total Geral da Despesa por Função,RS,619018.54
DCA-Anexo I-E,2020,DESPESA,DCA-Anexo I-E,TotalDespesas,4318002,Despesas Pagas,17.511 - Saneamento Básico Rural,2020,Prefeitura Municipal de São Borja - RS,60282,Total Geral da Despesa por Função,RS,619018.54
DCA-Anexo I-E,2020,DESPESA,DCA-Anexo I-E,TotalDespesas,4318002,Despesas Pagas,18 - Gestão Ambiental,2020,Prefeitura Municipal de São Borja - RS,60282,Total Geral da Despesa por Função,RS,44428.05
DCA-Anexo I-E,2020,DESPESA,DCA-Anexo I-E,TotalDespesas,4318002,Despesas Pagas,18.541 - Preservação e Conservação Ambiental,2020,Prefeitura Municipal de São Borja - RS,60282,Total Geral da Despesa por Função,RS,44428.05
DCA-Anexo I-E,2020,DESPESA,DCA-Anexo I-E,TotalDespesas,4318002,Despesas Pagas,20 - Agricultura,2020,Prefeitura Municipal de São Borja - RS,60282,Total Geral da Despesa por Função,RS,594059.28
DCA-Anexo I-E,2020,DESPESA,DCA-Anexo I-E,TotalDespesas,4318002,Despesas Pagas,20.606 - Extensão Rural,2020,Prefeitura Municipal de São Borja - RS,60282,Total Geral da Despesa por Função,RS,485604.28
DCA-Anexo I-E,2020,DESPESA,DCA-Anexo I-E,TotalDespesas,4318002,Despesas Pagas,20.122 - Administração Geral,2020,Prefeitura Municipal de São Borja - RS,60282,Total Geral da Despesa por Função,RS,108455
DCA-Anexo I-E,2020,DESPESA,DCA-Anexo I-E,TotalDespesas,4318002,Despesas Pagas,23 - Comércio e Serviços,2020,Prefeitura Municipal de São Borja - RS,60282,Total Geral da Despesa por Função,RS,218470.32
DCA-Anexo I-E,2020,DESPESA,DCA-Anexo I-E,TotalDespesas,4318002,Despesas Pagas,23.695 - Turismo,2020,Prefeitura Municipal de São Borja - RS,60282,Total Geral da Despesa por Função,RS,218470.32
DCA-Anexo I-E,2020,DESPESA,DCA-Anexo I-E,TotalDespesas,4318002,Despesas Pagas,26 - Transporte,2020,Prefeitura Municipal de São Borja - RS,60282,Total Geral da Despesa por Função,RS,127965.27
DCA-Anexo I-E,2020,DESPESA,DCA-Anexo I-E,TotalDespesas,4318002,Despesas Pagas,26.781 - Transporte Aéreo,2020,Prefeitura Municipal de São Borja - RS,60282,Total Geral da Despesa por Função,RS,8732.83
DCA-Anexo I-E,2020,DESPESA,DCA-Anexo I-E,TotalDespesas,4318002,Despesas Pagas,26.782 - Transporte Rodoviário,2020,Prefeitura Municipal de São Borja - RS,60282,Total Geral da Despesa por Função,RS,119232.44
DCA-Anexo I-E,2020,DESPESA,DCA-Anexo I-E,TotalDespesas,4318002,Despesas Pagas,27 - Desporto e Lazer,2020,Prefeitura Municipal de São Borja - RS,60282,Total Geral da Despesa por Função,RS,356994.84
DCA-Anexo I-E,2020,DESPESA,DCA-Anexo I-E,TotalDespesas,4318002,Despesas Pagas,27.812 - Desporto Comunitário,2020,Prefeitura Municipal de São Borja - RS,60282,Total Geral da Despesa por Função,RS,356994.84
DCA-Anexo I-E,2020,DESPESA,DCA-Anexo I-E,TotalDespesas,4318002,Despesas Pagas,28 - Encargos Especiais,2020,Prefeitura Municipal de São Borja - RS,60282,Total Geral da Despesa por Função,RS,8867987.8
DCA-Anexo I-E,2020,DESPESA|DIVIDA,DCA-Anexo I-E,TotalDespesas,4318002,Despesas Pagas,28.843 - Serviço da Dívida Interna,2020,Prefeitura Municipal de São Borja - RS,60282,Total Geral da Despesa por Função,RS,8867987.8
DCA-Anexo I-E,2020,DESPESA,DCA-Anexo I-E,TotalDespesas,4318002,Despesas Pagas,Despesas Intraorçamentárias,2020,Prefeitura Municipal de São Borja - RS,60282,Total Geral da Despesa por Função,RS,17772556.63
DCA-Anexo I-E,2020,DESPESA,DCA-Anexo I-E,TotalDespesas,4318002,Inscrição de Restos a Pagar Não Processados,Despesas Exceto Intraorçamentárias,2020,Prefeitura Municipal de São Borja - RS,60282,Total Geral da Despesa por Função,RS,8145189.83
DCA-Anexo I-E,2020,DESPESA,DCA-Anexo I-E,TotalDespesas,4318002,Inscrição de Restos a Pagar Não Processados,01 - Legislativa,2020,Prefeitura Municipal de São Borja - RS,60282,Total Geral da Despesa por Função,RS,394117.81
DCA-Anexo I-E,2020,DESPESA,DCA-Anexo I-E,TotalDespesas,4318002,Inscrição de Restos a Pagar Não Processados,01.031 - Ação Legislativa,2020,Prefeitura Municipal de São Borja - RS,60282,Total Geral da Despesa por Função,RS,394117.81
DCA-Anexo I-E,2020,DESPESA,DCA-Anexo I-E,TotalDespesas,4318002,Inscrição de Restos a Pagar Não Processados,04 - Administração,2020,Prefeitura Municipal de São Borja - RS,60282,Total Geral da Despesa por Função,RS,22369.78
DCA-Anexo I-E,2020,DESPESA,DCA-Anexo I-E,TotalDespesas,4318002,Inscrição de Restos a Pagar Não Processados,04.122 - Administração Geral,2020,Prefeitura Municipal de São Borja - RS,60282,Total Geral da Despesa por Função,RS,22369.78
DCA-Anexo I-E,2020,DESPESA,DCA-Anexo I-E,TotalDespesas,4318002,Inscrição de Restos a Pagar Não Processados,06 - Segurança Pública,2020,Prefeitura Municipal de São Borja - RS,60282,Total Geral da Despesa por Função,RS,51849.77
DCA-Anexo I-E,2020,DESPESA,DCA-Anexo I-E,TotalDespesas,4318002,Inscrição de Restos a Pagar Não Processados,06.182 - Defesa Civil,2020,Prefeitura Municipal de São Borja - RS,60282,Total Geral da Despesa por Função,RS,51849.77
DCA-Anexo I-E,2020,DESPESA,DCA-Anexo I-E,TotalDespesas,4318002,Inscrição de Restos a Pagar Não Processados,08 - Assistência Social,2020,Prefeitura Municipal de São Borja - RS,60282,Total Geral da Despesa por Função,RS,10684.96
DCA-Anexo I-E,2020,DESPESA,DCA-Anexo I-E,TotalDespesas,4318002,Inscrição de Restos a Pagar Não Processados,08.241 - Assistência ao Idoso,2020,Prefeitura Municipal de São Borja - RS,60282,Total Geral da Despesa por Função,RS,10684.96
DCA-Anexo I-E,2020,DESPESA,DCA-Anexo I-E,TotalDespesas,4318002,Inscrição de Restos a Pagar Não Processados,10 - Saúde,2020,Prefeitura Municipal de São Borja - RS,60282,Total Geral da Despesa por Função,RS,2116829.75
DCA-Anexo I-E,2020,DESPESA,DCA-Anexo I-E,TotalDespesas,4318002,Inscrição de Restos a Pagar Não Processados,10.301 - Atenção Básica,2020,Prefeitura Municipal de São Borja - RS,60282,Total Geral da Despesa por Função,RS,189080.33
DCA-Anexo I-E,2020,DESPESA,DCA-Anexo I-E,TotalDespesas,4318002,Inscrição de Restos a Pagar Não Processados,10.302 - Assistência Hospitalar e Ambulatorial,2020,Prefeitura Municipal de São Borja - RS,60282,Total Geral da Despesa por Função,RS,1801035.05
DCA-Anexo I-E,2020,DESPESA,DCA-Anexo I-E,TotalDespesas,4318002,Inscrição de Restos a Pagar Não Processados,10.303 - Suporte Profilático e Terapêutico,2020,Prefeitura Municipal de São Borja - RS,60282,Total Geral da Despesa por Função,RS,5620.25
DCA-Anexo I-E,2020,DESPESA,DCA-Anexo I-E,TotalDespesas,4318002,Inscrição de Restos a Pagar Não Processados,10.305 - Vigilância Epidemiológica,2020,Prefeitura Municipal de São Borja - RS,60282,Total Geral da Despesa por Função,RS,121094.12
DCA-Anexo I-E,2020,DESPESA,DCA-Anexo I-E,TotalDespesas,4318002,Inscrição de Restos a Pagar Não Processados,12 - Educação,2020,Prefeitura Municipal de São Borja - RS,60282,Total Geral da Despesa por Função,RS,1092487.52
DCA-Anexo I-E,2020,DESPESA,DCA-Anexo I-E,TotalDespesas,4318002,Inscrição de Restos a Pagar Não Processados,12.361 - Ensino Fundamental,2020,Prefeitura Municipal de São Borja - RS,60282,Total Geral da Despesa por Função,RS,36944.43
DCA-Anexo I-E,2020,DESPESA,DCA-Anexo I-E,TotalDespesas,4318002,Inscrição de Restos a Pagar Não Processados,12.365 - Educação Infantil,2020,Prefeitura Municipal de São Borja - RS,60282,Total Geral da Despesa por Função,RS,1054621.28
DCA-Anexo I-E,2020,DESPESA,DCA-Anexo I-E,TotalDespesas,4318002,Inscrição de Restos a Pagar Não Processados,12.122 - Administração Geral,2020,Prefeitura Municipal de São Borja - RS,60282,Total Geral da Despesa por Função,RS,921.81
DCA-Anexo I-E,2020,DESPESA,DCA-Anexo I-E,TotalDespesas,4318002,Inscrição de Restos a Pagar Não Processados,13 - Cultura,2020,Prefeitura Municipal de São Borja - RS,60282,Total Geral da Despesa por Função,RS,3044.24
DCA-Anexo I-E,2020,DESPESA,DCA-Anexo I-E,TotalDespesas,4318002,Inscrição de Restos a Pagar Não Processados,13.392 - Difusão Cultural,2020,Prefeitura Municipal de São Borja - RS,60282,Total Geral da Despesa por Função,RS,3044.24
DCA-Anexo I-E,2020,DESPESA,DCA-Anexo I-E,TotalDespesas,4318002,Inscrição de Restos a Pagar Não Processados,15 - Urbanismo,2020,Prefeitura Municipal de São Borja - RS,60282,Total Geral da Despesa por Função,RS,3434702.63
DCA-Anexo I-E,2020,DESPESA,DCA-Anexo I-E,TotalDespesas,4318002,Inscrição de Restos a Pagar Não Processados,15.451 - Infraestrutura Urbana,2020,Prefeitura Municipal de São Borja - RS,60282,Total Geral da Despesa por Função,RS,2356837.52
DCA-Anexo I-E,2020,DESPESA,DCA-Anexo I-E,TotalDespesas,4318002,Inscrição de Restos a Pagar Não Processados,15.452 - Serviços Urbanos,2020,Prefeitura Municipal de São Borja - RS,60282,Total Geral da Despesa por Função,RS,1077865.11
DCA-Anexo I-E,2020,DESPESA,DCA-Anexo I-E,TotalDespesas,4318002,Inscrição de Restos a Pagar Não Processados,17 - Saneamento,2020,Prefeitura Municipal de São Borja - RS,60282,Total Geral da Despesa por Função,RS,79776.8
DCA-Anexo I-E,2020,DESPESA,DCA-Anexo I-E,TotalDespesas,4318002,Inscrição de Restos a Pagar Não Processados,17.511 - Saneamento Básico Rural,2020,Prefeitura Municipal de São Borja - RS,60282,Total Geral da Despesa por Função,RS,79776.8
DCA-Anexo I-E,2020,DESPESA,DCA-Anexo I-E,TotalDespesas,4318002,Inscrição de Restos a Pagar Não Processados,18 - Gestão Ambiental,2020,Prefeitura Municipal de São Borja - RS,60282,Total Geral da Despesa por Função,RS,112801.93
DCA-Anexo I-E,2020,DESPESA,DCA-Anexo I-E,TotalDespesas,4318002,Inscrição de Restos a Pagar Não Processados,18.541 - Preservação e Conservação Ambiental,2020,Prefeitura Municipal de São Borja - RS,60282,Total Geral da Despesa por Função,RS,112801.93
DCA-Anexo I-E,2020,DESPESA,DCA-Anexo I-E,TotalDespesas,4318002,Inscrição de Restos a Pagar Não Processados,20 - Agricultura,2020,Prefeitura Municipal de São Borja - RS,60282,Total Geral da Despesa por Função,RS,115009
DCA-Anexo I-E,2020,DESPESA,DCA-Anexo I-E,TotalDespesas,4318002,Inscrição de Restos a Pagar Não Processados,20.606 - Extensão Rural,2020,Prefeitura Municipal de São Borja - RS,60282,Total Geral da Despesa por Função,RS,115009
DCA-Anexo I-E,2020,DESPESA,DCA-Anexo I-E,TotalDespesas,4318002,Inscrição de Restos a Pagar Não Processados,23 - Comércio e Serviços,2020,Prefeitura Municipal de São Borja - RS,60282,Total Geral da Despesa por Função,RS,365888.83
DCA-Anexo I-E,2020,DESPESA,DCA-Anexo I-E,TotalDespesas,4318002,Inscrição de Restos a Pagar Não Processados,23.695 - Turismo,2020,Prefeitura Municipal de São Borja - RS,60282,Total Geral da Despesa por Função,RS,365888.83
DCA-Anexo I-E,2020,DESPESA,DCA-Anexo I-E,TotalDespesas,4318002,Inscrição de Restos a Pagar Não Processados,26 - Transporte,2020,Prefeitura Municipal de São Borja - RS,60282,Total Geral da Despesa por Função,RS,158225.06
DCA-Anexo I-E,2020,DESPESA,DCA-Anexo I-E,TotalDespesas,4318002,Inscrição de Restos a Pagar Não Processados,26.781 - Transporte Aéreo,2020,Prefeitura Municipal de São Borja - RS,60282,Total Geral da Despesa por Função,RS,158225.06
DCA-Anexo I-E,2020,DESPESA,DCA-Anexo I-E,TotalDespesas,4318002,Inscrição de Restos a Pagar Não Processados,27 - Desporto e Lazer,2020,Prefeitura Municipal de São Borja - RS,60282,Total Geral da Despesa por Função,RS,187401.75
DCA-Anexo I-E,2020,DESPESA,DCA-Anexo I-E,TotalDespesas,4318002,Inscrição de Restos a Pagar Não Processados,27.812 - Desporto Comunitário,2020,Prefeitura Municipal de São Borja - RS,60282,Total Geral da Despesa por Função,RS,187401.75
DCA-Anexo I-E,2020,DESPESA,DCA-Anexo I-E,TotalDespesas,4318002,Inscrição de Restos a Pagar Não Processados,Despesas Intraorçamentárias,2020,Prefeitura Municipal de São Borja - RS,60282,Total Geral da Despesa por Função,RS,49721.07
DCA-Anexo I-E,2020,DESPESA,DCA-Anexo I-E,TotalDespesas,4318002,Inscrição de Restos a Pagar Processados,Despesas Exceto Intraorçamentárias,2020,Prefeitura Municipal de São Borja - RS,60282,Total Geral da Despesa por Função,RS,5349036.62
DCA-Anexo I-E,2020,DESPESA,DCA-Anexo I-E,TotalDespesas,4318002,Inscrição de Restos a Pagar Processados,04 - Administração,2020,Prefeitura Municipal de São Borja - RS,60282,Total Geral da Despesa por Função,RS,618455.21
DCA-Anexo I-E,2020,DESPESA,DCA-Anexo I-E,TotalDespesas,4318002,Inscrição de Restos a Pagar Processados,04.122 - Administração Geral,2020,Prefeitura Municipal de São Borja - RS,60282,Total Geral da Despesa por Função,RS,548849.06
DCA-Anexo I-E,2020,DESPESA,DCA-Anexo I-E,TotalDespesas,4318002,Inscrição de Restos a Pagar Processados,04.124 - Controle Interno,2020,Prefeitura Municipal de São Borja - RS,60282,Total Geral da Despesa por Função,RS,594.71
DCA-Anexo I-E,2020,DESPESA,DCA-Anexo I-E,TotalDespesas,4318002,Inscrição de Restos a Pagar Processados,04.126 - Tecnologia da Informação,2020,Prefeitura Municipal de São Borja - RS,60282,Total Geral da Despesa por Função,RS,69011.44
DCA-Anexo I-E,2020,DESPESA,DCA-Anexo I-E,TotalDespesas,4318002,Inscrição de Restos a Pagar Processados,06 - Segurança Pública,2020,Prefeitura Municipal de São Borja - RS,60282,Total Geral da Despesa por Função,RS,10357.65
DCA-Anexo I-E,2020,DESPESA,DCA-Anexo I-E,TotalDespesas,4318002,Inscrição de Restos a Pagar Processados,06.181 - Policiamento,2020,Prefeitura Municipal de São Borja - RS,60282,Total Geral da Despesa por Função,RS,3482.49
DCA-Anexo I-E,2020,DESPESA,DCA-Anexo I-E,TotalDespesas,4318002,Inscrição de Restos a Pagar Processados,06.182 - Defesa Civil,2020,Prefeitura Municipal de São Borja - RS,60282,Total Geral da Despesa por Função,RS,6875.16
DCA-Anexo I-E,2020,DESPESA,DCA-Anexo I-E,TotalDespesas,4318002,Inscrição de Restos a Pagar Processados,08 - Assistência Social,2020,Prefeitura Municipal de São Borja - RS,60282,Total Geral da Despesa por Função,RS,165786.22
DCA-Anexo I-E,2020,DESPESA,DCA-Anexo I-E,TotalDespesas,4318002,Inscrição de Restos a Pagar Processados,08.241 - Assistência ao Idoso,2020,Prefeitura Municipal de São Borja - RS,60282,Total Geral da Despesa por Função,RS,557.42
DCA-Anexo I-E,2020,DESPESA,DCA-Anexo I-E,TotalDespesas,4318002,Inscrição de Restos a Pagar Processados,08.243 - Assistência à Criança e ao Adolescente,2020,Prefeitura Municipal de São Borja - RS,60282,Total Geral da Despesa por Função,RS,49698.66
DCA-Anexo I-E,2020,DESPESA,DCA-Anexo I-E,TotalDespesas,4318002,Inscrição de Restos a Pagar Processados,08.244 - Assistência Comunitária,2020,Prefeitura Municipal de São Borja - RS,60282,Total Geral da Despesa por Função,RS,108445.32
DCA-Anexo I-E,2020,DESPESA,DCA-Anexo I-E,TotalDespesas,4318002,Inscrição de Restos a Pagar Processados,08.122 - Administração Geral,2020,Prefeitura Municipal de São Borja - RS,60282,Total Geral da Despesa por Função,RS,7084.82
DCA-Anexo I-E,2020,DESPESA,DCA-Anexo I-E,TotalDespesas,4318002,Inscrição de Restos a Pagar Processados,10 - Saúde,2020,Prefeitura Municipal de São Borja - RS,60282,Total Geral da Despesa por Função,RS,1591771.03
DCA-Anexo I-E,2020,DESPESA,DCA-Anexo I-E,TotalDespesas,4318002,Inscrição de Restos a Pagar Processados,10.301 - Atenção Básica,2020,Prefeitura Municipal de São Borja - RS,60282,Total Geral da Despesa por Função,RS,445887.28
DCA-Anexo I-E,2020,DESPESA,DCA-Anexo I-E,TotalDespesas,4318002,Inscrição de Restos a Pagar Processados,10.302 - Assistência Hospitalar e Ambulatorial,2020,Prefeitura Municipal de São Borja - RS,60282,Total Geral da Despesa por Função,RS,877188.71
DCA-Anexo I-E,2020,DESPESA,DCA-Anexo I-E,TotalDespesas,4318002,Inscrição de Restos a Pagar Processados,10.303 - Suporte Profilático e Terapêutico,2020,Prefeitura Municipal de São Borja - RS,60282,Total Geral da Despesa por Função,RS,31752.84
DCA-Anexo I-E,2020,DESPESA,DCA-Anexo I-E,TotalDespesas,4318002,Inscrição de Restos a Pagar Processados,10.304 - Vigilância Sanitária,2020,Prefeitura Municipal de São Borja - RS,60282,Total Geral da Despesa por Função,RS,20737.21
DCA-Anexo I-E,2020,DESPESA,DCA-Anexo I-E,TotalDespesas,4318002,Inscrição de Restos a Pagar Processados,10.305 - Vigilância Epidemiológica,2020,Prefeitura Municipal de São Borja - RS,60282,Total Geral da Despesa por Função,RS,154281.47
DCA-Anexo I-E,2020,DESPESA,DCA-Anexo I-E,TotalDespesas,4318002,Inscrição de Restos a Pagar Processados,10.122 - Administração Geral,2020,Prefeitura Municipal de São Borja - RS,60282,Total Geral da Despesa por Função,RS,61923.52
DCA-Anexo I-E,2020,DESPESA,DCA-Anexo I-E,TotalDespesas,4318002,Inscrição de Restos a Pagar Processados,12 - Educação,2020,Prefeitura Municipal de São Borja - RS,60282,Total Geral da Despesa por Função,RS,918854.43
DCA-Anexo I-E,2020,DESPESA,DCA-Anexo I-E,TotalDespesas,4318002,Inscrição de Restos a Pagar Processados,12.361 - Ensino Fundamental,2020,Prefeitura Municipal de São Borja - RS,60282,Total Geral da Despesa por Função,RS,740272.34
DCA-Anexo I-E,2020,DESPESA,DCA-Anexo I-E,TotalDespesas,4318002,Inscrição de Restos a Pagar Processados,12.362 - Ensino Médio,2020,Prefeitura Municipal de São Borja - RS,60282,Total Geral da Despesa por Função,RS,14744.44
DCA-Anexo I-E,2020,DESPESA,DCA-Anexo I-E,TotalDespesas,4318002,Inscrição de Restos a Pagar Processados,12.365 - Educação Infantil,2020,Prefeitura Municipal de São Borja - RS,60282,Total Geral da Despesa por Função,RS,74710.5
DCA-Anexo I-E,2020,DESPESA,DCA-Anexo I-E,TotalDespesas,4318002,Inscrição de Restos a Pagar Processados,12.122 - Administração Geral,2020,Prefeitura Municipal de São Borja - RS,60282,Total Geral da Despesa por Função,RS,89127.15
DCA-Anexo I-E,2020,DESPESA,DCA-Anexo I-E,TotalDespesas,4318002,Inscrição de Restos a Pagar Processados,13 - Cultura,2020,Prefeitura Municipal de São Borja - RS,60282,Total Geral da Despesa por Função,RS,4295.72
DCA-Anexo I-E,2020,DESPESA,DCA-Anexo I-E,TotalDespesas,4318002,Inscrição de Restos a Pagar Processados,13.392 - Difusão Cultural,2020,Prefeitura Municipal de São Borja - RS,60282,Total Geral da Despesa por Função,RS,4295.72
DCA-Anexo I-E,2020,DESPESA,DCA-Anexo I-E,TotalDespesas,4318002,Inscrição de Restos a Pagar Processados,15 - Urbanismo,2020,Prefeitura Municipal de São Borja - RS,60282,Total Geral da Despesa por Função,RS,1696339.32
DCA-Anexo I-E,2020,DESPESA,DCA-Anexo I-E,TotalDespesas,4318002,Inscrição de Restos a Pagar Processados,15.451 - Infraestrutura Urbana,2020,Prefeitura Municipal de São Borja - RS,60282,Total Geral da Despesa por Função,RS,922569.21
DCA-Anexo I-E,2020,DESPESA,DCA-Anexo I-E,TotalDespesas,4318002,Inscrição de Restos a Pagar Processados,15.452 - Serviços Urbanos,2020,Prefeitura Municipal de São Borja - RS,60282,Total Geral da Despesa por Função,RS,773770.11
DCA-Anexo I-E,2020,DESPESA,DCA-Anexo I-E,TotalDespesas,4318002,Inscrição de Restos a Pagar Processados,18 - Gestão Ambiental,2020,Prefeitura Municipal de São Borja - RS,60282,Total Geral da Despesa por Função,RS,1792
DCA-Anexo I-E,2020,DESPESA,DCA-Anexo I-E,TotalDespesas,4318002,Inscrição de Restos a Pagar Processados,18.541 - Preservação e Conservação Ambiental,2020,Prefeitura Municipal de São Borja - RS,60282,Total Geral da Despesa por Função,RS,1792
DCA-Anexo I-E,2020,DESPESA,DCA-Anexo I-E,TotalDespesas,4318002,Inscrição de Restos a Pagar Processados,20 - Agricultura,2020,Prefeitura Municipal de São Borja - RS,60282,Total Geral da Despesa por Função,RS,33238
DCA-Anexo I-E,2020,DESPESA,DCA-Anexo I-E,TotalDespesas,4318002,Inscrição de Restos a Pagar Processados,20.606 - Extensão Rural,2020,Prefeitura Municipal de São Borja - RS,60282,Total Geral da Despesa por Função,RS,33238
DCA-Anexo I-E,2020,DESPESA,DCA-Anexo I-E,TotalDespesas,4318002,Inscrição de Restos a Pagar Processados,26 - Transporte,2020,Prefeitura Municipal de São Borja - RS,60282,Total Geral da Despesa por Função,RS,1270
DCA-Anexo I-E,2020,DESPESA,DCA-Anexo I-E,TotalDespesas,4318002,Inscrição de Restos a Pagar Processados,26.781 - Transporte Aéreo,2020,Prefeitura Municipal de São Borja - RS,60282,Total Geral da Despesa por Função,RS,1270
DCA-Anexo I-E,2020,DESPESA,DCA-Anexo I-E,TotalDespesas,4318002,Inscrição de Restos a Pagar Processados,27 - Desporto e Lazer,2020,Prefeitura Municipal de São Borja - RS,60282,Total Geral da Despesa por Função,RS,127166.73
DCA-Anexo I-E,2020,DESPESA,DCA-Anexo I-E,TotalDespesas,4318002,Inscrição de Restos a Pagar Processados,27.812 - Desporto Comunitário,2020,Prefeitura Municipal de São Borja - RS,60282,Total Geral da Despesa por Função,RS,127166.73
DCA-Anexo I-E,2020,DESPESA,DCA-Anexo I-E,TotalDespesas,4318002,Inscrição de Restos a Pagar Processados,28 - Encargos Especiais,2020,Prefeitura Municipal de São Borja - RS,60282,Total Geral da Despesa por Função,RS,179710.31
DCA-Anexo I-E,2020,DESPESA|DIVIDA,DCA-Anexo I-E,TotalDespesas,4318002,Inscrição de Restos a Pagar Processados,28.843 - Serviço da Dívida Interna,2020,Prefeitura Municipal de São Borja - RS,60282,Total Geral da Despesa por Função,RS,179710.31
DCA-Anexo I-E,2020,DESPESA,DCA-Anexo I-E,TotalDespesas,4318002,Inscrição de Restos a Pagar Processados,Despesas Intraorçamentárias,2020,Prefeitura Municipal de São Borja - RS,60282,Total Geral da Despesa por Função,RS,2397188.24
DCA-Anexo I-C,2021,FUNDEB,DCA-Anexo I-C,ReceitasExcetoIntraOrcamentarias,4318002,Deduções - FUNDEB,RECEITAS (EXCETO INTRA-ORÇAMENTÁRIAS) (I),2021,Prefeitura Municipal de São Borja - RS,60019,Padrão,RS,23294828.74
DCA-Anexo I-C,2021,FUNDEB,DCA-Anexo I-C,RO1.0.0.0.00.0.0,4318002,Deduções - FUNDEB,1.0.0.0.00.0.0 - Receitas Correntes,2021,Prefeitura Municipal de São Borja - RS,60019,Padrão,RS,23294828.74
DCA-Anexo I-C,2021,JUROS,DCA-Anexo I-C,RO1.3.2.1.00.0.0,4318002,Receitas Brutas Realizadas,1.3.2.1.00.0.0 - Juros e Correções Monetárias,2021,Prefeitura Municipal de São Borja - RS,60019,Padrão,RS,7667899.49
DCA-Anexo I-C,2021,PREVID,DCA-Anexo I-C,RO1.3.2.1.00.4.0,4318002,Receitas Brutas Realizadas,1.3.2.1.00.4.0 - Remuneração dos Recursos do Regime Próprio de Previdência Social - RPPS,2021,Prefeitura Municipal de São Borja - RS,60019,Padrão,RS,6351095.56
DCA-Anexo I-C,2021,JUROS,DCA-Anexo I-C,RO1.3.2.1.00.5.0,4318002,Receitas Brutas Realizadas,1.3.2.1.00.5.0 - Juros de Títulos de Renda,2021,Prefeitura Municipal de São Borja - RS,60019,Padrão,RS,181511.6
DCA-Anexo I-C,2021,TRANSFERENCIAS CORRENTES,DCA-Anexo I-C,RO1.7.0.0.00.0.0,4318002,Receitas Brutas Realizadas,1.7.0.0.00.0.0 - Transferências Correntes,2021,Prefeitura Municipal de São Borja - RS,60019,Padrão,RS,206741472.88
DCA-Anexo I-C,2021,FUNDEB|TRANSFERENCIAS CORRENTES,DCA-Anexo I-C,RO1.7.0.0.00.0.0,4318002,Deduções - FUNDEB,1.7.0.0.00.0.0 - Transferências Correntes,2021,Prefeitura Municipal de São Borja - RS,60019,Padrão,RS,23294828.74
DCA-Anexo I-C,2021,TRANSFERENCIAS CORRENTES,DCA-Anexo I-C,RO1.7.0.0.00.0.0,4318002,Outras Deduções da Receita,1.7.0.0.00.0.0 - Transferências Correntes,2021,Prefeitura Municipal de São Borja - RS,60019,Padrão,RS,188.37
DCA-Anexo I-C,2021,FUNDEB,DCA-Anexo I-C,RO1.7.1.0.00.0.0,4318002,Deduções - FUNDEB,1.7.1.0.00.0.0 - Transferências da União e de suas Entidades,2021,Prefeitura Municipal de São Borja - RS,60019,Padrão,RS,9052326.54
DCA-Anexo I-C,2021,FUNDEB,DCA-Anexo I-C,RO1.7.1.8.00.0.0,4318002,Deduções - FUNDEB,"1.7.1.8.00.0.0 - Transferências da União - Específicas de Estados, DF e Municípios",2021,Prefeitura Municipal de São Borja - RS,60019,Padrão,RS,9052326.54
DCA-Anexo I-C,2021,FUNDEB,DCA-Anexo I-C,RO1.7.1.8.01.0.0,4318002,Deduções - FUNDEB,1.7.1.8.01.0.0 - Participação na Receita da União,2021,Prefeitura Municipal de São Borja - RS,60019,Padrão,RS,9052326.54
DCA-Anexo I-C,2021,FUNDO DE PARTICIPACAO DOS MUNICIPIOS,DCA-Anexo I-C,RO1.7.1.8.01.2.0,4318002,Receitas Brutas Realizadas,1.7.1.8.01.2.0 - Cota-Parte do Fundo de Participação dos Municípios - Cota Mensal,2021,Prefeitura Municipal de São Borja - RS,60019,Padrão,RS,41279974.51
DCA-Anexo I-C,2021,FUNDEB|FUNDO DE PARTICIPACAO DOS MUNICIPIOS,DCA-Anexo I-C,RO1.7.1.8.01.2.0,4318002,Deduções - FUNDEB,1.7.1.8.01.2.0 - Cota-Parte do Fundo de Participação dos Municípios - Cota Mensal,2021,Prefeitura Municipal de São Borja - RS,60019,Padrão,RS,8255994.62
DCA-Anexo I-C,2021,FUNDO DE PARTICIPACAO DOS MUNICIPIOS,DCA-Anexo I-C,RO1.7.1.8.01.4.0,4318002,Receitas Brutas Realizadas,1.7.1.8.01.4.0 - Cota-Parte do Fundo de Participação dos Municípios - 1% Cota entregue no mês de julho,2021,Prefeitura Municipal de São Borja - RS,60019,Padrão,RS,1598286.38
DCA-Anexo I-C,2021,FUNDEB,DCA-Anexo I-C,RO1.7.1.8.01.5.0,4318002,Deduções - FUNDEB,1.7.1.8.01.5.0 - Cota-Parte do Imposto Sobre a Propriedade Territorial Rural,2021,Prefeitura Municipal de São Borja - RS,60019,Padrão,RS,796331.92
DCA-Anexo I-C,2021,FUNDEB,DCA-Anexo I-C,RO1.7.2.0.00.0.0,4318002,Deduções - FUNDEB,1.7.2.0.00.0.0 - Transferências dos Estados e do Distrito Federal e de suas Entidades,2021,Prefeitura Municipal de São Borja - RS,60019,Padrão,RS,14242502.2
DCA-Anexo I-C,2021,FUNDEB,DCA-Anexo I-C,RO1.7.2.8.00.0.0,4318002,Deduções - FUNDEB,"1.7.2.8.00.0.0 - Transferências dos Estados - Específicas de Estados, DF e Municípios",2021,Prefeitura Municipal de São Borja - RS,60019,Padrão,RS,14242502.2
DCA-Anexo I-C,2021,FUNDEB,DCA-Anexo I-C,RO1.7.2.8.01.0.0,4318002,Deduções - FUNDEB,1.7.2.8.01.0.0 - Participação na Receita dos Estados,2021,Prefeitura Municipal de São Borja - RS,60019,Padrão,RS,14242502.2
DCA-Anexo I-C,2021,ICMS,DCA-Anexo I-C,RO1.7.2.8.01.1.0,4318002,Receitas Brutas Realizadas,1.7.2.8.01.1.0 - Cota-Parte do ICMS,2021,Prefeitura Municipal de São Borja - RS,60019,Padrão,RS,61182352.85
DCA-Anexo I-C,2021,FUNDEB|ICMS,DCA-Anexo I-C,RO1.7.2.8.01.1.0,4318002,Deduções - FUNDEB,1.7.2.8.01.1.0 - Cota-Parte do ICMS,2021,Prefeitura Municipal de São Borja - RS,60019,Padrão,RS,12244177.57
DCA-Anexo I-C,2021,IPVA,DCA-Anexo I-C,RO1.7.2.8.01.2.0,4318002,Receitas Brutas Realizadas,1.7.2.8.01.2.0 - Cota-Parte do IPVA,2021,Prefeitura Municipal de São Borja - RS,60019,Padrão,RS,9368631.98
DCA-Anexo I-C,2021,FUNDEB|IPVA,DCA-Anexo I-C,RO1.7.2.8.01.2.0,4318002,Deduções - FUNDEB,1.7.2.8.01.2.0 - Cota-Parte do IPVA,2021,Prefeitura Municipal de São Borja - RS,60019,Padrão,RS,1873725.22
DCA-Anexo I-C,2021,FUNDEB,DCA-Anexo I-C,RO1.7.2.8.01.3.0,4318002,Deduções - FUNDEB,1.7.2.8.01.3.0 - Cota-Parte do IPI - Municípios,2021,Prefeitura Municipal de São Borja - RS,60019,Padrão,RS,124599.41
DCA-Anexo I-C,2021,FUNDEB,DCA-Anexo I-C,RO1.7.5.8.01.0.0,4318002,Receitas Brutas Realizadas,1.7.5.8.01.0.0 - Transferências de Recursos do Fundo de Manutenção e Desenvolvimento da Educação Básica e de Valorização dos Profissionais da Educação ¿ FUNDEB,2021,Prefeitura Municipal de São Borja - RS,60019,Padrão,RS,36557027.52
DCA-Anexo I-C,2021,PREVID,DCA-Anexo I-C,RO1.9.9.0.03.0.0,4318002,Receitas Brutas Realizadas,1.9.9.0.03.0.0 - Compensações Financeiras entre o Regime Geral e os Regimes Próprios de Previdência dos Servidores,2021,Prefeitura Municipal de São Borja - RS,60019,Padrão,RS,188862.74
DCA-Anexo I-C,2021,DIVIDA,DCA-Anexo I-C,RO1.9.9.0.12.0.0,4318002,Receitas Brutas Realizadas,1.9.9.0.12.0.0 - Encargos Legais pela Inscrição em Dívida Ativa e Receitas de Ônus de Sucumbência,2021,Prefeitura Municipal de São Borja - RS,60019,Padrão,RS,3300.02
DCA-Anexo I-C,2021,FUNDEB,DCA-Anexo I-C,TotalReceitas,4318002,Deduções - FUNDEB,TOTAL DAS RECEITAS (III) = (I + II),2021,Prefeitura Municipal de São Borja - RS,60019,Padrão,RS,23294828.74
DCA-Anexo I-D,2021,DESPESA,DCA-Anexo I-D,TotalDespesas,4318002,Despesas Empenhadas,Total Geral da Despesa,2021,Prefeitura Municipal de São Borja - RS,60019,Padrão,RS,241401601.57
DCA-Anexo I-D,2021,DESPESA,DCA-Anexo I-D,TotalDespesas,4318002,Despesas Liquidadas,Total Geral da Despesa,2021,Prefeitura Municipal de São Borja - RS,60019,Padrão,RS,232124580.04
DCA-Anexo I-D,2021,DESPESA,DCA-Anexo I-D,TotalDespesas,4318002,Despesas Pagas,Total Geral da Despesa,2021,Prefeitura Municipal de São Borja - RS,60019,Padrão,RS,226187346.98
DCA-Anexo I-D,2021,DESPESA,DCA-Anexo I-D,TotalDespesas,4318002,Inscrição de Restos a Pagar Não Processados,Total Geral da Despesa,2021,Prefeitura Municipal de São Borja - RS,60019,Padrão,RS,9277021.53
DCA-Anexo I-D,2021,DESPESA,DCA-Anexo I-D,TotalDespesas,4318002,Inscrição de Restos a Pagar Processados,Total Geral da Despesa,2021,Prefeitura Municipal de São Borja - RS,60019,Padrão,RS,5937233.06
DCA-Anexo I-D,2021,DESPESA,DCA-Anexo I-D,DO3.0.00.00.00.00,4318002,Despesas Empenhadas,3.0.00.00.00 - Despesas Correntes,2021,Prefeitura Municipal de São Borja - RS,60019,Padrão,RS,223590561.9
DCA-Anexo I-D,2021,DESPESA,DCA-Anexo I-D,DO3.0.00.00.00.00,4318002,Despesas Liquidadas,3.0.00.00.00 - Despesas Correntes,2021,Prefeitura Municipal de São Borja - RS,60019,Padrão,RS,218473585.28
DCA-Anexo I-D,2021,DESPESA,DCA-Anexo I-D,DO3.0.00.00.00.00,4318002,Despesas Pagas,3.0.00.00.00 - Despesas Correntes,2021,Prefeitura Municipal de São Borja - RS,60019,Padrão,RS,213255308.39
DCA-Anexo I-D,2021,DESPESA,DCA-Anexo I-D,DO3.0.00.00.00.00,4318002,Inscrição de Restos a Pagar Não Processados,3.0.00.00.00 - Despesas Correntes,2021,Prefeitura Municipal de São Borja - RS,60019,Padrão,RS,5116976.62
DCA-Anexo I-D,2021,DESPESA,DCA-Anexo I-D,DO3.0.00.00.00.00,4318002,Inscrição de Restos a Pagar Processados,3.0.00.00.00 - Despesas Correntes,2021,Prefeitura Municipal de São Borja - RS,60019,Padrão,RS,5218276.89
DCA-Anexo I-D,2021,DESPESA|PESSOAL,DCA-Anexo I-D,DO3.1.00.00.00.00,4318002,Despesas Empenhadas,3.1.00.00.00 - Pessoal e Encargos Sociais,2021,Prefeitura Municipal de São Borja - RS,60019,Padrão,RS,129082283.34
DCA-Anexo I-D,2021,DESPESA|PESSOAL,DCA-Anexo I-D,DO3.1.00.00.00.00,4318002,Despesas Liquidadas,3.1.00.00.00 - Pessoal e Encargos Sociais,2021,Prefeitura Municipal de São Borja - RS,60019,Padrão,RS,129018070.28
DCA-Anexo I-D,2021,DESPESA|PESSOAL,DCA-Anexo I-D,DO3.1.00.00.00.00,4318002,Despesas Pagas,3.1.00.00.00 - Pessoal e Encargos Sociais,2021,Prefeitura Municipal de São Borja - RS,60019,Padrão,RS,125617470.23
DCA-Anexo I-D,2021,PESSOAL,DCA-Anexo I-D,DO3.1.00.00.00.00,4318002,Inscrição de Restos a Pagar Não Processados,3.1.00.00.00 - Pessoal e Encargos Sociais,2021,Prefeitura Municipal de São Borja - RS,60019,Padrão,RS,64213.06
DCA-Anexo I-D,2021,PESSOAL,DCA-Anexo I-D,DO3.1.00.00.00.00,4318002,Inscrição de Restos a Pagar Processados,3.1.00.00.00 - Pessoal e Encargos Sociais,2021,Prefeitura Municipal de São Borja - RS,60019,Padrão,RS,3400600.05
DCA-Anexo I-D,2021,DESPESA,DCA-Anexo I-D,DO3.1.90.00.00.00,4318002,Despesas Empenhadas,3.1.90.00.00 - Aplicações Diretas,2021,Prefeitura Municipal de São Borja - RS,60019,Padrão,RS,111168856.09
DCA-Anexo I-D,2021,DESPESA,DCA-Anexo I-D,DO3.1.90.00.00.00,4318002,Despesas Liquidadas,3.1.90.00.00 - Aplicações Diretas,2021,Prefeitura Municipal de São Borja - RS,60019,Padrão,RS,111104643.03
DCA-Anexo I-D,2021,DESPESA,DCA-Anexo I-D,DO3.1.90.00.00.00,4318002,Despesas Pagas,3.1.90.00.00 - Aplicações Diretas,2021,Prefeitura Municipal de São Borja - RS,60019,Padrão,RS,110614744.96
DCA-Anexo I-D,2021,DESPESA,DCA-Anexo I-D,DO3.1.90.01.00.00,4318002,Despesas Empenhadas,"3.1.90.01.00 - Aposentadorias do RPPS, Reserva Remunerada e Reformas dos Militares",2021,Prefeitura Municipal de São Borja - RS,60019,Padrão,RS,22190329.33
DCA-Anexo I-D,2021,DESPESA,DCA-Anexo I-D,DO3.1.90.01.00.00,4318002,Despesas Liquidadas,"3.1.90.01.00 - Aposentadorias do RPPS, Reserva Remunerada e Reformas dos Militares",2021,Prefeitura Municipal de São Borja - RS,60019,Padrão,RS,22190329.33
DCA-Anexo I-D,2021,DESPESA,DCA-Anexo I-D,DO3.1.90.01.00.00,4318002,Despesas Pagas,"3.1.90.01.00 - Aposentadorias do RPPS, Reserva Remunerada e Reformas dos Militares",2021,Prefeitura Municipal de São Borja - RS,60019,Padrão,RS,22190329.33
DCA-Anexo I-D,2021,DESPESA,DCA-Anexo I-D,DO3.1.90.03.00.00,4318002,Despesas Empenhadas,3.1.90.03.00 - Pensões do RPPS e do Militar,2021,Prefeitura Municipal de São Borja - RS,60019,Padrão,RS,3316657.15
DCA-Anexo I-D,2021,DESPESA,DCA-Anexo I-D,DO3.1.90.03.00.00,4318002,Despesas Liquidadas,3.1.90.03.00 - Pensões do RPPS e do Militar,2021,Prefeitura Municipal de São Borja - RS,60019,Padrão,RS,3316657.15
DCA-Anexo I-D,2021,DESPESA,DCA-Anexo I-D,DO3.1.90.03.00.00,4318002,Despesas Pagas,3.1.90.03.00 - Pensões do RPPS e do Militar,2021,Prefeitura Municipal de São Borja - RS,60019,Padrão,RS,3316657.15
DCA-Anexo I-D,2021,DESPESA,DCA-Anexo I-D,DO3.1.90.04.00.00,4318002,Despesas Empenhadas,3.1.90.04.00 - Contratação por Tempo Determinado,2021,Prefeitura Municipal de São Borja - RS,60019,Padrão,RS,19637391.57
DCA-Anexo I-D,2021,DESPESA,DCA-Anexo I-D,DO3.1.90.04.00.00,4318002,Despesas Liquidadas,3.1.90.04.00 - Contratação por Tempo Determinado,2021,Prefeitura Municipal de São Borja - RS,60019,Padrão,RS,19637391.57
DCA-Anexo I-D,2021,DESPESA,DCA-Anexo I-D,DO3.1.90.04.00.00,4318002,Despesas Pagas,3.1.90.04.00 - Contratação por Tempo Determinado,2021,Prefeitura Municipal de São Borja - RS,60019,Padrão,RS,19286218.99
DCA-Anexo I-D,2021,DESPESA|PESSOAL,DCA-Anexo I-D,DO3.1.90.11.00.00,4318002,Despesas Empenhadas,3.1.90.11.00 - Vencimentos e Vantagens Fixas - Pessoal Civil,2021,Prefeitura Municipal de São Borja - RS,60019,Padrão,RS,59397100.1
DCA-Anexo I-D,2021,DESPESA|PESSOAL,DCA-Anexo I-D,DO3.1.90.11.00.00,4318002,Despesas Liquidadas,3.1.90.11.00 - Vencimentos e Vantagens Fixas - Pessoal Civil,2021,Prefeitura Municipal de São Borja - RS,60019,Padrão,RS,59397100.1
DCA-Anexo I-D,2021,DESPESA|PESSOAL,DCA-Anexo I-D,DO3.1.90.11.00.00,4318002,Despesas Pagas,3.1.90.11.00 - Vencimentos e Vantagens Fixas - Pessoal Civil,2021,Prefeitura Municipal de São Borja - RS,60019,Padrão,RS,59397100.1
DCA-Anexo I-D,2021,DESPESA,DCA-Anexo I-D,DO3.1.90.13.00.00,4318002,Despesas Empenhadas,3.1.90.13.00 - Obrigações Patronais,2021,Prefeitura Municipal de São Borja - RS,60019,Padrão,RS,2124871.92
DCA-Anexo I-D,2021,DESPESA,DCA-Anexo I-D,DO3.1.90.13.00.00,4318002,Despesas Liquidadas,3.1.90.13.00 - Obrigações Patronais,2021,Prefeitura Municipal de São Borja - RS,60019,Padrão,RS,2084750.28
DCA-Anexo I-D,2021,DESPESA,DCA-Anexo I-D,DO3.1.90.13.00.00,4318002,Despesas Pagas,3.1.90.13.00 - Obrigações Patronais,2021,Prefeitura Municipal de São Borja - RS,60019,Padrão,RS,1946024.79
DCA-Anexo I-D,2021,DESPESA,DCA-Anexo I-D,DO3.1.90.13.01.00,4318002,Despesas Empenhadas,3.1.90.13.01 - FGTS,2021,Prefeitura Municipal de São Borja - RS,60019,Padrão,RS,190516.97
DCA-Anexo I-D,2021,DESPESA,DCA-Anexo I-D,DO3.1.90.13.01.00,4318002,Despesas Liquidadas,3.1.90.13.01 - FGTS,2021,Prefeitura Municipal de São Borja - RS,60019,Padrão,RS,190516.97
DCA-Anexo I-D,2021,DESPESA,DCA-Anexo I-D,DO3.1.90.13.01.00,4318002,Despesas Pagas,3.1.90.13.01 - FGTS,2021,Prefeitura Municipal de São Borja - RS,60019,Padrão,RS,162107.18
DCA-Anexo I-D,2021,DESPESA|PREVID,DCA-Anexo I-D,DO3.1.90.13.02.00,4318002,Despesas Empenhadas,3.1.90.13.02 - Contribuições Previdenciárias - INSS,2021,Prefeitura Municipal de São Borja - RS,60019,Padrão,RS,1921998.97
DCA-Anexo I-D,2021,DESPESA|PREVID,DCA-Anexo I-D,DO3.1.90.13.02.00,4318002,Despesas Liquidadas,3.1.90.13.02 - Contribuições Previdenciárias - INSS,2021,Prefeitura Municipal de São Borja - RS,60019,Padrão,RS,1882563.33
DCA-Anexo I-D,2021,DESPESA|PREVID,DCA-Anexo I-D,DO3.1.90.13.02.00,4318002,Despesas Pagas,3.1.90.13.02 - Contribuições Previdenciárias - INSS,2021,Prefeitura Municipal de São Borja - RS,60019,Padrão,RS,1772247.63
DCA-Anexo I-D,2021,PREVID,DCA-Anexo I-D,DO3.1.90.13.02.00,4318002,Inscrição de Restos a Pagar Não Processados,3.1.90.13.02 - Contribuições Previdenciárias - INSS,2021,Prefeitura Municipal de São Borja - RS,60019,Padrão,RS,39435.64
DCA-Anexo I-D,2021,PREVID,DCA-Anexo I-D,DO3.1.90.13.02.00,4318002,Inscrição de Restos a Pagar Processados,3.1.90.13.02 - Contribuições Previdenciárias - INSS,2021,Prefeitura Municipal de São Borja - RS,60019,Padrão,RS,110315.7
DCA-Anexo I-D,2021,DESPESA,DCA-Anexo I-D,DO3.1.90.13.99.00,4318002,Despesas Empenhadas,3.1.90.13.99 - Outras Obrigações Patronais,2021,Prefeitura Municipal de São Borja - RS,60019,Padrão,RS,12355.98
DCA-Anexo I-D,2021,DESPESA,DCA-Anexo I-D,DO3.1.90.13.99.00,4318002,Despesas Liquidadas,3.1.90.13.99 - Outras Obrigações Patronais,2021,Prefeitura Municipal de São Borja - RS,60019,Padrão,RS,11669.98
DCA-Anexo I-D,2021,DESPESA,DCA-Anexo I-D,DO3.1.90.13.99.00,4318002,Despesas Pagas,3.1.90.13.99 - Outras Obrigações Patronais,2021,Prefeitura Municipal de São Borja - RS,60019,Padrão,RS,11669.98
DCA-Anexo I-D,2021,DESPESA|PESSOAL,DCA-Anexo I-D,DO3.1.90.16.00.00,4318002,Despesas Empenhadas,3.1.90.16.00 - Outras Despesas Variáveis - Pessoal Civil,2021,Prefeitura Municipal de São Borja - RS,60019,Padrão,RS,4029601.22
DCA-Anexo I-D,2021,DESPESA|PESSOAL,DCA-Anexo I-D,DO3.1.90.16.00.00,4318002,Despesas Liquidadas,3.1.90.16.00 - Outras Despesas Variáveis - Pessoal Civil,2021,Prefeitura Municipal de São Borja - RS,60019,Padrão,RS,4029601.22
DCA-Anexo I-D,2021,DESPESA|PESSOAL,DCA-Anexo I-D,DO3.1.90.16.00.00,4318002,Despesas Pagas,3.1.90.16.00 - Outras Despesas Variáveis - Pessoal Civil,2021,Prefeitura Municipal de São Borja - RS,60019,Padrão,RS,4029601.22
DCA-Anexo I-D,2021,DESPESA,DCA-Anexo I-D,DO3.1.90.94.00.00,4318002,Despesas Empenhadas,3.1.90.94.00 - Indenizações e Restituições Trabalhistas,2021,Prefeitura Municipal de São Borja - RS,60019,Padrão,RS,472904.8
DCA-Anexo I-D,2021,DESPESA,DCA-Anexo I-D,DO3.1.90.94.00.00,4318002,Despesas Liquidadas,3.1.90.94.00 - Indenizações e Restituições Trabalhistas,2021,Prefeitura Municipal de São Borja - RS,60019,Padrão,RS,448813.38
DCA-Anexo I-D,2021,DESPESA,DCA-Anexo I-D,DO3.1.90.94.00.00,4318002,Despesas Pagas,3.1.90.94.00 - Indenizações e Restituições Trabalhistas,2021,Prefeitura Municipal de São Borja - RS,60019,Padrão,RS,448813.38
DCA-Anexo I-D,2021,DESPESA,DCA-Anexo I-D,DI3.1.91.00.00.00,4318002,Despesas Empenhadas,"3.1.91.00.00 - Aplicação Direta Decorrente de Operação entre Órgãos, Fundos e Entidades Integrantes dos Orçamentos Fiscal e da Seguridade Social",2021,Prefeitura Municipal de São Borja - RS,60019,Padrão,RS,17913427.25
DCA-Anexo I-D,2021,DESPESA,DCA-Anexo I-D,DI3.1.91.00.00.00,4318002,Despesas Liquidadas,"3.1.91.00.00 - Aplicação Direta Decorrente de Operação entre Órgãos, Fundos e Entidades Integrantes dos Orçamentos Fiscal e da Seguridade Social",2021,Prefeitura Municipal de São Borja - RS,60019,Padrão,RS,17913427.25
DCA-Anexo I-D,2021,DESPESA,DCA-Anexo I-D,DI3.1.91.00.00.00,4318002,Despesas Pagas,"3.1.91.00.00 - Aplicação Direta Decorrente de Operação entre Órgãos, Fundos e Entidades Integrantes dos Orçamentos Fiscal e da Seguridade Social",2021,Prefeitura Municipal de São Borja - RS,60019,Padrão,RS,15002725.27
DCA-Anexo I-D,2021,DESPESA,DCA-Anexo I-D,DI3.1.91.13.00.00,4318002,Despesas Empenhadas,3.1.91.13.00 - Contribuições Patronais,2021,Prefeitura Municipal de São Borja - RS,60019,Padrão,RS,17913427.25
DCA-Anexo I-D,2021,DESPESA,DCA-Anexo I-D,DI3.1.91.13.00.00,4318002,Despesas Liquidadas,3.1.91.13.00 - Contribuições Patronais,2021,Prefeitura Municipal de São Borja - RS,60019,Padrão,RS,17913427.25
DCA-Anexo I-D,2021,DESPESA,DCA-Anexo I-D,DI3.1.91.13.00.00,4318002,Despesas Pagas,3.1.91.13.00 - Contribuições Patronais,2021,Prefeitura Municipal de São Borja - RS,60019,Padrão,RS,15002725.27
DCA-Anexo I-D,2021,DESPESA|PESSOAL|PREVID,DCA-Anexo I-D,DI3.1.91.13.08.00,4318002,Despesas Empenhadas,3.1.91.13.08 - Contribuições previdenciárias - RPPS - pessoal ativo - plano previdenciário,2021,Prefeitura Municipal de São Borja - RS,60019,Padrão,RS,6154326.2
DCA-Anexo I-D,2021,DESPESA|PESSOAL|PREVID,DCA-Anexo I-D,DI3.1.91.13.08.00,4318002,Despesas Liquidadas,3.1.91.13.08 - Contribuições previdenciárias - RPPS - pessoal ativo - plano previdenciário,2021,Prefeitura Municipal de São Borja - RS,60019,Padrão,RS,6154326.2
DCA-Anexo I-D,2021,DESPESA|PESSOAL|PREVID,DCA-Anexo I-D,DI3.1.91.13.08.00,4318002,Despesas Pagas,3.1.91.13.08 - Contribuições previdenciárias - RPPS - pessoal ativo - plano previdenciário,2021,Prefeitura Municipal de São Borja - RS,60019,Padrão,RS,5156695.12
DCA-Anexo I-D,2021,PESSOAL|PREVID,DCA-Anexo I-D,DI3.1.91.13.08.00,4318002,Inscrição de Restos a Pagar Processados,3.1.91.13.08 - Contribuições previdenciárias - RPPS - pessoal ativo - plano previdenciário,2021,Prefeitura Municipal de São Borja - RS,60019,Padrão,RS,997631.08
DCA-Anexo I-D,2021,DESPESA|PESSOAL|PREVID,DCA-Anexo I-D,DI3.1.91.13.20.00,4318002,Despesas Empenhadas,3.1.91.13.20 - Alíquota suplementar de contribuição previdenciária - pessoal ativo - plano previdenciário,2021,Prefeitura Municipal de São Borja - RS,60019,Padrão,RS,11759101.05
DCA-Anexo I-D,2021,DESPESA|PESSOAL|PREVID,DCA-Anexo I-D,DI3.1.91.13.20.00,4318002,Despesas Liquidadas,3.1.91.13.20 - Alíquota suplementar de contribuição previdenciária - pessoal ativo - plano previdenciário,2021,Prefeitura Municipal de São Borja - RS,60019,Padrão,RS,11759101.05
DCA-Anexo I-D,2021,DESPESA|PESSOAL|PREVID,DCA-Anexo I-D,DI3.1.91.13.20.00,4318002,Despesas Pagas,3.1.91.13.20 - Alíquota suplementar de contribuição previdenciária - pessoal ativo - plano previdenciário,2021,Prefeitura Municipal de São Borja - RS,60019,Padrão,RS,9846030.15
DCA-Anexo I-D,2021,PESSOAL|PREVID,DCA-Anexo I-D,DI3.1.91.13.20.00,4318002,Inscrição de Restos a Pagar Processados,3.1.91.13.20 - Alíquota suplementar de contribuição previdenciária - pessoal ativo - plano previdenciário,2021,Prefeitura Municipal de São Borja - RS,60019,Padrão,RS,1913070.9
DCA-Anexo I-D,2021,DESPESA|DIVIDA|JUROS,DCA-Anexo I-D,DO3.2.00.00.00.00,4318002,Despesas Empenhadas,3.2.00.00.00 - Juros e Encargos da Dívida,2021,Prefeitura Municipal de São Borja - RS,60019,Padrão,RS,4644656.99
DCA-Anexo I-D,2021,DESPESA|DIVIDA|JUROS,DCA-Anexo I-D,DO3.2.00.00.00.00,4318002,Despesas Liquidadas,3.2.00.00.00 - Juros e Encargos da Dívida,2021,Prefeitura Municipal de São Borja - RS,60019,Padrão,RS,4644656.99
DCA-Anexo I-D,2021,DESPESA|DIVIDA|JUROS,DCA-Anexo I-D,DO3.2.00.00.00.00,4318002,Despesas Pagas,3.2.00.00.00 - Juros e Encargos da Dívida,2021,Prefeitura Municipal de São Borja - RS,60019,Padrão,RS,4644656.99
DCA-Anexo I-D,2021,DESPESA,DCA-Anexo I-D,DO3.2.90.00.00.00,4318002,Despesas Empenhadas,3.2.90.00.00 - Aplicações Diretas,2021,Prefeitura Municipal de São Borja - RS,60019,Padrão,RS,2373114.33
DCA-Anexo I-D,2021,DESPESA,DCA-Anexo I-D,DO3.2.90.00.00.00,4318002,Despesas Liquidadas,3.2.90.00.00 - Aplicações Diretas,2021,Prefeitura Municipal de São Borja - RS,60019,Padrão,RS,2373114.33
DCA-Anexo I-D,2021,DESPESA,DCA-Anexo I-D,DO3.2.90.00.00.00,4318002,Despesas Pagas,3.2.90.00.00 - Aplicações Diretas,2021,Prefeitura Municipal de São Borja - RS,60019,Padrão,RS,2373114.33
DCA-Anexo I-D,2021,DESPESA|DIVIDA|JUROS,DCA-Anexo I-D,DO3.2.90.21.00.00,4318002,Despesas Empenhadas,3.2.90.21.00 - Juros sobre a Dívida por Contrato,2021,Prefeitura Municipal de São Borja - RS,60019,Padrão,RS,2373114.33
DCA-Anexo I-D,2021,DESPESA|DIVIDA|JUROS,DCA-Anexo I-D,DO3.2.90.21.00.00,4318002,Despesas Liquidadas,3.2.90.21.00 - Juros sobre a Dívida por Contrato,2021,Prefeitura Municipal de São Borja - RS,60019,Padrão,RS,2373114.33
DCA-Anexo I-D,2021,DESPESA|DIVIDA|JUROS,DCA-Anexo I-D,DO3.2.90.21.00.00,4318002,Despesas Pagas,3.2.90.21.00 - Juros sobre a Dívida por Contrato,2021,Prefeitura Municipal de São Borja - RS,60019,Padrão,RS,2373114.33
DCA-Anexo I-D,2021,DESPESA,DCA-Anexo I-D,DI3.2.91.00.00.00,4318002,Despesas Empenhadas,"3.2.91.00.00 - Aplicação direta decorrente de operação entre Órgãos, fundos e entidades integrantes dos OFSS",2021,Prefeitura Municipal de São Borja - RS,60019,Padrão,RS,2271542.66
DCA-Anexo I-D,2021,DESPESA,DCA-Anexo I-D,DI3.2.91.00.00.00,4318002,Despesas Liquidadas,"3.2.91.00.00 - Aplicação direta decorrente de operação entre Órgãos, fundos e entidades integrantes dos OFSS",2021,Prefeitura Municipal de São Borja - RS,60019,Padrão,RS,2271542.66
DCA-Anexo I-D,2021,DESPESA,DCA-Anexo I-D,DI3.2.91.00.00.00,4318002,Despesas Pagas,"3.2.91.00.00 - Aplicação direta decorrente de operação entre Órgãos, fundos e entidades integrantes dos OFSS",2021,Prefeitura Municipal de São Borja - RS,60019,Padrão,RS,2271542.66
DCA-Anexo I-D,2021,DESPESA,DCA-Anexo I-D,DO3.3.00.00.00.00,4318002,Despesas Empenhadas,3.3.00.00.00 - Outras Despesas Correntes,2021,Prefeitura Municipal de São Borja - RS,60019,Padrão,RS,89863621.57
DCA-Anexo I-D,2021,DESPESA,DCA-Anexo I-D,DO3.3.00.00.00.00,4318002,Despesas Liquidadas,3.3.00.00.00 - Outras Despesas Correntes,2021,Prefeitura Municipal de São Borja - RS,60019,Padrão,RS,84810858.01
DCA-Anexo I-D,2021,DESPESA,DCA-Anexo I-D,DO3.3.00.00.00.00,4318002,Despesas Pagas,3.3.00.00.00 - Outras Despesas Correntes,2021,Prefeitura Municipal de São Borja - RS,60019,Padrão,RS,82993181.17
DCA-Anexo I-D,2021,DESPESA,DCA-Anexo I-D,DO3.3.00.00.00.00,4318002,Inscrição de Restos a Pagar Não Processados,3.3.00.00.00 - Outras Despesas Correntes,2021,Prefeitura Municipal de São Borja - RS,60019,Padrão,RS,5052763.56
DCA-Anexo I-D,2021,DESPESA,DCA-Anexo I-D,DO3.3.00.00.00.00,4318002,Inscrição de Restos a Pagar Processados,3.3.00.00.00 - Outras Despesas Correntes,2021,Prefeitura Municipal de São Borja - RS,60019,Padrão,RS,1817676.84
DCA-Anexo I-D,2021,DESPESA,DCA-Anexo I-D,DO3.3.20.00.00.00,4318002,Despesas Empenhadas,3.3.20.00.00 - Transferências à União,2021,Prefeitura Municipal de São Borja - RS,60019,Padrão,RS,151111.49
DCA-Anexo I-D,2021,DESPESA,DCA-Anexo I-D,DO3.3.20.00.00.00,4318002,Despesas Liquidadas,3.3.20.00.00 - Transferências à União,2021,Prefeitura Municipal de São Borja - RS,60019,Padrão,RS,151111.49
DCA-Anexo I-D,2021,DESPESA,DCA-Anexo I-D,DO3.3.20.00.00.00,4318002,Despesas Pagas,3.3.20.00.00 - Transferências à União,2021,Prefeitura Municipal de São Borja - RS,60019,Padrão,RS,151111.49
DCA-Anexo I-D,2021,DESPESA,DCA-Anexo I-D,DO3.3.30.00.00.00,4318002,Despesas Empenhadas,3.3.30.00.00 - Transferências a Estados e ao Distrito Federal,2021,Prefeitura Municipal de São Borja - RS,60019,Padrão,RS,199980.12
DCA-Anexo I-D,2021,DESPESA,DCA-Anexo I-D,DO3.3.30.00.00.00,4318002,Despesas Liquidadas,3.3.30.00.00 - Transferências a Estados e ao Distrito Federal,2021,Prefeitura Municipal de São Borja - RS,60019,Padrão,RS,193108.62
DCA-Anexo I-D,2021,DESPESA,DCA-Anexo I-D,DO3.3.30.00.00.00,4318002,Despesas Pagas,3.3.30.00.00 - Transferências a Estados e ao Distrito Federal,2021,Prefeitura Municipal de São Borja - RS,60019,Padrão,RS,193108.62
DCA-Anexo I-D,2021,DESPESA,DCA-Anexo I-D,DO3.3.30.41.00.00,4318002,Despesas Empenhadas,3.3.30.41.00 - Contribuições,2021,Prefeitura Municipal de São Borja - RS,60019,Padrão,RS,199980.12
DCA-Anexo I-D,2021,DESPESA,DCA-Anexo I-D,DO3.3.30.41.00.00,4318002,Despesas Liquidadas,3.3.30.41.00 - Contribuições,2021,Prefeitura Municipal de São Borja - RS,60019,Padrão,RS,193108.62
DCA-Anexo I-D,2021,DESPESA,DCA-Anexo I-D,DO3.3.30.41.00.00,4318002,Despesas Pagas,3.3.30.41.00 - Contribuições,2021,Prefeitura Municipal de São Borja - RS,60019,Padrão,RS,193108.62
DCA-Anexo I-D,2021,DESPESA,DCA-Anexo I-D,DO3.3.50.00.00.00,4318002,Despesas Empenhadas,3.3.50.00.00 - Transferências a Instituições Privadas sem Fins Lucrativos,2021,Prefeitura Municipal de São Borja - RS,60019,Padrão,RS,1202998.2
DCA-Anexo I-D,2021,DESPESA,DCA-Anexo I-D,DO3.3.50.00.00.00,4318002,Despesas Liquidadas,3.3.50.00.00 - Transferências a Instituições Privadas sem Fins Lucrativos,2021,Prefeitura Municipal de São Borja - RS,60019,Padrão,RS,1182998.2
DCA-Anexo I-D,2021,DESPESA,DCA-Anexo I-D,DO3.3.50.00.00.00,4318002,Despesas Pagas,3.3.50.00.00 - Transferências a Instituições Privadas sem Fins Lucrativos,2021,Prefeitura Municipal de São Borja - RS,60019,Padrão,RS,1182998.2
DCA-Anexo I-D,2021,DESPESA,DCA-Anexo I-D,DO3.3.90.00.00.00,4318002,Despesas Empenhadas,3.3.90.00.00 - Aplicações Diretas,2021,Prefeitura Municipal de São Borja - RS,60019,Padrão,RS,88309531.76
DCA-Anexo I-D,2021,DESPESA,DCA-Anexo I-D,DO3.3.90.00.00.00,4318002,Despesas Liquidadas,3.3.90.00.00 - Aplicações Diretas,2021,Prefeitura Municipal de São Borja - RS,60019,Padrão,RS,83283639.7
DCA-Anexo I-D,2021,DESPESA,DCA-Anexo I-D,DO3.3.90.00.00.00,4318002,Despesas Pagas,3.3.90.00.00 - Aplicações Diretas,2021,Prefeitura Municipal de São Borja - RS,60019,Padrão,RS,81465962.86
DCA-Anexo I-D,2021,DESPESA,DCA-Anexo I-D,DO3.3.90.08.00.00,4318002,Despesas Empenhadas,3.3.90.08.00 - Outros Benefícios Assistenciais do servidor e do militar,2021,Prefeitura Municipal de São Borja - RS,60019,Padrão,RS,5793655.31
DCA-Anexo I-D,2021,DESPESA,DCA-Anexo I-D,DO3.3.90.08.00.00,4318002,Despesas Liquidadas,3.3.90.08.00 - Outros Benefícios Assistenciais do servidor e do militar,2021,Prefeitura Municipal de São Borja - RS,60019,Padrão,RS,5782509.55
DCA-Anexo I-D,2021,DESPESA,DCA-Anexo I-D,DO3.3.90.08.00.00,4318002,Despesas Pagas,3.3.90.08.00 - Outros Benefícios Assistenciais do servidor e do militar,2021,Prefeitura Municipal de São Borja - RS,60019,Padrão,RS,5395317.82
DCA-Anexo I-D,2021,DESPESA,DCA-Anexo I-D,DO3.3.90.14.00.00,4318002,Despesas Empenhadas,3.3.90.14.00 - Diárias - Civil,2021,Prefeitura Municipal de São Borja - RS,60019,Padrão,RS,1215018.2
DCA-Anexo I-D,2021,DESPESA,DCA-Anexo I-D,DO3.3.90.14.00.00,4318002,Despesas Liquidadas,3.3.90.14.00 - Diárias - Civil,2021,Prefeitura Municipal de São Borja - RS,60019,Padrão,RS,1215018.2
DCA-Anexo I-D,2021,DESPESA,DCA-Anexo I-D,DO3.3.90.14.00.00,4318002,Despesas Pagas,3.3.90.14.00 - Diárias - Civil,2021,Prefeitura Municipal de São Borja - RS,60019,Padrão,RS,1211925.53
DCA-Anexo I-D,2021,DESPESA,DCA-Anexo I-D,DO3.3.90.30.00.00,4318002,Despesas Empenhadas,3.3.90.30.00 - Material de Consumo,2021,Prefeitura Municipal de São Borja - RS,60019,Padrão,RS,9055486.48
DCA-Anexo I-D,2021,DESPESA,DCA-Anexo I-D,DO3.3.90.30.00.00,4318002,Despesas Liquidadas,3.3.90.30.00 - Material de Consumo,2021,Prefeitura Municipal de São Borja - RS,60019,Padrão,RS,8243627.29
DCA-Anexo I-D,2021,DESPESA,DCA-Anexo I-D,DO3.3.90.30.00.00,4318002,Despesas Pagas,3.3.90.30.00 - Material de Consumo,2021,Prefeitura Municipal de São Borja - RS,60019,Padrão,RS,7964784.47
DCA-Anexo I-D,2021,DESPESA,DCA-Anexo I-D,DO3.3.90.31.00.00,4318002,Despesas Empenhadas,"3.3.90.31.00 - Premiações Culturais, Artísticas, Científicas, Desportivas e Outras",2021,Prefeitura Municipal de São Borja - RS,60019,Padrão,RS,100138.78
DCA-Anexo I-D,2021,DESPESA,DCA-Anexo I-D,DO3.3.90.31.00.00,4318002,Despesas Liquidadas,"3.3.90.31.00 - Premiações Culturais, Artísticas, Científicas, Desportivas e Outras",2021,Prefeitura Municipal de São Borja - RS,60019,Padrão,RS,100138.78
DCA-Anexo I-D,2021,DESPESA,DCA-Anexo I-D,DO3.3.90.31.00.00,4318002,Despesas Pagas,"3.3.90.31.00 - Premiações Culturais, Artísticas, Científicas, Desportivas e Outras",2021,Prefeitura Municipal de São Borja - RS,60019,Padrão,RS,100138.78
DCA-Anexo I-D,2021,DESPESA,DCA-Anexo I-D,DO3.3.90.32.00.00,4318002,Despesas Empenhadas,"3.3.90.32.00 - Material, Bem ou Serviço para Distribuição Gratuita",2021,Prefeitura Municipal de São Borja - RS,60019,Padrão,RS,5618036.48
DCA-Anexo I-D,2021,DESPESA,DCA-Anexo I-D,DO3.3.90.32.00.00,4318002,Despesas Liquidadas,"3.3.90.32.00 - Material, Bem ou Serviço para Distribuição Gratuita",2021,Prefeitura Municipal de São Borja - RS,60019,Padrão,RS,5291575
DCA-Anexo I-D,2021,DESPESA,DCA-Anexo I-D,DO3.3.90.32.00.00,4318002,Despesas Pagas,"3.3.90.32.00 - Material, Bem ou Serviço para Distribuição Gratuita",2021,Prefeitura Municipal de São Borja - RS,60019,Padrão,RS,5135905.53
DCA-Anexo I-D,2021,DESPESA,DCA-Anexo I-D,DO3.3.90.33.00.00,4318002,Despesas Empenhadas,3.3.90.33.00 - Passagens e Despesas com Locomoção,2021,Prefeitura Municipal de São Borja - RS,60019,Padrão,RS,82196.32
DCA-Anexo I-D,2021,DESPESA,DCA-Anexo I-D,DO3.3.90.33.00.00,4318002,Despesas Liquidadas,3.3.90.33.00 - Passagens e Despesas com Locomoção,2021,Prefeitura Municipal de São Borja - RS,60019,Padrão,RS,82196.32
DCA-Anexo I-D,2021,DESPESA,DCA-Anexo I-D,DO3.3.90.33.00.00,4318002,Despesas Pagas,3.3.90.33.00 - Passagens e Despesas com Locomoção,2021,Prefeitura Municipal de São Borja - RS,60019,Padrão,RS,81600.61
DCA-Anexo I-D,2021,DESPESA,DCA-Anexo I-D,DO3.3.90.33.00.00,4318002,Inscrição de Restos a Pagar Processados,3.3.90.33.00 - Passagens e Despesas com Locomoção,2021,Prefeitura Municipal de São Borja - RS,60019,Padrão,RS,595.71
DCA-Anexo I-D,2021,DESPESA,DCA-Anexo I-D,DO3.3.90.35.00.00,4318002,Despesas Empenhadas,3.3.90.35.00 - Serviços de Consultoria,2021,Prefeitura Municipal de São Borja - RS,60019,Padrão,RS,42509.78
DCA-Anexo I-D,2021,DESPESA,DCA-Anexo I-D,DO3.3.90.35.00.00,4318002,Despesas Liquidadas,3.3.90.35.00 - Serviços de Consultoria,2021,Prefeitura Municipal de São Borja - RS,60019,Padrão,RS,42509.78
DCA-Anexo I-D,2021,DESPESA,DCA-Anexo I-D,DO3.3.90.35.00.00,4318002,Despesas Pagas,3.3.90.35.00 - Serviços de Consultoria,2021,Prefeitura Municipal de São Borja - RS,60019,Padrão,RS,42509.78
DCA-Anexo I-D,2021,DESPESA,DCA-Anexo I-D,DO3.3.90.36.00.00,4318002,Despesas Empenhadas,3.3.90.36.00 - Outros Serviços de Terceiros - Pessoa Física,2021,Prefeitura Municipal de São Borja - RS,60019,Padrão,RS,1318037.11
DCA-Anexo I-D,2021,DESPESA,DCA-Anexo I-D,DO3.3.90.36.00.00,4318002,Despesas Liquidadas,3.3.90.36.00 - Outros Serviços de Terceiros - Pessoa Física,2021,Prefeitura Municipal de São Borja - RS,60019,Padrão,RS,1200576.89
DCA-Anexo I-D,2021,DESPESA,DCA-Anexo I-D,DO3.3.90.36.00.00,4318002,Despesas Pagas,3.3.90.36.00 - Outros Serviços de Terceiros - Pessoa Física,2021,Prefeitura Municipal de São Borja - RS,60019,Padrão,RS,1199813.96
DCA-Anexo I-D,2021,DESPESA,DCA-Anexo I-D,DO3.3.90.39.00.00,4318002,Despesas Empenhadas,3.3.90.39.00 - Outros Serviços de Terceiros - Pessoa Jurídica,2021,Prefeitura Municipal de São Borja - RS,60019,Padrão,RS,49929928.87
DCA-Anexo I-D,2021,DESPESA,DCA-Anexo I-D,DO3.3.90.39.00.00,4318002,Despesas Liquidadas,3.3.90.39.00 - Outros Serviços de Terceiros - Pessoa Jurídica,2021,Prefeitura Municipal de São Borja - RS,60019,Padrão,RS,46464429.9
DCA-Anexo I-D,2021,DESPESA,DCA-Anexo I-D,DO3.3.90.39.00.00,4318002,Despesas Pagas,3.3.90.39.00 - Outros Serviços de Terceiros - Pessoa Jurídica,2021,Prefeitura Municipal de São Borja - RS,60019,Padrão,RS,45646238.49
DCA-Anexo I-D,2021,DESPESA,DCA-Anexo I-D,DO3.3.90.40.00.00,4318002,Despesas Empenhadas,3.3.90.40.00 - Serviços de Tecnologia da Informação e Comunicação (TIC) - Pessoa Jurídica,2021,Prefeitura Municipal de São Borja - RS,60019,Padrão,RS,1249464.47
DCA-Anexo I-D,2021,DESPESA,DCA-Anexo I-D,DO3.3.90.40.00.00,4318002,Despesas Liquidadas,3.3.90.40.00 - Serviços de Tecnologia da Informação e Comunicação (TIC) - Pessoa Jurídica,2021,Prefeitura Municipal de São Borja - RS,60019,Padrão,RS,960941.6
DCA-Anexo I-D,2021,DESPESA,DCA-Anexo I-D,DO3.3.90.40.00.00,4318002,Despesas Pagas,3.3.90.40.00 - Serviços de Tecnologia da Informação e Comunicação (TIC) - Pessoa Jurídica,2021,Prefeitura Municipal de São Borja - RS,60019,Padrão,RS,952535.31
DCA-Anexo I-D,2021,DESPESA,DCA-Anexo I-D,DO3.3.90.46.00.00,4318002,Despesas Empenhadas,3.3.90.46.00 - Auxílio-Alimentação,2021,Prefeitura Municipal de São Borja - RS,60019,Padrão,RS,8810722.76
DCA-Anexo I-D,2021,DESPESA,DCA-Anexo I-D,DO3.3.90.46.00.00,4318002,Despesas Liquidadas,3.3.90.46.00 - Auxílio-Alimentação,2021,Prefeitura Municipal de São Borja - RS,60019,Padrão,RS,8810722.76
DCA-Anexo I-D,2021,DESPESA,DCA-Anexo I-D,DO3.3.90.46.00.00,4318002,Despesas Pagas,3.3.90.46.00 - Auxílio-Alimentação,2021,Prefeitura Municipal de São Borja - RS,60019,Padrão,RS,8807775.98
DCA-Anexo I-D,2021,DESPESA,DCA-Anexo I-D,DO3.3.90.47.00.00,4318002,Despesas Empenhadas,3.3.90.47.00 - Obrigações Tributárias e Contributivas,2021,Prefeitura Municipal de São Borja - RS,60019,Padrão,RS,2581077.66
DCA-Anexo I-D,2021,DESPESA,DCA-Anexo I-D,DO3.3.90.47.00.00,4318002,Despesas Liquidadas,3.3.90.47.00 - Obrigações Tributárias e Contributivas,2021,Prefeitura Municipal de São Borja - RS,60019,Padrão,RS,2581077.66
DCA-Anexo I-D,2021,DESPESA,DCA-Anexo I-D,DO3.3.90.47.00.00,4318002,Despesas Pagas,3.3.90.47.00 - Obrigações Tributárias e Contributivas,2021,Prefeitura Municipal de São Borja - RS,60019,Padrão,RS,2420509.81
DCA-Anexo I-D,2021,DESPESA,DCA-Anexo I-D,DO3.3.90.49.00.00,4318002,Despesas Empenhadas,3.3.90.49.00 - Auxílio-Transporte,2021,Prefeitura Municipal de São Borja - RS,60019,Padrão,RS,29687.05
DCA-Anexo I-D,2021,DESPESA,DCA-Anexo I-D,DO3.3.90.49.00.00,4318002,Despesas Liquidadas,3.3.90.49.00 - Auxílio-Transporte,2021,Prefeitura Municipal de São Borja - RS,60019,Padrão,RS,29687.05
DCA-Anexo I-D,2021,DESPESA,DCA-Anexo I-D,DO3.3.90.49.00.00,4318002,Despesas Pagas,3.3.90.49.00 - Auxílio-Transporte,2021,Prefeitura Municipal de São Borja - RS,60019,Padrão,RS,29687.05
DCA-Anexo I-D,2021,DESPESA,DCA-Anexo I-D,DO3.3.90.91.00.00,4318002,Despesas Empenhadas,3.3.90.91.00 - Sentenças Judiciais,2021,Prefeitura Municipal de São Borja - RS,60019,Padrão,RS,2387322.63
DCA-Anexo I-D,2021,DESPESA,DCA-Anexo I-D,DO3.3.90.91.00.00,4318002,Despesas Liquidadas,3.3.90.91.00 - Sentenças Judiciais,2021,Prefeitura Municipal de São Borja - RS,60019,Padrão,RS,2387322.63
DCA-Anexo I-D,2021,DESPESA,DCA-Anexo I-D,DO3.3.90.91.00.00,4318002,Despesas Pagas,3.3.90.91.00 - Sentenças Judiciais,2021,Prefeitura Municipal de São Borja - RS,60019,Padrão,RS,2386113.45
DCA-Anexo I-D,2021,DESPESA,DCA-Anexo I-D,DO3.3.90.92.00.00,4318002,Despesas Empenhadas,3.3.90.92.00 - Despesas de Exercícios Anteriores,2021,Prefeitura Municipal de São Borja - RS,60019,Padrão,RS,19516.18
DCA-Anexo I-D,2021,DESPESA,DCA-Anexo I-D,DO3.3.90.92.00.00,4318002,Despesas Liquidadas,3.3.90.92.00 - Despesas de Exercícios Anteriores,2021,Prefeitura Municipal de São Borja - RS,60019,Padrão,RS,19516.18
DCA-Anexo I-D,2021,DESPESA,DCA-Anexo I-D,DO3.3.90.92.00.00,4318002,Despesas Pagas,3.3.90.92.00 - Despesas de Exercícios Anteriores,2021,Prefeitura Municipal de São Borja - RS,60019,Padrão,RS,19516.18
DCA-Anexo I-D,2021,DESPESA,DCA-Anexo I-D,DO3.3.90.93.00.00,4318002,Despesas Empenhadas,3.3.90.93.00 - Indenizações e Restituições,2021,Prefeitura Municipal de São Borja - RS,60019,Padrão,RS,76733.68
DCA-Anexo I-D,2021,DESPESA,DCA-Anexo I-D,DO3.3.90.93.00.00,4318002,Despesas Liquidadas,3.3.90.93.00 - Indenizações e Restituições,2021,Prefeitura Municipal de São Borja - RS,60019,Padrão,RS,71790.11
DCA-Anexo I-D,2021,DESPESA,DCA-Anexo I-D,DO3.3.90.93.00.00,4318002,Despesas Pagas,3.3.90.93.00 - Indenizações e Restituições,2021,Prefeitura Municipal de São Borja - RS,60019,Padrão,RS,71590.11
DCA-Anexo I-D,2021,DESPESA,DCA-Anexo I-D,DO4.0.00.00.00.00,4318002,Despesas Empenhadas,4.0.00.00.00 - Despesas de Capital,2021,Prefeitura Municipal de São Borja - RS,60019,Padrão,RS,17811039.67
DCA-Anexo I-D,2021,DESPESA,DCA-Anexo I-D,DO4.0.00.00.00.00,4318002,Despesas Liquidadas,4.0.00.00.00 - Despesas de Capital,2021,Prefeitura Municipal de São Borja - RS,60019,Padrão,RS,13650994.76
DCA-Anexo I-D,2021,DESPESA,DCA-Anexo I-D,DO4.0.00.00.00.00,4318002,Despesas Pagas,4.0.00.00.00 - Despesas de Capital,2021,Prefeitura Municipal de São Borja - RS,60019,Padrão,RS,12932038.59
DCA-Anexo I-D,2021,DESPESA,DCA-Anexo I-D,DO4.0.00.00.00.00,4318002,Inscrição de Restos a Pagar Não Processados,4.0.00.00.00 - Despesas de Capital,2021,Prefeitura Municipal de São Borja - RS,60019,Padrão,RS,4160044.91
DCA-Anexo I-D,2021,DESPESA,DCA-Anexo I-D,DO4.0.00.00.00.00,4318002,Inscrição de Restos a Pagar Processados,4.0.00.00.00 - Despesas de Capital,2021,Prefeitura Municipal de São Borja - RS,60019,Padrão,RS,718956.17
DCA-Anexo I-D,2021,DESPESA|INVESTIMENT,DCA-Anexo I-D,DO4.4.00.00.00.00,4318002,Despesas Empenhadas,4.4.00.00.00 - Investimentos,2021,Prefeitura Municipal de São Borja - RS,60019,Padrão,RS,7521471.76
DCA-Anexo I-D,2021,DESPESA|INVESTIMENT,DCA-Anexo I-D,DO4.4.00.00.00.00,4318002,Despesas Liquidadas,4.4.00.00.00 - Investimentos,2021,Prefeitura Municipal de São Borja - RS,60019,Padrão,RS,3361426.85
DCA-Anexo I-D,2021,DESPESA|INVESTIMENT,DCA-Anexo I-D,DO4.4.00.00.00.00,4318002,Despesas Pagas,4.4.00.00.00 - Investimentos,2021,Prefeitura Municipal de São Borja - RS,60019,Padrão,RS,2642470.68
DCA-Anexo I-D,2021,INVESTIMENT,DCA-Anexo I-D,DO4.4.00.00.00.00,4318002,Inscrição de Restos a Pagar Não Processados,4.4.00.00.00 - Investimentos,2021,Prefeitura Municipal de São Borja - RS,60019,Padrão,RS,4160044.91
DCA-Anexo I-D,2021,INVESTIMENT,DCA-Anexo I-D,DO4.4.00.00.00.00,4318002,Inscrição de Restos a Pagar Processados,4.4.00.00.00 - Investimentos,2021,Prefeitura Municipal de São Borja - RS,60019,Padrão,RS,718956.17
DCA-Anexo I-D,2021,DESPESA,DCA-Anexo I-D,DO4.4.20.00.00.00,4318002,Despesas Empenhadas,4.4.20.00.00 - Transferências à União,2021,Prefeitura Municipal de São Borja - RS,60019,Padrão,RS,12732.34
DCA-Anexo I-D,2021,DESPESA,DCA-Anexo I-D,DO4.4.20.00.00.00,4318002,Despesas Liquidadas,4.4.20.00.00 - Transferências à União,2021,Prefeitura Municipal de São Borja - RS,60019,Padrão,RS,12732.34
DCA-Anexo I-D,2021,DESPESA,DCA-Anexo I-D,DO4.4.20.00.00.00,4318002,Despesas Pagas,4.4.20.00.00 - Transferências à União,2021,Prefeitura Municipal de São Borja - RS,60019,Padrão,RS,12732.34
DCA-Anexo I-D,2021,DESPESA,DCA-Anexo I-D,DO4.4.50.00.00.00,4318002,Despesas Empenhadas,4.4.50.00.00 - Transferências a Instituições Privadas sem Fins Lucrativos,2021,Prefeitura Municipal de São Borja - RS,60019,Padrão,RS,630617.04
DCA-Anexo I-D,2021,DESPESA,DCA-Anexo I-D,DO4.4.50.00.00.00,4318002,Despesas Liquidadas,4.4.50.00.00 - Transferências a Instituições Privadas sem Fins Lucrativos,2021,Prefeitura Municipal de São Borja - RS,60019,Padrão,RS,630617.04
DCA-Anexo I-D,2021,DESPESA,DCA-Anexo I-D,DO4.4.50.00.00.00,4318002,Despesas Pagas,4.4.50.00.00 - Transferências a Instituições Privadas sem Fins Lucrativos,2021,Prefeitura Municipal de São Borja - RS,60019,Padrão,RS,630617.04
DCA-Anexo I-D,2021,DESPESA,DCA-Anexo I-D,DO4.4.90.00.00.00,4318002,Despesas Empenhadas,4.4.90.00.00 - Aplicações Diretas,2021,Prefeitura Municipal de São Borja - RS,60019,Padrão,RS,6878122.38
DCA-Anexo I-D,2021,DESPESA,DCA-Anexo I-D,DO4.4.90.00.00.00,4318002,Despesas Liquidadas,4.4.90.00.00 - Aplicações Diretas,2021,Prefeitura Municipal de São Borja - RS,60019,Padrão,RS,2718077.47
DCA-Anexo I-D,2021,DESPESA,DCA-Anexo I-D,DO4.4.90.00.00.00,4318002,Despesas Pagas,4.4.90.00.00 - Aplicações Diretas,2021,Prefeitura Municipal de São Borja - RS,60019,Padrão,RS,1999121.3
DCA-Anexo I-D,2021,DESPESA,DCA-Anexo I-D,DO4.4.90.40.00.00,4318002,Despesas Empenhadas,4.4.90.40.00 - Serviços de Tecnologia da Informação e Comunicação (TIC) - Pessoa Jurídica,2021,Prefeitura Municipal de São Borja - RS,60019,Padrão,RS,1990
DCA-Anexo I-D,2021,DESPESA,DCA-Anexo I-D,DO4.4.90.40.00.00,4318002,Despesas Liquidadas,4.4.90.40.00 - Serviços de Tecnologia da Informação e Comunicação (TIC) - Pessoa Jurídica,2021,Prefeitura Municipal de São Borja - RS,60019,Padrão,RS,1990
DCA-Anexo I-D,2021,DESPESA,DCA-Anexo I-D,DO4.4.90.40.00.00,4318002,Despesas Pagas,4.4.90.40.00 - Serviços de Tecnologia da Informação e Comunicação (TIC) - Pessoa Jurídica,2021,Prefeitura Municipal de São Borja - RS,60019,Padrão,RS,1990
DCA-Anexo I-D,2021,DESPESA,DCA-Anexo I-D,DO4.4.90.51.00.00,4318002,Despesas Empenhadas,4.4.90.51.00 - Obras e Instalações,2021,Prefeitura Municipal de São Borja - RS,60019,Padrão,RS,3290066.05
DCA-Anexo I-D,2021,DESPESA,DCA-Anexo I-D,DO4.4.90.51.00.00,4318002,Despesas Liquidadas,4.4.90.51.00 - Obras e Instalações,2021,Prefeitura Municipal de São Borja - RS,60019,Padrão,RS,1138908.02
DCA-Anexo I-D,2021,DESPESA,DCA-Anexo I-D,DO4.4.90.51.00.00,4318002,Despesas Pagas,4.4.90.51.00 - Obras e Instalações,2021,Prefeitura Municipal de São Borja - RS,60019,Padrão,RS,573826.65
DCA-Anexo I-D,2021,DESPESA,DCA-Anexo I-D,DO4.4.90.51.91.00,4318002,Despesas Empenhadas,4.4.90.51.91 - Obras em Andamento,2021,Prefeitura Municipal de São Borja - RS,60019,Padrão,RS,3230203.98
DCA-Anexo I-D,2021,DESPESA,DCA-Anexo I-D,DO4.4.90.51.91.00,4318002,Despesas Liquidadas,4.4.90.51.91 - Obras em Andamento,2021,Prefeitura Municipal de São Borja - RS,60019,Padrão,RS,1079045.95
DCA-Anexo I-D,2021,DESPESA,DCA-Anexo I-D,DO4.4.90.51.91.00,4318002,Despesas Pagas,4.4.90.51.91 - Obras em Andamento,2021,Prefeitura Municipal de São Borja - RS,60019,Padrão,RS,513964.58
DCA-Anexo I-D,2021,DESPESA,DCA-Anexo I-D,DO4.4.90.51.99.00,4318002,Despesas Empenhadas,4.4.90.51.99 - Demais Obras e Instalações,2021,Prefeitura Municipal de São Borja - RS,60019,Padrão,RS,59862.07
DCA-Anexo I-D,2021,DESPESA,DCA-Anexo I-D,DO4.4.90.51.99.00,4318002,Despesas Liquidadas,4.4.90.51.99 - Demais Obras e Instalações,2021,Prefeitura Municipal de São Borja - RS,60019,Padrão,RS,59862.07
DCA-Anexo I-D,2021,DESPESA,DCA-Anexo I-D,DO4.4.90.51.99.00,4318002,Despesas Pagas,4.4.90.51.99 - Demais Obras e Instalações,2021,Prefeitura Municipal de São Borja - RS,60019,Padrão,RS,59862.07
DCA-Anexo I-D,2021,DESPESA,DCA-Anexo I-D,DO4.4.90.52.00.00,4318002,Despesas Empenhadas,4.4.90.52.00 - Equipamentos e Material Permanente,2021,Prefeitura Municipal de São Borja - RS,60019,Padrão,RS,3092847.59
DCA-Anexo I-D,2021,DESPESA,DCA-Anexo I-D,DO4.4.90.52.00.00,4318002,Despesas Liquidadas,4.4.90.52.00 - Equipamentos e Material Permanente,2021,Prefeitura Municipal de São Borja - RS,60019,Padrão,RS,1083960.71
DCA-Anexo I-D,2021,DESPESA,DCA-Anexo I-D,DO4.4.90.52.00.00,4318002,Despesas Pagas,4.4.90.52.00 - Equipamentos e Material Permanente,2021,Prefeitura Municipal de São Borja - RS,60019,Padrão,RS,989266.25
DCA-Anexo I-D,2021,DESPESA,DCA-Anexo I-D,DO4.4.90.61.00.00,4318002,Despesas Empenhadas,4.4.90.61.00 - Aquisição de Imóveis,2021,Prefeitura Municipal de São Borja - RS,60019,Padrão,RS,493218.74
DCA-Anexo I-D,2021,DESPESA,DCA-Anexo I-D,DO4.4.90.61.00.00,4318002,Despesas Liquidadas,4.4.90.61.00 - Aquisição de Imóveis,2021,Prefeitura Municipal de São Borja - RS,60019,Padrão,RS,493218.74
DCA-Anexo I-D,2021,DESPESA,DCA-Anexo I-D,DO4.4.90.61.00.00,4318002,Despesas Pagas,4.4.90.61.00 - Aquisição de Imóveis,2021,Prefeitura Municipal de São Borja - RS,60019,Padrão,RS,434038.4
DCA-Anexo I-D,2021,DESPESA|DIVIDA,DCA-Anexo I-D,DO4.6.00.00.00.00,4318002,Despesas Empenhadas,4.6.00.00.00 - Amortização da Dívida,2021,Prefeitura Municipal de São Borja - RS,60019,Padrão,RS,10289567.91
DCA-Anexo I-D,2021,DESPESA|DIVIDA,DCA-Anexo I-D,DO4.6.00.00.00.00,4318002,Despesas Liquidadas,4.6.00.00.00 - Amortização da Dívida,2021,Prefeitura Municipal de São Borja - RS,60019,Padrão,RS,10289567.91
DCA-Anexo I-D,2021,DESPESA|DIVIDA,DCA-Anexo I-D,DO4.6.00.00.00.00,4318002,Despesas Pagas,4.6.00.00.00 - Amortização da Dívida,2021,Prefeitura Municipal de São Borja - RS,60019,Padrão,RS,10289567.91
DCA-Anexo I-D,2021,DESPESA,DCA-Anexo I-D,DO4.6.90.00.00.00,4318002,Despesas Empenhadas,4.6.90.00.00 - Aplicações Diretas,2021,Prefeitura Municipal de São Borja - RS,60019,Padrão,RS,2108345.56
DCA-Anexo I-D,2021,DESPESA,DCA-Anexo I-D,DO4.6.90.00.00.00,4318002,Despesas Liquidadas,4.6.90.00.00 - Aplicações Diretas,2021,Prefeitura Municipal de São Borja - RS,60019,Padrão,RS,2108345.56
DCA-Anexo I-D,2021,DESPESA,DCA-Anexo I-D,DO4.6.90.00.00.00,4318002,Despesas Pagas,4.6.90.00.00 - Aplicações Diretas,2021,Prefeitura Municipal de São Borja - RS,60019,Padrão,RS,2108345.56
DCA-Anexo I-D,2021,DESPESA|DIVIDA,DCA-Anexo I-D,DO4.6.90.71.00.00,4318002,Despesas Empenhadas,4.6.90.71.00 - Principal da Dívida Contratual Resgatado,2021,Prefeitura Municipal de São Borja - RS,60019,Padrão,RS,2108345.56
DCA-Anexo I-D,2021,DESPESA|DIVIDA,DCA-Anexo I-D,DO4.6.90.71.00.00,4318002,Despesas Liquidadas,4.6.90.71.00 - Principal da Dívida Contratual Resgatado,2021,Prefeitura Municipal de São Borja - RS,60019,Padrão,RS,2108345.56
DCA-Anexo I-D,2021,DESPESA|DIVIDA,DCA-Anexo I-D,DO4.6.90.71.00.00,4318002,Despesas Pagas,4.6.90.71.00 - Principal da Dívida Contratual Resgatado,2021,Prefeitura Municipal de São Borja - RS,60019,Padrão,RS,2108345.56
DCA-Anexo I-D,2021,DESPESA,DCA-Anexo I-D,DI4.6.91.00.00.00,4318002,Despesas Empenhadas,"4.6.91.00.00 - Aplicação direta decorrente de operação entre órgãos, fundos e entidades integrantes dos OFSS",2021,Prefeitura Municipal de São Borja - RS,60019,Padrão,RS,8181222.35
DCA-Anexo I-D,2021,DESPESA,DCA-Anexo I-D,DI4.6.91.00.00.00,4318002,Despesas Liquidadas,"4.6.91.00.00 - Aplicação direta decorrente de operação entre órgãos, fundos e entidades integrantes dos OFSS",2021,Prefeitura Municipal de São Borja - RS,60019,Padrão,RS,8181222.35
DCA-Anexo I-D,2021,DESPESA,DCA-Anexo I-D,DI4.6.91.00.00.00,4318002,Despesas Pagas,"4.6.91.00.00 - Aplicação direta decorrente de operação entre órgãos, fundos e entidades integrantes dos OFSS",2021,Prefeitura Municipal de São Borja - RS,60019,Padrão,RS,8181222.35
DCA-Anexo I-E,2021,DESPESA,DCA-Anexo I-E,TotalDespesas,4318002,Despesas Empenhadas,Despesas Exceto Intraorçamentárias,2021,Prefeitura Municipal de São Borja - RS,60019,Total Geral da Despesa por Função,RS,213035409.31
DCA-Anexo I-E,2021,DESPESA,DCA-Anexo I-E,TotalDespesas,4318002,Despesas Empenhadas,01 - Legislativa,2021,Prefeitura Municipal de São Borja - RS,60019,Total Geral da Despesa por Função,RS,6425586.13
DCA-Anexo I-E,2021,DESPESA,DCA-Anexo I-E,TotalDespesas,4318002,Despesas Empenhadas,01.031 - Ação Legislativa,2021,Prefeitura Municipal de São Borja - RS,60019,Total Geral da Despesa por Função,RS,6425586.13
DCA-Anexo I-E,2021,DESPESA,DCA-Anexo I-E,TotalDespesas,4318002,Despesas Empenhadas,04 - Administração,2021,Prefeitura Municipal de São Borja - RS,60019,Total Geral da Despesa por Função,RS,24737005.23
DCA-Anexo I-E,2021,DESPESA,DCA-Anexo I-E,TotalDespesas,4318002,Despesas Empenhadas,04.122 - Administração Geral,2021,Prefeitura Municipal de São Borja - RS,60019,Total Geral da Despesa por Função,RS,24065530
DCA-Anexo I-E,2021,DESPESA,DCA-Anexo I-E,TotalDespesas,4318002,Despesas Empenhadas,04.124 - Controle Interno,2021,Prefeitura Municipal de São Borja - RS,60019,Total Geral da Despesa por Função,RS,259532.71
DCA-Anexo I-E,2021,DESPESA,DCA-Anexo I-E,TotalDespesas,4318002,Despesas Empenhadas,04.126 - Tecnologia da Informação,2021,Prefeitura Municipal de São Borja - RS,60019,Total Geral da Despesa por Função,RS,297223.92
DCA-Anexo I-E,2021,DESPESA,DCA-Anexo I-E,TotalDespesas,4318002,Despesas Empenhadas,FU04 - Demais Subfunções,2021,Prefeitura Municipal de São Borja - RS,60019,Total Geral da Despesa por Função,RS,114718.6
DCA-Anexo I-E,2021,DESPESA,DCA-Anexo I-E,TotalDespesas,4318002,Despesas Empenhadas,06 - Segurança Pública,2021,Prefeitura Municipal de São Borja - RS,60019,Total Geral da Despesa por Função,RS,342239.49
DCA-Anexo I-E,2021,DESPESA,DCA-Anexo I-E,TotalDespesas,4318002,Despesas Empenhadas,06.181 - Policiamento,2021,Prefeitura Municipal de São Borja - RS,60019,Total Geral da Despesa por Função,RS,247857.03
DCA-Anexo I-E,2021,DESPESA,DCA-Anexo I-E,TotalDespesas,4318002,Despesas Empenhadas,06.182 - Defesa Civil,2021,Prefeitura Municipal de São Borja - RS,60019,Total Geral da Despesa por Função,RS,94382.46
DCA-Anexo I-E,2021,DESPESA,DCA-Anexo I-E,TotalDespesas,4318002,Despesas Empenhadas,08 - Assistência Social,2021,Prefeitura Municipal de São Borja - RS,60019,Total Geral da Despesa por Função,RS,6214041.42
DCA-Anexo I-E,2021,DESPESA,DCA-Anexo I-E,TotalDespesas,4318002,Despesas Empenhadas,08.241 - Assistência ao Idoso,2021,Prefeitura Municipal de São Borja - RS,60019,Total Geral da Despesa por Função,RS,312570.24
DCA-Anexo I-E,2021,DESPESA,DCA-Anexo I-E,TotalDespesas,4318002,Despesas Empenhadas,08.242 - Assistência ao Portador de Deficiência,2021,Prefeitura Municipal de São Borja - RS,60019,Total Geral da Despesa por Função,RS,100000
DCA-Anexo I-E,2021,DESPESA,DCA-Anexo I-E,TotalDespesas,4318002,Despesas Empenhadas,08.243 - Assistência à Criança e ao Adolescente,2021,Prefeitura Municipal de São Borja - RS,60019,Total Geral da Despesa por Função,RS,2373343.01
DCA-Anexo I-E,2021,DESPESA,DCA-Anexo I-E,TotalDespesas,4318002,Despesas Empenhadas,08.244 - Assistência Comunitária,2021,Prefeitura Municipal de São Borja - RS,60019,Total Geral da Despesa por Função,RS,2808299.28
DCA-Anexo I-E,2021,DESPESA,DCA-Anexo I-E,TotalDespesas,4318002,Despesas Empenhadas,08.122 - Administração Geral,2021,Prefeitura Municipal de São Borja - RS,60019,Total Geral da Despesa por Função,RS,619828.89
DCA-Anexo I-E,2021,DESPESA|PREVID,DCA-Anexo I-E,TotalDespesas,4318002,Despesas Empenhadas,09 - Previdência Social,2021,Prefeitura Municipal de São Borja - RS,60019,Total Geral da Despesa por Função,RS,25717835.39
DCA-Anexo I-E,2021,DESPESA|PREVID,DCA-Anexo I-E,TotalDespesas,4318002,Despesas Empenhadas,09.272 - Previdência do Regime Estatutário,2021,Prefeitura Municipal de São Borja - RS,60019,Total Geral da Despesa por Função,RS,25561277.53
DCA-Anexo I-E,2021,DESPESA,DCA-Anexo I-E,TotalDespesas,4318002,Despesas Empenhadas,09.122 - Administração Geral,2021,Prefeitura Municipal de São Borja - RS,60019,Total Geral da Despesa por Função,RS,156557.86
DCA-Anexo I-E,2021,DESPESA,DCA-Anexo I-E,TotalDespesas,4318002,Despesas Empenhadas,10 - Saúde,2021,Prefeitura Municipal de São Borja - RS,60019,Total Geral da Despesa por Função,RS,73777637.77
DCA-Anexo I-E,2021,DESPESA,DCA-Anexo I-E,TotalDespesas,4318002,Despesas Empenhadas,10.301 - Atenção Básica,2021,Prefeitura Municipal de São Borja - RS,60019,Total Geral da Despesa por Função,RS,23694043.91
DCA-Anexo I-E,2021,DESPESA,DCA-Anexo I-E,TotalDespesas,4318002,Despesas Empenhadas,10.302 - Assistência Hospitalar e Ambulatorial,2021,Prefeitura Municipal de São Borja - RS,60019,Total Geral da Despesa por Função,RS,38985289.3
DCA-Anexo I-E,2021,DESPESA,DCA-Anexo I-E,TotalDespesas,4318002,Despesas Empenhadas,10.303 - Suporte Profilático e Terapêutico,2021,Prefeitura Municipal de São Borja - RS,60019,Total Geral da Despesa por Função,RS,2694373.53
DCA-Anexo I-E,2021,DESPESA,DCA-Anexo I-E,TotalDespesas,4318002,Despesas Empenhadas,10.304 - Vigilância Sanitária,2021,Prefeitura Municipal de São Borja - RS,60019,Total Geral da Despesa por Função,RS,587836.41
DCA-Anexo I-E,2021,DESPESA,DCA-Anexo I-E,TotalDespesas,4318002,Despesas Empenhadas,10.305 - Vigilância Epidemiológica,2021,Prefeitura Municipal de São Borja - RS,60019,Total Geral da Despesa por Função,RS,5336314.89
DCA-Anexo I-E,2021,DESPESA,DCA-Anexo I-E,TotalDespesas,4318002,Despesas Empenhadas,10.122 - Administração Geral,2021,Prefeitura Municipal de São Borja - RS,60019,Total Geral da Despesa por Função,RS,2479779.73
DCA-Anexo I-E,2021,DESPESA,DCA-Anexo I-E,TotalDespesas,4318002,Despesas Empenhadas,12 - Educação,2021,Prefeitura Municipal de São Borja - RS,60019,Total Geral da Despesa por Função,RS,49993911.14
DCA-Anexo I-E,2021,DESPESA,DCA-Anexo I-E,TotalDespesas,4318002,Despesas Empenhadas,12.361 - Ensino Fundamental,2021,Prefeitura Municipal de São Borja - RS,60019,Total Geral da Despesa por Função,RS,43667483.24
DCA-Anexo I-E,2021,DESPESA,DCA-Anexo I-E,TotalDespesas,4318002,Despesas Empenhadas,12.362 - Ensino Médio,2021,Prefeitura Municipal de São Borja - RS,60019,Total Geral da Despesa por Função,RS,1019377.42
DCA-Anexo I-E,2021,DESPESA,DCA-Anexo I-E,TotalDespesas,4318002,Despesas Empenhadas,12.365 - Educação Infantil,2021,Prefeitura Municipal de São Borja - RS,60019,Total Geral da Despesa por Função,RS,3864491.78
DCA-Anexo I-E,2021,DESPESA,DCA-Anexo I-E,TotalDespesas,4318002,Despesas Empenhadas,12.366 - Educação de Jovens e Adultos,2021,Prefeitura Municipal de São Borja - RS,60019,Total Geral da Despesa por Função,RS,17228.1
DCA-Anexo I-E,2021,DESPESA,DCA-Anexo I-E,TotalDespesas,4318002,Despesas Empenhadas,12.122 - Administração Geral,2021,Prefeitura Municipal de São Borja - RS,60019,Total Geral da Despesa por Função,RS,1425330.6
DCA-Anexo I-E,2021,DESPESA,DCA-Anexo I-E,TotalDespesas,4318002,Despesas Empenhadas,13 - Cultura,2021,Prefeitura Municipal de São Borja - RS,60019,Total Geral da Despesa por Função,RS,202023.26
DCA-Anexo I-E,2021,DESPESA,DCA-Anexo I-E,TotalDespesas,4318002,Despesas Empenhadas,13.392 - Difusão Cultural,2021,Prefeitura Municipal de São Borja - RS,60019,Total Geral da Despesa por Função,RS,202023.26
DCA-Anexo I-E,2021,DESPESA,DCA-Anexo I-E,TotalDespesas,4318002,Despesas Empenhadas,14 - Direitos da Cidadania,2021,Prefeitura Municipal de São Borja - RS,60019,Total Geral da Despesa por Função,RS,1357.13
DCA-Anexo I-E,2021,DESPESA,DCA-Anexo I-E,TotalDespesas,4318002,Despesas Empenhadas,"14.422 - Direitos Individuais, Coletivos e Difusos",2021,Prefeitura Municipal de São Borja - RS,60019,Total Geral da Despesa por Função,RS,1357.13
DCA-Anexo I-E,2021,DESPESA,DCA-Anexo I-E,TotalDespesas,4318002,Despesas Empenhadas,15 - Urbanismo,2021,Prefeitura Municipal de São Borja - RS,60019,Total Geral da Despesa por Função,RS,13138764.3
DCA-Anexo I-E,2021,DESPESA,DCA-Anexo I-E,TotalDespesas,4318002,Despesas Empenhadas,15.451 - Infraestrutura Urbana,2021,Prefeitura Municipal de São Borja - RS,60019,Total Geral da Despesa por Função,RS,4903797.15
DCA-Anexo I-E,2021,DESPESA,DCA-Anexo I-E,TotalDespesas,4318002,Despesas Empenhadas,15.452 - Serviços Urbanos,2021,Prefeitura Municipal de São Borja - RS,60019,Total Geral da Despesa por Função,RS,8234967.15
DCA-Anexo I-E,2021,DESPESA,DCA-Anexo I-E,TotalDespesas,4318002,Despesas Empenhadas,16 - Habitação,2021,Prefeitura Municipal de São Borja - RS,60019,Total Geral da Despesa por Função,RS,1363.15
DCA-Anexo I-E,2021,DESPESA,DCA-Anexo I-E,TotalDespesas,4318002,Despesas Empenhadas,16.482 - Habitação Urbana,2021,Prefeitura Municipal de São Borja - RS,60019,Total Geral da Despesa por Função,RS,1363.15
DCA-Anexo I-E,2021,DESPESA,DCA-Anexo I-E,TotalDespesas,4318002,Despesas Empenhadas,17 - Saneamento,2021,Prefeitura Municipal de São Borja - RS,60019,Total Geral da Despesa por Função,RS,187076.36
DCA-Anexo I-E,2021,DESPESA,DCA-Anexo I-E,TotalDespesas,4318002,Despesas Empenhadas,17.511 - Saneamento Básico Rural,2021,Prefeitura Municipal de São Borja - RS,60019,Total Geral da Despesa por Função,RS,187076.36
DCA-Anexo I-E,2021,DESPESA,DCA-Anexo I-E,TotalDespesas,4318002,Despesas Empenhadas,18 - Gestão Ambiental,2021,Prefeitura Municipal de São Borja - RS,60019,Total Geral da Despesa por Função,RS,137395.07
DCA-Anexo I-E,2021,DESPESA,DCA-Anexo I-E,TotalDespesas,4318002,Despesas Empenhadas,18.541 - Preservação e Conservação Ambiental,2021,Prefeitura Municipal de São Borja - RS,60019,Total Geral da Despesa por Função,RS,137395.07
DCA-Anexo I-E,2021,DESPESA,DCA-Anexo I-E,TotalDespesas,4318002,Despesas Empenhadas,20 - Agricultura,2021,Prefeitura Municipal de São Borja - RS,60019,Total Geral da Despesa por Função,RS,1000143.83
DCA-Anexo I-E,2021,DESPESA,DCA-Anexo I-E,TotalDespesas,4318002,Despesas Empenhadas,20.606 - Extensão Rural,2021,Prefeitura Municipal de São Borja - RS,60019,Total Geral da Despesa por Função,RS,868893.59
DCA-Anexo I-E,2021,DESPESA,DCA-Anexo I-E,TotalDespesas,4318002,Despesas Empenhadas,20.122 - Administração Geral,2021,Prefeitura Municipal de São Borja - RS,60019,Total Geral da Despesa por Função,RS,131250.24
DCA-Anexo I-E,2021,DESPESA,DCA-Anexo I-E,TotalDespesas,4318002,Despesas Empenhadas,23 - Comércio e Serviços,2021,Prefeitura Municipal de São Borja - RS,60019,Total Geral da Despesa por Função,RS,180020.59
DCA-Anexo I-E,2021,DESPESA,DCA-Anexo I-E,TotalDespesas,4318002,Despesas Empenhadas,23.695 - Turismo,2021,Prefeitura Municipal de São Borja - RS,60019,Total Geral da Despesa por Função,RS,180020.59
DCA-Anexo I-E,2021,DESPESA,DCA-Anexo I-E,TotalDespesas,4318002,Despesas Empenhadas,26 - Transporte,2021,Prefeitura Municipal de São Borja - RS,60019,Total Geral da Despesa por Função,RS,179484.99
DCA-Anexo I-E,2021,DESPESA,DCA-Anexo I-E,TotalDespesas,4318002,Despesas Empenhadas,26.781 - Transporte Aéreo,2021,Prefeitura Municipal de São Borja - RS,60019,Total Geral da Despesa por Função,RS,94357.44
DCA-Anexo I-E,2021,DESPESA,DCA-Anexo I-E,TotalDespesas,4318002,Despesas Empenhadas,26.782 - Transporte Rodoviário,2021,Prefeitura Municipal de São Borja - RS,60019,Total Geral da Despesa por Função,RS,85127.55
DCA-Anexo I-E,2021,DESPESA,DCA-Anexo I-E,TotalDespesas,4318002,Despesas Empenhadas,27 - Desporto e Lazer,2021,Prefeitura Municipal de São Borja - RS,60019,Total Geral da Despesa por Função,RS,135552.13
DCA-Anexo I-E,2021,DESPESA,DCA-Anexo I-E,TotalDespesas,4318002,Despesas Empenhadas,27.812 - Desporto Comunitário,2021,Prefeitura Municipal de São Borja - RS,60019,Total Geral da Despesa por Função,RS,135552.13
DCA-Anexo I-E,2021,DESPESA,DCA-Anexo I-E,TotalDespesas,4318002,Despesas Empenhadas,28 - Encargos Especiais,2021,Prefeitura Municipal de São Borja - RS,60019,Total Geral da Despesa por Função,RS,10663971.93
DCA-Anexo I-E,2021,DESPESA|DIVIDA,DCA-Anexo I-E,TotalDespesas,4318002,Despesas Empenhadas,28.843 - Serviço da Dívida Interna,2021,Prefeitura Municipal de São Borja - RS,60019,Total Geral da Despesa por Função,RS,10663971.93
DCA-Anexo I-E,2021,DESPESA,DCA-Anexo I-E,TotalDespesas,4318002,Despesas Empenhadas,Despesas Intraorçamentárias,2021,Prefeitura Municipal de São Borja - RS,60019,Total Geral da Despesa por Função,RS,28366192.26
DCA-Anexo I-E,2021,DESPESA,DCA-Anexo I-E,TotalDespesas,4318002,Despesas Liquidadas,Despesas Exceto Intraorçamentárias,2021,Prefeitura Municipal de São Borja - RS,60019,Total Geral da Despesa por Função,RS,203758387.78
DCA-Anexo I-E,2021,DESPESA,DCA-Anexo I-E,TotalDespesas,4318002,Despesas Liquidadas,01 - Legislativa,2021,Prefeitura Municipal de São Borja - RS,60019,Total Geral da Despesa por Função,RS,6250750.38
DCA-Anexo I-E,2021,DESPESA,DCA-Anexo I-E,TotalDespesas,4318002,Despesas Liquidadas,01.031 - Ação Legislativa,2021,Prefeitura Municipal de São Borja - RS,60019,Total Geral da Despesa por Função,RS,6250750.38
DCA-Anexo I-E,2021,DESPESA,DCA-Anexo I-E,TotalDespesas,4318002,Despesas Liquidadas,04 - Administração,2021,Prefeitura Municipal de São Borja - RS,60019,Total Geral da Despesa por Função,RS,24262512.93
DCA-Anexo I-E,2021,DESPESA,DCA-Anexo I-E,TotalDespesas,4318002,Despesas Liquidadas,04.122 - Administração Geral,2021,Prefeitura Municipal de São Borja - RS,60019,Total Geral da Despesa por Função,RS,23711700.57
DCA-Anexo I-E,2021,DESPESA,DCA-Anexo I-E,TotalDespesas,4318002,Despesas Liquidadas,04.124 - Controle Interno,2021,Prefeitura Municipal de São Borja - RS,60019,Total Geral da Despesa por Função,RS,259532.71
DCA-Anexo I-E,2021,DESPESA,DCA-Anexo I-E,TotalDespesas,4318002,Despesas Liquidadas,04.126 - Tecnologia da Informação,2021,Prefeitura Municipal de São Borja - RS,60019,Total Geral da Despesa por Função,RS,228714.76
DCA-Anexo I-E,2021,DESPESA,DCA-Anexo I-E,TotalDespesas,4318002,Despesas Liquidadas,FU04 - Demais Subfunções,2021,Prefeitura Municipal de São Borja - RS,60019,Total Geral da Despesa por Função,RS,62564.89
DCA-Anexo I-E,2021,DESPESA,DCA-Anexo I-E,TotalDespesas,4318002,Despesas Liquidadas,06 - Segurança Pública,2021,Prefeitura Municipal de São Borja - RS,60019,Total Geral da Despesa por Função,RS,319912.93
DCA-Anexo I-E,2021,DESPESA,DCA-Anexo I-E,TotalDespesas,4318002,Despesas Liquidadas,06.181 - Policiamento,2021,Prefeitura Municipal de São Borja - RS,60019,Total Geral da Despesa por Função,RS,226326.76
DCA-Anexo I-E,2021,DESPESA,DCA-Anexo I-E,TotalDespesas,4318002,Despesas Liquidadas,06.182 - Defesa Civil,2021,Prefeitura Municipal de São Borja - RS,60019,Total Geral da Despesa por Função,RS,93586.17
DCA-Anexo I-E,2021,DESPESA,DCA-Anexo I-E,TotalDespesas,4318002,Despesas Liquidadas,08 - Assistência Social,2021,Prefeitura Municipal de São Borja - RS,60019,Total Geral da Despesa por Função,RS,6194598.77
DCA-Anexo I-E,2021,DESPESA,DCA-Anexo I-E,TotalDespesas,4318002,Despesas Liquidadas,08.241 - Assistência ao Idoso,2021,Prefeitura Municipal de São Borja - RS,60019,Total Geral da Despesa por Função,RS,312570.24
DCA-Anexo I-E,2021,DESPESA,DCA-Anexo I-E,TotalDespesas,4318002,Despesas Liquidadas,08.242 - Assistência ao Portador de Deficiência,2021,Prefeitura Municipal de São Borja - RS,60019,Total Geral da Despesa por Função,RS,100000
DCA-Anexo I-E,2021,DESPESA,DCA-Anexo I-E,TotalDespesas,4318002,Despesas Liquidadas,08.243 - Assistência à Criança e ao Adolescente,2021,Prefeitura Municipal de São Borja - RS,60019,Total Geral da Despesa por Função,RS,2365855.7
DCA-Anexo I-E,2021,DESPESA,DCA-Anexo I-E,TotalDespesas,4318002,Despesas Liquidadas,08.244 - Assistência Comunitária,2021,Prefeitura Municipal de São Borja - RS,60019,Total Geral da Despesa por Função,RS,2796343.94
DCA-Anexo I-E,2021,DESPESA,DCA-Anexo I-E,TotalDespesas,4318002,Despesas Liquidadas,08.122 - Administração Geral,2021,Prefeitura Municipal de São Borja - RS,60019,Total Geral da Despesa por Função,RS,619828.89
DCA-Anexo I-E,2021,DESPESA|PREVID,DCA-Anexo I-E,TotalDespesas,4318002,Despesas Liquidadas,09 - Previdência Social,2021,Prefeitura Municipal de São Borja - RS,60019,Total Geral da Despesa por Função,RS,25717835.39
DCA-Anexo I-E,2021,DESPESA|PREVID,DCA-Anexo I-E,TotalDespesas,4318002,Despesas Liquidadas,09.272 - Previdência do Regime Estatutário,2021,Prefeitura Municipal de São Borja - RS,60019,Total Geral da Despesa por Função,RS,25561277.53
DCA-Anexo I-E,2021,DESPESA,DCA-Anexo I-E,TotalDespesas,4318002,Despesas Liquidadas,09.122 - Administração Geral,2021,Prefeitura Municipal de São Borja - RS,60019,Total Geral da Despesa por Função,RS,156557.86
DCA-Anexo I-E,2021,DESPESA,DCA-Anexo I-E,TotalDespesas,4318002,Despesas Liquidadas,10 - Saúde,2021,Prefeitura Municipal de São Borja - RS,60019,Total Geral da Despesa por Função,RS,70905694.31
DCA-Anexo I-E,2021,DESPESA,DCA-Anexo I-E,TotalDespesas,4318002,Despesas Liquidadas,10.301 - Atenção Básica,2021,Prefeitura Municipal de São Borja - RS,60019,Total Geral da Despesa por Função,RS,22827935.73
DCA-Anexo I-E,2021,DESPESA,DCA-Anexo I-E,TotalDespesas,4318002,Despesas Liquidadas,10.302 - Assistência Hospitalar e Ambulatorial,2021,Prefeitura Municipal de São Borja - RS,60019,Total Geral da Despesa por Função,RS,37035353.73
DCA-Anexo I-E,2021,DESPESA,DCA-Anexo I-E,TotalDespesas,4318002,Despesas Liquidadas,10.303 - Suporte Profilático e Terapêutico,2021,Prefeitura Municipal de São Borja - RS,60019,Total Geral da Despesa por Função,RS,2677647.45
DCA-Anexo I-E,2021,DESPESA,DCA-Anexo I-E,TotalDespesas,4318002,Despesas Liquidadas,10.304 - Vigilância Sanitária,2021,Prefeitura Municipal de São Borja - RS,60019,Total Geral da Despesa por Função,RS,564697.21
DCA-Anexo I-E,2021,DESPESA,DCA-Anexo I-E,TotalDespesas,4318002,Despesas Liquidadas,10.305 - Vigilância Epidemiológica,2021,Prefeitura Municipal de São Borja - RS,60019,Total Geral da Despesa por Função,RS,5323664.46
DCA-Anexo I-E,2021,DESPESA,DCA-Anexo I-E,TotalDespesas,4318002,Despesas Liquidadas,10.122 - Administração Geral,2021,Prefeitura Municipal de São Borja - RS,60019,Total Geral da Despesa por Função,RS,2476395.73
DCA-Anexo I-E,2021,DESPESA,DCA-Anexo I-E,TotalDespesas,4318002,Despesas Liquidadas,12 - Educação,2021,Prefeitura Municipal de São Borja - RS,60019,Total Geral da Despesa por Função,RS,48234228.05
DCA-Anexo I-E,2021,DESPESA,DCA-Anexo I-E,TotalDespesas,4318002,Despesas Liquidadas,12.361 - Ensino Fundamental,2021,Prefeitura Municipal de São Borja - RS,60019,Total Geral da Despesa por Função,RS,42180528.22
DCA-Anexo I-E,2021,DESPESA,DCA-Anexo I-E,TotalDespesas,4318002,Despesas Liquidadas,12.362 - Ensino Médio,2021,Prefeitura Municipal de São Borja - RS,60019,Total Geral da Despesa por Função,RS,857150.89
DCA-Anexo I-E,2021,DESPESA,DCA-Anexo I-E,TotalDespesas,4318002,Despesas Liquidadas,12.365 - Educação Infantil,2021,Prefeitura Municipal de São Borja - RS,60019,Total Geral da Despesa por Função,RS,3786894.02
DCA-Anexo I-E,2021,DESPESA,DCA-Anexo I-E,TotalDespesas,4318002,Despesas Liquidadas,12.366 - Educação de Jovens e Adultos,2021,Prefeitura Municipal de São Borja - RS,60019,Total Geral da Despesa por Função,RS,17228.1
DCA-Anexo I-E,2021,DESPESA,DCA-Anexo I-E,TotalDespesas,4318002,Despesas Liquidadas,12.122 - Administração Geral,2021,Prefeitura Municipal de São Borja - RS,60019,Total Geral da Despesa por Função,RS,1392426.82
DCA-Anexo I-E,2021,DESPESA,DCA-Anexo I-E,TotalDespesas,4318002,Despesas Liquidadas,13 - Cultura,2021,Prefeitura Municipal de São Borja - RS,60019,Total Geral da Despesa por Função,RS,172832.25
DCA-Anexo I-E,2021,DESPESA,DCA-Anexo I-E,TotalDespesas,4318002,Despesas Liquidadas,13.392 - Difusão Cultural,2021,Prefeitura Municipal de São Borja - RS,60019,Total Geral da Despesa por Função,RS,172832.25
DCA-Anexo I-E,2021,DESPESA,DCA-Anexo I-E,TotalDespesas,4318002,Despesas Liquidadas,14 - Direitos da Cidadania,2021,Prefeitura Municipal de São Borja - RS,60019,Total Geral da Despesa por Função,RS,1263.76
DCA-Anexo I-E,2021,DESPESA,DCA-Anexo I-E,TotalDespesas,4318002,Despesas Liquidadas,"14.422 - Direitos Individuais, Coletivos e Difusos",2021,Prefeitura Municipal de São Borja - RS,60019,Total Geral da Despesa por Função,RS,1263.76
DCA-Anexo I-E,2021,DESPESA,DCA-Anexo I-E,TotalDespesas,4318002,Despesas Liquidadas,15 - Urbanismo,2021,Prefeitura Municipal de São Borja - RS,60019,Total Geral da Despesa por Função,RS,10136960.54
DCA-Anexo I-E,2021,DESPESA,DCA-Anexo I-E,TotalDespesas,4318002,Despesas Liquidadas,15.451 - Infraestrutura Urbana,2021,Prefeitura Municipal de São Borja - RS,60019,Total Geral da Despesa por Função,RS,4096736.73
DCA-Anexo I-E,2021,DESPESA,DCA-Anexo I-E,TotalDespesas,4318002,Despesas Liquidadas,15.452 - Serviços Urbanos,2021,Prefeitura Municipal de São Borja - RS,60019,Total Geral da Despesa por Função,RS,6040223.81
DCA-Anexo I-E,2021,DESPESA,DCA-Anexo I-E,TotalDespesas,4318002,Despesas Liquidadas,16 - Habitação,2021,Prefeitura Municipal de São Borja - RS,60019,Total Geral da Despesa por Função,RS,1363.15
DCA-Anexo I-E,2021,DESPESA,DCA-Anexo I-E,TotalDespesas,4318002,Despesas Liquidadas,16.482 - Habitação Urbana,2021,Prefeitura Municipal de São Borja - RS,60019,Total Geral da Despesa por Função,RS,1363.15
DCA-Anexo I-E,2021,DESPESA,DCA-Anexo I-E,TotalDespesas,4318002,Despesas Liquidadas,17 - Saneamento,2021,Prefeitura Municipal de São Borja - RS,60019,Total Geral da Despesa por Função,RS,172426.36
DCA-Anexo I-E,2021,DESPESA,DCA-Anexo I-E,TotalDespesas,4318002,Despesas Liquidadas,17.511 - Saneamento Básico Rural,2021,Prefeitura Municipal de São Borja - RS,60019,Total Geral da Despesa por Função,RS,172426.36
DCA-Anexo I-E,2021,DESPESA,DCA-Anexo I-E,TotalDespesas,4318002,Despesas Liquidadas,18 - Gestão Ambiental,2021,Prefeitura Municipal de São Borja - RS,60019,Total Geral da Despesa por Função,RS,129499.45
DCA-Anexo I-E,2021,DESPESA,DCA-Anexo I-E,TotalDespesas,4318002,Despesas Liquidadas,18.541 - Preservação e Conservação Ambiental,2021,Prefeitura Municipal de São Borja - RS,60019,Total Geral da Despesa por Função,RS,129499.45
DCA-Anexo I-E,2021,DESPESA,DCA-Anexo I-E,TotalDespesas,4318002,Despesas Liquidadas,20 - Agricultura,2021,Prefeitura Municipal de São Borja - RS,60019,Total Geral da Despesa por Função,RS,158213.83
DCA-Anexo I-E,2021,DESPESA,DCA-Anexo I-E,TotalDespesas,4318002,Despesas Liquidadas,20.606 - Extensão Rural,2021,Prefeitura Municipal de São Borja - RS,60019,Total Geral da Despesa por Função,RS,26963.59
DCA-Anexo I-E,2021,DESPESA,DCA-Anexo I-E,TotalDespesas,4318002,Despesas Liquidadas,20.122 - Administração Geral,2021,Prefeitura Municipal de São Borja - RS,60019,Total Geral da Despesa por Função,RS,131250.24
DCA-Anexo I-E,2021,DESPESA,DCA-Anexo I-E,TotalDespesas,4318002,Despesas Liquidadas,23 - Comércio e Serviços,2021,Prefeitura Municipal de São Borja - RS,60019,Total Geral da Despesa por Função,RS,171262.19
DCA-Anexo I-E,2021,DESPESA,DCA-Anexo I-E,TotalDespesas,4318002,Despesas Liquidadas,23.695 - Turismo,2021,Prefeitura Municipal de São Borja - RS,60019,Total Geral da Despesa por Função,RS,171262.19
DCA-Anexo I-E,2021,DESPESA,DCA-Anexo I-E,TotalDespesas,4318002,Despesas Liquidadas,26 - Transporte,2021,Prefeitura Municipal de São Borja - RS,60019,Total Geral da Despesa por Função,RS,132389.43
DCA-Anexo I-E,2021,DESPESA,DCA-Anexo I-E,TotalDespesas,4318002,Despesas Liquidadas,26.781 - Transporte Aéreo,2021,Prefeitura Municipal de São Borja - RS,60019,Total Geral da Despesa por Função,RS,47261.88
DCA-Anexo I-E,2021,DESPESA,DCA-Anexo I-E,TotalDespesas,4318002,Despesas Liquidadas,26.782 - Transporte Rodoviário,2021,Prefeitura Municipal de São Borja - RS,60019,Total Geral da Despesa por Função,RS,85127.55
DCA-Anexo I-E,2021,DESPESA,DCA-Anexo I-E,TotalDespesas,4318002,Despesas Liquidadas,27 - Desporto e Lazer,2021,Prefeitura Municipal de São Borja - RS,60019,Total Geral da Despesa por Função,RS,132672.13
DCA-Anexo I-E,2021,DESPESA,DCA-Anexo I-E,TotalDespesas,4318002,Despesas Liquidadas,27.812 - Desporto Comunitário,2021,Prefeitura Municipal de São Borja - RS,60019,Total Geral da Despesa por Função,RS,132672.13
DCA-Anexo I-E,2021,DESPESA,DCA-Anexo I-E,TotalDespesas,4318002,Despesas Liquidadas,28 - Encargos Especiais,2021,Prefeitura Municipal de São Borja - RS,60019,Total Geral da Despesa por Função,RS,10663971.93
DCA-Anexo I-E,2021,DESPESA|DIVIDA,DCA-Anexo I-E,TotalDespesas,4318002,Despesas Liquidadas,28.843 - Serviço da Dívida Interna,2021,Prefeitura Municipal de São Borja - RS,60019,Total Geral da Despesa por Função,RS,10663971.93
DCA-Anexo I-E,2021,DESPESA,DCA-Anexo I-E,TotalDespesas,4318002,Despesas Liquidadas,Despesas Intraorçamentárias,2021,Prefeitura Municipal de São Borja - RS,60019,Total Geral da Despesa por Função,RS,28366192.26
DCA-Anexo I-E,2021,DESPESA,DCA-Anexo I-E,TotalDespesas,4318002,Despesas Pagas,Despesas Exceto Intraorçamentárias,2021,Prefeitura Municipal de São Borja - RS,60019,Total Geral da Despesa por Função,RS,200731856.7
DCA-Anexo I-E,2021,DESPESA,DCA-Anexo I-E,TotalDespesas,4318002,Despesas Pagas,01 - Legislativa,2021,Prefeitura Municipal de São Borja - RS,60019,Total Geral da Despesa por Função,RS,6250750.38
DCA-Anexo I-E,2021,DESPESA,DCA-Anexo I-E,TotalDespesas,4318002,Despesas Pagas,01.031 - Ação Legislativa,2021,Prefeitura Municipal de São Borja - RS,60019,Total Geral da Despesa por Função,RS,6250750.38
DCA-Anexo I-E,2021,DESPESA,DCA-Anexo I-E,TotalDespesas,4318002,Despesas Pagas,04 - Administração,2021,Prefeitura Municipal de São Borja - RS,60019,Total Geral da Despesa por Função,RS,23917106.02
DCA-Anexo I-E,2021,DESPESA,DCA-Anexo I-E,TotalDespesas,4318002,Despesas Pagas,04.122 - Administração Geral,2021,Prefeitura Municipal de São Borja - RS,60019,Total Geral da Despesa por Função,RS,23402496.62
DCA-Anexo I-E,2021,DESPESA,DCA-Anexo I-E,TotalDespesas,4318002,Despesas Pagas,04.124 - Controle Interno,2021,Prefeitura Municipal de São Borja - RS,60019,Total Geral da Despesa por Função,RS,259239.75
DCA-Anexo I-E,2021,DESPESA,DCA-Anexo I-E,TotalDespesas,4318002,Despesas Pagas,04.126 - Tecnologia da Informação,2021,Prefeitura Municipal de São Borja - RS,60019,Total Geral da Despesa por Função,RS,192804.76
DCA-Anexo I-E,2021,DESPESA,DCA-Anexo I-E,TotalDespesas,4318002,Despesas Pagas,FU04 - Demais Subfunções,2021,Prefeitura Municipal de São Borja - RS,60019,Total Geral da Despesa por Função,RS,62564.89
DCA-Anexo I-E,2021,DESPESA,DCA-Anexo I-E,TotalDespesas,4318002,Despesas Pagas,06 - Segurança Pública,2021,Prefeitura Municipal de São Borja - RS,60019,Total Geral da Despesa por Função,RS,311351.47
DCA-Anexo I-E,2021,DESPESA,DCA-Anexo I-E,TotalDespesas,4318002,Despesas Pagas,06.181 - Policiamento,2021,Prefeitura Municipal de São Borja - RS,60019,Total Geral da Despesa por Função,RS,218715.3
DCA-Anexo I-E,2021,DESPESA,DCA-Anexo I-E,TotalDespesas,4318002,Despesas Pagas,06.182 - Defesa Civil,2021,Prefeitura Municipal de São Borja - RS,60019,Total Geral da Despesa por Função,RS,92636.17
DCA-Anexo I-E,2021,DESPESA,DCA-Anexo I-E,TotalDespesas,4318002,Despesas Pagas,08 - Assistência Social,2021,Prefeitura Municipal de São Borja - RS,60019,Total Geral da Despesa por Função,RS,6116100.63
DCA-Anexo I-E,2021,DESPESA,DCA-Anexo I-E,TotalDespesas,4318002,Despesas Pagas,08.241 - Assistência ao Idoso,2021,Prefeitura Municipal de São Borja - RS,60019,Total Geral da Despesa por Função,RS,312570.24
DCA-Anexo I-E,2021,DESPESA,DCA-Anexo I-E,TotalDespesas,4318002,Despesas Pagas,08.242 - Assistência ao Portador de Deficiência,2021,Prefeitura Municipal de São Borja - RS,60019,Total Geral da Despesa por Função,RS,100000
DCA-Anexo I-E,2021,DESPESA,DCA-Anexo I-E,TotalDespesas,4318002,Despesas Pagas,08.243 - Assistência à Criança e ao Adolescente,2021,Prefeitura Municipal de São Borja - RS,60019,Total Geral da Despesa por Função,RS,2339396.84
DCA-Anexo I-E,2021,DESPESA,DCA-Anexo I-E,TotalDespesas,4318002,Despesas Pagas,08.244 - Assistência Comunitária,2021,Prefeitura Municipal de São Borja - RS,60019,Total Geral da Despesa por Função,RS,2751728.16
DCA-Anexo I-E,2021,DESPESA,DCA-Anexo I-E,TotalDespesas,4318002,Despesas Pagas,08.122 - Administração Geral,2021,Prefeitura Municipal de São Borja - RS,60019,Total Geral da Despesa por Função,RS,612405.39
DCA-Anexo I-E,2021,DESPESA|PREVID,DCA-Anexo I-E,TotalDespesas,4318002,Despesas Pagas,09 - Previdência Social,2021,Prefeitura Municipal de São Borja - RS,60019,Total Geral da Despesa por Função,RS,25717835.39
DCA-Anexo I-E,2021,DESPESA|PREVID,DCA-Anexo I-E,TotalDespesas,4318002,Despesas Pagas,09.272 - Previdência do Regime Estatutário,2021,Prefeitura Municipal de São Borja - RS,60019,Total Geral da Despesa por Função,RS,25561277.53
DCA-Anexo I-E,2021,DESPESA,DCA-Anexo I-E,TotalDespesas,4318002,Despesas Pagas,09.122 - Administração Geral,2021,Prefeitura Municipal de São Borja - RS,60019,Total Geral da Despesa por Função,RS,156557.86
DCA-Anexo I-E,2021,DESPESA,DCA-Anexo I-E,TotalDespesas,4318002,Despesas Pagas,10 - Saúde,2021,Prefeitura Municipal de São Borja - RS,60019,Total Geral da Despesa por Função,RS,69957168.15
DCA-Anexo I-E,2021,DESPESA,DCA-Anexo I-E,TotalDespesas,4318002,Despesas Pagas,10.301 - Atenção Básica,2021,Prefeitura Municipal de São Borja - RS,60019,Total Geral da Despesa por Função,RS,22523931.92
DCA-Anexo I-E,2021,DESPESA,DCA-Anexo I-E,TotalDespesas,4318002,Despesas Pagas,10.302 - Assistência Hospitalar e Ambulatorial,2021,Prefeitura Municipal de São Borja - RS,60019,Total Geral da Despesa por Função,RS,36497361.33
DCA-Anexo I-E,2021,DESPESA,DCA-Anexo I-E,TotalDespesas,4318002,Despesas Pagas,10.303 - Suporte Profilático e Terapêutico,2021,Prefeitura Municipal de São Borja - RS,60019,Total Geral da Despesa por Função,RS,2662551.4
DCA-Anexo I-E,2021,DESPESA,DCA-Anexo I-E,TotalDespesas,4318002,Despesas Pagas,10.304 - Vigilância Sanitária,2021,Prefeitura Municipal de São Borja - RS,60019,Total Geral da Despesa por Função,RS,563987.47
DCA-Anexo I-E,2021,DESPESA,DCA-Anexo I-E,TotalDespesas,4318002,Despesas Pagas,10.305 - Vigilância Epidemiológica,2021,Prefeitura Municipal de São Borja - RS,60019,Total Geral da Despesa por Função,RS,5299911.14
DCA-Anexo I-E,2021,DESPESA,DCA-Anexo I-E,TotalDespesas,4318002,Despesas Pagas,10.122 - Administração Geral,2021,Prefeitura Municipal de São Borja - RS,60019,Total Geral da Despesa por Função,RS,2409424.89
DCA-Anexo I-E,2021,DESPESA,DCA-Anexo I-E,TotalDespesas,4318002,Despesas Pagas,12 - Educação,2021,Prefeitura Municipal de São Borja - RS,60019,Total Geral da Despesa por Função,RS,47631021.49
DCA-Anexo I-E,2021,DESPESA,DCA-Anexo I-E,TotalDespesas,4318002,Despesas Pagas,12.361 - Ensino Fundamental,2021,Prefeitura Municipal de São Borja - RS,60019,Total Geral da Despesa por Função,RS,41708471.21
DCA-Anexo I-E,2021,DESPESA,DCA-Anexo I-E,TotalDespesas,4318002,Despesas Pagas,12.362 - Ensino Médio,2021,Prefeitura Municipal de São Borja - RS,60019,Total Geral da Despesa por Função,RS,857150.89
DCA-Anexo I-E,2021,DESPESA,DCA-Anexo I-E,TotalDespesas,4318002,Despesas Pagas,12.365 - Educação Infantil,2021,Prefeitura Municipal de São Borja - RS,60019,Total Geral da Despesa por Função,RS,3708817.98
DCA-Anexo I-E,2021,DESPESA,DCA-Anexo I-E,TotalDespesas,4318002,Despesas Pagas,12.366 - Educação de Jovens e Adultos,2021,Prefeitura Municipal de São Borja - RS,60019,Total Geral da Despesa por Função,RS,17202.54
DCA-Anexo I-E,2021,DESPESA,DCA-Anexo I-E,TotalDespesas,4318002,Despesas Pagas,12.122 - Administração Geral,2021,Prefeitura Municipal de São Borja - RS,60019,Total Geral da Despesa por Função,RS,1339378.87
DCA-Anexo I-E,2021,DESPESA,DCA-Anexo I-E,TotalDespesas,4318002,Despesas Pagas,13 - Cultura,2021,Prefeitura Municipal de São Borja - RS,60019,Total Geral da Despesa por Função,RS,167999.81
DCA-Anexo I-E,2021,DESPESA,DCA-Anexo I-E,TotalDespesas,4318002,Despesas Pagas,13.392 - Difusão Cultural,2021,Prefeitura Municipal de São Borja - RS,60019,Total Geral da Despesa por Função,RS,167999.81
DCA-Anexo I-E,2021,DESPESA,DCA-Anexo I-E,TotalDespesas,4318002,Despesas Pagas,14 - Direitos da Cidadania,2021,Prefeitura Municipal de São Borja - RS,60019,Total Geral da Despesa por Função,RS,1263.76
DCA-Anexo I-E,2021,DESPESA,DCA-Anexo I-E,TotalDespesas,4318002,Despesas Pagas,"14.422 - Direitos Individuais, Coletivos e Difusos",2021,Prefeitura Municipal de São Borja - RS,60019,Total Geral da Despesa por Função,RS,1263.76
DCA-Anexo I-E,2021,DESPESA,DCA-Anexo I-E,TotalDespesas,4318002,Despesas Pagas,15 - Urbanismo,2021,Prefeitura Municipal de São Borja - RS,60019,Total Geral da Despesa por Função,RS,9322858.2
DCA-Anexo I-E,2021,DESPESA,DCA-Anexo I-E,TotalDespesas,4318002,Despesas Pagas,15.451 - Infraestrutura Urbana,2021,Prefeitura Municipal de São Borja - RS,60019,Total Geral da Despesa por Função,RS,3919516.45
DCA-Anexo I-E,2021,DESPESA,DCA-Anexo I-E,TotalDespesas,4318002,Despesas Pagas,15.452 - Serviços Urbanos,2021,Prefeitura Municipal de São Borja - RS,60019,Total Geral da Despesa por Função,RS,5403341.75
DCA-Anexo I-E,2021,DESPESA,DCA-Anexo I-E,TotalDespesas,4318002,Despesas Pagas,16 - Habitação,2021,Prefeitura Municipal de São Borja - RS,60019,Total Geral da Despesa por Função,RS,1363.15
DCA-Anexo I-E,2021,DESPESA,DCA-Anexo I-E,TotalDespesas,4318002,Despesas Pagas,16.482 - Habitação Urbana,2021,Prefeitura Municipal de São Borja - RS,60019,Total Geral da Despesa por Função,RS,1363.15
DCA-Anexo I-E,2021,DESPESA,DCA-Anexo I-E,TotalDespesas,4318002,Despesas Pagas,17 - Saneamento,2021,Prefeitura Municipal de São Borja - RS,60019,Total Geral da Despesa por Função,RS,157927.16
DCA-Anexo I-E,2021,DESPESA,DCA-Anexo I-E,TotalDespesas,4318002,Despesas Pagas,17.511 - Saneamento Básico Rural,2021,Prefeitura Municipal de São Borja - RS,60019,Total Geral da Despesa por Função,RS,157927.16
DCA-Anexo I-E,2021,DESPESA,DCA-Anexo I-E,TotalDespesas,4318002,Despesas Pagas,18 - Gestão Ambiental,2021,Prefeitura Municipal de São Borja - RS,60019,Total Geral da Despesa por Função,RS,129376.95
DCA-Anexo I-E,2021,DESPESA,DCA-Anexo I-E,TotalDespesas,4318002,Despesas Pagas,18.541 - Preservação e Conservação Ambiental,2021,Prefeitura Municipal de São Borja - RS,60019,Total Geral da Despesa por Função,RS,129376.95
DCA-Anexo I-E,2021,DESPESA,DCA-Anexo I-E,TotalDespesas,4318002,Despesas Pagas,20 - Agricultura,2021,Prefeitura Municipal de São Borja - RS,60019,Total Geral da Despesa por Função,RS,158213.83
DCA-Anexo I-E,2021,DESPESA,DCA-Anexo I-E,TotalDespesas,4318002,Despesas Pagas,20.606 - Extensão Rural,2021,Prefeitura Municipal de São Borja - RS,60019,Total Geral da Despesa por Função,RS,26963.59
DCA-Anexo I-E,2021,DESPESA,DCA-Anexo I-E,TotalDespesas,4318002,Despesas Pagas,20.122 - Administração Geral,2021,Prefeitura Municipal de São Borja - RS,60019,Total Geral da Despesa por Função,RS,131250.24
DCA-Anexo I-E,2021,DESPESA,DCA-Anexo I-E,TotalDespesas,4318002,Despesas Pagas,23 - Comércio e Serviços,2021,Prefeitura Municipal de São Borja - RS,60019,Total Geral da Despesa por Função,RS,167220.19
DCA-Anexo I-E,2021,DESPESA,DCA-Anexo I-E,TotalDespesas,4318002,Despesas Pagas,23.695 - Turismo,2021,Prefeitura Municipal de São Borja - RS,60019,Total Geral da Despesa por Função,RS,167220.19
DCA-Anexo I-E,2021,DESPESA,DCA-Anexo I-E,TotalDespesas,4318002,Despesas Pagas,26 - Transporte,2021,Prefeitura Municipal de São Borja - RS,60019,Total Geral da Despesa por Função,RS,132389.43
DCA-Anexo I-E,2021,DESPESA,DCA-Anexo I-E,TotalDespesas,4318002,Despesas Pagas,26.781 - Transporte Aéreo,2021,Prefeitura Municipal de São Borja - RS,60019,Total Geral da Despesa por Função,RS,47261.88
DCA-Anexo I-E,2021,DESPESA,DCA-Anexo I-E,TotalDespesas,4318002,Despesas Pagas,26.782 - Transporte Rodoviário,2021,Prefeitura Municipal de São Borja - RS,60019,Total Geral da Despesa por Função,RS,85127.55
DCA-Anexo I-E,2021,DESPESA,DCA-Anexo I-E,TotalDespesas,4318002,Despesas Pagas,27 - Desporto e Lazer,2021,Prefeitura Municipal de São Borja - RS,60019,Total Geral da Despesa por Função,RS,131137.13
DCA-Anexo I-E,2021,DESPESA,DCA-Anexo I-E,TotalDespesas,4318002,Despesas Pagas,27.812 - Desporto Comunitário,2021,Prefeitura Municipal de São Borja - RS,60019,Total Geral da Despesa por Função,RS,131137.13
DCA-Anexo I-E,2021,DESPESA,DCA-Anexo I-E,TotalDespesas,4318002,Despesas Pagas,28 - Encargos Especiais,2021,Prefeitura Municipal de São Borja - RS,60019,Total Geral da Despesa por Função,RS,10460773.56
DCA-Anexo I-E,2021,DESPESA|DIVIDA,DCA-Anexo I-E,TotalDespesas,4318002,Despesas Pagas,28.843 - Serviço da Dívida Interna,2021,Prefeitura Municipal de São Borja - RS,60019,Total Geral da Despesa por Função,RS,10460773.56
DCA-Anexo I-E,2021,DESPESA,DCA-Anexo I-E,TotalDespesas,4318002,Despesas Pagas,Despesas Intraorçamentárias,2021,Prefeitura Municipal de São Borja - RS,60019,Total Geral da Despesa por Função,RS,25455490.28
DCA-Anexo I-E,2021,DESPESA,DCA-Anexo I-E,TotalDespesas,4318002,Inscrição de Restos a Pagar Não Processados,Despesas Exceto Intraorçamentárias,2021,Prefeitura Municipal de São Borja - RS,60019,Total Geral da Despesa por Função,RS,9277021.53
DCA-Anexo I-E,2021,DESPESA,DCA-Anexo I-E,TotalDespesas,4318002,Inscrição de Restos a Pagar Não Processados,01 - Legislativa,2021,Prefeitura Municipal de São Borja - RS,60019,Total Geral da Despesa por Função,RS,174835.75
DCA-Anexo I-E,2021,DESPESA,DCA-Anexo I-E,TotalDespesas,4318002,Inscrição de Restos a Pagar Não Processados,01.031 - Ação Legislativa,2021,Prefeitura Municipal de São Borja - RS,60019,Total Geral da Despesa por Função,RS,174835.75
DCA-Anexo I-E,2021,DESPESA,DCA-Anexo I-E,TotalDespesas,4318002,Inscrição de Restos a Pagar Não Processados,04 - Administração,2021,Prefeitura Municipal de São Borja - RS,60019,Total Geral da Despesa por Função,RS,474492.3
DCA-Anexo I-E,2021,DESPESA,DCA-Anexo I-E,TotalDespesas,4318002,Inscrição de Restos a Pagar Não Processados,04.122 - Administração Geral,2021,Prefeitura Municipal de São Borja - RS,60019,Total Geral da Despesa por Função,RS,353829.43
DCA-Anexo I-E,2021,DESPESA,DCA-Anexo I-E,TotalDespesas,4318002,Inscrição de Restos a Pagar Não Processados,04.126 - Tecnologia da Informação,2021,Prefeitura Municipal de São Borja - RS,60019,Total Geral da Despesa por Função,RS,68509.16
DCA-Anexo I-E,2021,DESPESA,DCA-Anexo I-E,TotalDespesas,4318002,Inscrição de Restos a Pagar Não Processados,FU04 - Demais Subfunções,2021,Prefeitura Municipal de São Borja - RS,60019,Total Geral da Despesa por Função,RS,52153.71
DCA-Anexo I-E,2021,DESPESA,DCA-Anexo I-E,TotalDespesas,4318002,Inscrição de Restos a Pagar Não Processados,06 - Segurança Pública,2021,Prefeitura Municipal de São Borja - RS,60019,Total Geral da Despesa por Função,RS,22326.56
DCA-Anexo I-E,2021,DESPESA,DCA-Anexo I-E,TotalDespesas,4318002,Inscrição de Restos a Pagar Não Processados,06.181 - Policiamento,2021,Prefeitura Municipal de São Borja - RS,60019,Total Geral da Despesa por Função,RS,21530.27
DCA-Anexo I-E,2021,DESPESA,DCA-Anexo I-E,TotalDespesas,4318002,Inscrição de Restos a Pagar Não Processados,06.182 - Defesa Civil,2021,Prefeitura Municipal de São Borja - RS,60019,Total Geral da Despesa por Função,RS,796.29
DCA-Anexo I-E,2021,DESPESA,DCA-Anexo I-E,TotalDespesas,4318002,Inscrição de Restos a Pagar Não Processados,08 - Assistência Social,2021,Prefeitura Municipal de São Borja - RS,60019,Total Geral da Despesa por Função,RS,19442.65
DCA-Anexo I-E,2021,DESPESA,DCA-Anexo I-E,TotalDespesas,4318002,Inscrição de Restos a Pagar Não Processados,08.243 - Assistência à Criança e ao Adolescente,2021,Prefeitura Municipal de São Borja - RS,60019,Total Geral da Despesa por Função,RS,7487.31
DCA-Anexo I-E,2021,DESPESA,DCA-Anexo I-E,TotalDespesas,4318002,Inscrição de Restos a Pagar Não Processados,08.244 - Assistência Comunitária,2021,Prefeitura Municipal de São Borja - RS,60019,Total Geral da Despesa por Função,RS,11955.34
DCA-Anexo I-E,2021,DESPESA,DCA-Anexo I-E,TotalDespesas,4318002,Inscrição de Restos a Pagar Não Processados,10 - Saúde,2021,Prefeitura Municipal de São Borja - RS,60019,Total Geral da Despesa por Função,RS,2871943.46
DCA-Anexo I-E,2021,DESPESA,DCA-Anexo I-E,TotalDespesas,4318002,Inscrição de Restos a Pagar Não Processados,10.301 - Atenção Básica,2021,Prefeitura Municipal de São Borja - RS,60019,Total Geral da Despesa por Função,RS,866108.18
DCA-Anexo I-E,2021,DESPESA,DCA-Anexo I-E,TotalDespesas,4318002,Inscrição de Restos a Pagar Não Processados,10.302 - Assistência Hospitalar e Ambulatorial,2021,Prefeitura Municipal de São Borja - RS,60019,Total Geral da Despesa por Função,RS,1949935.57
DCA-Anexo I-E,2021,DESPESA,DCA-Anexo I-E,TotalDespesas,4318002,Inscrição de Restos a Pagar Não Processados,10.303 - Suporte Profilático e Terapêutico,2021,Prefeitura Municipal de São Borja - RS,60019,Total Geral da Despesa por Função,RS,16726.08
DCA-Anexo I-E,2021,DESPESA,DCA-Anexo I-E,TotalDespesas,4318002,Inscrição de Restos a Pagar Não Processados,10.304 - Vigilância Sanitária,2021,Prefeitura Municipal de São Borja - RS,60019,Total Geral da Despesa por Função,RS,23139.2
DCA-Anexo I-E,2021,DESPESA,DCA-Anexo I-E,TotalDespesas,4318002,Inscrição de Restos a Pagar Não Processados,10.305 - Vigilância Epidemiológica,2021,Prefeitura Municipal de São Borja - RS,60019,Total Geral da Despesa por Função,RS,12650.43
DCA-Anexo I-E,2021,DESPESA,DCA-Anexo I-E,TotalDespesas,4318002,Inscrição de Restos a Pagar Não Processados,10.122 - Administração Geral,2021,Prefeitura Municipal de São Borja - RS,60019,Total Geral da Despesa por Função,RS,3384
DCA-Anexo I-E,2021,DESPESA,DCA-Anexo I-E,TotalDespesas,4318002,Inscrição de Restos a Pagar Não Processados,12 - Educação,2021,Prefeitura Municipal de São Borja - RS,60019,Total Geral da Despesa por Função,RS,1759683.09
DCA-Anexo I-E,2021,DESPESA,DCA-Anexo I-E,TotalDespesas,4318002,Inscrição de Restos a Pagar Não Processados,12.361 - Ensino Fundamental,2021,Prefeitura Municipal de São Borja - RS,60019,Total Geral da Despesa por Função,RS,1486955.02
DCA-Anexo I-E,2021,DESPESA,DCA-Anexo I-E,TotalDespesas,4318002,Inscrição de Restos a Pagar Não Processados,12.362 - Ensino Médio,2021,Prefeitura Municipal de São Borja - RS,60019,Total Geral da Despesa por Função,RS,162226.53
DCA-Anexo I-E,2021,DESPESA,DCA-Anexo I-E,TotalDespesas,4318002,Inscrição de Restos a Pagar Não Processados,12.365 - Educação Infantil,2021,Prefeitura Municipal de São Borja - RS,60019,Total Geral da Despesa por Função,RS,77597.76
DCA-Anexo I-E,2021,DESPESA,DCA-Anexo I-E,TotalDespesas,4318002,Inscrição de Restos a Pagar Não Processados,12.122 - Administração Geral,2021,Prefeitura Municipal de São Borja - RS,60019,Total Geral da Despesa por Função,RS,32903.78
DCA-Anexo I-E,2021,DESPESA,DCA-Anexo I-E,TotalDespesas,4318002,Inscrição de Restos a Pagar Não Processados,13 - Cultura,2021,Prefeitura Municipal de São Borja - RS,60019,Total Geral da Despesa por Função,RS,29191.01
DCA-Anexo I-E,2021,DESPESA,DCA-Anexo I-E,TotalDespesas,4318002,Inscrição de Restos a Pagar Não Processados,13.392 - Difusão Cultural,2021,Prefeitura Municipal de São Borja - RS,60019,Total Geral da Despesa por Função,RS,29191.01
DCA-Anexo I-E,2021,DESPESA,DCA-Anexo I-E,TotalDespesas,4318002,Inscrição de Restos a Pagar Não Processados,14 - Direitos da Cidadania,2021,Prefeitura Municipal de São Borja - RS,60019,Total Geral da Despesa por Função,RS,93.37
DCA-Anexo I-E,2021,DESPESA,DCA-Anexo I-E,TotalDespesas,4318002,Inscrição de Restos a Pagar Não Processados,"14.422 - Direitos Individuais, Coletivos e Difusos",2021,Prefeitura Municipal de São Borja - RS,60019,Total Geral da Despesa por Função,RS,93.37
DCA-Anexo I-E,2021,DESPESA,DCA-Anexo I-E,TotalDespesas,4318002,Inscrição de Restos a Pagar Não Processados,15 - Urbanismo,2021,Prefeitura Municipal de São Borja - RS,60019,Total Geral da Despesa por Função,RS,3001803.76
DCA-Anexo I-E,2021,DESPESA,DCA-Anexo I-E,TotalDespesas,4318002,Inscrição de Restos a Pagar Não Processados,15.451 - Infraestrutura Urbana,2021,Prefeitura Municipal de São Borja - RS,60019,Total Geral da Despesa por Função,RS,807060.42
DCA-Anexo I-E,2021,DESPESA,DCA-Anexo I-E,TotalDespesas,4318002,Inscrição de Restos a Pagar Não Processados,15.452 - Serviços Urbanos,2021,Prefeitura Municipal de São Borja - RS,60019,Total Geral da Despesa por Função,RS,2194743.34
DCA-Anexo I-E,2021,DESPESA,DCA-Anexo I-E,TotalDespesas,4318002,Inscrição de Restos a Pagar Não Processados,17 - Saneamento,2021,Prefeitura Municipal de São Borja - RS,60019,Total Geral da Despesa por Função,RS,14650
DCA-Anexo I-E,2021,DESPESA,DCA-Anexo I-E,TotalDespesas,4318002,Inscrição de Restos a Pagar Não Processados,17.511 - Saneamento Básico Rural,2021,Prefeitura Municipal de São Borja - RS,60019,Total Geral da Despesa por Função,RS,14650
DCA-Anexo I-E,2021,DESPESA,DCA-Anexo I-E,TotalDespesas,4318002,Inscrição de Restos a Pagar Não Processados,18 - Gestão Ambiental,2021,Prefeitura Municipal de São Borja - RS,60019,Total Geral da Despesa por Função,RS,7895.62
DCA-Anexo I-E,2021,DESPESA,DCA-Anexo I-E,TotalDespesas,4318002,Inscrição de Restos a Pagar Não Processados,18.541 - Preservação e Conservação Ambiental,2021,Prefeitura Municipal de São Borja - RS,60019,Total Geral da Despesa por Função,RS,7895.62
DCA-Anexo I-E,2021,DESPESA,DCA-Anexo I-E,TotalDespesas,4318002,Inscrição de Restos a Pagar Não Processados,20 - Agricultura,2021,Prefeitura Municipal de São Borja - RS,60019,Total Geral da Despesa por Função,RS,841930
DCA-Anexo I-E,2021,DESPESA,DCA-Anexo I-E,TotalDespesas,4318002,Inscrição de Restos a Pagar Não Processados,20.606 - Extensão Rural,2021,Prefeitura Municipal de São Borja - RS,60019,Total Geral da Despesa por Função,RS,841930
DCA-Anexo I-E,2021,DESPESA,DCA-Anexo I-E,TotalDespesas,4318002,Inscrição de Restos a Pagar Não Processados,23 - Comércio e Serviços,2021,Prefeitura Municipal de São Borja - RS,60019,Total Geral da Despesa por Função,RS,8758.4
DCA-Anexo I-E,2021,DESPESA,DCA-Anexo I-E,TotalDespesas,4318002,Inscrição de Restos a Pagar Não Processados,23.695 - Turismo,2021,Prefeitura Municipal de São Borja - RS,60019,Total Geral da Despesa por Função,RS,8758.4
DCA-Anexo I-E,2021,DESPESA,DCA-Anexo I-E,TotalDespesas,4318002,Inscrição de Restos a Pagar Não Processados,26 - Transporte,2021,Prefeitura Municipal de São Borja - RS,60019,Total Geral da Despesa por Função,RS,47095.56
DCA-Anexo I-E,2021,DESPESA,DCA-Anexo I-E,TotalDespesas,4318002,Inscrição de Restos a Pagar Não Processados,26.781 - Transporte Aéreo,2021,Prefeitura Municipal de São Borja - RS,60019,Total Geral da Despesa por Função,RS,47095.56
DCA-Anexo I-E,2021,DESPESA,DCA-Anexo I-E,TotalDespesas,4318002,Inscrição de Restos a Pagar Não Processados,27 - Desporto e Lazer,2021,Prefeitura Municipal de São Borja - RS,60019,Total Geral da Despesa por Função,RS,2880
DCA-Anexo I-E,2021,DESPESA,DCA-Anexo I-E,TotalDespesas,4318002,Inscrição de Restos a Pagar Não Processados,27.812 - Desporto Comunitário,2021,Prefeitura Municipal de São Borja - RS,60019,Total Geral da Despesa por Função,RS,2880
DCA-Anexo I-E,2021,DESPESA,DCA-Anexo I-E,TotalDespesas,4318002,Inscrição de Restos a Pagar Processados,Despesas Exceto Intraorçamentárias,2021,Prefeitura Municipal de São Borja - RS,60019,Total Geral da Despesa por Função,RS,3026531.08
DCA-Anexo I-E,2021,DESPESA,DCA-Anexo I-E,TotalDespesas,4318002,Inscrição de Restos a Pagar Processados,04 - Administração,2021,Prefeitura Municipal de São Borja - RS,60019,Total Geral da Despesa por Função,RS,345406.91
DCA-Anexo I-E,2021,DESPESA,DCA-Anexo I-E,TotalDespesas,4318002,Inscrição de Restos a Pagar Processados,04.122 - Administração Geral,2021,Prefeitura Municipal de São Borja - RS,60019,Total Geral da Despesa por Função,RS,309203.95
DCA-Anexo I-E,2021,DESPESA,DCA-Anexo I-E,TotalDespesas,4318002,Inscrição de Restos a Pagar Processados,04.124 - Controle Interno,2021,Prefeitura Municipal de São Borja - RS,60019,Total Geral da Despesa por Função,RS,292.96
DCA-Anexo I-E,2021,DESPESA,DCA-Anexo I-E,TotalDespesas,4318002,Inscrição de Restos a Pagar Processados,04.126 - Tecnologia da Informação,2021,Prefeitura Municipal de São Borja - RS,60019,Total Geral da Despesa por Função,RS,35910
DCA-Anexo I-E,2021,DESPESA,DCA-Anexo I-E,TotalDespesas,4318002,Inscrição de Restos a Pagar Processados,06 - Segurança Pública,2021,Prefeitura Municipal de São Borja - RS,60019,Total Geral da Despesa por Função,RS,8561.46
DCA-Anexo I-E,2021,DESPESA,DCA-Anexo I-E,TotalDespesas,4318002,Inscrição de Restos a Pagar Processados,06.181 - Policiamento,2021,Prefeitura Municipal de São Borja - RS,60019,Total Geral da Despesa por Função,RS,7611.46
DCA-Anexo I-E,2021,DESPESA,DCA-Anexo I-E,TotalDespesas,4318002,Inscrição de Restos a Pagar Processados,06.182 - Defesa Civil,2021,Prefeitura Municipal de São Borja - RS,60019,Total Geral da Despesa por Função,RS,950
DCA-Anexo I-E,2021,DESPESA,DCA-Anexo I-E,TotalDespesas,4318002,Inscrição de Restos a Pagar Processados,08 - Assistência Social,2021,Prefeitura Municipal de São Borja - RS,60019,Total Geral da Despesa por Função,RS,78498.14
DCA-Anexo I-E,2021,DESPESA,DCA-Anexo I-E,TotalDespesas,4318002,Inscrição de Restos a Pagar Processados,08.243 - Assistência à Criança e ao Adolescente,2021,Prefeitura Municipal de São Borja - RS,60019,Total Geral da Despesa por Função,RS,26458.86
DCA-Anexo I-E,2021,DESPESA,DCA-Anexo I-E,TotalDespesas,4318002,Inscrição de Restos a Pagar Processados,08.244 - Assistência Comunitária,2021,Prefeitura Municipal de São Borja - RS,60019,Total Geral da Despesa por Função,RS,44615.78
DCA-Anexo I-E,2021,DESPESA,DCA-Anexo I-E,TotalDespesas,4318002,Inscrição de Restos a Pagar Processados,08.122 - Administração Geral,2021,Prefeitura Municipal de São Borja - RS,60019,Total Geral da Despesa por Função,RS,7423.5
DCA-Anexo I-E,2021,DESPESA,DCA-Anexo I-E,TotalDespesas,4318002,Inscrição de Restos a Pagar Processados,10 - Saúde,2021,Prefeitura Municipal de São Borja - RS,60019,Total Geral da Despesa por Função,RS,948526.16
DCA-Anexo I-E,2021,DESPESA,DCA-Anexo I-E,TotalDespesas,4318002,Inscrição de Restos a Pagar Processados,10.301 - Atenção Básica,2021,Prefeitura Municipal de São Borja - RS,60019,Total Geral da Despesa por Função,RS,304003.81
DCA-Anexo I-E,2021,DESPESA,DCA-Anexo I-E,TotalDespesas,4318002,Inscrição de Restos a Pagar Processados,10.302 - Assistência Hospitalar e Ambulatorial,2021,Prefeitura Municipal de São Borja - RS,60019,Total Geral da Despesa por Função,RS,537992.4
DCA-Anexo I-E,2021,DESPESA,DCA-Anexo I-E,TotalDespesas,4318002,Inscrição de Restos a Pagar Processados,10.303 - Suporte Profilático e Terapêutico,2021,Prefeitura Municipal de São Borja - RS,60019,Total Geral da Despesa por Função,RS,15096.05
DCA-Anexo I-E,2021,DESPESA,DCA-Anexo I-E,TotalDespesas,4318002,Inscrição de Restos a Pagar Processados,10.304 - Vigilância Sanitária,2021,Prefeitura Municipal de São Borja - RS,60019,Total Geral da Despesa por Função,RS,709.74
DCA-Anexo I-E,2021,DESPESA,DCA-Anexo I-E,TotalDespesas,4318002,Inscrição de Restos a Pagar Processados,10.305 - Vigilância Epidemiológica,2021,Prefeitura Municipal de São Borja - RS,60019,Total Geral da Despesa por Função,RS,23753.32
DCA-Anexo I-E,2021,DESPESA,DCA-Anexo I-E,TotalDespesas,4318002,Inscrição de Restos a Pagar Processados,10.122 - Administração Geral,2021,Prefeitura Municipal de São Borja - RS,60019,Total Geral da Despesa por Função,RS,66970.84
DCA-Anexo I-E,2021,DESPESA,DCA-Anexo I-E,TotalDespesas,4318002,Inscrição de Restos a Pagar Processados,12 - Educação,2021,Prefeitura Municipal de São Borja - RS,60019,Total Geral da Despesa por Função,RS,603206.56
DCA-Anexo I-E,2021,DESPESA,DCA-Anexo I-E,TotalDespesas,4318002,Inscrição de Restos a Pagar Processados,12.361 - Ensino Fundamental,2021,Prefeitura Municipal de São Borja - RS,60019,Total Geral da Despesa por Função,RS,472057.01
DCA-Anexo I-E,2021,DESPESA,DCA-Anexo I-E,TotalDespesas,4318002,Inscrição de Restos a Pagar Processados,12.365 - Educação Infantil,2021,Prefeitura Municipal de São Borja - RS,60019,Total Geral da Despesa por Função,RS,78076.04
DCA-Anexo I-E,2021,DESPESA,DCA-Anexo I-E,TotalDespesas,4318002,Inscrição de Restos a Pagar Processados,12.366 - Educação de Jovens e Adultos,2021,Prefeitura Municipal de São Borja - RS,60019,Total Geral da Despesa por Função,RS,25.56
DCA-Anexo I-E,2021,DESPESA,DCA-Anexo I-E,TotalDespesas,4318002,Inscrição de Restos a Pagar Processados,12.122 - Administração Geral,2021,Prefeitura Municipal de São Borja - RS,60019,Total Geral da Despesa por Função,RS,53047.95
DCA-Anexo I-E,2021,DESPESA,DCA-Anexo I-E,TotalDespesas,4318002,Inscrição de Restos a Pagar Processados,13 - Cultura,2021,Prefeitura Municipal de São Borja - RS,60019,Total Geral da Despesa por Função,RS,4832.44
DCA-Anexo I-E,2021,DESPESA,DCA-Anexo I-E,TotalDespesas,4318002,Inscrição de Restos a Pagar Processados,13.392 - Difusão Cultural,2021,Prefeitura Municipal de São Borja - RS,60019,Total Geral da Despesa por Função,RS,4832.44
DCA-Anexo I-E,2021,DESPESA,DCA-Anexo I-E,TotalDespesas,4318002,Inscrição de Restos a Pagar Processados,15 - Urbanismo,2021,Prefeitura Municipal de São Borja - RS,60019,Total Geral da Despesa por Função,RS,814102.34
DCA-Anexo I-E,2021,DESPESA,DCA-Anexo I-E,TotalDespesas,4318002,Inscrição de Restos a Pagar Processados,15.451 - Infraestrutura Urbana,2021,Prefeitura Municipal de São Borja - RS,60019,Total Geral da Despesa por Função,RS,177220.28
DCA-Anexo I-E,2021,DESPESA,DCA-Anexo I-E,TotalDespesas,4318002,Inscrição de Restos a Pagar Processados,15.452 - Serviços Urbanos,2021,Prefeitura Municipal de São Borja - RS,60019,Total Geral da Despesa por Função,RS,636882.06
DCA-Anexo I-E,2021,DESPESA,DCA-Anexo I-E,TotalDespesas,4318002,Inscrição de Restos a Pagar Processados,17 - Saneamento,2021,Prefeitura Municipal de São Borja - RS,60019,Total Geral da Despesa por Função,RS,14499.2
DCA-Anexo I-E,2021,DESPESA,DCA-Anexo I-E,TotalDespesas,4318002,Inscrição de Restos a Pagar Processados,17.511 - Saneamento Básico Rural,2021,Prefeitura Municipal de São Borja - RS,60019,Total Geral da Despesa por Função,RS,14499.2
DCA-Anexo I-E,2021,DESPESA,DCA-Anexo I-E,TotalDespesas,4318002,Inscrição de Restos a Pagar Processados,18 - Gestão Ambiental,2021,Prefeitura Municipal de São Borja - RS,60019,Total Geral da Despesa por Função,RS,122.5
DCA-Anexo I-E,2021,DESPESA,DCA-Anexo I-E,TotalDespesas,4318002,Inscrição de Restos a Pagar Processados,18.541 - Preservação e Conservação Ambiental,2021,Prefeitura Municipal de São Borja - RS,60019,Total Geral da Despesa por Função,RS,122.5
DCA-Anexo I-E,2021,DESPESA,DCA-Anexo I-E,TotalDespesas,4318002,Inscrição de Restos a Pagar Processados,23 - Comércio e Serviços,2021,Prefeitura Municipal de São Borja - RS,60019,Total Geral da Despesa por Função,RS,4042
DCA-Anexo I-E,2021,DESPESA,DCA-Anexo I-E,TotalDespesas,4318002,Inscrição de Restos a Pagar Processados,23.695 - Turismo,2021,Prefeitura Municipal de São Borja - RS,60019,Total Geral da Despesa por Função,RS,4042
DCA-Anexo I-E,2021,DESPESA,DCA-Anexo I-E,TotalDespesas,4318002,Inscrição de Restos a Pagar Processados,27 - Desporto e Lazer,2021,Prefeitura Municipal de São Borja - RS,60019,Total Geral da Despesa por Função,RS,1535
DCA-Anexo I-E,2021,DESPESA,DCA-Anexo I-E,TotalDespesas,4318002,Inscrição de Restos a Pagar Processados,27.812 - Desporto Comunitário,2021,Prefeitura Municipal de São Borja - RS,60019,Total Geral da Despesa por Função,RS,1535
DCA-Anexo I-E,2021,DESPESA,DCA-Anexo I-E,TotalDespesas,4318002,Inscrição de Restos a Pagar Processados,28 - Encargos Especiais,2021,Prefeitura Municipal de São Borja - RS,60019,Total Geral da Despesa por Função,RS,203198.37
DCA-Anexo I-E,2021,DESPESA|DIVIDA,DCA-Anexo I-E,TotalDespesas,4318002,Inscrição de Restos a Pagar Processados,28.843 - Serviço da Dívida Interna,2021,Prefeitura Municipal de São Borja - RS,60019,Total Geral da Despesa por Função,RS,203198.37
DCA-Anexo I-E,2021,DESPESA,DCA-Anexo I-E,TotalDespesas,4318002,Inscrição de Restos a Pagar Processados,Despesas Intraorçamentárias,2021,Prefeitura Municipal de São Borja - RS,60019,Total Geral da Despesa por Função,RS,2910701.98
DCA-Anexo I-C,2022,FUNDEB,DCA-Anexo I-C,ReceitasExcetoIntraOrcamentarias,4318002,Deduções - FUNDEB,RECEITAS (EXCETO INTRA-ORÇAMENTÁRIAS) (I),2022,Prefeitura Municipal de São Borja - RS,59768,Padrão,RS,25450072.86
DCA-Anexo I-C,2022,FUNDEB,DCA-Anexo I-C,RO1.0.0.0.00.0.0,4318002,Deduções - FUNDEB,1.0.0.0.00.0.0 - Receitas Correntes,2022,Prefeitura Municipal de São Borja - RS,59768,Padrão,RS,25450072.86
DCA-Anexo I-C,2022,PREVID,DCA-Anexo I-C,RO1.2.1.5.00.0.0,4318002,Receitas Brutas Realizadas,1.2.1.5.00.0.0 - Contribuições para Regimes Próprios de Previdência e Sistema de Proteção Social,2022,Prefeitura Municipal de São Borja - RS,59768,Padrão,RS,6124940.91
DCA-Anexo I-C,2022,JUROS,DCA-Anexo I-C,RO1.3.2.1.00.0.0,4318002,Receitas Brutas Realizadas,1.3.2.1.00.0.0 - Juros e Correções Monetárias,2022,Prefeitura Municipal de São Borja - RS,59768,Padrão,RS,16488104.18
DCA-Anexo I-C,2022,PREVID,DCA-Anexo I-C,RO1.3.2.1.04.0.0,4318002,Receitas Brutas Realizadas,1.3.2.1.04.0.0 - Remuneração dos Recursos do Regime Próprio de Previdência Social - RPPS,2022,Prefeitura Municipal de São Borja - RS,59768,Padrão,RS,11591793.83
DCA-Anexo I-C,2022,JUROS,DCA-Anexo I-C,RO1.3.2.1.05.0.0,4318002,Receitas Brutas Realizadas,1.3.2.1.05.0.0 - Juros de Títulos de Renda,2022,Prefeitura Municipal de São Borja - RS,59768,Padrão,RS,166535.13
DCA-Anexo I-C,2022,TRANSFERENCIAS CORRENTES,DCA-Anexo I-C,RO1.7.0.0.00.0.0,4318002,Receitas Brutas Realizadas,1.7.0.0.00.0.0 - Transferências Correntes,2022,Prefeitura Municipal de São Borja - RS,59768,Padrão,RS,203615138.6
DCA-Anexo I-C,2022,FUNDEB|TRANSFERENCIAS CORRENTES,DCA-Anexo I-C,RO1.7.0.0.00.0.0,4318002,Deduções - FUNDEB,1.7.0.0.00.0.0 - Transferências Correntes,2022,Prefeitura Municipal de São Borja - RS,59768,Padrão,RS,22828322.3
DCA-Anexo I-C,2022,TRANSFERENCIAS CORRENTES,DCA-Anexo I-C,RO1.7.0.0.00.0.0,4318002,Outras Deduções da Receita,1.7.0.0.00.0.0 - Transferências Correntes,2022,Prefeitura Municipal de São Borja - RS,59768,Padrão,RS,265.55
DCA-Anexo I-C,2022,FUNDEB,DCA-Anexo I-C,RO1.7.1.0.00.0.0,4318002,Deduções - FUNDEB,1.7.1.0.00.0.0 - Transferências da União e de suas Entidades,2022,Prefeitura Municipal de São Borja - RS,59768,Padrão,RS,10168341.48
DCA-Anexo I-C,2022,FUNDEB,DCA-Anexo I-C,RO1.7.1.1.00.0.0,4318002,Deduções - FUNDEB,1.7.1.1.00.0.0 - Transferências Decorrentes de Participação na Receita da União,2022,Prefeitura Municipal de São Borja - RS,59768,Padrão,RS,10168341.48
DCA-Anexo I-C,2022,FPM|FUNDO DE PARTICIPACAO DOS MUNICIPIOS,DCA-Anexo I-C,RO1.7.1.1.51.0.0,4318002,Receitas Brutas Realizadas,1.7.1.1.51.0.0 -Cota-Parte do Fundo de Participação dos Municípios - FPM,2022,Prefeitura Municipal de São Borja - RS,59768,Padrão,RS,48899545.72
DCA-Anexo I-C,2022,FPM|FUNDEB|FUNDO DE PARTICIPACAO DOS MUNICIPIOS,DCA-Anexo I-C,RO1.7.1.1.51.0.0,4318002,Deduções - FUNDEB,1.7.1.1.51.0.0 -Cota-Parte do Fundo de Participação dos Municípios - FPM,2022,Prefeitura Municipal de São Borja - RS,59768,Padrão,RS,9280620.36
DCA-Anexo I-C,2022,FUNDO DE PARTICIPACAO DOS MUNICIPIOS,DCA-Anexo I-C,RO1.7.1.1.51.1.0,4318002,Receitas Brutas Realizadas,1.7.1.1.51.1.0 - Cota-Parte do Fundo de Participação dos Municípios - Cota Mensal,2022,Prefeitura Municipal de São Borja - RS,59768,Padrão,RS,46403103.1
DCA-Anexo I-C,2022,FUNDEB|FUNDO DE PARTICIPACAO DOS MUNICIPIOS,DCA-Anexo I-C,RO1.7.1.1.51.1.0,4318002,Deduções - FUNDEB,1.7.1.1.51.1.0 - Cota-Parte do Fundo de Participação dos Municípios - Cota Mensal,2022,Prefeitura Municipal de São Borja - RS,59768,Padrão,RS,9280620.36
DCA-Anexo I-C,2022,FUNDO DE PARTICIPACAO DOS MUNICIPIOS,DCA-Anexo I-C,RO1.7.1.1.51.3.0,4318002,Receitas Brutas Realizadas,1.7.1.1.51.3.0 - Cota-Parte do Fundo de Participação dos Municípios - 1% Cota entregue no mês de julho,2022,Prefeitura Municipal de São Borja - RS,59768,Padrão,RS,2114404.04
DCA-Anexo I-C,2022,FUNDEB,DCA-Anexo I-C,RO1.7.1.1.52.0.0,4318002,Deduções - FUNDEB,1.7.1.1.52.0.0 - Cota-Parte do Imposto Sobre a Propriedade Territorial Rural,2022,Prefeitura Municipal de São Borja - RS,59768,Padrão,RS,887721.12
DCA-Anexo I-C,2022,FUNDEB,DCA-Anexo I-C,RO1.7.2.0.00.0.0,4318002,Deduções - FUNDEB,1.7.2.0.00.0.0 - Transferências dos Estados e do Distrito Federal e de suas Entidades,2022,Prefeitura Municipal de São Borja - RS,59768,Padrão,RS,12659980.82
DCA-Anexo I-C,2022,FUNDEB,DCA-Anexo I-C,RO1.7.2.1.00.0.0,4318002,Deduções - FUNDEB,1.7.2.1.00.0.0 - Participação na Receita dos Estados e Distrito Federal,2022,Prefeitura Municipal de São Borja - RS,59768,Padrão,RS,12659980.82
DCA-Anexo I-C,2022,ICMS,DCA-Anexo I-C,RO1.7.2.1.50.0.0,4318002,Receitas Brutas Realizadas,1.7.2.1.50.0.0 - Cota-Parte do ICMS,2022,Prefeitura Municipal de São Borja - RS,59768,Padrão,RS,53864501.96
DCA-Anexo I-C,2022,FUNDEB|ICMS,DCA-Anexo I-C,RO1.7.2.1.50.0.0,4318002,Deduções - FUNDEB,1.7.2.1.50.0.0 - Cota-Parte do ICMS,2022,Prefeitura Municipal de São Borja - RS,59768,Padrão,RS,10602940.87
DCA-Anexo I-C,2022,IPVA,DCA-Anexo I-C,RO1.7.2.1.51.0.0,4318002,Receitas Brutas Realizadas,1.7.2.1.51.0.0 - Cota-Parte do IPVA,2022,Prefeitura Municipal de São Borja - RS,59768,Padrão,RS,8959766.25
DCA-Anexo I-C,2022,FUNDEB|IPVA,DCA-Anexo I-C,RO1.7.2.1.51.0.0,4318002,Deduções - FUNDEB,1.7.2.1.51.0.0 - Cota-Parte do IPVA,2022,Prefeitura Municipal de São Borja - RS,59768,Padrão,RS,1946298.98
DCA-Anexo I-C,2022,FUNDEB,DCA-Anexo I-C,RO1.7.2.1.52.0.0,4318002,Deduções - FUNDEB,1.7.2.1.52.0.0 - Cota-Parte do IPI - Municípios,2022,Prefeitura Municipal de São Borja - RS,59768,Padrão,RS,110740.97
DCA-Anexo I-C,2022,FUNDEB,DCA-Anexo I-C,RO1.7.5.1.00.0.0,4318002,Receitas Brutas Realizadas,1.7.5.1.00.0.0 - Transferências de Recursos do Fundo de Manutenção e Desenvolvimento da Educação Básica e de Valorização dos Profissionais da Educação - FUNDEB,2022,Prefeitura Municipal de São Borja - RS,59768,Padrão,RS,33641193.65
DCA-Anexo I-C,2022,FUNDEB,DCA-Anexo I-C,RO1.9.0.0.00.0.0,4318002,Deduções - FUNDEB,1.9.0.0.00.0.0 - Outras Receitas Correntes,2022,Prefeitura Municipal de São Borja - RS,59768,Padrão,RS,2621750.56
DCA-Anexo I-C,2022,FUNDEB,DCA-Anexo I-C,RO1.9.9.0.00.0.0,4318002,Deduções - FUNDEB,1.9.9.0.00.0.0 - Demais Receitas Correntes,2022,Prefeitura Municipal de São Borja - RS,59768,Padrão,RS,2621750.56
DCA-Anexo I-C,2022,FUNDEB,DCA-Anexo I-C,RO1.9.9.9.00.0.0,4318002,Deduções - FUNDEB,1.9.9.9.00.0.0 - Outras Receitas Correntes,2022,Prefeitura Municipal de São Borja - RS,59768,Padrão,RS,2621750.56
DCA-Anexo I-C,2022,PREVID,DCA-Anexo I-C,RO1.9.9.9.03.0.0,4318002,Receitas Brutas Realizadas,1.9.9.9.03.0.0 - Compensações Financeiras entre o Regime Geral e os Regimes Próprios de Previdência e Sistema de Proteção Social,2022,Prefeitura Municipal de São Borja - RS,59768,Padrão,RS,154911.82
DCA-Anexo I-C,2022,DIVIDA,DCA-Anexo I-C,RO1.9.9.9.12.0.0,4318002,Receitas Brutas Realizadas,1.9.9.9.12.0.0 - Encargos Legais pela Inscrição em Dívida Ativa e Receitas de Ônus de Sucumbência,2022,Prefeitura Municipal de São Borja - RS,59768,Padrão,RS,144483.63
DCA-Anexo I-C,2022,FUNDEB,DCA-Anexo I-C,RO1.9.9.9.99.0.0,4318002,Deduções - FUNDEB,1.9.9.9.99.0.0 - Outras Receitas,2022,Prefeitura Municipal de São Borja - RS,59768,Padrão,RS,2621750.56
DCA-Anexo I-C,2022,FUNDEB,DCA-Anexo I-C,RO1.9.9.9.99.2.0,4318002,Deduções - FUNDEB,1.9.9.9.99.2.0 - Outras Receitas Não Arrecadadas e Não Projetadas pela RFB - Primárias,2022,Prefeitura Municipal de São Borja - RS,59768,Padrão,RS,2621750.56
DCA-Anexo I-C,2022,PREVID,DCA-Anexo I-C,RI7.2.1.5.00.0.0,4318002,Receitas Brutas Realizadas,7.2.1.5.00.0.0 - Contribuições para Regimes Próprios de Previdência e Sistema de Proteção Social,2022,Prefeitura Municipal de São Borja - RS,59768,Padrão,RS,28192201.79
DCA-Anexo I-C,2022,FUNDEB,DCA-Anexo I-C,TotalReceitas,4318002,Deduções - FUNDEB,TOTAL DAS RECEITAS (III) = (I + II),2022,Prefeitura Municipal de São Borja - RS,59768,Padrão,RS,25450072.86
DCA-Anexo I-D,2022,DESPESA,DCA-Anexo I-D,TotalDespesas,4318002,Despesas Empenhadas,Total Geral da Despesa,2022,Prefeitura Municipal de São Borja - RS,59768,Padrão,RS,307721875.71
DCA-Anexo I-D,2022,DESPESA,DCA-Anexo I-D,TotalDespesas,4318002,Despesas Liquidadas,Total Geral da Despesa,2022,Prefeitura Municipal de São Borja - RS,59768,Padrão,RS,287715260.26
DCA-Anexo I-D,2022,DESPESA,DCA-Anexo I-D,TotalDespesas,4318002,Despesas Pagas,Total Geral da Despesa,2022,Prefeitura Municipal de São Borja - RS,59768,Padrão,RS,280509051.03
DCA-Anexo I-D,2022,DESPESA,DCA-Anexo I-D,TotalDespesas,4318002,Inscrição de Restos a Pagar Não Processados,Total Geral da Despesa,2022,Prefeitura Municipal de São Borja - RS,59768,Padrão,RS,20006615.45
DCA-Anexo I-D,2022,DESPESA,DCA-Anexo I-D,TotalDespesas,4318002,Inscrição de Restos a Pagar Processados,Total Geral da Despesa,2022,Prefeitura Municipal de São Borja - RS,59768,Padrão,RS,7206209.23
DCA-Anexo I-D,2022,DESPESA,DCA-Anexo I-D,DO3.0.00.00.00.00,4318002,Despesas Empenhadas,3.0.00.00.00 - Despesas Correntes,2022,Prefeitura Municipal de São Borja - RS,59768,Padrão,RS,273109026.44
DCA-Anexo I-D,2022,DESPESA,DCA-Anexo I-D,DO3.0.00.00.00.00,4318002,Despesas Liquidadas,3.0.00.00.00 - Despesas Correntes,2022,Prefeitura Municipal de São Borja - RS,59768,Padrão,RS,266169508.35
DCA-Anexo I-D,2022,DESPESA,DCA-Anexo I-D,DO3.0.00.00.00.00,4318002,Despesas Pagas,3.0.00.00.00 - Despesas Correntes,2022,Prefeitura Municipal de São Borja - RS,59768,Padrão,RS,258994343.68
DCA-Anexo I-D,2022,DESPESA,DCA-Anexo I-D,DO3.0.00.00.00.00,4318002,Inscrição de Restos a Pagar Não Processados,3.0.00.00.00 - Despesas Correntes,2022,Prefeitura Municipal de São Borja - RS,59768,Padrão,RS,6939518.09
DCA-Anexo I-D,2022,DESPESA,DCA-Anexo I-D,DO3.0.00.00.00.00,4318002,Inscrição de Restos a Pagar Processados,3.0.00.00.00 - Despesas Correntes,2022,Prefeitura Municipal de São Borja - RS,59768,Padrão,RS,7175164.67
DCA-Anexo I-D,2022,DESPESA|PESSOAL,DCA-Anexo I-D,DO3.1.00.00.00.00,4318002,Despesas Empenhadas,3.1.00.00.00 - Pessoal e Encargos Sociais,2022,Prefeitura Municipal de São Borja - RS,59768,Padrão,RS,156130088.62
DCA-Anexo I-D,2022,DESPESA|PESSOAL,DCA-Anexo I-D,DO3.1.00.00.00.00,4318002,Despesas Liquidadas,3.1.00.00.00 - Pessoal e Encargos Sociais,2022,Prefeitura Municipal de São Borja - RS,59768,Padrão,RS,156058086.74
DCA-Anexo I-D,2022,DESPESA|PESSOAL,DCA-Anexo I-D,DO3.1.00.00.00.00,4318002,Despesas Pagas,3.1.00.00.00 - Pessoal e Encargos Sociais,2022,Prefeitura Municipal de São Borja - RS,59768,Padrão,RS,151342505.14
DCA-Anexo I-D,2022,PESSOAL,DCA-Anexo I-D,DO3.1.00.00.00.00,4318002,Inscrição de Restos a Pagar Não Processados,3.1.00.00.00 - Pessoal e Encargos Sociais,2022,Prefeitura Municipal de São Borja - RS,59768,Padrão,RS,72001.88
DCA-Anexo I-D,2022,PESSOAL,DCA-Anexo I-D,DO3.1.00.00.00.00,4318002,Inscrição de Restos a Pagar Processados,3.1.00.00.00 - Pessoal e Encargos Sociais,2022,Prefeitura Municipal de São Borja - RS,59768,Padrão,RS,4715581.6
DCA-Anexo I-D,2022,DESPESA,DCA-Anexo I-D,DO3.1.90.00.00.00,4318002,Despesas Empenhadas,3.1.90.00.00 - Aplicações Diretas,2022,Prefeitura Municipal de São Borja - RS,59768,Padrão,RS,135643162.3
DCA-Anexo I-D,2022,DESPESA,DCA-Anexo I-D,DO3.1.90.00.00.00,4318002,Despesas Liquidadas,3.1.90.00.00 - Aplicações Diretas,2022,Prefeitura Municipal de São Borja - RS,59768,Padrão,RS,135571160.42
DCA-Anexo I-D,2022,DESPESA,DCA-Anexo I-D,DO3.1.90.00.00.00,4318002,Despesas Pagas,3.1.90.00.00 - Aplicações Diretas,2022,Prefeitura Municipal de São Borja - RS,59768,Padrão,RS,134829895.77
DCA-Anexo I-D,2022,DESPESA,DCA-Anexo I-D,DO3.1.90.01.00.00,4318002,Despesas Empenhadas,"3.1.90.01.00 - Aposentadorias, Reserva Remunerada e Reformas",2022,Prefeitura Municipal de São Borja - RS,59768,Padrão,RS,29007352.58
DCA-Anexo I-D,2022,DESPESA,DCA-Anexo I-D,DO3.1.90.01.00.00,4318002,Despesas Liquidadas,"3.1.90.01.00 - Aposentadorias, Reserva Remunerada e Reformas",2022,Prefeitura Municipal de São Borja - RS,59768,Padrão,RS,29007352.58
DCA-Anexo I-D,2022,DESPESA,DCA-Anexo I-D,DO3.1.90.01.00.00,4318002,Despesas Pagas,"3.1.90.01.00 - Aposentadorias, Reserva Remunerada e Reformas",2022,Prefeitura Municipal de São Borja - RS,59768,Padrão,RS,29007352.58
DCA-Anexo I-D,2022,DESPESA,DCA-Anexo I-D,DO3.1.90.03.00.00,4318002,Despesas Empenhadas,3.1.90.03.00 - Pensões,2022,Prefeitura Municipal de São Borja - RS,59768,Padrão,RS,3748295.57
DCA-Anexo I-D,2022,DESPESA,DCA-Anexo I-D,DO3.1.90.03.00.00,4318002,Despesas Liquidadas,3.1.90.03.00 - Pensões,2022,Prefeitura Municipal de São Borja - RS,59768,Padrão,RS,3748295.57
DCA-Anexo I-D,2022,DESPESA,DCA-Anexo I-D,DO3.1.90.03.00.00,4318002,Despesas Pagas,3.1.90.03.00 - Pensões,2022,Prefeitura Municipal de São Borja - RS,59768,Padrão,RS,3748295.57
DCA-Anexo I-D,2022,DESPESA,DCA-Anexo I-D,DO3.1.90.04.00.00,4318002,Despesas Empenhadas,3.1.90.04.00 - Contratação por Tempo Determinado,2022,Prefeitura Municipal de São Borja - RS,59768,Padrão,RS,24974681.92
DCA-Anexo I-D,2022,DESPESA,DCA-Anexo I-D,DO3.1.90.04.00.00,4318002,Despesas Liquidadas,3.1.90.04.00 - Contratação por Tempo Determinado,2022,Prefeitura Municipal de São Borja - RS,59768,Padrão,RS,24974681.92
DCA-Anexo I-D,2022,DESPESA,DCA-Anexo I-D,DO3.1.90.04.00.00,4318002,Despesas Pagas,3.1.90.04.00 - Contratação por Tempo Determinado,2022,Prefeitura Municipal de São Borja - RS,59768,Padrão,RS,24609416.12
DCA-Anexo I-D,2022,DESPESA|PESSOAL,DCA-Anexo I-D,DO3.1.90.11.00.00,4318002,Despesas Empenhadas,3.1.90.11.00 - Vencimentos e Vantagens Fixas - Pessoal Civil,2022,Prefeitura Municipal de São Borja - RS,59768,Padrão,RS,68639006.21
DCA-Anexo I-D,2022,DESPESA|PESSOAL,DCA-Anexo I-D,DO3.1.90.11.00.00,4318002,Despesas Liquidadas,3.1.90.11.00 - Vencimentos e Vantagens Fixas - Pessoal Civil,2022,Prefeitura Municipal de São Borja - RS,59768,Padrão,RS,68608254.34
DCA-Anexo I-D,2022,DESPESA|PESSOAL,DCA-Anexo I-D,DO3.1.90.11.00.00,4318002,Despesas Pagas,3.1.90.11.00 - Vencimentos e Vantagens Fixas - Pessoal Civil,2022,Prefeitura Municipal de São Borja - RS,59768,Padrão,RS,68512212.09
DCA-Anexo I-D,2022,PESSOAL,DCA-Anexo I-D,DO3.1.90.11.00.00,4318002,Inscrição de Restos a Pagar Não Processados,3.1.90.11.00 - Vencimentos e Vantagens Fixas - Pessoal Civil,2022,Prefeitura Municipal de São Borja - RS,59768,Padrão,RS,30751.87
DCA-Anexo I-D,2022,PESSOAL,DCA-Anexo I-D,DO3.1.90.11.00.00,4318002,Inscrição de Restos a Pagar Processados,3.1.90.11.00 - Vencimentos e Vantagens Fixas - Pessoal Civil,2022,Prefeitura Municipal de São Borja - RS,59768,Padrão,RS,96042.25
DCA-Anexo I-D,2022,DESPESA,DCA-Anexo I-D,DO3.1.90.13.00.00,4318002,Despesas Empenhadas,3.1.90.13.00 - Obrigações Patronais,2022,Prefeitura Municipal de São Borja - RS,59768,Padrão,RS,2746227.86
DCA-Anexo I-D,2022,DESPESA,DCA-Anexo I-D,DO3.1.90.13.00.00,4318002,Despesas Liquidadas,3.1.90.13.00 - Obrigações Patronais,2022,Prefeitura Municipal de São Borja - RS,59768,Padrão,RS,2704977.85
DCA-Anexo I-D,2022,DESPESA,DCA-Anexo I-D,DO3.1.90.13.00.00,4318002,Despesas Pagas,3.1.90.13.00 - Obrigações Patronais,2022,Prefeitura Municipal de São Borja - RS,59768,Padrão,RS,2434210.39
DCA-Anexo I-D,2022,DESPESA,DCA-Anexo I-D,DO3.1.90.13.01.00,4318002,Despesas Empenhadas,3.1.90.13.01 - FGTS,2022,Prefeitura Municipal de São Borja - RS,59768,Padrão,RS,250094.21
DCA-Anexo I-D,2022,DESPESA,DCA-Anexo I-D,DO3.1.90.13.01.00,4318002,Despesas Liquidadas,3.1.90.13.01 - FGTS,2022,Prefeitura Municipal de São Borja - RS,59768,Padrão,RS,250094.21
DCA-Anexo I-D,2022,DESPESA,DCA-Anexo I-D,DO3.1.90.13.01.00,4318002,Despesas Pagas,3.1.90.13.01 - FGTS,2022,Prefeitura Municipal de São Borja - RS,59768,Padrão,RS,212354.74
DCA-Anexo I-D,2022,DESPESA|PREVID,DCA-Anexo I-D,DO3.1.90.13.02.00,4318002,Despesas Empenhadas,3.1.90.13.02 - Contribuições Previdenciárias - INSS,2022,Prefeitura Municipal de São Borja - RS,59768,Padrão,RS,2479772.23
DCA-Anexo I-D,2022,DESPESA|PREVID,DCA-Anexo I-D,DO3.1.90.13.02.00,4318002,Despesas Liquidadas,3.1.90.13.02 - Contribuições Previdenciárias - INSS,2022,Prefeitura Municipal de São Borja - RS,59768,Padrão,RS,2438522.22
DCA-Anexo I-D,2022,DESPESA|PREVID,DCA-Anexo I-D,DO3.1.90.13.02.00,4318002,Despesas Pagas,3.1.90.13.02 - Contribuições Previdenciárias - INSS,2022,Prefeitura Municipal de São Borja - RS,59768,Padrão,RS,2205494.23
DCA-Anexo I-D,2022,PREVID,DCA-Anexo I-D,DO3.1.90.13.02.00,4318002,Inscrição de Restos a Pagar Não Processados,3.1.90.13.02 - Contribuições Previdenciárias - INSS,2022,Prefeitura Municipal de São Borja - RS,59768,Padrão,RS,41250.01
DCA-Anexo I-D,2022,PREVID,DCA-Anexo I-D,DO3.1.90.13.02.00,4318002,Inscrição de Restos a Pagar Processados,3.1.90.13.02 - Contribuições Previdenciárias - INSS,2022,Prefeitura Municipal de São Borja - RS,59768,Padrão,RS,233027.99
DCA-Anexo I-D,2022,DESPESA,DCA-Anexo I-D,DO3.1.90.13.99.00,4318002,Despesas Empenhadas,3.1.90.13.99 - Outras Obrigações Patronais,2022,Prefeitura Municipal de São Borja - RS,59768,Padrão,RS,16361.42
DCA-Anexo I-D,2022,DESPESA,DCA-Anexo I-D,DO3.1.90.13.99.00,4318002,Despesas Liquidadas,3.1.90.13.99 - Outras Obrigações Patronais,2022,Prefeitura Municipal de São Borja - RS,59768,Padrão,RS,16361.42
DCA-Anexo I-D,2022,DESPESA,DCA-Anexo I-D,DO3.1.90.13.99.00,4318002,Despesas Pagas,3.1.90.13.99 - Outras Obrigações Patronais,2022,Prefeitura Municipal de São Borja - RS,59768,Padrão,RS,16361.42
DCA-Anexo I-D,2022,DESPESA|PESSOAL,DCA-Anexo I-D,DO3.1.90.16.00.00,4318002,Despesas Empenhadas,3.1.90.16.00 - Outras Despesas Variáveis - Pessoal Civil,2022,Prefeitura Municipal de São Borja - RS,59768,Padrão,RS,5706149.66
DCA-Anexo I-D,2022,DESPESA|PESSOAL,DCA-Anexo I-D,DO3.1.90.16.00.00,4318002,Despesas Liquidadas,3.1.90.16.00 - Outras Despesas Variáveis - Pessoal Civil,2022,Prefeitura Municipal de São Borja - RS,59768,Padrão,RS,5706149.66
DCA-Anexo I-D,2022,DESPESA|PESSOAL,DCA-Anexo I-D,DO3.1.90.16.00.00,4318002,Despesas Pagas,3.1.90.16.00 - Outras Despesas Variáveis - Pessoal Civil,2022,Prefeitura Municipal de São Borja - RS,59768,Padrão,RS,5706149.66
DCA-Anexo I-D,2022,DESPESA,DCA-Anexo I-D,DO3.1.90.94.00.00,4318002,Despesas Empenhadas,3.1.90.94.00 - Indenizações e Restituições Trabalhistas,2022,Prefeitura Municipal de São Borja - RS,59768,Padrão,RS,821448.5
DCA-Anexo I-D,2022,DESPESA,DCA-Anexo I-D,DO3.1.90.94.00.00,4318002,Despesas Liquidadas,3.1.90.94.00 - Indenizações e Restituições Trabalhistas,2022,Prefeitura Municipal de São Borja - RS,59768,Padrão,RS,821448.5
DCA-Anexo I-D,2022,DESPESA,DCA-Anexo I-D,DO3.1.90.94.00.00,4318002,Despesas Pagas,3.1.90.94.00 - Indenizações e Restituições Trabalhistas,2022,Prefeitura Municipal de São Borja - RS,59768,Padrão,RS,812259.36
DCA-Anexo I-D,2022,DESPESA,DCA-Anexo I-D,DI3.1.91.00.00.00,4318002,Despesas Empenhadas,"3.1.91.00.00 - Aplicação Direta Decorrente de Operação entre Órgãos, Fundos e Entidades Integrantes dos Orçamentos Fiscal e da Seguridade Social",2022,Prefeitura Municipal de São Borja - RS,59768,Padrão,RS,20486926.32
DCA-Anexo I-D,2022,DESPESA,DCA-Anexo I-D,DI3.1.91.00.00.00,4318002,Despesas Liquidadas,"3.1.91.00.00 - Aplicação Direta Decorrente de Operação entre Órgãos, Fundos e Entidades Integrantes dos Orçamentos Fiscal e da Seguridade Social",2022,Prefeitura Municipal de São Borja - RS,59768,Padrão,RS,20486926.32
DCA-Anexo I-D,2022,DESPESA,DCA-Anexo I-D,DI3.1.91.00.00.00,4318002,Despesas Pagas,"3.1.91.00.00 - Aplicação Direta Decorrente de Operação entre Órgãos, Fundos e Entidades Integrantes dos Orçamentos Fiscal e da Seguridade Social",2022,Prefeitura Municipal de São Borja - RS,59768,Padrão,RS,16512609.37
DCA-Anexo I-D,2022,DESPESA,DCA-Anexo I-D,DI3.1.91.13.00.00,4318002,Despesas Empenhadas,3.1.91.13.00 - Contribuições Patronais,2022,Prefeitura Municipal de São Borja - RS,59768,Padrão,RS,20486926.32
DCA-Anexo I-D,2022,DESPESA,DCA-Anexo I-D,DI3.1.91.13.00.00,4318002,Despesas Liquidadas,3.1.91.13.00 - Contribuições Patronais,2022,Prefeitura Municipal de São Borja - RS,59768,Padrão,RS,20486926.32
DCA-Anexo I-D,2022,DESPESA,DCA-Anexo I-D,DI3.1.91.13.00.00,4318002,Despesas Pagas,3.1.91.13.00 - Contribuições Patronais,2022,Prefeitura Municipal de São Borja - RS,59768,Padrão,RS,16512609.37
DCA-Anexo I-D,2022,DESPESA|PESSOAL|PREVID,DCA-Anexo I-D,DI3.1.91.13.08.00,4318002,Despesas Empenhadas,3.1.91.13.08 - Contribuições previdenciárias - RPPS - pessoal ativo - plano previdenciário,2022,Prefeitura Municipal de São Borja - RS,59768,Padrão,RS,6535204.2
DCA-Anexo I-D,2022,DESPESA|PESSOAL|PREVID,DCA-Anexo I-D,DI3.1.91.13.08.00,4318002,Despesas Liquidadas,3.1.91.13.08 - Contribuições previdenciárias - RPPS - pessoal ativo - plano previdenciário,2022,Prefeitura Municipal de São Borja - RS,59768,Padrão,RS,6535204.2
DCA-Anexo I-D,2022,DESPESA|PESSOAL|PREVID,DCA-Anexo I-D,DI3.1.91.13.08.00,4318002,Despesas Pagas,3.1.91.13.08 - Contribuições previdenciárias - RPPS - pessoal ativo - plano previdenciário,2022,Prefeitura Municipal de São Borja - RS,59768,Padrão,RS,5265730.91
DCA-Anexo I-D,2022,PESSOAL|PREVID,DCA-Anexo I-D,DI3.1.91.13.08.00,4318002,Inscrição de Restos a Pagar Processados,3.1.91.13.08 - Contribuições previdenciárias - RPPS - pessoal ativo - plano previdenciário,2022,Prefeitura Municipal de São Borja - RS,59768,Padrão,RS,1269473.29
DCA-Anexo I-D,2022,DESPESA|PESSOAL|PREVID,DCA-Anexo I-D,DI3.1.91.13.20.00,4318002,Despesas Empenhadas,3.1.91.13.20 - Alíquota suplementar de contribuição previdenciária - pessoal ativo - plano previdenciário,2022,Prefeitura Municipal de São Borja - RS,59768,Padrão,RS,13951722.12
DCA-Anexo I-D,2022,DESPESA|PESSOAL|PREVID,DCA-Anexo I-D,DI3.1.91.13.20.00,4318002,Despesas Liquidadas,3.1.91.13.20 - Alíquota suplementar de contribuição previdenciária - pessoal ativo - plano previdenciário,2022,Prefeitura Municipal de São Borja - RS,59768,Padrão,RS,13951722.12
DCA-Anexo I-D,2022,DESPESA|PESSOAL|PREVID,DCA-Anexo I-D,DI3.1.91.13.20.00,4318002,Despesas Pagas,3.1.91.13.20 - Alíquota suplementar de contribuição previdenciária - pessoal ativo - plano previdenciário,2022,Prefeitura Municipal de São Borja - RS,59768,Padrão,RS,11246878.46
DCA-Anexo I-D,2022,PESSOAL|PREVID,DCA-Anexo I-D,DI3.1.91.13.20.00,4318002,Inscrição de Restos a Pagar Processados,3.1.91.13.20 - Alíquota suplementar de contribuição previdenciária - pessoal ativo - plano previdenciário,2022,Prefeitura Municipal de São Borja - RS,59768,Padrão,RS,2704843.66
DCA-Anexo I-D,2022,DESPESA|DIVIDA|JUROS,DCA-Anexo I-D,DO3.2.00.00.00.00,4318002,Despesas Empenhadas,3.2.00.00.00 - Juros e Encargos da Dívida,2022,Prefeitura Municipal de São Borja - RS,59768,Padrão,RS,3574071.2
DCA-Anexo I-D,2022,DESPESA|DIVIDA|JUROS,DCA-Anexo I-D,DO3.2.00.00.00.00,4318002,Despesas Liquidadas,3.2.00.00.00 - Juros e Encargos da Dívida,2022,Prefeitura Municipal de São Borja - RS,59768,Padrão,RS,3574071.2
DCA-Anexo I-D,2022,DESPESA|DIVIDA|JUROS,DCA-Anexo I-D,DO3.2.00.00.00.00,4318002,Despesas Pagas,3.2.00.00.00 - Juros e Encargos da Dívida,2022,Prefeitura Municipal de São Borja - RS,59768,Padrão,RS,3574071.2
DCA-Anexo I-D,2022,DESPESA,DCA-Anexo I-D,DO3.2.90.00.00.00,4318002,Despesas Empenhadas,3.2.90.00.00 - Aplicações Diretas,2022,Prefeitura Municipal de São Borja - RS,59768,Padrão,RS,2700094.04
DCA-Anexo I-D,2022,DESPESA,DCA-Anexo I-D,DO3.2.90.00.00.00,4318002,Despesas Liquidadas,3.2.90.00.00 - Aplicações Diretas,2022,Prefeitura Municipal de São Borja - RS,59768,Padrão,RS,2700094.04
DCA-Anexo I-D,2022,DESPESA,DCA-Anexo I-D,DO3.2.90.00.00.00,4318002,Despesas Pagas,3.2.90.00.00 - Aplicações Diretas,2022,Prefeitura Municipal de São Borja - RS,59768,Padrão,RS,2700094.04
DCA-Anexo I-D,2022,DESPESA|DIVIDA|JUROS,DCA-Anexo I-D,DO3.2.90.21.00.00,4318002,Despesas Empenhadas,3.2.90.21.00 - Juros sobre a Dívida por Contrato,2022,Prefeitura Municipal de São Borja - RS,59768,Padrão,RS,2700094.04
DCA-Anexo I-D,2022,DESPESA|DIVIDA|JUROS,DCA-Anexo I-D,DO3.2.90.21.00.00,4318002,Despesas Liquidadas,3.2.90.21.00 - Juros sobre a Dívida por Contrato,2022,Prefeitura Municipal de São Borja - RS,59768,Padrão,RS,2700094.04
DCA-Anexo I-D,2022,DESPESA|DIVIDA|JUROS,DCA-Anexo I-D,DO3.2.90.21.00.00,4318002,Despesas Pagas,3.2.90.21.00 - Juros sobre a Dívida por Contrato,2022,Prefeitura Municipal de São Borja - RS,59768,Padrão,RS,2700094.04
DCA-Anexo I-D,2022,DESPESA,DCA-Anexo I-D,DI3.2.91.00.00.00,4318002,Despesas Empenhadas,"3.2.91.00.00 - Aplicação direta decorrente de operação entre Órgãos, fundos e entidades integrantes dos OFSS",2022,Prefeitura Municipal de São Borja - RS,59768,Padrão,RS,873977.16
DCA-Anexo I-D,2022,DESPESA,DCA-Anexo I-D,DI3.2.91.00.00.00,4318002,Despesas Liquidadas,"3.2.91.00.00 - Aplicação direta decorrente de operação entre Órgãos, fundos e entidades integrantes dos OFSS",2022,Prefeitura Municipal de São Borja - RS,59768,Padrão,RS,873977.16
DCA-Anexo I-D,2022,DESPESA,DCA-Anexo I-D,DI3.2.91.00.00.00,4318002,Despesas Pagas,"3.2.91.00.00 - Aplicação direta decorrente de operação entre Órgãos, fundos e entidades integrantes dos OFSS",2022,Prefeitura Municipal de São Borja - RS,59768,Padrão,RS,873977.16
DCA-Anexo I-D,2022,DESPESA,DCA-Anexo I-D,DO3.3.00.00.00.00,4318002,Despesas Empenhadas,3.3.00.00.00 - Outras Despesas Correntes,2022,Prefeitura Municipal de São Borja - RS,59768,Padrão,RS,113404866.62
DCA-Anexo I-D,2022,DESPESA,DCA-Anexo I-D,DO3.3.00.00.00.00,4318002,Despesas Liquidadas,3.3.00.00.00 - Outras Despesas Correntes,2022,Prefeitura Municipal de São Borja - RS,59768,Padrão,RS,106537350.41
DCA-Anexo I-D,2022,DESPESA,DCA-Anexo I-D,DO3.3.00.00.00.00,4318002,Despesas Pagas,3.3.00.00.00 - Outras Despesas Correntes,2022,Prefeitura Municipal de São Borja - RS,59768,Padrão,RS,104077767.34
DCA-Anexo I-D,2022,DESPESA,DCA-Anexo I-D,DO3.3.00.00.00.00,4318002,Inscrição de Restos a Pagar Não Processados,3.3.00.00.00 - Outras Despesas Correntes,2022,Prefeitura Municipal de São Borja - RS,59768,Padrão,RS,6867516.21
DCA-Anexo I-D,2022,DESPESA,DCA-Anexo I-D,DO3.3.00.00.00.00,4318002,Inscrição de Restos a Pagar Processados,3.3.00.00.00 - Outras Despesas Correntes,2022,Prefeitura Municipal de São Borja - RS,59768,Padrão,RS,2459583.07
DCA-Anexo I-D,2022,DESPESA,DCA-Anexo I-D,DO3.3.20.00.00.00,4318002,Despesas Empenhadas,3.3.20.00.00 - Transferências à União,2022,Prefeitura Municipal de São Borja - RS,59768,Padrão,RS,78270.56
DCA-Anexo I-D,2022,DESPESA,DCA-Anexo I-D,DO3.3.20.00.00.00,4318002,Despesas Liquidadas,3.3.20.00.00 - Transferências à União,2022,Prefeitura Municipal de São Borja - RS,59768,Padrão,RS,78270.56
DCA-Anexo I-D,2022,DESPESA,DCA-Anexo I-D,DO3.3.20.00.00.00,4318002,Despesas Pagas,3.3.20.00.00 - Transferências à União,2022,Prefeitura Municipal de São Borja - RS,59768,Padrão,RS,78270.56
DCA-Anexo I-D,2022,DESPESA,DCA-Anexo I-D,DO3.3.30.00.00.00,4318002,Despesas Empenhadas,3.3.30.00.00 - Transferências a Estados e ao Distrito Federal,2022,Prefeitura Municipal de São Borja - RS,59768,Padrão,RS,301475.68
DCA-Anexo I-D,2022,DESPESA,DCA-Anexo I-D,DO3.3.30.00.00.00,4318002,Despesas Liquidadas,3.3.30.00.00 - Transferências a Estados e ao Distrito Federal,2022,Prefeitura Municipal de São Borja - RS,59768,Padrão,RS,290571.23
DCA-Anexo I-D,2022,DESPESA,DCA-Anexo I-D,DO3.3.30.00.00.00,4318002,Despesas Pagas,3.3.30.00.00 - Transferências a Estados e ao Distrito Federal,2022,Prefeitura Municipal de São Borja - RS,59768,Padrão,RS,286838.27
DCA-Anexo I-D,2022,DESPESA,DCA-Anexo I-D,DO3.3.30.41.00.00,4318002,Despesas Empenhadas,3.3.30.41.00 - Contribuições,2022,Prefeitura Municipal de São Borja - RS,59768,Padrão,RS,301475.68
DCA-Anexo I-D,2022,DESPESA,DCA-Anexo I-D,DO3.3.30.41.00.00,4318002,Despesas Liquidadas,3.3.30.41.00 - Contribuições,2022,Prefeitura Municipal de São Borja - RS,59768,Padrão,RS,290571.23
DCA-Anexo I-D,2022,DESPESA,DCA-Anexo I-D,DO3.3.30.41.00.00,4318002,Despesas Pagas,3.3.30.41.00 - Contribuições,2022,Prefeitura Municipal de São Borja - RS,59768,Padrão,RS,286838.27
DCA-Anexo I-D,2022,DESPESA,DCA-Anexo I-D,DO3.3.50.00.00.00,4318002,Despesas Empenhadas,3.3.50.00.00 - Transferências a Instituições Privadas sem Fins Lucrativos,2022,Prefeitura Municipal de São Borja - RS,59768,Padrão,RS,886824.87
DCA-Anexo I-D,2022,DESPESA,DCA-Anexo I-D,DO3.3.50.00.00.00,4318002,Despesas Liquidadas,3.3.50.00.00 - Transferências a Instituições Privadas sem Fins Lucrativos,2022,Prefeitura Municipal de São Borja - RS,59768,Padrão,RS,819824.87
DCA-Anexo I-D,2022,DESPESA,DCA-Anexo I-D,DO3.3.50.00.00.00,4318002,Despesas Pagas,3.3.50.00.00 - Transferências a Instituições Privadas sem Fins Lucrativos,2022,Prefeitura Municipal de São Borja - RS,59768,Padrão,RS,815324.87
DCA-Anexo I-D,2022,DESPESA,DCA-Anexo I-D,DO3.3.60.00.00.00,4318002,Despesas Empenhadas,3.3.60.00.00 - Transferências a Instituições Privadas com Fins Lucrativos,2022,Prefeitura Municipal de São Borja - RS,59768,Padrão,RS,750000
DCA-Anexo I-D,2022,DESPESA,DCA-Anexo I-D,DO3.3.60.00.00.00,4318002,Despesas Liquidadas,3.3.60.00.00 - Transferências a Instituições Privadas com Fins Lucrativos,2022,Prefeitura Municipal de São Borja - RS,59768,Padrão,RS,750000
DCA-Anexo I-D,2022,DESPESA,DCA-Anexo I-D,DO3.3.60.00.00.00,4318002,Despesas Pagas,3.3.60.00.00 - Transferências a Instituições Privadas com Fins Lucrativos,2022,Prefeitura Municipal de São Borja - RS,59768,Padrão,RS,750000
DCA-Anexo I-D,2022,DESPESA,DCA-Anexo I-D,DO3.3.90.00.00.00,4318002,Despesas Empenhadas,3.3.90.00.00 - Aplicações Diretas,2022,Prefeitura Municipal de São Borja - RS,59768,Padrão,RS,111388295.51
DCA-Anexo I-D,2022,DESPESA,DCA-Anexo I-D,DO3.3.90.00.00.00,4318002,Despesas Liquidadas,3.3.90.00.00 - Aplicações Diretas,2022,Prefeitura Municipal de São Borja - RS,59768,Padrão,RS,104598683.75
DCA-Anexo I-D,2022,DESPESA,DCA-Anexo I-D,DO3.3.90.00.00.00,4318002,Despesas Pagas,3.3.90.00.00 - Aplicações Diretas,2022,Prefeitura Municipal de São Borja - RS,59768,Padrão,RS,102147333.64
DCA-Anexo I-D,2022,DESPESA,DCA-Anexo I-D,DO3.3.90.08.00.00,4318002,Despesas Empenhadas,3.3.90.08.00 - Outros Benefícios Assistenciais do servidor e do militar,2022,Prefeitura Municipal de São Borja - RS,59768,Padrão,RS,7030068.92
DCA-Anexo I-D,2022,DESPESA,DCA-Anexo I-D,DO3.3.90.08.00.00,4318002,Despesas Liquidadas,3.3.90.08.00 - Outros Benefícios Assistenciais do servidor e do militar,2022,Prefeitura Municipal de São Borja - RS,59768,Padrão,RS,7016621.15
DCA-Anexo I-D,2022,DESPESA,DCA-Anexo I-D,DO3.3.90.08.00.00,4318002,Despesas Pagas,3.3.90.08.00 - Outros Benefícios Assistenciais do servidor e do militar,2022,Prefeitura Municipal de São Borja - RS,59768,Padrão,RS,6506113.61
DCA-Anexo I-D,2022,DESPESA,DCA-Anexo I-D,DO3.3.90.14.00.00,4318002,Despesas Empenhadas,3.3.90.14.00 - Diárias - Civil,2022,Prefeitura Municipal de São Borja - RS,59768,Padrão,RS,1839777.02
DCA-Anexo I-D,2022,DESPESA,DCA-Anexo I-D,DO3.3.90.14.00.00,4318002,Despesas Liquidadas,3.3.90.14.00 - Diárias - Civil,2022,Prefeitura Municipal de São Borja - RS,59768,Padrão,RS,1839777.02
DCA-Anexo I-D,2022,DESPESA,DCA-Anexo I-D,DO3.3.90.14.00.00,4318002,Despesas Pagas,3.3.90.14.00 - Diárias - Civil,2022,Prefeitura Municipal de São Borja - RS,59768,Padrão,RS,1839096.26
DCA-Anexo I-D,2022,DESPESA,DCA-Anexo I-D,DO3.3.90.30.00.00,4318002,Despesas Empenhadas,3.3.90.30.00 - Material de Consumo,2022,Prefeitura Municipal de São Borja - RS,59768,Padrão,RS,13088093.28
DCA-Anexo I-D,2022,DESPESA,DCA-Anexo I-D,DO3.3.90.30.00.00,4318002,Despesas Liquidadas,3.3.90.30.00 - Material de Consumo,2022,Prefeitura Municipal de São Borja - RS,59768,Padrão,RS,11488803.08
DCA-Anexo I-D,2022,DESPESA,DCA-Anexo I-D,DO3.3.90.30.00.00,4318002,Despesas Pagas,3.3.90.30.00 - Material de Consumo,2022,Prefeitura Municipal de São Borja - RS,59768,Padrão,RS,11379570.18
DCA-Anexo I-D,2022,DESPESA,DCA-Anexo I-D,DO3.3.90.31.00.00,4318002,Despesas Empenhadas,"3.3.90.31.00 - Premiações Culturais, Artísticas, Científicas, Desportivas e Outras",2022,Prefeitura Municipal de São Borja - RS,59768,Padrão,RS,192158.2
DCA-Anexo I-D,2022,DESPESA,DCA-Anexo I-D,DO3.3.90.31.00.00,4318002,Despesas Liquidadas,"3.3.90.31.00 - Premiações Culturais, Artísticas, Científicas, Desportivas e Outras",2022,Prefeitura Municipal de São Borja - RS,59768,Padrão,RS,192158.2
DCA-Anexo I-D,2022,DESPESA,DCA-Anexo I-D,DO3.3.90.31.00.00,4318002,Despesas Pagas,"3.3.90.31.00 - Premiações Culturais, Artísticas, Científicas, Desportivas e Outras",2022,Prefeitura Municipal de São Borja - RS,59768,Padrão,RS,192158.2
DCA-Anexo I-D,2022,DESPESA,DCA-Anexo I-D,DO3.3.90.32.00.00,4318002,Despesas Empenhadas,"3.3.90.32.00 - Material, Bem ou Serviço para Distribuição Gratuita",2022,Prefeitura Municipal de São Borja - RS,59768,Padrão,RS,5889233.77
DCA-Anexo I-D,2022,DESPESA,DCA-Anexo I-D,DO3.3.90.32.00.00,4318002,Despesas Liquidadas,"3.3.90.32.00 - Material, Bem ou Serviço para Distribuição Gratuita",2022,Prefeitura Municipal de São Borja - RS,59768,Padrão,RS,5444525.01
DCA-Anexo I-D,2022,DESPESA,DCA-Anexo I-D,DO3.3.90.32.00.00,4318002,Despesas Pagas,"3.3.90.32.00 - Material, Bem ou Serviço para Distribuição Gratuita",2022,Prefeitura Municipal de São Borja - RS,59768,Padrão,RS,5395912.09
DCA-Anexo I-D,2022,DESPESA,DCA-Anexo I-D,DO3.3.90.33.00.00,4318002,Despesas Empenhadas,3.3.90.33.00 - Passagens e Despesas com Locomoção,2022,Prefeitura Municipal de São Borja - RS,59768,Padrão,RS,239204.47
DCA-Anexo I-D,2022,DESPESA,DCA-Anexo I-D,DO3.3.90.33.00.00,4318002,Despesas Liquidadas,3.3.90.33.00 - Passagens e Despesas com Locomoção,2022,Prefeitura Municipal de São Borja - RS,59768,Padrão,RS,239024.47
DCA-Anexo I-D,2022,DESPESA,DCA-Anexo I-D,DO3.3.90.33.00.00,4318002,Despesas Pagas,3.3.90.33.00 - Passagens e Despesas com Locomoção,2022,Prefeitura Municipal de São Borja - RS,59768,Padrão,RS,238327.57
DCA-Anexo I-D,2022,DESPESA,DCA-Anexo I-D,DO3.3.90.33.00.00,4318002,Inscrição de Restos a Pagar Não Processados,3.3.90.33.00 - Passagens e Despesas com Locomoção,2022,Prefeitura Municipal de São Borja - RS,59768,Padrão,RS,180
DCA-Anexo I-D,2022,DESPESA,DCA-Anexo I-D,DO3.3.90.33.00.00,4318002,Inscrição de Restos a Pagar Processados,3.3.90.33.00 - Passagens e Despesas com Locomoção,2022,Prefeitura Municipal de São Borja - RS,59768,Padrão,RS,696.9
DCA-Anexo I-D,2022,DESPESA,DCA-Anexo I-D,DO3.3.90.35.00.00,4318002,Despesas Empenhadas,3.3.90.35.00 - Serviços de Consultoria,2022,Prefeitura Municipal de São Borja - RS,59768,Padrão,RS,424593.4
DCA-Anexo I-D,2022,DESPESA,DCA-Anexo I-D,DO3.3.90.35.00.00,4318002,Despesas Liquidadas,3.3.90.35.00 - Serviços de Consultoria,2022,Prefeitura Municipal de São Borja - RS,59768,Padrão,RS,192593.4
DCA-Anexo I-D,2022,DESPESA,DCA-Anexo I-D,DO3.3.90.35.00.00,4318002,Despesas Pagas,3.3.90.35.00 - Serviços de Consultoria,2022,Prefeitura Municipal de São Borja - RS,59768,Padrão,RS,192593.4
DCA-Anexo I-D,2022,DESPESA,DCA-Anexo I-D,DO3.3.90.36.00.00,4318002,Despesas Empenhadas,3.3.90.36.00 - Outros Serviços de Terceiros - Pessoa Física,2022,Prefeitura Municipal de São Borja - RS,59768,Padrão,RS,1368860.32
DCA-Anexo I-D,2022,DESPESA,DCA-Anexo I-D,DO3.3.90.36.00.00,4318002,Despesas Liquidadas,3.3.90.36.00 - Outros Serviços de Terceiros - Pessoa Física,2022,Prefeitura Municipal de São Borja - RS,59768,Padrão,RS,1311952.86
DCA-Anexo I-D,2022,DESPESA,DCA-Anexo I-D,DO3.3.90.36.00.00,4318002,Despesas Pagas,3.3.90.36.00 - Outros Serviços de Terceiros - Pessoa Física,2022,Prefeitura Municipal de São Borja - RS,59768,Padrão,RS,1311952.86
DCA-Anexo I-D,2022,DESPESA,DCA-Anexo I-D,DO3.3.90.39.00.00,4318002,Despesas Empenhadas,3.3.90.39.00 - Outros Serviços de Terceiros - Pessoa Jurídica,2022,Prefeitura Municipal de São Borja - RS,59768,Padrão,RS,60879966.5
DCA-Anexo I-D,2022,DESPESA,DCA-Anexo I-D,DO3.3.90.39.00.00,4318002,Despesas Liquidadas,3.3.90.39.00 - Outros Serviços de Terceiros - Pessoa Jurídica,2022,Prefeitura Municipal de São Borja - RS,59768,Padrão,RS,56783317.12
DCA-Anexo I-D,2022,DESPESA,DCA-Anexo I-D,DO3.3.90.39.00.00,4318002,Despesas Pagas,3.3.90.39.00 - Outros Serviços de Terceiros - Pessoa Jurídica,2022,Prefeitura Municipal de São Borja - RS,59768,Padrão,RS,55232225.45
DCA-Anexo I-D,2022,DESPESA,DCA-Anexo I-D,DO3.3.90.40.00.00,4318002,Despesas Empenhadas,3.3.90.40.00 - Serviços de Tecnologia da Informação e Comunicação (TIC) - Pessoa Jurídica,2022,Prefeitura Municipal de São Borja - RS,59768,Padrão,RS,1415086.86
DCA-Anexo I-D,2022,DESPESA,DCA-Anexo I-D,DO3.3.90.40.00.00,4318002,Despesas Liquidadas,3.3.90.40.00 - Serviços de Tecnologia da Informação e Comunicação (TIC) - Pessoa Jurídica,2022,Prefeitura Municipal de São Borja - RS,59768,Padrão,RS,1072123.9
DCA-Anexo I-D,2022,DESPESA,DCA-Anexo I-D,DO3.3.90.40.00.00,4318002,Despesas Pagas,3.3.90.40.00 - Serviços de Tecnologia da Informação e Comunicação (TIC) - Pessoa Jurídica,2022,Prefeitura Municipal de São Borja - RS,59768,Padrão,RS,1053653.9
DCA-Anexo I-D,2022,DESPESA,DCA-Anexo I-D,DO3.3.90.46.00.00,4318002,Despesas Empenhadas,3.3.90.46.00 - Auxílio-Alimentação,2022,Prefeitura Municipal de São Borja - RS,59768,Padrão,RS,13265959.4
DCA-Anexo I-D,2022,DESPESA,DCA-Anexo I-D,DO3.3.90.46.00.00,4318002,Despesas Liquidadas,3.3.90.46.00 - Auxílio-Alimentação,2022,Prefeitura Municipal de São Borja - RS,59768,Padrão,RS,13265959.4
DCA-Anexo I-D,2022,DESPESA,DCA-Anexo I-D,DO3.3.90.46.00.00,4318002,Despesas Pagas,3.3.90.46.00 - Auxílio-Alimentação,2022,Prefeitura Municipal de São Borja - RS,59768,Padrão,RS,13257933.2
DCA-Anexo I-D,2022,DESPESA,DCA-Anexo I-D,DO3.3.90.47.00.00,4318002,Despesas Empenhadas,3.3.90.47.00 - Obrigações Tributárias e Contributivas,2022,Prefeitura Municipal de São Borja - RS,59768,Padrão,RS,2691167.17
DCA-Anexo I-D,2022,DESPESA,DCA-Anexo I-D,DO3.3.90.47.00.00,4318002,Despesas Liquidadas,3.3.90.47.00 - Obrigações Tributárias e Contributivas,2022,Prefeitura Municipal de São Borja - RS,59768,Padrão,RS,2691167.17
DCA-Anexo I-D,2022,DESPESA,DCA-Anexo I-D,DO3.3.90.47.00.00,4318002,Despesas Pagas,3.3.90.47.00 - Obrigações Tributárias e Contributivas,2022,Prefeitura Municipal de São Borja - RS,59768,Padrão,RS,2521135.95
DCA-Anexo I-D,2022,DESPESA,DCA-Anexo I-D,DO3.3.90.49.00.00,4318002,Despesas Empenhadas,3.3.90.49.00 - Auxílio-Transporte,2022,Prefeitura Municipal de São Borja - RS,59768,Padrão,RS,91097.6
DCA-Anexo I-D,2022,DESPESA,DCA-Anexo I-D,DO3.3.90.49.00.00,4318002,Despesas Liquidadas,3.3.90.49.00 - Auxílio-Transporte,2022,Prefeitura Municipal de São Borja - RS,59768,Padrão,RS,91097.6
DCA-Anexo I-D,2022,DESPESA,DCA-Anexo I-D,DO3.3.90.49.00.00,4318002,Despesas Pagas,3.3.90.49.00 - Auxílio-Transporte,2022,Prefeitura Municipal de São Borja - RS,59768,Padrão,RS,91097.6
DCA-Anexo I-D,2022,DESPESA,DCA-Anexo I-D,DO3.3.90.91.00.00,4318002,Despesas Empenhadas,3.3.90.91.00 - Sentenças Judiciais,2022,Prefeitura Municipal de São Borja - RS,59768,Padrão,RS,2789928.82
DCA-Anexo I-D,2022,DESPESA,DCA-Anexo I-D,DO3.3.90.91.00.00,4318002,Despesas Liquidadas,3.3.90.91.00 - Sentenças Judiciais,2022,Prefeitura Municipal de São Borja - RS,59768,Padrão,RS,2789928.82
DCA-Anexo I-D,2022,DESPESA,DCA-Anexo I-D,DO3.3.90.91.00.00,4318002,Despesas Pagas,3.3.90.91.00 - Sentenças Judiciais,2022,Prefeitura Municipal de São Borja - RS,59768,Padrão,RS,2755928.82
DCA-Anexo I-D,2022,DESPESA,DCA-Anexo I-D,DO3.3.90.92.00.00,4318002,Despesas Empenhadas,3.3.90.92.00 - Despesas de Exercícios Anteriores,2022,Prefeitura Municipal de São Borja - RS,59768,Padrão,RS,98243.75
DCA-Anexo I-D,2022,DESPESA,DCA-Anexo I-D,DO3.3.90.92.00.00,4318002,Despesas Liquidadas,3.3.90.92.00 - Despesas de Exercícios Anteriores,2022,Prefeitura Municipal de São Borja - RS,59768,Padrão,RS,97728.75
DCA-Anexo I-D,2022,DESPESA,DCA-Anexo I-D,DO3.3.90.92.00.00,4318002,Despesas Pagas,3.3.90.92.00 - Despesas de Exercícios Anteriores,2022,Prefeitura Municipal de São Borja - RS,59768,Padrão,RS,97728.75
DCA-Anexo I-D,2022,DESPESA,DCA-Anexo I-D,DO3.3.90.92.00.00,4318002,Inscrição de Restos a Pagar Não Processados,3.3.90.92.00 - Despesas de Exercícios Anteriores,2022,Prefeitura Municipal de São Borja - RS,59768,Padrão,RS,515
DCA-Anexo I-D,2022,DESPESA,DCA-Anexo I-D,DO3.3.90.93.00.00,4318002,Despesas Empenhadas,3.3.90.93.00 - Indenizações e Restituições,2022,Prefeitura Municipal de São Borja - RS,59768,Padrão,RS,84856.03
DCA-Anexo I-D,2022,DESPESA,DCA-Anexo I-D,DO3.3.90.93.00.00,4318002,Despesas Liquidadas,3.3.90.93.00 - Indenizações e Restituições,2022,Prefeitura Municipal de São Borja - RS,59768,Padrão,RS,81905.8
DCA-Anexo I-D,2022,DESPESA,DCA-Anexo I-D,DO3.3.90.93.00.00,4318002,Despesas Pagas,3.3.90.93.00 - Indenizações e Restituições,2022,Prefeitura Municipal de São Borja - RS,59768,Padrão,RS,81905.8
DCA-Anexo I-D,2022,DESPESA,DCA-Anexo I-D,DO4.0.00.00.00.00,4318002,Despesas Empenhadas,4.0.00.00.00 - Despesas de Capital,2022,Prefeitura Municipal de São Borja - RS,59768,Padrão,RS,34612849.27
DCA-Anexo I-D,2022,DESPESA,DCA-Anexo I-D,DO4.0.00.00.00.00,4318002,Despesas Liquidadas,4.0.00.00.00 - Despesas de Capital,2022,Prefeitura Municipal de São Borja - RS,59768,Padrão,RS,21545751.91
DCA-Anexo I-D,2022,DESPESA,DCA-Anexo I-D,DO4.0.00.00.00.00,4318002,Despesas Pagas,4.0.00.00.00 - Despesas de Capital,2022,Prefeitura Municipal de São Borja - RS,59768,Padrão,RS,21514707.35
DCA-Anexo I-D,2022,DESPESA,DCA-Anexo I-D,DO4.0.00.00.00.00,4318002,Inscrição de Restos a Pagar Não Processados,4.0.00.00.00 - Despesas de Capital,2022,Prefeitura Municipal de São Borja - RS,59768,Padrão,RS,13067097.36
DCA-Anexo I-D,2022,DESPESA,DCA-Anexo I-D,DO4.0.00.00.00.00,4318002,Inscrição de Restos a Pagar Processados,4.0.00.00.00 - Despesas de Capital,2022,Prefeitura Municipal de São Borja - RS,59768,Padrão,RS,31044.56
DCA-Anexo I-D,2022,DESPESA|INVESTIMENT,DCA-Anexo I-D,DO4.4.00.00.00.00,4318002,Despesas Empenhadas,4.4.00.00.00 - Investimentos,2022,Prefeitura Municipal de São Borja - RS,59768,Padrão,RS,22091817.47
DCA-Anexo I-D,2022,DESPESA|INVESTIMENT,DCA-Anexo I-D,DO4.4.00.00.00.00,4318002,Despesas Liquidadas,4.4.00.00.00 - Investimentos,2022,Prefeitura Municipal de São Borja - RS,59768,Padrão,RS,9024720.11
DCA-Anexo I-D,2022,DESPESA|INVESTIMENT,DCA-Anexo I-D,DO4.4.00.00.00.00,4318002,Despesas Pagas,4.4.00.00.00 - Investimentos,2022,Prefeitura Municipal de São Borja - RS,59768,Padrão,RS,8993675.55
DCA-Anexo I-D,2022,INVESTIMENT,DCA-Anexo I-D,DO4.4.00.00.00.00,4318002,Inscrição de Restos a Pagar Não Processados,4.4.00.00.00 - Investimentos,2022,Prefeitura Municipal de São Borja - RS,59768,Padrão,RS,13067097.36
DCA-Anexo I-D,2022,INVESTIMENT,DCA-Anexo I-D,DO4.4.00.00.00.00,4318002,Inscrição de Restos a Pagar Processados,4.4.00.00.00 - Investimentos,2022,Prefeitura Municipal de São Borja - RS,59768,Padrão,RS,31044.56
DCA-Anexo I-D,2022,DESPESA,DCA-Anexo I-D,DO4.4.20.00.00.00,4318002,Despesas Empenhadas,4.4.20.00.00 - Transferências à União,2022,Prefeitura Municipal de São Borja - RS,59768,Padrão,RS,237787.38
DCA-Anexo I-D,2022,DESPESA,DCA-Anexo I-D,DO4.4.20.00.00.00,4318002,Despesas Liquidadas,4.4.20.00.00 - Transferências à União,2022,Prefeitura Municipal de São Borja - RS,59768,Padrão,RS,237787.38
DCA-Anexo I-D,2022,DESPESA,DCA-Anexo I-D,DO4.4.20.00.00.00,4318002,Despesas Pagas,4.4.20.00.00 - Transferências à União,2022,Prefeitura Municipal de São Borja - RS,59768,Padrão,RS,237787.38
DCA-Anexo I-D,2022,DESPESA,DCA-Anexo I-D,DO4.4.30.00.00.00,4318002,Despesas Empenhadas,4.4.30.00.00 - Transferências a Estados e ao Distrito Federal,2022,Prefeitura Municipal de São Borja - RS,59768,Padrão,RS,30257.79
DCA-Anexo I-D,2022,DESPESA,DCA-Anexo I-D,DO4.4.30.00.00.00,4318002,Despesas Liquidadas,4.4.30.00.00 - Transferências a Estados e ao Distrito Federal,2022,Prefeitura Municipal de São Borja - RS,59768,Padrão,RS,30257.79
DCA-Anexo I-D,2022,DESPESA,DCA-Anexo I-D,DO4.4.30.00.00.00,4318002,Despesas Pagas,4.4.30.00.00 - Transferências a Estados e ao Distrito Federal,2022,Prefeitura Municipal de São Borja - RS,59768,Padrão,RS,30257.79
DCA-Anexo I-D,2022,DESPESA,DCA-Anexo I-D,DO4.4.90.00.00.00,4318002,Despesas Empenhadas,4.4.90.00.00 - Aplicações Diretas,2022,Prefeitura Municipal de São Borja - RS,59768,Padrão,RS,21823772.3
DCA-Anexo I-D,2022,DESPESA,DCA-Anexo I-D,DO4.4.90.00.00.00,4318002,Despesas Liquidadas,4.4.90.00.00 - Aplicações Diretas,2022,Prefeitura Municipal de São Borja - RS,59768,Padrão,RS,8756674.94
DCA-Anexo I-D,2022,DESPESA,DCA-Anexo I-D,DO4.4.90.00.00.00,4318002,Despesas Pagas,4.4.90.00.00 - Aplicações Diretas,2022,Prefeitura Municipal de São Borja - RS,59768,Padrão,RS,8725630.38
DCA-Anexo I-D,2022,DESPESA,DCA-Anexo I-D,DO4.4.90.30.00.00,4318002,Despesas Empenhadas,4.4.90.30.00 - Material de Consumo,2022,Prefeitura Municipal de São Borja - RS,59768,Padrão,RS,4886
DCA-Anexo I-D,2022,DESPESA,DCA-Anexo I-D,DO4.4.90.30.00.00,4318002,Despesas Liquidadas,4.4.90.30.00 - Material de Consumo,2022,Prefeitura Municipal de São Borja - RS,59768,Padrão,RS,4886
DCA-Anexo I-D,2022,DESPESA,DCA-Anexo I-D,DO4.4.90.30.00.00,4318002,Despesas Pagas,4.4.90.30.00 - Material de Consumo,2022,Prefeitura Municipal de São Borja - RS,59768,Padrão,RS,4886
DCA-Anexo I-D,2022,DESPESA,DCA-Anexo I-D,DO4.4.90.40.00.00,4318002,Despesas Empenhadas,4.4.90.40.00 - Serviços de Tecnologia da Informação e Comunicação (TIC) - Pessoa Jurídica,2022,Prefeitura Municipal de São Borja - RS,59768,Padrão,RS,3180
DCA-Anexo I-D,2022,DESPESA,DCA-Anexo I-D,DO4.4.90.40.00.00,4318002,Despesas Liquidadas,4.4.90.40.00 - Serviços de Tecnologia da Informação e Comunicação (TIC) - Pessoa Jurídica,2022,Prefeitura Municipal de São Borja - RS,59768,Padrão,RS,3180
DCA-Anexo I-D,2022,DESPESA,DCA-Anexo I-D,DO4.4.90.40.00.00,4318002,Despesas Pagas,4.4.90.40.00 - Serviços de Tecnologia da Informação e Comunicação (TIC) - Pessoa Jurídica,2022,Prefeitura Municipal de São Borja - RS,59768,Padrão,RS,3180
DCA-Anexo I-D,2022,DESPESA,DCA-Anexo I-D,DO4.4.90.51.00.00,4318002,Despesas Empenhadas,4.4.90.51.00 - Obras e Instalações,2022,Prefeitura Municipal de São Borja - RS,59768,Padrão,RS,17089839.82
DCA-Anexo I-D,2022,DESPESA,DCA-Anexo I-D,DO4.4.90.51.00.00,4318002,Despesas Liquidadas,4.4.90.51.00 - Obras e Instalações,2022,Prefeitura Municipal de São Borja - RS,59768,Padrão,RS,5737130.13
DCA-Anexo I-D,2022,DESPESA,DCA-Anexo I-D,DO4.4.90.51.00.00,4318002,Despesas Pagas,4.4.90.51.00 - Obras e Instalações,2022,Prefeitura Municipal de São Borja - RS,59768,Padrão,RS,5737130.13
DCA-Anexo I-D,2022,DESPESA,DCA-Anexo I-D,DO4.4.90.51.91.00,4318002,Despesas Empenhadas,4.4.90.51.91 - Obras em Andamento,2022,Prefeitura Municipal de São Borja - RS,59768,Padrão,RS,17089839.82
DCA-Anexo I-D,2022,DESPESA,DCA-Anexo I-D,DO4.4.90.51.91.00,4318002,Despesas Liquidadas,4.4.90.51.91 - Obras em Andamento,2022,Prefeitura Municipal de São Borja - RS,59768,Padrão,RS,5737130.13
DCA-Anexo I-D,2022,DESPESA,DCA-Anexo I-D,DO4.4.90.51.91.00,4318002,Despesas Pagas,4.4.90.51.91 - Obras em Andamento,2022,Prefeitura Municipal de São Borja - RS,59768,Padrão,RS,5737130.13
DCA-Anexo I-D,2022,DESPESA,DCA-Anexo I-D,DO4.4.90.52.00.00,4318002,Despesas Empenhadas,4.4.90.52.00 - Equipamentos e Material Permanente,2022,Prefeitura Municipal de São Borja - RS,59768,Padrão,RS,4645535.58
DCA-Anexo I-D,2022,DESPESA,DCA-Anexo I-D,DO4.4.90.52.00.00,4318002,Despesas Liquidadas,4.4.90.52.00 - Equipamentos e Material Permanente,2022,Prefeitura Municipal de São Borja - RS,59768,Padrão,RS,2931147.91
DCA-Anexo I-D,2022,DESPESA,DCA-Anexo I-D,DO4.4.90.52.00.00,4318002,Despesas Pagas,4.4.90.52.00 - Equipamentos e Material Permanente,2022,Prefeitura Municipal de São Borja - RS,59768,Padrão,RS,2900103.35
DCA-Anexo I-D,2022,DESPESA,DCA-Anexo I-D,DO4.4.90.61.00.00,4318002,Despesas Empenhadas,4.4.90.61.00 - Aquisição de Imóveis,2022,Prefeitura Municipal de São Borja - RS,59768,Padrão,RS,80330.9
DCA-Anexo I-D,2022,DESPESA,DCA-Anexo I-D,DO4.4.90.61.00.00,4318002,Despesas Liquidadas,4.4.90.61.00 - Aquisição de Imóveis,2022,Prefeitura Municipal de São Borja - RS,59768,Padrão,RS,80330.9
DCA-Anexo I-D,2022,DESPESA,DCA-Anexo I-D,DO4.4.90.61.00.00,4318002,Despesas Pagas,4.4.90.61.00 - Aquisição de Imóveis,2022,Prefeitura Municipal de São Borja - RS,59768,Padrão,RS,80330.9
DCA-Anexo I-D,2022,DESPESA|DIVIDA,DCA-Anexo I-D,DO4.6.00.00.00.00,4318002,Despesas Empenhadas,4.6.00.00.00 - Amortização da Dívida,2022,Prefeitura Municipal de São Borja - RS,59768,Padrão,RS,12521031.8
DCA-Anexo I-D,2022,DESPESA|DIVIDA,DCA-Anexo I-D,DO4.6.00.00.00.00,4318002,Despesas Liquidadas,4.6.00.00.00 - Amortização da Dívida,2022,Prefeitura Municipal de São Borja - RS,59768,Padrão,RS,12521031.8
DCA-Anexo I-D,2022,DESPESA|DIVIDA,DCA-Anexo I-D,DO4.6.00.00.00.00,4318002,Despesas Pagas,4.6.00.00.00 - Amortização da Dívida,2022,Prefeitura Municipal de São Borja - RS,59768,Padrão,RS,12521031.8
DCA-Anexo I-D,2022,DESPESA,DCA-Anexo I-D,DO4.6.90.00.00.00,4318002,Despesas Empenhadas,4.6.90.00.00 - Aplicações Diretas,2022,Prefeitura Municipal de São Borja - RS,59768,Padrão,RS,2204291.27
DCA-Anexo I-D,2022,DESPESA,DCA-Anexo I-D,DO4.6.90.00.00.00,4318002,Despesas Liquidadas,4.6.90.00.00 - Aplicações Diretas,2022,Prefeitura Municipal de São Borja - RS,59768,Padrão,RS,2204291.27
DCA-Anexo I-D,2022,DESPESA,DCA-Anexo I-D,DO4.6.90.00.00.00,4318002,Despesas Pagas,4.6.90.00.00 - Aplicações Diretas,2022,Prefeitura Municipal de São Borja - RS,59768,Padrão,RS,2204291.27
DCA-Anexo I-D,2022,DESPESA|DIVIDA,DCA-Anexo I-D,DO4.6.90.71.00.00,4318002,Despesas Empenhadas,4.6.90.71.00 - Principal da Dívida Contratual Resgatado,2022,Prefeitura Municipal de São Borja - RS,59768,Padrão,RS,2204291.27
DCA-Anexo I-D,2022,DESPESA|DIVIDA,DCA-Anexo I-D,DO4.6.90.71.00.00,4318002,Despesas Liquidadas,4.6.90.71.00 - Principal da Dívida Contratual Resgatado,2022,Prefeitura Municipal de São Borja - RS,59768,Padrão,RS,2204291.27
DCA-Anexo I-D,2022,DESPESA|DIVIDA,DCA-Anexo I-D,DO4.6.90.71.00.00,4318002,Despesas Pagas,4.6.90.71.00 - Principal da Dívida Contratual Resgatado,2022,Prefeitura Municipal de São Borja - RS,59768,Padrão,RS,2204291.27
DCA-Anexo I-D,2022,DESPESA,DCA-Anexo I-D,DI4.6.91.00.00.00,4318002,Despesas Empenhadas,"4.6.91.00.00 - Aplicação direta decorrente de operação entre órgãos, fundos e entidades integrantes dos OFSS",2022,Prefeitura Municipal de São Borja - RS,59768,Padrão,RS,10316740.53
DCA-Anexo I-D,2022,DESPESA,DCA-Anexo I-D,DI4.6.91.00.00.00,4318002,Despesas Liquidadas,"4.6.91.00.00 - Aplicação direta decorrente de operação entre órgãos, fundos e entidades integrantes dos OFSS",2022,Prefeitura Municipal de São Borja - RS,59768,Padrão,RS,10316740.53
DCA-Anexo I-D,2022,DESPESA,DCA-Anexo I-D,DI4.6.91.00.00.00,4318002,Despesas Pagas,"4.6.91.00.00 - Aplicação direta decorrente de operação entre órgãos, fundos e entidades integrantes dos OFSS",2022,Prefeitura Municipal de São Borja - RS,59768,Padrão,RS,10316740.53
DCA-Anexo I-E,2022,DESPESA,DCA-Anexo I-E,TotalDespesas,4318002,Despesas Empenhadas,Despesas Exceto Intraorçamentárias,2022,Prefeitura Municipal de São Borja - RS,59768,Total Geral da Despesa por Função,RS,276044231.7
DCA-Anexo I-E,2022,DESPESA,DCA-Anexo I-E,TotalDespesas,4318002,Despesas Empenhadas,01 - Legislativa,2022,Prefeitura Municipal de São Borja - RS,59768,Total Geral da Despesa por Função,RS,7970814.97
DCA-Anexo I-E,2022,DESPESA,DCA-Anexo I-E,TotalDespesas,4318002,Despesas Empenhadas,01.031 - Ação Legislativa,2022,Prefeitura Municipal de São Borja - RS,59768,Total Geral da Despesa por Função,RS,7970814.97
DCA-Anexo I-E,2022,DESPESA,DCA-Anexo I-E,TotalDespesas,4318002,Despesas Empenhadas,04 - Administração,2022,Prefeitura Municipal de São Borja - RS,59768,Total Geral da Despesa por Função,RS,31578198.48
DCA-Anexo I-E,2022,DESPESA,DCA-Anexo I-E,TotalDespesas,4318002,Despesas Empenhadas,04.122 - Administração Geral,2022,Prefeitura Municipal de São Borja - RS,59768,Total Geral da Despesa por Função,RS,30893748.46
DCA-Anexo I-E,2022,DESPESA,DCA-Anexo I-E,TotalDespesas,4318002,Despesas Empenhadas,04.124 - Controle Interno,2022,Prefeitura Municipal de São Borja - RS,59768,Total Geral da Despesa por Função,RS,304527.06
DCA-Anexo I-E,2022,DESPESA,DCA-Anexo I-E,TotalDespesas,4318002,Despesas Empenhadas,04.126 - Tecnologia da Informação,2022,Prefeitura Municipal de São Borja - RS,59768,Total Geral da Despesa por Função,RS,379922.96
DCA-Anexo I-E,2022,DESPESA,DCA-Anexo I-E,TotalDespesas,4318002,Despesas Empenhadas,06 - Segurança Pública,2022,Prefeitura Municipal de São Borja - RS,59768,Total Geral da Despesa por Função,RS,651646.59
DCA-Anexo I-E,2022,DESPESA,DCA-Anexo I-E,TotalDespesas,4318002,Despesas Empenhadas,06.181 - Policiamento,2022,Prefeitura Municipal de São Borja - RS,59768,Total Geral da Despesa por Função,RS,608571.38
DCA-Anexo I-E,2022,DESPESA,DCA-Anexo I-E,TotalDespesas,4318002,Despesas Empenhadas,06.182 - Defesa Civil,2022,Prefeitura Municipal de São Borja - RS,59768,Total Geral da Despesa por Função,RS,42571.58
DCA-Anexo I-E,2022,DESPESA,DCA-Anexo I-E,TotalDespesas,4318002,Despesas Empenhadas,FU06 - Demais Subfunções,2022,Prefeitura Municipal de São Borja - RS,59768,Total Geral da Despesa por Função,RS,503.63
DCA-Anexo I-E,2022,DESPESA,DCA-Anexo I-E,TotalDespesas,4318002,Despesas Empenhadas,08 - Assistência Social,2022,Prefeitura Municipal de São Borja - RS,59768,Total Geral da Despesa por Função,RS,6981344.91
DCA-Anexo I-E,2022,DESPESA,DCA-Anexo I-E,TotalDespesas,4318002,Despesas Empenhadas,08.241 - Assistência ao Idoso,2022,Prefeitura Municipal de São Borja - RS,59768,Total Geral da Despesa por Função,RS,220431.29
DCA-Anexo I-E,2022,DESPESA,DCA-Anexo I-E,TotalDespesas,4318002,Despesas Empenhadas,08.242 - Assistência ao Portador de Deficiência,2022,Prefeitura Municipal de São Borja - RS,59768,Total Geral da Despesa por Função,RS,25000
DCA-Anexo I-E,2022,DESPESA,DCA-Anexo I-E,TotalDespesas,4318002,Despesas Empenhadas,08.243 - Assistência à Criança e ao Adolescente,2022,Prefeitura Municipal de São Borja - RS,59768,Total Geral da Despesa por Função,RS,2895177.42
DCA-Anexo I-E,2022,DESPESA,DCA-Anexo I-E,TotalDespesas,4318002,Despesas Empenhadas,08.244 - Assistência Comunitária,2022,Prefeitura Municipal de São Borja - RS,59768,Total Geral da Despesa por Função,RS,3160426.1
DCA-Anexo I-E,2022,DESPESA,DCA-Anexo I-E,TotalDespesas,4318002,Despesas Empenhadas,08.122 - Administração Geral,2022,Prefeitura Municipal de São Borja - RS,59768,Total Geral da Despesa por Função,RS,680310.1
DCA-Anexo I-E,2022,DESPESA|PREVID,DCA-Anexo I-E,TotalDespesas,4318002,Despesas Empenhadas,09 - Previdência Social,2022,Prefeitura Municipal de São Borja - RS,59768,Total Geral da Despesa por Função,RS,33244078.09
DCA-Anexo I-E,2022,DESPESA|PREVID,DCA-Anexo I-E,TotalDespesas,4318002,Despesas Empenhadas,09.272 - Previdência do Regime Estatutário,2022,Prefeitura Municipal de São Borja - RS,59768,Total Geral da Despesa por Função,RS,32833918.71
DCA-Anexo I-E,2022,DESPESA,DCA-Anexo I-E,TotalDespesas,4318002,Despesas Empenhadas,09.122 - Administração Geral,2022,Prefeitura Municipal de São Borja - RS,59768,Total Geral da Despesa por Função,RS,410159.38
DCA-Anexo I-E,2022,DESPESA,DCA-Anexo I-E,TotalDespesas,4318002,Despesas Empenhadas,10 - Saúde,2022,Prefeitura Municipal de São Borja - RS,59768,Total Geral da Despesa por Função,RS,87476181.29
DCA-Anexo I-E,2022,DESPESA,DCA-Anexo I-E,TotalDespesas,4318002,Despesas Empenhadas,10.301 - Atenção Básica,2022,Prefeitura Municipal de São Borja - RS,59768,Total Geral da Despesa por Função,RS,32165875.91
DCA-Anexo I-E,2022,DESPESA,DCA-Anexo I-E,TotalDespesas,4318002,Despesas Empenhadas,10.302 - Assistência Hospitalar e Ambulatorial,2022,Prefeitura Municipal de São Borja - RS,59768,Total Geral da Despesa por Função,RS,50363482.73
DCA-Anexo I-E,2022,DESPESA,DCA-Anexo I-E,TotalDespesas,4318002,Despesas Empenhadas,10.303 - Suporte Profilático e Terapêutico,2022,Prefeitura Municipal de São Borja - RS,59768,Total Geral da Despesa por Função,RS,1034773.67
DCA-Anexo I-E,2022,DESPESA,DCA-Anexo I-E,TotalDespesas,4318002,Despesas Empenhadas,10.304 - Vigilância Sanitária,2022,Prefeitura Municipal de São Borja - RS,59768,Total Geral da Despesa por Função,RS,809963.98
DCA-Anexo I-E,2022,DESPESA,DCA-Anexo I-E,TotalDespesas,4318002,Despesas Empenhadas,10.305 - Vigilância Epidemiológica,2022,Prefeitura Municipal de São Borja - RS,59768,Total Geral da Despesa por Função,RS,111383.47
DCA-Anexo I-E,2022,DESPESA,DCA-Anexo I-E,TotalDespesas,4318002,Despesas Empenhadas,10.122 - Administração Geral,2022,Prefeitura Municipal de São Borja - RS,59768,Total Geral da Despesa por Função,RS,2990701.53
DCA-Anexo I-E,2022,DESPESA,DCA-Anexo I-E,TotalDespesas,4318002,Despesas Empenhadas,11 - Trabalho,2022,Prefeitura Municipal de São Borja - RS,59768,Total Geral da Despesa por Função,RS,1246
DCA-Anexo I-E,2022,DESPESA,DCA-Anexo I-E,TotalDespesas,4318002,Despesas Empenhadas,11.334 - Fomento ao Trabalho,2022,Prefeitura Municipal de São Borja - RS,59768,Total Geral da Despesa por Função,RS,1246
DCA-Anexo I-E,2022,DESPESA,DCA-Anexo I-E,TotalDespesas,4318002,Despesas Empenhadas,12 - Educação,2022,Prefeitura Municipal de São Borja - RS,59768,Total Geral da Despesa por Função,RS,63177929.69
DCA-Anexo I-E,2022,DESPESA,DCA-Anexo I-E,TotalDespesas,4318002,Despesas Empenhadas,12.361 - Ensino Fundamental,2022,Prefeitura Municipal de São Borja - RS,59768,Total Geral da Despesa por Função,RS,52163196.18
DCA-Anexo I-E,2022,DESPESA,DCA-Anexo I-E,TotalDespesas,4318002,Despesas Empenhadas,12.362 - Ensino Médio,2022,Prefeitura Municipal de São Borja - RS,59768,Total Geral da Despesa por Função,RS,2153653.44
DCA-Anexo I-E,2022,DESPESA,DCA-Anexo I-E,TotalDespesas,4318002,Despesas Empenhadas,12.365 - Educação Infantil,2022,Prefeitura Municipal de São Borja - RS,59768,Total Geral da Despesa por Função,RS,7166213.67
DCA-Anexo I-E,2022,DESPESA,DCA-Anexo I-E,TotalDespesas,4318002,Despesas Empenhadas,12.366 - Educação de Jovens e Adultos,2022,Prefeitura Municipal de São Borja - RS,59768,Total Geral da Despesa por Função,RS,121499.5
DCA-Anexo I-E,2022,DESPESA,DCA-Anexo I-E,TotalDespesas,4318002,Despesas Empenhadas,12.122 - Administração Geral,2022,Prefeitura Municipal de São Borja - RS,59768,Total Geral da Despesa por Função,RS,1573366.9
DCA-Anexo I-E,2022,DESPESA,DCA-Anexo I-E,TotalDespesas,4318002,Despesas Empenhadas,13 - Cultura,2022,Prefeitura Municipal de São Borja - RS,59768,Total Geral da Despesa por Função,RS,342566.79
DCA-Anexo I-E,2022,DESPESA,DCA-Anexo I-E,TotalDespesas,4318002,Despesas Empenhadas,13.392 - Difusão Cultural,2022,Prefeitura Municipal de São Borja - RS,59768,Total Geral da Despesa por Função,RS,342566.79
DCA-Anexo I-E,2022,DESPESA,DCA-Anexo I-E,TotalDespesas,4318002,Despesas Empenhadas,14 - Direitos da Cidadania,2022,Prefeitura Municipal de São Borja - RS,59768,Total Geral da Despesa por Função,RS,1730.13
DCA-Anexo I-E,2022,DESPESA,DCA-Anexo I-E,TotalDespesas,4318002,Despesas Empenhadas,"14.422 - Direitos Individuais, Coletivos e Difusos",2022,Prefeitura Municipal de São Borja - RS,59768,Total Geral da Despesa por Função,RS,1730.13
DCA-Anexo I-E,2022,DESPESA,DCA-Anexo I-E,TotalDespesas,4318002,Despesas Empenhadas,15 - Urbanismo,2022,Prefeitura Municipal de São Borja - RS,59768,Total Geral da Despesa por Função,RS,24668106.27
DCA-Anexo I-E,2022,DESPESA,DCA-Anexo I-E,TotalDespesas,4318002,Despesas Empenhadas,15.451 - Infraestrutura Urbana,2022,Prefeitura Municipal de São Borja - RS,59768,Total Geral da Despesa por Função,RS,4739434.27
DCA-Anexo I-E,2022,DESPESA,DCA-Anexo I-E,TotalDespesas,4318002,Despesas Empenhadas,15.452 - Serviços Urbanos,2022,Prefeitura Municipal de São Borja - RS,59768,Total Geral da Despesa por Função,RS,19178672
DCA-Anexo I-E,2022,DESPESA,DCA-Anexo I-E,TotalDespesas,4318002,Despesas Empenhadas,15.453 - Transportes Coletivos Urbanos,2022,Prefeitura Municipal de São Borja - RS,59768,Total Geral da Despesa por Função,RS,750000
DCA-Anexo I-E,2022,DESPESA,DCA-Anexo I-E,TotalDespesas,4318002,Despesas Empenhadas,16 - Habitação,2022,Prefeitura Municipal de São Borja - RS,59768,Total Geral da Despesa por Função,RS,3782
DCA-Anexo I-E,2022,DESPESA,DCA-Anexo I-E,TotalDespesas,4318002,Despesas Empenhadas,16.482 - Habitação Urbana,2022,Prefeitura Municipal de São Borja - RS,59768,Total Geral da Despesa por Função,RS,3782
DCA-Anexo I-E,2022,DESPESA,DCA-Anexo I-E,TotalDespesas,4318002,Despesas Empenhadas,17 - Saneamento,2022,Prefeitura Municipal de São Borja - RS,59768,Total Geral da Despesa por Função,RS,18410.7
DCA-Anexo I-E,2022,DESPESA,DCA-Anexo I-E,TotalDespesas,4318002,Despesas Empenhadas,17.511 - Saneamento Básico Rural,2022,Prefeitura Municipal de São Borja - RS,59768,Total Geral da Despesa por Função,RS,18410.7
DCA-Anexo I-E,2022,DESPESA,DCA-Anexo I-E,TotalDespesas,4318002,Despesas Empenhadas,18 - Gestão Ambiental,2022,Prefeitura Municipal de São Borja - RS,59768,Total Geral da Despesa por Função,RS,24964.16
DCA-Anexo I-E,2022,DESPESA,DCA-Anexo I-E,TotalDespesas,4318002,Despesas Empenhadas,18.541 - Preservação e Conservação Ambiental,2022,Prefeitura Municipal de São Borja - RS,59768,Total Geral da Despesa por Função,RS,24964.16
DCA-Anexo I-E,2022,DESPESA,DCA-Anexo I-E,TotalDespesas,4318002,Despesas Empenhadas,20 - Agricultura,2022,Prefeitura Municipal de São Borja - RS,59768,Total Geral da Despesa por Função,RS,1439189.21
DCA-Anexo I-E,2022,DESPESA,DCA-Anexo I-E,TotalDespesas,4318002,Despesas Empenhadas,20.606 - Extensão Rural,2022,Prefeitura Municipal de São Borja - RS,59768,Total Geral da Despesa por Função,RS,1387666.45
DCA-Anexo I-E,2022,DESPESA,DCA-Anexo I-E,TotalDespesas,4318002,Despesas Empenhadas,20.122 - Administração Geral,2022,Prefeitura Municipal de São Borja - RS,59768,Total Geral da Despesa por Função,RS,51522.76
DCA-Anexo I-E,2022,DESPESA,DCA-Anexo I-E,TotalDespesas,4318002,Despesas Empenhadas,23 - Comércio e Serviços,2022,Prefeitura Municipal de São Borja - RS,59768,Total Geral da Despesa por Função,RS,5247150.08
DCA-Anexo I-E,2022,DESPESA,DCA-Anexo I-E,TotalDespesas,4318002,Despesas Empenhadas,23.695 - Turismo,2022,Prefeitura Municipal de São Borja - RS,59768,Total Geral da Despesa por Função,RS,5247150.08
DCA-Anexo I-E,2022,DESPESA,DCA-Anexo I-E,TotalDespesas,4318002,Despesas Empenhadas,26 - Transporte,2022,Prefeitura Municipal de São Borja - RS,59768,Total Geral da Despesa por Função,RS,876268.16
DCA-Anexo I-E,2022,DESPESA,DCA-Anexo I-E,TotalDespesas,4318002,Despesas Empenhadas,26.781 - Transporte Aéreo,2022,Prefeitura Municipal de São Borja - RS,59768,Total Geral da Despesa por Função,RS,289770.86
DCA-Anexo I-E,2022,DESPESA,DCA-Anexo I-E,TotalDespesas,4318002,Despesas Empenhadas,26.782 - Transporte Rodoviário,2022,Prefeitura Municipal de São Borja - RS,59768,Total Geral da Despesa por Função,RS,586497.3
DCA-Anexo I-E,2022,DESPESA,DCA-Anexo I-E,TotalDespesas,4318002,Despesas Empenhadas,27 - Desporto e Lazer,2022,Prefeitura Municipal de São Borja - RS,59768,Total Geral da Despesa por Função,RS,340650.44
DCA-Anexo I-E,2022,DESPESA,DCA-Anexo I-E,TotalDespesas,4318002,Despesas Empenhadas,27.811 - Desporto de Rendimento,2022,Prefeitura Municipal de São Borja - RS,59768,Total Geral da Despesa por Função,RS,17881.99
DCA-Anexo I-E,2022,DESPESA,DCA-Anexo I-E,TotalDespesas,4318002,Despesas Empenhadas,27.812 - Desporto Comunitário,2022,Prefeitura Municipal de São Borja - RS,59768,Total Geral da Despesa por Função,RS,322768.45
DCA-Anexo I-E,2022,DESPESA,DCA-Anexo I-E,TotalDespesas,4318002,Despesas Empenhadas,28 - Encargos Especiais,2022,Prefeitura Municipal de São Borja - RS,59768,Total Geral da Despesa por Função,RS,11999973.74
DCA-Anexo I-E,2022,DESPESA|DIVIDA,DCA-Anexo I-E,TotalDespesas,4318002,Despesas Empenhadas,28.843 - Serviço da Dívida Interna,2022,Prefeitura Municipal de São Borja - RS,59768,Total Geral da Despesa por Função,RS,11999973.74
DCA-Anexo I-E,2022,DESPESA,DCA-Anexo I-E,TotalDespesas,4318002,Despesas Empenhadas,Despesas Intraorçamentárias,2022,Prefeitura Municipal de São Borja - RS,59768,Total Geral da Despesa por Função,RS,31677644.01
DCA-Anexo I-E,2022,DESPESA,DCA-Anexo I-E,TotalDespesas,4318002,Despesas Liquidadas,Despesas Exceto Intraorçamentárias,2022,Prefeitura Municipal de São Borja - RS,59768,Total Geral da Despesa por Função,RS,256037616.25
DCA-Anexo I-E,2022,DESPESA,DCA-Anexo I-E,TotalDespesas,4318002,Despesas Liquidadas,01 - Legislativa,2022,Prefeitura Municipal de São Borja - RS,59768,Total Geral da Despesa por Função,RS,7835514.71
DCA-Anexo I-E,2022,DESPESA,DCA-Anexo I-E,TotalDespesas,4318002,Despesas Liquidadas,01.031 - Ação Legislativa,2022,Prefeitura Municipal de São Borja - RS,59768,Total Geral da Despesa por Função,RS,7835514.71
DCA-Anexo I-E,2022,DESPESA,DCA-Anexo I-E,TotalDespesas,4318002,Despesas Liquidadas,04 - Administração,2022,Prefeitura Municipal de São Borja - RS,59768,Total Geral da Despesa por Função,RS,29098050.53
DCA-Anexo I-E,2022,DESPESA,DCA-Anexo I-E,TotalDespesas,4318002,Despesas Liquidadas,04.122 - Administração Geral,2022,Prefeitura Municipal de São Borja - RS,59768,Total Geral da Despesa por Função,RS,28517095.55
DCA-Anexo I-E,2022,DESPESA,DCA-Anexo I-E,TotalDespesas,4318002,Despesas Liquidadas,04.124 - Controle Interno,2022,Prefeitura Municipal de São Borja - RS,59768,Total Geral da Despesa por Função,RS,304527.06
DCA-Anexo I-E,2022,DESPESA,DCA-Anexo I-E,TotalDespesas,4318002,Despesas Liquidadas,04.126 - Tecnologia da Informação,2022,Prefeitura Municipal de São Borja - RS,59768,Total Geral da Despesa por Função,RS,276427.92
DCA-Anexo I-E,2022,DESPESA,DCA-Anexo I-E,TotalDespesas,4318002,Despesas Liquidadas,06 - Segurança Pública,2022,Prefeitura Municipal de São Borja - RS,59768,Total Geral da Despesa por Função,RS,511206.72
DCA-Anexo I-E,2022,DESPESA,DCA-Anexo I-E,TotalDespesas,4318002,Despesas Liquidadas,06.181 - Policiamento,2022,Prefeitura Municipal de São Borja - RS,59768,Total Geral da Despesa por Função,RS,468631.51
DCA-Anexo I-E,2022,DESPESA,DCA-Anexo I-E,TotalDespesas,4318002,Despesas Liquidadas,06.182 - Defesa Civil,2022,Prefeitura Municipal de São Borja - RS,59768,Total Geral da Despesa por Função,RS,42071.58
DCA-Anexo I-E,2022,DESPESA,DCA-Anexo I-E,TotalDespesas,4318002,Despesas Liquidadas,FU06 - Demais Subfunções,2022,Prefeitura Municipal de São Borja - RS,59768,Total Geral da Despesa por Função,RS,503.63
DCA-Anexo I-E,2022,DESPESA,DCA-Anexo I-E,TotalDespesas,4318002,Despesas Liquidadas,08 - Assistência Social,2022,Prefeitura Municipal de São Borja - RS,59768,Total Geral da Despesa por Função,RS,6800874.7
DCA-Anexo I-E,2022,DESPESA,DCA-Anexo I-E,TotalDespesas,4318002,Despesas Liquidadas,08.241 - Assistência ao Idoso,2022,Prefeitura Municipal de São Borja - RS,59768,Total Geral da Despesa por Função,RS,214633.55
DCA-Anexo I-E,2022,DESPESA,DCA-Anexo I-E,TotalDespesas,4318002,Despesas Liquidadas,08.242 - Assistência ao Portador de Deficiência,2022,Prefeitura Municipal de São Borja - RS,59768,Total Geral da Despesa por Função,RS,25000
DCA-Anexo I-E,2022,DESPESA,DCA-Anexo I-E,TotalDespesas,4318002,Despesas Liquidadas,08.243 - Assistência à Criança e ao Adolescente,2022,Prefeitura Municipal de São Borja - RS,59768,Total Geral da Despesa por Função,RS,2854418.28
DCA-Anexo I-E,2022,DESPESA,DCA-Anexo I-E,TotalDespesas,4318002,Despesas Liquidadas,08.244 - Assistência Comunitária,2022,Prefeitura Municipal de São Borja - RS,59768,Total Geral da Despesa por Função,RS,3026512.77
DCA-Anexo I-E,2022,DESPESA,DCA-Anexo I-E,TotalDespesas,4318002,Despesas Liquidadas,08.122 - Administração Geral,2022,Prefeitura Municipal de São Borja - RS,59768,Total Geral da Despesa por Função,RS,680310.1
DCA-Anexo I-E,2022,DESPESA|PREVID,DCA-Anexo I-E,TotalDespesas,4318002,Despesas Liquidadas,09 - Previdência Social,2022,Prefeitura Municipal de São Borja - RS,59768,Total Geral da Despesa por Função,RS,33244078.09
DCA-Anexo I-E,2022,DESPESA|PREVID,DCA-Anexo I-E,TotalDespesas,4318002,Despesas Liquidadas,09.272 - Previdência do Regime Estatutário,2022,Prefeitura Municipal de São Borja - RS,59768,Total Geral da Despesa por Função,RS,32833918.71
DCA-Anexo I-E,2022,DESPESA,DCA-Anexo I-E,TotalDespesas,4318002,Despesas Liquidadas,09.122 - Administração Geral,2022,Prefeitura Municipal de São Borja - RS,59768,Total Geral da Despesa por Função,RS,410159.38
DCA-Anexo I-E,2022,DESPESA,DCA-Anexo I-E,TotalDespesas,4318002,Despesas Liquidadas,10 - Saúde,2022,Prefeitura Municipal de São Borja - RS,59768,Total Geral da Despesa por Função,RS,85050802.58
DCA-Anexo I-E,2022,DESPESA,DCA-Anexo I-E,TotalDespesas,4318002,Despesas Liquidadas,10.301 - Atenção Básica,2022,Prefeitura Municipal de São Borja - RS,59768,Total Geral da Despesa por Função,RS,31427728.43
DCA-Anexo I-E,2022,DESPESA,DCA-Anexo I-E,TotalDespesas,4318002,Despesas Liquidadas,10.302 - Assistência Hospitalar e Ambulatorial,2022,Prefeitura Municipal de São Borja - RS,59768,Total Geral da Despesa por Função,RS,48721804.32
DCA-Anexo I-E,2022,DESPESA,DCA-Anexo I-E,TotalDespesas,4318002,Despesas Liquidadas,10.303 - Suporte Profilático e Terapêutico,2022,Prefeitura Municipal de São Borja - RS,59768,Total Geral da Despesa por Função,RS,1018107.74
DCA-Anexo I-E,2022,DESPESA,DCA-Anexo I-E,TotalDespesas,4318002,Despesas Liquidadas,10.304 - Vigilância Sanitária,2022,Prefeitura Municipal de São Borja - RS,59768,Total Geral da Despesa por Função,RS,787963.98
DCA-Anexo I-E,2022,DESPESA,DCA-Anexo I-E,TotalDespesas,4318002,Despesas Liquidadas,10.305 - Vigilância Epidemiológica,2022,Prefeitura Municipal de São Borja - RS,59768,Total Geral da Despesa por Função,RS,111383.47
DCA-Anexo I-E,2022,DESPESA,DCA-Anexo I-E,TotalDespesas,4318002,Despesas Liquidadas,10.122 - Administração Geral,2022,Prefeitura Municipal de São Borja - RS,59768,Total Geral da Despesa por Função,RS,2983814.64
DCA-Anexo I-E,2022,DESPESA,DCA-Anexo I-E,TotalDespesas,4318002,Despesas Liquidadas,11 - Trabalho,2022,Prefeitura Municipal de São Borja - RS,59768,Total Geral da Despesa por Função,RS,1246
DCA-Anexo I-E,2022,DESPESA,DCA-Anexo I-E,TotalDespesas,4318002,Despesas Liquidadas,11.334 - Fomento ao Trabalho,2022,Prefeitura Municipal de São Borja - RS,59768,Total Geral da Despesa por Função,RS,1246
DCA-Anexo I-E,2022,DESPESA,DCA-Anexo I-E,TotalDespesas,4318002,Despesas Liquidadas,12 - Educação,2022,Prefeitura Municipal de São Borja - RS,59768,Total Geral da Despesa por Função,RS,61979327.47
DCA-Anexo I-E,2022,DESPESA,DCA-Anexo I-E,TotalDespesas,4318002,Despesas Liquidadas,12.361 - Ensino Fundamental,2022,Prefeitura Municipal de São Borja - RS,59768,Total Geral da Despesa por Função,RS,51603238.12
DCA-Anexo I-E,2022,DESPESA,DCA-Anexo I-E,TotalDespesas,4318002,Despesas Liquidadas,12.362 - Ensino Médio,2022,Prefeitura Municipal de São Borja - RS,59768,Total Geral da Despesa por Função,RS,1661404.64
DCA-Anexo I-E,2022,DESPESA,DCA-Anexo I-E,TotalDespesas,4318002,Despesas Liquidadas,12.365 - Educação Infantil,2022,Prefeitura Municipal de São Borja - RS,59768,Total Geral da Despesa por Função,RS,7037299
DCA-Anexo I-E,2022,DESPESA,DCA-Anexo I-E,TotalDespesas,4318002,Despesas Liquidadas,12.366 - Educação de Jovens e Adultos,2022,Prefeitura Municipal de São Borja - RS,59768,Total Geral da Despesa por Função,RS,121499.5
DCA-Anexo I-E,2022,DESPESA,DCA-Anexo I-E,TotalDespesas,4318002,Despesas Liquidadas,12.122 - Administração Geral,2022,Prefeitura Municipal de São Borja - RS,59768,Total Geral da Despesa por Função,RS,1555886.21
DCA-Anexo I-E,2022,DESPESA,DCA-Anexo I-E,TotalDespesas,4318002,Despesas Liquidadas,13 - Cultura,2022,Prefeitura Municipal de São Borja - RS,59768,Total Geral da Despesa por Função,RS,334366.62
DCA-Anexo I-E,2022,DESPESA,DCA-Anexo I-E,TotalDespesas,4318002,Despesas Liquidadas,13.392 - Difusão Cultural,2022,Prefeitura Municipal de São Borja - RS,59768,Total Geral da Despesa por Função,RS,334366.62
DCA-Anexo I-E,2022,DESPESA,DCA-Anexo I-E,TotalDespesas,4318002,Despesas Liquidadas,14 - Direitos da Cidadania,2022,Prefeitura Municipal de São Borja - RS,59768,Total Geral da Despesa por Função,RS,1727.1
DCA-Anexo I-E,2022,DESPESA,DCA-Anexo I-E,TotalDespesas,4318002,Despesas Liquidadas,"14.422 - Direitos Individuais, Coletivos e Difusos",2022,Prefeitura Municipal de São Borja - RS,59768,Total Geral da Despesa por Função,RS,1727.1
DCA-Anexo I-E,2022,DESPESA,DCA-Anexo I-E,TotalDespesas,4318002,Despesas Liquidadas,15 - Urbanismo,2022,Prefeitura Municipal de São Borja - RS,59768,Total Geral da Despesa por Função,RS,16604069.29
DCA-Anexo I-E,2022,DESPESA,DCA-Anexo I-E,TotalDespesas,4318002,Despesas Liquidadas,15.451 - Infraestrutura Urbana,2022,Prefeitura Municipal de São Borja - RS,59768,Total Geral da Despesa por Função,RS,3452665.54
DCA-Anexo I-E,2022,DESPESA,DCA-Anexo I-E,TotalDespesas,4318002,Despesas Liquidadas,15.452 - Serviços Urbanos,2022,Prefeitura Municipal de São Borja - RS,59768,Total Geral da Despesa por Função,RS,12401403.75
DCA-Anexo I-E,2022,DESPESA,DCA-Anexo I-E,TotalDespesas,4318002,Despesas Liquidadas,15.453 - Transportes Coletivos Urbanos,2022,Prefeitura Municipal de São Borja - RS,59768,Total Geral da Despesa por Função,RS,750000
DCA-Anexo I-E,2022,DESPESA,DCA-Anexo I-E,TotalDespesas,4318002,Despesas Liquidadas,16 - Habitação,2022,Prefeitura Municipal de São Borja - RS,59768,Total Geral da Despesa por Função,RS,3782
DCA-Anexo I-E,2022,DESPESA,DCA-Anexo I-E,TotalDespesas,4318002,Despesas Liquidadas,16.482 - Habitação Urbana,2022,Prefeitura Municipal de São Borja - RS,59768,Total Geral da Despesa por Função,RS,3782
DCA-Anexo I-E,2022,DESPESA,DCA-Anexo I-E,TotalDespesas,4318002,Despesas Liquidadas,17 - Saneamento,2022,Prefeitura Municipal de São Borja - RS,59768,Total Geral da Despesa por Função,RS,17290.7
DCA-Anexo I-E,2022,DESPESA,DCA-Anexo I-E,TotalDespesas,4318002,Despesas Liquidadas,17.511 - Saneamento Básico Rural,2022,Prefeitura Municipal de São Borja - RS,59768,Total Geral da Despesa por Função,RS,17290.7
DCA-Anexo I-E,2022,DESPESA,DCA-Anexo I-E,TotalDespesas,4318002,Despesas Liquidadas,18 - Gestão Ambiental,2022,Prefeitura Municipal de São Borja - RS,59768,Total Geral da Despesa por Função,RS,24964.16
DCA-Anexo I-E,2022,DESPESA,DCA-Anexo I-E,TotalDespesas,4318002,Despesas Liquidadas,18.541 - Preservação e Conservação Ambiental,2022,Prefeitura Municipal de São Borja - RS,59768,Total Geral da Despesa por Função,RS,24964.16
DCA-Anexo I-E,2022,DESPESA,DCA-Anexo I-E,TotalDespesas,4318002,Despesas Liquidadas,20 - Agricultura,2022,Prefeitura Municipal de São Borja - RS,59768,Total Geral da Despesa por Função,RS,1345236.83
DCA-Anexo I-E,2022,DESPESA,DCA-Anexo I-E,TotalDespesas,4318002,Despesas Liquidadas,20.606 - Extensão Rural,2022,Prefeitura Municipal de São Borja - RS,59768,Total Geral da Despesa por Função,RS,1298674.53
DCA-Anexo I-E,2022,DESPESA,DCA-Anexo I-E,TotalDespesas,4318002,Despesas Liquidadas,20.122 - Administração Geral,2022,Prefeitura Municipal de São Borja - RS,59768,Total Geral da Despesa por Função,RS,46562.3
DCA-Anexo I-E,2022,DESPESA,DCA-Anexo I-E,TotalDespesas,4318002,Despesas Liquidadas,23 - Comércio e Serviços,2022,Prefeitura Municipal de São Borja - RS,59768,Total Geral da Despesa por Função,RS,219324.37
DCA-Anexo I-E,2022,DESPESA,DCA-Anexo I-E,TotalDespesas,4318002,Despesas Liquidadas,23.695 - Turismo,2022,Prefeitura Municipal de São Borja - RS,59768,Total Geral da Despesa por Função,RS,219324.37
DCA-Anexo I-E,2022,DESPESA,DCA-Anexo I-E,TotalDespesas,4318002,Despesas Liquidadas,26 - Transporte,2022,Prefeitura Municipal de São Borja - RS,59768,Total Geral da Despesa por Função,RS,628800.3
DCA-Anexo I-E,2022,DESPESA,DCA-Anexo I-E,TotalDespesas,4318002,Despesas Liquidadas,26.781 - Transporte Aéreo,2022,Prefeitura Municipal de São Borja - RS,59768,Total Geral da Despesa por Função,RS,44175
DCA-Anexo I-E,2022,DESPESA,DCA-Anexo I-E,TotalDespesas,4318002,Despesas Liquidadas,26.782 - Transporte Rodoviário,2022,Prefeitura Municipal de São Borja - RS,59768,Total Geral da Despesa por Função,RS,584625.3
DCA-Anexo I-E,2022,DESPESA,DCA-Anexo I-E,TotalDespesas,4318002,Despesas Liquidadas,27 - Desporto e Lazer,2022,Prefeitura Municipal de São Borja - RS,59768,Total Geral da Despesa por Função,RS,336980.34
DCA-Anexo I-E,2022,DESPESA,DCA-Anexo I-E,TotalDespesas,4318002,Despesas Liquidadas,27.811 - Desporto de Rendimento,2022,Prefeitura Municipal de São Borja - RS,59768,Total Geral da Despesa por Função,RS,17881.99
DCA-Anexo I-E,2022,DESPESA,DCA-Anexo I-E,TotalDespesas,4318002,Despesas Liquidadas,27.812 - Desporto Comunitário,2022,Prefeitura Municipal de São Borja - RS,59768,Total Geral da Despesa por Função,RS,319098.35
DCA-Anexo I-E,2022,DESPESA,DCA-Anexo I-E,TotalDespesas,4318002,Despesas Liquidadas,28 - Encargos Especiais,2022,Prefeitura Municipal de São Borja - RS,59768,Total Geral da Despesa por Função,RS,11999973.74
DCA-Anexo I-E,2022,DESPESA|DIVIDA,DCA-Anexo I-E,TotalDespesas,4318002,Despesas Liquidadas,28.843 - Serviço da Dívida Interna,2022,Prefeitura Municipal de São Borja - RS,59768,Total Geral da Despesa por Função,RS,11999973.74
DCA-Anexo I-E,2022,DESPESA,DCA-Anexo I-E,TotalDespesas,4318002,Despesas Liquidadas,Despesas Intraorçamentárias,2022,Prefeitura Municipal de São Borja - RS,59768,Total Geral da Despesa por Função,RS,31677644.01
DCA-Anexo I-E,2022,DESPESA,DCA-Anexo I-E,TotalDespesas,4318002,Despesas Pagas,Despesas Exceto Intraorçamentárias,2022,Prefeitura Municipal de São Borja - RS,59768,Total Geral da Despesa por Função,RS,252805723.97
DCA-Anexo I-E,2022,DESPESA,DCA-Anexo I-E,TotalDespesas,4318002,Despesas Pagas,01 - Legislativa,2022,Prefeitura Municipal de São Borja - RS,59768,Total Geral da Despesa por Função,RS,7835514.71
DCA-Anexo I-E,2022,DESPESA,DCA-Anexo I-E,TotalDespesas,4318002,Despesas Pagas,01.031 - Ação Legislativa,2022,Prefeitura Municipal de São Borja - RS,59768,Total Geral da Despesa por Função,RS,7835514.71
DCA-Anexo I-E,2022,DESPESA,DCA-Anexo I-E,TotalDespesas,4318002,Despesas Pagas,04 - Administração,2022,Prefeitura Municipal de São Borja - RS,59768,Total Geral da Despesa por Função,RS,28811091.34
DCA-Anexo I-E,2022,DESPESA,DCA-Anexo I-E,TotalDespesas,4318002,Despesas Pagas,04.122 - Administração Geral,2022,Prefeitura Municipal de São Borja - RS,59768,Total Geral da Despesa por Função,RS,28241669.58
DCA-Anexo I-E,2022,DESPESA,DCA-Anexo I-E,TotalDespesas,4318002,Despesas Pagas,04.124 - Controle Interno,2022,Prefeitura Municipal de São Borja - RS,59768,Total Geral da Despesa por Função,RS,304213.84
DCA-Anexo I-E,2022,DESPESA,DCA-Anexo I-E,TotalDespesas,4318002,Despesas Pagas,04.126 - Tecnologia da Informação,2022,Prefeitura Municipal de São Borja - RS,59768,Total Geral da Despesa por Função,RS,265207.92
DCA-Anexo I-E,2022,DESPESA,DCA-Anexo I-E,TotalDespesas,4318002,Despesas Pagas,06 - Segurança Pública,2022,Prefeitura Municipal de São Borja - RS,59768,Total Geral da Despesa por Função,RS,508113.02
DCA-Anexo I-E,2022,DESPESA,DCA-Anexo I-E,TotalDespesas,4318002,Despesas Pagas,06.181 - Policiamento,2022,Prefeitura Municipal de São Borja - RS,59768,Total Geral da Despesa por Função,RS,466151.51
DCA-Anexo I-E,2022,DESPESA,DCA-Anexo I-E,TotalDespesas,4318002,Despesas Pagas,06.182 - Defesa Civil,2022,Prefeitura Municipal de São Borja - RS,59768,Total Geral da Despesa por Função,RS,41457.88
DCA-Anexo I-E,2022,DESPESA,DCA-Anexo I-E,TotalDespesas,4318002,Despesas Pagas,FU06 - Demais Subfunções,2022,Prefeitura Municipal de São Borja - RS,59768,Total Geral da Despesa por Função,RS,503.63
DCA-Anexo I-E,2022,DESPESA,DCA-Anexo I-E,TotalDespesas,4318002,Despesas Pagas,08 - Assistência Social,2022,Prefeitura Municipal de São Borja - RS,59768,Total Geral da Despesa por Função,RS,6697788.55
DCA-Anexo I-E,2022,DESPESA,DCA-Anexo I-E,TotalDespesas,4318002,Despesas Pagas,08.241 - Assistência ao Idoso,2022,Prefeitura Municipal de São Borja - RS,59768,Total Geral da Despesa por Função,RS,214633.55
DCA-Anexo I-E,2022,DESPESA,DCA-Anexo I-E,TotalDespesas,4318002,Despesas Pagas,08.242 - Assistência ao Portador de Deficiência,2022,Prefeitura Municipal de São Borja - RS,59768,Total Geral da Despesa por Função,RS,25000
DCA-Anexo I-E,2022,DESPESA,DCA-Anexo I-E,TotalDespesas,4318002,Despesas Pagas,08.243 - Assistência à Criança e ao Adolescente,2022,Prefeitura Municipal de São Borja - RS,59768,Total Geral da Despesa por Função,RS,2813272.83
DCA-Anexo I-E,2022,DESPESA,DCA-Anexo I-E,TotalDespesas,4318002,Despesas Pagas,08.244 - Assistência Comunitária,2022,Prefeitura Municipal de São Borja - RS,59768,Total Geral da Despesa por Função,RS,2971677.74
DCA-Anexo I-E,2022,DESPESA,DCA-Anexo I-E,TotalDespesas,4318002,Despesas Pagas,08.122 - Administração Geral,2022,Prefeitura Municipal de São Borja - RS,59768,Total Geral da Despesa por Função,RS,673204.43
DCA-Anexo I-E,2022,DESPESA|PREVID,DCA-Anexo I-E,TotalDespesas,4318002,Despesas Pagas,09 - Previdência Social,2022,Prefeitura Municipal de São Borja - RS,59768,Total Geral da Despesa por Função,RS,33244078.09
DCA-Anexo I-E,2022,DESPESA|PREVID,DCA-Anexo I-E,TotalDespesas,4318002,Despesas Pagas,09.272 - Previdência do Regime Estatutário,2022,Prefeitura Municipal de São Borja - RS,59768,Total Geral da Despesa por Função,RS,32833918.71
DCA-Anexo I-E,2022,DESPESA,DCA-Anexo I-E,TotalDespesas,4318002,Despesas Pagas,09.122 - Administração Geral,2022,Prefeitura Municipal de São Borja - RS,59768,Total Geral da Despesa por Função,RS,410159.38
DCA-Anexo I-E,2022,DESPESA,DCA-Anexo I-E,TotalDespesas,4318002,Despesas Pagas,10 - Saúde,2022,Prefeitura Municipal de São Borja - RS,59768,Total Geral da Despesa por Função,RS,83395597.79
DCA-Anexo I-E,2022,DESPESA,DCA-Anexo I-E,TotalDespesas,4318002,Despesas Pagas,10.301 - Atenção Básica,2022,Prefeitura Municipal de São Borja - RS,59768,Total Geral da Despesa por Função,RS,31012910.82
DCA-Anexo I-E,2022,DESPESA,DCA-Anexo I-E,TotalDespesas,4318002,Despesas Pagas,10.302 - Assistência Hospitalar e Ambulatorial,2022,Prefeitura Municipal de São Borja - RS,59768,Total Geral da Despesa por Função,RS,47569119.8
DCA-Anexo I-E,2022,DESPESA,DCA-Anexo I-E,TotalDespesas,4318002,Despesas Pagas,10.303 - Suporte Profilático e Terapêutico,2022,Prefeitura Municipal de São Borja - RS,59768,Total Geral da Despesa por Função,RS,1014989.74
DCA-Anexo I-E,2022,DESPESA,DCA-Anexo I-E,TotalDespesas,4318002,Despesas Pagas,10.304 - Vigilância Sanitária,2022,Prefeitura Municipal de São Borja - RS,59768,Total Geral da Despesa por Função,RS,787963.98
DCA-Anexo I-E,2022,DESPESA,DCA-Anexo I-E,TotalDespesas,4318002,Despesas Pagas,10.305 - Vigilância Epidemiológica,2022,Prefeitura Municipal de São Borja - RS,59768,Total Geral da Despesa por Função,RS,111383.47
DCA-Anexo I-E,2022,DESPESA,DCA-Anexo I-E,TotalDespesas,4318002,Despesas Pagas,10.122 - Administração Geral,2022,Prefeitura Municipal de São Borja - RS,59768,Total Geral da Despesa por Função,RS,2899229.98
DCA-Anexo I-E,2022,DESPESA,DCA-Anexo I-E,TotalDespesas,4318002,Despesas Pagas,11 - Trabalho,2022,Prefeitura Municipal de São Borja - RS,59768,Total Geral da Despesa por Função,RS,1246
DCA-Anexo I-E,2022,DESPESA,DCA-Anexo I-E,TotalDespesas,4318002,Despesas Pagas,11.334 - Fomento ao Trabalho,2022,Prefeitura Municipal de São Borja - RS,59768,Total Geral da Despesa por Função,RS,1246
DCA-Anexo I-E,2022,DESPESA,DCA-Anexo I-E,TotalDespesas,4318002,Despesas Pagas,12 - Educação,2022,Prefeitura Municipal de São Borja - RS,59768,Total Geral da Despesa por Função,RS,61116408.44
DCA-Anexo I-E,2022,DESPESA,DCA-Anexo I-E,TotalDespesas,4318002,Despesas Pagas,12.361 - Ensino Fundamental,2022,Prefeitura Municipal de São Borja - RS,59768,Total Geral da Despesa por Função,RS,50841555.96
DCA-Anexo I-E,2022,DESPESA,DCA-Anexo I-E,TotalDespesas,4318002,Despesas Pagas,12.362 - Ensino Médio,2022,Prefeitura Municipal de São Borja - RS,59768,Total Geral da Despesa por Função,RS,1612808.57
DCA-Anexo I-E,2022,DESPESA,DCA-Anexo I-E,TotalDespesas,4318002,Despesas Pagas,12.365 - Educação Infantil,2022,Prefeitura Municipal de São Borja - RS,59768,Total Geral da Despesa por Função,RS,7033478.21
DCA-Anexo I-E,2022,DESPESA,DCA-Anexo I-E,TotalDespesas,4318002,Despesas Pagas,12.366 - Educação de Jovens e Adultos,2022,Prefeitura Municipal de São Borja - RS,59768,Total Geral da Despesa por Função,RS,121499.5
DCA-Anexo I-E,2022,DESPESA,DCA-Anexo I-E,TotalDespesas,4318002,Despesas Pagas,12.122 - Administração Geral,2022,Prefeitura Municipal de São Borja - RS,59768,Total Geral da Despesa por Função,RS,1507066.2
DCA-Anexo I-E,2022,DESPESA,DCA-Anexo I-E,TotalDespesas,4318002,Despesas Pagas,13 - Cultura,2022,Prefeitura Municipal de São Borja - RS,59768,Total Geral da Despesa por Função,RS,333486.62
DCA-Anexo I-E,2022,DESPESA,DCA-Anexo I-E,TotalDespesas,4318002,Despesas Pagas,13.392 - Difusão Cultural,2022,Prefeitura Municipal de São Borja - RS,59768,Total Geral da Despesa por Função,RS,333486.62
DCA-Anexo I-E,2022,DESPESA,DCA-Anexo I-E,TotalDespesas,4318002,Despesas Pagas,14 - Direitos da Cidadania,2022,Prefeitura Municipal de São Borja - RS,59768,Total Geral da Despesa por Função,RS,1727.1
DCA-Anexo I-E,2022,DESPESA,DCA-Anexo I-E,TotalDespesas,4318002,Despesas Pagas,"14.422 - Direitos Individuais, Coletivos e Difusos",2022,Prefeitura Municipal de São Borja - RS,59768,Total Geral da Despesa por Função,RS,1727.1
DCA-Anexo I-E,2022,DESPESA,DCA-Anexo I-E,TotalDespesas,4318002,Despesas Pagas,15 - Urbanismo,2022,Prefeitura Municipal de São Borja - RS,59768,Total Geral da Despesa por Função,RS,16583212.94
DCA-Anexo I-E,2022,DESPESA,DCA-Anexo I-E,TotalDespesas,4318002,Despesas Pagas,15.451 - Infraestrutura Urbana,2022,Prefeitura Municipal de São Borja - RS,59768,Total Geral da Despesa por Função,RS,3436534.19
DCA-Anexo I-E,2022,DESPESA,DCA-Anexo I-E,TotalDespesas,4318002,Despesas Pagas,15.452 - Serviços Urbanos,2022,Prefeitura Municipal de São Borja - RS,59768,Total Geral da Despesa por Função,RS,12396678.75
DCA-Anexo I-E,2022,DESPESA,DCA-Anexo I-E,TotalDespesas,4318002,Despesas Pagas,15.453 - Transportes Coletivos Urbanos,2022,Prefeitura Municipal de São Borja - RS,59768,Total Geral da Despesa por Função,RS,750000
DCA-Anexo I-E,2022,DESPESA,DCA-Anexo I-E,TotalDespesas,4318002,Despesas Pagas,16 - Habitação,2022,Prefeitura Municipal de São Borja - RS,59768,Total Geral da Despesa por Função,RS,3782
DCA-Anexo I-E,2022,DESPESA,DCA-Anexo I-E,TotalDespesas,4318002,Despesas Pagas,16.482 - Habitação Urbana,2022,Prefeitura Municipal de São Borja - RS,59768,Total Geral da Despesa por Função,RS,3782
DCA-Anexo I-E,2022,DESPESA,DCA-Anexo I-E,TotalDespesas,4318002,Despesas Pagas,17 - Saneamento,2022,Prefeitura Municipal de São Borja - RS,59768,Total Geral da Despesa por Função,RS,17290.7
DCA-Anexo I-E,2022,DESPESA,DCA-Anexo I-E,TotalDespesas,4318002,Despesas Pagas,17.511 - Saneamento Básico Rural,2022,Prefeitura Municipal de São Borja - RS,59768,Total Geral da Despesa por Função,RS,17290.7
DCA-Anexo I-E,2022,DESPESA,DCA-Anexo I-E,TotalDespesas,4318002,Despesas Pagas,18 - Gestão Ambiental,2022,Prefeitura Municipal de São Borja - RS,59768,Total Geral da Despesa por Função,RS,24964.16
DCA-Anexo I-E,2022,DESPESA,DCA-Anexo I-E,TotalDespesas,4318002,Despesas Pagas,18.541 - Preservação e Conservação Ambiental,2022,Prefeitura Municipal de São Borja - RS,59768,Total Geral da Despesa por Função,RS,24964.16
DCA-Anexo I-E,2022,DESPESA,DCA-Anexo I-E,TotalDespesas,4318002,Despesas Pagas,20 - Agricultura,2022,Prefeitura Municipal de São Borja - RS,59768,Total Geral da Despesa por Função,RS,1345236.83
DCA-Anexo I-E,2022,DESPESA,DCA-Anexo I-E,TotalDespesas,4318002,Despesas Pagas,20.606 - Extensão Rural,2022,Prefeitura Municipal de São Borja - RS,59768,Total Geral da Despesa por Função,RS,1298674.53
DCA-Anexo I-E,2022,DESPESA,DCA-Anexo I-E,TotalDespesas,4318002,Despesas Pagas,20.122 - Administração Geral,2022,Prefeitura Municipal de São Borja - RS,59768,Total Geral da Despesa por Função,RS,46562.3
DCA-Anexo I-E,2022,DESPESA,DCA-Anexo I-E,TotalDespesas,4318002,Despesas Pagas,23 - Comércio e Serviços,2022,Prefeitura Municipal de São Borja - RS,59768,Total Geral da Despesa por Função,RS,217039.37
DCA-Anexo I-E,2022,DESPESA,DCA-Anexo I-E,TotalDespesas,4318002,Despesas Pagas,23.695 - Turismo,2022,Prefeitura Municipal de São Borja - RS,59768,Total Geral da Despesa por Função,RS,217039.37
DCA-Anexo I-E,2022,DESPESA,DCA-Anexo I-E,TotalDespesas,4318002,Despesas Pagas,26 - Transporte,2022,Prefeitura Municipal de São Borja - RS,59768,Total Geral da Despesa por Função,RS,628800.3
DCA-Anexo I-E,2022,DESPESA,DCA-Anexo I-E,TotalDespesas,4318002,Despesas Pagas,26.781 - Transporte Aéreo,2022,Prefeitura Municipal de São Borja - RS,59768,Total Geral da Despesa por Função,RS,44175
DCA-Anexo I-E,2022,DESPESA,DCA-Anexo I-E,TotalDespesas,4318002,Despesas Pagas,26.782 - Transporte Rodoviário,2022,Prefeitura Municipal de São Borja - RS,59768,Total Geral da Despesa por Função,RS,584625.3
DCA-Anexo I-E,2022,DESPESA,DCA-Anexo I-E,TotalDespesas,4318002,Despesas Pagas,27 - Desporto e Lazer,2022,Prefeitura Municipal de São Borja - RS,59768,Total Geral da Despesa por Função,RS,336299.34
DCA-Anexo I-E,2022,DESPESA,DCA-Anexo I-E,TotalDespesas,4318002,Despesas Pagas,27.811 - Desporto de Rendimento,2022,Prefeitura Municipal de São Borja - RS,59768,Total Geral da Despesa por Função,RS,17881.99
DCA-Anexo I-E,2022,DESPESA,DCA-Anexo I-E,TotalDespesas,4318002,Despesas Pagas,27.812 - Desporto Comunitário,2022,Prefeitura Municipal de São Borja - RS,59768,Total Geral da Despesa por Função,RS,318417.35
DCA-Anexo I-E,2022,DESPESA,DCA-Anexo I-E,TotalDespesas,4318002,Despesas Pagas,28 - Encargos Especiais,2022,Prefeitura Municipal de São Borja - RS,59768,Total Geral da Despesa por Função,RS,11704046.67
DCA-Anexo I-E,2022,DESPESA|DIVIDA,DCA-Anexo I-E,TotalDespesas,4318002,Despesas Pagas,28.843 - Serviço da Dívida Interna,2022,Prefeitura Municipal de São Borja - RS,59768,Total Geral da Despesa por Função,RS,11704046.67
DCA-Anexo I-E,2022,DESPESA,DCA-Anexo I-E,TotalDespesas,4318002,Despesas Pagas,Despesas Intraorçamentárias,2022,Prefeitura Municipal de São Borja - RS,59768,Total Geral da Despesa por Função,RS,27703327.06
DCA-Anexo I-E,2022,DESPESA,DCA-Anexo I-E,TotalDespesas,4318002,Inscrição de Restos a Pagar Não Processados,Despesas Exceto Intraorçamentárias,2022,Prefeitura Municipal de São Borja - RS,59768,Total Geral da Despesa por Função,RS,20006615.45
DCA-Anexo I-E,2022,DESPESA,DCA-Anexo I-E,TotalDespesas,4318002,Inscrição de Restos a Pagar Não Processados,01 - Legislativa,2022,Prefeitura Municipal de São Borja - RS,59768,Total Geral da Despesa por Função,RS,135300.26
DCA-Anexo I-E,2022,DESPESA,DCA-Anexo I-E,TotalDespesas,4318002,Inscrição de Restos a Pagar Não Processados,01.031 - Ação Legislativa,2022,Prefeitura Municipal de São Borja - RS,59768,Total Geral da Despesa por Função,RS,135300.26
DCA-Anexo I-E,2022,DESPESA,DCA-Anexo I-E,TotalDespesas,4318002,Inscrição de Restos a Pagar Não Processados,04 - Administração,2022,Prefeitura Municipal de São Borja - RS,59768,Total Geral da Despesa por Função,RS,2480147.95
DCA-Anexo I-E,2022,DESPESA,DCA-Anexo I-E,TotalDespesas,4318002,Inscrição de Restos a Pagar Não Processados,04.122 - Administração Geral,2022,Prefeitura Municipal de São Borja - RS,59768,Total Geral da Despesa por Função,RS,2376652.91
DCA-Anexo I-E,2022,DESPESA,DCA-Anexo I-E,TotalDespesas,4318002,Inscrição de Restos a Pagar Não Processados,04.126 - Tecnologia da Informação,2022,Prefeitura Municipal de São Borja - RS,59768,Total Geral da Despesa por Função,RS,103495.04
DCA-Anexo I-E,2022,DESPESA,DCA-Anexo I-E,TotalDespesas,4318002,Inscrição de Restos a Pagar Não Processados,06 - Segurança Pública,2022,Prefeitura Municipal de São Borja - RS,59768,Total Geral da Despesa por Função,RS,140439.87
DCA-Anexo I-E,2022,DESPESA,DCA-Anexo I-E,TotalDespesas,4318002,Inscrição de Restos a Pagar Não Processados,06.181 - Policiamento,2022,Prefeitura Municipal de São Borja - RS,59768,Total Geral da Despesa por Função,RS,139939.87
DCA-Anexo I-E,2022,DESPESA,DCA-Anexo I-E,TotalDespesas,4318002,Inscrição de Restos a Pagar Não Processados,06.182 - Defesa Civil,2022,Prefeitura Municipal de São Borja - RS,59768,Total Geral da Despesa por Função,RS,500
DCA-Anexo I-E,2022,DESPESA,DCA-Anexo I-E,TotalDespesas,4318002,Inscrição de Restos a Pagar Não Processados,08 - Assistência Social,2022,Prefeitura Municipal de São Borja - RS,59768,Total Geral da Despesa por Função,RS,180470.21
DCA-Anexo I-E,2022,DESPESA,DCA-Anexo I-E,TotalDespesas,4318002,Inscrição de Restos a Pagar Não Processados,08.241 - Assistência ao Idoso,2022,Prefeitura Municipal de São Borja - RS,59768,Total Geral da Despesa por Função,RS,5797.74
DCA-Anexo I-E,2022,DESPESA,DCA-Anexo I-E,TotalDespesas,4318002,Inscrição de Restos a Pagar Não Processados,08.243 - Assistência à Criança e ao Adolescente,2022,Prefeitura Municipal de São Borja - RS,59768,Total Geral da Despesa por Função,RS,40759.14
DCA-Anexo I-E,2022,DESPESA,DCA-Anexo I-E,TotalDespesas,4318002,Inscrição de Restos a Pagar Não Processados,08.244 - Assistência Comunitária,2022,Prefeitura Municipal de São Borja - RS,59768,Total Geral da Despesa por Função,RS,133913.33
DCA-Anexo I-E,2022,DESPESA,DCA-Anexo I-E,TotalDespesas,4318002,Inscrição de Restos a Pagar Não Processados,10 - Saúde,2022,Prefeitura Municipal de São Borja - RS,59768,Total Geral da Despesa por Função,RS,2425378.71
DCA-Anexo I-E,2022,DESPESA,DCA-Anexo I-E,TotalDespesas,4318002,Inscrição de Restos a Pagar Não Processados,10.301 - Atenção Básica,2022,Prefeitura Municipal de São Borja - RS,59768,Total Geral da Despesa por Função,RS,738147.48
DCA-Anexo I-E,2022,DESPESA,DCA-Anexo I-E,TotalDespesas,4318002,Inscrição de Restos a Pagar Não Processados,10.302 - Assistência Hospitalar e Ambulatorial,2022,Prefeitura Municipal de São Borja - RS,59768,Total Geral da Despesa por Função,RS,1641678.41
DCA-Anexo I-E,2022,DESPESA,DCA-Anexo I-E,TotalDespesas,4318002,Inscrição de Restos a Pagar Não Processados,10.303 - Suporte Profilático e Terapêutico,2022,Prefeitura Municipal de São Borja - RS,59768,Total Geral da Despesa por Função,RS,16665.93
DCA-Anexo I-E,2022,DESPESA,DCA-Anexo I-E,TotalDespesas,4318002,Inscrição de Restos a Pagar Não Processados,10.304 - Vigilância Sanitária,2022,Prefeitura Municipal de São Borja - RS,59768,Total Geral da Despesa por Função,RS,22000
DCA-Anexo I-E,2022,DESPESA,DCA-Anexo I-E,TotalDespesas,4318002,Inscrição de Restos a Pagar Não Processados,10.122 - Administração Geral,2022,Prefeitura Municipal de São Borja - RS,59768,Total Geral da Despesa por Função,RS,6886.89
DCA-Anexo I-E,2022,DESPESA,DCA-Anexo I-E,TotalDespesas,4318002,Inscrição de Restos a Pagar Não Processados,12 - Educação,2022,Prefeitura Municipal de São Borja - RS,59768,Total Geral da Despesa por Função,RS,1198602.22
DCA-Anexo I-E,2022,DESPESA,DCA-Anexo I-E,TotalDespesas,4318002,Inscrição de Restos a Pagar Não Processados,12.361 - Ensino Fundamental,2022,Prefeitura Municipal de São Borja - RS,59768,Total Geral da Despesa por Função,RS,559958.06
DCA-Anexo I-E,2022,DESPESA,DCA-Anexo I-E,TotalDespesas,4318002,Inscrição de Restos a Pagar Não Processados,12.362 - Ensino Médio,2022,Prefeitura Municipal de São Borja - RS,59768,Total Geral da Despesa por Função,RS,492248.8
DCA-Anexo I-E,2022,DESPESA,DCA-Anexo I-E,TotalDespesas,4318002,Inscrição de Restos a Pagar Não Processados,12.365 - Educação Infantil,2022,Prefeitura Municipal de São Borja - RS,59768,Total Geral da Despesa por Função,RS,128914.67
DCA-Anexo I-E,2022,DESPESA,DCA-Anexo I-E,TotalDespesas,4318002,Inscrição de Restos a Pagar Não Processados,12.122 - Administração Geral,2022,Prefeitura Municipal de São Borja - RS,59768,Total Geral da Despesa por Função,RS,17480.69
DCA-Anexo I-E,2022,DESPESA,DCA-Anexo I-E,TotalDespesas,4318002,Inscrição de Restos a Pagar Não Processados,13 - Cultura,2022,Prefeitura Municipal de São Borja - RS,59768,Total Geral da Despesa por Função,RS,8200.17
DCA-Anexo I-E,2022,DESPESA,DCA-Anexo I-E,TotalDespesas,4318002,Inscrição de Restos a Pagar Não Processados,13.392 - Difusão Cultural,2022,Prefeitura Municipal de São Borja - RS,59768,Total Geral da Despesa por Função,RS,8200.17
DCA-Anexo I-E,2022,DESPESA,DCA-Anexo I-E,TotalDespesas,4318002,Inscrição de Restos a Pagar Não Processados,14 - Direitos da Cidadania,2022,Prefeitura Municipal de São Borja - RS,59768,Total Geral da Despesa por Função,RS,3.03
DCA-Anexo I-E,2022,DESPESA,DCA-Anexo I-E,TotalDespesas,4318002,Inscrição de Restos a Pagar Não Processados,"14.422 - Direitos Individuais, Coletivos e Difusos",2022,Prefeitura Municipal de São Borja - RS,59768,Total Geral da Despesa por Função,RS,3.03
DCA-Anexo I-E,2022,DESPESA,DCA-Anexo I-E,TotalDespesas,4318002,Inscrição de Restos a Pagar Não Processados,15 - Urbanismo,2022,Prefeitura Municipal de São Borja - RS,59768,Total Geral da Despesa por Função,RS,8064036.98
DCA-Anexo I-E,2022,DESPESA,DCA-Anexo I-E,TotalDespesas,4318002,Inscrição de Restos a Pagar Não Processados,15.451 - Infraestrutura Urbana,2022,Prefeitura Municipal de São Borja - RS,59768,Total Geral da Despesa por Função,RS,1286768.73
DCA-Anexo I-E,2022,DESPESA,DCA-Anexo I-E,TotalDespesas,4318002,Inscrição de Restos a Pagar Não Processados,15.452 - Serviços Urbanos,2022,Prefeitura Municipal de São Borja - RS,59768,Total Geral da Despesa por Função,RS,6777268.25
DCA-Anexo I-E,2022,DESPESA,DCA-Anexo I-E,TotalDespesas,4318002,Inscrição de Restos a Pagar Não Processados,17 - Saneamento,2022,Prefeitura Municipal de São Borja - RS,59768,Total Geral da Despesa por Função,RS,1120
DCA-Anexo I-E,2022,DESPESA,DCA-Anexo I-E,TotalDespesas,4318002,Inscrição de Restos a Pagar Não Processados,17.511 - Saneamento Básico Rural,2022,Prefeitura Municipal de São Borja - RS,59768,Total Geral da Despesa por Função,RS,1120
DCA-Anexo I-E,2022,DESPESA,DCA-Anexo I-E,TotalDespesas,4318002,Inscrição de Restos a Pagar Não Processados,20 - Agricultura,2022,Prefeitura Municipal de São Borja - RS,59768,Total Geral da Despesa por Função,RS,93952.38
DCA-Anexo I-E,2022,DESPESA,DCA-Anexo I-E,TotalDespesas,4318002,Inscrição de Restos a Pagar Não Processados,20.606 - Extensão Rural,2022,Prefeitura Municipal de São Borja - RS,59768,Total Geral da Despesa por Função,RS,88991.92
DCA-Anexo I-E,2022,DESPESA,DCA-Anexo I-E,TotalDespesas,4318002,Inscrição de Restos a Pagar Não Processados,20.122 - Administração Geral,2022,Prefeitura Municipal de São Borja - RS,59768,Total Geral da Despesa por Função,RS,4960.46
DCA-Anexo I-E,2022,DESPESA,DCA-Anexo I-E,TotalDespesas,4318002,Inscrição de Restos a Pagar Não Processados,23 - Comércio e Serviços,2022,Prefeitura Municipal de São Borja - RS,59768,Total Geral da Despesa por Função,RS,5027825.71
DCA-Anexo I-E,2022,DESPESA,DCA-Anexo I-E,TotalDespesas,4318002,Inscrição de Restos a Pagar Não Processados,23.695 - Turismo,2022,Prefeitura Municipal de São Borja - RS,59768,Total Geral da Despesa por Função,RS,5027825.71
DCA-Anexo I-E,2022,DESPESA,DCA-Anexo I-E,TotalDespesas,4318002,Inscrição de Restos a Pagar Não Processados,26 - Transporte,2022,Prefeitura Municipal de São Borja - RS,59768,Total Geral da Despesa por Função,RS,247467.86
DCA-Anexo I-E,2022,DESPESA,DCA-Anexo I-E,TotalDespesas,4318002,Inscrição de Restos a Pagar Não Processados,26.781 - Transporte Aéreo,2022,Prefeitura Municipal de São Borja - RS,59768,Total Geral da Despesa por Função,RS,245595.86
DCA-Anexo I-E,2022,DESPESA,DCA-Anexo I-E,TotalDespesas,4318002,Inscrição de Restos a Pagar Não Processados,26.782 - Transporte Rodoviário,2022,Prefeitura Municipal de São Borja - RS,59768,Total Geral da Despesa por Função,RS,1872
DCA-Anexo I-E,2022,DESPESA,DCA-Anexo I-E,TotalDespesas,4318002,Inscrição de Restos a Pagar Não Processados,27 - Desporto e Lazer,2022,Prefeitura Municipal de São Borja - RS,59768,Total Geral da Despesa por Função,RS,3670.1
DCA-Anexo I-E,2022,DESPESA,DCA-Anexo I-E,TotalDespesas,4318002,Inscrição de Restos a Pagar Não Processados,27.812 - Desporto Comunitário,2022,Prefeitura Municipal de São Borja - RS,59768,Total Geral da Despesa por Função,RS,3670.1
DCA-Anexo I-E,2022,DESPESA,DCA-Anexo I-E,TotalDespesas,4318002,Inscrição de Restos a Pagar Processados,Despesas Exceto Intraorçamentárias,2022,Prefeitura Municipal de São Borja - RS,59768,Total Geral da Despesa por Função,RS,3231892.28
DCA-Anexo I-E,2022,DESPESA,DCA-Anexo I-E,TotalDespesas,4318002,Inscrição de Restos a Pagar Processados,04 - Administração,2022,Prefeitura Municipal de São Borja - RS,59768,Total Geral da Despesa por Função,RS,286959.19
DCA-Anexo I-E,2022,DESPESA,DCA-Anexo I-E,TotalDespesas,4318002,Inscrição de Restos a Pagar Processados,04.122 - Administração Geral,2022,Prefeitura Municipal de São Borja - RS,59768,Total Geral da Despesa por Função,RS,275425.97
DCA-Anexo I-E,2022,DESPESA,DCA-Anexo I-E,TotalDespesas,4318002,Inscrição de Restos a Pagar Processados,04.124 - Controle Interno,2022,Prefeitura Municipal de São Borja - RS,59768,Total Geral da Despesa por Função,RS,313.22
DCA-Anexo I-E,2022,DESPESA,DCA-Anexo I-E,TotalDespesas,4318002,Inscrição de Restos a Pagar Processados,04.126 - Tecnologia da Informação,2022,Prefeitura Municipal de São Borja - RS,59768,Total Geral da Despesa por Função,RS,11220
DCA-Anexo I-E,2022,DESPESA,DCA-Anexo I-E,TotalDespesas,4318002,Inscrição de Restos a Pagar Processados,06 - Segurança Pública,2022,Prefeitura Municipal de São Borja - RS,59768,Total Geral da Despesa por Função,RS,3093.7
DCA-Anexo I-E,2022,DESPESA,DCA-Anexo I-E,TotalDespesas,4318002,Inscrição de Restos a Pagar Processados,06.181 - Policiamento,2022,Prefeitura Municipal de São Borja - RS,59768,Total Geral da Despesa por Função,RS,2480
DCA-Anexo I-E,2022,DESPESA,DCA-Anexo I-E,TotalDespesas,4318002,Inscrição de Restos a Pagar Processados,06.182 - Defesa Civil,2022,Prefeitura Municipal de São Borja - RS,59768,Total Geral da Despesa por Função,RS,613.7
DCA-Anexo I-E,2022,DESPESA,DCA-Anexo I-E,TotalDespesas,4318002,Inscrição de Restos a Pagar Processados,08 - Assistência Social,2022,Prefeitura Municipal de São Borja - RS,59768,Total Geral da Despesa por Função,RS,103086.15
DCA-Anexo I-E,2022,DESPESA,DCA-Anexo I-E,TotalDespesas,4318002,Inscrição de Restos a Pagar Processados,08.243 - Assistência à Criança e ao Adolescente,2022,Prefeitura Municipal de São Borja - RS,59768,Total Geral da Despesa por Função,RS,41145.45
DCA-Anexo I-E,2022,DESPESA,DCA-Anexo I-E,TotalDespesas,4318002,Inscrição de Restos a Pagar Processados,08.244 - Assistência Comunitária,2022,Prefeitura Municipal de São Borja - RS,59768,Total Geral da Despesa por Função,RS,54835.03
DCA-Anexo I-E,2022,DESPESA,DCA-Anexo I-E,TotalDespesas,4318002,Inscrição de Restos a Pagar Processados,08.122 - Administração Geral,2022,Prefeitura Municipal de São Borja - RS,59768,Total Geral da Despesa por Função,RS,7105.67
DCA-Anexo I-E,2022,DESPESA,DCA-Anexo I-E,TotalDespesas,4318002,Inscrição de Restos a Pagar Processados,10 - Saúde,2022,Prefeitura Municipal de São Borja - RS,59768,Total Geral da Despesa por Função,RS,1655204.79
DCA-Anexo I-E,2022,DESPESA,DCA-Anexo I-E,TotalDespesas,4318002,Inscrição de Restos a Pagar Processados,10.301 - Atenção Básica,2022,Prefeitura Municipal de São Borja - RS,59768,Total Geral da Despesa por Função,RS,414817.61
DCA-Anexo I-E,2022,DESPESA,DCA-Anexo I-E,TotalDespesas,4318002,Inscrição de Restos a Pagar Processados,10.302 - Assistência Hospitalar e Ambulatorial,2022,Prefeitura Municipal de São Borja - RS,59768,Total Geral da Despesa por Função,RS,1152684.52
DCA-Anexo I-E,2022,DESPESA,DCA-Anexo I-E,TotalDespesas,4318002,Inscrição de Restos a Pagar Processados,10.303 - Suporte Profilático e Terapêutico,2022,Prefeitura Municipal de São Borja - RS,59768,Total Geral da Despesa por Função,RS,3118
DCA-Anexo I-E,2022,DESPESA,DCA-Anexo I-E,TotalDespesas,4318002,Inscrição de Restos a Pagar Processados,10.122 - Administração Geral,2022,Prefeitura Municipal de São Borja - RS,59768,Total Geral da Despesa por Função,RS,84584.66
DCA-Anexo I-E,2022,DESPESA,DCA-Anexo I-E,TotalDespesas,4318002,Inscrição de Restos a Pagar Processados,12 - Educação,2022,Prefeitura Municipal de São Borja - RS,59768,Total Geral da Despesa por Função,RS,862919.03
DCA-Anexo I-E,2022,DESPESA,DCA-Anexo I-E,TotalDespesas,4318002,Inscrição de Restos a Pagar Processados,12.361 - Ensino Fundamental,2022,Prefeitura Municipal de São Borja - RS,59768,Total Geral da Despesa por Função,RS,761682.16
DCA-Anexo I-E,2022,DESPESA,DCA-Anexo I-E,TotalDespesas,4318002,Inscrição de Restos a Pagar Processados,12.362 - Ensino Médio,2022,Prefeitura Municipal de São Borja - RS,59768,Total Geral da Despesa por Função,RS,48596.07
DCA-Anexo I-E,2022,DESPESA,DCA-Anexo I-E,TotalDespesas,4318002,Inscrição de Restos a Pagar Processados,12.365 - Educação Infantil,2022,Prefeitura Municipal de São Borja - RS,59768,Total Geral da Despesa por Função,RS,3820.79
DCA-Anexo I-E,2022,DESPESA,DCA-Anexo I-E,TotalDespesas,4318002,Inscrição de Restos a Pagar Processados,12.122 - Administração Geral,2022,Prefeitura Municipal de São Borja - RS,59768,Total Geral da Despesa por Função,RS,48820.01
DCA-Anexo I-E,2022,DESPESA,DCA-Anexo I-E,TotalDespesas,4318002,Inscrição de Restos a Pagar Processados,13 - Cultura,2022,Prefeitura Municipal de São Borja - RS,59768,Total Geral da Despesa por Função,RS,880
DCA-Anexo I-E,2022,DESPESA,DCA-Anexo I-E,TotalDespesas,4318002,Inscrição de Restos a Pagar Processados,13.392 - Difusão Cultural,2022,Prefeitura Municipal de São Borja - RS,59768,Total Geral da Despesa por Função,RS,880
DCA-Anexo I-E,2022,DESPESA,DCA-Anexo I-E,TotalDespesas,4318002,Inscrição de Restos a Pagar Processados,15 - Urbanismo,2022,Prefeitura Municipal de São Borja - RS,59768,Total Geral da Despesa por Função,RS,20856.35
DCA-Anexo I-E,2022,DESPESA,DCA-Anexo I-E,TotalDespesas,4318002,Inscrição de Restos a Pagar Processados,15.451 - Infraestrutura Urbana,2022,Prefeitura Municipal de São Borja - RS,59768,Total Geral da Despesa por Função,RS,16131.35
DCA-Anexo I-E,2022,DESPESA,DCA-Anexo I-E,TotalDespesas,4318002,Inscrição de Restos a Pagar Processados,15.452 - Serviços Urbanos,2022,Prefeitura Municipal de São Borja - RS,59768,Total Geral da Despesa por Função,RS,4725
DCA-Anexo I-E,2022,DESPESA,DCA-Anexo I-E,TotalDespesas,4318002,Inscrição de Restos a Pagar Processados,23 - Comércio e Serviços,2022,Prefeitura Municipal de São Borja - RS,59768,Total Geral da Despesa por Função,RS,2285
DCA-Anexo I-E,2022,DESPESA,DCA-Anexo I-E,TotalDespesas,4318002,Inscrição de Restos a Pagar Processados,23.695 - Turismo,2022,Prefeitura Municipal de São Borja - RS,59768,Total Geral da Despesa por Função,RS,2285
DCA-Anexo I-E,2022,DESPESA,DCA-Anexo I-E,TotalDespesas,4318002,Inscrição de Restos a Pagar Processados,27 - Desporto e Lazer,2022,Prefeitura Municipal de São Borja - RS,59768,Total Geral da Despesa por Função,RS,681
DCA-Anexo I-E,2022,DESPESA,DCA-Anexo I-E,TotalDespesas,4318002,Inscrição de Restos a Pagar Processados,27.812 - Desporto Comunitário,2022,Prefeitura Municipal de São Borja - RS,59768,Total Geral da Despesa por Função,RS,681
DCA-Anexo I-E,2022,DESPESA,DCA-Anexo I-E,TotalDespesas,4318002,Inscrição de Restos a Pagar Processados,28 - Encargos Especiais,2022,Prefeitura Municipal de São Borja - RS,59768,Total Geral da Despesa por Função,RS,295927.07
DCA-Anexo I-E,2022,DESPESA|DIVIDA,DCA-Anexo I-E,TotalDespesas,4318002,Inscrição de Restos a Pagar Processados,28.843 - Serviço da Dívida Interna,2022,Prefeitura Municipal de São Borja - RS,59768,Total Geral da Despesa por Função,RS,295927.07
DCA-Anexo I-E,2022,DESPESA,DCA-Anexo I-E,TotalDespesas,4318002,Inscrição de Restos a Pagar Processados,Despesas Intraorçamentárias,2022,Prefeitura Municipal de São Borja - RS,59768,Total Geral da Despesa por Função,RS,3974316.95
DCA-Anexo I-C,2023,FUNDEB,DCA-Anexo I-C,ReceitasExcetoIntraOrcamentarias,4318002,Deduções - FUNDEB,RECEITAS (EXCETO INTRA-ORÇAMENTÁRIAS) (I),2023,Prefeitura Municipal de São Borja - RS,59768,Padrão,RS,27507705.48
DCA-Anexo I-C,2023,FUNDEB,DCA-Anexo I-C,RO1.0.0.0.00.0.0,4318002,Deduções - FUNDEB,1.0.0.0.00.0.0 - Receitas Correntes,2023,Prefeitura Municipal de São Borja - RS,59768,Padrão,RS,27507705.48
DCA-Anexo I-C,2023,PREVID,DCA-Anexo I-C,RO1.2.1.5.00.0.0,4318002,Receitas Brutas Realizadas,1.2.1.5.00.0.0 - Contribuições para Regimes Próprios de Previdência e Sistema de Proteção Social,2023,Prefeitura Municipal de São Borja - RS,59768,Padrão,RS,7530346.73
DCA-Anexo I-C,2023,JUROS,DCA-Anexo I-C,RO1.3.2.1.00.0.0,4318002,Receitas Brutas Realizadas,1.3.2.1.00.0.0 - Juros e Correções Monetárias,2023,Prefeitura Municipal de São Borja - RS,59768,Padrão,RS,23590437.33
DCA-Anexo I-C,2023,PREVID,DCA-Anexo I-C,RO1.3.2.1.04.0.0,4318002,Receitas Brutas Realizadas,1.3.2.1.04.0.0 - Remuneração dos Recursos do Regime Próprio de Previdência Social - RPPS,2023,Prefeitura Municipal de São Borja - RS,59768,Padrão,RS,18334171.25
DCA-Anexo I-C,2023,JUROS,DCA-Anexo I-C,RO1.3.2.1.05.0.0,4318002,Receitas Brutas Realizadas,1.3.2.1.05.0.0 - Juros de Títulos de Renda,2023,Prefeitura Municipal de São Borja - RS,59768,Padrão,RS,157097.92
DCA-Anexo I-C,2023,TRANSFERENCIAS CORRENTES,DCA-Anexo I-C,RO1.7.0.0.00.0.0,4318002,Receitas Brutas Realizadas,1.7.0.0.00.0.0 - Transferências Correntes,2023,Prefeitura Municipal de São Borja - RS,59768,Padrão,RS,251995044.82
DCA-Anexo I-C,2023,FUNDEB|TRANSFERENCIAS CORRENTES,DCA-Anexo I-C,RO1.7.0.0.00.0.0,4318002,Deduções - FUNDEB,1.7.0.0.00.0.0 - Transferências Correntes,2023,Prefeitura Municipal de São Borja - RS,59768,Padrão,RS,27507705.48
DCA-Anexo I-C,2023,FUNDEB,DCA-Anexo I-C,RO1.7.1.0.00.0.0,4318002,Deduções - FUNDEB,1.7.1.0.00.0.0 - Transferências da União e de suas Entidades,2023,Prefeitura Municipal de São Borja - RS,59768,Padrão,RS,11569824.56
DCA-Anexo I-C,2023,FUNDEB,DCA-Anexo I-C,RO1.7.1.1.00.0.0,4318002,Deduções - FUNDEB,1.7.1.1.00.0.0 - Transferências Decorrentes de Participação na Receita da União,2023,Prefeitura Municipal de São Borja - RS,59768,Padrão,RS,11569824.56
DCA-Anexo I-C,2023,FPM|FUNDO DE PARTICIPACAO DOS MUNICIPIOS,DCA-Anexo I-C,RO1.7.1.1.51.0.0,4318002,Receitas Brutas Realizadas,1.7.1.1.51.0.0 -Cota-Parte do Fundo de Participação dos Municípios - FPM,2023,Prefeitura Municipal de São Borja - RS,59768,Padrão,RS,58147762.89
DCA-Anexo I-C,2023,FPM|FUNDEB|FUNDO DE PARTICIPACAO DOS MUNICIPIOS,DCA-Anexo I-C,RO1.7.1.1.51.0.0,4318002,Deduções - FUNDEB,1.7.1.1.51.0.0 -Cota-Parte do Fundo de Participação dos Municípios - FPM,2023,Prefeitura Municipal de São Borja - RS,59768,Padrão,RS,10581927.75
DCA-Anexo I-C,2023,FUNDO DE PARTICIPACAO DOS MUNICIPIOS,DCA-Anexo I-C,RO1.7.1.1.51.1.0,4318002,Receitas Brutas Realizadas,1.7.1.1.51.1.0 - Cota-Parte do Fundo de Participação dos Municípios - Cota Mensal,2023,Prefeitura Municipal de São Borja - RS,59768,Padrão,RS,52909639.96
DCA-Anexo I-C,2023,FUNDEB|FUNDO DE PARTICIPACAO DOS MUNICIPIOS,DCA-Anexo I-C,RO1.7.1.1.51.1.0,4318002,Deduções - FUNDEB,1.7.1.1.51.1.0 - Cota-Parte do Fundo de Participação dos Municípios - Cota Mensal,2023,Prefeitura Municipal de São Borja - RS,59768,Padrão,RS,10581927.75
DCA-Anexo I-C,2023,FUNDO DE PARTICIPACAO DOS MUNICIPIOS,DCA-Anexo I-C,RO1.7.1.1.51.2.0,4318002,Receitas Brutas Realizadas,1.7.1.1.51.2.0 - Cota-Parte do Fundo de Participação dos Municípios - Cotas Extraordinárias,2023,Prefeitura Municipal de São Borja - RS,59768,Padrão,RS,5238122.93
DCA-Anexo I-C,2023,FUNDEB,DCA-Anexo I-C,RO1.7.1.1.52.0.0,4318002,Deduções - FUNDEB,1.7.1.1.52.0.0 - Cota-Parte do Imposto Sobre a Propriedade Territorial Rural,2023,Prefeitura Municipal de São Borja - RS,59768,Padrão,RS,987896.81
DCA-Anexo I-C,2023,FUNDEB,DCA-Anexo I-C,RO1.7.2.0.00.0.0,4318002,Deduções - FUNDEB,1.7.2.0.00.0.0 - Transferências dos Estados e do Distrito Federal e de suas Entidades,2023,Prefeitura Municipal de São Borja - RS,59768,Padrão,RS,15937880.92
DCA-Anexo I-C,2023,FUNDEB,DCA-Anexo I-C,RO1.7.2.1.00.0.0,4318002,Deduções - FUNDEB,1.7.2.1.00.0.0 - Participação na Receita dos Estados e Distrito Federal,2023,Prefeitura Municipal de São Borja - RS,59768,Padrão,RS,15293337.77
DCA-Anexo I-C,2023,ICMS,DCA-Anexo I-C,RO1.7.2.1.50.0.0,4318002,Receitas Brutas Realizadas,1.7.2.1.50.0.0 - Cota-Parte do ICMS,2023,Prefeitura Municipal de São Borja - RS,59768,Padrão,RS,63338756.03
DCA-Anexo I-C,2023,FUNDEB|ICMS,DCA-Anexo I-C,RO1.7.2.1.50.0.0,4318002,Deduções - FUNDEB,1.7.2.1.50.0.0 - Cota-Parte do ICMS,2023,Prefeitura Municipal de São Borja - RS,59768,Padrão,RS,12667751.02
DCA-Anexo I-C,2023,IPVA,DCA-Anexo I-C,RO1.7.2.1.51.0.0,4318002,Receitas Brutas Realizadas,1.7.2.1.51.0.0 - Cota-Parte do IPVA,2023,Prefeitura Municipal de São Borja - RS,59768,Padrão,RS,12511479.73
DCA-Anexo I-C,2023,FUNDEB|IPVA,DCA-Anexo I-C,RO1.7.2.1.51.0.0,4318002,Deduções - FUNDEB,1.7.2.1.51.0.0 - Cota-Parte do IPVA,2023,Prefeitura Municipal de São Borja - RS,59768,Padrão,RS,2502295.24
DCA-Anexo I-C,2023,FUNDEB,DCA-Anexo I-C,RO1.7.2.1.52.0.0,4318002,Deduções - FUNDEB,1.7.2.1.52.0.0 - Cota-Parte do IPI - Municípios,2023,Prefeitura Municipal de São Borja - RS,59768,Padrão,RS,123291.51
DCA-Anexo I-C,2023,FUNDEB,DCA-Anexo I-C,RO1.7.2.9.00.0.0,4318002,Deduções - FUNDEB,1.7.2.9.00.0.0 - Outras Transferências dos Estados e Distrito Federal,2023,Prefeitura Municipal de São Borja - RS,59768,Padrão,RS,644543.15
DCA-Anexo I-C,2023,ICMS,DCA-Anexo I-C,RO1.7.2.9.53.0.0,4318002,Receitas Brutas Realizadas,1.7.2.9.53.0.0 - Cota-Parte da Transferência da Compensação Financeira das Perdas com Arrecadação de ICMS - LC nº 194/2022,2023,Prefeitura Municipal de São Borja - RS,59768,Padrão,RS,3222715.86
DCA-Anexo I-C,2023,FUNDEB|ICMS,DCA-Anexo I-C,RO1.7.2.9.53.0.0,4318002,Deduções - FUNDEB,1.7.2.9.53.0.0 - Cota-Parte da Transferência da Compensação Financeira das Perdas com Arrecadação de ICMS - LC nº 194/2022,2023,Prefeitura Municipal de São Borja - RS,59768,Padrão,RS,644543.15
DCA-Anexo I-C,2023,FUNDEB,DCA-Anexo I-C,RO1.7.5.1.00.0.0,4318002,Receitas Brutas Realizadas,1.7.5.1.00.0.0 - Transferências de Recursos do Fundo de Manutenção e Desenvolvimento da Educação Básica e de Valorização dos Profissionais da Educação - FUNDEB,2023,Prefeitura Municipal de São Borja - RS,59768,Padrão,RS,38098849.76
DCA-Anexo I-C,2023,TRANSFERENCIAS CORRENTES,DCA-Anexo I-C,RO1.7.9.0.00.0.0,4318002,Receitas Brutas Realizadas,1.7.9.0.00.0.0 - Demais Transferências Correntes,2023,Prefeitura Municipal de São Borja - RS,59768,Padrão,RS,113786.08
DCA-Anexo I-C,2023,PREVID,DCA-Anexo I-C,RO1.9.9.9.03.0.0,4318002,Receitas Brutas Realizadas,1.9.9.9.03.0.0 - Compensações Financeiras entre os Regimes de Previdência,2023,Prefeitura Municipal de São Borja - RS,59768,Padrão,RS,290077.11
DCA-Anexo I-C,2023,DIVIDA,DCA-Anexo I-C,RO1.9.9.9.12.0.0,4318002,Receitas Brutas Realizadas,1.9.9.9.12.0.0 - Encargos Legais pela Inscrição em Dívida Ativa e Receitas de Ônus de Sucumbência,2023,Prefeitura Municipal de São Borja - RS,59768,Padrão,RS,40373.48
DCA-Anexo I-C,2023,PREVID,DCA-Anexo I-C,RI7.2.1.5.00.0.0,4318002,Receitas Brutas Realizadas,7.2.1.5.00.0.0 - Contribuições para Regimes Próprios de Previdência e Sistema de Proteção Social,2023,Prefeitura Municipal de São Borja - RS,59768,Padrão,RS,24121695.58
DCA-Anexo I-C,2023,PREVID,DCA-Anexo I-C,RI7.9.9.9.01.0.0,4318002,Receitas Brutas Realizadas,7.9.9.9.01.0.0 - Aportes Periódicos para Amortização de Déficit Atuarial do Regimes Próprios de Previdência e Sistema de Proteção Social,2023,Prefeitura Municipal de São Borja - RS,59768,Padrão,RS,7415620.96
DCA-Anexo I-C,2023,FUNDEB,DCA-Anexo I-C,TotalReceitas,4318002,Deduções - FUNDEB,TOTAL DAS RECEITAS (III) = (I + II),2023,Prefeitura Municipal de São Borja - RS,59768,Padrão,RS,27507705.48
DCA-Anexo I-D,2023,DESPESA,DCA-Anexo I-D,TotalDespesas,4318002,Despesas Empenhadas,Total Geral da Despesa,2023,Prefeitura Municipal de São Borja - RS,59768,Padrão,RS,329450953.22
DCA-Anexo I-D,2023,DESPESA,DCA-Anexo I-D,TotalDespesas,4318002,Despesas Liquidadas,Total Geral da Despesa,2023,Prefeitura Municipal de São Borja - RS,59768,Padrão,RS,319634330.19
DCA-Anexo I-D,2023,DESPESA,DCA-Anexo I-D,TotalDespesas,4318002,Despesas Pagas,Total Geral da Despesa,2023,Prefeitura Municipal de São Borja - RS,59768,Padrão,RS,313794938.68
DCA-Anexo I-D,2023,DESPESA,DCA-Anexo I-D,TotalDespesas,4318002,Inscrição de Restos a Pagar Não Processados,Total Geral da Despesa,2023,Prefeitura Municipal de São Borja - RS,59768,Padrão,RS,9816623.03
DCA-Anexo I-D,2023,DESPESA,DCA-Anexo I-D,TotalDespesas,4318002,Inscrição de Restos a Pagar Processados,Total Geral da Despesa,2023,Prefeitura Municipal de São Borja - RS,59768,Padrão,RS,5839391.51
DCA-Anexo I-D,2023,DESPESA,DCA-Anexo I-D,DO3.0.00.00.00.00,4318002,Despesas Empenhadas,3.0.00.00.00 - Despesas Correntes,2023,Prefeitura Municipal de São Borja - RS,59768,Padrão,RS,311431832.65
DCA-Anexo I-D,2023,DESPESA,DCA-Anexo I-D,DO3.0.00.00.00.00,4318002,Despesas Liquidadas,3.0.00.00.00 - Despesas Correntes,2023,Prefeitura Municipal de São Borja - RS,59768,Padrão,RS,304198501.54
DCA-Anexo I-D,2023,DESPESA,DCA-Anexo I-D,DO3.0.00.00.00.00,4318002,Despesas Pagas,3.0.00.00.00 - Despesas Correntes,2023,Prefeitura Municipal de São Borja - RS,59768,Padrão,RS,298379481.03
DCA-Anexo I-D,2023,DESPESA,DCA-Anexo I-D,DO3.0.00.00.00.00,4318002,Inscrição de Restos a Pagar Não Processados,3.0.00.00.00 - Despesas Correntes,2023,Prefeitura Municipal de São Borja - RS,59768,Padrão,RS,7233331.11
DCA-Anexo I-D,2023,DESPESA,DCA-Anexo I-D,DO3.0.00.00.00.00,4318002,Inscrição de Restos a Pagar Processados,3.0.00.00.00 - Despesas Correntes,2023,Prefeitura Municipal de São Borja - RS,59768,Padrão,RS,5819020.51
DCA-Anexo I-D,2023,DESPESA|PESSOAL,DCA-Anexo I-D,DO3.1.00.00.00.00,4318002,Despesas Empenhadas,3.1.00.00.00 - Pessoal e Encargos Sociais,2023,Prefeitura Municipal de São Borja - RS,59768,Padrão,RS,169458535.5
DCA-Anexo I-D,2023,DESPESA|PESSOAL,DCA-Anexo I-D,DO3.1.00.00.00.00,4318002,Despesas Liquidadas,3.1.00.00.00 - Pessoal e Encargos Sociais,2023,Prefeitura Municipal de São Borja - RS,59768,Padrão,RS,169253291.04
DCA-Anexo I-D,2023,DESPESA|PESSOAL,DCA-Anexo I-D,DO3.1.00.00.00.00,4318002,Despesas Pagas,3.1.00.00.00 - Pessoal e Encargos Sociais,2023,Prefeitura Municipal de São Borja - RS,59768,Padrão,RS,166054427.16
DCA-Anexo I-D,2023,PESSOAL,DCA-Anexo I-D,DO3.1.00.00.00.00,4318002,Inscrição de Restos a Pagar Não Processados,3.1.00.00.00 - Pessoal e Encargos Sociais,2023,Prefeitura Municipal de São Borja - RS,59768,Padrão,RS,205244.46
DCA-Anexo I-D,2023,PESSOAL,DCA-Anexo I-D,DO3.1.00.00.00.00,4318002,Inscrição de Restos a Pagar Processados,3.1.00.00.00 - Pessoal e Encargos Sociais,2023,Prefeitura Municipal de São Borja - RS,59768,Padrão,RS,3198863.88
DCA-Anexo I-D,2023,DESPESA,DCA-Anexo I-D,DO3.1.90.00.00.00,4318002,Despesas Empenhadas,3.1.90.00.00 - Aplicações Diretas,2023,Prefeitura Municipal de São Borja - RS,59768,Padrão,RS,153359367.44
DCA-Anexo I-D,2023,DESPESA,DCA-Anexo I-D,DO3.1.90.00.00.00,4318002,Despesas Liquidadas,3.1.90.00.00 - Aplicações Diretas,2023,Prefeitura Municipal de São Borja - RS,59768,Padrão,RS,153192551.25
DCA-Anexo I-D,2023,DESPESA,DCA-Anexo I-D,DO3.1.90.00.00.00,4318002,Despesas Pagas,3.1.90.00.00 - Aplicações Diretas,2023,Prefeitura Municipal de São Borja - RS,59768,Padrão,RS,152501244.65
DCA-Anexo I-D,2023,DESPESA,DCA-Anexo I-D,DO3.1.90.01.00.00,4318002,Despesas Empenhadas,"3.1.90.01.00 - Aposentadorias do RPPS, Reserva Remunerada e Reformas dos Militares",2023,Prefeitura Municipal de São Borja - RS,59768,Padrão,RS,32783925.34
DCA-Anexo I-D,2023,DESPESA,DCA-Anexo I-D,DO3.1.90.01.00.00,4318002,Despesas Liquidadas,"3.1.90.01.00 - Aposentadorias do RPPS, Reserva Remunerada e Reformas dos Militares",2023,Prefeitura Municipal de São Borja - RS,59768,Padrão,RS,32783925.34
DCA-Anexo I-D,2023,DESPESA,DCA-Anexo I-D,DO3.1.90.01.00.00,4318002,Despesas Pagas,"3.1.90.01.00 - Aposentadorias do RPPS, Reserva Remunerada e Reformas dos Militares",2023,Prefeitura Municipal de São Borja - RS,59768,Padrão,RS,32783925.34
DCA-Anexo I-D,2023,DESPESA,DCA-Anexo I-D,DO3.1.90.03.00.00,4318002,Despesas Empenhadas,3.1.90.03.00 - Pensões do RPPS e do Militar,2023,Prefeitura Municipal de São Borja - RS,59768,Padrão,RS,5802253.75
DCA-Anexo I-D,2023,DESPESA,DCA-Anexo I-D,DO3.1.90.03.00.00,4318002,Despesas Liquidadas,3.1.90.03.00 - Pensões do RPPS e do Militar,2023,Prefeitura Municipal de São Borja - RS,59768,Padrão,RS,5802253.75
DCA-Anexo I-D,2023,DESPESA,DCA-Anexo I-D,DO3.1.90.03.00.00,4318002,Despesas Pagas,3.1.90.03.00 - Pensões do RPPS e do Militar,2023,Prefeitura Municipal de São Borja - RS,59768,Padrão,RS,5802253.75
DCA-Anexo I-D,2023,DESPESA,DCA-Anexo I-D,DO3.1.90.04.00.00,4318002,Despesas Empenhadas,3.1.90.04.00 - Contratação por Tempo Determinado,2023,Prefeitura Municipal de São Borja - RS,59768,Padrão,RS,25982872.39
DCA-Anexo I-D,2023,DESPESA,DCA-Anexo I-D,DO3.1.90.04.00.00,4318002,Despesas Liquidadas,3.1.90.04.00 - Contratação por Tempo Determinado,2023,Prefeitura Municipal de São Borja - RS,59768,Padrão,RS,25982872.39
DCA-Anexo I-D,2023,DESPESA,DCA-Anexo I-D,DO3.1.90.04.00.00,4318002,Despesas Pagas,3.1.90.04.00 - Contratação por Tempo Determinado,2023,Prefeitura Municipal de São Borja - RS,59768,Padrão,RS,25591214.28
DCA-Anexo I-D,2023,DESPESA,DCA-Anexo I-D,DO3.1.90.08.00.00,4318002,Despesas Empenhadas,3.1.90.08.00 - Outros Benefícios Assistenciais do Servidor e do Militar,2023,Prefeitura Municipal de São Borja - RS,59768,Padrão,RS,3635782.87
DCA-Anexo I-D,2023,DESPESA,DCA-Anexo I-D,DO3.1.90.08.00.00,4318002,Despesas Liquidadas,3.1.90.08.00 - Outros Benefícios Assistenciais do Servidor e do Militar,2023,Prefeitura Municipal de São Borja - RS,59768,Padrão,RS,3634976.29
DCA-Anexo I-D,2023,DESPESA,DCA-Anexo I-D,DO3.1.90.08.00.00,4318002,Despesas Pagas,3.1.90.08.00 - Outros Benefícios Assistenciais do Servidor e do Militar,2023,Prefeitura Municipal de São Borja - RS,59768,Padrão,RS,3634976.29
DCA-Anexo I-D,2023,DESPESA|PESSOAL,DCA-Anexo I-D,DO3.1.90.11.00.00,4318002,Despesas Empenhadas,3.1.90.11.00 - Vencimentos e Vantagens Fixas - Pessoal Civil,2023,Prefeitura Municipal de São Borja - RS,59768,Padrão,RS,73402896.67
DCA-Anexo I-D,2023,DESPESA|PESSOAL,DCA-Anexo I-D,DO3.1.90.11.00.00,4318002,Despesas Liquidadas,3.1.90.11.00 - Vencimentos e Vantagens Fixas - Pessoal Civil,2023,Prefeitura Municipal de São Borja - RS,59768,Padrão,RS,73282714.96
DCA-Anexo I-D,2023,DESPESA|PESSOAL,DCA-Anexo I-D,DO3.1.90.11.00.00,4318002,Despesas Pagas,3.1.90.11.00 - Vencimentos e Vantagens Fixas - Pessoal Civil,2023,Prefeitura Municipal de São Borja - RS,59768,Padrão,RS,73282714.96
DCA-Anexo I-D,2023,PESSOAL,DCA-Anexo I-D,DO3.1.90.11.00.00,4318002,Inscrição de Restos a Pagar Não Processados,3.1.90.11.00 - Vencimentos e Vantagens Fixas - Pessoal Civil,2023,Prefeitura Municipal de São Borja - RS,59768,Padrão,RS,120181.71
DCA-Anexo I-D,2023,DESPESA,DCA-Anexo I-D,DO3.1.90.13.00.00,4318002,Despesas Empenhadas,3.1.90.13.00 - Obrigações Patronais,2023,Prefeitura Municipal de São Borja - RS,59768,Padrão,RS,3818004.16
DCA-Anexo I-D,2023,DESPESA,DCA-Anexo I-D,DO3.1.90.13.00.00,4318002,Despesas Liquidadas,3.1.90.13.00 - Obrigações Patronais,2023,Prefeitura Municipal de São Borja - RS,59768,Padrão,RS,3772176.26
DCA-Anexo I-D,2023,DESPESA,DCA-Anexo I-D,DO3.1.90.13.00.00,4318002,Despesas Pagas,3.1.90.13.00 - Obrigações Patronais,2023,Prefeitura Municipal de São Borja - RS,59768,Padrão,RS,3472527.77
DCA-Anexo I-D,2023,DESPESA,DCA-Anexo I-D,DO3.1.90.13.01.00,4318002,Despesas Empenhadas,3.1.90.13.01 - FGTS,2023,Prefeitura Municipal de São Borja - RS,59768,Padrão,RS,464394.49
DCA-Anexo I-D,2023,DESPESA,DCA-Anexo I-D,DO3.1.90.13.01.00,4318002,Despesas Liquidadas,3.1.90.13.01 - FGTS,2023,Prefeitura Municipal de São Borja - RS,59768,Padrão,RS,464394.49
DCA-Anexo I-D,2023,DESPESA,DCA-Anexo I-D,DO3.1.90.13.01.00,4318002,Despesas Pagas,3.1.90.13.01 - FGTS,2023,Prefeitura Municipal de São Borja - RS,59768,Padrão,RS,393779.31
DCA-Anexo I-D,2023,DESPESA|PREVID,DCA-Anexo I-D,DO3.1.90.13.02.00,4318002,Despesas Empenhadas,3.1.90.13.02 - Contribuições Previdenciárias - INSS,2023,Prefeitura Municipal de São Borja - RS,59768,Padrão,RS,3320354.84
DCA-Anexo I-D,2023,DESPESA|PREVID,DCA-Anexo I-D,DO3.1.90.13.02.00,4318002,Despesas Liquidadas,3.1.90.13.02 - Contribuições Previdenciárias - INSS,2023,Prefeitura Municipal de São Borja - RS,59768,Padrão,RS,3274526.94
DCA-Anexo I-D,2023,DESPESA|PREVID,DCA-Anexo I-D,DO3.1.90.13.02.00,4318002,Despesas Pagas,3.1.90.13.02 - Contribuições Previdenciárias - INSS,2023,Prefeitura Municipal de São Borja - RS,59768,Padrão,RS,3045493.63
DCA-Anexo I-D,2023,PREVID,DCA-Anexo I-D,DO3.1.90.13.02.00,4318002,Inscrição de Restos a Pagar Não Processados,3.1.90.13.02 - Contribuições Previdenciárias - INSS,2023,Prefeitura Municipal de São Borja - RS,59768,Padrão,RS,45827.9
DCA-Anexo I-D,2023,PREVID,DCA-Anexo I-D,DO3.1.90.13.02.00,4318002,Inscrição de Restos a Pagar Processados,3.1.90.13.02 - Contribuições Previdenciárias - INSS,2023,Prefeitura Municipal de São Borja - RS,59768,Padrão,RS,229033.31
DCA-Anexo I-D,2023,DESPESA,DCA-Anexo I-D,DO3.1.90.13.99.00,4318002,Despesas Empenhadas,3.1.90.13.99 - Outras Obrigações Patronais,2023,Prefeitura Municipal de São Borja - RS,59768,Padrão,RS,33254.83
DCA-Anexo I-D,2023,DESPESA,DCA-Anexo I-D,DO3.1.90.13.99.00,4318002,Despesas Liquidadas,3.1.90.13.99 - Outras Obrigações Patronais,2023,Prefeitura Municipal de São Borja - RS,59768,Padrão,RS,33254.83
DCA-Anexo I-D,2023,DESPESA,DCA-Anexo I-D,DO3.1.90.13.99.00,4318002,Despesas Pagas,3.1.90.13.99 - Outras Obrigações Patronais,2023,Prefeitura Municipal de São Borja - RS,59768,Padrão,RS,33254.83
DCA-Anexo I-D,2023,DESPESA|PESSOAL,DCA-Anexo I-D,DO3.1.90.16.00.00,4318002,Despesas Empenhadas,3.1.90.16.00 - Outras Despesas Variáveis - Pessoal Civil,2023,Prefeitura Municipal de São Borja - RS,59768,Padrão,RS,7183389.04
DCA-Anexo I-D,2023,DESPESA|PESSOAL,DCA-Anexo I-D,DO3.1.90.16.00.00,4318002,Despesas Liquidadas,3.1.90.16.00 - Outras Despesas Variáveis - Pessoal Civil,2023,Prefeitura Municipal de São Borja - RS,59768,Padrão,RS,7183389.04
DCA-Anexo I-D,2023,DESPESA|PESSOAL,DCA-Anexo I-D,DO3.1.90.16.00.00,4318002,Despesas Pagas,3.1.90.16.00 - Outras Despesas Variáveis - Pessoal Civil,2023,Prefeitura Municipal de São Borja - RS,59768,Padrão,RS,7183389.04
DCA-Anexo I-D,2023,DESPESA,DCA-Anexo I-D,DO3.1.90.94.00.00,4318002,Despesas Empenhadas,3.1.90.94.00 - Indenizações e Restituições Trabalhistas,2023,Prefeitura Municipal de São Borja - RS,59768,Padrão,RS,750243.22
DCA-Anexo I-D,2023,DESPESA,DCA-Anexo I-D,DO3.1.90.94.00.00,4318002,Despesas Liquidadas,3.1.90.94.00 - Indenizações e Restituições Trabalhistas,2023,Prefeitura Municipal de São Borja - RS,59768,Padrão,RS,750243.22
DCA-Anexo I-D,2023,DESPESA,DCA-Anexo I-D,DO3.1.90.94.00.00,4318002,Despesas Pagas,3.1.90.94.00 - Indenizações e Restituições Trabalhistas,2023,Prefeitura Municipal de São Borja - RS,59768,Padrão,RS,750243.22
DCA-Anexo I-D,2023,DESPESA,DCA-Anexo I-D,DI3.1.91.00.00.00,4318002,Despesas Empenhadas,"3.1.91.00.00 - Aplicação Direta Decorrente de Operação entre Órgãos, Fundos e Entidades Integrantes dos Orçamentos Fiscal e da Seguridade Social",2023,Prefeitura Municipal de São Borja - RS,59768,Padrão,RS,16099168.06
DCA-Anexo I-D,2023,DESPESA,DCA-Anexo I-D,DI3.1.91.00.00.00,4318002,Despesas Liquidadas,"3.1.91.00.00 - Aplicação Direta Decorrente de Operação entre Órgãos, Fundos e Entidades Integrantes dos Orçamentos Fiscal e da Seguridade Social",2023,Prefeitura Municipal de São Borja - RS,59768,Padrão,RS,16060739.79
DCA-Anexo I-D,2023,DESPESA,DCA-Anexo I-D,DI3.1.91.00.00.00,4318002,Despesas Pagas,"3.1.91.00.00 - Aplicação Direta Decorrente de Operação entre Órgãos, Fundos e Entidades Integrantes dos Orçamentos Fiscal e da Seguridade Social",2023,Prefeitura Municipal de São Borja - RS,59768,Padrão,RS,13553182.51
DCA-Anexo I-D,2023,DESPESA,DCA-Anexo I-D,DI3.1.91.13.00.00,4318002,Despesas Empenhadas,3.1.91.13.00 - Contribuições Patronais,2023,Prefeitura Municipal de São Borja - RS,59768,Padrão,RS,16099168.06
DCA-Anexo I-D,2023,DESPESA,DCA-Anexo I-D,DI3.1.91.13.00.00,4318002,Despesas Liquidadas,3.1.91.13.00 - Contribuições Patronais,2023,Prefeitura Municipal de São Borja - RS,59768,Padrão,RS,16060739.79
DCA-Anexo I-D,2023,DESPESA,DCA-Anexo I-D,DI3.1.91.13.00.00,4318002,Despesas Pagas,3.1.91.13.00 - Contribuições Patronais,2023,Prefeitura Municipal de São Borja - RS,59768,Padrão,RS,13553182.51
DCA-Anexo I-D,2023,DESPESA|PESSOAL|PREVID,DCA-Anexo I-D,DI3.1.91.13.08.00,4318002,Despesas Empenhadas,3.1.91.13.08 - Contribuições previdenciárias - RPPS - pessoal ativo - plano previdenciário,2023,Prefeitura Municipal de São Borja - RS,59768,Padrão,RS,8947528.67
DCA-Anexo I-D,2023,DESPESA|PESSOAL|PREVID,DCA-Anexo I-D,DI3.1.91.13.08.00,4318002,Despesas Liquidadas,3.1.91.13.08 - Contribuições previdenciárias - RPPS - pessoal ativo - plano previdenciário,2023,Prefeitura Municipal de São Borja - RS,59768,Padrão,RS,8927703.56
DCA-Anexo I-D,2023,DESPESA|PESSOAL|PREVID,DCA-Anexo I-D,DI3.1.91.13.08.00,4318002,Despesas Pagas,3.1.91.13.08 - Contribuições previdenciárias - RPPS - pessoal ativo - plano previdenciário,2023,Prefeitura Municipal de São Borja - RS,59768,Padrão,RS,7648263.26
DCA-Anexo I-D,2023,PESSOAL|PREVID,DCA-Anexo I-D,DI3.1.91.13.08.00,4318002,Inscrição de Restos a Pagar Não Processados,3.1.91.13.08 - Contribuições previdenciárias - RPPS - pessoal ativo - plano previdenciário,2023,Prefeitura Municipal de São Borja - RS,59768,Padrão,RS,19825.11
DCA-Anexo I-D,2023,PESSOAL|PREVID,DCA-Anexo I-D,DI3.1.91.13.08.00,4318002,Inscrição de Restos a Pagar Processados,3.1.91.13.08 - Contribuições previdenciárias - RPPS - pessoal ativo - plano previdenciário,2023,Prefeitura Municipal de São Borja - RS,59768,Padrão,RS,1279440.3
DCA-Anexo I-D,2023,DESPESA|PESSOAL|PREVID,DCA-Anexo I-D,DI3.1.91.13.20.00,4318002,Despesas Empenhadas,3.1.91.13.20 - Alíquota suplementar de contribuição previdenciária - pessoal ativo - plano previdenciário,2023,Prefeitura Municipal de São Borja - RS,59768,Padrão,RS,7151639.39
DCA-Anexo I-D,2023,DESPESA|PESSOAL|PREVID,DCA-Anexo I-D,DI3.1.91.13.20.00,4318002,Despesas Liquidadas,3.1.91.13.20 - Alíquota suplementar de contribuição previdenciária - pessoal ativo - plano previdenciário,2023,Prefeitura Municipal de São Borja - RS,59768,Padrão,RS,7133036.23
DCA-Anexo I-D,2023,DESPESA|PESSOAL|PREVID,DCA-Anexo I-D,DI3.1.91.13.20.00,4318002,Despesas Pagas,3.1.91.13.20 - Alíquota suplementar de contribuição previdenciária - pessoal ativo - plano previdenciário,2023,Prefeitura Municipal de São Borja - RS,59768,Padrão,RS,5904919.25
DCA-Anexo I-D,2023,PESSOAL|PREVID,DCA-Anexo I-D,DI3.1.91.13.20.00,4318002,Inscrição de Restos a Pagar Não Processados,3.1.91.13.20 - Alíquota suplementar de contribuição previdenciária - pessoal ativo - plano previdenciário,2023,Prefeitura Municipal de São Borja - RS,59768,Padrão,RS,18603.16
DCA-Anexo I-D,2023,PESSOAL|PREVID,DCA-Anexo I-D,DI3.1.91.13.20.00,4318002,Inscrição de Restos a Pagar Processados,3.1.91.13.20 - Alíquota suplementar de contribuição previdenciária - pessoal ativo - plano previdenciário,2023,Prefeitura Municipal de São Borja - RS,59768,Padrão,RS,1228116.98
DCA-Anexo I-D,2023,DESPESA|DIVIDA|JUROS,DCA-Anexo I-D,DO3.2.00.00.00.00,4318002,Despesas Empenhadas,3.2.00.00.00 - Juros e Encargos da Dívida,2023,Prefeitura Municipal de São Borja - RS,59768,Padrão,RS,3710774.63
DCA-Anexo I-D,2023,DESPESA|DIVIDA|JUROS,DCA-Anexo I-D,DO3.2.00.00.00.00,4318002,Despesas Liquidadas,3.2.00.00.00 - Juros e Encargos da Dívida,2023,Prefeitura Municipal de São Borja - RS,59768,Padrão,RS,3710774.63
DCA-Anexo I-D,2023,DESPESA|DIVIDA|JUROS,DCA-Anexo I-D,DO3.2.00.00.00.00,4318002,Despesas Pagas,3.2.00.00.00 - Juros e Encargos da Dívida,2023,Prefeitura Municipal de São Borja - RS,59768,Padrão,RS,3710774.63
DCA-Anexo I-D,2023,DESPESA,DCA-Anexo I-D,DO3.2.90.00.00.00,4318002,Despesas Empenhadas,3.2.90.00.00 - Aplicações Diretas,2023,Prefeitura Municipal de São Borja - RS,59768,Padrão,RS,3267276.18
DCA-Anexo I-D,2023,DESPESA,DCA-Anexo I-D,DO3.2.90.00.00.00,4318002,Despesas Liquidadas,3.2.90.00.00 - Aplicações Diretas,2023,Prefeitura Municipal de São Borja - RS,59768,Padrão,RS,3267276.18
DCA-Anexo I-D,2023,DESPESA,DCA-Anexo I-D,DO3.2.90.00.00.00,4318002,Despesas Pagas,3.2.90.00.00 - Aplicações Diretas,2023,Prefeitura Municipal de São Borja - RS,59768,Padrão,RS,3267276.18
DCA-Anexo I-D,2023,DESPESA|DIVIDA|JUROS,DCA-Anexo I-D,DO3.2.90.21.00.00,4318002,Despesas Empenhadas,3.2.90.21.00 - Juros sobre a Dívida por Contrato,2023,Prefeitura Municipal de São Borja - RS,59768,Padrão,RS,3267276.18
DCA-Anexo I-D,2023,DESPESA|DIVIDA|JUROS,DCA-Anexo I-D,DO3.2.90.21.00.00,4318002,Despesas Liquidadas,3.2.90.21.00 - Juros sobre a Dívida por Contrato,2023,Prefeitura Municipal de São Borja - RS,59768,Padrão,RS,3267276.18
DCA-Anexo I-D,2023,DESPESA|DIVIDA|JUROS,DCA-Anexo I-D,DO3.2.90.21.00.00,4318002,Despesas Pagas,3.2.90.21.00 - Juros sobre a Dívida por Contrato,2023,Prefeitura Municipal de São Borja - RS,59768,Padrão,RS,3267276.18
DCA-Anexo I-D,2023,DESPESA,DCA-Anexo I-D,DI3.2.91.00.00.00,4318002,Despesas Empenhadas,"3.2.91.00.00 - Aplicação direta decorrente de operação entre Órgãos, fundos e entidades integrantes dos OFSS",2023,Prefeitura Municipal de São Borja - RS,59768,Padrão,RS,443498.45
DCA-Anexo I-D,2023,DESPESA,DCA-Anexo I-D,DI3.2.91.00.00.00,4318002,Despesas Liquidadas,"3.2.91.00.00 - Aplicação direta decorrente de operação entre Órgãos, fundos e entidades integrantes dos OFSS",2023,Prefeitura Municipal de São Borja - RS,59768,Padrão,RS,443498.45
DCA-Anexo I-D,2023,DESPESA,DCA-Anexo I-D,DI3.2.91.00.00.00,4318002,Despesas Pagas,"3.2.91.00.00 - Aplicação direta decorrente de operação entre Órgãos, fundos e entidades integrantes dos OFSS",2023,Prefeitura Municipal de São Borja - RS,59768,Padrão,RS,443498.45
DCA-Anexo I-D,2023,DESPESA,DCA-Anexo I-D,DO3.3.00.00.00.00,4318002,Despesas Empenhadas,3.3.00.00.00 - Outras Despesas Correntes,2023,Prefeitura Municipal de São Borja - RS,59768,Padrão,RS,138262522.52
DCA-Anexo I-D,2023,DESPESA,DCA-Anexo I-D,DO3.3.00.00.00.00,4318002,Despesas Liquidadas,3.3.00.00.00 - Outras Despesas Correntes,2023,Prefeitura Municipal de São Borja - RS,59768,Padrão,RS,131234435.87
DCA-Anexo I-D,2023,DESPESA,DCA-Anexo I-D,DO3.3.00.00.00.00,4318002,Despesas Pagas,3.3.00.00.00 - Outras Despesas Correntes,2023,Prefeitura Municipal de São Borja - RS,59768,Padrão,RS,128614279.24
DCA-Anexo I-D,2023,DESPESA,DCA-Anexo I-D,DO3.3.00.00.00.00,4318002,Inscrição de Restos a Pagar Não Processados,3.3.00.00.00 - Outras Despesas Correntes,2023,Prefeitura Municipal de São Borja - RS,59768,Padrão,RS,7028086.65
DCA-Anexo I-D,2023,DESPESA,DCA-Anexo I-D,DO3.3.00.00.00.00,4318002,Inscrição de Restos a Pagar Processados,3.3.00.00.00 - Outras Despesas Correntes,2023,Prefeitura Municipal de São Borja - RS,59768,Padrão,RS,2620156.63
DCA-Anexo I-D,2023,DESPESA,DCA-Anexo I-D,DO3.3.30.00.00.00,4318002,Despesas Empenhadas,3.3.30.00.00 - Transferências a Estados e ao Distrito Federal,2023,Prefeitura Municipal de São Borja - RS,59768,Padrão,RS,372940.59
DCA-Anexo I-D,2023,DESPESA,DCA-Anexo I-D,DO3.3.30.00.00.00,4318002,Despesas Liquidadas,3.3.30.00.00 - Transferências a Estados e ao Distrito Federal,2023,Prefeitura Municipal de São Borja - RS,59768,Padrão,RS,363521.65
DCA-Anexo I-D,2023,DESPESA,DCA-Anexo I-D,DO3.3.30.00.00.00,4318002,Despesas Pagas,3.3.30.00.00 - Transferências a Estados e ao Distrito Federal,2023,Prefeitura Municipal de São Borja - RS,59768,Padrão,RS,363521.65
DCA-Anexo I-D,2023,DESPESA,DCA-Anexo I-D,DO3.3.30.41.00.00,4318002,Despesas Empenhadas,3.3.30.41.00 - Contribuições,2023,Prefeitura Municipal de São Borja - RS,59768,Padrão,RS,372526.47
DCA-Anexo I-D,2023,DESPESA,DCA-Anexo I-D,DO3.3.30.41.00.00,4318002,Despesas Liquidadas,3.3.30.41.00 - Contribuições,2023,Prefeitura Municipal de São Borja - RS,59768,Padrão,RS,363107.53
DCA-Anexo I-D,2023,DESPESA,DCA-Anexo I-D,DO3.3.30.41.00.00,4318002,Despesas Pagas,3.3.30.41.00 - Contribuições,2023,Prefeitura Municipal de São Borja - RS,59768,Padrão,RS,363107.53
DCA-Anexo I-D,2023,DESPESA,DCA-Anexo I-D,DO3.3.30.93.00.00,4318002,Despesas Empenhadas,3.3.30.93.00 - Indenizações e restituições,2023,Prefeitura Municipal de São Borja - RS,59768,Padrão,RS,414.12
DCA-Anexo I-D,2023,DESPESA,DCA-Anexo I-D,DO3.3.30.93.00.00,4318002,Despesas Liquidadas,3.3.30.93.00 - Indenizações e restituições,2023,Prefeitura Municipal de São Borja - RS,59768,Padrão,RS,414.12
DCA-Anexo I-D,2023,DESPESA,DCA-Anexo I-D,DO3.3.30.93.00.00,4318002,Despesas Pagas,3.3.30.93.00 - Indenizações e restituições,2023,Prefeitura Municipal de São Borja - RS,59768,Padrão,RS,414.12
DCA-Anexo I-D,2023,DESPESA,DCA-Anexo I-D,DO3.3.32.00.00.00,4318002,Despesas Empenhadas,3.3.32.00.00 - Execução Orçamentária Delegada a Estados e ao Distrito Federal,2023,Prefeitura Municipal de São Borja - RS,59768,Padrão,RS,48551.21
DCA-Anexo I-D,2023,DESPESA,DCA-Anexo I-D,DO3.3.32.00.00.00,4318002,Despesas Liquidadas,3.3.32.00.00 - Execução Orçamentária Delegada a Estados e ao Distrito Federal,2023,Prefeitura Municipal de São Borja - RS,59768,Padrão,RS,48551.21
DCA-Anexo I-D,2023,DESPESA,DCA-Anexo I-D,DO3.3.32.00.00.00,4318002,Despesas Pagas,3.3.32.00.00 - Execução Orçamentária Delegada a Estados e ao Distrito Federal,2023,Prefeitura Municipal de São Borja - RS,59768,Padrão,RS,48551.21
DCA-Anexo I-D,2023,DESPESA,DCA-Anexo I-D,DO3.3.50.00.00.00,4318002,Despesas Empenhadas,3.3.50.00.00 - Transferências a Instituições Privadas sem Fins Lucrativos,2023,Prefeitura Municipal de São Borja - RS,59768,Padrão,RS,3971181.32
DCA-Anexo I-D,2023,DESPESA,DCA-Anexo I-D,DO3.3.50.00.00.00,4318002,Despesas Liquidadas,3.3.50.00.00 - Transferências a Instituições Privadas sem Fins Lucrativos,2023,Prefeitura Municipal de São Borja - RS,59768,Padrão,RS,3961181.32
DCA-Anexo I-D,2023,DESPESA,DCA-Anexo I-D,DO3.3.50.00.00.00,4318002,Despesas Pagas,3.3.50.00.00 - Transferências a Instituições Privadas sem Fins Lucrativos,2023,Prefeitura Municipal de São Borja - RS,59768,Padrão,RS,3761181.32
DCA-Anexo I-D,2023,DESPESA,DCA-Anexo I-D,DO3.3.60.00.00.00,4318002,Despesas Empenhadas,3.3.60.00.00 - Transferências a Instituições Privadas com Fins Lucrativos,2023,Prefeitura Municipal de São Borja - RS,59768,Padrão,RS,895000
DCA-Anexo I-D,2023,DESPESA,DCA-Anexo I-D,DO3.3.60.00.00.00,4318002,Despesas Liquidadas,3.3.60.00.00 - Transferências a Instituições Privadas com Fins Lucrativos,2023,Prefeitura Municipal de São Borja - RS,59768,Padrão,RS,895000
DCA-Anexo I-D,2023,DESPESA,DCA-Anexo I-D,DO3.3.60.00.00.00,4318002,Despesas Pagas,3.3.60.00.00 - Transferências a Instituições Privadas com Fins Lucrativos,2023,Prefeitura Municipal de São Borja - RS,59768,Padrão,RS,895000
DCA-Anexo I-D,2023,DESPESA,DCA-Anexo I-D,DO3.3.90.00.00.00,4318002,Despesas Empenhadas,3.3.90.00.00 - Aplicações Diretas,2023,Prefeitura Municipal de São Borja - RS,59768,Padrão,RS,124885081.08
DCA-Anexo I-D,2023,DESPESA,DCA-Anexo I-D,DO3.3.90.00.00.00,4318002,Despesas Liquidadas,3.3.90.00.00 - Aplicações Diretas,2023,Prefeitura Municipal de São Borja - RS,59768,Padrão,RS,117876413.37
DCA-Anexo I-D,2023,DESPESA,DCA-Anexo I-D,DO3.3.90.00.00.00,4318002,Despesas Pagas,3.3.90.00.00 - Aplicações Diretas,2023,Prefeitura Municipal de São Borja - RS,59768,Padrão,RS,116130404.1
DCA-Anexo I-D,2023,DESPESA,DCA-Anexo I-D,DO3.3.90.08.00.00,4318002,Despesas Empenhadas,3.3.90.08.00 - Outros Benefícios Assistenciais do servidor e do militar,2023,Prefeitura Municipal de São Borja - RS,59768,Padrão,RS,9048490.22
DCA-Anexo I-D,2023,DESPESA,DCA-Anexo I-D,DO3.3.90.08.00.00,4318002,Despesas Liquidadas,3.3.90.08.00 - Outros Benefícios Assistenciais do servidor e do militar,2023,Prefeitura Municipal de São Borja - RS,59768,Padrão,RS,9035243.33
DCA-Anexo I-D,2023,DESPESA,DCA-Anexo I-D,DO3.3.90.08.00.00,4318002,Despesas Pagas,3.3.90.08.00 - Outros Benefícios Assistenciais do servidor e do militar,2023,Prefeitura Municipal de São Borja - RS,59768,Padrão,RS,8307568.49
DCA-Anexo I-D,2023,DESPESA,DCA-Anexo I-D,DO3.3.90.14.00.00,4318002,Despesas Empenhadas,3.3.90.14.00 - Diárias - Civil,2023,Prefeitura Municipal de São Borja - RS,59768,Padrão,RS,2044275.66
DCA-Anexo I-D,2023,DESPESA,DCA-Anexo I-D,DO3.3.90.14.00.00,4318002,Despesas Liquidadas,3.3.90.14.00 - Diárias - Civil,2023,Prefeitura Municipal de São Borja - RS,59768,Padrão,RS,2044275.66
DCA-Anexo I-D,2023,DESPESA,DCA-Anexo I-D,DO3.3.90.14.00.00,4318002,Despesas Pagas,3.3.90.14.00 - Diárias - Civil,2023,Prefeitura Municipal de São Borja - RS,59768,Padrão,RS,2044275.66
DCA-Anexo I-D,2023,DESPESA,DCA-Anexo I-D,DO3.3.90.18.00.00,4318002,Despesas Empenhadas,3.3.90.18.00 - Auxílio Financeiro a Estudantes,2023,Prefeitura Municipal de São Borja - RS,59768,Padrão,RS,31357.32
DCA-Anexo I-D,2023,DESPESA,DCA-Anexo I-D,DO3.3.90.18.00.00,4318002,Despesas Liquidadas,3.3.90.18.00 - Auxílio Financeiro a Estudantes,2023,Prefeitura Municipal de São Borja - RS,59768,Padrão,RS,31357.32
DCA-Anexo I-D,2023,DESPESA,DCA-Anexo I-D,DO3.3.90.18.00.00,4318002,Despesas Pagas,3.3.90.18.00 - Auxílio Financeiro a Estudantes,2023,Prefeitura Municipal de São Borja - RS,59768,Padrão,RS,31348.32
DCA-Anexo I-D,2023,DESPESA,DCA-Anexo I-D,DO3.3.90.30.00.00,4318002,Despesas Empenhadas,3.3.90.30.00 - Material de Consumo,2023,Prefeitura Municipal de São Borja - RS,59768,Padrão,RS,13213844.9
DCA-Anexo I-D,2023,DESPESA,DCA-Anexo I-D,DO3.3.90.30.00.00,4318002,Despesas Liquidadas,3.3.90.30.00 - Material de Consumo,2023,Prefeitura Municipal de São Borja - RS,59768,Padrão,RS,11970706.73
DCA-Anexo I-D,2023,DESPESA,DCA-Anexo I-D,DO3.3.90.30.00.00,4318002,Despesas Pagas,3.3.90.30.00 - Material de Consumo,2023,Prefeitura Municipal de São Borja - RS,59768,Padrão,RS,11831965.28
DCA-Anexo I-D,2023,DESPESA,DCA-Anexo I-D,DO3.3.90.31.00.00,4318002,Despesas Empenhadas,"3.3.90.31.00 - Premiações Culturais, Artísticas, Científicas, Desportivas e Outras",2023,Prefeitura Municipal de São Borja - RS,59768,Padrão,RS,231692.3
DCA-Anexo I-D,2023,DESPESA,DCA-Anexo I-D,DO3.3.90.31.00.00,4318002,Despesas Liquidadas,"3.3.90.31.00 - Premiações Culturais, Artísticas, Científicas, Desportivas e Outras",2023,Prefeitura Municipal de São Borja - RS,59768,Padrão,RS,224399.9
DCA-Anexo I-D,2023,DESPESA,DCA-Anexo I-D,DO3.3.90.31.00.00,4318002,Despesas Pagas,"3.3.90.31.00 - Premiações Culturais, Artísticas, Científicas, Desportivas e Outras",2023,Prefeitura Municipal de São Borja - RS,59768,Padrão,RS,220999.9
DCA-Anexo I-D,2023,DESPESA,DCA-Anexo I-D,DO3.3.90.32.00.00,4318002,Despesas Empenhadas,"3.3.90.32.00 - Material, Bem ou Serviço para Distribuição Gratuita",2023,Prefeitura Municipal de São Borja - RS,59768,Padrão,RS,6672311.87
DCA-Anexo I-D,2023,DESPESA,DCA-Anexo I-D,DO3.3.90.32.00.00,4318002,Despesas Liquidadas,"3.3.90.32.00 - Material, Bem ou Serviço para Distribuição Gratuita",2023,Prefeitura Municipal de São Borja - RS,59768,Padrão,RS,6095578.83
DCA-Anexo I-D,2023,DESPESA,DCA-Anexo I-D,DO3.3.90.32.00.00,4318002,Despesas Pagas,"3.3.90.32.00 - Material, Bem ou Serviço para Distribuição Gratuita",2023,Prefeitura Municipal de São Borja - RS,59768,Padrão,RS,6022821.39
DCA-Anexo I-D,2023,DESPESA,DCA-Anexo I-D,DO3.3.90.33.00.00,4318002,Despesas Empenhadas,3.3.90.33.00 - Passagens e Despesas com Locomoção,2023,Prefeitura Municipal de São Borja - RS,59768,Padrão,RS,301189.23
DCA-Anexo I-D,2023,DESPESA,DCA-Anexo I-D,DO3.3.90.33.00.00,4318002,Despesas Liquidadas,3.3.90.33.00 - Passagens e Despesas com Locomoção,2023,Prefeitura Municipal de São Borja - RS,59768,Padrão,RS,301067.73
DCA-Anexo I-D,2023,DESPESA,DCA-Anexo I-D,DO3.3.90.33.00.00,4318002,Despesas Pagas,3.3.90.33.00 - Passagens e Despesas com Locomoção,2023,Prefeitura Municipal de São Borja - RS,59768,Padrão,RS,301067.73
DCA-Anexo I-D,2023,DESPESA,DCA-Anexo I-D,DO3.3.90.33.00.00,4318002,Inscrição de Restos a Pagar Não Processados,3.3.90.33.00 - Passagens e Despesas com Locomoção,2023,Prefeitura Municipal de São Borja - RS,59768,Padrão,RS,121.5
DCA-Anexo I-D,2023,DESPESA,DCA-Anexo I-D,DO3.3.90.35.00.00,4318002,Despesas Empenhadas,3.3.90.35.00 - Serviços de Consultoria,2023,Prefeitura Municipal de São Borja - RS,59768,Padrão,RS,207050.95
DCA-Anexo I-D,2023,DESPESA,DCA-Anexo I-D,DO3.3.90.35.00.00,4318002,Despesas Liquidadas,3.3.90.35.00 - Serviços de Consultoria,2023,Prefeitura Municipal de São Borja - RS,59768,Padrão,RS,191561.6
DCA-Anexo I-D,2023,DESPESA,DCA-Anexo I-D,DO3.3.90.35.00.00,4318002,Despesas Pagas,3.3.90.35.00 - Serviços de Consultoria,2023,Prefeitura Municipal de São Borja - RS,59768,Padrão,RS,191561.6
DCA-Anexo I-D,2023,DESPESA,DCA-Anexo I-D,DO3.3.90.36.00.00,4318002,Despesas Empenhadas,3.3.90.36.00 - Outros Serviços de Terceiros - Pessoa Física,2023,Prefeitura Municipal de São Borja - RS,59768,Padrão,RS,1645108.41
DCA-Anexo I-D,2023,DESPESA,DCA-Anexo I-D,DO3.3.90.36.00.00,4318002,Despesas Liquidadas,3.3.90.36.00 - Outros Serviços de Terceiros - Pessoa Física,2023,Prefeitura Municipal de São Borja - RS,59768,Padrão,RS,1551073.47
DCA-Anexo I-D,2023,DESPESA,DCA-Anexo I-D,DO3.3.90.36.00.00,4318002,Despesas Pagas,3.3.90.36.00 - Outros Serviços de Terceiros - Pessoa Física,2023,Prefeitura Municipal de São Borja - RS,59768,Padrão,RS,1543307.78
DCA-Anexo I-D,2023,DESPESA,DCA-Anexo I-D,DO3.3.90.39.00.00,4318002,Despesas Empenhadas,3.3.90.39.00 - Outros Serviços de Terceiros - Pessoa Jurídica,2023,Prefeitura Municipal de São Borja - RS,59768,Padrão,RS,65797967.35
DCA-Anexo I-D,2023,DESPESA,DCA-Anexo I-D,DO3.3.90.39.00.00,4318002,Despesas Liquidadas,3.3.90.39.00 - Outros Serviços de Terceiros - Pessoa Jurídica,2023,Prefeitura Municipal de São Borja - RS,59768,Padrão,RS,60974777.36
DCA-Anexo I-D,2023,DESPESA,DCA-Anexo I-D,DO3.3.90.39.00.00,4318002,Despesas Pagas,3.3.90.39.00 - Outros Serviços de Terceiros - Pessoa Jurídica,2023,Prefeitura Municipal de São Borja - RS,59768,Padrão,RS,60459102.25
DCA-Anexo I-D,2023,DESPESA,DCA-Anexo I-D,DO3.3.90.40.00.00,4318002,Despesas Empenhadas,3.3.90.40.00 - Serviços de Tecnologia da Informação e Comunicação (TIC) - Pessoa Jurídica,2023,Prefeitura Municipal de São Borja - RS,59768,Padrão,RS,1848871.02
DCA-Anexo I-D,2023,DESPESA,DCA-Anexo I-D,DO3.3.90.40.00.00,4318002,Despesas Liquidadas,3.3.90.40.00 - Serviços de Tecnologia da Informação e Comunicação (TIC) - Pessoa Jurídica,2023,Prefeitura Municipal de São Borja - RS,59768,Padrão,RS,1621925.92
DCA-Anexo I-D,2023,DESPESA,DCA-Anexo I-D,DO3.3.90.40.00.00,4318002,Despesas Pagas,3.3.90.40.00 - Serviços de Tecnologia da Informação e Comunicação (TIC) - Pessoa Jurídica,2023,Prefeitura Municipal de São Borja - RS,59768,Padrão,RS,1575029.54
DCA-Anexo I-D,2023,DESPESA,DCA-Anexo I-D,DO3.3.90.46.00.00,4318002,Despesas Empenhadas,3.3.90.46.00 - Auxílio-Alimentação,2023,Prefeitura Municipal de São Borja - RS,59768,Padrão,RS,16178100.09
DCA-Anexo I-D,2023,DESPESA,DCA-Anexo I-D,DO3.3.90.46.00.00,4318002,Despesas Liquidadas,3.3.90.46.00 - Auxílio-Alimentação,2023,Prefeitura Municipal de São Borja - RS,59768,Padrão,RS,16178100.09
DCA-Anexo I-D,2023,DESPESA,DCA-Anexo I-D,DO3.3.90.46.00.00,4318002,Despesas Pagas,3.3.90.46.00 - Auxílio-Alimentação,2023,Prefeitura Municipal de São Borja - RS,59768,Padrão,RS,16177550.09
DCA-Anexo I-D,2023,DESPESA,DCA-Anexo I-D,DO3.3.90.47.00.00,4318002,Despesas Empenhadas,3.3.90.47.00 - Obrigações Tributárias e Contributivas,2023,Prefeitura Municipal de São Borja - RS,59768,Padrão,RS,3186761.64
DCA-Anexo I-D,2023,DESPESA,DCA-Anexo I-D,DO3.3.90.47.00.00,4318002,Despesas Liquidadas,3.3.90.47.00 - Obrigações Tributárias e Contributivas,2023,Prefeitura Municipal de São Borja - RS,59768,Padrão,RS,3186761.64
DCA-Anexo I-D,2023,DESPESA,DCA-Anexo I-D,DO3.3.90.47.00.00,4318002,Despesas Pagas,3.3.90.47.00 - Obrigações Tributárias e Contributivas,2023,Prefeitura Municipal de São Borja - RS,59768,Padrão,RS,2954222.28
DCA-Anexo I-D,2023,DESPESA,DCA-Anexo I-D,DO3.3.90.48.00.00,4318002,Despesas Empenhadas,3.3.90.48.00 - Outros Auxílios Financeiros a Pessoas Físicas,2023,Prefeitura Municipal de São Borja - RS,59768,Padrão,RS,427000
DCA-Anexo I-D,2023,DESPESA,DCA-Anexo I-D,DO3.3.90.48.00.00,4318002,Despesas Liquidadas,3.3.90.48.00 - Outros Auxílios Financeiros a Pessoas Físicas,2023,Prefeitura Municipal de São Borja - RS,59768,Padrão,RS,427000
DCA-Anexo I-D,2023,DESPESA,DCA-Anexo I-D,DO3.3.90.48.00.00,4318002,Despesas Pagas,3.3.90.48.00 - Outros Auxílios Financeiros a Pessoas Físicas,2023,Prefeitura Municipal de São Borja - RS,59768,Padrão,RS,427000
DCA-Anexo I-D,2023,DESPESA,DCA-Anexo I-D,DO3.3.90.49.00.00,4318002,Despesas Empenhadas,3.3.90.49.00 - Auxílio-Transporte,2023,Prefeitura Municipal de São Borja - RS,59768,Padrão,RS,91131.53
DCA-Anexo I-D,2023,DESPESA,DCA-Anexo I-D,DO3.3.90.49.00.00,4318002,Despesas Liquidadas,3.3.90.49.00 - Auxílio-Transporte,2023,Prefeitura Municipal de São Borja - RS,59768,Padrão,RS,91131.53
DCA-Anexo I-D,2023,DESPESA,DCA-Anexo I-D,DO3.3.90.49.00.00,4318002,Despesas Pagas,3.3.90.49.00 - Auxílio-Transporte,2023,Prefeitura Municipal de São Borja - RS,59768,Padrão,RS,91131.53
DCA-Anexo I-D,2023,DESPESA,DCA-Anexo I-D,DO3.3.90.91.00.00,4318002,Despesas Empenhadas,3.3.90.91.00 - Sentenças Judiciais,2023,Prefeitura Municipal de São Borja - RS,59768,Padrão,RS,3139526.1
DCA-Anexo I-D,2023,DESPESA,DCA-Anexo I-D,DO3.3.90.91.00.00,4318002,Despesas Liquidadas,3.3.90.91.00 - Sentenças Judiciais,2023,Prefeitura Municipal de São Borja - RS,59768,Padrão,RS,3139526.1
DCA-Anexo I-D,2023,DESPESA,DCA-Anexo I-D,DO3.3.90.91.00.00,4318002,Despesas Pagas,3.3.90.91.00 - Sentenças Judiciais,2023,Prefeitura Municipal de São Borja - RS,59768,Padrão,RS,3139526.1
DCA-Anexo I-D,2023,DESPESA,DCA-Anexo I-D,DO3.3.90.92.00.00,4318002,Despesas Empenhadas,3.3.90.92.00 - Despesas de Exercícios Anteriores,2023,Prefeitura Municipal de São Borja - RS,59768,Padrão,RS,721882.56
DCA-Anexo I-D,2023,DESPESA,DCA-Anexo I-D,DO3.3.90.92.00.00,4318002,Despesas Liquidadas,3.3.90.92.00 - Despesas de Exercícios Anteriores,2023,Prefeitura Municipal de São Borja - RS,59768,Padrão,RS,719962.29
DCA-Anexo I-D,2023,DESPESA,DCA-Anexo I-D,DO3.3.90.92.00.00,4318002,Despesas Pagas,3.3.90.92.00 - Despesas de Exercícios Anteriores,2023,Prefeitura Municipal de São Borja - RS,59768,Padrão,RS,719962.29
DCA-Anexo I-D,2023,DESPESA,DCA-Anexo I-D,DO3.3.90.92.00.00,4318002,Inscrição de Restos a Pagar Não Processados,3.3.90.92.00 - Despesas de Exercícios Anteriores,2023,Prefeitura Municipal de São Borja - RS,59768,Padrão,RS,1920.27
DCA-Anexo I-D,2023,DESPESA,DCA-Anexo I-D,DO3.3.90.93.00.00,4318002,Despesas Empenhadas,3.3.90.93.00 - Indenizações e Restituições,2023,Prefeitura Municipal de São Borja - RS,59768,Padrão,RS,98519.93
DCA-Anexo I-D,2023,DESPESA,DCA-Anexo I-D,DO3.3.90.93.00.00,4318002,Despesas Liquidadas,3.3.90.93.00 - Indenizações e Restituições,2023,Prefeitura Municipal de São Borja - RS,59768,Padrão,RS,91963.87
DCA-Anexo I-D,2023,DESPESA,DCA-Anexo I-D,DO3.3.90.93.00.00,4318002,Despesas Pagas,3.3.90.93.00 - Indenizações e Restituições,2023,Prefeitura Municipal de São Borja - RS,59768,Padrão,RS,91963.87
DCA-Anexo I-D,2023,DESPESA,DCA-Anexo I-D,DI3.3.91.00.00.00,4318002,Despesas Empenhadas,"3.3.91.00.00 - Aplicação Direta Decorrente de Operação entre Órgãos, Fundos e Entidades Integrantes dos Orçamentos Fiscal e da Seguridade Social",2023,Prefeitura Municipal de São Borja - RS,59768,Padrão,RS,8089768.32
DCA-Anexo I-D,2023,DESPESA,DCA-Anexo I-D,DI3.3.91.00.00.00,4318002,Despesas Liquidadas,"3.3.91.00.00 - Aplicação Direta Decorrente de Operação entre Órgãos, Fundos e Entidades Integrantes dos Orçamentos Fiscal e da Seguridade Social",2023,Prefeitura Municipal de São Borja - RS,59768,Padrão,RS,8089768.32
DCA-Anexo I-D,2023,DESPESA,DCA-Anexo I-D,DI3.3.91.00.00.00,4318002,Despesas Pagas,"3.3.91.00.00 - Aplicação Direta Decorrente de Operação entre Órgãos, Fundos e Entidades Integrantes dos Orçamentos Fiscal e da Seguridade Social",2023,Prefeitura Municipal de São Borja - RS,59768,Padrão,RS,7415620.96
DCA-Anexo I-D,2023,DESPESA,DCA-Anexo I-D,DO4.0.00.00.00.00,4318002,Despesas Empenhadas,4.0.00.00.00 - Despesas de Capital,2023,Prefeitura Municipal de São Borja - RS,59768,Padrão,RS,18019120.57
DCA-Anexo I-D,2023,DESPESA,DCA-Anexo I-D,DO4.0.00.00.00.00,4318002,Despesas Liquidadas,4.0.00.00.00 - Despesas de Capital,2023,Prefeitura Municipal de São Borja - RS,59768,Padrão,RS,15435828.65
DCA-Anexo I-D,2023,DESPESA,DCA-Anexo I-D,DO4.0.00.00.00.00,4318002,Despesas Pagas,4.0.00.00.00 - Despesas de Capital,2023,Prefeitura Municipal de São Borja - RS,59768,Padrão,RS,15415457.65
DCA-Anexo I-D,2023,DESPESA,DCA-Anexo I-D,DO4.0.00.00.00.00,4318002,Inscrição de Restos a Pagar Não Processados,4.0.00.00.00 - Despesas de Capital,2023,Prefeitura Municipal de São Borja - RS,59768,Padrão,RS,2583291.92
DCA-Anexo I-D,2023,DESPESA,DCA-Anexo I-D,DO4.0.00.00.00.00,4318002,Inscrição de Restos a Pagar Processados,4.0.00.00.00 - Despesas de Capital,2023,Prefeitura Municipal de São Borja - RS,59768,Padrão,RS,20371
DCA-Anexo I-D,2023,DESPESA|INVESTIMENT,DCA-Anexo I-D,DO4.4.00.00.00.00,4318002,Despesas Empenhadas,4.4.00.00.00 - Investimentos,2023,Prefeitura Municipal de São Borja - RS,59768,Padrão,RS,8069493.05
DCA-Anexo I-D,2023,DESPESA|INVESTIMENT,DCA-Anexo I-D,DO4.4.00.00.00.00,4318002,Despesas Liquidadas,4.4.00.00.00 - Investimentos,2023,Prefeitura Municipal de São Borja - RS,59768,Padrão,RS,5486201.13
DCA-Anexo I-D,2023,DESPESA|INVESTIMENT,DCA-Anexo I-D,DO4.4.00.00.00.00,4318002,Despesas Pagas,4.4.00.00.00 - Investimentos,2023,Prefeitura Municipal de São Borja - RS,59768,Padrão,RS,5465830.13
DCA-Anexo I-D,2023,INVESTIMENT,DCA-Anexo I-D,DO4.4.00.00.00.00,4318002,Inscrição de Restos a Pagar Não Processados,4.4.00.00.00 - Investimentos,2023,Prefeitura Municipal de São Borja - RS,59768,Padrão,RS,2583291.92
DCA-Anexo I-D,2023,INVESTIMENT,DCA-Anexo I-D,DO4.4.00.00.00.00,4318002,Inscrição de Restos a Pagar Processados,4.4.00.00.00 - Investimentos,2023,Prefeitura Municipal de São Borja - RS,59768,Padrão,RS,20371
DCA-Anexo I-D,2023,DESPESA,DCA-Anexo I-D,DO4.4.20.00.00.00,4318002,Despesas Empenhadas,4.4.20.00.00 - Transferências à União,2023,Prefeitura Municipal de São Borja - RS,59768,Padrão,RS,316936.23
DCA-Anexo I-D,2023,DESPESA,DCA-Anexo I-D,DO4.4.20.00.00.00,4318002,Despesas Liquidadas,4.4.20.00.00 - Transferências à União,2023,Prefeitura Municipal de São Borja - RS,59768,Padrão,RS,316936.23
DCA-Anexo I-D,2023,DESPESA,DCA-Anexo I-D,DO4.4.20.00.00.00,4318002,Despesas Pagas,4.4.20.00.00 - Transferências à União,2023,Prefeitura Municipal de São Borja - RS,59768,Padrão,RS,316936.23
DCA-Anexo I-D,2023,DESPESA,DCA-Anexo I-D,DO4.4.30.00.00.00,4318002,Despesas Empenhadas,4.4.30.00.00 - Transferências a Estados e ao Distrito Federal,2023,Prefeitura Municipal de São Borja - RS,59768,Padrão,RS,65912.79
DCA-Anexo I-D,2023,DESPESA,DCA-Anexo I-D,DO4.4.30.00.00.00,4318002,Despesas Liquidadas,4.4.30.00.00 - Transferências a Estados e ao Distrito Federal,2023,Prefeitura Municipal de São Borja - RS,59768,Padrão,RS,65912.79
DCA-Anexo I-D,2023,DESPESA,DCA-Anexo I-D,DO4.4.30.00.00.00,4318002,Despesas Pagas,4.4.30.00.00 - Transferências a Estados e ao Distrito Federal,2023,Prefeitura Municipal de São Borja - RS,59768,Padrão,RS,65912.79
DCA-Anexo I-D,2023,DESPESA,DCA-Anexo I-D,DO4.4.50.00.00.00,4318002,Despesas Empenhadas,4.4.50.00.00 - Transferências a Instituições Privadas sem Fins Lucrativos,2023,Prefeitura Municipal de São Borja - RS,59768,Padrão,RS,796871
DCA-Anexo I-D,2023,DESPESA,DCA-Anexo I-D,DO4.4.50.00.00.00,4318002,Despesas Liquidadas,4.4.50.00.00 - Transferências a Instituições Privadas sem Fins Lucrativos,2023,Prefeitura Municipal de São Borja - RS,59768,Padrão,RS,796871
DCA-Anexo I-D,2023,DESPESA,DCA-Anexo I-D,DO4.4.50.00.00.00,4318002,Despesas Pagas,4.4.50.00.00 - Transferências a Instituições Privadas sem Fins Lucrativos,2023,Prefeitura Municipal de São Borja - RS,59768,Padrão,RS,796871
DCA-Anexo I-D,2023,DESPESA,DCA-Anexo I-D,DO4.4.90.00.00.00,4318002,Despesas Empenhadas,4.4.90.00.00 - Aplicações Diretas,2023,Prefeitura Municipal de São Borja - RS,59768,Padrão,RS,6889773.03
DCA-Anexo I-D,2023,DESPESA,DCA-Anexo I-D,DO4.4.90.00.00.00,4318002,Despesas Liquidadas,4.4.90.00.00 - Aplicações Diretas,2023,Prefeitura Municipal de São Borja - RS,59768,Padrão,RS,4306481.11
DCA-Anexo I-D,2023,DESPESA,DCA-Anexo I-D,DO4.4.90.00.00.00,4318002,Despesas Pagas,4.4.90.00.00 - Aplicações Diretas,2023,Prefeitura Municipal de São Borja - RS,59768,Padrão,RS,4286110.11
DCA-Anexo I-D,2023,DESPESA,DCA-Anexo I-D,DO4.4.90.30.00.00,4318002,Despesas Empenhadas,4.4.90.30.00 - Material de Consumo,2023,Prefeitura Municipal de São Borja - RS,59768,Padrão,RS,5683.4
DCA-Anexo I-D,2023,DESPESA,DCA-Anexo I-D,DO4.4.90.30.00.00,4318002,Despesas Liquidadas,4.4.90.30.00 - Material de Consumo,2023,Prefeitura Municipal de São Borja - RS,59768,Padrão,RS,5683.4
DCA-Anexo I-D,2023,DESPESA,DCA-Anexo I-D,DO4.4.90.30.00.00,4318002,Despesas Pagas,4.4.90.30.00 - Material de Consumo,2023,Prefeitura Municipal de São Borja - RS,59768,Padrão,RS,5683.4
DCA-Anexo I-D,2023,DESPESA,DCA-Anexo I-D,DO4.4.90.51.00.00,4318002,Despesas Empenhadas,4.4.90.51.00 - Obras e Instalações,2023,Prefeitura Municipal de São Borja - RS,59768,Padrão,RS,4286117.23
DCA-Anexo I-D,2023,DESPESA,DCA-Anexo I-D,DO4.4.90.51.00.00,4318002,Despesas Liquidadas,4.4.90.51.00 - Obras e Instalações,2023,Prefeitura Municipal de São Borja - RS,59768,Padrão,RS,1935430.38
DCA-Anexo I-D,2023,DESPESA,DCA-Anexo I-D,DO4.4.90.51.00.00,4318002,Despesas Pagas,4.4.90.51.00 - Obras e Instalações,2023,Prefeitura Municipal de São Borja - RS,59768,Padrão,RS,1935430.38
DCA-Anexo I-D,2023,DESPESA,DCA-Anexo I-D,DO4.4.90.51.91.00,4318002,Despesas Empenhadas,4.4.90.51.91 - Obras em Andamento,2023,Prefeitura Municipal de São Borja - RS,59768,Padrão,RS,3813082.53
DCA-Anexo I-D,2023,DESPESA,DCA-Anexo I-D,DO4.4.90.51.91.00,4318002,Despesas Liquidadas,4.4.90.51.91 - Obras em Andamento,2023,Prefeitura Municipal de São Borja - RS,59768,Padrão,RS,1935430.38
DCA-Anexo I-D,2023,DESPESA,DCA-Anexo I-D,DO4.4.90.51.91.00,4318002,Despesas Pagas,4.4.90.51.91 - Obras em Andamento,2023,Prefeitura Municipal de São Borja - RS,59768,Padrão,RS,1935430.38
DCA-Anexo I-D,2023,DESPESA,DCA-Anexo I-D,DO4.4.90.51.99.00,4318002,Despesas Empenhadas,4.4.90.51.99 - Outras Obras e Instalações,2023,Prefeitura Municipal de São Borja - RS,59768,Padrão,RS,473034.7
DCA-Anexo I-D,2023,DESPESA,DCA-Anexo I-D,DO4.4.90.52.00.00,4318002,Despesas Empenhadas,4.4.90.52.00 - Equipamentos e Material Permanente,2023,Prefeitura Municipal de São Borja - RS,59768,Padrão,RS,2559639.4
DCA-Anexo I-D,2023,DESPESA,DCA-Anexo I-D,DO4.4.90.52.00.00,4318002,Despesas Liquidadas,4.4.90.52.00 - Equipamentos e Material Permanente,2023,Prefeitura Municipal de São Borja - RS,59768,Padrão,RS,2327034.33
DCA-Anexo I-D,2023,DESPESA,DCA-Anexo I-D,DO4.4.90.52.00.00,4318002,Despesas Pagas,4.4.90.52.00 - Equipamentos e Material Permanente,2023,Prefeitura Municipal de São Borja - RS,59768,Padrão,RS,2306663.33
DCA-Anexo I-D,2023,DESPESA,DCA-Anexo I-D,DO4.4.90.61.00.00,4318002,Despesas Empenhadas,4.4.90.61.00 - Aquisição de Imóveis,2023,Prefeitura Municipal de São Borja - RS,59768,Padrão,RS,38333
DCA-Anexo I-D,2023,DESPESA,DCA-Anexo I-D,DO4.4.90.61.00.00,4318002,Despesas Liquidadas,4.4.90.61.00 - Aquisição de Imóveis,2023,Prefeitura Municipal de São Borja - RS,59768,Padrão,RS,38333
DCA-Anexo I-D,2023,DESPESA,DCA-Anexo I-D,DO4.4.90.61.00.00,4318002,Despesas Pagas,4.4.90.61.00 - Aquisição de Imóveis,2023,Prefeitura Municipal de São Borja - RS,59768,Padrão,RS,38333
DCA-Anexo I-D,2023,DESPESA|DIVIDA,DCA-Anexo I-D,DO4.6.00.00.00.00,4318002,Despesas Empenhadas,4.6.00.00.00 - Amortização da Dívida,2023,Prefeitura Municipal de São Borja - RS,59768,Padrão,RS,9949627.52
DCA-Anexo I-D,2023,DESPESA|DIVIDA,DCA-Anexo I-D,DO4.6.00.00.00.00,4318002,Despesas Liquidadas,4.6.00.00.00 - Amortização da Dívida,2023,Prefeitura Municipal de São Borja - RS,59768,Padrão,RS,9949627.52
DCA-Anexo I-D,2023,DESPESA|DIVIDA,DCA-Anexo I-D,DO4.6.00.00.00.00,4318002,Despesas Pagas,4.6.00.00.00 - Amortização da Dívida,2023,Prefeitura Municipal de São Borja - RS,59768,Padrão,RS,9949627.52
DCA-Anexo I-D,2023,DESPESA,DCA-Anexo I-D,DO4.6.90.00.00.00,4318002,Despesas Empenhadas,4.6.90.00.00 - Aplicações Diretas,2023,Prefeitura Municipal de São Borja - RS,59768,Padrão,RS,3357107.19
DCA-Anexo I-D,2023,DESPESA,DCA-Anexo I-D,DO4.6.90.00.00.00,4318002,Despesas Liquidadas,4.6.90.00.00 - Aplicações Diretas,2023,Prefeitura Municipal de São Borja - RS,59768,Padrão,RS,3357107.19
DCA-Anexo I-D,2023,DESPESA,DCA-Anexo I-D,DO4.6.90.00.00.00,4318002,Despesas Pagas,4.6.90.00.00 - Aplicações Diretas,2023,Prefeitura Municipal de São Borja - RS,59768,Padrão,RS,3357107.19
DCA-Anexo I-D,2023,DESPESA|DIVIDA,DCA-Anexo I-D,DO4.6.90.71.00.00,4318002,Despesas Empenhadas,4.6.90.71.00 - Principal da Dívida Contratual Resgatado,2023,Prefeitura Municipal de São Borja - RS,59768,Padrão,RS,3357107.19
DCA-Anexo I-D,2023,DESPESA|DIVIDA,DCA-Anexo I-D,DO4.6.90.71.00.00,4318002,Despesas Liquidadas,4.6.90.71.00 - Principal da Dívida Contratual Resgatado,2023,Prefeitura Municipal de São Borja - RS,59768,Padrão,RS,3357107.19
DCA-Anexo I-D,2023,DESPESA|DIVIDA,DCA-Anexo I-D,DO4.6.90.71.00.00,4318002,Despesas Pagas,4.6.90.71.00 - Principal da Dívida Contratual Resgatado,2023,Prefeitura Municipal de São Borja - RS,59768,Padrão,RS,3357107.19
DCA-Anexo I-D,2023,DESPESA,DCA-Anexo I-D,DI4.6.91.00.00.00,4318002,Despesas Empenhadas,"4.6.91.00.00 - Aplicação direta decorrente de operação entre órgãos, fundos e entidades integrantes dos OFSS",2023,Prefeitura Municipal de São Borja - RS,59768,Padrão,RS,6592520.33
DCA-Anexo I-D,2023,DESPESA,DCA-Anexo I-D,DI4.6.91.00.00.00,4318002,Despesas Liquidadas,"4.6.91.00.00 - Aplicação direta decorrente de operação entre órgãos, fundos e entidades integrantes dos OFSS",2023,Prefeitura Municipal de São Borja - RS,59768,Padrão,RS,6592520.33
DCA-Anexo I-D,2023,DESPESA,DCA-Anexo I-D,DI4.6.91.00.00.00,4318002,Despesas Pagas,"4.6.91.00.00 - Aplicação direta decorrente de operação entre órgãos, fundos e entidades integrantes dos OFSS",2023,Prefeitura Municipal de São Borja - RS,59768,Padrão,RS,6592520.33
DCA-Anexo I-E,2023,DESPESA,DCA-Anexo I-E,TotalDespesas,4318002,Despesas Empenhadas,Despesas Exceto Intraorçamentárias,2023,Prefeitura Municipal de São Borja - RS,59768,Total Geral da Despesa por Função,RS,298225998.06
DCA-Anexo I-E,2023,DESPESA,DCA-Anexo I-E,TotalDespesas,4318002,Despesas Empenhadas,01 - Legislativa,2023,Prefeitura Municipal de São Borja - RS,59768,Total Geral da Despesa por Função,RS,8929483.91
DCA-Anexo I-E,2023,DESPESA,DCA-Anexo I-E,TotalDespesas,4318002,Despesas Empenhadas,01.031 - Ação Legislativa,2023,Prefeitura Municipal de São Borja - RS,59768,Total Geral da Despesa por Função,RS,8929483.91
DCA-Anexo I-E,2023,DESPESA,DCA-Anexo I-E,TotalDespesas,4318002,Despesas Empenhadas,04 - Administração,2023,Prefeitura Municipal de São Borja - RS,59768,Total Geral da Despesa por Função,RS,33314630.26
DCA-Anexo I-E,2023,DESPESA,DCA-Anexo I-E,TotalDespesas,4318002,Despesas Empenhadas,04.121 - Planejamento e Orçamento,2023,Prefeitura Municipal de São Borja - RS,59768,Total Geral da Despesa por Função,RS,4690209.74
DCA-Anexo I-E,2023,DESPESA,DCA-Anexo I-E,TotalDespesas,4318002,Despesas Empenhadas,04.122 - Administração Geral,2023,Prefeitura Municipal de São Borja - RS,59768,Total Geral da Despesa por Função,RS,24170198.77
DCA-Anexo I-E,2023,DESPESA,DCA-Anexo I-E,TotalDespesas,4318002,Despesas Empenhadas,04.123 - Administração Financeira,2023,Prefeitura Municipal de São Borja - RS,59768,Total Geral da Despesa por Função,RS,1778078.99
DCA-Anexo I-E,2023,DESPESA,DCA-Anexo I-E,TotalDespesas,4318002,Despesas Empenhadas,04.124 - Controle Interno,2023,Prefeitura Municipal de São Borja - RS,59768,Total Geral da Despesa por Função,RS,348373.92
DCA-Anexo I-E,2023,DESPESA,DCA-Anexo I-E,TotalDespesas,4318002,Despesas Empenhadas,04.126 - Tecnologia da Informação,2023,Prefeitura Municipal de São Borja - RS,59768,Total Geral da Despesa por Função,RS,355317.85
DCA-Anexo I-E,2023,DESPESA,DCA-Anexo I-E,TotalDespesas,4318002,Despesas Empenhadas,04.129 - Administração de Receitas,2023,Prefeitura Municipal de São Borja - RS,59768,Total Geral da Despesa por Função,RS,1940757.94
DCA-Anexo I-E,2023,DESPESA,DCA-Anexo I-E,TotalDespesas,4318002,Despesas Empenhadas,FU04 - Demais Subfunções,2023,Prefeitura Municipal de São Borja - RS,59768,Total Geral da Despesa por Função,RS,31693.05
DCA-Anexo I-E,2023,DESPESA,DCA-Anexo I-E,TotalDespesas,4318002,Despesas Empenhadas,06 - Segurança Pública,2023,Prefeitura Municipal de São Borja - RS,59768,Total Geral da Despesa por Função,RS,896277.87
DCA-Anexo I-E,2023,DESPESA,DCA-Anexo I-E,TotalDespesas,4318002,Despesas Empenhadas,06.181 - Policiamento,2023,Prefeitura Municipal de São Borja - RS,59768,Total Geral da Despesa por Função,RS,446748.87
DCA-Anexo I-E,2023,DESPESA,DCA-Anexo I-E,TotalDespesas,4318002,Despesas Empenhadas,06.182 - Defesa Civil,2023,Prefeitura Municipal de São Borja - RS,59768,Total Geral da Despesa por Função,RS,449529
DCA-Anexo I-E,2023,DESPESA,DCA-Anexo I-E,TotalDespesas,4318002,Despesas Empenhadas,08 - Assistência Social,2023,Prefeitura Municipal de São Borja - RS,59768,Total Geral da Despesa por Função,RS,9037259.71
DCA-Anexo I-E,2023,DESPESA,DCA-Anexo I-E,TotalDespesas,4318002,Despesas Empenhadas,08.241 - Assistência ao Idoso,2023,Prefeitura Municipal de São Borja - RS,59768,Total Geral da Despesa por Função,RS,160737.12
DCA-Anexo I-E,2023,DESPESA,DCA-Anexo I-E,TotalDespesas,4318002,Despesas Empenhadas,08.243 - Assistência à Criança e ao Adolescente,2023,Prefeitura Municipal de São Borja - RS,59768,Total Geral da Despesa por Função,RS,4538867.25
DCA-Anexo I-E,2023,DESPESA,DCA-Anexo I-E,TotalDespesas,4318002,Despesas Empenhadas,08.244 - Assistência Comunitária,2023,Prefeitura Municipal de São Borja - RS,59768,Total Geral da Despesa por Função,RS,3572285.17
DCA-Anexo I-E,2023,DESPESA,DCA-Anexo I-E,TotalDespesas,4318002,Despesas Empenhadas,08.122 - Administração Geral,2023,Prefeitura Municipal de São Borja - RS,59768,Total Geral da Despesa por Função,RS,765370.17
DCA-Anexo I-E,2023,DESPESA|PREVID,DCA-Anexo I-E,TotalDespesas,4318002,Despesas Empenhadas,09 - Previdência Social,2023,Prefeitura Municipal de São Borja - RS,59768,Total Geral da Despesa por Função,RS,39028115.18
DCA-Anexo I-E,2023,DESPESA|PREVID,DCA-Anexo I-E,TotalDespesas,4318002,Despesas Empenhadas,09.272 - Previdência do Regime Estatutário,2023,Prefeitura Municipal de São Borja - RS,59768,Total Geral da Despesa por Função,RS,38634730.3
DCA-Anexo I-E,2023,DESPESA,DCA-Anexo I-E,TotalDespesas,4318002,Despesas Empenhadas,09.122 - Administração Geral,2023,Prefeitura Municipal de São Borja - RS,59768,Total Geral da Despesa por Função,RS,393384.88
DCA-Anexo I-E,2023,DESPESA,DCA-Anexo I-E,TotalDespesas,4318002,Despesas Empenhadas,10 - Saúde,2023,Prefeitura Municipal de São Borja - RS,59768,Total Geral da Despesa por Função,RS,101808025.95
DCA-Anexo I-E,2023,DESPESA,DCA-Anexo I-E,TotalDespesas,4318002,Despesas Empenhadas,10.301 - Atenção Básica,2023,Prefeitura Municipal de São Borja - RS,59768,Total Geral da Despesa por Função,RS,38753488.72
DCA-Anexo I-E,2023,DESPESA,DCA-Anexo I-E,TotalDespesas,4318002,Despesas Empenhadas,10.302 - Assistência Hospitalar e Ambulatorial,2023,Prefeitura Municipal de São Borja - RS,59768,Total Geral da Despesa por Função,RS,57412949.41
DCA-Anexo I-E,2023,DESPESA,DCA-Anexo I-E,TotalDespesas,4318002,Despesas Empenhadas,10.303 - Suporte Profilático e Terapêutico,2023,Prefeitura Municipal de São Borja - RS,59768,Total Geral da Despesa por Função,RS,858889.88
DCA-Anexo I-E,2023,DESPESA,DCA-Anexo I-E,TotalDespesas,4318002,Despesas Empenhadas,10.304 - Vigilância Sanitária,2023,Prefeitura Municipal de São Borja - RS,59768,Total Geral da Despesa por Função,RS,1027602.76
DCA-Anexo I-E,2023,DESPESA,DCA-Anexo I-E,TotalDespesas,4318002,Despesas Empenhadas,10.122 - Administração Geral,2023,Prefeitura Municipal de São Borja - RS,59768,Total Geral da Despesa por Função,RS,3755095.18
DCA-Anexo I-E,2023,DESPESA,DCA-Anexo I-E,TotalDespesas,4318002,Despesas Empenhadas,11 - Trabalho,2023,Prefeitura Municipal de São Borja - RS,59768,Total Geral da Despesa por Função,RS,301.3
DCA-Anexo I-E,2023,DESPESA,DCA-Anexo I-E,TotalDespesas,4318002,Despesas Empenhadas,11.334 - Fomento ao Trabalho,2023,Prefeitura Municipal de São Borja - RS,59768,Total Geral da Despesa por Função,RS,301.3
DCA-Anexo I-E,2023,DESPESA,DCA-Anexo I-E,TotalDespesas,4318002,Despesas Empenhadas,12 - Educação,2023,Prefeitura Municipal de São Borja - RS,59768,Total Geral da Despesa por Função,RS,68125640.73
DCA-Anexo I-E,2023,DESPESA,DCA-Anexo I-E,TotalDespesas,4318002,Despesas Empenhadas,12.361 - Ensino Fundamental,2023,Prefeitura Municipal de São Borja - RS,59768,Total Geral da Despesa por Função,RS,52050057.59
DCA-Anexo I-E,2023,DESPESA,DCA-Anexo I-E,TotalDespesas,4318002,Despesas Empenhadas,12.362 - Ensino Médio,2023,Prefeitura Municipal de São Borja - RS,59768,Total Geral da Despesa por Função,RS,1472264.09
DCA-Anexo I-E,2023,DESPESA,DCA-Anexo I-E,TotalDespesas,4318002,Despesas Empenhadas,12.365 - Educação Infantil,2023,Prefeitura Municipal de São Borja - RS,59768,Total Geral da Despesa por Função,RS,8538483.09
DCA-Anexo I-E,2023,DESPESA,DCA-Anexo I-E,TotalDespesas,4318002,Despesas Empenhadas,12.366 - Educação de Jovens e Adultos,2023,Prefeitura Municipal de São Borja - RS,59768,Total Geral da Despesa por Função,RS,496601.69
DCA-Anexo I-E,2023,DESPESA,DCA-Anexo I-E,TotalDespesas,4318002,Despesas Empenhadas,12.367 - Educação Especial,2023,Prefeitura Municipal de São Borja - RS,59768,Total Geral da Despesa por Função,RS,500000
DCA-Anexo I-E,2023,DESPESA,DCA-Anexo I-E,TotalDespesas,4318002,Despesas Empenhadas,12.122 - Administração Geral,2023,Prefeitura Municipal de São Borja - RS,59768,Total Geral da Despesa por Função,RS,5068234.27
DCA-Anexo I-E,2023,DESPESA,DCA-Anexo I-E,TotalDespesas,4318002,Despesas Empenhadas,13 - Cultura,2023,Prefeitura Municipal de São Borja - RS,59768,Total Geral da Despesa por Função,RS,957269.42
DCA-Anexo I-E,2023,DESPESA,DCA-Anexo I-E,TotalDespesas,4318002,Despesas Empenhadas,13.392 - Difusão Cultural,2023,Prefeitura Municipal de São Borja - RS,59768,Total Geral da Despesa por Função,RS,957269.42
DCA-Anexo I-E,2023,DESPESA,DCA-Anexo I-E,TotalDespesas,4318002,Despesas Empenhadas,14 - Direitos da Cidadania,2023,Prefeitura Municipal de São Borja - RS,59768,Total Geral da Despesa por Função,RS,43909.63
DCA-Anexo I-E,2023,DESPESA,DCA-Anexo I-E,TotalDespesas,4318002,Despesas Empenhadas,"14.422 - Direitos Individuais, Coletivos e Difusos",2023,Prefeitura Municipal de São Borja - RS,59768,Total Geral da Despesa por Função,RS,1729.95
DCA-Anexo I-E,2023,DESPESA,DCA-Anexo I-E,TotalDespesas,4318002,Despesas Empenhadas,FU14 - Demais Subfunções,2023,Prefeitura Municipal de São Borja - RS,59768,Total Geral da Despesa por Função,RS,42179.68
DCA-Anexo I-E,2023,DESPESA,DCA-Anexo I-E,TotalDespesas,4318002,Despesas Empenhadas,15 - Urbanismo,2023,Prefeitura Municipal de São Borja - RS,59768,Total Geral da Despesa por Função,RS,17054318.04
DCA-Anexo I-E,2023,DESPESA,DCA-Anexo I-E,TotalDespesas,4318002,Despesas Empenhadas,15.451 - Infraestrutura Urbana,2023,Prefeitura Municipal de São Borja - RS,59768,Total Geral da Despesa por Função,RS,4882146.36
DCA-Anexo I-E,2023,DESPESA,DCA-Anexo I-E,TotalDespesas,4318002,Despesas Empenhadas,15.452 - Serviços Urbanos,2023,Prefeitura Municipal de São Borja - RS,59768,Total Geral da Despesa por Função,RS,11277171.68
DCA-Anexo I-E,2023,DESPESA,DCA-Anexo I-E,TotalDespesas,4318002,Despesas Empenhadas,15.453 - Transportes Coletivos Urbanos,2023,Prefeitura Municipal de São Borja - RS,59768,Total Geral da Despesa por Função,RS,895000
DCA-Anexo I-E,2023,DESPESA,DCA-Anexo I-E,TotalDespesas,4318002,Despesas Empenhadas,16 - Habitação,2023,Prefeitura Municipal de São Borja - RS,59768,Total Geral da Despesa por Função,RS,534482.25
DCA-Anexo I-E,2023,DESPESA,DCA-Anexo I-E,TotalDespesas,4318002,Despesas Empenhadas,16.482 - Habitação Urbana,2023,Prefeitura Municipal de São Borja - RS,59768,Total Geral da Despesa por Função,RS,534482.25
DCA-Anexo I-E,2023,DESPESA,DCA-Anexo I-E,TotalDespesas,4318002,Despesas Empenhadas,17 - Saneamento,2023,Prefeitura Municipal de São Borja - RS,59768,Total Geral da Despesa por Função,RS,46078
DCA-Anexo I-E,2023,DESPESA,DCA-Anexo I-E,TotalDespesas,4318002,Despesas Empenhadas,17.511 - Saneamento Básico Rural,2023,Prefeitura Municipal de São Borja - RS,59768,Total Geral da Despesa por Função,RS,46078
DCA-Anexo I-E,2023,DESPESA,DCA-Anexo I-E,TotalDespesas,4318002,Despesas Empenhadas,18 - Gestão Ambiental,2023,Prefeitura Municipal de São Borja - RS,59768,Total Geral da Despesa por Função,RS,66575.43
DCA-Anexo I-E,2023,DESPESA,DCA-Anexo I-E,TotalDespesas,4318002,Despesas Empenhadas,18.541 - Preservação e Conservação Ambiental,2023,Prefeitura Municipal de São Borja - RS,59768,Total Geral da Despesa por Função,RS,66575.43
DCA-Anexo I-E,2023,DESPESA,DCA-Anexo I-E,TotalDespesas,4318002,Despesas Empenhadas,20 - Agricultura,2023,Prefeitura Municipal de São Borja - RS,59768,Total Geral da Despesa por Função,RS,234734.3
DCA-Anexo I-E,2023,DESPESA,DCA-Anexo I-E,TotalDespesas,4318002,Despesas Empenhadas,20.606 - Extensão Rural,2023,Prefeitura Municipal de São Borja - RS,59768,Total Geral da Despesa por Função,RS,227210.3
DCA-Anexo I-E,2023,DESPESA,DCA-Anexo I-E,TotalDespesas,4318002,Despesas Empenhadas,20.122 - Administração Geral,2023,Prefeitura Municipal de São Borja - RS,59768,Total Geral da Despesa por Função,RS,7524
DCA-Anexo I-E,2023,DESPESA,DCA-Anexo I-E,TotalDespesas,4318002,Despesas Empenhadas,23 - Comércio e Serviços,2023,Prefeitura Municipal de São Borja - RS,59768,Total Geral da Despesa por Função,RS,391944.83
DCA-Anexo I-E,2023,DESPESA,DCA-Anexo I-E,TotalDespesas,4318002,Despesas Empenhadas,23.695 - Turismo,2023,Prefeitura Municipal de São Borja - RS,59768,Total Geral da Despesa por Função,RS,391944.83
DCA-Anexo I-E,2023,DESPESA,DCA-Anexo I-E,TotalDespesas,4318002,Despesas Empenhadas,26 - Transporte,2023,Prefeitura Municipal de São Borja - RS,59768,Total Geral da Despesa por Função,RS,577225.66
DCA-Anexo I-E,2023,DESPESA,DCA-Anexo I-E,TotalDespesas,4318002,Despesas Empenhadas,26.781 - Transporte Aéreo,2023,Prefeitura Municipal de São Borja - RS,59768,Total Geral da Despesa por Função,RS,414032.9
DCA-Anexo I-E,2023,DESPESA,DCA-Anexo I-E,TotalDespesas,4318002,Despesas Empenhadas,26.782 - Transporte Rodoviário,2023,Prefeitura Municipal de São Borja - RS,59768,Total Geral da Despesa por Função,RS,163192.76
DCA-Anexo I-E,2023,DESPESA,DCA-Anexo I-E,TotalDespesas,4318002,Despesas Empenhadas,27 - Desporto e Lazer,2023,Prefeitura Municipal de São Borja - RS,59768,Total Geral da Despesa por Função,RS,1479421.25
DCA-Anexo I-E,2023,DESPESA,DCA-Anexo I-E,TotalDespesas,4318002,Despesas Empenhadas,27.811 - Desporto de Rendimento,2023,Prefeitura Municipal de São Borja - RS,59768,Total Geral da Despesa por Função,RS,18074.2
DCA-Anexo I-E,2023,DESPESA,DCA-Anexo I-E,TotalDespesas,4318002,Despesas Empenhadas,27.812 - Desporto Comunitário,2023,Prefeitura Municipal de São Borja - RS,59768,Total Geral da Despesa por Função,RS,1461347.05
DCA-Anexo I-E,2023,DESPESA,DCA-Anexo I-E,TotalDespesas,4318002,Despesas Empenhadas,28 - Encargos Especiais,2023,Prefeitura Municipal de São Borja - RS,59768,Total Geral da Despesa por Função,RS,15700304.34
DCA-Anexo I-E,2023,DESPESA|DIVIDA,DCA-Anexo I-E,TotalDespesas,4318002,Despesas Empenhadas,28.843 - Serviço da Dívida Interna,2023,Prefeitura Municipal de São Borja - RS,59768,Total Geral da Despesa por Função,RS,15700304.34
DCA-Anexo I-E,2023,DESPESA,DCA-Anexo I-E,TotalDespesas,4318002,Despesas Empenhadas,Despesas Intraorçamentárias,2023,Prefeitura Municipal de São Borja - RS,59768,Total Geral da Despesa por Função,RS,31224955.16
DCA-Anexo I-E,2023,DESPESA,DCA-Anexo I-E,TotalDespesas,4318002,Despesas Liquidadas,Despesas Exceto Intraorçamentárias,2023,Prefeitura Municipal de São Borja - RS,59768,Total Geral da Despesa por Função,RS,288447803.3
DCA-Anexo I-E,2023,DESPESA,DCA-Anexo I-E,TotalDespesas,4318002,Despesas Liquidadas,01 - Legislativa,2023,Prefeitura Municipal de São Borja - RS,59768,Total Geral da Despesa por Função,RS,8605807.98
DCA-Anexo I-E,2023,DESPESA,DCA-Anexo I-E,TotalDespesas,4318002,Despesas Liquidadas,01.031 - Ação Legislativa,2023,Prefeitura Municipal de São Borja - RS,59768,Total Geral da Despesa por Função,RS,8605807.98
DCA-Anexo I-E,2023,DESPESA,DCA-Anexo I-E,TotalDespesas,4318002,Despesas Liquidadas,04 - Administração,2023,Prefeitura Municipal de São Borja - RS,59768,Total Geral da Despesa por Função,RS,32384066.23
DCA-Anexo I-E,2023,DESPESA,DCA-Anexo I-E,TotalDespesas,4318002,Despesas Liquidadas,04.121 - Planejamento e Orçamento,2023,Prefeitura Municipal de São Borja - RS,59768,Total Geral da Despesa por Função,RS,4655276.83
DCA-Anexo I-E,2023,DESPESA,DCA-Anexo I-E,TotalDespesas,4318002,Despesas Liquidadas,04.122 - Administração Geral,2023,Prefeitura Municipal de São Borja - RS,59768,Total Geral da Despesa por Função,RS,23419836.04
DCA-Anexo I-E,2023,DESPESA,DCA-Anexo I-E,TotalDespesas,4318002,Despesas Liquidadas,04.123 - Administração Financeira,2023,Prefeitura Municipal de São Borja - RS,59768,Total Geral da Despesa por Função,RS,1763556.03
DCA-Anexo I-E,2023,DESPESA,DCA-Anexo I-E,TotalDespesas,4318002,Despesas Liquidadas,04.124 - Controle Interno,2023,Prefeitura Municipal de São Borja - RS,59768,Total Geral da Despesa por Função,RS,348373.92
DCA-Anexo I-E,2023,DESPESA,DCA-Anexo I-E,TotalDespesas,4318002,Despesas Liquidadas,04.126 - Tecnologia da Informação,2023,Prefeitura Municipal de São Borja - RS,59768,Total Geral da Despesa por Função,RS,334752.35
DCA-Anexo I-E,2023,DESPESA,DCA-Anexo I-E,TotalDespesas,4318002,Despesas Liquidadas,04.129 - Administração de Receitas,2023,Prefeitura Municipal de São Borja - RS,59768,Total Geral da Despesa por Função,RS,1844291.75
DCA-Anexo I-E,2023,DESPESA,DCA-Anexo I-E,TotalDespesas,4318002,Despesas Liquidadas,FU04 - Demais Subfunções,2023,Prefeitura Municipal de São Borja - RS,59768,Total Geral da Despesa por Função,RS,17979.31
DCA-Anexo I-E,2023,DESPESA,DCA-Anexo I-E,TotalDespesas,4318002,Despesas Liquidadas,06 - Segurança Pública,2023,Prefeitura Municipal de São Borja - RS,59768,Total Geral da Despesa por Função,RS,859528.61
DCA-Anexo I-E,2023,DESPESA,DCA-Anexo I-E,TotalDespesas,4318002,Despesas Liquidadas,06.181 - Policiamento,2023,Prefeitura Municipal de São Borja - RS,59768,Total Geral da Despesa por Função,RS,413919.61
DCA-Anexo I-E,2023,DESPESA,DCA-Anexo I-E,TotalDespesas,4318002,Despesas Liquidadas,06.182 - Defesa Civil,2023,Prefeitura Municipal de São Borja - RS,59768,Total Geral da Despesa por Função,RS,445609
DCA-Anexo I-E,2023,DESPESA,DCA-Anexo I-E,TotalDespesas,4318002,Despesas Liquidadas,08 - Assistência Social,2023,Prefeitura Municipal de São Borja - RS,59768,Total Geral da Despesa por Função,RS,8788778.84
DCA-Anexo I-E,2023,DESPESA,DCA-Anexo I-E,TotalDespesas,4318002,Despesas Liquidadas,08.241 - Assistência ao Idoso,2023,Prefeitura Municipal de São Borja - RS,59768,Total Geral da Despesa por Função,RS,160737.12
DCA-Anexo I-E,2023,DESPESA,DCA-Anexo I-E,TotalDespesas,4318002,Despesas Liquidadas,08.243 - Assistência à Criança e ao Adolescente,2023,Prefeitura Municipal de São Borja - RS,59768,Total Geral da Despesa por Função,RS,4465787.95
DCA-Anexo I-E,2023,DESPESA,DCA-Anexo I-E,TotalDespesas,4318002,Despesas Liquidadas,08.244 - Assistência Comunitária,2023,Prefeitura Municipal de São Borja - RS,59768,Total Geral da Despesa por Função,RS,3396883.6
DCA-Anexo I-E,2023,DESPESA,DCA-Anexo I-E,TotalDespesas,4318002,Despesas Liquidadas,08.122 - Administração Geral,2023,Prefeitura Municipal de São Borja - RS,59768,Total Geral da Despesa por Função,RS,765370.17
DCA-Anexo I-E,2023,DESPESA|PREVID,DCA-Anexo I-E,TotalDespesas,4318002,Despesas Liquidadas,09 - Previdência Social,2023,Prefeitura Municipal de São Borja - RS,59768,Total Geral da Despesa por Função,RS,39028115.18
DCA-Anexo I-E,2023,DESPESA|PREVID,DCA-Anexo I-E,TotalDespesas,4318002,Despesas Liquidadas,09.272 - Previdência do Regime Estatutário,2023,Prefeitura Municipal de São Borja - RS,59768,Total Geral da Despesa por Função,RS,38634730.3
DCA-Anexo I-E,2023,DESPESA,DCA-Anexo I-E,TotalDespesas,4318002,Despesas Liquidadas,09.122 - Administração Geral,2023,Prefeitura Municipal de São Borja - RS,59768,Total Geral da Despesa por Função,RS,393384.88
DCA-Anexo I-E,2023,DESPESA,DCA-Anexo I-E,TotalDespesas,4318002,Despesas Liquidadas,10 - Saúde,2023,Prefeitura Municipal de São Borja - RS,59768,Total Geral da Despesa por Função,RS,98319112.32
DCA-Anexo I-E,2023,DESPESA,DCA-Anexo I-E,TotalDespesas,4318002,Despesas Liquidadas,10.301 - Atenção Básica,2023,Prefeitura Municipal de São Borja - RS,59768,Total Geral da Despesa por Função,RS,37977987.11
DCA-Anexo I-E,2023,DESPESA,DCA-Anexo I-E,TotalDespesas,4318002,Despesas Liquidadas,10.302 - Assistência Hospitalar e Ambulatorial,2023,Prefeitura Municipal de São Borja - RS,59768,Total Geral da Despesa por Função,RS,54715244.02
DCA-Anexo I-E,2023,DESPESA,DCA-Anexo I-E,TotalDespesas,4318002,Despesas Liquidadas,10.303 - Suporte Profilático e Terapêutico,2023,Prefeitura Municipal de São Borja - RS,59768,Total Geral da Despesa por Função,RS,858341.53
DCA-Anexo I-E,2023,DESPESA,DCA-Anexo I-E,TotalDespesas,4318002,Despesas Liquidadas,10.304 - Vigilância Sanitária,2023,Prefeitura Municipal de São Borja - RS,59768,Total Geral da Despesa por Função,RS,1027602.76
DCA-Anexo I-E,2023,DESPESA,DCA-Anexo I-E,TotalDespesas,4318002,Despesas Liquidadas,10.122 - Administração Geral,2023,Prefeitura Municipal de São Borja - RS,59768,Total Geral da Despesa por Função,RS,3739936.9
DCA-Anexo I-E,2023,DESPESA,DCA-Anexo I-E,TotalDespesas,4318002,Despesas Liquidadas,11 - Trabalho,2023,Prefeitura Municipal de São Borja - RS,59768,Total Geral da Despesa por Função,RS,301.3
DCA-Anexo I-E,2023,DESPESA,DCA-Anexo I-E,TotalDespesas,4318002,Despesas Liquidadas,11.334 - Fomento ao Trabalho,2023,Prefeitura Municipal de São Borja - RS,59768,Total Geral da Despesa por Função,RS,301.3
DCA-Anexo I-E,2023,DESPESA,DCA-Anexo I-E,TotalDespesas,4318002,Despesas Liquidadas,12 - Educação,2023,Prefeitura Municipal de São Borja - RS,59768,Total Geral da Despesa por Função,RS,67305393.2
DCA-Anexo I-E,2023,DESPESA,DCA-Anexo I-E,TotalDespesas,4318002,Despesas Liquidadas,12.361 - Ensino Fundamental,2023,Prefeitura Municipal de São Borja - RS,59768,Total Geral da Despesa por Função,RS,51833052.84
DCA-Anexo I-E,2023,DESPESA,DCA-Anexo I-E,TotalDespesas,4318002,Despesas Liquidadas,12.362 - Ensino Médio,2023,Prefeitura Municipal de São Borja - RS,59768,Total Geral da Despesa por Função,RS,1425634.51
DCA-Anexo I-E,2023,DESPESA,DCA-Anexo I-E,TotalDespesas,4318002,Despesas Liquidadas,12.365 - Educação Infantil,2023,Prefeitura Municipal de São Borja - RS,59768,Total Geral da Despesa por Função,RS,8058733.94
DCA-Anexo I-E,2023,DESPESA,DCA-Anexo I-E,TotalDespesas,4318002,Despesas Liquidadas,12.366 - Educação de Jovens e Adultos,2023,Prefeitura Municipal de São Borja - RS,59768,Total Geral da Despesa por Função,RS,447603.95
DCA-Anexo I-E,2023,DESPESA,DCA-Anexo I-E,TotalDespesas,4318002,Despesas Liquidadas,12.367 - Educação Especial,2023,Prefeitura Municipal de São Borja - RS,59768,Total Geral da Despesa por Função,RS,500000
DCA-Anexo I-E,2023,DESPESA,DCA-Anexo I-E,TotalDespesas,4318002,Despesas Liquidadas,12.122 - Administração Geral,2023,Prefeitura Municipal de São Borja - RS,59768,Total Geral da Despesa por Função,RS,5040367.96
DCA-Anexo I-E,2023,DESPESA,DCA-Anexo I-E,TotalDespesas,4318002,Despesas Liquidadas,13 - Cultura,2023,Prefeitura Municipal de São Borja - RS,59768,Total Geral da Despesa por Função,RS,944739.05
DCA-Anexo I-E,2023,DESPESA,DCA-Anexo I-E,TotalDespesas,4318002,Despesas Liquidadas,13.392 - Difusão Cultural,2023,Prefeitura Municipal de São Borja - RS,59768,Total Geral da Despesa por Função,RS,944739.05
DCA-Anexo I-E,2023,DESPESA,DCA-Anexo I-E,TotalDespesas,4318002,Despesas Liquidadas,14 - Direitos da Cidadania,2023,Prefeitura Municipal de São Borja - RS,59768,Total Geral da Despesa por Função,RS,19678.01
DCA-Anexo I-E,2023,DESPESA,DCA-Anexo I-E,TotalDespesas,4318002,Despesas Liquidadas,"14.422 - Direitos Individuais, Coletivos e Difusos",2023,Prefeitura Municipal de São Borja - RS,59768,Total Geral da Despesa por Função,RS,1486.46
DCA-Anexo I-E,2023,DESPESA,DCA-Anexo I-E,TotalDespesas,4318002,Despesas Liquidadas,FU14 - Demais Subfunções,2023,Prefeitura Municipal de São Borja - RS,59768,Total Geral da Despesa por Função,RS,18191.55
DCA-Anexo I-E,2023,DESPESA,DCA-Anexo I-E,TotalDespesas,4318002,Despesas Liquidadas,15 - Urbanismo,2023,Prefeitura Municipal de São Borja - RS,59768,Total Geral da Despesa por Função,RS,14133171.97
DCA-Anexo I-E,2023,DESPESA,DCA-Anexo I-E,TotalDespesas,4318002,Despesas Liquidadas,15.451 - Infraestrutura Urbana,2023,Prefeitura Municipal de São Borja - RS,59768,Total Geral da Despesa por Função,RS,4232409.27
DCA-Anexo I-E,2023,DESPESA,DCA-Anexo I-E,TotalDespesas,4318002,Despesas Liquidadas,15.452 - Serviços Urbanos,2023,Prefeitura Municipal de São Borja - RS,59768,Total Geral da Despesa por Função,RS,9005762.7
DCA-Anexo I-E,2023,DESPESA,DCA-Anexo I-E,TotalDespesas,4318002,Despesas Liquidadas,15.453 - Transportes Coletivos Urbanos,2023,Prefeitura Municipal de São Borja - RS,59768,Total Geral da Despesa por Função,RS,895000
DCA-Anexo I-E,2023,DESPESA,DCA-Anexo I-E,TotalDespesas,4318002,Despesas Liquidadas,16 - Habitação,2023,Prefeitura Municipal de São Borja - RS,59768,Total Geral da Despesa por Função,RS,534482.25
DCA-Anexo I-E,2023,DESPESA,DCA-Anexo I-E,TotalDespesas,4318002,Despesas Liquidadas,16.482 - Habitação Urbana,2023,Prefeitura Municipal de São Borja - RS,59768,Total Geral da Despesa por Função,RS,534482.25
DCA-Anexo I-E,2023,DESPESA,DCA-Anexo I-E,TotalDespesas,4318002,Despesas Liquidadas,17 - Saneamento,2023,Prefeitura Municipal de São Borja - RS,59768,Total Geral da Despesa por Função,RS,46078
DCA-Anexo I-E,2023,DESPESA,DCA-Anexo I-E,TotalDespesas,4318002,Despesas Liquidadas,17.511 - Saneamento Básico Rural,2023,Prefeitura Municipal de São Borja - RS,59768,Total Geral da Despesa por Função,RS,46078
DCA-Anexo I-E,2023,DESPESA,DCA-Anexo I-E,TotalDespesas,4318002,Despesas Liquidadas,18 - Gestão Ambiental,2023,Prefeitura Municipal de São Borja - RS,59768,Total Geral da Despesa por Função,RS,65193.83
DCA-Anexo I-E,2023,DESPESA,DCA-Anexo I-E,TotalDespesas,4318002,Despesas Liquidadas,18.541 - Preservação e Conservação Ambiental,2023,Prefeitura Municipal de São Borja - RS,59768,Total Geral da Despesa por Função,RS,65193.83
DCA-Anexo I-E,2023,DESPESA,DCA-Anexo I-E,TotalDespesas,4318002,Despesas Liquidadas,20 - Agricultura,2023,Prefeitura Municipal de São Borja - RS,59768,Total Geral da Despesa por Função,RS,115448.75
DCA-Anexo I-E,2023,DESPESA,DCA-Anexo I-E,TotalDespesas,4318002,Despesas Liquidadas,20.606 - Extensão Rural,2023,Prefeitura Municipal de São Borja - RS,59768,Total Geral da Despesa por Função,RS,107924.75
DCA-Anexo I-E,2023,DESPESA,DCA-Anexo I-E,TotalDespesas,4318002,Despesas Liquidadas,20.122 - Administração Geral,2023,Prefeitura Municipal de São Borja - RS,59768,Total Geral da Despesa por Função,RS,7524
DCA-Anexo I-E,2023,DESPESA,DCA-Anexo I-E,TotalDespesas,4318002,Despesas Liquidadas,23 - Comércio e Serviços,2023,Prefeitura Municipal de São Borja - RS,59768,Total Geral da Despesa por Função,RS,381944.83
DCA-Anexo I-E,2023,DESPESA,DCA-Anexo I-E,TotalDespesas,4318002,Despesas Liquidadas,23.695 - Turismo,2023,Prefeitura Municipal de São Borja - RS,59768,Total Geral da Despesa por Função,RS,381944.83
DCA-Anexo I-E,2023,DESPESA,DCA-Anexo I-E,TotalDespesas,4318002,Despesas Liquidadas,26 - Transporte,2023,Prefeitura Municipal de São Borja - RS,59768,Total Geral da Despesa por Função,RS,545037.68
DCA-Anexo I-E,2023,DESPESA,DCA-Anexo I-E,TotalDespesas,4318002,Despesas Liquidadas,26.781 - Transporte Aéreo,2023,Prefeitura Municipal de São Borja - RS,59768,Total Geral da Despesa por Função,RS,401456.97
DCA-Anexo I-E,2023,DESPESA,DCA-Anexo I-E,TotalDespesas,4318002,Despesas Liquidadas,26.782 - Transporte Rodoviário,2023,Prefeitura Municipal de São Borja - RS,59768,Total Geral da Despesa por Função,RS,143580.71
DCA-Anexo I-E,2023,DESPESA,DCA-Anexo I-E,TotalDespesas,4318002,Despesas Liquidadas,27 - Desporto e Lazer,2023,Prefeitura Municipal de São Borja - RS,59768,Total Geral da Despesa por Função,RS,670620.93
DCA-Anexo I-E,2023,DESPESA,DCA-Anexo I-E,TotalDespesas,4318002,Despesas Liquidadas,27.811 - Desporto de Rendimento,2023,Prefeitura Municipal de São Borja - RS,59768,Total Geral da Despesa por Função,RS,7810
DCA-Anexo I-E,2023,DESPESA,DCA-Anexo I-E,TotalDespesas,4318002,Despesas Liquidadas,27.812 - Desporto Comunitário,2023,Prefeitura Municipal de São Borja - RS,59768,Total Geral da Despesa por Função,RS,662810.93
DCA-Anexo I-E,2023,DESPESA,DCA-Anexo I-E,TotalDespesas,4318002,Despesas Liquidadas,28 - Encargos Especiais,2023,Prefeitura Municipal de São Borja - RS,59768,Total Geral da Despesa por Função,RS,15700304.34
DCA-Anexo I-E,2023,DESPESA|DIVIDA,DCA-Anexo I-E,TotalDespesas,4318002,Despesas Liquidadas,28.843 - Serviço da Dívida Interna,2023,Prefeitura Municipal de São Borja - RS,59768,Total Geral da Despesa por Função,RS,15700304.34
DCA-Anexo I-E,2023,DESPESA,DCA-Anexo I-E,TotalDespesas,4318002,Despesas Liquidadas,Despesas Intraorçamentárias,2023,Prefeitura Municipal de São Borja - RS,59768,Total Geral da Despesa por Função,RS,31186526.89
DCA-Anexo I-E,2023,DESPESA,DCA-Anexo I-E,TotalDespesas,4318002,Despesas Pagas,Despesas Exceto Intraorçamentárias,2023,Prefeitura Municipal de São Borja - RS,59768,Total Geral da Despesa por Função,RS,285790116.43
DCA-Anexo I-E,2023,DESPESA,DCA-Anexo I-E,TotalDespesas,4318002,Despesas Pagas,01 - Legislativa,2023,Prefeitura Municipal de São Borja - RS,59768,Total Geral da Despesa por Função,RS,8605807.98
DCA-Anexo I-E,2023,DESPESA,DCA-Anexo I-E,TotalDespesas,4318002,Despesas Pagas,01.031 - Ação Legislativa,2023,Prefeitura Municipal de São Borja - RS,59768,Total Geral da Despesa por Função,RS,8605807.98
DCA-Anexo I-E,2023,DESPESA,DCA-Anexo I-E,TotalDespesas,4318002,Despesas Pagas,04 - Administração,2023,Prefeitura Municipal de São Borja - RS,59768,Total Geral da Despesa por Função,RS,32062895.44
DCA-Anexo I-E,2023,DESPESA,DCA-Anexo I-E,TotalDespesas,4318002,Despesas Pagas,04.121 - Planejamento e Orçamento,2023,Prefeitura Municipal de São Borja - RS,59768,Total Geral da Despesa por Função,RS,4616996.63
DCA-Anexo I-E,2023,DESPESA,DCA-Anexo I-E,TotalDespesas,4318002,Despesas Pagas,04.122 - Administração Geral,2023,Prefeitura Municipal de São Borja - RS,59768,Total Geral da Despesa por Função,RS,23159400.58
DCA-Anexo I-E,2023,DESPESA,DCA-Anexo I-E,TotalDespesas,4318002,Despesas Pagas,04.123 - Administração Financeira,2023,Prefeitura Municipal de São Borja - RS,59768,Total Geral da Despesa por Função,RS,1750736.08
DCA-Anexo I-E,2023,DESPESA,DCA-Anexo I-E,TotalDespesas,4318002,Despesas Pagas,04.124 - Controle Interno,2023,Prefeitura Municipal de São Borja - RS,59768,Total Geral da Despesa por Função,RS,348063.01
DCA-Anexo I-E,2023,DESPESA,DCA-Anexo I-E,TotalDespesas,4318002,Despesas Pagas,04.126 - Tecnologia da Informação,2023,Prefeitura Municipal de São Borja - RS,59768,Total Geral da Despesa por Função,RS,334376.99
DCA-Anexo I-E,2023,DESPESA,DCA-Anexo I-E,TotalDespesas,4318002,Despesas Pagas,04.129 - Administração de Receitas,2023,Prefeitura Municipal de São Borja - RS,59768,Total Geral da Despesa por Função,RS,1835342.84
DCA-Anexo I-E,2023,DESPESA,DCA-Anexo I-E,TotalDespesas,4318002,Despesas Pagas,FU04 - Demais Subfunções,2023,Prefeitura Municipal de São Borja - RS,59768,Total Geral da Despesa por Função,RS,17979.31
DCA-Anexo I-E,2023,DESPESA,DCA-Anexo I-E,TotalDespesas,4318002,Despesas Pagas,06 - Segurança Pública,2023,Prefeitura Municipal de São Borja - RS,59768,Total Geral da Despesa por Função,RS,857108.72
DCA-Anexo I-E,2023,DESPESA,DCA-Anexo I-E,TotalDespesas,4318002,Despesas Pagas,06.181 - Policiamento,2023,Prefeitura Municipal de São Borja - RS,59768,Total Geral da Despesa por Função,RS,411499.72
DCA-Anexo I-E,2023,DESPESA,DCA-Anexo I-E,TotalDespesas,4318002,Despesas Pagas,06.182 - Defesa Civil,2023,Prefeitura Municipal de São Borja - RS,59768,Total Geral da Despesa por Função,RS,445609
DCA-Anexo I-E,2023,DESPESA,DCA-Anexo I-E,TotalDespesas,4318002,Despesas Pagas,08 - Assistência Social,2023,Prefeitura Municipal de São Borja - RS,59768,Total Geral da Despesa por Função,RS,8716681.75
DCA-Anexo I-E,2023,DESPESA,DCA-Anexo I-E,TotalDespesas,4318002,Despesas Pagas,08.241 - Assistência ao Idoso,2023,Prefeitura Municipal de São Borja - RS,59768,Total Geral da Despesa por Função,RS,160737.12
DCA-Anexo I-E,2023,DESPESA,DCA-Anexo I-E,TotalDespesas,4318002,Despesas Pagas,08.243 - Assistência à Criança e ao Adolescente,2023,Prefeitura Municipal de São Borja - RS,59768,Total Geral da Despesa por Função,RS,4434424.48
DCA-Anexo I-E,2023,DESPESA,DCA-Anexo I-E,TotalDespesas,4318002,Despesas Pagas,08.244 - Assistência Comunitária,2023,Prefeitura Municipal de São Borja - RS,59768,Total Geral da Despesa por Função,RS,3362589.67
DCA-Anexo I-E,2023,DESPESA,DCA-Anexo I-E,TotalDespesas,4318002,Despesas Pagas,08.122 - Administração Geral,2023,Prefeitura Municipal de São Borja - RS,59768,Total Geral da Despesa por Função,RS,758930.48
DCA-Anexo I-E,2023,DESPESA|PREVID,DCA-Anexo I-E,TotalDespesas,4318002,Despesas Pagas,09 - Previdência Social,2023,Prefeitura Municipal de São Borja - RS,59768,Total Geral da Despesa por Função,RS,39028115.18
DCA-Anexo I-E,2023,DESPESA|PREVID,DCA-Anexo I-E,TotalDespesas,4318002,Despesas Pagas,09.272 - Previdência do Regime Estatutário,2023,Prefeitura Municipal de São Borja - RS,59768,Total Geral da Despesa por Função,RS,38634730.3
DCA-Anexo I-E,2023,DESPESA,DCA-Anexo I-E,TotalDespesas,4318002,Despesas Pagas,09.122 - Administração Geral,2023,Prefeitura Municipal de São Borja - RS,59768,Total Geral da Despesa por Função,RS,393384.88
DCA-Anexo I-E,2023,DESPESA,DCA-Anexo I-E,TotalDespesas,4318002,Despesas Pagas,10 - Saúde,2023,Prefeitura Municipal de São Borja - RS,59768,Total Geral da Despesa por Função,RS,97386237.4
DCA-Anexo I-E,2023,DESPESA,DCA-Anexo I-E,TotalDespesas,4318002,Despesas Pagas,10.301 - Atenção Básica,2023,Prefeitura Municipal de São Borja - RS,59768,Total Geral da Despesa por Função,RS,37338464.63
DCA-Anexo I-E,2023,DESPESA,DCA-Anexo I-E,TotalDespesas,4318002,Despesas Pagas,10.302 - Assistência Hospitalar e Ambulatorial,2023,Prefeitura Municipal de São Borja - RS,59768,Total Geral da Despesa por Função,RS,54561416.8
DCA-Anexo I-E,2023,DESPESA,DCA-Anexo I-E,TotalDespesas,4318002,Despesas Pagas,10.303 - Suporte Profilático e Terapêutico,2023,Prefeitura Municipal de São Borja - RS,59768,Total Geral da Despesa por Função,RS,855425.7
DCA-Anexo I-E,2023,DESPESA,DCA-Anexo I-E,TotalDespesas,4318002,Despesas Pagas,10.304 - Vigilância Sanitária,2023,Prefeitura Municipal de São Borja - RS,59768,Total Geral da Despesa por Função,RS,1027602.76
DCA-Anexo I-E,2023,DESPESA,DCA-Anexo I-E,TotalDespesas,4318002,Despesas Pagas,10.122 - Administração Geral,2023,Prefeitura Municipal de São Borja - RS,59768,Total Geral da Despesa por Função,RS,3603327.51
DCA-Anexo I-E,2023,DESPESA,DCA-Anexo I-E,TotalDespesas,4318002,Despesas Pagas,11 - Trabalho,2023,Prefeitura Municipal de São Borja - RS,59768,Total Geral da Despesa por Função,RS,301.3
DCA-Anexo I-E,2023,DESPESA,DCA-Anexo I-E,TotalDespesas,4318002,Despesas Pagas,11.334 - Fomento ao Trabalho,2023,Prefeitura Municipal de São Borja - RS,59768,Total Geral da Despesa por Função,RS,301.3
DCA-Anexo I-E,2023,DESPESA,DCA-Anexo I-E,TotalDespesas,4318002,Despesas Pagas,12 - Educação,2023,Prefeitura Municipal de São Borja - RS,59768,Total Geral da Despesa por Função,RS,66633162.79
DCA-Anexo I-E,2023,DESPESA,DCA-Anexo I-E,TotalDespesas,4318002,Despesas Pagas,12.361 - Ensino Fundamental,2023,Prefeitura Municipal de São Borja - RS,59768,Total Geral da Despesa por Função,RS,51399405.29
DCA-Anexo I-E,2023,DESPESA,DCA-Anexo I-E,TotalDespesas,4318002,Despesas Pagas,12.362 - Ensino Médio,2023,Prefeitura Municipal de São Borja - RS,59768,Total Geral da Despesa por Função,RS,1331895.04
DCA-Anexo I-E,2023,DESPESA,DCA-Anexo I-E,TotalDespesas,4318002,Despesas Pagas,12.365 - Educação Infantil,2023,Prefeitura Municipal de São Borja - RS,59768,Total Geral da Despesa por Função,RS,7981263.53
DCA-Anexo I-E,2023,DESPESA,DCA-Anexo I-E,TotalDespesas,4318002,Despesas Pagas,12.366 - Educação de Jovens e Adultos,2023,Prefeitura Municipal de São Borja - RS,59768,Total Geral da Despesa por Função,RS,447603.95
DCA-Anexo I-E,2023,DESPESA,DCA-Anexo I-E,TotalDespesas,4318002,Despesas Pagas,12.367 - Educação Especial,2023,Prefeitura Municipal de São Borja - RS,59768,Total Geral da Despesa por Função,RS,500000
DCA-Anexo I-E,2023,DESPESA,DCA-Anexo I-E,TotalDespesas,4318002,Despesas Pagas,12.122 - Administração Geral,2023,Prefeitura Municipal de São Borja - RS,59768,Total Geral da Despesa por Função,RS,4972994.98
DCA-Anexo I-E,2023,DESPESA,DCA-Anexo I-E,TotalDespesas,4318002,Despesas Pagas,13 - Cultura,2023,Prefeitura Municipal de São Borja - RS,59768,Total Geral da Despesa por Função,RS,869674.09
DCA-Anexo I-E,2023,DESPESA,DCA-Anexo I-E,TotalDespesas,4318002,Despesas Pagas,13.392 - Difusão Cultural,2023,Prefeitura Municipal de São Borja - RS,59768,Total Geral da Despesa por Função,RS,869674.09
DCA-Anexo I-E,2023,DESPESA,DCA-Anexo I-E,TotalDespesas,4318002,Despesas Pagas,14 - Direitos da Cidadania,2023,Prefeitura Municipal de São Borja - RS,59768,Total Geral da Despesa por Função,RS,19678.01
DCA-Anexo I-E,2023,DESPESA,DCA-Anexo I-E,TotalDespesas,4318002,Despesas Pagas,"14.422 - Direitos Individuais, Coletivos e Difusos",2023,Prefeitura Municipal de São Borja - RS,59768,Total Geral da Despesa por Função,RS,1486.46
DCA-Anexo I-E,2023,DESPESA,DCA-Anexo I-E,TotalDespesas,4318002,Despesas Pagas,FU14 - Demais Subfunções,2023,Prefeitura Municipal de São Borja - RS,59768,Total Geral da Despesa por Função,RS,18191.55
DCA-Anexo I-E,2023,DESPESA,DCA-Anexo I-E,TotalDespesas,4318002,Despesas Pagas,15 - Urbanismo,2023,Prefeitura Municipal de São Borja - RS,59768,Total Geral da Despesa por Função,RS,14020524.51
DCA-Anexo I-E,2023,DESPESA,DCA-Anexo I-E,TotalDespesas,4318002,Despesas Pagas,15.451 - Infraestrutura Urbana,2023,Prefeitura Municipal de São Borja - RS,59768,Total Geral da Despesa por Função,RS,4122483.11
DCA-Anexo I-E,2023,DESPESA,DCA-Anexo I-E,TotalDespesas,4318002,Despesas Pagas,15.452 - Serviços Urbanos,2023,Prefeitura Municipal de São Borja - RS,59768,Total Geral da Despesa por Função,RS,9003041.4
DCA-Anexo I-E,2023,DESPESA,DCA-Anexo I-E,TotalDespesas,4318002,Despesas Pagas,15.453 - Transportes Coletivos Urbanos,2023,Prefeitura Municipal de São Borja - RS,59768,Total Geral da Despesa por Função,RS,895000
DCA-Anexo I-E,2023,DESPESA,DCA-Anexo I-E,TotalDespesas,4318002,Despesas Pagas,16 - Habitação,2023,Prefeitura Municipal de São Borja - RS,59768,Total Geral da Despesa por Função,RS,534482.25
DCA-Anexo I-E,2023,DESPESA,DCA-Anexo I-E,TotalDespesas,4318002,Despesas Pagas,16.482 - Habitação Urbana,2023,Prefeitura Municipal de São Borja - RS,59768,Total Geral da Despesa por Função,RS,534482.25
DCA-Anexo I-E,2023,DESPESA,DCA-Anexo I-E,TotalDespesas,4318002,Despesas Pagas,17 - Saneamento,2023,Prefeitura Municipal de São Borja - RS,59768,Total Geral da Despesa por Função,RS,46078
DCA-Anexo I-E,2023,DESPESA,DCA-Anexo I-E,TotalDespesas,4318002,Despesas Pagas,17.511 - Saneamento Básico Rural,2023,Prefeitura Municipal de São Borja - RS,59768,Total Geral da Despesa por Função,RS,46078
DCA-Anexo I-E,2023,DESPESA,DCA-Anexo I-E,TotalDespesas,4318002,Despesas Pagas,18 - Gestão Ambiental,2023,Prefeitura Municipal de São Borja - RS,59768,Total Geral da Despesa por Função,RS,64897.67
DCA-Anexo I-E,2023,DESPESA,DCA-Anexo I-E,TotalDespesas,4318002,Despesas Pagas,18.541 - Preservação e Conservação Ambiental,2023,Prefeitura Municipal de São Borja - RS,59768,Total Geral da Despesa por Função,RS,64897.67
DCA-Anexo I-E,2023,DESPESA,DCA-Anexo I-E,TotalDespesas,4318002,Despesas Pagas,20 - Agricultura,2023,Prefeitura Municipal de São Borja - RS,59768,Total Geral da Despesa por Função,RS,115448.75
DCA-Anexo I-E,2023,DESPESA,DCA-Anexo I-E,TotalDespesas,4318002,Despesas Pagas,20.606 - Extensão Rural,2023,Prefeitura Municipal de São Borja - RS,59768,Total Geral da Despesa por Função,RS,107924.75
DCA-Anexo I-E,2023,DESPESA,DCA-Anexo I-E,TotalDespesas,4318002,Despesas Pagas,20.122 - Administração Geral,2023,Prefeitura Municipal de São Borja - RS,59768,Total Geral da Despesa por Função,RS,7524
DCA-Anexo I-E,2023,DESPESA,DCA-Anexo I-E,TotalDespesas,4318002,Despesas Pagas,23 - Comércio e Serviços,2023,Prefeitura Municipal de São Borja - RS,59768,Total Geral da Despesa por Função,RS,381944.83
DCA-Anexo I-E,2023,DESPESA,DCA-Anexo I-E,TotalDespesas,4318002,Despesas Pagas,23.695 - Turismo,2023,Prefeitura Municipal de São Borja - RS,59768,Total Geral da Despesa por Função,RS,381944.83
DCA-Anexo I-E,2023,DESPESA,DCA-Anexo I-E,TotalDespesas,4318002,Despesas Pagas,26 - Transporte,2023,Prefeitura Municipal de São Borja - RS,59768,Total Geral da Despesa por Função,RS,529884.15
DCA-Anexo I-E,2023,DESPESA,DCA-Anexo I-E,TotalDespesas,4318002,Despesas Pagas,26.781 - Transporte Aéreo,2023,Prefeitura Municipal de São Borja - RS,59768,Total Geral da Despesa por Função,RS,393547.6
DCA-Anexo I-E,2023,DESPESA,DCA-Anexo I-E,TotalDespesas,4318002,Despesas Pagas,26.782 - Transporte Rodoviário,2023,Prefeitura Municipal de São Borja - RS,59768,Total Geral da Despesa por Função,RS,136336.55
DCA-Anexo I-E,2023,DESPESA,DCA-Anexo I-E,TotalDespesas,4318002,Despesas Pagas,27 - Desporto e Lazer,2023,Prefeitura Municipal de São Borja - RS,59768,Total Geral da Despesa por Função,RS,670620.93
DCA-Anexo I-E,2023,DESPESA,DCA-Anexo I-E,TotalDespesas,4318002,Despesas Pagas,27.811 - Desporto de Rendimento,2023,Prefeitura Municipal de São Borja - RS,59768,Total Geral da Despesa por Função,RS,7810
DCA-Anexo I-E,2023,DESPESA,DCA-Anexo I-E,TotalDespesas,4318002,Despesas Pagas,27.812 - Desporto Comunitário,2023,Prefeitura Municipal de São Borja - RS,59768,Total Geral da Despesa por Função,RS,662810.93
DCA-Anexo I-E,2023,DESPESA,DCA-Anexo I-E,TotalDespesas,4318002,Despesas Pagas,28 - Encargos Especiais,2023,Prefeitura Municipal de São Borja - RS,59768,Total Geral da Despesa por Função,RS,15246572.68
DCA-Anexo I-E,2023,DESPESA|DIVIDA,DCA-Anexo I-E,TotalDespesas,4318002,Despesas Pagas,28.843 - Serviço da Dívida Interna,2023,Prefeitura Municipal de São Borja - RS,59768,Total Geral da Despesa por Função,RS,15246572.68
DCA-Anexo I-E,2023,DESPESA,DCA-Anexo I-E,TotalDespesas,4318002,Despesas Pagas,Despesas Intraorçamentárias,2023,Prefeitura Municipal de São Borja - RS,59768,Total Geral da Despesa por Função,RS,28004822.25
DCA-Anexo I-E,2023,DESPESA,DCA-Anexo I-E,TotalDespesas,4318002,Inscrição de Restos a Pagar Não Processados,Despesas Exceto Intraorçamentárias,2023,Prefeitura Municipal de São Borja - RS,59768,Total Geral da Despesa por Função,RS,9778194.76
DCA-Anexo I-E,2023,DESPESA,DCA-Anexo I-E,TotalDespesas,4318002,Inscrição de Restos a Pagar Não Processados,01 - Legislativa,2023,Prefeitura Municipal de São Borja - RS,59768,Total Geral da Despesa por Função,RS,323675.93
DCA-Anexo I-E,2023,DESPESA,DCA-Anexo I-E,TotalDespesas,4318002,Inscrição de Restos a Pagar Não Processados,01.031 - Ação Legislativa,2023,Prefeitura Municipal de São Borja - RS,59768,Total Geral da Despesa por Função,RS,323675.93
DCA-Anexo I-E,2023,DESPESA,DCA-Anexo I-E,TotalDespesas,4318002,Inscrição de Restos a Pagar Não Processados,04 - Administração,2023,Prefeitura Municipal de São Borja - RS,59768,Total Geral da Despesa por Função,RS,930564.03
DCA-Anexo I-E,2023,DESPESA,DCA-Anexo I-E,TotalDespesas,4318002,Inscrição de Restos a Pagar Não Processados,04.121 - Planejamento e Orçamento,2023,Prefeitura Municipal de São Borja - RS,59768,Total Geral da Despesa por Função,RS,34932.91
DCA-Anexo I-E,2023,DESPESA,DCA-Anexo I-E,TotalDespesas,4318002,Inscrição de Restos a Pagar Não Processados,04.122 - Administração Geral,2023,Prefeitura Municipal de São Borja - RS,59768,Total Geral da Despesa por Função,RS,750362.73
DCA-Anexo I-E,2023,DESPESA,DCA-Anexo I-E,TotalDespesas,4318002,Inscrição de Restos a Pagar Não Processados,04.123 - Administração Financeira,2023,Prefeitura Municipal de São Borja - RS,59768,Total Geral da Despesa por Função,RS,14522.96
DCA-Anexo I-E,2023,DESPESA,DCA-Anexo I-E,TotalDespesas,4318002,Inscrição de Restos a Pagar Não Processados,04.126 - Tecnologia da Informação,2023,Prefeitura Municipal de São Borja - RS,59768,Total Geral da Despesa por Função,RS,20565.5
DCA-Anexo I-E,2023,DESPESA,DCA-Anexo I-E,TotalDespesas,4318002,Inscrição de Restos a Pagar Não Processados,04.129 - Administração de Receitas,2023,Prefeitura Municipal de São Borja - RS,59768,Total Geral da Despesa por Função,RS,96466.19
DCA-Anexo I-E,2023,DESPESA,DCA-Anexo I-E,TotalDespesas,4318002,Inscrição de Restos a Pagar Não Processados,FU04 - Demais Subfunções,2023,Prefeitura Municipal de São Borja - RS,59768,Total Geral da Despesa por Função,RS,13713.74
DCA-Anexo I-E,2023,DESPESA,DCA-Anexo I-E,TotalDespesas,4318002,Inscrição de Restos a Pagar Não Processados,06 - Segurança Pública,2023,Prefeitura Municipal de São Borja - RS,59768,Total Geral da Despesa por Função,RS,36749.26
DCA-Anexo I-E,2023,DESPESA,DCA-Anexo I-E,TotalDespesas,4318002,Inscrição de Restos a Pagar Não Processados,06.181 - Policiamento,2023,Prefeitura Municipal de São Borja - RS,59768,Total Geral da Despesa por Função,RS,32829.26
DCA-Anexo I-E,2023,DESPESA,DCA-Anexo I-E,TotalDespesas,4318002,Inscrição de Restos a Pagar Não Processados,06.182 - Defesa Civil,2023,Prefeitura Municipal de São Borja - RS,59768,Total Geral da Despesa por Função,RS,3920
DCA-Anexo I-E,2023,DESPESA,DCA-Anexo I-E,TotalDespesas,4318002,Inscrição de Restos a Pagar Não Processados,08 - Assistência Social,2023,Prefeitura Municipal de São Borja - RS,59768,Total Geral da Despesa por Função,RS,248480.87
DCA-Anexo I-E,2023,DESPESA,DCA-Anexo I-E,TotalDespesas,4318002,Inscrição de Restos a Pagar Não Processados,08.243 - Assistência à Criança e ao Adolescente,2023,Prefeitura Municipal de São Borja - RS,59768,Total Geral da Despesa por Função,RS,73079.3
DCA-Anexo I-E,2023,DESPESA,DCA-Anexo I-E,TotalDespesas,4318002,Inscrição de Restos a Pagar Não Processados,08.244 - Assistência Comunitária,2023,Prefeitura Municipal de São Borja - RS,59768,Total Geral da Despesa por Função,RS,175401.57
DCA-Anexo I-E,2023,DESPESA,DCA-Anexo I-E,TotalDespesas,4318002,Inscrição de Restos a Pagar Não Processados,10 - Saúde,2023,Prefeitura Municipal de São Borja - RS,59768,Total Geral da Despesa por Função,RS,3488913.63
DCA-Anexo I-E,2023,DESPESA,DCA-Anexo I-E,TotalDespesas,4318002,Inscrição de Restos a Pagar Não Processados,10.301 - Atenção Básica,2023,Prefeitura Municipal de São Borja - RS,59768,Total Geral da Despesa por Função,RS,775501.61
DCA-Anexo I-E,2023,DESPESA,DCA-Anexo I-E,TotalDespesas,4318002,Inscrição de Restos a Pagar Não Processados,10.302 - Assistência Hospitalar e Ambulatorial,2023,Prefeitura Municipal de São Borja - RS,59768,Total Geral da Despesa por Função,RS,2697705.39
DCA-Anexo I-E,2023,DESPESA,DCA-Anexo I-E,TotalDespesas,4318002,Inscrição de Restos a Pagar Não Processados,10.303 - Suporte Profilático e Terapêutico,2023,Prefeitura Municipal de São Borja - RS,59768,Total Geral da Despesa por Função,RS,548.35
DCA-Anexo I-E,2023,DESPESA,DCA-Anexo I-E,TotalDespesas,4318002,Inscrição de Restos a Pagar Não Processados,10.122 - Administração Geral,2023,Prefeitura Municipal de São Borja - RS,59768,Total Geral da Despesa por Função,RS,15158.28
DCA-Anexo I-E,2023,DESPESA,DCA-Anexo I-E,TotalDespesas,4318002,Inscrição de Restos a Pagar Não Processados,12 - Educação,2023,Prefeitura Municipal de São Borja - RS,59768,Total Geral da Despesa por Função,RS,820247.53
DCA-Anexo I-E,2023,DESPESA,DCA-Anexo I-E,TotalDespesas,4318002,Inscrição de Restos a Pagar Não Processados,12.361 - Ensino Fundamental,2023,Prefeitura Municipal de São Borja - RS,59768,Total Geral da Despesa por Função,RS,217004.75
DCA-Anexo I-E,2023,DESPESA,DCA-Anexo I-E,TotalDespesas,4318002,Inscrição de Restos a Pagar Não Processados,12.362 - Ensino Médio,2023,Prefeitura Municipal de São Borja - RS,59768,Total Geral da Despesa por Função,RS,46629.58
DCA-Anexo I-E,2023,DESPESA,DCA-Anexo I-E,TotalDespesas,4318002,Inscrição de Restos a Pagar Não Processados,12.365 - Educação Infantil,2023,Prefeitura Municipal de São Borja - RS,59768,Total Geral da Despesa por Função,RS,479749.15
DCA-Anexo I-E,2023,DESPESA,DCA-Anexo I-E,TotalDespesas,4318002,Inscrição de Restos a Pagar Não Processados,12.366 - Educação de Jovens e Adultos,2023,Prefeitura Municipal de São Borja - RS,59768,Total Geral da Despesa por Função,RS,48997.74
DCA-Anexo I-E,2023,DESPESA,DCA-Anexo I-E,TotalDespesas,4318002,Inscrição de Restos a Pagar Não Processados,12.122 - Administração Geral,2023,Prefeitura Municipal de São Borja - RS,59768,Total Geral da Despesa por Função,RS,27866.31
DCA-Anexo I-E,2023,DESPESA,DCA-Anexo I-E,TotalDespesas,4318002,Inscrição de Restos a Pagar Não Processados,13 - Cultura,2023,Prefeitura Municipal de São Borja - RS,59768,Total Geral da Despesa por Função,RS,12530.37
DCA-Anexo I-E,2023,DESPESA,DCA-Anexo I-E,TotalDespesas,4318002,Inscrição de Restos a Pagar Não Processados,13.392 - Difusão Cultural,2023,Prefeitura Municipal de São Borja - RS,59768,Total Geral da Despesa por Função,RS,12530.37
DCA-Anexo I-E,2023,DESPESA,DCA-Anexo I-E,TotalDespesas,4318002,Inscrição de Restos a Pagar Não Processados,14 - Direitos da Cidadania,2023,Prefeitura Municipal de São Borja - RS,59768,Total Geral da Despesa por Função,RS,24231.62
DCA-Anexo I-E,2023,DESPESA,DCA-Anexo I-E,TotalDespesas,4318002,Inscrição de Restos a Pagar Não Processados,"14.422 - Direitos Individuais, Coletivos e Difusos",2023,Prefeitura Municipal de São Borja - RS,59768,Total Geral da Despesa por Função,RS,243.49
DCA-Anexo I-E,2023,DESPESA,DCA-Anexo I-E,TotalDespesas,4318002,Inscrição de Restos a Pagar Não Processados,FU14 - Demais Subfunções,2023,Prefeitura Municipal de São Borja - RS,59768,Total Geral da Despesa por Função,RS,23988.13
DCA-Anexo I-E,2023,DESPESA,DCA-Anexo I-E,TotalDespesas,4318002,Inscrição de Restos a Pagar Não Processados,15 - Urbanismo,2023,Prefeitura Municipal de São Borja - RS,59768,Total Geral da Despesa por Função,RS,2921146.07
DCA-Anexo I-E,2023,DESPESA,DCA-Anexo I-E,TotalDespesas,4318002,Inscrição de Restos a Pagar Não Processados,15.451 - Infraestrutura Urbana,2023,Prefeitura Municipal de São Borja - RS,59768,Total Geral da Despesa por Função,RS,649737.09
DCA-Anexo I-E,2023,DESPESA,DCA-Anexo I-E,TotalDespesas,4318002,Inscrição de Restos a Pagar Não Processados,15.452 - Serviços Urbanos,2023,Prefeitura Municipal de São Borja - RS,59768,Total Geral da Despesa por Função,RS,2271408.98
DCA-Anexo I-E,2023,DESPESA,DCA-Anexo I-E,TotalDespesas,4318002,Inscrição de Restos a Pagar Não Processados,18 - Gestão Ambiental,2023,Prefeitura Municipal de São Borja - RS,59768,Total Geral da Despesa por Função,RS,1381.6
DCA-Anexo I-E,2023,DESPESA,DCA-Anexo I-E,TotalDespesas,4318002,Inscrição de Restos a Pagar Não Processados,18.541 - Preservação e Conservação Ambiental,2023,Prefeitura Municipal de São Borja - RS,59768,Total Geral da Despesa por Função,RS,1381.6
DCA-Anexo I-E,2023,DESPESA,DCA-Anexo I-E,TotalDespesas,4318002,Inscrição de Restos a Pagar Não Processados,20 - Agricultura,2023,Prefeitura Municipal de São Borja - RS,59768,Total Geral da Despesa por Função,RS,119285.55
DCA-Anexo I-E,2023,DESPESA,DCA-Anexo I-E,TotalDespesas,4318002,Inscrição de Restos a Pagar Não Processados,20.606 - Extensão Rural,2023,Prefeitura Municipal de São Borja - RS,59768,Total Geral da Despesa por Função,RS,119285.55
DCA-Anexo I-E,2023,DESPESA,DCA-Anexo I-E,TotalDespesas,4318002,Inscrição de Restos a Pagar Não Processados,23 - Comércio e Serviços,2023,Prefeitura Municipal de São Borja - RS,59768,Total Geral da Despesa por Função,RS,10000
DCA-Anexo I-E,2023,DESPESA,DCA-Anexo I-E,TotalDespesas,4318002,Inscrição de Restos a Pagar Não Processados,23.695 - Turismo,2023,Prefeitura Municipal de São Borja - RS,59768,Total Geral da Despesa por Função,RS,10000
DCA-Anexo I-E,2023,DESPESA,DCA-Anexo I-E,TotalDespesas,4318002,Inscrição de Restos a Pagar Não Processados,26 - Transporte,2023,Prefeitura Municipal de São Borja - RS,59768,Total Geral da Despesa por Função,RS,32187.98
DCA-Anexo I-E,2023,DESPESA,DCA-Anexo I-E,TotalDespesas,4318002,Inscrição de Restos a Pagar Não Processados,26.781 - Transporte Aéreo,2023,Prefeitura Municipal de São Borja - RS,59768,Total Geral da Despesa por Função,RS,12575.93
DCA-Anexo I-E,2023,DESPESA,DCA-Anexo I-E,TotalDespesas,4318002,Inscrição de Restos a Pagar Não Processados,26.782 - Transporte Rodoviário,2023,Prefeitura Municipal de São Borja - RS,59768,Total Geral da Despesa por Função,RS,19612.05
DCA-Anexo I-E,2023,DESPESA,DCA-Anexo I-E,TotalDespesas,4318002,Inscrição de Restos a Pagar Não Processados,27 - Desporto e Lazer,2023,Prefeitura Municipal de São Borja - RS,59768,Total Geral da Despesa por Função,RS,808800.32
DCA-Anexo I-E,2023,DESPESA,DCA-Anexo I-E,TotalDespesas,4318002,Inscrição de Restos a Pagar Não Processados,27.811 - Desporto de Rendimento,2023,Prefeitura Municipal de São Borja - RS,59768,Total Geral da Despesa por Função,RS,10264.2
DCA-Anexo I-E,2023,DESPESA,DCA-Anexo I-E,TotalDespesas,4318002,Inscrição de Restos a Pagar Não Processados,27.812 - Desporto Comunitário,2023,Prefeitura Municipal de São Borja - RS,59768,Total Geral da Despesa por Função,RS,798536.12
DCA-Anexo I-E,2023,DESPESA,DCA-Anexo I-E,TotalDespesas,4318002,Inscrição de Restos a Pagar Não Processados,Despesas Intraorçamentárias,2023,Prefeitura Municipal de São Borja - RS,59768,Total Geral da Despesa por Função,RS,38428.27
DCA-Anexo I-E,2023,DESPESA,DCA-Anexo I-E,TotalDespesas,4318002,Inscrição de Restos a Pagar Processados,Despesas Exceto Intraorçamentárias,2023,Prefeitura Municipal de São Borja - RS,59768,Total Geral da Despesa por Função,RS,2657686.87
DCA-Anexo I-E,2023,DESPESA,DCA-Anexo I-E,TotalDespesas,4318002,Inscrição de Restos a Pagar Processados,04 - Administração,2023,Prefeitura Municipal de São Borja - RS,59768,Total Geral da Despesa por Função,RS,321170.79
DCA-Anexo I-E,2023,DESPESA,DCA-Anexo I-E,TotalDespesas,4318002,Inscrição de Restos a Pagar Processados,04.121 - Planejamento e Orçamento,2023,Prefeitura Municipal de São Borja - RS,59768,Total Geral da Despesa por Função,RS,38280.2
DCA-Anexo I-E,2023,DESPESA,DCA-Anexo I-E,TotalDespesas,4318002,Inscrição de Restos a Pagar Processados,04.122 - Administração Geral,2023,Prefeitura Municipal de São Borja - RS,59768,Total Geral da Despesa por Função,RS,260435.46
DCA-Anexo I-E,2023,DESPESA,DCA-Anexo I-E,TotalDespesas,4318002,Inscrição de Restos a Pagar Processados,04.123 - Administração Financeira,2023,Prefeitura Municipal de São Borja - RS,59768,Total Geral da Despesa por Função,RS,12819.95
DCA-Anexo I-E,2023,DESPESA,DCA-Anexo I-E,TotalDespesas,4318002,Inscrição de Restos a Pagar Processados,04.124 - Controle Interno,2023,Prefeitura Municipal de São Borja - RS,59768,Total Geral da Despesa por Função,RS,310.91
DCA-Anexo I-E,2023,DESPESA,DCA-Anexo I-E,TotalDespesas,4318002,Inscrição de Restos a Pagar Processados,04.126 - Tecnologia da Informação,2023,Prefeitura Municipal de São Borja - RS,59768,Total Geral da Despesa por Função,RS,375.36
DCA-Anexo I-E,2023,DESPESA,DCA-Anexo I-E,TotalDespesas,4318002,Inscrição de Restos a Pagar Processados,04.129 - Administração de Receitas,2023,Prefeitura Municipal de São Borja - RS,59768,Total Geral da Despesa por Função,RS,8948.91
DCA-Anexo I-E,2023,DESPESA,DCA-Anexo I-E,TotalDespesas,4318002,Inscrição de Restos a Pagar Processados,06 - Segurança Pública,2023,Prefeitura Municipal de São Borja - RS,59768,Total Geral da Despesa por Função,RS,2419.89
DCA-Anexo I-E,2023,DESPESA,DCA-Anexo I-E,TotalDespesas,4318002,Inscrição de Restos a Pagar Processados,06.181 - Policiamento,2023,Prefeitura Municipal de São Borja - RS,59768,Total Geral da Despesa por Função,RS,2419.89
DCA-Anexo I-E,2023,DESPESA,DCA-Anexo I-E,TotalDespesas,4318002,Inscrição de Restos a Pagar Processados,08 - Assistência Social,2023,Prefeitura Municipal de São Borja - RS,59768,Total Geral da Despesa por Função,RS,72097.09
DCA-Anexo I-E,2023,DESPESA,DCA-Anexo I-E,TotalDespesas,4318002,Inscrição de Restos a Pagar Processados,08.243 - Assistência à Criança e ao Adolescente,2023,Prefeitura Municipal de São Borja - RS,59768,Total Geral da Despesa por Função,RS,31363.47
DCA-Anexo I-E,2023,DESPESA,DCA-Anexo I-E,TotalDespesas,4318002,Inscrição de Restos a Pagar Processados,08.244 - Assistência Comunitária,2023,Prefeitura Municipal de São Borja - RS,59768,Total Geral da Despesa por Função,RS,34293.93
DCA-Anexo I-E,2023,DESPESA,DCA-Anexo I-E,TotalDespesas,4318002,Inscrição de Restos a Pagar Processados,08.122 - Administração Geral,2023,Prefeitura Municipal de São Borja - RS,59768,Total Geral da Despesa por Função,RS,6439.69
DCA-Anexo I-E,2023,DESPESA,DCA-Anexo I-E,TotalDespesas,4318002,Inscrição de Restos a Pagar Processados,10 - Saúde,2023,Prefeitura Municipal de São Borja - RS,59768,Total Geral da Despesa por Função,RS,932874.92
DCA-Anexo I-E,2023,DESPESA,DCA-Anexo I-E,TotalDespesas,4318002,Inscrição de Restos a Pagar Processados,10.301 - Atenção Básica,2023,Prefeitura Municipal de São Borja - RS,59768,Total Geral da Despesa por Função,RS,639522.48
DCA-Anexo I-E,2023,DESPESA,DCA-Anexo I-E,TotalDespesas,4318002,Inscrição de Restos a Pagar Processados,10.302 - Assistência Hospitalar e Ambulatorial,2023,Prefeitura Municipal de São Borja - RS,59768,Total Geral da Despesa por Função,RS,153827.22
DCA-Anexo I-E,2023,DESPESA,DCA-Anexo I-E,TotalDespesas,4318002,Inscrição de Restos a Pagar Processados,10.303 - Suporte Profilático e Terapêutico,2023,Prefeitura Municipal de São Borja - RS,59768,Total Geral da Despesa por Função,RS,2915.83
DCA-Anexo I-E,2023,DESPESA,DCA-Anexo I-E,TotalDespesas,4318002,Inscrição de Restos a Pagar Processados,10.122 - Administração Geral,2023,Prefeitura Municipal de São Borja - RS,59768,Total Geral da Despesa por Função,RS,136609.39
DCA-Anexo I-E,2023,DESPESA,DCA-Anexo I-E,TotalDespesas,4318002,Inscrição de Restos a Pagar Processados,12 - Educação,2023,Prefeitura Municipal de São Borja - RS,59768,Total Geral da Despesa por Função,RS,672230.41
DCA-Anexo I-E,2023,DESPESA,DCA-Anexo I-E,TotalDespesas,4318002,Inscrição de Restos a Pagar Processados,12.361 - Ensino Fundamental,2023,Prefeitura Municipal de São Borja - RS,59768,Total Geral da Despesa por Função,RS,433647.55
DCA-Anexo I-E,2023,DESPESA,DCA-Anexo I-E,TotalDespesas,4318002,Inscrição de Restos a Pagar Processados,12.362 - Ensino Médio,2023,Prefeitura Municipal de São Borja - RS,59768,Total Geral da Despesa por Função,RS,93739.47
DCA-Anexo I-E,2023,DESPESA,DCA-Anexo I-E,TotalDespesas,4318002,Inscrição de Restos a Pagar Processados,12.365 - Educação Infantil,2023,Prefeitura Municipal de São Borja - RS,59768,Total Geral da Despesa por Função,RS,77470.41
DCA-Anexo I-E,2023,DESPESA,DCA-Anexo I-E,TotalDespesas,4318002,Inscrição de Restos a Pagar Processados,12.122 - Administração Geral,2023,Prefeitura Municipal de São Borja - RS,59768,Total Geral da Despesa por Função,RS,67372.98
DCA-Anexo I-E,2023,DESPESA,DCA-Anexo I-E,TotalDespesas,4318002,Inscrição de Restos a Pagar Processados,13 - Cultura,2023,Prefeitura Municipal de São Borja - RS,59768,Total Geral da Despesa por Função,RS,75064.96
DCA-Anexo I-E,2023,DESPESA,DCA-Anexo I-E,TotalDespesas,4318002,Inscrição de Restos a Pagar Processados,13.392 - Difusão Cultural,2023,Prefeitura Municipal de São Borja - RS,59768,Total Geral da Despesa por Função,RS,75064.96
DCA-Anexo I-E,2023,DESPESA,DCA-Anexo I-E,TotalDespesas,4318002,Inscrição de Restos a Pagar Processados,15 - Urbanismo,2023,Prefeitura Municipal de São Borja - RS,59768,Total Geral da Despesa por Função,RS,112647.46
DCA-Anexo I-E,2023,DESPESA,DCA-Anexo I-E,TotalDespesas,4318002,Inscrição de Restos a Pagar Processados,15.451 - Infraestrutura Urbana,2023,Prefeitura Municipal de São Borja - RS,59768,Total Geral da Despesa por Função,RS,109926.16
DCA-Anexo I-E,2023,DESPESA,DCA-Anexo I-E,TotalDespesas,4318002,Inscrição de Restos a Pagar Processados,15.452 - Serviços Urbanos,2023,Prefeitura Municipal de São Borja - RS,59768,Total Geral da Despesa por Função,RS,2721.3
DCA-Anexo I-E,2023,DESPESA,DCA-Anexo I-E,TotalDespesas,4318002,Inscrição de Restos a Pagar Processados,18 - Gestão Ambiental,2023,Prefeitura Municipal de São Borja - RS,59768,Total Geral da Despesa por Função,RS,296.16
DCA-Anexo I-E,2023,DESPESA,DCA-Anexo I-E,TotalDespesas,4318002,Inscrição de Restos a Pagar Processados,18.541 - Preservação e Conservação Ambiental,2023,Prefeitura Municipal de São Borja - RS,59768,Total Geral da Despesa por Função,RS,296.16
DCA-Anexo I-E,2023,DESPESA,DCA-Anexo I-E,TotalDespesas,4318002,Inscrição de Restos a Pagar Processados,26 - Transporte,2023,Prefeitura Municipal de São Borja - RS,59768,Total Geral da Despesa por Função,RS,15153.53
DCA-Anexo I-E,2023,DESPESA,DCA-Anexo I-E,TotalDespesas,4318002,Inscrição de Restos a Pagar Processados,26.781 - Transporte Aéreo,2023,Prefeitura Municipal de São Borja - RS,59768,Total Geral da Despesa por Função,RS,7909.37
DCA-Anexo I-E,2023,DESPESA,DCA-Anexo I-E,TotalDespesas,4318002,Inscrição de Restos a Pagar Processados,26.782 - Transporte Rodoviário,2023,Prefeitura Municipal de São Borja - RS,59768,Total Geral da Despesa por Função,RS,7244.16
DCA-Anexo I-E,2023,DESPESA,DCA-Anexo I-E,TotalDespesas,4318002,Inscrição de Restos a Pagar Processados,28 - Encargos Especiais,2023,Prefeitura Municipal de São Borja - RS,59768,Total Geral da Despesa por Função,RS,453731.66
DCA-Anexo I-E,2023,DESPESA|DIVIDA,DCA-Anexo I-E,TotalDespesas,4318002,Inscrição de Restos a Pagar Processados,28.843 - Serviço da Dívida Interna,2023,Prefeitura Municipal de São Borja - RS,59768,Total Geral da Despesa por Função,RS,453731.66
DCA-Anexo I-E,2023,DESPESA,DCA-Anexo I-E,TotalDespesas,4318002,Inscrição de Restos a Pagar Processados,Despesas Intraorçamentárias,2023,Prefeitura Municipal de São Borja - RS,59768,Total Geral da Despesa por Função,RS,3181704.64
DCA-Anexo I-C,2024,FUNDEB,DCA-Anexo I-C,ReceitasExcetoIntraOrcamentarias,4318002,Deduções - FUNDEB,RECEITAS (EXCETO INTRA-ORÇAMENTÁRIAS) (I),2024,Prefeitura Municipal de São Borja - RS,58757,Padrão,RS,30065752.13
DCA-Anexo I-C,2024,FUNDEB,DCA-Anexo I-C,RO1.0.0.0.00.0.0,4318002,Deduções - FUNDEB,1.0.0.0.00.0.0 - Receitas Correntes,2024,Prefeitura Municipal de São Borja - RS,58757,Padrão,RS,30065752.13
DCA-Anexo I-C,2024,PREVID,DCA-Anexo I-C,RO1.2.1.5.00.0.0,4318002,Receitas Brutas Realizadas,1.2.1.5.00.0.0 - Contribuições para Regimes Próprios de Previdência e Sistema de Proteção Social,2024,Prefeitura Municipal de São Borja - RS,58757,Padrão,RS,10303296.78
DCA-Anexo I-C,2024,JUROS,DCA-Anexo I-C,RO1.3.2.1.00.0.0,4318002,Receitas Brutas Realizadas,1.3.2.1.00.0.0 - Juros e Correções Monetárias,2024,Prefeitura Municipal de São Borja - RS,58757,Padrão,RS,17926468.83
DCA-Anexo I-C,2024,PREVID,DCA-Anexo I-C,RO1.3.2.1.04.0.0,4318002,Receitas Brutas Realizadas,1.3.2.1.04.0.0 - Remuneração dos Recursos do Regime Próprio de Previdência Social - RPPS,2024,Prefeitura Municipal de São Borja - RS,58757,Padrão,RS,13617252.91
DCA-Anexo I-C,2024,JUROS,DCA-Anexo I-C,RO1.3.2.1.05.0.0,4318002,Receitas Brutas Realizadas,1.3.2.1.05.0.0 - Juros de Títulos de Renda,2024,Prefeitura Municipal de São Borja - RS,58757,Padrão,RS,282527.6
DCA-Anexo I-C,2024,TRANSFERENCIAS CORRENTES,DCA-Anexo I-C,RO1.7.0.0.00.0.0,4318002,Receitas Brutas Realizadas,1.7.0.0.00.0.0 - Transferências Correntes,2024,Prefeitura Municipal de São Borja - RS,58757,Padrão,RS,279066232.55
DCA-Anexo I-C,2024,FUNDEB|TRANSFERENCIAS CORRENTES,DCA-Anexo I-C,RO1.7.0.0.00.0.0,4318002,Deduções - FUNDEB,1.7.0.0.00.0.0 - Transferências Correntes,2024,Prefeitura Municipal de São Borja - RS,58757,Padrão,RS,30065752.13
DCA-Anexo I-C,2024,FUNDEB,DCA-Anexo I-C,RO1.7.1.0.00.0.0,4318002,Deduções - FUNDEB,1.7.1.0.00.0.0 - Transferências da União e de suas Entidades,2024,Prefeitura Municipal de São Borja - RS,58757,Padrão,RS,13266386.56
DCA-Anexo I-C,2024,FUNDEB,DCA-Anexo I-C,RO1.7.1.1.00.0.0,4318002,Deduções - FUNDEB,1.7.1.1.00.0.0 - Transferências Decorrentes de Participação na Receita da União,2024,Prefeitura Municipal de São Borja - RS,58757,Padrão,RS,13266386.56
DCA-Anexo I-C,2024,FPM|FUNDO DE PARTICIPACAO DOS MUNICIPIOS,DCA-Anexo I-C,RO1.7.1.1.51.0.0,4318002,Receitas Brutas Realizadas,1.7.1.1.51.0.0 -Cota-Parte do Fundo de Participação dos Municípios - FPM,2024,Prefeitura Municipal de São Borja - RS,58757,Padrão,RS,66963886.26
DCA-Anexo I-C,2024,FPM|FUNDEB|FUNDO DE PARTICIPACAO DOS MUNICIPIOS,DCA-Anexo I-C,RO1.7.1.1.51.0.0,4318002,Deduções - FUNDEB,1.7.1.1.51.0.0 -Cota-Parte do Fundo de Participação dos Municípios - FPM,2024,Prefeitura Municipal de São Borja - RS,58757,Padrão,RS,12139547.4
DCA-Anexo I-C,2024,FUNDO DE PARTICIPACAO DOS MUNICIPIOS,DCA-Anexo I-C,RO1.7.1.1.51.1.0,4318002,Receitas Brutas Realizadas,1.7.1.1.51.1.0 - Cota-Parte do Fundo de Participação dos Municípios - Cota Mensal,2024,Prefeitura Municipal de São Borja - RS,58757,Padrão,RS,60697738.25
DCA-Anexo I-C,2024,FUNDEB|FUNDO DE PARTICIPACAO DOS MUNICIPIOS,DCA-Anexo I-C,RO1.7.1.1.51.1.0,4318002,Deduções - FUNDEB,1.7.1.1.51.1.0 - Cota-Parte do Fundo de Participação dos Municípios - Cota Mensal,2024,Prefeitura Municipal de São Borja - RS,58757,Padrão,RS,12139547.4
DCA-Anexo I-C,2024,FUNDO DE PARTICIPACAO DOS MUNICIPIOS,DCA-Anexo I-C,RO1.7.1.1.51.2.0,4318002,Receitas Brutas Realizadas,1.7.1.1.51.2.0 - Cota-Parte do Fundo de Participação dos Municípios - Cotas Extraordinárias,2024,Prefeitura Municipal de São Borja - RS,58757,Padrão,RS,6266148.01
DCA-Anexo I-C,2024,FUNDEB,DCA-Anexo I-C,RO1.7.1.1.52.0.0,4318002,Deduções - FUNDEB,1.7.1.1.52.0.0 - Cota-Parte do Imposto Sobre a Propriedade Territorial Rural,2024,Prefeitura Municipal de São Borja - RS,58757,Padrão,RS,1126839.16
DCA-Anexo I-C,2024,FUNDEB,DCA-Anexo I-C,RO1.7.2.0.00.0.0,4318002,Deduções - FUNDEB,1.7.2.0.00.0.0 - Transferências dos Estados e do Distrito Federal e de suas Entidades,2024,Prefeitura Municipal de São Borja - RS,58757,Padrão,RS,16799365.57
DCA-Anexo I-C,2024,FUNDEB,DCA-Anexo I-C,RO1.7.2.1.00.0.0,4318002,Deduções - FUNDEB,1.7.2.1.00.0.0 - Participação na Receita dos Estados e Distrito Federal,2024,Prefeitura Municipal de São Borja - RS,58757,Padrão,RS,16614885.65
DCA-Anexo I-C,2024,ICMS,DCA-Anexo I-C,RO1.7.2.1.50.0.0,4318002,Receitas Brutas Realizadas,1.7.2.1.50.0.0 - Cota-Parte do ICMS,2024,Prefeitura Municipal de São Borja - RS,58757,Padrão,RS,68160788.84
DCA-Anexo I-C,2024,FUNDEB|ICMS,DCA-Anexo I-C,RO1.7.2.1.50.0.0,4318002,Deduções - FUNDEB,1.7.2.1.50.0.0 - Cota-Parte do ICMS,2024,Prefeitura Municipal de São Borja - RS,58757,Padrão,RS,13631266.79
DCA-Anexo I-C,2024,IPVA,DCA-Anexo I-C,RO1.7.2.1.51.0.0,4318002,Receitas Brutas Realizadas,1.7.2.1.51.0.0 - Cota-Parte do IPVA,2024,Prefeitura Municipal de São Borja - RS,58757,Padrão,RS,14178548.46
DCA-Anexo I-C,2024,FUNDEB|IPVA,DCA-Anexo I-C,RO1.7.2.1.51.0.0,4318002,Deduções - FUNDEB,1.7.2.1.51.0.0 - Cota-Parte do IPVA,2024,Prefeitura Municipal de São Borja - RS,58757,Padrão,RS,2810434.29
DCA-Anexo I-C,2024,FUNDEB,DCA-Anexo I-C,RO1.7.2.1.52.0.0,4318002,Deduções - FUNDEB,1.7.2.1.52.0.0 - Cota-Parte do IPI - Municípios,2024,Prefeitura Municipal de São Borja - RS,58757,Padrão,RS,173184.57
DCA-Anexo I-C,2024,FUNDEB,DCA-Anexo I-C,RO1.7.2.9.00.0.0,4318002,Deduções - FUNDEB,1.7.2.9.00.0.0 - Outras Transferências dos Estados e Distrito Federal,2024,Prefeitura Municipal de São Borja - RS,58757,Padrão,RS,184479.92
DCA-Anexo I-C,2024,ICMS,DCA-Anexo I-C,RO1.7.2.9.53.0.0,4318002,Receitas Brutas Realizadas,1.7.2.9.53.0.0 - Cota-Parte da Transferência da Compensação Financeira das Perdas com Arrecadação de ICMS - LC nº 194/2022,2024,Prefeitura Municipal de São Borja - RS,58757,Padrão,RS,922399.6
DCA-Anexo I-C,2024,FUNDEB|ICMS,DCA-Anexo I-C,RO1.7.2.9.53.0.0,4318002,Deduções - FUNDEB,1.7.2.9.53.0.0 - Cota-Parte da Transferência da Compensação Financeira das Perdas com Arrecadação de ICMS - LC nº 194/2022,2024,Prefeitura Municipal de São Borja - RS,58757,Padrão,RS,184479.92
DCA-Anexo I-C,2024,FUNDEB,DCA-Anexo I-C,RO1.7.5.1.00.0.0,4318002,Receitas Brutas Realizadas,1.7.5.1.00.0.0 - Transferências de Recursos do Fundo de Manutenção e Desenvolvimento da Educação Básica e de Valorização dos Profissionais da Educação - FUNDEB,2024,Prefeitura Municipal de São Borja - RS,58757,Padrão,RS,45717749.61
DCA-Anexo I-C,2024,TRANSFERENCIAS CORRENTES,DCA-Anexo I-C,RO1.7.9.0.00.0.0,4318002,Receitas Brutas Realizadas,1.7.9.0.00.0.0 - Demais Transferências Correntes,2024,Prefeitura Municipal de São Borja - RS,58757,Padrão,RS,2075500
DCA-Anexo I-C,2024,JUROS,DCA-Anexo I-C,RO1.9.1.1.09.0.0,4318002,Receitas Brutas Realizadas,1.9.1.1.09.0.0 - Multas e Juros Previstos em Contratos,2024,Prefeitura Municipal de São Borja - RS,58757,Padrão,RS,19600
DCA-Anexo I-C,2024,PREVID,DCA-Anexo I-C,RO1.9.9.9.03.0.0,4318002,Receitas Brutas Realizadas,1.9.9.9.03.0.0 - Compensações Financeiras entre os Regimes de Previdência,2024,Prefeitura Municipal de São Borja - RS,58757,Padrão,RS,3245456.46
DCA-Anexo I-C,2024,DIVIDA,DCA-Anexo I-C,RO1.9.9.9.12.0.0,4318002,Receitas Brutas Realizadas,1.9.9.9.12.0.0 - Encargos Legais pela Inscrição em Dívida Ativa e Receitas de Ônus de Sucumbência,2024,Prefeitura Municipal de São Borja - RS,58757,Padrão,RS,170973.56
DCA-Anexo I-C,2024,PREVID,DCA-Anexo I-C,RI7.2.1.5.00.0.0,4318002,Receitas Brutas Realizadas,7.2.1.5.00.0.0 - Contribuições para Regimes Próprios de Previdência e Sistema de Proteção Social,2024,Prefeitura Municipal de São Borja - RS,58757,Padrão,RS,25855205.18
DCA-Anexo I-C,2024,PREVID,DCA-Anexo I-C,RI7.9.9.9.01.0.0,4318002,Receitas Brutas Realizadas,7.9.9.9.01.0.0 - Aportes Periódicos para Amortização de Déficit Atuarial do Regimes Próprios de Previdência e Sistema de Proteção Social,2024,Prefeitura Municipal de São Borja - RS,58757,Padrão,RS,5365203.38
DCA-Anexo I-C,2024,FUNDEB,DCA-Anexo I-C,TotalReceitas,4318002,Deduções - FUNDEB,TOTAL DAS RECEITAS (III) = (I + II),2024,Prefeitura Municipal de São Borja - RS,58757,Padrão,RS,30065752.13
DCA-Anexo I-D,2024,DESPESA,DCA-Anexo I-D,TotalDespesas,4318002,Despesas Empenhadas,Total Geral da Despesa,2024,Prefeitura Municipal de São Borja - RS,58757,Padrão,RS,371853084.2
DCA-Anexo I-D,2024,DESPESA,DCA-Anexo I-D,TotalDespesas,4318002,Despesas Liquidadas,Total Geral da Despesa,2024,Prefeitura Municipal de São Borja - RS,58757,Padrão,RS,353668603.09
DCA-Anexo I-D,2024,DESPESA,DCA-Anexo I-D,TotalDespesas,4318002,Despesas Pagas,Total Geral da Despesa,2024,Prefeitura Municipal de São Borja - RS,58757,Padrão,RS,350893671.81
DCA-Anexo I-D,2024,DESPESA,DCA-Anexo I-D,TotalDespesas,4318002,Inscrição de Restos a Pagar Não Processados,Total Geral da Despesa,2024,Prefeitura Municipal de São Borja - RS,58757,Padrão,RS,18184481.11
DCA-Anexo I-D,2024,DESPESA,DCA-Anexo I-D,TotalDespesas,4318002,Inscrição de Restos a Pagar Processados,Total Geral da Despesa,2024,Prefeitura Municipal de São Borja - RS,58757,Padrão,RS,2774931.28
DCA-Anexo I-D,2024,DESPESA,DCA-Anexo I-D,DO3.0.00.00.00.00,4318002,Despesas Empenhadas,3.0.00.00.00 - Despesas Correntes,2024,Prefeitura Municipal de São Borja - RS,58757,Padrão,RS,336023035.6
DCA-Anexo I-D,2024,DESPESA,DCA-Anexo I-D,DO3.0.00.00.00.00,4318002,Despesas Liquidadas,3.0.00.00.00 - Despesas Correntes,2024,Prefeitura Municipal de São Borja - RS,58757,Padrão,RS,329364853.87
DCA-Anexo I-D,2024,DESPESA,DCA-Anexo I-D,DO3.0.00.00.00.00,4318002,Despesas Pagas,3.0.00.00.00 - Despesas Correntes,2024,Prefeitura Municipal de São Borja - RS,58757,Padrão,RS,327019306.49
DCA-Anexo I-D,2024,DESPESA,DCA-Anexo I-D,DO3.0.00.00.00.00,4318002,Inscrição de Restos a Pagar Não Processados,3.0.00.00.00 - Despesas Correntes,2024,Prefeitura Municipal de São Borja - RS,58757,Padrão,RS,6658181.73
DCA-Anexo I-D,2024,DESPESA,DCA-Anexo I-D,DO3.0.00.00.00.00,4318002,Inscrição de Restos a Pagar Processados,3.0.00.00.00 - Despesas Correntes,2024,Prefeitura Municipal de São Borja - RS,58757,Padrão,RS,2345547.38
DCA-Anexo I-D,2024,DESPESA|PESSOAL,DCA-Anexo I-D,DO3.1.00.00.00.00,4318002,Despesas Empenhadas,3.1.00.00.00 - Pessoal e Encargos Sociais,2024,Prefeitura Municipal de São Borja - RS,58757,Padrão,RS,184645233.05
DCA-Anexo I-D,2024,DESPESA|PESSOAL,DCA-Anexo I-D,DO3.1.00.00.00.00,4318002,Despesas Liquidadas,3.1.00.00.00 - Pessoal e Encargos Sociais,2024,Prefeitura Municipal de São Borja - RS,58757,Padrão,RS,184536484.62
DCA-Anexo I-D,2024,DESPESA|PESSOAL,DCA-Anexo I-D,DO3.1.00.00.00.00,4318002,Despesas Pagas,3.1.00.00.00 - Pessoal e Encargos Sociais,2024,Prefeitura Municipal de São Borja - RS,58757,Padrão,RS,184064794.54
DCA-Anexo I-D,2024,PESSOAL,DCA-Anexo I-D,DO3.1.00.00.00.00,4318002,Inscrição de Restos a Pagar Não Processados,3.1.00.00.00 - Pessoal e Encargos Sociais,2024,Prefeitura Municipal de São Borja - RS,58757,Padrão,RS,108748.43
DCA-Anexo I-D,2024,PESSOAL,DCA-Anexo I-D,DO3.1.00.00.00.00,4318002,Inscrição de Restos a Pagar Processados,3.1.00.00.00 - Pessoal e Encargos Sociais,2024,Prefeitura Municipal de São Borja - RS,58757,Padrão,RS,471690.08
DCA-Anexo I-D,2024,DESPESA,DCA-Anexo I-D,DO3.1.90.00.00.00,4318002,Despesas Empenhadas,3.1.90.00.00 - Aplicações Diretas,2024,Prefeitura Municipal de São Borja - RS,58757,Padrão,RS,166883557.25
DCA-Anexo I-D,2024,DESPESA,DCA-Anexo I-D,DO3.1.90.00.00.00,4318002,Despesas Liquidadas,3.1.90.00.00 - Aplicações Diretas,2024,Prefeitura Municipal de São Borja - RS,58757,Padrão,RS,166774808.82
DCA-Anexo I-D,2024,DESPESA,DCA-Anexo I-D,DO3.1.90.00.00.00,4318002,Despesas Pagas,3.1.90.00.00 - Aplicações Diretas,2024,Prefeitura Municipal de São Borja - RS,58757,Padrão,RS,166303118.74
DCA-Anexo I-D,2024,DESPESA,DCA-Anexo I-D,DO3.1.90.01.00.00,4318002,Despesas Empenhadas,"3.1.90.01.00 - Aposentadorias do RPPS, Reserva Remunerada e Reformas dos Militares",2024,Prefeitura Municipal de São Borja - RS,58757,Padrão,RS,38510242.14
DCA-Anexo I-D,2024,DESPESA,DCA-Anexo I-D,DO3.1.90.01.00.00,4318002,Despesas Liquidadas,"3.1.90.01.00 - Aposentadorias do RPPS, Reserva Remunerada e Reformas dos Militares",2024,Prefeitura Municipal de São Borja - RS,58757,Padrão,RS,38510242.14
DCA-Anexo I-D,2024,DESPESA,DCA-Anexo I-D,DO3.1.90.01.00.00,4318002,Despesas Pagas,"3.1.90.01.00 - Aposentadorias do RPPS, Reserva Remunerada e Reformas dos Militares",2024,Prefeitura Municipal de São Borja - RS,58757,Padrão,RS,38510242.14
DCA-Anexo I-D,2024,DESPESA,DCA-Anexo I-D,DO3.1.90.03.00.00,4318002,Despesas Empenhadas,3.1.90.03.00 - Pensões do RPPS e do Militar,2024,Prefeitura Municipal de São Borja - RS,58757,Padrão,RS,4181933.2
DCA-Anexo I-D,2024,DESPESA,DCA-Anexo I-D,DO3.1.90.03.00.00,4318002,Despesas Liquidadas,3.1.90.03.00 - Pensões do RPPS e do Militar,2024,Prefeitura Municipal de São Borja - RS,58757,Padrão,RS,4181933.2
DCA-Anexo I-D,2024,DESPESA,DCA-Anexo I-D,DO3.1.90.03.00.00,4318002,Despesas Pagas,3.1.90.03.00 - Pensões do RPPS e do Militar,2024,Prefeitura Municipal de São Borja - RS,58757,Padrão,RS,4181933.2
DCA-Anexo I-D,2024,DESPESA,DCA-Anexo I-D,DO3.1.90.04.00.00,4318002,Despesas Empenhadas,3.1.90.04.00 - Contratação por Tempo Determinado,2024,Prefeitura Municipal de São Borja - RS,58757,Padrão,RS,25301892.78
DCA-Anexo I-D,2024,DESPESA,DCA-Anexo I-D,DO3.1.90.04.00.00,4318002,Despesas Liquidadas,3.1.90.04.00 - Contratação por Tempo Determinado,2024,Prefeitura Municipal de São Borja - RS,58757,Padrão,RS,25301892.78
DCA-Anexo I-D,2024,DESPESA,DCA-Anexo I-D,DO3.1.90.04.00.00,4318002,Despesas Pagas,3.1.90.04.00 - Contratação por Tempo Determinado,2024,Prefeitura Municipal de São Borja - RS,58757,Padrão,RS,25123577.46
DCA-Anexo I-D,2024,DESPESA|PESSOAL,DCA-Anexo I-D,DO3.1.90.11.00.00,4318002,Despesas Empenhadas,3.1.90.11.00 - Vencimentos e Vantagens Fixas - Pessoal Civil,2024,Prefeitura Municipal de São Borja - RS,58757,Padrão,RS,87228080.6
DCA-Anexo I-D,2024,DESPESA|PESSOAL,DCA-Anexo I-D,DO3.1.90.11.00.00,4318002,Despesas Liquidadas,3.1.90.11.00 - Vencimentos e Vantagens Fixas - Pessoal Civil,2024,Prefeitura Municipal de São Borja - RS,58757,Padrão,RS,87172212
DCA-Anexo I-D,2024,DESPESA|PESSOAL,DCA-Anexo I-D,DO3.1.90.11.00.00,4318002,Despesas Pagas,3.1.90.11.00 - Vencimentos e Vantagens Fixas - Pessoal Civil,2024,Prefeitura Municipal de São Borja - RS,58757,Padrão,RS,87080609.53
DCA-Anexo I-D,2024,PESSOAL,DCA-Anexo I-D,DO3.1.90.11.00.00,4318002,Inscrição de Restos a Pagar Não Processados,3.1.90.11.00 - Vencimentos e Vantagens Fixas - Pessoal Civil,2024,Prefeitura Municipal de São Borja - RS,58757,Padrão,RS,55868.6
DCA-Anexo I-D,2024,PESSOAL,DCA-Anexo I-D,DO3.1.90.11.00.00,4318002,Inscrição de Restos a Pagar Processados,3.1.90.11.00 - Vencimentos e Vantagens Fixas - Pessoal Civil,2024,Prefeitura Municipal de São Borja - RS,58757,Padrão,RS,91602.47
DCA-Anexo I-D,2024,DESPESA,DCA-Anexo I-D,DO3.1.90.13.00.00,4318002,Despesas Empenhadas,3.1.90.13.00 - Obrigações Patronais,2024,Prefeitura Municipal de São Borja - RS,58757,Padrão,RS,2720618.74
DCA-Anexo I-D,2024,DESPESA,DCA-Anexo I-D,DO3.1.90.13.00.00,4318002,Despesas Liquidadas,3.1.90.13.00 - Obrigações Patronais,2024,Prefeitura Municipal de São Borja - RS,58757,Padrão,RS,2669847.02
DCA-Anexo I-D,2024,DESPESA,DCA-Anexo I-D,DO3.1.90.13.00.00,4318002,Despesas Pagas,3.1.90.13.00 - Obrigações Patronais,2024,Prefeitura Municipal de São Borja - RS,58757,Padrão,RS,2468074.73
DCA-Anexo I-D,2024,DESPESA,DCA-Anexo I-D,DO3.1.90.13.01.00,4318002,Despesas Empenhadas,3.1.90.13.01 - FGTS,2024,Prefeitura Municipal de São Borja - RS,58757,Padrão,RS,632063.38
DCA-Anexo I-D,2024,DESPESA,DCA-Anexo I-D,DO3.1.90.13.01.00,4318002,Despesas Liquidadas,3.1.90.13.01 - FGTS,2024,Prefeitura Municipal de São Borja - RS,58757,Padrão,RS,632063.38
DCA-Anexo I-D,2024,DESPESA,DCA-Anexo I-D,DO3.1.90.13.01.00,4318002,Despesas Pagas,3.1.90.13.01 - FGTS,2024,Prefeitura Municipal de São Borja - RS,58757,Padrão,RS,550646.6
DCA-Anexo I-D,2024,DESPESA|PREVID,DCA-Anexo I-D,DO3.1.90.13.02.00,4318002,Despesas Empenhadas,3.1.90.13.02 - Contribuições Previdenciárias - INSS,2024,Prefeitura Municipal de São Borja - RS,58757,Padrão,RS,2006090.39
DCA-Anexo I-D,2024,DESPESA|PREVID,DCA-Anexo I-D,DO3.1.90.13.02.00,4318002,Despesas Liquidadas,3.1.90.13.02 - Contribuições Previdenciárias - INSS,2024,Prefeitura Municipal de São Borja - RS,58757,Padrão,RS,1955318.67
DCA-Anexo I-D,2024,DESPESA|PREVID,DCA-Anexo I-D,DO3.1.90.13.02.00,4318002,Despesas Pagas,3.1.90.13.02 - Contribuições Previdenciárias - INSS,2024,Prefeitura Municipal de São Borja - RS,58757,Padrão,RS,1834963.16
DCA-Anexo I-D,2024,PREVID,DCA-Anexo I-D,DO3.1.90.13.02.00,4318002,Inscrição de Restos a Pagar Não Processados,3.1.90.13.02 - Contribuições Previdenciárias - INSS,2024,Prefeitura Municipal de São Borja - RS,58757,Padrão,RS,50771.72
DCA-Anexo I-D,2024,PREVID,DCA-Anexo I-D,DO3.1.90.13.02.00,4318002,Inscrição de Restos a Pagar Processados,3.1.90.13.02 - Contribuições Previdenciárias - INSS,2024,Prefeitura Municipal de São Borja - RS,58757,Padrão,RS,120355.51
DCA-Anexo I-D,2024,DESPESA,DCA-Anexo I-D,DO3.1.90.13.99.00,4318002,Despesas Empenhadas,3.1.90.13.99 - Outras Obrigações Patronais,2024,Prefeitura Municipal de São Borja - RS,58757,Padrão,RS,82464.97
DCA-Anexo I-D,2024,DESPESA,DCA-Anexo I-D,DO3.1.90.13.99.00,4318002,Despesas Liquidadas,3.1.90.13.99 - Outras Obrigações Patronais,2024,Prefeitura Municipal de São Borja - RS,58757,Padrão,RS,82464.97
DCA-Anexo I-D,2024,DESPESA,DCA-Anexo I-D,DO3.1.90.13.99.00,4318002,Despesas Pagas,3.1.90.13.99 - Outras Obrigações Patronais,2024,Prefeitura Municipal de São Borja - RS,58757,Padrão,RS,82464.97
DCA-Anexo I-D,2024,DESPESA|PESSOAL,DCA-Anexo I-D,DO3.1.90.16.00.00,4318002,Despesas Empenhadas,3.1.90.16.00 - Outras Despesas Variáveis - Pessoal Civil,2024,Prefeitura Municipal de São Borja - RS,58757,Padrão,RS,8285985.23
DCA-Anexo I-D,2024,DESPESA|PESSOAL,DCA-Anexo I-D,DO3.1.90.16.00.00,4318002,Despesas Liquidadas,3.1.90.16.00 - Outras Despesas Variáveis - Pessoal Civil,2024,Prefeitura Municipal de São Borja - RS,58757,Padrão,RS,8285985.23
DCA-Anexo I-D,2024,DESPESA|PESSOAL,DCA-Anexo I-D,DO3.1.90.16.00.00,4318002,Despesas Pagas,3.1.90.16.00 - Outras Despesas Variáveis - Pessoal Civil,2024,Prefeitura Municipal de São Borja - RS,58757,Padrão,RS,8285985.23
DCA-Anexo I-D,2024,DESPESA,DCA-Anexo I-D,DO3.1.90.94.00.00,4318002,Despesas Empenhadas,3.1.90.94.00 - Indenizações e Restituições Trabalhistas,2024,Prefeitura Municipal de São Borja - RS,58757,Padrão,RS,654804.56
DCA-Anexo I-D,2024,DESPESA,DCA-Anexo I-D,DO3.1.90.94.00.00,4318002,Despesas Liquidadas,3.1.90.94.00 - Indenizações e Restituições Trabalhistas,2024,Prefeitura Municipal de São Borja - RS,58757,Padrão,RS,652696.45
DCA-Anexo I-D,2024,DESPESA,DCA-Anexo I-D,DO3.1.90.94.00.00,4318002,Despesas Pagas,3.1.90.94.00 - Indenizações e Restituições Trabalhistas,2024,Prefeitura Municipal de São Borja - RS,58757,Padrão,RS,652696.45
DCA-Anexo I-D,2024,DESPESA,DCA-Anexo I-D,DI3.1.91.00.00.00,4318002,Despesas Empenhadas,"3.1.91.00.00 - Aplicação Direta Decorrente de Operação entre Órgãos, Fundos e Entidades Integrantes dos Orçamentos Fiscal e da Seguridade Social",2024,Prefeitura Municipal de São Borja - RS,58757,Padrão,RS,17761675.8
DCA-Anexo I-D,2024,DESPESA,DCA-Anexo I-D,DI3.1.91.00.00.00,4318002,Despesas Liquidadas,"3.1.91.00.00 - Aplicação Direta Decorrente de Operação entre Órgãos, Fundos e Entidades Integrantes dos Orçamentos Fiscal e da Seguridade Social",2024,Prefeitura Municipal de São Borja - RS,58757,Padrão,RS,17761675.8
DCA-Anexo I-D,2024,DESPESA,DCA-Anexo I-D,DI3.1.91.00.00.00,4318002,Despesas Pagas,"3.1.91.00.00 - Aplicação Direta Decorrente de Operação entre Órgãos, Fundos e Entidades Integrantes dos Orçamentos Fiscal e da Seguridade Social",2024,Prefeitura Municipal de São Borja - RS,58757,Padrão,RS,17761675.8
DCA-Anexo I-D,2024,DESPESA,DCA-Anexo I-D,DI3.1.91.13.00.00,4318002,Despesas Empenhadas,3.1.91.13.00 - Contribuições Patronais,2024,Prefeitura Municipal de São Borja - RS,58757,Padrão,RS,17761675.8
DCA-Anexo I-D,2024,DESPESA,DCA-Anexo I-D,DI3.1.91.13.00.00,4318002,Despesas Liquidadas,3.1.91.13.00 - Contribuições Patronais,2024,Prefeitura Municipal de São Borja - RS,58757,Padrão,RS,17761675.8
DCA-Anexo I-D,2024,DESPESA,DCA-Anexo I-D,DI3.1.91.13.00.00,4318002,Despesas Pagas,3.1.91.13.00 - Contribuições Patronais,2024,Prefeitura Municipal de São Borja - RS,58757,Padrão,RS,17761675.8
DCA-Anexo I-D,2024,DESPESA|PESSOAL|PREVID,DCA-Anexo I-D,DI3.1.91.13.08.00,4318002,Despesas Empenhadas,3.1.91.13.08 - Contribuições previdenciárias - RPPS - pessoal ativo - plano previdenciário,2024,Prefeitura Municipal de São Borja - RS,58757,Padrão,RS,8981421.55
DCA-Anexo I-D,2024,DESPESA|PESSOAL|PREVID,DCA-Anexo I-D,DI3.1.91.13.08.00,4318002,Despesas Liquidadas,3.1.91.13.08 - Contribuições previdenciárias - RPPS - pessoal ativo - plano previdenciário,2024,Prefeitura Municipal de São Borja - RS,58757,Padrão,RS,8981421.55
DCA-Anexo I-D,2024,DESPESA|PESSOAL|PREVID,DCA-Anexo I-D,DI3.1.91.13.08.00,4318002,Despesas Pagas,3.1.91.13.08 - Contribuições previdenciárias - RPPS - pessoal ativo - plano previdenciário,2024,Prefeitura Municipal de São Borja - RS,58757,Padrão,RS,8981421.55
DCA-Anexo I-D,2024,DESPESA|PESSOAL|PREVID,DCA-Anexo I-D,DI3.1.91.13.20.00,4318002,Despesas Empenhadas,3.1.91.13.20 - Alíquota suplementar de contribuição previdenciária - pessoal ativo - plano previdenciário,2024,Prefeitura Municipal de São Borja - RS,58757,Padrão,RS,8677374.66
DCA-Anexo I-D,2024,DESPESA|PESSOAL|PREVID,DCA-Anexo I-D,DI3.1.91.13.20.00,4318002,Despesas Liquidadas,3.1.91.13.20 - Alíquota suplementar de contribuição previdenciária - pessoal ativo - plano previdenciário,2024,Prefeitura Municipal de São Borja - RS,58757,Padrão,RS,8677374.66
DCA-Anexo I-D,2024,DESPESA|PESSOAL|PREVID,DCA-Anexo I-D,DI3.1.91.13.20.00,4318002,Despesas Pagas,3.1.91.13.20 - Alíquota suplementar de contribuição previdenciária - pessoal ativo - plano previdenciário,2024,Prefeitura Municipal de São Borja - RS,58757,Padrão,RS,8677374.66
DCA-Anexo I-D,2024,DESPESA,DCA-Anexo I-D,DI3.1.91.13.99.00,4318002,Despesas Empenhadas,3.1.91.13.99 - Outras Obrigações Patronais - Intraorçamentária,2024,Prefeitura Municipal de São Borja - RS,58757,Padrão,RS,102879.59
DCA-Anexo I-D,2024,DESPESA,DCA-Anexo I-D,DI3.1.91.13.99.00,4318002,Despesas Liquidadas,3.1.91.13.99 - Outras Obrigações Patronais - Intraorçamentária,2024,Prefeitura Municipal de São Borja - RS,58757,Padrão,RS,102879.59
DCA-Anexo I-D,2024,DESPESA,DCA-Anexo I-D,DI3.1.91.13.99.00,4318002,Despesas Pagas,3.1.91.13.99 - Outras Obrigações Patronais - Intraorçamentária,2024,Prefeitura Municipal de São Borja - RS,58757,Padrão,RS,102879.59
DCA-Anexo I-D,2024,DESPESA|DIVIDA|JUROS,DCA-Anexo I-D,DO3.2.00.00.00.00,4318002,Despesas Empenhadas,3.2.00.00.00 - Juros e Encargos da Dívida,2024,Prefeitura Municipal de São Borja - RS,58757,Padrão,RS,3430308.22
DCA-Anexo I-D,2024,DESPESA|DIVIDA|JUROS,DCA-Anexo I-D,DO3.2.00.00.00.00,4318002,Despesas Liquidadas,3.2.00.00.00 - Juros e Encargos da Dívida,2024,Prefeitura Municipal de São Borja - RS,58757,Padrão,RS,3430308.22
DCA-Anexo I-D,2024,DESPESA|DIVIDA|JUROS,DCA-Anexo I-D,DO3.2.00.00.00.00,4318002,Despesas Pagas,3.2.00.00.00 - Juros e Encargos da Dívida,2024,Prefeitura Municipal de São Borja - RS,58757,Padrão,RS,3430308.22
DCA-Anexo I-D,2024,DESPESA,DCA-Anexo I-D,DO3.2.90.00.00.00,4318002,Despesas Empenhadas,3.2.90.00.00 - Aplicações Diretas,2024,Prefeitura Municipal de São Borja - RS,58757,Padrão,RS,3031683.05
DCA-Anexo I-D,2024,DESPESA,DCA-Anexo I-D,DO3.2.90.00.00.00,4318002,Despesas Liquidadas,3.2.90.00.00 - Aplicações Diretas,2024,Prefeitura Municipal de São Borja - RS,58757,Padrão,RS,3031683.05
DCA-Anexo I-D,2024,DESPESA,DCA-Anexo I-D,DO3.2.90.00.00.00,4318002,Despesas Pagas,3.2.90.00.00 - Aplicações Diretas,2024,Prefeitura Municipal de São Borja - RS,58757,Padrão,RS,3031683.05
DCA-Anexo I-D,2024,DESPESA|DIVIDA|JUROS,DCA-Anexo I-D,DO3.2.90.21.00.00,4318002,Despesas Empenhadas,3.2.90.21.00 - Juros sobre a Dívida por Contrato,2024,Prefeitura Municipal de São Borja - RS,58757,Padrão,RS,3031683.05
DCA-Anexo I-D,2024,DESPESA|DIVIDA|JUROS,DCA-Anexo I-D,DO3.2.90.21.00.00,4318002,Despesas Liquidadas,3.2.90.21.00 - Juros sobre a Dívida por Contrato,2024,Prefeitura Municipal de São Borja - RS,58757,Padrão,RS,3031683.05
DCA-Anexo I-D,2024,DESPESA|DIVIDA|JUROS,DCA-Anexo I-D,DO3.2.90.21.00.00,4318002,Despesas Pagas,3.2.90.21.00 - Juros sobre a Dívida por Contrato,2024,Prefeitura Municipal de São Borja - RS,58757,Padrão,RS,3031683.05
DCA-Anexo I-D,2024,DESPESA,DCA-Anexo I-D,DI3.2.91.00.00.00,4318002,Despesas Empenhadas,"3.2.91.00.00 - Aplicação direta decorrente de operação entre Órgãos, fundos e entidades integrantes dos OFSS",2024,Prefeitura Municipal de São Borja - RS,58757,Padrão,RS,398625.17
DCA-Anexo I-D,2024,DESPESA,DCA-Anexo I-D,DI3.2.91.00.00.00,4318002,Despesas Liquidadas,"3.2.91.00.00 - Aplicação direta decorrente de operação entre Órgãos, fundos e entidades integrantes dos OFSS",2024,Prefeitura Municipal de São Borja - RS,58757,Padrão,RS,398625.17
DCA-Anexo I-D,2024,DESPESA,DCA-Anexo I-D,DI3.2.91.00.00.00,4318002,Despesas Pagas,"3.2.91.00.00 - Aplicação direta decorrente de operação entre Órgãos, fundos e entidades integrantes dos OFSS",2024,Prefeitura Municipal de São Borja - RS,58757,Padrão,RS,398625.17
DCA-Anexo I-D,2024,DESPESA,DCA-Anexo I-D,DO3.3.00.00.00.00,4318002,Despesas Empenhadas,3.3.00.00.00 - Outras Despesas Correntes,2024,Prefeitura Municipal de São Borja - RS,58757,Padrão,RS,147947494.33
DCA-Anexo I-D,2024,DESPESA,DCA-Anexo I-D,DO3.3.00.00.00.00,4318002,Despesas Liquidadas,3.3.00.00.00 - Outras Despesas Correntes,2024,Prefeitura Municipal de São Borja - RS,58757,Padrão,RS,141398061.03
DCA-Anexo I-D,2024,DESPESA,DCA-Anexo I-D,DO3.3.00.00.00.00,4318002,Despesas Pagas,3.3.00.00.00 - Outras Despesas Correntes,2024,Prefeitura Municipal de São Borja - RS,58757,Padrão,RS,139524203.73
DCA-Anexo I-D,2024,DESPESA,DCA-Anexo I-D,DO3.3.00.00.00.00,4318002,Inscrição de Restos a Pagar Não Processados,3.3.00.00.00 - Outras Despesas Correntes,2024,Prefeitura Municipal de São Borja - RS,58757,Padrão,RS,6549433.3
DCA-Anexo I-D,2024,DESPESA,DCA-Anexo I-D,DO3.3.00.00.00.00,4318002,Inscrição de Restos a Pagar Processados,3.3.00.00.00 - Outras Despesas Correntes,2024,Prefeitura Municipal de São Borja - RS,58757,Padrão,RS,1873857.3
DCA-Anexo I-D,2024,DESPESA,DCA-Anexo I-D,DO3.3.20.00.00.00,4318002,Despesas Empenhadas,3.3.20.00.00 - Transferências à União,2024,Prefeitura Municipal de São Borja - RS,58757,Padrão,RS,8386.47
DCA-Anexo I-D,2024,DESPESA,DCA-Anexo I-D,DO3.3.20.00.00.00,4318002,Despesas Liquidadas,3.3.20.00.00 - Transferências à União,2024,Prefeitura Municipal de São Borja - RS,58757,Padrão,RS,8386.47
DCA-Anexo I-D,2024,DESPESA,DCA-Anexo I-D,DO3.3.20.00.00.00,4318002,Despesas Pagas,3.3.20.00.00 - Transferências à União,2024,Prefeitura Municipal de São Borja - RS,58757,Padrão,RS,8183.07
DCA-Anexo I-D,2024,DESPESA,DCA-Anexo I-D,DO3.3.30.00.00.00,4318002,Despesas Empenhadas,3.3.30.00.00 - Transferências a Estados e ao Distrito Federal,2024,Prefeitura Municipal de São Borja - RS,58757,Padrão,RS,394220.61
DCA-Anexo I-D,2024,DESPESA,DCA-Anexo I-D,DO3.3.30.00.00.00,4318002,Despesas Liquidadas,3.3.30.00.00 - Transferências a Estados e ao Distrito Federal,2024,Prefeitura Municipal de São Borja - RS,58757,Padrão,RS,387875.44
DCA-Anexo I-D,2024,DESPESA,DCA-Anexo I-D,DO3.3.30.00.00.00,4318002,Despesas Pagas,3.3.30.00.00 - Transferências a Estados e ao Distrito Federal,2024,Prefeitura Municipal de São Borja - RS,58757,Padrão,RS,387875.44
DCA-Anexo I-D,2024,DESPESA,DCA-Anexo I-D,DO3.3.30.41.00.00,4318002,Despesas Empenhadas,3.3.30.41.00 - Contribuições,2024,Prefeitura Municipal de São Borja - RS,58757,Padrão,RS,379007.2
DCA-Anexo I-D,2024,DESPESA,DCA-Anexo I-D,DO3.3.30.41.00.00,4318002,Despesas Liquidadas,3.3.30.41.00 - Contribuições,2024,Prefeitura Municipal de São Borja - RS,58757,Padrão,RS,372662.03
DCA-Anexo I-D,2024,DESPESA,DCA-Anexo I-D,DO3.3.30.41.00.00,4318002,Despesas Pagas,3.3.30.41.00 - Contribuições,2024,Prefeitura Municipal de São Borja - RS,58757,Padrão,RS,372662.03
DCA-Anexo I-D,2024,DESPESA,DCA-Anexo I-D,DO3.3.30.93.00.00,4318002,Despesas Empenhadas,3.3.30.93.00 - Indenizações e restituições,2024,Prefeitura Municipal de São Borja - RS,58757,Padrão,RS,15213.41
DCA-Anexo I-D,2024,DESPESA,DCA-Anexo I-D,DO3.3.30.93.00.00,4318002,Despesas Liquidadas,3.3.30.93.00 - Indenizações e restituições,2024,Prefeitura Municipal de São Borja - RS,58757,Padrão,RS,15213.41
DCA-Anexo I-D,2024,DESPESA,DCA-Anexo I-D,DO3.3.30.93.00.00,4318002,Despesas Pagas,3.3.30.93.00 - Indenizações e restituições,2024,Prefeitura Municipal de São Borja - RS,58757,Padrão,RS,15213.41
DCA-Anexo I-D,2024,DESPESA,DCA-Anexo I-D,DO3.3.50.00.00.00,4318002,Despesas Empenhadas,3.3.50.00.00 - Transferências a Instituições Privadas sem Fins Lucrativos,2024,Prefeitura Municipal de São Borja - RS,58757,Padrão,RS,5946632.78
DCA-Anexo I-D,2024,DESPESA,DCA-Anexo I-D,DO3.3.50.00.00.00,4318002,Despesas Liquidadas,3.3.50.00.00 - Transferências a Instituições Privadas sem Fins Lucrativos,2024,Prefeitura Municipal de São Borja - RS,58757,Padrão,RS,5790664.62
DCA-Anexo I-D,2024,DESPESA,DCA-Anexo I-D,DO3.3.50.00.00.00,4318002,Despesas Pagas,3.3.50.00.00 - Transferências a Instituições Privadas sem Fins Lucrativos,2024,Prefeitura Municipal de São Borja - RS,58757,Padrão,RS,5790664.62
DCA-Anexo I-D,2024,DESPESA,DCA-Anexo I-D,DO3.3.60.00.00.00,4318002,Despesas Empenhadas,3.3.60.00.00 - Transferências a Instituições Privadas com Fins Lucrativos,2024,Prefeitura Municipal de São Borja - RS,58757,Padrão,RS,2013436.03
DCA-Anexo I-D,2024,DESPESA,DCA-Anexo I-D,DO3.3.60.00.00.00,4318002,Despesas Liquidadas,3.3.60.00.00 - Transferências a Instituições Privadas com Fins Lucrativos,2024,Prefeitura Municipal de São Borja - RS,58757,Padrão,RS,1959478.2
DCA-Anexo I-D,2024,DESPESA,DCA-Anexo I-D,DO3.3.60.00.00.00,4318002,Despesas Pagas,3.3.60.00.00 - Transferências a Instituições Privadas com Fins Lucrativos,2024,Prefeitura Municipal de São Borja - RS,58757,Padrão,RS,1959478.2
DCA-Anexo I-D,2024,DESPESA,DCA-Anexo I-D,DO3.3.90.00.00.00,4318002,Despesas Empenhadas,3.3.90.00.00 - Aplicações Diretas,2024,Prefeitura Municipal de São Borja - RS,58757,Padrão,RS,134893762.42
DCA-Anexo I-D,2024,DESPESA,DCA-Anexo I-D,DO3.3.90.00.00.00,4318002,Despesas Liquidadas,3.3.90.00.00 - Aplicações Diretas,2024,Prefeitura Municipal de São Borja - RS,58757,Padrão,RS,128560600.28
DCA-Anexo I-D,2024,DESPESA,DCA-Anexo I-D,DO3.3.90.00.00.00,4318002,Despesas Pagas,3.3.90.00.00 - Aplicações Diretas,2024,Prefeitura Municipal de São Borja - RS,58757,Padrão,RS,126686946.38
DCA-Anexo I-D,2024,DESPESA,DCA-Anexo I-D,DO3.3.90.08.00.00,4318002,Despesas Empenhadas,3.3.90.08.00 - Outros Benefícios Assistenciais do servidor e do militar,2024,Prefeitura Municipal de São Borja - RS,58757,Padrão,RS,10718599.98
DCA-Anexo I-D,2024,DESPESA,DCA-Anexo I-D,DO3.3.90.08.00.00,4318002,Despesas Liquidadas,3.3.90.08.00 - Outros Benefícios Assistenciais do servidor e do militar,2024,Prefeitura Municipal de São Borja - RS,58757,Padrão,RS,10706553.49
DCA-Anexo I-D,2024,DESPESA,DCA-Anexo I-D,DO3.3.90.08.00.00,4318002,Despesas Pagas,3.3.90.08.00 - Outros Benefícios Assistenciais do servidor e do militar,2024,Prefeitura Municipal de São Borja - RS,58757,Padrão,RS,9932986.43
DCA-Anexo I-D,2024,DESPESA,DCA-Anexo I-D,DO3.3.90.14.00.00,4318002,Despesas Empenhadas,3.3.90.14.00 - Diárias - Civil,2024,Prefeitura Municipal de São Borja - RS,58757,Padrão,RS,1864614.68
DCA-Anexo I-D,2024,DESPESA,DCA-Anexo I-D,DO3.3.90.14.00.00,4318002,Despesas Liquidadas,3.3.90.14.00 - Diárias - Civil,2024,Prefeitura Municipal de São Borja - RS,58757,Padrão,RS,1864614.68
DCA-Anexo I-D,2024,DESPESA,DCA-Anexo I-D,DO3.3.90.14.00.00,4318002,Despesas Pagas,3.3.90.14.00 - Diárias - Civil,2024,Prefeitura Municipal de São Borja - RS,58757,Padrão,RS,1863615.68
DCA-Anexo I-D,2024,DESPESA,DCA-Anexo I-D,DO3.3.90.18.00.00,4318002,Despesas Empenhadas,3.3.90.18.00 - Auxílio Financeiro a Estudantes,2024,Prefeitura Municipal de São Borja - RS,58757,Padrão,RS,25889.28
DCA-Anexo I-D,2024,DESPESA,DCA-Anexo I-D,DO3.3.90.18.00.00,4318002,Despesas Liquidadas,3.3.90.18.00 - Auxílio Financeiro a Estudantes,2024,Prefeitura Municipal de São Borja - RS,58757,Padrão,RS,25889.28
DCA-Anexo I-D,2024,DESPESA,DCA-Anexo I-D,DO3.3.90.18.00.00,4318002,Despesas Pagas,3.3.90.18.00 - Auxílio Financeiro a Estudantes,2024,Prefeitura Municipal de São Borja - RS,58757,Padrão,RS,25889.28
DCA-Anexo I-D,2024,DESPESA,DCA-Anexo I-D,DO3.3.90.30.00.00,4318002,Despesas Empenhadas,3.3.90.30.00 - Material de Consumo,2024,Prefeitura Municipal de São Borja - RS,58757,Padrão,RS,12820216.31
DCA-Anexo I-D,2024,DESPESA,DCA-Anexo I-D,DO3.3.90.30.00.00,4318002,Despesas Liquidadas,3.3.90.30.00 - Material de Consumo,2024,Prefeitura Municipal de São Borja - RS,58757,Padrão,RS,11991063.54
DCA-Anexo I-D,2024,DESPESA,DCA-Anexo I-D,DO3.3.90.30.00.00,4318002,Despesas Pagas,3.3.90.30.00 - Material de Consumo,2024,Prefeitura Municipal de São Borja - RS,58757,Padrão,RS,11601569.92
DCA-Anexo I-D,2024,DESPESA,DCA-Anexo I-D,DO3.3.90.31.00.00,4318002,Despesas Empenhadas,"3.3.90.31.00 - Premiações Culturais, Artísticas, Científicas, Desportivas e Outras",2024,Prefeitura Municipal de São Borja - RS,58757,Padrão,RS,206141.74
DCA-Anexo I-D,2024,DESPESA,DCA-Anexo I-D,DO3.3.90.31.00.00,4318002,Despesas Liquidadas,"3.3.90.31.00 - Premiações Culturais, Artísticas, Científicas, Desportivas e Outras",2024,Prefeitura Municipal de São Borja - RS,58757,Padrão,RS,206141.74
DCA-Anexo I-D,2024,DESPESA,DCA-Anexo I-D,DO3.3.90.31.00.00,4318002,Despesas Pagas,"3.3.90.31.00 - Premiações Culturais, Artísticas, Científicas, Desportivas e Outras",2024,Prefeitura Municipal de São Borja - RS,58757,Padrão,RS,204621.04
DCA-Anexo I-D,2024,DESPESA,DCA-Anexo I-D,DO3.3.90.32.00.00,4318002,Despesas Empenhadas,"3.3.90.32.00 - Material, Bem ou Serviço para Distribuição Gratuita",2024,Prefeitura Municipal de São Borja - RS,58757,Padrão,RS,6101461.75
DCA-Anexo I-D,2024,DESPESA,DCA-Anexo I-D,DO3.3.90.32.00.00,4318002,Despesas Liquidadas,"3.3.90.32.00 - Material, Bem ou Serviço para Distribuição Gratuita",2024,Prefeitura Municipal de São Borja - RS,58757,Padrão,RS,5723723
DCA-Anexo I-D,2024,DESPESA,DCA-Anexo I-D,DO3.3.90.32.00.00,4318002,Despesas Pagas,"3.3.90.32.00 - Material, Bem ou Serviço para Distribuição Gratuita",2024,Prefeitura Municipal de São Borja - RS,58757,Padrão,RS,5658042.79
DCA-Anexo I-D,2024,DESPESA,DCA-Anexo I-D,DO3.3.90.33.00.00,4318002,Despesas Empenhadas,3.3.90.33.00 - Passagens e Despesas com Locomoção,2024,Prefeitura Municipal de São Borja - RS,58757,Padrão,RS,212769.77
DCA-Anexo I-D,2024,DESPESA,DCA-Anexo I-D,DO3.3.90.33.00.00,4318002,Despesas Liquidadas,3.3.90.33.00 - Passagens e Despesas com Locomoção,2024,Prefeitura Municipal de São Borja - RS,58757,Padrão,RS,202566.07
DCA-Anexo I-D,2024,DESPESA,DCA-Anexo I-D,DO3.3.90.33.00.00,4318002,Despesas Pagas,3.3.90.33.00 - Passagens e Despesas com Locomoção,2024,Prefeitura Municipal de São Borja - RS,58757,Padrão,RS,202566.07
DCA-Anexo I-D,2024,DESPESA,DCA-Anexo I-D,DO3.3.90.33.00.00,4318002,Inscrição de Restos a Pagar Não Processados,3.3.90.33.00 - Passagens e Despesas com Locomoção,2024,Prefeitura Municipal de São Borja - RS,58757,Padrão,RS,10203.7
DCA-Anexo I-D,2024,DESPESA,DCA-Anexo I-D,DO3.3.90.35.00.00,4318002,Despesas Empenhadas,3.3.90.35.00 - Serviços de Consultoria,2024,Prefeitura Municipal de São Borja - RS,58757,Padrão,RS,228162.73
DCA-Anexo I-D,2024,DESPESA,DCA-Anexo I-D,DO3.3.90.35.00.00,4318002,Despesas Liquidadas,3.3.90.35.00 - Serviços de Consultoria,2024,Prefeitura Municipal de São Borja - RS,58757,Padrão,RS,214880.99
DCA-Anexo I-D,2024,DESPESA,DCA-Anexo I-D,DO3.3.90.35.00.00,4318002,Despesas Pagas,3.3.90.35.00 - Serviços de Consultoria,2024,Prefeitura Municipal de São Borja - RS,58757,Padrão,RS,213718.79
DCA-Anexo I-D,2024,DESPESA,DCA-Anexo I-D,DO3.3.90.36.00.00,4318002,Despesas Empenhadas,3.3.90.36.00 - Outros Serviços de Terceiros - Pessoa Física,2024,Prefeitura Municipal de São Borja - RS,58757,Padrão,RS,1834458.86
DCA-Anexo I-D,2024,DESPESA,DCA-Anexo I-D,DO3.3.90.36.00.00,4318002,Despesas Liquidadas,3.3.90.36.00 - Outros Serviços de Terceiros - Pessoa Física,2024,Prefeitura Municipal de São Borja - RS,58757,Padrão,RS,1702268.22
DCA-Anexo I-D,2024,DESPESA,DCA-Anexo I-D,DO3.3.90.36.00.00,4318002,Despesas Pagas,3.3.90.36.00 - Outros Serviços de Terceiros - Pessoa Física,2024,Prefeitura Municipal de São Borja - RS,58757,Padrão,RS,1696538.58
DCA-Anexo I-D,2024,DESPESA,DCA-Anexo I-D,DO3.3.90.39.00.00,4318002,Despesas Empenhadas,3.3.90.39.00 - Outros Serviços de Terceiros - Pessoa Jurídica,2024,Prefeitura Municipal de São Borja - RS,58757,Padrão,RS,71071807.78
DCA-Anexo I-D,2024,DESPESA,DCA-Anexo I-D,DO3.3.90.39.00.00,4318002,Despesas Liquidadas,3.3.90.39.00 - Outros Serviços de Terceiros - Pessoa Jurídica,2024,Prefeitura Municipal de São Borja - RS,58757,Padrão,RS,66428088.04
DCA-Anexo I-D,2024,DESPESA,DCA-Anexo I-D,DO3.3.90.39.00.00,4318002,Despesas Pagas,3.3.90.39.00 - Outros Serviços de Terceiros - Pessoa Jurídica,2024,Prefeitura Municipal de São Borja - RS,58757,Padrão,RS,66095104.61
DCA-Anexo I-D,2024,DESPESA,DCA-Anexo I-D,DO3.3.90.40.00.00,4318002,Despesas Empenhadas,3.3.90.40.00 - Serviços de Tecnologia da Informação e Comunicação - Pessoa Jurídica,2024,Prefeitura Municipal de São Borja - RS,58757,Padrão,RS,1857177.08
DCA-Anexo I-D,2024,DESPESA,DCA-Anexo I-D,DO3.3.90.40.00.00,4318002,Despesas Liquidadas,3.3.90.40.00 - Serviços de Tecnologia da Informação e Comunicação - Pessoa Jurídica,2024,Prefeitura Municipal de São Borja - RS,58757,Padrão,RS,1545151.69
DCA-Anexo I-D,2024,DESPESA,DCA-Anexo I-D,DO3.3.90.40.00.00,4318002,Despesas Pagas,3.3.90.40.00 - Serviços de Tecnologia da Informação e Comunicação - Pessoa Jurídica,2024,Prefeitura Municipal de São Borja - RS,58757,Padrão,RS,1531408.14
DCA-Anexo I-D,2024,DESPESA,DCA-Anexo I-D,DO3.3.90.46.00.00,4318002,Despesas Empenhadas,3.3.90.46.00 - Auxílio-Alimentação,2024,Prefeitura Municipal de São Borja - RS,58757,Padrão,RS,18065631.91
DCA-Anexo I-D,2024,DESPESA,DCA-Anexo I-D,DO3.3.90.46.00.00,4318002,Despesas Liquidadas,3.3.90.46.00 - Auxílio-Alimentação,2024,Prefeitura Municipal de São Borja - RS,58757,Padrão,RS,18065631.91
DCA-Anexo I-D,2024,DESPESA,DCA-Anexo I-D,DO3.3.90.46.00.00,4318002,Despesas Pagas,3.3.90.46.00 - Auxílio-Alimentação,2024,Prefeitura Municipal de São Borja - RS,58757,Padrão,RS,18056111.91
DCA-Anexo I-D,2024,DESPESA,DCA-Anexo I-D,DO3.3.90.47.00.00,4318002,Despesas Empenhadas,3.3.90.47.00 - Obrigações Tributárias e Contributivas,2024,Prefeitura Municipal de São Borja - RS,58757,Padrão,RS,3931022.53
DCA-Anexo I-D,2024,DESPESA,DCA-Anexo I-D,DO3.3.90.47.00.00,4318002,Despesas Liquidadas,3.3.90.47.00 - Obrigações Tributárias e Contributivas,2024,Prefeitura Municipal de São Borja - RS,58757,Padrão,RS,3931022.53
DCA-Anexo I-D,2024,DESPESA,DCA-Anexo I-D,DO3.3.90.47.00.00,4318002,Despesas Pagas,3.3.90.47.00 - Obrigações Tributárias e Contributivas,2024,Prefeitura Municipal de São Borja - RS,58757,Padrão,RS,3654718.27
DCA-Anexo I-D,2024,DESPESA,DCA-Anexo I-D,DO3.3.90.48.00.00,4318002,Despesas Empenhadas,3.3.90.48.00 - Outros Auxílios Financeiros a Pessoas Físicas,2024,Prefeitura Municipal de São Borja - RS,58757,Padrão,RS,228970
DCA-Anexo I-D,2024,DESPESA,DCA-Anexo I-D,DO3.3.90.48.00.00,4318002,Despesas Liquidadas,3.3.90.48.00 - Outros Auxílios Financeiros a Pessoas Físicas,2024,Prefeitura Municipal de São Borja - RS,58757,Padrão,RS,228970
DCA-Anexo I-D,2024,DESPESA,DCA-Anexo I-D,DO3.3.90.48.00.00,4318002,Despesas Pagas,3.3.90.48.00 - Outros Auxílios Financeiros a Pessoas Físicas,2024,Prefeitura Municipal de São Borja - RS,58757,Padrão,RS,228970
DCA-Anexo I-D,2024,DESPESA,DCA-Anexo I-D,DO3.3.90.49.00.00,4318002,Despesas Empenhadas,3.3.90.49.00 - Auxílio-Transporte,2024,Prefeitura Municipal de São Borja - RS,58757,Padrão,RS,125344
DCA-Anexo I-D,2024,DESPESA,DCA-Anexo I-D,DO3.3.90.49.00.00,4318002,Despesas Liquidadas,3.3.90.49.00 - Auxílio-Transporte,2024,Prefeitura Municipal de São Borja - RS,58757,Padrão,RS,125344
DCA-Anexo I-D,2024,DESPESA,DCA-Anexo I-D,DO3.3.90.49.00.00,4318002,Despesas Pagas,3.3.90.49.00 - Auxílio-Transporte,2024,Prefeitura Municipal de São Borja - RS,58757,Padrão,RS,125344
DCA-Anexo I-D,2024,DESPESA|PREVID,DCA-Anexo I-D,DO3.3.90.86.00.00,4318002,Despesas Empenhadas,3.3.90.86.00 - Compensações a Regimes de Previdência,2024,Prefeitura Municipal de São Borja - RS,58757,Padrão,RS,201600.11
DCA-Anexo I-D,2024,DESPESA|PREVID,DCA-Anexo I-D,DO3.3.90.86.00.00,4318002,Despesas Liquidadas,3.3.90.86.00 - Compensações a Regimes de Previdência,2024,Prefeitura Municipal de São Borja - RS,58757,Padrão,RS,201600.11
DCA-Anexo I-D,2024,DESPESA|PREVID,DCA-Anexo I-D,DO3.3.90.86.00.00,4318002,Despesas Pagas,3.3.90.86.00 - Compensações a Regimes de Previdência,2024,Prefeitura Municipal de São Borja - RS,58757,Padrão,RS,201600.11
DCA-Anexo I-D,2024,DESPESA,DCA-Anexo I-D,DO3.3.90.91.00.00,4318002,Despesas Empenhadas,3.3.90.91.00 - Sentenças Judiciais,2024,Prefeitura Municipal de São Borja - RS,58757,Padrão,RS,5081673.44
DCA-Anexo I-D,2024,DESPESA,DCA-Anexo I-D,DO3.3.90.91.00.00,4318002,Despesas Liquidadas,3.3.90.91.00 - Sentenças Judiciais,2024,Prefeitura Municipal de São Borja - RS,58757,Padrão,RS,5081673.44
DCA-Anexo I-D,2024,DESPESA,DCA-Anexo I-D,DO3.3.90.91.00.00,4318002,Despesas Pagas,3.3.90.91.00 - Sentenças Judiciais,2024,Prefeitura Municipal de São Borja - RS,58757,Padrão,RS,5081673.44
DCA-Anexo I-D,2024,DESPESA,DCA-Anexo I-D,DO3.3.90.92.00.00,4318002,Despesas Empenhadas,3.3.90.92.00 - Despesas de Exercícios Anteriores,2024,Prefeitura Municipal de São Borja - RS,58757,Padrão,RS,169569.81
DCA-Anexo I-D,2024,DESPESA,DCA-Anexo I-D,DO3.3.90.92.00.00,4318002,Despesas Liquidadas,3.3.90.92.00 - Despesas de Exercícios Anteriores,2024,Prefeitura Municipal de São Borja - RS,58757,Padrão,RS,168733.71
DCA-Anexo I-D,2024,DESPESA,DCA-Anexo I-D,DO3.3.90.92.00.00,4318002,Despesas Pagas,3.3.90.92.00 - Despesas de Exercícios Anteriores,2024,Prefeitura Municipal de São Borja - RS,58757,Padrão,RS,168733.71
DCA-Anexo I-D,2024,DESPESA,DCA-Anexo I-D,DO3.3.90.92.00.00,4318002,Inscrição de Restos a Pagar Não Processados,3.3.90.92.00 - Despesas de Exercícios Anteriores,2024,Prefeitura Municipal de São Borja - RS,58757,Padrão,RS,836.1
DCA-Anexo I-D,2024,DESPESA,DCA-Anexo I-D,DO3.3.90.93.00.00,4318002,Despesas Empenhadas,3.3.90.93.00 - Indenizações e Restituições,2024,Prefeitura Municipal de São Borja - RS,58757,Padrão,RS,148650.66
DCA-Anexo I-D,2024,DESPESA,DCA-Anexo I-D,DO3.3.90.93.00.00,4318002,Despesas Liquidadas,3.3.90.93.00 - Indenizações e Restituições,2024,Prefeitura Municipal de São Borja - RS,58757,Padrão,RS,146683.84
DCA-Anexo I-D,2024,DESPESA,DCA-Anexo I-D,DO3.3.90.93.00.00,4318002,Despesas Pagas,3.3.90.93.00 - Indenizações e Restituições,2024,Prefeitura Municipal de São Borja - RS,58757,Padrão,RS,143733.61
DCA-Anexo I-D,2024,DESPESA,DCA-Anexo I-D,DI3.3.91.00.00.00,4318002,Despesas Empenhadas,"3.3.91.00.00 - Aplicação Direta Decorrente de Operação entre Órgãos, Fundos e Entidades Integrantes dos Orçamentos Fiscal e da Seguridade Social",2024,Prefeitura Municipal de São Borja - RS,58757,Padrão,RS,4691056.02
DCA-Anexo I-D,2024,DESPESA,DCA-Anexo I-D,DI3.3.91.00.00.00,4318002,Despesas Liquidadas,"3.3.91.00.00 - Aplicação Direta Decorrente de Operação entre Órgãos, Fundos e Entidades Integrantes dos Orçamentos Fiscal e da Seguridade Social",2024,Prefeitura Municipal de São Borja - RS,58757,Padrão,RS,4691056.02
DCA-Anexo I-D,2024,DESPESA,DCA-Anexo I-D,DI3.3.91.00.00.00,4318002,Despesas Pagas,"3.3.91.00.00 - Aplicação Direta Decorrente de Operação entre Órgãos, Fundos e Entidades Integrantes dos Orçamentos Fiscal e da Seguridade Social",2024,Prefeitura Municipal de São Borja - RS,58757,Padrão,RS,4691056.02
DCA-Anexo I-D,2024,DESPESA,DCA-Anexo I-D,DO4.0.00.00.00.00,4318002,Despesas Empenhadas,4.0.00.00.00 - Despesas de Capital,2024,Prefeitura Municipal de São Borja - RS,58757,Padrão,RS,35830048.6
DCA-Anexo I-D,2024,DESPESA,DCA-Anexo I-D,DO4.0.00.00.00.00,4318002,Despesas Liquidadas,4.0.00.00.00 - Despesas de Capital,2024,Prefeitura Municipal de São Borja - RS,58757,Padrão,RS,24303749.22
DCA-Anexo I-D,2024,DESPESA,DCA-Anexo I-D,DO4.0.00.00.00.00,4318002,Despesas Pagas,4.0.00.00.00 - Despesas de Capital,2024,Prefeitura Municipal de São Borja - RS,58757,Padrão,RS,23874365.32
DCA-Anexo I-D,2024,DESPESA,DCA-Anexo I-D,DO4.0.00.00.00.00,4318002,Inscrição de Restos a Pagar Não Processados,4.0.00.00.00 - Despesas de Capital,2024,Prefeitura Municipal de São Borja - RS,58757,Padrão,RS,11526299.38
DCA-Anexo I-D,2024,DESPESA,DCA-Anexo I-D,DO4.0.00.00.00.00,4318002,Inscrição de Restos a Pagar Processados,4.0.00.00.00 - Despesas de Capital,2024,Prefeitura Municipal de São Borja - RS,58757,Padrão,RS,429383.9
DCA-Anexo I-D,2024,DESPESA|INVESTIMENT,DCA-Anexo I-D,DO4.4.00.00.00.00,4318002,Despesas Empenhadas,4.4.00.00.00 - Investimentos,2024,Prefeitura Municipal de São Borja - RS,58757,Padrão,RS,26311053.07
DCA-Anexo I-D,2024,DESPESA|INVESTIMENT,DCA-Anexo I-D,DO4.4.00.00.00.00,4318002,Despesas Liquidadas,4.4.00.00.00 - Investimentos,2024,Prefeitura Municipal de São Borja - RS,58757,Padrão,RS,14784753.69
DCA-Anexo I-D,2024,DESPESA|INVESTIMENT,DCA-Anexo I-D,DO4.4.00.00.00.00,4318002,Despesas Pagas,4.4.00.00.00 - Investimentos,2024,Prefeitura Municipal de São Borja - RS,58757,Padrão,RS,14355369.79
DCA-Anexo I-D,2024,INVESTIMENT,DCA-Anexo I-D,DO4.4.00.00.00.00,4318002,Inscrição de Restos a Pagar Não Processados,4.4.00.00.00 - Investimentos,2024,Prefeitura Municipal de São Borja - RS,58757,Padrão,RS,11526299.38
DCA-Anexo I-D,2024,INVESTIMENT,DCA-Anexo I-D,DO4.4.00.00.00.00,4318002,Inscrição de Restos a Pagar Processados,4.4.00.00.00 - Investimentos,2024,Prefeitura Municipal de São Borja - RS,58757,Padrão,RS,429383.9
DCA-Anexo I-D,2024,DESPESA,DCA-Anexo I-D,DO4.4.20.00.00.00,4318002,Despesas Empenhadas,4.4.20.00.00 - Transferências à União,2024,Prefeitura Municipal de São Borja - RS,58757,Padrão,RS,30598.54
DCA-Anexo I-D,2024,DESPESA,DCA-Anexo I-D,DO4.4.20.00.00.00,4318002,Despesas Liquidadas,4.4.20.00.00 - Transferências à União,2024,Prefeitura Municipal de São Borja - RS,58757,Padrão,RS,23532.16
DCA-Anexo I-D,2024,DESPESA,DCA-Anexo I-D,DO4.4.20.00.00.00,4318002,Despesas Pagas,4.4.20.00.00 - Transferências à União,2024,Prefeitura Municipal de São Borja - RS,58757,Padrão,RS,23532.16
DCA-Anexo I-D,2024,DESPESA,DCA-Anexo I-D,DO4.4.30.00.00.00,4318002,Despesas Empenhadas,4.4.30.00.00 - Transferências a Estados e ao Distrito Federal,2024,Prefeitura Municipal de São Borja - RS,58757,Padrão,RS,1488.38
DCA-Anexo I-D,2024,DESPESA,DCA-Anexo I-D,DO4.4.30.00.00.00,4318002,Despesas Liquidadas,4.4.30.00.00 - Transferências a Estados e ao Distrito Federal,2024,Prefeitura Municipal de São Borja - RS,58757,Padrão,RS,1488.38
DCA-Anexo I-D,2024,DESPESA,DCA-Anexo I-D,DO4.4.30.00.00.00,4318002,Despesas Pagas,4.4.30.00.00 - Transferências a Estados e ao Distrito Federal,2024,Prefeitura Municipal de São Borja - RS,58757,Padrão,RS,1488.38
DCA-Anexo I-D,2024,DESPESA,DCA-Anexo I-D,DO4.4.50.00.00.00,4318002,Despesas Empenhadas,4.4.50.00.00 - Transferências a Instituições Privadas sem Fins Lucrativos,2024,Prefeitura Municipal de São Borja - RS,58757,Padrão,RS,513279.22
DCA-Anexo I-D,2024,DESPESA,DCA-Anexo I-D,DO4.4.50.00.00.00,4318002,Despesas Liquidadas,4.4.50.00.00 - Transferências a Instituições Privadas sem Fins Lucrativos,2024,Prefeitura Municipal de São Borja - RS,58757,Padrão,RS,513279.22
DCA-Anexo I-D,2024,DESPESA,DCA-Anexo I-D,DO4.4.50.00.00.00,4318002,Despesas Pagas,4.4.50.00.00 - Transferências a Instituições Privadas sem Fins Lucrativos,2024,Prefeitura Municipal de São Borja - RS,58757,Padrão,RS,513279.22
DCA-Anexo I-D,2024,DESPESA,DCA-Anexo I-D,DO4.4.90.00.00.00,4318002,Despesas Empenhadas,4.4.90.00.00 - Aplicações Diretas,2024,Prefeitura Municipal de São Borja - RS,58757,Padrão,RS,25765686.93
DCA-Anexo I-D,2024,DESPESA,DCA-Anexo I-D,DO4.4.90.00.00.00,4318002,Despesas Liquidadas,4.4.90.00.00 - Aplicações Diretas,2024,Prefeitura Municipal de São Borja - RS,58757,Padrão,RS,14246453.93
DCA-Anexo I-D,2024,DESPESA,DCA-Anexo I-D,DO4.4.90.00.00.00,4318002,Despesas Pagas,4.4.90.00.00 - Aplicações Diretas,2024,Prefeitura Municipal de São Borja - RS,58757,Padrão,RS,13817070.03
DCA-Anexo I-D,2024,DESPESA,DCA-Anexo I-D,DO4.4.90.30.00.00,4318002,Despesas Empenhadas,4.4.90.30.00 - Material de Consumo,2024,Prefeitura Municipal de São Borja - RS,58757,Padrão,RS,1040
DCA-Anexo I-D,2024,DESPESA,DCA-Anexo I-D,DO4.4.90.30.00.00,4318002,Despesas Liquidadas,4.4.90.30.00 - Material de Consumo,2024,Prefeitura Municipal de São Borja - RS,58757,Padrão,RS,1040
DCA-Anexo I-D,2024,DESPESA,DCA-Anexo I-D,DO4.4.90.30.00.00,4318002,Despesas Pagas,4.4.90.30.00 - Material de Consumo,2024,Prefeitura Municipal de São Borja - RS,58757,Padrão,RS,1040
DCA-Anexo I-D,2024,DESPESA,DCA-Anexo I-D,DO4.4.90.40.00.00,4318002,Despesas Empenhadas,4.4.90.40.00 - Serviços de Tecnologia da Informação e Comunicação - Pessoa Jurídica,2024,Prefeitura Municipal de São Borja - RS,58757,Padrão,RS,1900
DCA-Anexo I-D,2024,DESPESA,DCA-Anexo I-D,DO4.4.90.40.00.00,4318002,Despesas Liquidadas,4.4.90.40.00 - Serviços de Tecnologia da Informação e Comunicação - Pessoa Jurídica,2024,Prefeitura Municipal de São Borja - RS,58757,Padrão,RS,1900
DCA-Anexo I-D,2024,DESPESA,DCA-Anexo I-D,DO4.4.90.40.00.00,4318002,Despesas Pagas,4.4.90.40.00 - Serviços de Tecnologia da Informação e Comunicação - Pessoa Jurídica,2024,Prefeitura Municipal de São Borja - RS,58757,Padrão,RS,1900
DCA-Anexo I-D,2024,DESPESA,DCA-Anexo I-D,DO4.4.90.51.00.00,4318002,Despesas Empenhadas,4.4.90.51.00 - Obras e Instalações,2024,Prefeitura Municipal de São Borja - RS,58757,Padrão,RS,23472490.23
DCA-Anexo I-D,2024,DESPESA,DCA-Anexo I-D,DO4.4.90.51.00.00,4318002,Despesas Liquidadas,4.4.90.51.00 - Obras e Instalações,2024,Prefeitura Municipal de São Borja - RS,58757,Padrão,RS,12201432.22
DCA-Anexo I-D,2024,DESPESA,DCA-Anexo I-D,DO4.4.90.51.00.00,4318002,Despesas Pagas,4.4.90.51.00 - Obras e Instalações,2024,Prefeitura Municipal de São Borja - RS,58757,Padrão,RS,12195224.7
DCA-Anexo I-D,2024,DESPESA,DCA-Anexo I-D,DO4.4.90.51.91.00,4318002,Despesas Empenhadas,4.4.90.51.91 - Obras em Andamento,2024,Prefeitura Municipal de São Borja - RS,58757,Padrão,RS,18543227.11
DCA-Anexo I-D,2024,DESPESA,DCA-Anexo I-D,DO4.4.90.51.91.00,4318002,Despesas Liquidadas,4.4.90.51.91 - Obras em Andamento,2024,Prefeitura Municipal de São Borja - RS,58757,Padrão,RS,12049526.4
DCA-Anexo I-D,2024,DESPESA,DCA-Anexo I-D,DO4.4.90.51.91.00,4318002,Despesas Pagas,4.4.90.51.91 - Obras em Andamento,2024,Prefeitura Municipal de São Borja - RS,58757,Padrão,RS,12043318.88
DCA-Anexo I-D,2024,DESPESA,DCA-Anexo I-D,DO4.4.90.51.99.00,4318002,Despesas Empenhadas,4.4.90.51.99 - Outras Obras e Instalações,2024,Prefeitura Municipal de São Borja - RS,58757,Padrão,RS,4929263.12
DCA-Anexo I-D,2024,DESPESA,DCA-Anexo I-D,DO4.4.90.51.99.00,4318002,Despesas Liquidadas,4.4.90.51.99 - Outras Obras e Instalações,2024,Prefeitura Municipal de São Borja - RS,58757,Padrão,RS,151905.82
DCA-Anexo I-D,2024,DESPESA,DCA-Anexo I-D,DO4.4.90.51.99.00,4318002,Despesas Pagas,4.4.90.51.99 - Outras Obras e Instalações,2024,Prefeitura Municipal de São Borja - RS,58757,Padrão,RS,151905.82
DCA-Anexo I-D,2024,DESPESA,DCA-Anexo I-D,DO4.4.90.52.00.00,4318002,Despesas Empenhadas,4.4.90.52.00 - Equipamentos e Material Permanente,2024,Prefeitura Municipal de São Borja - RS,58757,Padrão,RS,2283122.7
DCA-Anexo I-D,2024,DESPESA,DCA-Anexo I-D,DO4.4.90.52.00.00,4318002,Despesas Liquidadas,4.4.90.52.00 - Equipamentos e Material Permanente,2024,Prefeitura Municipal de São Borja - RS,58757,Padrão,RS,2034947.71
DCA-Anexo I-D,2024,DESPESA,DCA-Anexo I-D,DO4.4.90.52.00.00,4318002,Despesas Pagas,4.4.90.52.00 - Equipamentos e Material Permanente,2024,Prefeitura Municipal de São Borja - RS,58757,Padrão,RS,1611771.33
DCA-Anexo I-D,2024,DESPESA,DCA-Anexo I-D,DO4.4.90.92.00.00,4318002,Despesas Empenhadas,4.4.90.92.00 - Despesas de Exercícios Anteriores,2024,Prefeitura Municipal de São Borja - RS,58757,Padrão,RS,7134
DCA-Anexo I-D,2024,DESPESA,DCA-Anexo I-D,DO4.4.90.92.00.00,4318002,Despesas Liquidadas,4.4.90.92.00 - Despesas de Exercícios Anteriores,2024,Prefeitura Municipal de São Borja - RS,58757,Padrão,RS,7134
DCA-Anexo I-D,2024,DESPESA,DCA-Anexo I-D,DO4.4.90.92.00.00,4318002,Despesas Pagas,4.4.90.92.00 - Despesas de Exercícios Anteriores,2024,Prefeitura Municipal de São Borja - RS,58757,Padrão,RS,7134
DCA-Anexo I-D,2024,DESPESA|DIVIDA,DCA-Anexo I-D,DO4.6.00.00.00.00,4318002,Despesas Empenhadas,4.6.00.00.00 - Amortização da Dívida,2024,Prefeitura Municipal de São Borja - RS,58757,Padrão,RS,9518995.53
DCA-Anexo I-D,2024,DESPESA|DIVIDA,DCA-Anexo I-D,DO4.6.00.00.00.00,4318002,Despesas Liquidadas,4.6.00.00.00 - Amortização da Dívida,2024,Prefeitura Municipal de São Borja - RS,58757,Padrão,RS,9518995.53
DCA-Anexo I-D,2024,DESPESA|DIVIDA,DCA-Anexo I-D,DO4.6.00.00.00.00,4318002,Despesas Pagas,4.6.00.00.00 - Amortização da Dívida,2024,Prefeitura Municipal de São Borja - RS,58757,Padrão,RS,9518995.53
DCA-Anexo I-D,2024,DESPESA,DCA-Anexo I-D,DO4.6.90.00.00.00,4318002,Despesas Empenhadas,4.6.90.00.00 - Aplicações Diretas,2024,Prefeitura Municipal de São Borja - RS,58757,Padrão,RS,3761531.31
DCA-Anexo I-D,2024,DESPESA,DCA-Anexo I-D,DO4.6.90.00.00.00,4318002,Despesas Liquidadas,4.6.90.00.00 - Aplicações Diretas,2024,Prefeitura Municipal de São Borja - RS,58757,Padrão,RS,3761531.31
DCA-Anexo I-D,2024,DESPESA,DCA-Anexo I-D,DO4.6.90.00.00.00,4318002,Despesas Pagas,4.6.90.00.00 - Aplicações Diretas,2024,Prefeitura Municipal de São Borja - RS,58757,Padrão,RS,3761531.31
DCA-Anexo I-D,2024,DESPESA|DIVIDA,DCA-Anexo I-D,DO4.6.90.71.00.00,4318002,Despesas Empenhadas,4.6.90.71.00 - Principal da Dívida Contratual Resgatado,2024,Prefeitura Municipal de São Borja - RS,58757,Padrão,RS,3761531.31
DCA-Anexo I-D,2024,DESPESA|DIVIDA,DCA-Anexo I-D,DO4.6.90.71.00.00,4318002,Despesas Liquidadas,4.6.90.71.00 - Principal da Dívida Contratual Resgatado,2024,Prefeitura Municipal de São Borja - RS,58757,Padrão,RS,3761531.31
DCA-Anexo I-D,2024,DESPESA|DIVIDA,DCA-Anexo I-D,DO4.6.90.71.00.00,4318002,Despesas Pagas,4.6.90.71.00 - Principal da Dívida Contratual Resgatado,2024,Prefeitura Municipal de São Borja - RS,58757,Padrão,RS,3761531.31
DCA-Anexo I-D,2024,DESPESA,DCA-Anexo I-D,DI4.6.91.00.00.00,4318002,Despesas Empenhadas,"4.6.91.00.00 - Aplicação direta decorrente de operação entre órgãos, fundos e entidades integrantes dos OFSS",2024,Prefeitura Municipal de São Borja - RS,58757,Padrão,RS,5757464.22
DCA-Anexo I-D,2024,DESPESA,DCA-Anexo I-D,DI4.6.91.00.00.00,4318002,Despesas Liquidadas,"4.6.91.00.00 - Aplicação direta decorrente de operação entre órgãos, fundos e entidades integrantes dos OFSS",2024,Prefeitura Municipal de São Borja - RS,58757,Padrão,RS,5757464.22
DCA-Anexo I-D,2024,DESPESA,DCA-Anexo I-D,DI4.6.91.00.00.00,4318002,Despesas Pagas,"4.6.91.00.00 - Aplicação direta decorrente de operação entre órgãos, fundos e entidades integrantes dos OFSS",2024,Prefeitura Municipal de São Borja - RS,58757,Padrão,RS,5757464.22
DCA-Anexo I-E,2024,DESPESA,DCA-Anexo I-E,TotalDespesas,4318002,Despesas Empenhadas,Despesas Exceto Intraorçamentárias,2024,Prefeitura Municipal de São Borja - RS,58757,Total Geral da Despesa por Função,RS,343244262.99
DCA-Anexo I-E,2024,DESPESA,DCA-Anexo I-E,TotalDespesas,4318002,Despesas Empenhadas,01 - Legislativa,2024,Prefeitura Municipal de São Borja - RS,58757,Total Geral da Despesa por Função,RS,9349374.09
DCA-Anexo I-E,2024,DESPESA,DCA-Anexo I-E,TotalDespesas,4318002,Despesas Empenhadas,01.031 - Ação Legislativa,2024,Prefeitura Municipal de São Borja - RS,58757,Total Geral da Despesa por Função,RS,9349374.09
DCA-Anexo I-E,2024,DESPESA,DCA-Anexo I-E,TotalDespesas,4318002,Despesas Empenhadas,04 - Administração,2024,Prefeitura Municipal de São Borja - RS,58757,Total Geral da Despesa por Função,RS,34884028.93
DCA-Anexo I-E,2024,DESPESA,DCA-Anexo I-E,TotalDespesas,4318002,Despesas Empenhadas,04.121 - Planejamento e Orçamento,2024,Prefeitura Municipal de São Borja - RS,58757,Total Geral da Despesa por Função,RS,4749461
DCA-Anexo I-E,2024,DESPESA,DCA-Anexo I-E,TotalDespesas,4318002,Despesas Empenhadas,04.122 - Administração Geral,2024,Prefeitura Municipal de São Borja - RS,58757,Total Geral da Despesa por Função,RS,29181684.65
DCA-Anexo I-E,2024,DESPESA,DCA-Anexo I-E,TotalDespesas,4318002,Despesas Empenhadas,04.124 - Controle Interno,2024,Prefeitura Municipal de São Borja - RS,58757,Total Geral da Despesa por Função,RS,379474.72
DCA-Anexo I-E,2024,DESPESA,DCA-Anexo I-E,TotalDespesas,4318002,Despesas Empenhadas,04.126 - Tecnologia da Informação,2024,Prefeitura Municipal de São Borja - RS,58757,Total Geral da Despesa por Função,RS,352648.5
DCA-Anexo I-E,2024,DESPESA,DCA-Anexo I-E,TotalDespesas,4318002,Despesas Empenhadas,04.128 - Formação de Recursos Humanos,2024,Prefeitura Municipal de São Borja - RS,58757,Total Geral da Despesa por Função,RS,99880
DCA-Anexo I-E,2024,DESPESA,DCA-Anexo I-E,TotalDespesas,4318002,Despesas Empenhadas,04.129 - Administração de Receitas,2024,Prefeitura Municipal de São Borja - RS,58757,Total Geral da Despesa por Função,RS,108000
DCA-Anexo I-E,2024,DESPESA,DCA-Anexo I-E,TotalDespesas,4318002,Despesas Empenhadas,FU04 - Demais Subfunções,2024,Prefeitura Municipal de São Borja - RS,58757,Total Geral da Despesa por Função,RS,12880.06
DCA-Anexo I-E,2024,DESPESA,DCA-Anexo I-E,TotalDespesas,4318002,Despesas Empenhadas,06 - Segurança Pública,2024,Prefeitura Municipal de São Borja - RS,58757,Total Geral da Despesa por Função,RS,1771110.6
DCA-Anexo I-E,2024,DESPESA,DCA-Anexo I-E,TotalDespesas,4318002,Despesas Empenhadas,06.181 - Policiamento,2024,Prefeitura Municipal de São Borja - RS,58757,Total Geral da Despesa por Função,RS,542827.64
DCA-Anexo I-E,2024,DESPESA,DCA-Anexo I-E,TotalDespesas,4318002,Despesas Empenhadas,06.182 - Defesa Civil,2024,Prefeitura Municipal de São Borja - RS,58757,Total Geral da Despesa por Função,RS,1228282.96
DCA-Anexo I-E,2024,DESPESA,DCA-Anexo I-E,TotalDespesas,4318002,Despesas Empenhadas,08 - Assistência Social,2024,Prefeitura Municipal de São Borja - RS,58757,Total Geral da Despesa por Função,RS,11012306.03
DCA-Anexo I-E,2024,DESPESA,DCA-Anexo I-E,TotalDespesas,4318002,Despesas Empenhadas,08.241 - Assistência ao Idoso,2024,Prefeitura Municipal de São Borja - RS,58757,Total Geral da Despesa por Função,RS,39048.23
DCA-Anexo I-E,2024,DESPESA,DCA-Anexo I-E,TotalDespesas,4318002,Despesas Empenhadas,08.243 - Assistência à Criança e ao Adolescente,2024,Prefeitura Municipal de São Borja - RS,58757,Total Geral da Despesa por Função,RS,6265297.74
DCA-Anexo I-E,2024,DESPESA,DCA-Anexo I-E,TotalDespesas,4318002,Despesas Empenhadas,08.244 - Assistência Comunitária,2024,Prefeitura Municipal de São Borja - RS,58757,Total Geral da Despesa por Função,RS,3857029.63
DCA-Anexo I-E,2024,DESPESA,DCA-Anexo I-E,TotalDespesas,4318002,Despesas Empenhadas,08.122 - Administração Geral,2024,Prefeitura Municipal de São Borja - RS,58757,Total Geral da Despesa por Função,RS,850930.43
DCA-Anexo I-E,2024,DESPESA|PREVID,DCA-Anexo I-E,TotalDespesas,4318002,Despesas Empenhadas,09 - Previdência Social,2024,Prefeitura Municipal de São Borja - RS,58757,Total Geral da Despesa por Função,RS,43523882.94
DCA-Anexo I-E,2024,DESPESA|PREVID,DCA-Anexo I-E,TotalDespesas,4318002,Despesas Empenhadas,09.272 - Previdência do Regime Estatutário,2024,Prefeitura Municipal de São Borja - RS,58757,Total Geral da Despesa por Função,RS,42893775.45
DCA-Anexo I-E,2024,DESPESA,DCA-Anexo I-E,TotalDespesas,4318002,Despesas Empenhadas,09.122 - Administração Geral,2024,Prefeitura Municipal de São Borja - RS,58757,Total Geral da Despesa por Função,RS,630107.49
DCA-Anexo I-E,2024,DESPESA,DCA-Anexo I-E,TotalDespesas,4318002,Despesas Empenhadas,10 - Saúde,2024,Prefeitura Municipal de São Borja - RS,58757,Total Geral da Despesa por Função,RS,107103729.92
DCA-Anexo I-E,2024,DESPESA,DCA-Anexo I-E,TotalDespesas,4318002,Despesas Empenhadas,10.301 - Atenção Básica,2024,Prefeitura Municipal de São Borja - RS,58757,Total Geral da Despesa por Função,RS,40473975.07
DCA-Anexo I-E,2024,DESPESA,DCA-Anexo I-E,TotalDespesas,4318002,Despesas Empenhadas,10.302 - Assistência Hospitalar e Ambulatorial,2024,Prefeitura Municipal de São Borja - RS,58757,Total Geral da Despesa por Função,RS,60838436.76
DCA-Anexo I-E,2024,DESPESA,DCA-Anexo I-E,TotalDespesas,4318002,Despesas Empenhadas,10.303 - Suporte Profilático e Terapêutico,2024,Prefeitura Municipal de São Borja - RS,58757,Total Geral da Despesa por Função,RS,716758.7
DCA-Anexo I-E,2024,DESPESA,DCA-Anexo I-E,TotalDespesas,4318002,Despesas Empenhadas,10.304 - Vigilância Sanitária,2024,Prefeitura Municipal de São Borja - RS,58757,Total Geral da Despesa por Função,RS,855489.7
DCA-Anexo I-E,2024,DESPESA,DCA-Anexo I-E,TotalDespesas,4318002,Despesas Empenhadas,10.122 - Administração Geral,2024,Prefeitura Municipal de São Borja - RS,58757,Total Geral da Despesa por Função,RS,4219069.69
DCA-Anexo I-E,2024,DESPESA,DCA-Anexo I-E,TotalDespesas,4318002,Despesas Empenhadas,11 - Trabalho,2024,Prefeitura Municipal de São Borja - RS,58757,Total Geral da Despesa por Função,RS,201257.65
DCA-Anexo I-E,2024,DESPESA,DCA-Anexo I-E,TotalDespesas,4318002,Despesas Empenhadas,11.334 - Fomento ao Trabalho,2024,Prefeitura Municipal de São Borja - RS,58757,Total Geral da Despesa por Função,RS,201257.65
DCA-Anexo I-E,2024,DESPESA,DCA-Anexo I-E,TotalDespesas,4318002,Despesas Empenhadas,12 - Educação,2024,Prefeitura Municipal de São Borja - RS,58757,Total Geral da Despesa por Função,RS,74875830.59
DCA-Anexo I-E,2024,DESPESA,DCA-Anexo I-E,TotalDespesas,4318002,Despesas Empenhadas,12.361 - Ensino Fundamental,2024,Prefeitura Municipal de São Borja - RS,58757,Total Geral da Despesa por Função,RS,54829288.19
DCA-Anexo I-E,2024,DESPESA,DCA-Anexo I-E,TotalDespesas,4318002,Despesas Empenhadas,12.362 - Ensino Médio,2024,Prefeitura Municipal de São Borja - RS,58757,Total Geral da Despesa por Função,RS,1254247.08
DCA-Anexo I-E,2024,DESPESA,DCA-Anexo I-E,TotalDespesas,4318002,Despesas Empenhadas,12.365 - Educação Infantil,2024,Prefeitura Municipal de São Borja - RS,58757,Total Geral da Despesa por Função,RS,13842754.9
DCA-Anexo I-E,2024,DESPESA,DCA-Anexo I-E,TotalDespesas,4318002,Despesas Empenhadas,12.366 - Educação de Jovens e Adultos,2024,Prefeitura Municipal de São Borja - RS,58757,Total Geral da Despesa por Função,RS,613550.51
DCA-Anexo I-E,2024,DESPESA,DCA-Anexo I-E,TotalDespesas,4318002,Despesas Empenhadas,12.367 - Educação Especial,2024,Prefeitura Municipal de São Borja - RS,58757,Total Geral da Despesa por Função,RS,250000
DCA-Anexo I-E,2024,DESPESA,DCA-Anexo I-E,TotalDespesas,4318002,Despesas Empenhadas,12.122 - Administração Geral,2024,Prefeitura Municipal de São Borja - RS,58757,Total Geral da Despesa por Função,RS,4085989.91
DCA-Anexo I-E,2024,DESPESA,DCA-Anexo I-E,TotalDespesas,4318002,Despesas Empenhadas,13 - Cultura,2024,Prefeitura Municipal de São Borja - RS,58757,Total Geral da Despesa por Função,RS,1732363.1
DCA-Anexo I-E,2024,DESPESA,DCA-Anexo I-E,TotalDespesas,4318002,Despesas Empenhadas,13.392 - Difusão Cultural,2024,Prefeitura Municipal de São Borja - RS,58757,Total Geral da Despesa por Função,RS,1732363.1
DCA-Anexo I-E,2024,DESPESA,DCA-Anexo I-E,TotalDespesas,4318002,Despesas Empenhadas,14 - Direitos da Cidadania,2024,Prefeitura Municipal de São Borja - RS,58757,Total Geral da Despesa por Função,RS,17692.96
DCA-Anexo I-E,2024,DESPESA,DCA-Anexo I-E,TotalDespesas,4318002,Despesas Empenhadas,"14.422 - Direitos Individuais, Coletivos e Difusos",2024,Prefeitura Municipal de São Borja - RS,58757,Total Geral da Despesa por Função,RS,1408.67
DCA-Anexo I-E,2024,DESPESA,DCA-Anexo I-E,TotalDespesas,4318002,Despesas Empenhadas,FU14 - Demais Subfunções,2024,Prefeitura Municipal de São Borja - RS,58757,Total Geral da Despesa por Função,RS,16284.29
DCA-Anexo I-E,2024,DESPESA,DCA-Anexo I-E,TotalDespesas,4318002,Despesas Empenhadas,15 - Urbanismo,2024,Prefeitura Municipal de São Borja - RS,58757,Total Geral da Despesa por Função,RS,30889247.73
DCA-Anexo I-E,2024,DESPESA,DCA-Anexo I-E,TotalDespesas,4318002,Despesas Empenhadas,15.451 - Infraestrutura Urbana,2024,Prefeitura Municipal de São Borja - RS,58757,Total Geral da Despesa por Função,RS,4922399
DCA-Anexo I-E,2024,DESPESA,DCA-Anexo I-E,TotalDespesas,4318002,Despesas Empenhadas,15.452 - Serviços Urbanos,2024,Prefeitura Municipal de São Borja - RS,58757,Total Geral da Despesa por Função,RS,24410050.68
DCA-Anexo I-E,2024,DESPESA,DCA-Anexo I-E,TotalDespesas,4318002,Despesas Empenhadas,15.453 - Transportes Coletivos Urbanos,2024,Prefeitura Municipal de São Borja - RS,58757,Total Geral da Despesa por Função,RS,1556798.05
DCA-Anexo I-E,2024,DESPESA,DCA-Anexo I-E,TotalDespesas,4318002,Despesas Empenhadas,16 - Habitação,2024,Prefeitura Municipal de São Borja - RS,58757,Total Geral da Despesa por Função,RS,1940879.25
DCA-Anexo I-E,2024,DESPESA,DCA-Anexo I-E,TotalDespesas,4318002,Despesas Empenhadas,16.482 - Habitação Urbana,2024,Prefeitura Municipal de São Borja - RS,58757,Total Geral da Despesa por Função,RS,1940879.25
DCA-Anexo I-E,2024,DESPESA,DCA-Anexo I-E,TotalDespesas,4318002,Despesas Empenhadas,17 - Saneamento,2024,Prefeitura Municipal de São Borja - RS,58757,Total Geral da Despesa por Função,RS,22218.3
DCA-Anexo I-E,2024,DESPESA,DCA-Anexo I-E,TotalDespesas,4318002,Despesas Empenhadas,17.511 - Saneamento Básico Rural,2024,Prefeitura Municipal de São Borja - RS,58757,Total Geral da Despesa por Função,RS,22218.3
DCA-Anexo I-E,2024,DESPESA,DCA-Anexo I-E,TotalDespesas,4318002,Despesas Empenhadas,18 - Gestão Ambiental,2024,Prefeitura Municipal de São Borja - RS,58757,Total Geral da Despesa por Função,RS,82909.67
DCA-Anexo I-E,2024,DESPESA,DCA-Anexo I-E,TotalDespesas,4318002,Despesas Empenhadas,18.541 - Preservação e Conservação Ambiental,2024,Prefeitura Municipal de São Borja - RS,58757,Total Geral da Despesa por Função,RS,82909.67
DCA-Anexo I-E,2024,DESPESA,DCA-Anexo I-E,TotalDespesas,4318002,Despesas Empenhadas,20 - Agricultura,2024,Prefeitura Municipal de São Borja - RS,58757,Total Geral da Despesa por Função,RS,181262.97
DCA-Anexo I-E,2024,DESPESA,DCA-Anexo I-E,TotalDespesas,4318002,Despesas Empenhadas,20.606 - Extensão Rural,2024,Prefeitura Municipal de São Borja - RS,58757,Total Geral da Despesa por Função,RS,176395.77
DCA-Anexo I-E,2024,DESPESA,DCA-Anexo I-E,TotalDespesas,4318002,Despesas Empenhadas,20.122 - Administração Geral,2024,Prefeitura Municipal de São Borja - RS,58757,Total Geral da Despesa por Função,RS,4867.2
DCA-Anexo I-E,2024,DESPESA,DCA-Anexo I-E,TotalDespesas,4318002,Despesas Empenhadas,23 - Comércio e Serviços,2024,Prefeitura Municipal de São Borja - RS,58757,Total Geral da Despesa por Função,RS,572966.08
DCA-Anexo I-E,2024,DESPESA,DCA-Anexo I-E,TotalDespesas,4318002,Despesas Empenhadas,23.695 - Turismo,2024,Prefeitura Municipal de São Borja - RS,58757,Total Geral da Despesa por Função,RS,572966.08
DCA-Anexo I-E,2024,DESPESA,DCA-Anexo I-E,TotalDespesas,4318002,Despesas Empenhadas,26 - Transporte,2024,Prefeitura Municipal de São Borja - RS,58757,Total Geral da Despesa por Função,RS,4985183.47
DCA-Anexo I-E,2024,DESPESA,DCA-Anexo I-E,TotalDespesas,4318002,Despesas Empenhadas,26.781 - Transporte Aéreo,2024,Prefeitura Municipal de São Borja - RS,58757,Total Geral da Despesa por Função,RS,4369890.65
DCA-Anexo I-E,2024,DESPESA,DCA-Anexo I-E,TotalDespesas,4318002,Despesas Empenhadas,26.782 - Transporte Rodoviário,2024,Prefeitura Municipal de São Borja - RS,58757,Total Geral da Despesa por Função,RS,615292.82
DCA-Anexo I-E,2024,DESPESA,DCA-Anexo I-E,TotalDespesas,4318002,Despesas Empenhadas,27 - Desporto e Lazer,2024,Prefeitura Municipal de São Borja - RS,58757,Total Geral da Despesa por Função,RS,395339.43
DCA-Anexo I-E,2024,DESPESA,DCA-Anexo I-E,TotalDespesas,4318002,Despesas Empenhadas,27.811 - Desporto de Rendimento,2024,Prefeitura Municipal de São Borja - RS,58757,Total Geral da Despesa por Função,RS,13402.79
DCA-Anexo I-E,2024,DESPESA,DCA-Anexo I-E,TotalDespesas,4318002,Despesas Empenhadas,27.812 - Desporto Comunitário,2024,Prefeitura Municipal de São Borja - RS,58757,Total Geral da Despesa por Função,RS,381936.64
DCA-Anexo I-E,2024,DESPESA,DCA-Anexo I-E,TotalDespesas,4318002,Despesas Empenhadas,28 - Encargos Especiais,2024,Prefeitura Municipal de São Borja - RS,58757,Total Geral da Despesa por Função,RS,19702679.28
DCA-Anexo I-E,2024,DESPESA|DIVIDA,DCA-Anexo I-E,TotalDespesas,4318002,Despesas Empenhadas,28.843 - Serviço da Dívida Interna,2024,Prefeitura Municipal de São Borja - RS,58757,Total Geral da Despesa por Função,RS,19702679.28
DCA-Anexo I-E,2024,DESPESA,DCA-Anexo I-E,TotalDespesas,4318002,Despesas Empenhadas,Despesas Intraorçamentárias,2024,Prefeitura Municipal de São Borja - RS,58757,Total Geral da Despesa por Função,RS,28608821.21
DCA-Anexo I-E,2024,DESPESA,DCA-Anexo I-E,TotalDespesas,4318002,Despesas Liquidadas,Despesas Exceto Intraorçamentárias,2024,Prefeitura Municipal de São Borja - RS,58757,Total Geral da Despesa por Função,RS,325059781.88
DCA-Anexo I-E,2024,DESPESA,DCA-Anexo I-E,TotalDespesas,4318002,Despesas Liquidadas,01 - Legislativa,2024,Prefeitura Municipal de São Borja - RS,58757,Total Geral da Despesa por Função,RS,8998534.91
DCA-Anexo I-E,2024,DESPESA,DCA-Anexo I-E,TotalDespesas,4318002,Despesas Liquidadas,01.031 - Ação Legislativa,2024,Prefeitura Municipal de São Borja - RS,58757,Total Geral da Despesa por Função,RS,8998534.91
DCA-Anexo I-E,2024,DESPESA,DCA-Anexo I-E,TotalDespesas,4318002,Despesas Liquidadas,04 - Administração,2024,Prefeitura Municipal de São Borja - RS,58757,Total Geral da Despesa por Função,RS,34249299.98
DCA-Anexo I-E,2024,DESPESA,DCA-Anexo I-E,TotalDespesas,4318002,Despesas Liquidadas,04.121 - Planejamento e Orçamento,2024,Prefeitura Municipal de São Borja - RS,58757,Total Geral da Despesa por Função,RS,4712468.56
DCA-Anexo I-E,2024,DESPESA,DCA-Anexo I-E,TotalDespesas,4318002,Despesas Liquidadas,04.122 - Administração Geral,2024,Prefeitura Municipal de São Borja - RS,58757,Total Geral da Despesa por Função,RS,28733023.82
DCA-Anexo I-E,2024,DESPESA,DCA-Anexo I-E,TotalDespesas,4318002,Despesas Liquidadas,04.124 - Controle Interno,2024,Prefeitura Municipal de São Borja - RS,58757,Total Geral da Despesa por Função,RS,379474.72
DCA-Anexo I-E,2024,DESPESA,DCA-Anexo I-E,TotalDespesas,4318002,Despesas Liquidadas,04.126 - Tecnologia da Informação,2024,Prefeitura Municipal de São Borja - RS,58757,Total Geral da Despesa por Função,RS,251452.82
DCA-Anexo I-E,2024,DESPESA,DCA-Anexo I-E,TotalDespesas,4318002,Despesas Liquidadas,04.128 - Formação de Recursos Humanos,2024,Prefeitura Municipal de São Borja - RS,58757,Total Geral da Despesa por Função,RS,61000
DCA-Anexo I-E,2024,DESPESA,DCA-Anexo I-E,TotalDespesas,4318002,Despesas Liquidadas,04.129 - Administração de Receitas,2024,Prefeitura Municipal de São Borja - RS,58757,Total Geral da Despesa por Função,RS,99000
DCA-Anexo I-E,2024,DESPESA,DCA-Anexo I-E,TotalDespesas,4318002,Despesas Liquidadas,FU04 - Demais Subfunções,2024,Prefeitura Municipal de São Borja - RS,58757,Total Geral da Despesa por Função,RS,12880.06
DCA-Anexo I-E,2024,DESPESA,DCA-Anexo I-E,TotalDespesas,4318002,Despesas Liquidadas,06 - Segurança Pública,2024,Prefeitura Municipal de São Borja - RS,58757,Total Geral da Despesa por Função,RS,1750558.64
DCA-Anexo I-E,2024,DESPESA,DCA-Anexo I-E,TotalDespesas,4318002,Despesas Liquidadas,06.181 - Policiamento,2024,Prefeitura Municipal de São Borja - RS,58757,Total Geral da Despesa por Função,RS,522275.68
DCA-Anexo I-E,2024,DESPESA,DCA-Anexo I-E,TotalDespesas,4318002,Despesas Liquidadas,06.182 - Defesa Civil,2024,Prefeitura Municipal de São Borja - RS,58757,Total Geral da Despesa por Função,RS,1228282.96
DCA-Anexo I-E,2024,DESPESA,DCA-Anexo I-E,TotalDespesas,4318002,Despesas Liquidadas,08 - Assistência Social,2024,Prefeitura Municipal de São Borja - RS,58757,Total Geral da Despesa por Função,RS,10384353.88
DCA-Anexo I-E,2024,DESPESA,DCA-Anexo I-E,TotalDespesas,4318002,Despesas Liquidadas,08.241 - Assistência ao Idoso,2024,Prefeitura Municipal de São Borja - RS,58757,Total Geral da Despesa por Função,RS,39048.23
DCA-Anexo I-E,2024,DESPESA,DCA-Anexo I-E,TotalDespesas,4318002,Despesas Liquidadas,08.243 - Assistência à Criança e ao Adolescente,2024,Prefeitura Municipal de São Borja - RS,58757,Total Geral da Despesa por Função,RS,5696157.25
DCA-Anexo I-E,2024,DESPESA,DCA-Anexo I-E,TotalDespesas,4318002,Despesas Liquidadas,08.244 - Assistência Comunitária,2024,Prefeitura Municipal de São Borja - RS,58757,Total Geral da Despesa por Função,RS,3798217.97
DCA-Anexo I-E,2024,DESPESA,DCA-Anexo I-E,TotalDespesas,4318002,Despesas Liquidadas,08.122 - Administração Geral,2024,Prefeitura Municipal de São Borja - RS,58757,Total Geral da Despesa por Função,RS,850930.43
DCA-Anexo I-E,2024,DESPESA|PREVID,DCA-Anexo I-E,TotalDespesas,4318002,Despesas Liquidadas,09 - Previdência Social,2024,Prefeitura Municipal de São Borja - RS,58757,Total Geral da Despesa por Função,RS,43523882.94
DCA-Anexo I-E,2024,DESPESA|PREVID,DCA-Anexo I-E,TotalDespesas,4318002,Despesas Liquidadas,09.272 - Previdência do Regime Estatutário,2024,Prefeitura Municipal de São Borja - RS,58757,Total Geral da Despesa por Função,RS,42893775.45
DCA-Anexo I-E,2024,DESPESA,DCA-Anexo I-E,TotalDespesas,4318002,Despesas Liquidadas,09.122 - Administração Geral,2024,Prefeitura Municipal de São Borja - RS,58757,Total Geral da Despesa por Função,RS,630107.49
DCA-Anexo I-E,2024,DESPESA,DCA-Anexo I-E,TotalDespesas,4318002,Despesas Liquidadas,10 - Saúde,2024,Prefeitura Municipal de São Borja - RS,58757,Total Geral da Despesa por Função,RS,103205182.04
DCA-Anexo I-E,2024,DESPESA,DCA-Anexo I-E,TotalDespesas,4318002,Despesas Liquidadas,10.301 - Atenção Básica,2024,Prefeitura Municipal de São Borja - RS,58757,Total Geral da Despesa por Função,RS,39611983.42
DCA-Anexo I-E,2024,DESPESA,DCA-Anexo I-E,TotalDespesas,4318002,Despesas Liquidadas,10.302 - Assistência Hospitalar e Ambulatorial,2024,Prefeitura Municipal de São Borja - RS,58757,Total Geral da Despesa por Função,RS,57811681.65
DCA-Anexo I-E,2024,DESPESA,DCA-Anexo I-E,TotalDespesas,4318002,Despesas Liquidadas,10.303 - Suporte Profilático e Terapêutico,2024,Prefeitura Municipal de São Borja - RS,58757,Total Geral da Despesa por Função,RS,716058.7
DCA-Anexo I-E,2024,DESPESA,DCA-Anexo I-E,TotalDespesas,4318002,Despesas Liquidadas,10.304 - Vigilância Sanitária,2024,Prefeitura Municipal de São Borja - RS,58757,Total Geral da Despesa por Função,RS,852084.61
DCA-Anexo I-E,2024,DESPESA,DCA-Anexo I-E,TotalDespesas,4318002,Despesas Liquidadas,10.122 - Administração Geral,2024,Prefeitura Municipal de São Borja - RS,58757,Total Geral da Despesa por Função,RS,4213373.66
DCA-Anexo I-E,2024,DESPESA,DCA-Anexo I-E,TotalDespesas,4318002,Despesas Liquidadas,11 - Trabalho,2024,Prefeitura Municipal de São Borja - RS,58757,Total Geral da Despesa por Função,RS,146827.17
DCA-Anexo I-E,2024,DESPESA,DCA-Anexo I-E,TotalDespesas,4318002,Despesas Liquidadas,11.334 - Fomento ao Trabalho,2024,Prefeitura Municipal de São Borja - RS,58757,Total Geral da Despesa por Função,RS,146827.17
DCA-Anexo I-E,2024,DESPESA,DCA-Anexo I-E,TotalDespesas,4318002,Despesas Liquidadas,12 - Educação,2024,Prefeitura Municipal de São Borja - RS,58757,Total Geral da Despesa por Função,RS,73280720.65
DCA-Anexo I-E,2024,DESPESA,DCA-Anexo I-E,TotalDespesas,4318002,Despesas Liquidadas,12.361 - Ensino Fundamental,2024,Prefeitura Municipal de São Borja - RS,58757,Total Geral da Despesa por Função,RS,53653509.95
DCA-Anexo I-E,2024,DESPESA,DCA-Anexo I-E,TotalDespesas,4318002,Despesas Liquidadas,12.362 - Ensino Médio,2024,Prefeitura Municipal de São Borja - RS,58757,Total Geral da Despesa por Função,RS,1247939.6
DCA-Anexo I-E,2024,DESPESA,DCA-Anexo I-E,TotalDespesas,4318002,Despesas Liquidadas,12.365 - Educação Infantil,2024,Prefeitura Municipal de São Borja - RS,58757,Total Geral da Despesa por Função,RS,13528392.96
DCA-Anexo I-E,2024,DESPESA,DCA-Anexo I-E,TotalDespesas,4318002,Despesas Liquidadas,12.366 - Educação de Jovens e Adultos,2024,Prefeitura Municipal de São Borja - RS,58757,Total Geral da Despesa por Função,RS,531734.86
DCA-Anexo I-E,2024,DESPESA,DCA-Anexo I-E,TotalDespesas,4318002,Despesas Liquidadas,12.367 - Educação Especial,2024,Prefeitura Municipal de São Borja - RS,58757,Total Geral da Despesa por Função,RS,250000
DCA-Anexo I-E,2024,DESPESA,DCA-Anexo I-E,TotalDespesas,4318002,Despesas Liquidadas,12.122 - Administração Geral,2024,Prefeitura Municipal de São Borja - RS,58757,Total Geral da Despesa por Função,RS,4069143.28
DCA-Anexo I-E,2024,DESPESA,DCA-Anexo I-E,TotalDespesas,4318002,Despesas Liquidadas,13 - Cultura,2024,Prefeitura Municipal de São Borja - RS,58757,Total Geral da Despesa por Função,RS,1707628.22
DCA-Anexo I-E,2024,DESPESA,DCA-Anexo I-E,TotalDespesas,4318002,Despesas Liquidadas,13.392 - Difusão Cultural,2024,Prefeitura Municipal de São Borja - RS,58757,Total Geral da Despesa por Função,RS,1707628.22
DCA-Anexo I-E,2024,DESPESA,DCA-Anexo I-E,TotalDespesas,4318002,Despesas Liquidadas,14 - Direitos da Cidadania,2024,Prefeitura Municipal de São Borja - RS,58757,Total Geral da Despesa por Função,RS,17495.59
DCA-Anexo I-E,2024,DESPESA,DCA-Anexo I-E,TotalDespesas,4318002,Despesas Liquidadas,"14.422 - Direitos Individuais, Coletivos e Difusos",2024,Prefeitura Municipal de São Borja - RS,58757,Total Geral da Despesa por Função,RS,1211.3
DCA-Anexo I-E,2024,DESPESA,DCA-Anexo I-E,TotalDespesas,4318002,Despesas Liquidadas,FU14 - Demais Subfunções,2024,Prefeitura Municipal de São Borja - RS,58757,Total Geral da Despesa por Função,RS,16284.29
DCA-Anexo I-E,2024,DESPESA,DCA-Anexo I-E,TotalDespesas,4318002,Despesas Liquidadas,15 - Urbanismo,2024,Prefeitura Municipal de São Borja - RS,58757,Total Geral da Despesa por Função,RS,26356269.57
DCA-Anexo I-E,2024,DESPESA,DCA-Anexo I-E,TotalDespesas,4318002,Despesas Liquidadas,15.451 - Infraestrutura Urbana,2024,Prefeitura Municipal de São Borja - RS,58757,Total Geral da Despesa por Função,RS,4576287.57
DCA-Anexo I-E,2024,DESPESA,DCA-Anexo I-E,TotalDespesas,4318002,Despesas Liquidadas,15.452 - Serviços Urbanos,2024,Prefeitura Municipal de São Borja - RS,58757,Total Geral da Despesa por Função,RS,20223183.95
DCA-Anexo I-E,2024,DESPESA,DCA-Anexo I-E,TotalDespesas,4318002,Despesas Liquidadas,15.453 - Transportes Coletivos Urbanos,2024,Prefeitura Municipal de São Borja - RS,58757,Total Geral da Despesa por Função,RS,1556798.05
DCA-Anexo I-E,2024,DESPESA,DCA-Anexo I-E,TotalDespesas,4318002,Despesas Liquidadas,16 - Habitação,2024,Prefeitura Municipal de São Borja - RS,58757,Total Geral da Despesa por Função,RS,41129.18
DCA-Anexo I-E,2024,DESPESA,DCA-Anexo I-E,TotalDespesas,4318002,Despesas Liquidadas,16.482 - Habitação Urbana,2024,Prefeitura Municipal de São Borja - RS,58757,Total Geral da Despesa por Função,RS,41129.18
DCA-Anexo I-E,2024,DESPESA,DCA-Anexo I-E,TotalDespesas,4318002,Despesas Liquidadas,17 - Saneamento,2024,Prefeitura Municipal de São Borja - RS,58757,Total Geral da Despesa por Função,RS,22202.8
DCA-Anexo I-E,2024,DESPESA,DCA-Anexo I-E,TotalDespesas,4318002,Despesas Liquidadas,17.511 - Saneamento Básico Rural,2024,Prefeitura Municipal de São Borja - RS,58757,Total Geral da Despesa por Função,RS,22202.8
DCA-Anexo I-E,2024,DESPESA,DCA-Anexo I-E,TotalDespesas,4318002,Despesas Liquidadas,18 - Gestão Ambiental,2024,Prefeitura Municipal de São Borja - RS,58757,Total Geral da Despesa por Função,RS,26023.69
DCA-Anexo I-E,2024,DESPESA,DCA-Anexo I-E,TotalDespesas,4318002,Despesas Liquidadas,18.541 - Preservação e Conservação Ambiental,2024,Prefeitura Municipal de São Borja - RS,58757,Total Geral da Despesa por Função,RS,26023.69
DCA-Anexo I-E,2024,DESPESA,DCA-Anexo I-E,TotalDespesas,4318002,Despesas Liquidadas,20 - Agricultura,2024,Prefeitura Municipal de São Borja - RS,58757,Total Geral da Despesa por Função,RS,178514.79
DCA-Anexo I-E,2024,DESPESA,DCA-Anexo I-E,TotalDespesas,4318002,Despesas Liquidadas,20.606 - Extensão Rural,2024,Prefeitura Municipal de São Borja - RS,58757,Total Geral da Despesa por Função,RS,173647.59
DCA-Anexo I-E,2024,DESPESA,DCA-Anexo I-E,TotalDespesas,4318002,Despesas Liquidadas,20.122 - Administração Geral,2024,Prefeitura Municipal de São Borja - RS,58757,Total Geral da Despesa por Função,RS,4867.2
DCA-Anexo I-E,2024,DESPESA,DCA-Anexo I-E,TotalDespesas,4318002,Despesas Liquidadas,23 - Comércio e Serviços,2024,Prefeitura Municipal de São Borja - RS,58757,Total Geral da Despesa por Função,RS,534027.32
DCA-Anexo I-E,2024,DESPESA,DCA-Anexo I-E,TotalDespesas,4318002,Despesas Liquidadas,23.695 - Turismo,2024,Prefeitura Municipal de São Borja - RS,58757,Total Geral da Despesa por Função,RS,534027.32
DCA-Anexo I-E,2024,DESPESA,DCA-Anexo I-E,TotalDespesas,4318002,Despesas Liquidadas,26 - Transporte,2024,Prefeitura Municipal de São Borja - RS,58757,Total Geral da Despesa por Função,RS,770536.38
DCA-Anexo I-E,2024,DESPESA,DCA-Anexo I-E,TotalDespesas,4318002,Despesas Liquidadas,26.781 - Transporte Aéreo,2024,Prefeitura Municipal de São Borja - RS,58757,Total Geral da Despesa por Função,RS,155715.16
DCA-Anexo I-E,2024,DESPESA,DCA-Anexo I-E,TotalDespesas,4318002,Despesas Liquidadas,26.782 - Transporte Rodoviário,2024,Prefeitura Municipal de São Borja - RS,58757,Total Geral da Despesa por Função,RS,614821.22
DCA-Anexo I-E,2024,DESPESA,DCA-Anexo I-E,TotalDespesas,4318002,Despesas Liquidadas,27 - Desporto e Lazer,2024,Prefeitura Municipal de São Borja - RS,58757,Total Geral da Despesa por Função,RS,163914.85
DCA-Anexo I-E,2024,DESPESA,DCA-Anexo I-E,TotalDespesas,4318002,Despesas Liquidadas,27.811 - Desporto de Rendimento,2024,Prefeitura Municipal de São Borja - RS,58757,Total Geral da Despesa por Função,RS,13010.64
DCA-Anexo I-E,2024,DESPESA,DCA-Anexo I-E,TotalDespesas,4318002,Despesas Liquidadas,27.812 - Desporto Comunitário,2024,Prefeitura Municipal de São Borja - RS,58757,Total Geral da Despesa por Função,RS,150904.21
DCA-Anexo I-E,2024,DESPESA,DCA-Anexo I-E,TotalDespesas,4318002,Despesas Liquidadas,28 - Encargos Especiais,2024,Prefeitura Municipal de São Borja - RS,58757,Total Geral da Despesa por Função,RS,19702679.28
DCA-Anexo I-E,2024,DESPESA|DIVIDA,DCA-Anexo I-E,TotalDespesas,4318002,Despesas Liquidadas,28.843 - Serviço da Dívida Interna,2024,Prefeitura Municipal de São Borja - RS,58757,Total Geral da Despesa por Função,RS,19702679.28
DCA-Anexo I-E,2024,DESPESA,DCA-Anexo I-E,TotalDespesas,4318002,Despesas Liquidadas,Despesas Intraorçamentárias,2024,Prefeitura Municipal de São Borja - RS,58757,Total Geral da Despesa por Função,RS,28608821.21
DCA-Anexo I-E,2024,DESPESA,DCA-Anexo I-E,TotalDespesas,4318002,Despesas Pagas,Despesas Exceto Intraorçamentárias,2024,Prefeitura Municipal de São Borja - RS,58757,Total Geral da Despesa por Função,RS,322284850.6
DCA-Anexo I-E,2024,DESPESA,DCA-Anexo I-E,TotalDespesas,4318002,Despesas Pagas,01 - Legislativa,2024,Prefeitura Municipal de São Borja - RS,58757,Total Geral da Despesa por Função,RS,8998534.91
DCA-Anexo I-E,2024,DESPESA,DCA-Anexo I-E,TotalDespesas,4318002,Despesas Pagas,01.031 - Ação Legislativa,2024,Prefeitura Municipal de São Borja - RS,58757,Total Geral da Despesa por Função,RS,8998534.91
DCA-Anexo I-E,2024,DESPESA,DCA-Anexo I-E,TotalDespesas,4318002,Despesas Pagas,04 - Administração,2024,Prefeitura Municipal de São Borja - RS,58757,Total Geral da Despesa por Função,RS,33893204.83
DCA-Anexo I-E,2024,DESPESA,DCA-Anexo I-E,TotalDespesas,4318002,Despesas Pagas,04.121 - Planejamento e Orçamento,2024,Prefeitura Municipal de São Borja - RS,58757,Total Geral da Despesa por Função,RS,4683613.65
DCA-Anexo I-E,2024,DESPESA,DCA-Anexo I-E,TotalDespesas,4318002,Despesas Pagas,04.122 - Administração Geral,2024,Prefeitura Municipal de São Borja - RS,58757,Total Geral da Despesa por Função,RS,28421532.05
DCA-Anexo I-E,2024,DESPESA,DCA-Anexo I-E,TotalDespesas,4318002,Despesas Pagas,04.124 - Controle Interno,2024,Prefeitura Municipal de São Borja - RS,58757,Total Geral da Despesa por Função,RS,379126.25
DCA-Anexo I-E,2024,DESPESA,DCA-Anexo I-E,TotalDespesas,4318002,Despesas Pagas,04.126 - Tecnologia da Informação,2024,Prefeitura Municipal de São Borja - RS,58757,Total Geral da Despesa por Função,RS,251452.82
DCA-Anexo I-E,2024,DESPESA,DCA-Anexo I-E,TotalDespesas,4318002,Despesas Pagas,04.128 - Formação de Recursos Humanos,2024,Prefeitura Municipal de São Borja - RS,58757,Total Geral da Despesa por Função,RS,45600
DCA-Anexo I-E,2024,DESPESA,DCA-Anexo I-E,TotalDespesas,4318002,Despesas Pagas,04.129 - Administração de Receitas,2024,Prefeitura Municipal de São Borja - RS,58757,Total Geral da Despesa por Função,RS,99000
DCA-Anexo I-E,2024,DESPESA,DCA-Anexo I-E,TotalDespesas,4318002,Despesas Pagas,FU04 - Demais Subfunções,2024,Prefeitura Municipal de São Borja - RS,58757,Total Geral da Despesa por Função,RS,12880.06
DCA-Anexo I-E,2024,DESPESA,DCA-Anexo I-E,TotalDespesas,4318002,Despesas Pagas,06 - Segurança Pública,2024,Prefeitura Municipal de São Borja - RS,58757,Total Geral da Despesa por Função,RS,1740697.17
DCA-Anexo I-E,2024,DESPESA,DCA-Anexo I-E,TotalDespesas,4318002,Despesas Pagas,06.181 - Policiamento,2024,Prefeitura Municipal de São Borja - RS,58757,Total Geral da Despesa por Função,RS,512617.61
DCA-Anexo I-E,2024,DESPESA,DCA-Anexo I-E,TotalDespesas,4318002,Despesas Pagas,06.182 - Defesa Civil,2024,Prefeitura Municipal de São Borja - RS,58757,Total Geral da Despesa por Função,RS,1228079.56
DCA-Anexo I-E,2024,DESPESA,DCA-Anexo I-E,TotalDespesas,4318002,Despesas Pagas,08 - Assistência Social,2024,Prefeitura Municipal de São Borja - RS,58757,Total Geral da Despesa por Função,RS,10294970.87
DCA-Anexo I-E,2024,DESPESA,DCA-Anexo I-E,TotalDespesas,4318002,Despesas Pagas,08.241 - Assistência ao Idoso,2024,Prefeitura Municipal de São Borja - RS,58757,Total Geral da Despesa por Função,RS,39048.23
DCA-Anexo I-E,2024,DESPESA,DCA-Anexo I-E,TotalDespesas,4318002,Despesas Pagas,08.243 - Assistência à Criança e ao Adolescente,2024,Prefeitura Municipal de São Borja - RS,58757,Total Geral da Despesa por Função,RS,5659700.16
DCA-Anexo I-E,2024,DESPESA,DCA-Anexo I-E,TotalDespesas,4318002,Despesas Pagas,08.244 - Assistência Comunitária,2024,Prefeitura Municipal de São Borja - RS,58757,Total Geral da Despesa por Função,RS,3750095.28
DCA-Anexo I-E,2024,DESPESA,DCA-Anexo I-E,TotalDespesas,4318002,Despesas Pagas,08.122 - Administração Geral,2024,Prefeitura Municipal de São Borja - RS,58757,Total Geral da Despesa por Função,RS,846127.2
DCA-Anexo I-E,2024,DESPESA|PREVID,DCA-Anexo I-E,TotalDespesas,4318002,Despesas Pagas,09 - Previdência Social,2024,Prefeitura Municipal de São Borja - RS,58757,Total Geral da Despesa por Função,RS,43523882.94
DCA-Anexo I-E,2024,DESPESA|PREVID,DCA-Anexo I-E,TotalDespesas,4318002,Despesas Pagas,09.272 - Previdência do Regime Estatutário,2024,Prefeitura Municipal de São Borja - RS,58757,Total Geral da Despesa por Função,RS,42893775.45
DCA-Anexo I-E,2024,DESPESA,DCA-Anexo I-E,TotalDespesas,4318002,Despesas Pagas,09.122 - Administração Geral,2024,Prefeitura Municipal de São Borja - RS,58757,Total Geral da Despesa por Função,RS,630107.49
DCA-Anexo I-E,2024,DESPESA,DCA-Anexo I-E,TotalDespesas,4318002,Despesas Pagas,10 - Saúde,2024,Prefeitura Municipal de São Borja - RS,58757,Total Geral da Despesa por Função,RS,102645810.51
DCA-Anexo I-E,2024,DESPESA,DCA-Anexo I-E,TotalDespesas,4318002,Despesas Pagas,10.301 - Atenção Básica,2024,Prefeitura Municipal de São Borja - RS,58757,Total Geral da Despesa por Função,RS,39312680.96
DCA-Anexo I-E,2024,DESPESA,DCA-Anexo I-E,TotalDespesas,4318002,Despesas Pagas,10.302 - Assistência Hospitalar e Ambulatorial,2024,Prefeitura Municipal de São Borja - RS,58757,Total Geral da Despesa por Função,RS,57707957.6
DCA-Anexo I-E,2024,DESPESA,DCA-Anexo I-E,TotalDespesas,4318002,Despesas Pagas,10.303 - Suporte Profilático e Terapêutico,2024,Prefeitura Municipal de São Borja - RS,58757,Total Geral da Despesa por Função,RS,714344.82
DCA-Anexo I-E,2024,DESPESA,DCA-Anexo I-E,TotalDespesas,4318002,Despesas Pagas,10.304 - Vigilância Sanitária,2024,Prefeitura Municipal de São Borja - RS,58757,Total Geral da Despesa por Função,RS,850382.18
DCA-Anexo I-E,2024,DESPESA,DCA-Anexo I-E,TotalDespesas,4318002,Despesas Pagas,10.122 - Administração Geral,2024,Prefeitura Municipal de São Borja - RS,58757,Total Geral da Despesa por Função,RS,4060444.95
DCA-Anexo I-E,2024,DESPESA,DCA-Anexo I-E,TotalDespesas,4318002,Despesas Pagas,11 - Trabalho,2024,Prefeitura Municipal de São Borja - RS,58757,Total Geral da Despesa por Função,RS,146827.17
DCA-Anexo I-E,2024,DESPESA,DCA-Anexo I-E,TotalDespesas,4318002,Despesas Pagas,11.334 - Fomento ao Trabalho,2024,Prefeitura Municipal de São Borja - RS,58757,Total Geral da Despesa por Função,RS,146827.17
DCA-Anexo I-E,2024,DESPESA,DCA-Anexo I-E,TotalDespesas,4318002,Despesas Pagas,12 - Educação,2024,Prefeitura Municipal de São Borja - RS,58757,Total Geral da Despesa por Função,RS,72135649.9
DCA-Anexo I-E,2024,DESPESA,DCA-Anexo I-E,TotalDespesas,4318002,Despesas Pagas,12.361 - Ensino Fundamental,2024,Prefeitura Municipal de São Borja - RS,58757,Total Geral da Despesa por Função,RS,53003850.09
DCA-Anexo I-E,2024,DESPESA,DCA-Anexo I-E,TotalDespesas,4318002,Despesas Pagas,12.362 - Ensino Médio,2024,Prefeitura Municipal de São Borja - RS,58757,Total Geral da Despesa por Função,RS,1247939.6
DCA-Anexo I-E,2024,DESPESA,DCA-Anexo I-E,TotalDespesas,4318002,Despesas Pagas,12.365 - Educação Infantil,2024,Prefeitura Municipal de São Borja - RS,58757,Total Geral da Despesa por Função,RS,13234154.41
DCA-Anexo I-E,2024,DESPESA,DCA-Anexo I-E,TotalDespesas,4318002,Despesas Pagas,12.366 - Educação de Jovens e Adultos,2024,Prefeitura Municipal de São Borja - RS,58757,Total Geral da Despesa por Função,RS,467625.86
DCA-Anexo I-E,2024,DESPESA,DCA-Anexo I-E,TotalDespesas,4318002,Despesas Pagas,12.367 - Educação Especial,2024,Prefeitura Municipal de São Borja - RS,58757,Total Geral da Despesa por Função,RS,250000
DCA-Anexo I-E,2024,DESPESA,DCA-Anexo I-E,TotalDespesas,4318002,Despesas Pagas,12.122 - Administração Geral,2024,Prefeitura Municipal de São Borja - RS,58757,Total Geral da Despesa por Função,RS,3932079.94
DCA-Anexo I-E,2024,DESPESA,DCA-Anexo I-E,TotalDespesas,4318002,Despesas Pagas,13 - Cultura,2024,Prefeitura Municipal de São Borja - RS,58757,Total Geral da Despesa por Função,RS,1692207.52
DCA-Anexo I-E,2024,DESPESA,DCA-Anexo I-E,TotalDespesas,4318002,Despesas Pagas,13.392 - Difusão Cultural,2024,Prefeitura Municipal de São Borja - RS,58757,Total Geral da Despesa por Função,RS,1692207.52
DCA-Anexo I-E,2024,DESPESA,DCA-Anexo I-E,TotalDespesas,4318002,Despesas Pagas,14 - Direitos da Cidadania,2024,Prefeitura Municipal de São Borja - RS,58757,Total Geral da Despesa por Função,RS,17495.59
DCA-Anexo I-E,2024,DESPESA,DCA-Anexo I-E,TotalDespesas,4318002,Despesas Pagas,"14.422 - Direitos Individuais, Coletivos e Difusos",2024,Prefeitura Municipal de São Borja - RS,58757,Total Geral da Despesa por Função,RS,1211.3
DCA-Anexo I-E,2024,DESPESA,DCA-Anexo I-E,TotalDespesas,4318002,Despesas Pagas,FU14 - Demais Subfunções,2024,Prefeitura Municipal de São Borja - RS,58757,Total Geral da Despesa por Função,RS,16284.29
DCA-Anexo I-E,2024,DESPESA,DCA-Anexo I-E,TotalDespesas,4318002,Despesas Pagas,15 - Urbanismo,2024,Prefeitura Municipal de São Borja - RS,58757,Total Geral da Despesa por Função,RS,26267384.78
DCA-Anexo I-E,2024,DESPESA,DCA-Anexo I-E,TotalDespesas,4318002,Despesas Pagas,15.451 - Infraestrutura Urbana,2024,Prefeitura Municipal de São Borja - RS,58757,Total Geral da Despesa por Função,RS,4499940.9
DCA-Anexo I-E,2024,DESPESA,DCA-Anexo I-E,TotalDespesas,4318002,Despesas Pagas,15.452 - Serviços Urbanos,2024,Prefeitura Municipal de São Borja - RS,58757,Total Geral da Despesa por Função,RS,20210645.83
DCA-Anexo I-E,2024,DESPESA,DCA-Anexo I-E,TotalDespesas,4318002,Despesas Pagas,15.453 - Transportes Coletivos Urbanos,2024,Prefeitura Municipal de São Borja - RS,58757,Total Geral da Despesa por Função,RS,1556798.05
DCA-Anexo I-E,2024,DESPESA,DCA-Anexo I-E,TotalDespesas,4318002,Despesas Pagas,16 - Habitação,2024,Prefeitura Municipal de São Borja - RS,58757,Total Geral da Despesa por Função,RS,41129.18
DCA-Anexo I-E,2024,DESPESA,DCA-Anexo I-E,TotalDespesas,4318002,Despesas Pagas,16.482 - Habitação Urbana,2024,Prefeitura Municipal de São Borja - RS,58757,Total Geral da Despesa por Função,RS,41129.18
DCA-Anexo I-E,2024,DESPESA,DCA-Anexo I-E,TotalDespesas,4318002,Despesas Pagas,17 - Saneamento,2024,Prefeitura Municipal de São Borja - RS,58757,Total Geral da Despesa por Função,RS,22202.8
DCA-Anexo I-E,2024,DESPESA,DCA-Anexo I-E,TotalDespesas,4318002,Despesas Pagas,17.511 - Saneamento Básico Rural,2024,Prefeitura Municipal de São Borja - RS,58757,Total Geral da Despesa por Função,RS,22202.8
DCA-Anexo I-E,2024,DESPESA,DCA-Anexo I-E,TotalDespesas,4318002,Despesas Pagas,18 - Gestão Ambiental,2024,Prefeitura Municipal de São Borja - RS,58757,Total Geral da Despesa por Função,RS,26023.69
DCA-Anexo I-E,2024,DESPESA,DCA-Anexo I-E,TotalDespesas,4318002,Despesas Pagas,18.541 - Preservação e Conservação Ambiental,2024,Prefeitura Municipal de São Borja - RS,58757,Total Geral da Despesa por Função,RS,26023.69
DCA-Anexo I-E,2024,DESPESA,DCA-Anexo I-E,TotalDespesas,4318002,Despesas Pagas,20 - Agricultura,2024,Prefeitura Municipal de São Borja - RS,58757,Total Geral da Despesa por Função,RS,178514.79
DCA-Anexo I-E,2024,DESPESA,DCA-Anexo I-E,TotalDespesas,4318002,Despesas Pagas,20.606 - Extensão Rural,2024,Prefeitura Municipal de São Borja - RS,58757,Total Geral da Despesa por Função,RS,173647.59
DCA-Anexo I-E,2024,DESPESA,DCA-Anexo I-E,TotalDespesas,4318002,Despesas Pagas,20.122 - Administração Geral,2024,Prefeitura Municipal de São Borja - RS,58757,Total Geral da Despesa por Função,RS,4867.2
DCA-Anexo I-E,2024,DESPESA,DCA-Anexo I-E,TotalDespesas,4318002,Despesas Pagas,23 - Comércio e Serviços,2024,Prefeitura Municipal de São Borja - RS,58757,Total Geral da Despesa por Função,RS,534027.32
DCA-Anexo I-E,2024,DESPESA,DCA-Anexo I-E,TotalDespesas,4318002,Despesas Pagas,23.695 - Turismo,2024,Prefeitura Municipal de São Borja - RS,58757,Total Geral da Despesa por Função,RS,534027.32
DCA-Anexo I-E,2024,DESPESA,DCA-Anexo I-E,TotalDespesas,4318002,Despesas Pagas,26 - Transporte,2024,Prefeitura Municipal de São Borja - RS,58757,Total Geral da Despesa por Função,RS,770536.38
DCA-Anexo I-E,2024,DESPESA,DCA-Anexo I-E,TotalDespesas,4318002,Despesas Pagas,26.781 - Transporte Aéreo,2024,Prefeitura Municipal de São Borja - RS,58757,Total Geral da Despesa por Função,RS,155715.16
DCA-Anexo I-E,2024,DESPESA,DCA-Anexo I-E,TotalDespesas,4318002,Despesas Pagas,26.782 - Transporte Rodoviário,2024,Prefeitura Municipal de São Borja - RS,58757,Total Geral da Despesa por Função,RS,614821.22
DCA-Anexo I-E,2024,DESPESA,DCA-Anexo I-E,TotalDespesas,4318002,Despesas Pagas,27 - Desporto e Lazer,2024,Prefeitura Municipal de São Borja - RS,58757,Total Geral da Despesa por Função,RS,163914.85
DCA-Anexo I-E,2024,DESPESA,DCA-Anexo I-E,TotalDespesas,4318002,Despesas Pagas,27.811 - Desporto de Rendimento,2024,Prefeitura Municipal de São Borja - RS,58757,Total Geral da Despesa por Função,RS,13010.64
DCA-Anexo I-E,2024,DESPESA,DCA-Anexo I-E,TotalDespesas,4318002,Despesas Pagas,27.812 - Desporto Comunitário,2024,Prefeitura Municipal de São Borja - RS,58757,Total Geral da Despesa por Função,RS,150904.21
DCA-Anexo I-E,2024,DESPESA,DCA-Anexo I-E,TotalDespesas,4318002,Despesas Pagas,28 - Encargos Especiais,2024,Prefeitura Municipal de São Borja - RS,58757,Total Geral da Despesa por Função,RS,19191835.4
DCA-Anexo I-E,2024,DESPESA|DIVIDA,DCA-Anexo I-E,TotalDespesas,4318002,Despesas Pagas,28.843 - Serviço da Dívida Interna,2024,Prefeitura Municipal de São Borja - RS,58757,Total Geral da Despesa por Função,RS,19191835.4
DCA-Anexo I-E,2024,DESPESA,DCA-Anexo I-E,TotalDespesas,4318002,Despesas Pagas,Despesas Intraorçamentárias,2024,Prefeitura Municipal de São Borja - RS,58757,Total Geral da Despesa por Função,RS,28608821.21
DCA-Anexo I-E,2024,DESPESA,DCA-Anexo I-E,TotalDespesas,4318002,Inscrição de Restos a Pagar Não Processados,Despesas Exceto Intraorçamentárias,2024,Prefeitura Municipal de São Borja - RS,58757,Total Geral da Despesa por Função,RS,18184481.11
DCA-Anexo I-E,2024,DESPESA,DCA-Anexo I-E,TotalDespesas,4318002,Inscrição de Restos a Pagar Não Processados,01 - Legislativa,2024,Prefeitura Municipal de São Borja - RS,58757,Total Geral da Despesa por Função,RS,350839.18
DCA-Anexo I-E,2024,DESPESA,DCA-Anexo I-E,TotalDespesas,4318002,Inscrição de Restos a Pagar Não Processados,01.031 - Ação Legislativa,2024,Prefeitura Municipal de São Borja - RS,58757,Total Geral da Despesa por Função,RS,350839.18
DCA-Anexo I-E,2024,DESPESA,DCA-Anexo I-E,TotalDespesas,4318002,Inscrição de Restos a Pagar Não Processados,04 - Administração,2024,Prefeitura Municipal de São Borja - RS,58757,Total Geral da Despesa por Função,RS,634728.95
DCA-Anexo I-E,2024,DESPESA,DCA-Anexo I-E,TotalDespesas,4318002,Inscrição de Restos a Pagar Não Processados,04.121 - Planejamento e Orçamento,2024,Prefeitura Municipal de São Borja - RS,58757,Total Geral da Despesa por Função,RS,36992.44
DCA-Anexo I-E,2024,DESPESA,DCA-Anexo I-E,TotalDespesas,4318002,Inscrição de Restos a Pagar Não Processados,04.122 - Administração Geral,2024,Prefeitura Municipal de São Borja - RS,58757,Total Geral da Despesa por Função,RS,448660.83
DCA-Anexo I-E,2024,DESPESA,DCA-Anexo I-E,TotalDespesas,4318002,Inscrição de Restos a Pagar Não Processados,04.126 - Tecnologia da Informação,2024,Prefeitura Municipal de São Borja - RS,58757,Total Geral da Despesa por Função,RS,101195.68
DCA-Anexo I-E,2024,DESPESA,DCA-Anexo I-E,TotalDespesas,4318002,Inscrição de Restos a Pagar Não Processados,04.128 - Formação de Recursos Humanos,2024,Prefeitura Municipal de São Borja - RS,58757,Total Geral da Despesa por Função,RS,38880
DCA-Anexo I-E,2024,DESPESA,DCA-Anexo I-E,TotalDespesas,4318002,Inscrição de Restos a Pagar Não Processados,04.129 - Administração de Receitas,2024,Prefeitura Municipal de São Borja - RS,58757,Total Geral da Despesa por Função,RS,9000
DCA-Anexo I-E,2024,DESPESA,DCA-Anexo I-E,TotalDespesas,4318002,Inscrição de Restos a Pagar Não Processados,06 - Segurança Pública,2024,Prefeitura Municipal de São Borja - RS,58757,Total Geral da Despesa por Função,RS,20551.96
DCA-Anexo I-E,2024,DESPESA,DCA-Anexo I-E,TotalDespesas,4318002,Inscrição de Restos a Pagar Não Processados,06.181 - Policiamento,2024,Prefeitura Municipal de São Borja - RS,58757,Total Geral da Despesa por Função,RS,20551.96
DCA-Anexo I-E,2024,DESPESA,DCA-Anexo I-E,TotalDespesas,4318002,Inscrição de Restos a Pagar Não Processados,08 - Assistência Social,2024,Prefeitura Municipal de São Borja - RS,58757,Total Geral da Despesa por Função,RS,627952.15
DCA-Anexo I-E,2024,DESPESA,DCA-Anexo I-E,TotalDespesas,4318002,Inscrição de Restos a Pagar Não Processados,08.243 - Assistência à Criança e ao Adolescente,2024,Prefeitura Municipal de São Borja - RS,58757,Total Geral da Despesa por Função,RS,569140.49
DCA-Anexo I-E,2024,DESPESA,DCA-Anexo I-E,TotalDespesas,4318002,Inscrição de Restos a Pagar Não Processados,08.244 - Assistência Comunitária,2024,Prefeitura Municipal de São Borja - RS,58757,Total Geral da Despesa por Função,RS,58811.66
DCA-Anexo I-E,2024,DESPESA,DCA-Anexo I-E,TotalDespesas,4318002,Inscrição de Restos a Pagar Não Processados,10 - Saúde,2024,Prefeitura Municipal de São Borja - RS,58757,Total Geral da Despesa por Função,RS,3898547.88
DCA-Anexo I-E,2024,DESPESA,DCA-Anexo I-E,TotalDespesas,4318002,Inscrição de Restos a Pagar Não Processados,10.301 - Atenção Básica,2024,Prefeitura Municipal de São Borja - RS,58757,Total Geral da Despesa por Função,RS,861991.65
DCA-Anexo I-E,2024,DESPESA,DCA-Anexo I-E,TotalDespesas,4318002,Inscrição de Restos a Pagar Não Processados,10.302 - Assistência Hospitalar e Ambulatorial,2024,Prefeitura Municipal de São Borja - RS,58757,Total Geral da Despesa por Função,RS,3026755.11
DCA-Anexo I-E,2024,DESPESA,DCA-Anexo I-E,TotalDespesas,4318002,Inscrição de Restos a Pagar Não Processados,10.303 - Suporte Profilático e Terapêutico,2024,Prefeitura Municipal de São Borja - RS,58757,Total Geral da Despesa por Função,RS,700
DCA-Anexo I-E,2024,DESPESA,DCA-Anexo I-E,TotalDespesas,4318002,Inscrição de Restos a Pagar Não Processados,10.304 - Vigilância Sanitária,2024,Prefeitura Municipal de São Borja - RS,58757,Total Geral da Despesa por Função,RS,3405.09
DCA-Anexo I-E,2024,DESPESA,DCA-Anexo I-E,TotalDespesas,4318002,Inscrição de Restos a Pagar Não Processados,10.122 - Administração Geral,2024,Prefeitura Municipal de São Borja - RS,58757,Total Geral da Despesa por Função,RS,5696.03
DCA-Anexo I-E,2024,DESPESA,DCA-Anexo I-E,TotalDespesas,4318002,Inscrição de Restos a Pagar Não Processados,11 - Trabalho,2024,Prefeitura Municipal de São Borja - RS,58757,Total Geral da Despesa por Função,RS,54430.48
DCA-Anexo I-E,2024,DESPESA,DCA-Anexo I-E,TotalDespesas,4318002,Inscrição de Restos a Pagar Não Processados,11.334 - Fomento ao Trabalho,2024,Prefeitura Municipal de São Borja - RS,58757,Total Geral da Despesa por Função,RS,54430.48
DCA-Anexo I-E,2024,DESPESA,DCA-Anexo I-E,TotalDespesas,4318002,Inscrição de Restos a Pagar Não Processados,12 - Educação,2024,Prefeitura Municipal de São Borja - RS,58757,Total Geral da Despesa por Função,RS,1595109.94
DCA-Anexo I-E,2024,DESPESA,DCA-Anexo I-E,TotalDespesas,4318002,Inscrição de Restos a Pagar Não Processados,12.361 - Ensino Fundamental,2024,Prefeitura Municipal de São Borja - RS,58757,Total Geral da Despesa por Função,RS,1175778.24
DCA-Anexo I-E,2024,DESPESA,DCA-Anexo I-E,TotalDespesas,4318002,Inscrição de Restos a Pagar Não Processados,12.362 - Ensino Médio,2024,Prefeitura Municipal de São Borja - RS,58757,Total Geral da Despesa por Função,RS,6307.48
DCA-Anexo I-E,2024,DESPESA,DCA-Anexo I-E,TotalDespesas,4318002,Inscrição de Restos a Pagar Não Processados,12.365 - Educação Infantil,2024,Prefeitura Municipal de São Borja - RS,58757,Total Geral da Despesa por Função,RS,314361.94
DCA-Anexo I-E,2024,DESPESA,DCA-Anexo I-E,TotalDespesas,4318002,Inscrição de Restos a Pagar Não Processados,12.366 - Educação de Jovens e Adultos,2024,Prefeitura Municipal de São Borja - RS,58757,Total Geral da Despesa por Função,RS,81815.65
DCA-Anexo I-E,2024,DESPESA,DCA-Anexo I-E,TotalDespesas,4318002,Inscrição de Restos a Pagar Não Processados,12.122 - Administração Geral,2024,Prefeitura Municipal de São Borja - RS,58757,Total Geral da Despesa por Função,RS,16846.63
DCA-Anexo I-E,2024,DESPESA,DCA-Anexo I-E,TotalDespesas,4318002,Inscrição de Restos a Pagar Não Processados,13 - Cultura,2024,Prefeitura Municipal de São Borja - RS,58757,Total Geral da Despesa por Função,RS,24734.88
DCA-Anexo I-E,2024,DESPESA,DCA-Anexo I-E,TotalDespesas,4318002,Inscrição de Restos a Pagar Não Processados,13.392 - Difusão Cultural,2024,Prefeitura Municipal de São Borja - RS,58757,Total Geral da Despesa por Função,RS,24734.88
DCA-Anexo I-E,2024,DESPESA,DCA-Anexo I-E,TotalDespesas,4318002,Inscrição de Restos a Pagar Não Processados,14 - Direitos da Cidadania,2024,Prefeitura Municipal de São Borja - RS,58757,Total Geral da Despesa por Função,RS,197.37
DCA-Anexo I-E,2024,DESPESA,DCA-Anexo I-E,TotalDespesas,4318002,Inscrição de Restos a Pagar Não Processados,"14.422 - Direitos Individuais, Coletivos e Difusos",2024,Prefeitura Municipal de São Borja - RS,58757,Total Geral da Despesa por Função,RS,197.37
DCA-Anexo I-E,2024,DESPESA,DCA-Anexo I-E,TotalDespesas,4318002,Inscrição de Restos a Pagar Não Processados,15 - Urbanismo,2024,Prefeitura Municipal de São Borja - RS,58757,Total Geral da Despesa por Função,RS,4532978.16
DCA-Anexo I-E,2024,DESPESA,DCA-Anexo I-E,TotalDespesas,4318002,Inscrição de Restos a Pagar Não Processados,15.451 - Infraestrutura Urbana,2024,Prefeitura Municipal de São Borja - RS,58757,Total Geral da Despesa por Função,RS,346111.43
DCA-Anexo I-E,2024,DESPESA,DCA-Anexo I-E,TotalDespesas,4318002,Inscrição de Restos a Pagar Não Processados,15.452 - Serviços Urbanos,2024,Prefeitura Municipal de São Borja - RS,58757,Total Geral da Despesa por Função,RS,4186866.73
DCA-Anexo I-E,2024,DESPESA,DCA-Anexo I-E,TotalDespesas,4318002,Inscrição de Restos a Pagar Não Processados,16 - Habitação,2024,Prefeitura Municipal de São Borja - RS,58757,Total Geral da Despesa por Função,RS,1899750.07
DCA-Anexo I-E,2024,DESPESA,DCA-Anexo I-E,TotalDespesas,4318002,Inscrição de Restos a Pagar Não Processados,16.482 - Habitação Urbana,2024,Prefeitura Municipal de São Borja - RS,58757,Total Geral da Despesa por Função,RS,1899750.07
DCA-Anexo I-E,2024,DESPESA,DCA-Anexo I-E,TotalDespesas,4318002,Inscrição de Restos a Pagar Não Processados,17 - Saneamento,2024,Prefeitura Municipal de São Borja - RS,58757,Total Geral da Despesa por Função,RS,15.5
DCA-Anexo I-E,2024,DESPESA,DCA-Anexo I-E,TotalDespesas,4318002,Inscrição de Restos a Pagar Não Processados,17.511 - Saneamento Básico Rural,2024,Prefeitura Municipal de São Borja - RS,58757,Total Geral da Despesa por Função,RS,15.5
DCA-Anexo I-E,2024,DESPESA,DCA-Anexo I-E,TotalDespesas,4318002,Inscrição de Restos a Pagar Não Processados,18 - Gestão Ambiental,2024,Prefeitura Municipal de São Borja - RS,58757,Total Geral da Despesa por Função,RS,56885.98
DCA-Anexo I-E,2024,DESPESA,DCA-Anexo I-E,TotalDespesas,4318002,Inscrição de Restos a Pagar Não Processados,18.541 - Preservação e Conservação Ambiental,2024,Prefeitura Municipal de São Borja - RS,58757,Total Geral da Despesa por Função,RS,56885.98
DCA-Anexo I-E,2024,DESPESA,DCA-Anexo I-E,TotalDespesas,4318002,Inscrição de Restos a Pagar Não Processados,20 - Agricultura,2024,Prefeitura Municipal de São Borja - RS,58757,Total Geral da Despesa por Função,RS,2748.18
DCA-Anexo I-E,2024,DESPESA,DCA-Anexo I-E,TotalDespesas,4318002,Inscrição de Restos a Pagar Não Processados,20.606 - Extensão Rural,2024,Prefeitura Municipal de São Borja - RS,58757,Total Geral da Despesa por Função,RS,2748.18
DCA-Anexo I-E,2024,DESPESA,DCA-Anexo I-E,TotalDespesas,4318002,Inscrição de Restos a Pagar Não Processados,23 - Comércio e Serviços,2024,Prefeitura Municipal de São Borja - RS,58757,Total Geral da Despesa por Função,RS,38938.76
DCA-Anexo I-E,2024,DESPESA,DCA-Anexo I-E,TotalDespesas,4318002,Inscrição de Restos a Pagar Não Processados,23.695 - Turismo,2024,Prefeitura Municipal de São Borja - RS,58757,Total Geral da Despesa por Função,RS,38938.76
DCA-Anexo I-E,2024,DESPESA,DCA-Anexo I-E,TotalDespesas,4318002,Inscrição de Restos a Pagar Não Processados,26 - Transporte,2024,Prefeitura Municipal de São Borja - RS,58757,Total Geral da Despesa por Função,RS,4214647.09
DCA-Anexo I-E,2024,DESPESA,DCA-Anexo I-E,TotalDespesas,4318002,Inscrição de Restos a Pagar Não Processados,26.781 - Transporte Aéreo,2024,Prefeitura Municipal de São Borja - RS,58757,Total Geral da Despesa por Função,RS,4214175.49
DCA-Anexo I-E,2024,DESPESA,DCA-Anexo I-E,TotalDespesas,4318002,Inscrição de Restos a Pagar Não Processados,26.782 - Transporte Rodoviário,2024,Prefeitura Municipal de São Borja - RS,58757,Total Geral da Despesa por Função,RS,471.6
DCA-Anexo I-E,2024,DESPESA,DCA-Anexo I-E,TotalDespesas,4318002,Inscrição de Restos a Pagar Não Processados,27 - Desporto e Lazer,2024,Prefeitura Municipal de São Borja - RS,58757,Total Geral da Despesa por Função,RS,231424.58
DCA-Anexo I-E,2024,DESPESA,DCA-Anexo I-E,TotalDespesas,4318002,Inscrição de Restos a Pagar Não Processados,27.811 - Desporto de Rendimento,2024,Prefeitura Municipal de São Borja - RS,58757,Total Geral da Despesa por Função,RS,392.15
DCA-Anexo I-E,2024,DESPESA,DCA-Anexo I-E,TotalDespesas,4318002,Inscrição de Restos a Pagar Não Processados,27.812 - Desporto Comunitário,2024,Prefeitura Municipal de São Borja - RS,58757,Total Geral da Despesa por Função,RS,231032.43
DCA-Anexo I-E,2024,DESPESA,DCA-Anexo I-E,TotalDespesas,4318002,Inscrição de Restos a Pagar Processados,Despesas Exceto Intraorçamentárias,2024,Prefeitura Municipal de São Borja - RS,58757,Total Geral da Despesa por Função,RS,2774931.28
DCA-Anexo I-E,2024,DESPESA,DCA-Anexo I-E,TotalDespesas,4318002,Inscrição de Restos a Pagar Processados,04 - Administração,2024,Prefeitura Municipal de São Borja - RS,58757,Total Geral da Despesa por Função,RS,356095.15
DCA-Anexo I-E,2024,DESPESA,DCA-Anexo I-E,TotalDespesas,4318002,Inscrição de Restos a Pagar Processados,04.121 - Planejamento e Orçamento,2024,Prefeitura Municipal de São Borja - RS,58757,Total Geral da Despesa por Função,RS,28854.91
DCA-Anexo I-E,2024,DESPESA,DCA-Anexo I-E,TotalDespesas,4318002,Inscrição de Restos a Pagar Processados,04.122 - Administração Geral,2024,Prefeitura Municipal de São Borja - RS,58757,Total Geral da Despesa por Função,RS,311491.77
DCA-Anexo I-E,2024,DESPESA,DCA-Anexo I-E,TotalDespesas,4318002,Inscrição de Restos a Pagar Processados,04.124 - Controle Interno,2024,Prefeitura Municipal de São Borja - RS,58757,Total Geral da Despesa por Função,RS,348.47
DCA-Anexo I-E,2024,DESPESA,DCA-Anexo I-E,TotalDespesas,4318002,Inscrição de Restos a Pagar Processados,04.128 - Formação de Recursos Humanos,2024,Prefeitura Municipal de São Borja - RS,58757,Total Geral da Despesa por Função,RS,15400
DCA-Anexo I-E,2024,DESPESA,DCA-Anexo I-E,TotalDespesas,4318002,Inscrição de Restos a Pagar Processados,06 - Segurança Pública,2024,Prefeitura Municipal de São Borja - RS,58757,Total Geral da Despesa por Função,RS,9861.47
DCA-Anexo I-E,2024,DESPESA,DCA-Anexo I-E,TotalDespesas,4318002,Inscrição de Restos a Pagar Processados,06.181 - Policiamento,2024,Prefeitura Municipal de São Borja - RS,58757,Total Geral da Despesa por Função,RS,9658.07
DCA-Anexo I-E,2024,DESPESA,DCA-Anexo I-E,TotalDespesas,4318002,Inscrição de Restos a Pagar Processados,06.182 - Defesa Civil,2024,Prefeitura Municipal de São Borja - RS,58757,Total Geral da Despesa por Função,RS,203.4
DCA-Anexo I-E,2024,DESPESA,DCA-Anexo I-E,TotalDespesas,4318002,Inscrição de Restos a Pagar Processados,08 - Assistência Social,2024,Prefeitura Municipal de São Borja - RS,58757,Total Geral da Despesa por Função,RS,89383.01
DCA-Anexo I-E,2024,DESPESA,DCA-Anexo I-E,TotalDespesas,4318002,Inscrição de Restos a Pagar Processados,08.243 - Assistência à Criança e ao Adolescente,2024,Prefeitura Municipal de São Borja - RS,58757,Total Geral da Despesa por Função,RS,36457.09
DCA-Anexo I-E,2024,DESPESA,DCA-Anexo I-E,TotalDespesas,4318002,Inscrição de Restos a Pagar Processados,08.244 - Assistência Comunitária,2024,Prefeitura Municipal de São Borja - RS,58757,Total Geral da Despesa por Função,RS,48122.69
DCA-Anexo I-E,2024,DESPESA,DCA-Anexo I-E,TotalDespesas,4318002,Inscrição de Restos a Pagar Processados,08.122 - Administração Geral,2024,Prefeitura Municipal de São Borja - RS,58757,Total Geral da Despesa por Função,RS,4803.23
DCA-Anexo I-E,2024,DESPESA,DCA-Anexo I-E,TotalDespesas,4318002,Inscrição de Restos a Pagar Processados,10 - Saúde,2024,Prefeitura Municipal de São Borja - RS,58757,Total Geral da Despesa por Função,RS,559371.53
DCA-Anexo I-E,2024,DESPESA,DCA-Anexo I-E,TotalDespesas,4318002,Inscrição de Restos a Pagar Processados,10.301 - Atenção Básica,2024,Prefeitura Municipal de São Borja - RS,58757,Total Geral da Despesa por Função,RS,299302.46
DCA-Anexo I-E,2024,DESPESA,DCA-Anexo I-E,TotalDespesas,4318002,Inscrição de Restos a Pagar Processados,10.302 - Assistência Hospitalar e Ambulatorial,2024,Prefeitura Municipal de São Borja - RS,58757,Total Geral da Despesa por Função,RS,103724.05
DCA-Anexo I-E,2024,DESPESA,DCA-Anexo I-E,TotalDespesas,4318002,Inscrição de Restos a Pagar Processados,10.303 - Suporte Profilático e Terapêutico,2024,Prefeitura Municipal de São Borja - RS,58757,Total Geral da Despesa por Função,RS,1713.88
DCA-Anexo I-E,2024,DESPESA,DCA-Anexo I-E,TotalDespesas,4318002,Inscrição de Restos a Pagar Processados,10.304 - Vigilância Sanitária,2024,Prefeitura Municipal de São Borja - RS,58757,Total Geral da Despesa por Função,RS,1702.43
DCA-Anexo I-E,2024,DESPESA,DCA-Anexo I-E,TotalDespesas,4318002,Inscrição de Restos a Pagar Processados,10.122 - Administração Geral,2024,Prefeitura Municipal de São Borja - RS,58757,Total Geral da Despesa por Função,RS,152928.71
DCA-Anexo I-E,2024,DESPESA,DCA-Anexo I-E,TotalDespesas,4318002,Inscrição de Restos a Pagar Processados,12 - Educação,2024,Prefeitura Municipal de São Borja - RS,58757,Total Geral da Despesa por Função,RS,1145070.75
DCA-Anexo I-E,2024,DESPESA,DCA-Anexo I-E,TotalDespesas,4318002,Inscrição de Restos a Pagar Processados,12.361 - Ensino Fundamental,2024,Prefeitura Municipal de São Borja - RS,58757,Total Geral da Despesa por Função,RS,649659.86
DCA-Anexo I-E,2024,DESPESA,DCA-Anexo I-E,TotalDespesas,4318002,Inscrição de Restos a Pagar Processados,12.365 - Educação Infantil,2024,Prefeitura Municipal de São Borja - RS,58757,Total Geral da Despesa por Função,RS,294238.55
DCA-Anexo I-E,2024,DESPESA,DCA-Anexo I-E,TotalDespesas,4318002,Inscrição de Restos a Pagar Processados,12.366 - Educação de Jovens e Adultos,2024,Prefeitura Municipal de São Borja - RS,58757,Total Geral da Despesa por Função,RS,64109
DCA-Anexo I-E,2024,DESPESA,DCA-Anexo I-E,TotalDespesas,4318002,Inscrição de Restos a Pagar Processados,12.122 - Administração Geral,2024,Prefeitura Municipal de São Borja - RS,58757,Total Geral da Despesa por Função,RS,137063.34
DCA-Anexo I-E,2024,DESPESA,DCA-Anexo I-E,TotalDespesas,4318002,Inscrição de Restos a Pagar Processados,13 - Cultura,2024,Prefeitura Municipal de São Borja - RS,58757,Total Geral da Despesa por Função,RS,15420.7
DCA-Anexo I-E,2024,DESPESA,DCA-Anexo I-E,TotalDespesas,4318002,Inscrição de Restos a Pagar Processados,13.392 - Difusão Cultural,2024,Prefeitura Municipal de São Borja - RS,58757,Total Geral da Despesa por Função,RS,15420.7
DCA-Anexo I-E,2024,DESPESA,DCA-Anexo I-E,TotalDespesas,4318002,Inscrição de Restos a Pagar Processados,15 - Urbanismo,2024,Prefeitura Municipal de São Borja - RS,58757,Total Geral da Despesa por Função,RS,88884.79
DCA-Anexo I-E,2024,DESPESA,DCA-Anexo I-E,TotalDespesas,4318002,Inscrição de Restos a Pagar Processados,15.451 - Infraestrutura Urbana,2024,Prefeitura Municipal de São Borja - RS,58757,Total Geral da Despesa por Função,RS,76346.67
DCA-Anexo I-E,2024,DESPESA,DCA-Anexo I-E,TotalDespesas,4318002,Inscrição de Restos a Pagar Processados,15.452 - Serviços Urbanos,2024,Prefeitura Municipal de São Borja - RS,58757,Total Geral da Despesa por Função,RS,12538.12
DCA-Anexo I-E,2024,DESPESA,DCA-Anexo I-E,TotalDespesas,4318002,Inscrição de Restos a Pagar Processados,28 - Encargos Especiais,2024,Prefeitura Municipal de São Borja - RS,58757,Total Geral da Despesa por Função,RS,510843.88
DCA-Anexo I-E,2024,DESPESA|DIVIDA,DCA-Anexo I-E,TotalDespesas,4318002,Inscrição de Restos a Pagar Processados,28.843 - Serviço da Dívida Interna,2024,Prefeitura Municipal de São Borja - RS,58757,Total Geral da Despesa por Função,RS,510843.88
DCA-Anexo I-C,2025,FUNDEB,DCA-Anexo I-C,ReceitasExcetoIntraOrcamentarias,4318002,Deduções - FUNDEB,RECEITAS (EXCETO INTRA-ORÇAMENTÁRIAS) (I),2025,Prefeitura Municipal de São Borja - RS,58757,Padrão,RS,31885399.71
DCA-Anexo I-C,2025,FUNDEB,DCA-Anexo I-C,RO1.0.0.0.00.0.0,4318002,Deduções - FUNDEB,1.0.0.0.00.0.0 - Receitas Correntes,2025,Prefeitura Municipal de São Borja - RS,58757,Padrão,RS,31885399.71
DCA-Anexo I-C,2025,PREVID,DCA-Anexo I-C,RO1.2.1.5.00.0.0,4318002,Receitas Brutas Realizadas,1.2.1.5.00.0.0 - Contribuições para Regimes Próprios de Previdência e Sistema de Proteção Social,2025,Prefeitura Municipal de São Borja - RS,58757,Padrão,RS,8254048.57
DCA-Anexo I-C,2025,JUROS,DCA-Anexo I-C,RO1.3.2.1.00.0.0,4318002,Receitas Brutas Realizadas,1.3.2.1.00.0.0 - Juros e Correções Monetárias,2025,Prefeitura Municipal de São Borja - RS,58757,Padrão,RS,27396369.19
DCA-Anexo I-C,2025,PREVID,DCA-Anexo I-C,RO1.3.2.1.04.0.0,4318002,Receitas Brutas Realizadas,1.3.2.1.04.0.0 - Remuneração dos Recursos do Regime Próprio de Previdência Social - RPPS,2025,Prefeitura Municipal de São Borja - RS,58757,Padrão,RS,22149163.5
DCA-Anexo I-C,2025,JUROS,DCA-Anexo I-C,RO1.3.2.1.05.0.0,4318002,Receitas Brutas Realizadas,1.3.2.1.05.0.0 - Juros de Títulos de Renda,2025,Prefeitura Municipal de São Borja - RS,58757,Padrão,RS,220051.18
DCA-Anexo I-C,2025,TRANSFERENCIAS CORRENTES,DCA-Anexo I-C,RO1.7.0.0.00.0.0,4318002,Receitas Brutas Realizadas,1.7.0.0.00.0.0 - Transferências Correntes,2025,Prefeitura Municipal de São Borja - RS,58757,Padrão,RS,295354667.57
DCA-Anexo I-C,2025,FUNDEB|TRANSFERENCIAS CORRENTES,DCA-Anexo I-C,RO1.7.0.0.00.0.0,4318002,Deduções - FUNDEB,1.7.0.0.00.0.0 - Transferências Correntes,2025,Prefeitura Municipal de São Borja - RS,58757,Padrão,RS,31885399.71
DCA-Anexo I-C,2025,FUNDEB,DCA-Anexo I-C,RO1.7.1.0.00.0.0,4318002,Deduções - FUNDEB,1.7.1.0.00.0.0 - Transferências da União e de suas Entidades,2025,Prefeitura Municipal de São Borja - RS,58757,Padrão,RS,14552415.15
DCA-Anexo I-C,2025,FUNDEB,DCA-Anexo I-C,RO1.7.1.1.00.0.0,4318002,Deduções - FUNDEB,1.7.1.1.00.0.0 - Transferências Decorrentes de Participação na Receita da União,2025,Prefeitura Municipal de São Borja - RS,58757,Padrão,RS,14552415.15
DCA-Anexo I-C,2025,FPM|FUNDO DE PARTICIPACAO DOS MUNICIPIOS,DCA-Anexo I-C,RO1.7.1.1.51.0.0,4318002,Receitas Brutas Realizadas,1.7.1.1.51.0.0 -Cota-Parte do Fundo de Participação dos Municípios - FPM,2025,Prefeitura Municipal de São Borja - RS,58757,Padrão,RS,75376454.33
DCA-Anexo I-C,2025,FPM|FUNDEB|FUNDO DE PARTICIPACAO DOS MUNICIPIOS,DCA-Anexo I-C,RO1.7.1.1.51.0.0,4318002,Deduções - FUNDEB,1.7.1.1.51.0.0 -Cota-Parte do Fundo de Participação dos Municípios - FPM,2025,Prefeitura Municipal de São Borja - RS,58757,Padrão,RS,13420753.69
DCA-Anexo I-C,2025,FUNDO DE PARTICIPACAO DOS MUNICIPIOS,DCA-Anexo I-C,RO1.7.1.1.51.1.0,4318002,Receitas Brutas Realizadas,1.7.1.1.51.1.0 - Cota-Parte do Fundo de Participação dos Municípios - Cota Mensal,2025,Prefeitura Municipal de São Borja - RS,58757,Padrão,RS,67103770.79
DCA-Anexo I-C,2025,FUNDEB|FUNDO DE PARTICIPACAO DOS MUNICIPIOS,DCA-Anexo I-C,RO1.7.1.1.51.1.0,4318002,Deduções - FUNDEB,1.7.1.1.51.1.0 - Cota-Parte do Fundo de Participação dos Municípios - Cota Mensal,2025,Prefeitura Municipal de São Borja - RS,58757,Padrão,RS,13420753.69
DCA-Anexo I-C,2025,FUNDO DE PARTICIPACAO DOS MUNICIPIOS,DCA-Anexo I-C,RO1.7.1.1.51.2.0,4318002,Receitas Brutas Realizadas,1.7.1.1.51.2.0 - Cota-Parte do Fundo de Participação dos Municípios - Cotas Extraordinárias,2025,Prefeitura Municipal de São Borja - RS,58757,Padrão,RS,8272683.54
DCA-Anexo I-C,2025,FUNDEB,DCA-Anexo I-C,RO1.7.1.1.52.0.0,4318002,Deduções - FUNDEB,1.7.1.1.52.0.0 - Cota-Parte do Imposto Sobre a Propriedade Territorial Rural,2025,Prefeitura Municipal de São Borja - RS,58757,Padrão,RS,1131661.46
DCA-Anexo I-C,2025,FUNDEB,DCA-Anexo I-C,RO1.7.1.5.00.0.0,4318002,Receitas Brutas Realizadas,1.7.1.5.00.0.0 - Transferências de Recursos de Complementação da União ao Fundo de Manutenção e Desenvolvimento da Educação Básica e de Valorização dos Profissionais da Educação ¿ FUNDEB ,2025,Prefeitura Municipal de São Borja - RS,58757,Padrão,RS,89226.75
DCA-Anexo I-C,2025,FUNDEB,DCA-Anexo I-C,RO1.7.2.0.00.0.0,4318002,Deduções - FUNDEB,1.7.2.0.00.0.0 - Transferências dos Estados e do Distrito Federal e de suas Entidades,2025,Prefeitura Municipal de São Borja - RS,58757,Padrão,RS,17332984.56
DCA-Anexo I-C,2025,FUNDEB,DCA-Anexo I-C,RO1.7.2.1.00.0.0,4318002,Deduções - FUNDEB,1.7.2.1.00.0.0 - Participação na Receita dos Estados e Distrito Federal,2025,Prefeitura Municipal de São Borja - RS,58757,Padrão,RS,17332984.56
DCA-Anexo I-C,2025,ICMS,DCA-Anexo I-C,RO1.7.2.1.50.0.0,4318002,Receitas Brutas Realizadas,1.7.2.1.50.0.0 - Cota-Parte do ICMS,2025,Prefeitura Municipal de São Borja - RS,58757,Padrão,RS,69541284.56
DCA-Anexo I-C,2025,FUNDEB|ICMS,DCA-Anexo I-C,RO1.7.2.1.50.0.0,4318002,Deduções - FUNDEB,1.7.2.1.50.0.0 - Cota-Parte do ICMS,2025,Prefeitura Municipal de São Borja - RS,58757,Padrão,RS,13906347.3
DCA-Anexo I-C,2025,IPVA,DCA-Anexo I-C,RO1.7.2.1.51.0.0,4318002,Receitas Brutas Realizadas,1.7.2.1.51.0.0 - Cota-Parte do IPVA,2025,Prefeitura Municipal de São Borja - RS,58757,Padrão,RS,16389432.26
DCA-Anexo I-C,2025,FUNDEB|IPVA,DCA-Anexo I-C,RO1.7.2.1.51.0.0,4318002,Deduções - FUNDEB,1.7.2.1.51.0.0 - Cota-Parte do IPVA,2025,Prefeitura Municipal de São Borja - RS,58757,Padrão,RS,3270295.04
DCA-Anexo I-C,2025,FUNDEB,DCA-Anexo I-C,RO1.7.2.1.52.0.0,4318002,Deduções - FUNDEB,1.7.2.1.52.0.0 - Cota-Parte do IPI - Municípios,2025,Prefeitura Municipal de São Borja - RS,58757,Padrão,RS,156342.22
DCA-Anexo I-C,2025,FUNDEB,DCA-Anexo I-C,RO1.7.5.1.00.0.0,4318002,Receitas Brutas Realizadas,1.7.5.1.00.0.0 - Transferências de Recursos do Fundo de Manutenção e Desenvolvimento da Educação Básica e de Valorização dos Profissionais da Educação - FUNDEB,2025,Prefeitura Municipal de São Borja - RS,58757,Padrão,RS,49586789.1
DCA-Anexo I-C,2025,TRANSFERENCIAS CORRENTES,DCA-Anexo I-C,RO1.7.9.0.00.0.0,4318002,Receitas Brutas Realizadas,1.7.9.0.00.0.0 - Demais Transferências Correntes,2025,Prefeitura Municipal de São Borja - RS,58757,Padrão,RS,9519.34
DCA-Anexo I-C,2025,PREVID,DCA-Anexo I-C,RO1.9.9.9.03.0.0,4318002,Receitas Brutas Realizadas,1.9.9.9.03.0.0 - Compensações Financeiras entre os Regimes de Previdência,2025,Prefeitura Municipal de São Borja - RS,58757,Padrão,RS,469491.21
DCA-Anexo I-C,2025,DIVIDA,DCA-Anexo I-C,RO1.9.9.9.12.0.0,4318002,Receitas Brutas Realizadas,1.9.9.9.12.0.0 - Encargos Legais pela Inscrição em Dívida Ativa e Receitas de Ônus de Sucumbência,2025,Prefeitura Municipal de São Borja - RS,58757,Padrão,RS,17357.56
DCA-Anexo I-C,2025,PREVID,DCA-Anexo I-C,RI7.2.1.5.00.0.0,4318002,Receitas Brutas Realizadas,7.2.1.5.00.0.0 - Contribuições para Regimes Próprios de Previdência e Sistema de Proteção Social,2025,Prefeitura Municipal de São Borja - RS,58757,Padrão,RS,16299719.8
DCA-Anexo I-C,2025,PREVID,DCA-Anexo I-C,RI7.9.9.9.01.0.0,4318002,Receitas Brutas Realizadas,7.9.9.9.01.0.0 - Aportes Periódicos para Amortização de Déficit Atuarial do Regimes Próprios de Previdência e Sistema de Proteção Social,2025,Prefeitura Municipal de São Borja - RS,58757,Padrão,RS,5798696.91
DCA-Anexo I-C,2025,FUNDEB,DCA-Anexo I-C,TotalReceitas,4318002,Deduções - FUNDEB,TOTAL DAS RECEITAS (III) = (I + II),2025,Prefeitura Municipal de São Borja - RS,58757,Padrão,RS,31885399.71
DCA-Anexo I-D,2025,DESPESA,DCA-Anexo I-D,TotalDespesas,4318002,Despesas Empenhadas,Total Geral da Despesa,2025,Prefeitura Municipal de São Borja - RS,58757,Padrão,RS,395582513.31
DCA-Anexo I-D,2025,DESPESA,DCA-Anexo I-D,TotalDespesas,4318002,Despesas Liquidadas,Total Geral da Despesa,2025,Prefeitura Municipal de São Borja - RS,58757,Padrão,RS,373804693.64
DCA-Anexo I-D,2025,DESPESA,DCA-Anexo I-D,TotalDespesas,4318002,Despesas Pagas,Total Geral da Despesa,2025,Prefeitura Municipal de São Borja - RS,58757,Padrão,RS,367749323.89
DCA-Anexo I-D,2025,DESPESA,DCA-Anexo I-D,TotalDespesas,4318002,Inscrição de Restos a Pagar Não Processados,Total Geral da Despesa,2025,Prefeitura Municipal de São Borja - RS,58757,Padrão,RS,21777819.67
DCA-Anexo I-D,2025,DESPESA,DCA-Anexo I-D,TotalDespesas,4318002,Inscrição de Restos a Pagar Processados,Total Geral da Despesa,2025,Prefeitura Municipal de São Borja - RS,58757,Padrão,RS,6055369.75
DCA-Anexo I-D,2025,DESPESA,DCA-Anexo I-D,DO3.0.00.00.00.00,4318002,Despesas Empenhadas,3.0.00.00.00 - Despesas Correntes,2025,Prefeitura Municipal de São Borja - RS,58757,Padrão,RS,369521485.54
DCA-Anexo I-D,2025,DESPESA,DCA-Anexo I-D,DO3.0.00.00.00.00,4318002,Despesas Liquidadas,3.0.00.00.00 - Despesas Correntes,2025,Prefeitura Municipal de São Borja - RS,58757,Padrão,RS,358498687.26
DCA-Anexo I-D,2025,DESPESA,DCA-Anexo I-D,DO3.0.00.00.00.00,4318002,Despesas Pagas,3.0.00.00.00 - Despesas Correntes,2025,Prefeitura Municipal de São Borja - RS,58757,Padrão,RS,352452730.67
DCA-Anexo I-D,2025,DESPESA,DCA-Anexo I-D,DO3.0.00.00.00.00,4318002,Inscrição de Restos a Pagar Não Processados,3.0.00.00.00 - Despesas Correntes,2025,Prefeitura Municipal de São Borja - RS,58757,Padrão,RS,11022798.28
DCA-Anexo I-D,2025,DESPESA,DCA-Anexo I-D,DO3.0.00.00.00.00,4318002,Inscrição de Restos a Pagar Processados,3.0.00.00.00 - Despesas Correntes,2025,Prefeitura Municipal de São Borja - RS,58757,Padrão,RS,6045956.59
DCA-Anexo I-D,2025,DESPESA|PESSOAL,DCA-Anexo I-D,DO3.1.00.00.00.00,4318002,Despesas Empenhadas,3.1.00.00.00 - Pessoal e Encargos Sociais,2025,Prefeitura Municipal de São Borja - RS,58757,Padrão,RS,197010633.52
DCA-Anexo I-D,2025,DESPESA|PESSOAL,DCA-Anexo I-D,DO3.1.00.00.00.00,4318002,Despesas Liquidadas,3.1.00.00.00 - Pessoal e Encargos Sociais,2025,Prefeitura Municipal de São Borja - RS,58757,Padrão,RS,196704526.23
DCA-Anexo I-D,2025,DESPESA|PESSOAL,DCA-Anexo I-D,DO3.1.00.00.00.00,4318002,Despesas Pagas,3.1.00.00.00 - Pessoal e Encargos Sociais,2025,Prefeitura Municipal de São Borja - RS,58757,Padrão,RS,193364980.02
DCA-Anexo I-D,2025,PESSOAL,DCA-Anexo I-D,DO3.1.00.00.00.00,4318002,Inscrição de Restos a Pagar Não Processados,3.1.00.00.00 - Pessoal e Encargos Sociais,2025,Prefeitura Municipal de São Borja - RS,58757,Padrão,RS,306107.29
DCA-Anexo I-D,2025,PESSOAL,DCA-Anexo I-D,DO3.1.00.00.00.00,4318002,Inscrição de Restos a Pagar Processados,3.1.00.00.00 - Pessoal e Encargos Sociais,2025,Prefeitura Municipal de São Borja - RS,58757,Padrão,RS,3339546.21
DCA-Anexo I-D,2025,DESPESA,DCA-Anexo I-D,DO3.1.90.00.00.00,4318002,Despesas Empenhadas,3.1.90.00.00 - Aplicações Diretas,2025,Prefeitura Municipal de São Borja - RS,58757,Padrão,RS,182481623.97
DCA-Anexo I-D,2025,DESPESA,DCA-Anexo I-D,DO3.1.90.00.00.00,4318002,Despesas Liquidadas,3.1.90.00.00 - Aplicações Diretas,2025,Prefeitura Municipal de São Borja - RS,58757,Padrão,RS,182175516.68
DCA-Anexo I-D,2025,DESPESA,DCA-Anexo I-D,DO3.1.90.00.00.00,4318002,Despesas Pagas,3.1.90.00.00 - Aplicações Diretas,2025,Prefeitura Municipal de São Borja - RS,58757,Padrão,RS,181614977.08
DCA-Anexo I-D,2025,DESPESA,DCA-Anexo I-D,DO3.1.90.01.00.00,4318002,Despesas Empenhadas,"3.1.90.01.00 - Aposentadorias do RPPS, Reserva Remunerada e Reformas dos Militares",2025,Prefeitura Municipal de São Borja - RS,58757,Padrão,RS,41207244.29
DCA-Anexo I-D,2025,DESPESA,DCA-Anexo I-D,DO3.1.90.01.00.00,4318002,Despesas Liquidadas,"3.1.90.01.00 - Aposentadorias do RPPS, Reserva Remunerada e Reformas dos Militares",2025,Prefeitura Municipal de São Borja - RS,58757,Padrão,RS,41207244.29
DCA-Anexo I-D,2025,DESPESA,DCA-Anexo I-D,DO3.1.90.01.00.00,4318002,Despesas Pagas,"3.1.90.01.00 - Aposentadorias do RPPS, Reserva Remunerada e Reformas dos Militares",2025,Prefeitura Municipal de São Borja - RS,58757,Padrão,RS,41207244.29
DCA-Anexo I-D,2025,DESPESA,DCA-Anexo I-D,DO3.1.90.03.00.00,4318002,Despesas Empenhadas,3.1.90.03.00 - Pensões do RPPS e do Militar,2025,Prefeitura Municipal de São Borja - RS,58757,Padrão,RS,5513162.82
DCA-Anexo I-D,2025,DESPESA,DCA-Anexo I-D,DO3.1.90.03.00.00,4318002,Despesas Liquidadas,3.1.90.03.00 - Pensões do RPPS e do Militar,2025,Prefeitura Municipal de São Borja - RS,58757,Padrão,RS,5513162.82
DCA-Anexo I-D,2025,DESPESA,DCA-Anexo I-D,DO3.1.90.03.00.00,4318002,Despesas Pagas,3.1.90.03.00 - Pensões do RPPS e do Militar,2025,Prefeitura Municipal de São Borja - RS,58757,Padrão,RS,5513162.82
DCA-Anexo I-D,2025,DESPESA,DCA-Anexo I-D,DO3.1.90.04.00.00,4318002,Despesas Empenhadas,3.1.90.04.00 - Contratação por Tempo Determinado,2025,Prefeitura Municipal de São Borja - RS,58757,Padrão,RS,27850280.63
DCA-Anexo I-D,2025,DESPESA,DCA-Anexo I-D,DO3.1.90.04.00.00,4318002,Despesas Liquidadas,3.1.90.04.00 - Contratação por Tempo Determinado,2025,Prefeitura Municipal de São Borja - RS,58757,Padrão,RS,27850280.63
DCA-Anexo I-D,2025,DESPESA,DCA-Anexo I-D,DO3.1.90.04.00.00,4318002,Despesas Pagas,3.1.90.04.00 - Contratação por Tempo Determinado,2025,Prefeitura Municipal de São Borja - RS,58757,Padrão,RS,27600731.13
DCA-Anexo I-D,2025,DESPESA|PESSOAL,DCA-Anexo I-D,DO3.1.90.11.00.00,4318002,Despesas Empenhadas,3.1.90.11.00 - Vencimentos e Vantagens Fixas - Pessoal Civil,2025,Prefeitura Municipal de São Borja - RS,58757,Padrão,RS,94123809.46
DCA-Anexo I-D,2025,DESPESA|PESSOAL,DCA-Anexo I-D,DO3.1.90.11.00.00,4318002,Despesas Liquidadas,3.1.90.11.00 - Vencimentos e Vantagens Fixas - Pessoal Civil,2025,Prefeitura Municipal de São Borja - RS,58757,Padrão,RS,93874967.47
DCA-Anexo I-D,2025,DESPESA|PESSOAL,DCA-Anexo I-D,DO3.1.90.11.00.00,4318002,Despesas Pagas,3.1.90.11.00 - Vencimentos e Vantagens Fixas - Pessoal Civil,2025,Prefeitura Municipal de São Borja - RS,58757,Padrão,RS,93827890.01
DCA-Anexo I-D,2025,PESSOAL,DCA-Anexo I-D,DO3.1.90.11.00.00,4318002,Inscrição de Restos a Pagar Não Processados,3.1.90.11.00 - Vencimentos e Vantagens Fixas - Pessoal Civil,2025,Prefeitura Municipal de São Borja - RS,58757,Padrão,RS,248841.99
DCA-Anexo I-D,2025,PESSOAL,DCA-Anexo I-D,DO3.1.90.11.00.00,4318002,Inscrição de Restos a Pagar Processados,3.1.90.11.00 - Vencimentos e Vantagens Fixas - Pessoal Civil,2025,Prefeitura Municipal de São Borja - RS,58757,Padrão,RS,47077.46
DCA-Anexo I-D,2025,DESPESA,DCA-Anexo I-D,DO3.1.90.13.00.00,4318002,Despesas Empenhadas,3.1.90.13.00 - Obrigações Patronais,2025,Prefeitura Municipal de São Borja - RS,58757,Padrão,RS,3751105.02
DCA-Anexo I-D,2025,DESPESA,DCA-Anexo I-D,DO3.1.90.13.00.00,4318002,Despesas Liquidadas,3.1.90.13.00 - Obrigações Patronais,2025,Prefeitura Municipal de São Borja - RS,58757,Padrão,RS,3700444.61
DCA-Anexo I-D,2025,DESPESA,DCA-Anexo I-D,DO3.1.90.13.00.00,4318002,Despesas Pagas,3.1.90.13.00 - Obrigações Patronais,2025,Prefeitura Municipal de São Borja - RS,58757,Padrão,RS,3436531.97
DCA-Anexo I-D,2025,DESPESA,DCA-Anexo I-D,DO3.1.90.13.01.00,4318002,Despesas Empenhadas,3.1.90.13.01 - FGTS,2025,Prefeitura Municipal de São Borja - RS,58757,Padrão,RS,762677.94
DCA-Anexo I-D,2025,DESPESA,DCA-Anexo I-D,DO3.1.90.13.01.00,4318002,Despesas Liquidadas,3.1.90.13.01 - FGTS,2025,Prefeitura Municipal de São Borja - RS,58757,Padrão,RS,762677.94
DCA-Anexo I-D,2025,DESPESA,DCA-Anexo I-D,DO3.1.90.13.01.00,4318002,Despesas Pagas,3.1.90.13.01 - FGTS,2025,Prefeitura Municipal de São Borja - RS,58757,Padrão,RS,676949.43
DCA-Anexo I-D,2025,DESPESA|PREVID,DCA-Anexo I-D,DO3.1.90.13.02.00,4318002,Despesas Empenhadas,3.1.90.13.02 - Contribuições Previdenciárias - INSS,2025,Prefeitura Municipal de São Borja - RS,58757,Padrão,RS,2836007.52
DCA-Anexo I-D,2025,DESPESA|PREVID,DCA-Anexo I-D,DO3.1.90.13.02.00,4318002,Despesas Liquidadas,3.1.90.13.02 - Contribuições Previdenciárias - INSS,2025,Prefeitura Municipal de São Borja - RS,58757,Padrão,RS,2785347.11
DCA-Anexo I-D,2025,DESPESA|PREVID,DCA-Anexo I-D,DO3.1.90.13.02.00,4318002,Despesas Pagas,3.1.90.13.02 - Contribuições Previdenciárias - INSS,2025,Prefeitura Municipal de São Borja - RS,58757,Padrão,RS,2607162.98
DCA-Anexo I-D,2025,PREVID,DCA-Anexo I-D,DO3.1.90.13.02.00,4318002,Inscrição de Restos a Pagar Não Processados,3.1.90.13.02 - Contribuições Previdenciárias - INSS,2025,Prefeitura Municipal de São Borja - RS,58757,Padrão,RS,50660.41
DCA-Anexo I-D,2025,PREVID,DCA-Anexo I-D,DO3.1.90.13.02.00,4318002,Inscrição de Restos a Pagar Processados,3.1.90.13.02 - Contribuições Previdenciárias - INSS,2025,Prefeitura Municipal de São Borja - RS,58757,Padrão,RS,178184.13
DCA-Anexo I-D,2025,DESPESA|PESSOAL,DCA-Anexo I-D,DO3.1.90.13.40.00,4318002,Despesas Empenhadas,3.1.90.13.40 - Encargos de pessoal requisitado de outros Entes,2025,Prefeitura Municipal de São Borja - RS,58757,Padrão,RS,87115.42
DCA-Anexo I-D,2025,DESPESA|PESSOAL,DCA-Anexo I-D,DO3.1.90.13.40.00,4318002,Despesas Liquidadas,3.1.90.13.40 - Encargos de pessoal requisitado de outros Entes,2025,Prefeitura Municipal de São Borja - RS,58757,Padrão,RS,87115.42
DCA-Anexo I-D,2025,DESPESA|PESSOAL,DCA-Anexo I-D,DO3.1.90.13.40.00,4318002,Despesas Pagas,3.1.90.13.40 - Encargos de pessoal requisitado de outros Entes,2025,Prefeitura Municipal de São Borja - RS,58757,Padrão,RS,87115.42
DCA-Anexo I-D,2025,DESPESA,DCA-Anexo I-D,DO3.1.90.13.99.00,4318002,Despesas Empenhadas,3.1.90.13.99 - Outras Obrigações Patronais,2025,Prefeitura Municipal de São Borja - RS,58757,Padrão,RS,65304.14
DCA-Anexo I-D,2025,DESPESA,DCA-Anexo I-D,DO3.1.90.13.99.00,4318002,Despesas Liquidadas,3.1.90.13.99 - Outras Obrigações Patronais,2025,Prefeitura Municipal de São Borja - RS,58757,Padrão,RS,65304.14
DCA-Anexo I-D,2025,DESPESA,DCA-Anexo I-D,DO3.1.90.13.99.00,4318002,Despesas Pagas,3.1.90.13.99 - Outras Obrigações Patronais,2025,Prefeitura Municipal de São Borja - RS,58757,Padrão,RS,65304.14
DCA-Anexo I-D,2025,DESPESA|PESSOAL,DCA-Anexo I-D,DO3.1.90.16.00.00,4318002,Despesas Empenhadas,3.1.90.16.00 - Outras Despesas Variáveis - Pessoal Civil,2025,Prefeitura Municipal de São Borja - RS,58757,Padrão,RS,9166120.52
DCA-Anexo I-D,2025,DESPESA|PESSOAL,DCA-Anexo I-D,DO3.1.90.16.00.00,4318002,Despesas Liquidadas,3.1.90.16.00 - Outras Despesas Variáveis - Pessoal Civil,2025,Prefeitura Municipal de São Borja - RS,58757,Padrão,RS,9166120.52
DCA-Anexo I-D,2025,DESPESA|PESSOAL,DCA-Anexo I-D,DO3.1.90.16.00.00,4318002,Despesas Pagas,3.1.90.16.00 - Outras Despesas Variáveis - Pessoal Civil,2025,Prefeitura Municipal de São Borja - RS,58757,Padrão,RS,9166120.52
DCA-Anexo I-D,2025,DESPESA,DCA-Anexo I-D,DO3.1.90.94.00.00,4318002,Despesas Empenhadas,3.1.90.94.00 - Indenizações e Restituições Trabalhistas,2025,Prefeitura Municipal de São Borja - RS,58757,Padrão,RS,659312.7
DCA-Anexo I-D,2025,DESPESA,DCA-Anexo I-D,DO3.1.90.94.00.00,4318002,Despesas Liquidadas,3.1.90.94.00 - Indenizações e Restituições Trabalhistas,2025,Prefeitura Municipal de São Borja - RS,58757,Padrão,RS,652707.81
DCA-Anexo I-D,2025,DESPESA,DCA-Anexo I-D,DO3.1.90.94.00.00,4318002,Despesas Pagas,3.1.90.94.00 - Indenizações e Restituições Trabalhistas,2025,Prefeitura Municipal de São Borja - RS,58757,Padrão,RS,652707.81
DCA-Anexo I-D,2025,DESPESA|PESSOAL,DCA-Anexo I-D,DO3.1.90.96.00.00,4318002,Despesas Empenhadas,3.1.90.96.00 - Ressarcimento de Despesas de Pessoal Requisitado,2025,Prefeitura Municipal de São Borja - RS,58757,Padrão,RS,210588.53
DCA-Anexo I-D,2025,DESPESA|PESSOAL,DCA-Anexo I-D,DO3.1.90.96.00.00,4318002,Despesas Liquidadas,3.1.90.96.00 - Ressarcimento de Despesas de Pessoal Requisitado,2025,Prefeitura Municipal de São Borja - RS,58757,Padrão,RS,210588.53
DCA-Anexo I-D,2025,DESPESA|PESSOAL,DCA-Anexo I-D,DO3.1.90.96.00.00,4318002,Despesas Pagas,3.1.90.96.00 - Ressarcimento de Despesas de Pessoal Requisitado,2025,Prefeitura Municipal de São Borja - RS,58757,Padrão,RS,210588.53
DCA-Anexo I-D,2025,DESPESA,DCA-Anexo I-D,DI3.1.91.00.00.00,4318002,Despesas Empenhadas,"3.1.91.00.00 - Aplicação Direta Decorrente de Operação entre Órgãos, Fundos e Entidades Integrantes dos Orçamentos Fiscal e da Seguridade Social",2025,Prefeitura Municipal de São Borja - RS,58757,Padrão,RS,14529009.55
DCA-Anexo I-D,2025,DESPESA,DCA-Anexo I-D,DI3.1.91.00.00.00,4318002,Despesas Liquidadas,"3.1.91.00.00 - Aplicação Direta Decorrente de Operação entre Órgãos, Fundos e Entidades Integrantes dos Orçamentos Fiscal e da Seguridade Social",2025,Prefeitura Municipal de São Borja - RS,58757,Padrão,RS,14529009.55
DCA-Anexo I-D,2025,DESPESA,DCA-Anexo I-D,DI3.1.91.00.00.00,4318002,Despesas Pagas,"3.1.91.00.00 - Aplicação Direta Decorrente de Operação entre Órgãos, Fundos e Entidades Integrantes dos Orçamentos Fiscal e da Seguridade Social",2025,Prefeitura Municipal de São Borja - RS,58757,Padrão,RS,11750002.94
DCA-Anexo I-D,2025,DESPESA,DCA-Anexo I-D,DI3.1.91.13.00.00,4318002,Despesas Empenhadas,3.1.91.13.00 - Contribuições Patronais,2025,Prefeitura Municipal de São Borja - RS,58757,Padrão,RS,14529009.55
DCA-Anexo I-D,2025,DESPESA,DCA-Anexo I-D,DI3.1.91.13.00.00,4318002,Despesas Liquidadas,3.1.91.13.00 - Contribuições Patronais,2025,Prefeitura Municipal de São Borja - RS,58757,Padrão,RS,14529009.55
DCA-Anexo I-D,2025,DESPESA,DCA-Anexo I-D,DI3.1.91.13.00.00,4318002,Despesas Pagas,3.1.91.13.00 - Contribuições Patronais,2025,Prefeitura Municipal de São Borja - RS,58757,Padrão,RS,11750002.94
DCA-Anexo I-D,2025,DESPESA|PESSOAL|PREVID,DCA-Anexo I-D,DI3.1.91.13.08.00,4318002,Despesas Empenhadas,3.1.91.13.08 - Contribuições previdenciárias - RPPS - pessoal ativo - plano previdenciário,2025,Prefeitura Municipal de São Borja - RS,58757,Padrão,RS,7391722.56
DCA-Anexo I-D,2025,DESPESA|PESSOAL|PREVID,DCA-Anexo I-D,DI3.1.91.13.08.00,4318002,Despesas Liquidadas,3.1.91.13.08 - Contribuições previdenciárias - RPPS - pessoal ativo - plano previdenciário,2025,Prefeitura Municipal de São Borja - RS,58757,Padrão,RS,7391722.56
DCA-Anexo I-D,2025,DESPESA|PESSOAL|PREVID,DCA-Anexo I-D,DI3.1.91.13.08.00,4318002,Despesas Pagas,3.1.91.13.08 - Contribuições previdenciárias - RPPS - pessoal ativo - plano previdenciário,2025,Prefeitura Municipal de São Borja - RS,58757,Padrão,RS,5977873.08
DCA-Anexo I-D,2025,PESSOAL|PREVID,DCA-Anexo I-D,DI3.1.91.13.08.00,4318002,Inscrição de Restos a Pagar Processados,3.1.91.13.08 - Contribuições previdenciárias - RPPS - pessoal ativo - plano previdenciário,2025,Prefeitura Municipal de São Borja - RS,58757,Padrão,RS,1413849.48
DCA-Anexo I-D,2025,DESPESA|PESSOAL|PREVID,DCA-Anexo I-D,DI3.1.91.13.20.00,4318002,Despesas Empenhadas,3.1.91.13.20 - Alíquota suplementar de contribuição previdenciária - pessoal ativo - plano previdenciário,2025,Prefeitura Municipal de São Borja - RS,58757,Padrão,RS,7137286.99
DCA-Anexo I-D,2025,DESPESA|PESSOAL|PREVID,DCA-Anexo I-D,DI3.1.91.13.20.00,4318002,Despesas Liquidadas,3.1.91.13.20 - Alíquota suplementar de contribuição previdenciária - pessoal ativo - plano previdenciário,2025,Prefeitura Municipal de São Borja - RS,58757,Padrão,RS,7137286.99
DCA-Anexo I-D,2025,DESPESA|PESSOAL|PREVID,DCA-Anexo I-D,DI3.1.91.13.20.00,4318002,Despesas Pagas,3.1.91.13.20 - Alíquota suplementar de contribuição previdenciária - pessoal ativo - plano previdenciário,2025,Prefeitura Municipal de São Borja - RS,58757,Padrão,RS,5772129.86
DCA-Anexo I-D,2025,PESSOAL|PREVID,DCA-Anexo I-D,DI3.1.91.13.20.00,4318002,Inscrição de Restos a Pagar Processados,3.1.91.13.20 - Alíquota suplementar de contribuição previdenciária - pessoal ativo - plano previdenciário,2025,Prefeitura Municipal de São Borja - RS,58757,Padrão,RS,1365157.13
DCA-Anexo I-D,2025,DESPESA|DIVIDA|JUROS,DCA-Anexo I-D,DO3.2.00.00.00.00,4318002,Despesas Empenhadas,3.2.00.00.00 - Juros e Encargos da Dívida,2025,Prefeitura Municipal de São Borja - RS,58757,Padrão,RS,5223482.12
DCA-Anexo I-D,2025,DESPESA|DIVIDA|JUROS,DCA-Anexo I-D,DO3.2.00.00.00.00,4318002,Despesas Liquidadas,3.2.00.00.00 - Juros e Encargos da Dívida,2025,Prefeitura Municipal de São Borja - RS,58757,Padrão,RS,5223482.12
DCA-Anexo I-D,2025,DESPESA|DIVIDA|JUROS,DCA-Anexo I-D,DO3.2.00.00.00.00,4318002,Despesas Pagas,3.2.00.00.00 - Juros e Encargos da Dívida,2025,Prefeitura Municipal de São Borja - RS,58757,Padrão,RS,5223482.12
DCA-Anexo I-D,2025,DESPESA,DCA-Anexo I-D,DO3.2.90.00.00.00,4318002,Despesas Empenhadas,3.2.90.00.00 - Aplicações Diretas,2025,Prefeitura Municipal de São Borja - RS,58757,Padrão,RS,5025240.76
DCA-Anexo I-D,2025,DESPESA,DCA-Anexo I-D,DO3.2.90.00.00.00,4318002,Despesas Liquidadas,3.2.90.00.00 - Aplicações Diretas,2025,Prefeitura Municipal de São Borja - RS,58757,Padrão,RS,5025240.76
DCA-Anexo I-D,2025,DESPESA,DCA-Anexo I-D,DO3.2.90.00.00.00,4318002,Despesas Pagas,3.2.90.00.00 - Aplicações Diretas,2025,Prefeitura Municipal de São Borja - RS,58757,Padrão,RS,5025240.76
DCA-Anexo I-D,2025,DESPESA|DIVIDA|JUROS,DCA-Anexo I-D,DO3.2.90.21.00.00,4318002,Despesas Empenhadas,3.2.90.21.00 - Juros sobre a Dívida por Contrato,2025,Prefeitura Municipal de São Borja - RS,58757,Padrão,RS,5025240.76
DCA-Anexo I-D,2025,DESPESA|DIVIDA|JUROS,DCA-Anexo I-D,DO3.2.90.21.00.00,4318002,Despesas Liquidadas,3.2.90.21.00 - Juros sobre a Dívida por Contrato,2025,Prefeitura Municipal de São Borja - RS,58757,Padrão,RS,5025240.76
DCA-Anexo I-D,2025,DESPESA|DIVIDA|JUROS,DCA-Anexo I-D,DO3.2.90.21.00.00,4318002,Despesas Pagas,3.2.90.21.00 - Juros sobre a Dívida por Contrato,2025,Prefeitura Municipal de São Borja - RS,58757,Padrão,RS,5025240.76
DCA-Anexo I-D,2025,DESPESA,DCA-Anexo I-D,DI3.2.91.00.00.00,4318002,Despesas Empenhadas,"3.2.91.00.00 - Aplicação direta decorrente de operação entre Órgãos, fundos e entidades integrantes dos OFSS",2025,Prefeitura Municipal de São Borja - RS,58757,Padrão,RS,198241.36
DCA-Anexo I-D,2025,DESPESA,DCA-Anexo I-D,DI3.2.91.00.00.00,4318002,Despesas Liquidadas,"3.2.91.00.00 - Aplicação direta decorrente de operação entre Órgãos, fundos e entidades integrantes dos OFSS",2025,Prefeitura Municipal de São Borja - RS,58757,Padrão,RS,198241.36
DCA-Anexo I-D,2025,DESPESA,DCA-Anexo I-D,DI3.2.91.00.00.00,4318002,Despesas Pagas,"3.2.91.00.00 - Aplicação direta decorrente de operação entre Órgãos, fundos e entidades integrantes dos OFSS",2025,Prefeitura Municipal de São Borja - RS,58757,Padrão,RS,198241.36
DCA-Anexo I-D,2025,DESPESA,DCA-Anexo I-D,DO3.3.00.00.00.00,4318002,Despesas Empenhadas,3.3.00.00.00 - Outras Despesas Correntes,2025,Prefeitura Municipal de São Borja - RS,58757,Padrão,RS,167287369.9
DCA-Anexo I-D,2025,DESPESA,DCA-Anexo I-D,DO3.3.00.00.00.00,4318002,Despesas Liquidadas,3.3.00.00.00 - Outras Despesas Correntes,2025,Prefeitura Municipal de São Borja - RS,58757,Padrão,RS,156570678.91
DCA-Anexo I-D,2025,DESPESA,DCA-Anexo I-D,DO3.3.00.00.00.00,4318002,Despesas Pagas,3.3.00.00.00 - Outras Despesas Correntes,2025,Prefeitura Municipal de São Borja - RS,58757,Padrão,RS,153864268.53
DCA-Anexo I-D,2025,DESPESA,DCA-Anexo I-D,DO3.3.00.00.00.00,4318002,Inscrição de Restos a Pagar Não Processados,3.3.00.00.00 - Outras Despesas Correntes,2025,Prefeitura Municipal de São Borja - RS,58757,Padrão,RS,10716690.99
DCA-Anexo I-D,2025,DESPESA,DCA-Anexo I-D,DO3.3.00.00.00.00,4318002,Inscrição de Restos a Pagar Processados,3.3.00.00.00 - Outras Despesas Correntes,2025,Prefeitura Municipal de São Borja - RS,58757,Padrão,RS,2706410.38
DCA-Anexo I-D,2025,DESPESA,DCA-Anexo I-D,DO3.3.20.00.00.00,4318002,Despesas Empenhadas,3.3.20.00.00 - Transferências à União,2025,Prefeitura Municipal de São Borja - RS,58757,Padrão,RS,1281.27
DCA-Anexo I-D,2025,DESPESA,DCA-Anexo I-D,DO3.3.20.00.00.00,4318002,Despesas Liquidadas,3.3.20.00.00 - Transferências à União,2025,Prefeitura Municipal de São Borja - RS,58757,Padrão,RS,1281.27
DCA-Anexo I-D,2025,DESPESA,DCA-Anexo I-D,DO3.3.20.00.00.00,4318002,Despesas Pagas,3.3.20.00.00 - Transferências à União,2025,Prefeitura Municipal de São Borja - RS,58757,Padrão,RS,1281.27
DCA-Anexo I-D,2025,DESPESA,DCA-Anexo I-D,DO3.3.30.00.00.00,4318002,Despesas Empenhadas,3.3.30.00.00 - Transferências a Estados e ao Distrito Federal,2025,Prefeitura Municipal de São Borja - RS,58757,Padrão,RS,474857.14
DCA-Anexo I-D,2025,DESPESA,DCA-Anexo I-D,DO3.3.30.00.00.00,4318002,Despesas Liquidadas,3.3.30.00.00 - Transferências a Estados e ao Distrito Federal,2025,Prefeitura Municipal de São Borja - RS,58757,Padrão,RS,454427.89
DCA-Anexo I-D,2025,DESPESA,DCA-Anexo I-D,DO3.3.30.00.00.00,4318002,Despesas Pagas,3.3.30.00.00 - Transferências a Estados e ao Distrito Federal,2025,Prefeitura Municipal de São Borja - RS,58757,Padrão,RS,438658.52
DCA-Anexo I-D,2025,DESPESA,DCA-Anexo I-D,DO3.3.30.41.00.00,4318002,Despesas Empenhadas,3.3.30.41.00 - Contribuições,2025,Prefeitura Municipal de São Borja - RS,58757,Padrão,RS,429148.13
DCA-Anexo I-D,2025,DESPESA,DCA-Anexo I-D,DO3.3.30.41.00.00,4318002,Despesas Liquidadas,3.3.30.41.00 - Contribuições,2025,Prefeitura Municipal de São Borja - RS,58757,Padrão,RS,408718.88
DCA-Anexo I-D,2025,DESPESA,DCA-Anexo I-D,DO3.3.30.41.00.00,4318002,Despesas Pagas,3.3.30.41.00 - Contribuições,2025,Prefeitura Municipal de São Borja - RS,58757,Padrão,RS,392949.51
DCA-Anexo I-D,2025,DESPESA,DCA-Anexo I-D,DO3.3.30.93.00.00,4318002,Despesas Empenhadas,3.3.30.93.00 - Indenizações e restituições,2025,Prefeitura Municipal de São Borja - RS,58757,Padrão,RS,45709.01
DCA-Anexo I-D,2025,DESPESA,DCA-Anexo I-D,DO3.3.30.93.00.00,4318002,Despesas Liquidadas,3.3.30.93.00 - Indenizações e restituições,2025,Prefeitura Municipal de São Borja - RS,58757,Padrão,RS,45709.01
DCA-Anexo I-D,2025,DESPESA,DCA-Anexo I-D,DO3.3.30.93.00.00,4318002,Despesas Pagas,3.3.30.93.00 - Indenizações e restituições,2025,Prefeitura Municipal de São Borja - RS,58757,Padrão,RS,45709.01
DCA-Anexo I-D,2025,DESPESA,DCA-Anexo I-D,DO3.3.50.00.00.00,4318002,Despesas Empenhadas,3.3.50.00.00 - Transferências a Instituições Privadas sem Fins Lucrativos,2025,Prefeitura Municipal de São Borja - RS,58757,Padrão,RS,5620790.76
DCA-Anexo I-D,2025,DESPESA,DCA-Anexo I-D,DO3.3.50.00.00.00,4318002,Despesas Liquidadas,3.3.50.00.00 - Transferências a Instituições Privadas sem Fins Lucrativos,2025,Prefeitura Municipal de São Borja - RS,58757,Padrão,RS,5465452.42
DCA-Anexo I-D,2025,DESPESA,DCA-Anexo I-D,DO3.3.50.00.00.00,4318002,Despesas Pagas,3.3.50.00.00 - Transferências a Instituições Privadas sem Fins Lucrativos,2025,Prefeitura Municipal de São Borja - RS,58757,Padrão,RS,5465452.42
DCA-Anexo I-D,2025,DESPESA,DCA-Anexo I-D,DO3.3.60.00.00.00,4318002,Despesas Empenhadas,3.3.60.00.00 - Transferências a Instituições Privadas com Fins Lucrativos,2025,Prefeitura Municipal de São Borja - RS,58757,Padrão,RS,1586911.65
DCA-Anexo I-D,2025,DESPESA,DCA-Anexo I-D,DO3.3.60.00.00.00,4318002,Despesas Liquidadas,3.3.60.00.00 - Transferências a Instituições Privadas com Fins Lucrativos,2025,Prefeitura Municipal de São Borja - RS,58757,Padrão,RS,1586911.65
DCA-Anexo I-D,2025,DESPESA,DCA-Anexo I-D,DO3.3.60.00.00.00,4318002,Despesas Pagas,3.3.60.00.00 - Transferências a Instituições Privadas com Fins Lucrativos,2025,Prefeitura Municipal de São Borja - RS,58757,Padrão,RS,1409598.23
DCA-Anexo I-D,2025,DESPESA,DCA-Anexo I-D,DO3.3.90.00.00.00,4318002,Despesas Empenhadas,3.3.90.00.00 - Aplicações Diretas,2025,Prefeitura Municipal de São Borja - RS,58757,Padrão,RS,153079995.09
DCA-Anexo I-D,2025,DESPESA,DCA-Anexo I-D,DO3.3.90.00.00.00,4318002,Despesas Liquidadas,3.3.90.00.00 - Aplicações Diretas,2025,Prefeitura Municipal de São Borja - RS,58757,Padrão,RS,142539071.69
DCA-Anexo I-D,2025,DESPESA,DCA-Anexo I-D,DO3.3.90.00.00.00,4318002,Despesas Pagas,3.3.90.00.00 - Aplicações Diretas,2025,Prefeitura Municipal de São Borja - RS,58757,Padrão,RS,140750581.21
DCA-Anexo I-D,2025,DESPESA,DCA-Anexo I-D,DO3.3.90.08.00.00,4318002,Despesas Empenhadas,3.3.90.08.00 - Outros Benefícios Assistenciais do servidor e do militar,2025,Prefeitura Municipal de São Borja - RS,58757,Padrão,RS,10489494.96
DCA-Anexo I-D,2025,DESPESA,DCA-Anexo I-D,DO3.3.90.08.00.00,4318002,Despesas Liquidadas,3.3.90.08.00 - Outros Benefícios Assistenciais do servidor e do militar,2025,Prefeitura Municipal de São Borja - RS,58757,Padrão,RS,10480338.68
DCA-Anexo I-D,2025,DESPESA,DCA-Anexo I-D,DO3.3.90.08.00.00,4318002,Despesas Pagas,3.3.90.08.00 - Outros Benefícios Assistenciais do servidor e do militar,2025,Prefeitura Municipal de São Borja - RS,58757,Padrão,RS,9918078.01
DCA-Anexo I-D,2025,DESPESA,DCA-Anexo I-D,DO3.3.90.14.00.00,4318002,Despesas Empenhadas,3.3.90.14.00 - Diárias - Civil,2025,Prefeitura Municipal de São Borja - RS,58757,Padrão,RS,2249985.17
DCA-Anexo I-D,2025,DESPESA,DCA-Anexo I-D,DO3.3.90.14.00.00,4318002,Despesas Liquidadas,3.3.90.14.00 - Diárias - Civil,2025,Prefeitura Municipal de São Borja - RS,58757,Padrão,RS,2249985.17
DCA-Anexo I-D,2025,DESPESA,DCA-Anexo I-D,DO3.3.90.14.00.00,4318002,Despesas Pagas,3.3.90.14.00 - Diárias - Civil,2025,Prefeitura Municipal de São Borja - RS,58757,Padrão,RS,2237413.1
DCA-Anexo I-D,2025,DESPESA,DCA-Anexo I-D,DO3.3.90.30.00.00,4318002,Despesas Empenhadas,3.3.90.30.00 - Material de Consumo,2025,Prefeitura Municipal de São Borja - RS,58757,Padrão,RS,14699096.7
DCA-Anexo I-D,2025,DESPESA,DCA-Anexo I-D,DO3.3.90.30.00.00,4318002,Despesas Liquidadas,3.3.90.30.00 - Material de Consumo,2025,Prefeitura Municipal de São Borja - RS,58757,Padrão,RS,13697756.76
DCA-Anexo I-D,2025,DESPESA,DCA-Anexo I-D,DO3.3.90.30.00.00,4318002,Despesas Pagas,3.3.90.30.00 - Material de Consumo,2025,Prefeitura Municipal de São Borja - RS,58757,Padrão,RS,13535704.41
DCA-Anexo I-D,2025,DESPESA,DCA-Anexo I-D,DO3.3.90.31.00.00,4318002,Despesas Empenhadas,"3.3.90.31.00 - Premiações Culturais, Artísticas, Científicas, Desportivas e Outras",2025,Prefeitura Municipal de São Borja - RS,58757,Padrão,RS,228652.88
DCA-Anexo I-D,2025,DESPESA,DCA-Anexo I-D,DO3.3.90.31.00.00,4318002,Despesas Liquidadas,"3.3.90.31.00 - Premiações Culturais, Artísticas, Científicas, Desportivas e Outras",2025,Prefeitura Municipal de São Borja - RS,58757,Padrão,RS,228652.88
DCA-Anexo I-D,2025,DESPESA,DCA-Anexo I-D,DO3.3.90.31.00.00,4318002,Despesas Pagas,"3.3.90.31.00 - Premiações Culturais, Artísticas, Científicas, Desportivas e Outras",2025,Prefeitura Municipal de São Borja - RS,58757,Padrão,RS,227965.88
DCA-Anexo I-D,2025,DESPESA,DCA-Anexo I-D,DO3.3.90.32.00.00,4318002,Despesas Empenhadas,"3.3.90.32.00 - Material, Bem ou Serviço para Distribuição Gratuita",2025,Prefeitura Municipal de São Borja - RS,58757,Padrão,RS,7994380.26
DCA-Anexo I-D,2025,DESPESA,DCA-Anexo I-D,DO3.3.90.32.00.00,4318002,Despesas Liquidadas,"3.3.90.32.00 - Material, Bem ou Serviço para Distribuição Gratuita",2025,Prefeitura Municipal de São Borja - RS,58757,Padrão,RS,7507298.8
DCA-Anexo I-D,2025,DESPESA,DCA-Anexo I-D,DO3.3.90.32.00.00,4318002,Despesas Pagas,"3.3.90.32.00 - Material, Bem ou Serviço para Distribuição Gratuita",2025,Prefeitura Municipal de São Borja - RS,58757,Padrão,RS,7397936.62
DCA-Anexo I-D,2025,DESPESA,DCA-Anexo I-D,DO3.3.90.33.00.00,4318002,Despesas Empenhadas,3.3.90.33.00 - Passagens e Despesas com Locomoção,2025,Prefeitura Municipal de São Borja - RS,58757,Padrão,RS,294290.13
DCA-Anexo I-D,2025,DESPESA,DCA-Anexo I-D,DO3.3.90.33.00.00,4318002,Despesas Liquidadas,3.3.90.33.00 - Passagens e Despesas com Locomoção,2025,Prefeitura Municipal de São Borja - RS,58757,Padrão,RS,293434.68
DCA-Anexo I-D,2025,DESPESA,DCA-Anexo I-D,DO3.3.90.33.00.00,4318002,Despesas Pagas,3.3.90.33.00 - Passagens e Despesas com Locomoção,2025,Prefeitura Municipal de São Borja - RS,58757,Padrão,RS,293434.68
DCA-Anexo I-D,2025,DESPESA,DCA-Anexo I-D,DO3.3.90.33.00.00,4318002,Inscrição de Restos a Pagar Não Processados,3.3.90.33.00 - Passagens e Despesas com Locomoção,2025,Prefeitura Municipal de São Borja - RS,58757,Padrão,RS,855.45
DCA-Anexo I-D,2025,DESPESA,DCA-Anexo I-D,DO3.3.90.35.00.00,4318002,Despesas Empenhadas,3.3.90.35.00 - Serviços de Consultoria,2025,Prefeitura Municipal de São Borja - RS,58757,Padrão,RS,190037.52
DCA-Anexo I-D,2025,DESPESA,DCA-Anexo I-D,DO3.3.90.35.00.00,4318002,Despesas Liquidadas,3.3.90.35.00 - Serviços de Consultoria,2025,Prefeitura Municipal de São Borja - RS,58757,Padrão,RS,154037.52
DCA-Anexo I-D,2025,DESPESA,DCA-Anexo I-D,DO3.3.90.35.00.00,4318002,Despesas Pagas,3.3.90.35.00 - Serviços de Consultoria,2025,Prefeitura Municipal de São Borja - RS,58757,Padrão,RS,154037.52
DCA-Anexo I-D,2025,DESPESA,DCA-Anexo I-D,DO3.3.90.36.00.00,4318002,Despesas Empenhadas,3.3.90.36.00 - Outros Serviços de Terceiros - Pessoa Física,2025,Prefeitura Municipal de São Borja - RS,58757,Padrão,RS,1833014
DCA-Anexo I-D,2025,DESPESA,DCA-Anexo I-D,DO3.3.90.36.00.00,4318002,Despesas Liquidadas,3.3.90.36.00 - Outros Serviços de Terceiros - Pessoa Física,2025,Prefeitura Municipal de São Borja - RS,58757,Padrão,RS,1793119.48
DCA-Anexo I-D,2025,DESPESA,DCA-Anexo I-D,DO3.3.90.36.00.00,4318002,Despesas Pagas,3.3.90.36.00 - Outros Serviços de Terceiros - Pessoa Física,2025,Prefeitura Municipal de São Borja - RS,58757,Padrão,RS,1735232.9
DCA-Anexo I-D,2025,DESPESA,DCA-Anexo I-D,DO3.3.90.39.00.00,4318002,Despesas Empenhadas,3.3.90.39.00 - Outros Serviços de Terceiros - Pessoa Jurídica,2025,Prefeitura Municipal de São Borja - RS,58757,Padrão,RS,82798840.62
DCA-Anexo I-D,2025,DESPESA,DCA-Anexo I-D,DO3.3.90.39.00.00,4318002,Despesas Liquidadas,3.3.90.39.00 - Outros Serviços de Terceiros - Pessoa Jurídica,2025,Prefeitura Municipal de São Borja - RS,58757,Padrão,RS,73994105.51
DCA-Anexo I-D,2025,DESPESA,DCA-Anexo I-D,DO3.3.90.39.00.00,4318002,Despesas Pagas,3.3.90.39.00 - Outros Serviços de Terceiros - Pessoa Jurídica,2025,Prefeitura Municipal de São Borja - RS,58757,Padrão,RS,73497612.31
DCA-Anexo I-D,2025,DESPESA,DCA-Anexo I-D,DO3.3.90.40.00.00,4318002,Despesas Empenhadas,3.3.90.40.00 - Serviços de Tecnologia da Informação e Comunicação - Pessoa Jurídica,2025,Prefeitura Municipal de São Borja - RS,58757,Padrão,RS,2056075.68
DCA-Anexo I-D,2025,DESPESA,DCA-Anexo I-D,DO3.3.90.40.00.00,4318002,Despesas Liquidadas,3.3.90.40.00 - Serviços de Tecnologia da Informação e Comunicação - Pessoa Jurídica,2025,Prefeitura Municipal de São Borja - RS,58757,Padrão,RS,1896488.45
DCA-Anexo I-D,2025,DESPESA,DCA-Anexo I-D,DO3.3.90.40.00.00,4318002,Despesas Pagas,3.3.90.40.00 - Serviços de Tecnologia da Informação e Comunicação - Pessoa Jurídica,2025,Prefeitura Municipal de São Borja - RS,58757,Padrão,RS,1786892.13
DCA-Anexo I-D,2025,DESPESA,DCA-Anexo I-D,DO3.3.90.46.00.00,4318002,Despesas Empenhadas,3.3.90.46.00 - Auxílio-Alimentação,2025,Prefeitura Municipal de São Borja - RS,58757,Padrão,RS,19678625.13
DCA-Anexo I-D,2025,DESPESA,DCA-Anexo I-D,DO3.3.90.46.00.00,4318002,Despesas Liquidadas,3.3.90.46.00 - Auxílio-Alimentação,2025,Prefeitura Municipal de São Borja - RS,58757,Padrão,RS,19678625.13
DCA-Anexo I-D,2025,DESPESA,DCA-Anexo I-D,DO3.3.90.46.00.00,4318002,Despesas Pagas,3.3.90.46.00 - Auxílio-Alimentação,2025,Prefeitura Municipal de São Borja - RS,58757,Padrão,RS,19675225.69
DCA-Anexo I-D,2025,DESPESA,DCA-Anexo I-D,DO3.3.90.47.00.00,4318002,Despesas Empenhadas,3.3.90.47.00 - Obrigações Tributárias e Contributivas,2025,Prefeitura Municipal de São Borja - RS,58757,Padrão,RS,3924397.1
DCA-Anexo I-D,2025,DESPESA,DCA-Anexo I-D,DO3.3.90.47.00.00,4318002,Despesas Liquidadas,3.3.90.47.00 - Obrigações Tributárias e Contributivas,2025,Prefeitura Municipal de São Borja - RS,58757,Padrão,RS,3924397.1
DCA-Anexo I-D,2025,DESPESA,DCA-Anexo I-D,DO3.3.90.47.00.00,4318002,Despesas Pagas,3.3.90.47.00 - Obrigações Tributárias e Contributivas,2025,Prefeitura Municipal de São Borja - RS,58757,Padrão,RS,3655548.56
DCA-Anexo I-D,2025,DESPESA,DCA-Anexo I-D,DO3.3.90.49.00.00,4318002,Despesas Empenhadas,3.3.90.49.00 - Auxílio-Transporte,2025,Prefeitura Municipal de São Borja - RS,58757,Padrão,RS,113710.93
DCA-Anexo I-D,2025,DESPESA,DCA-Anexo I-D,DO3.3.90.49.00.00,4318002,Despesas Liquidadas,3.3.90.49.00 - Auxílio-Transporte,2025,Prefeitura Municipal de São Borja - RS,58757,Padrão,RS,113710.93
DCA-Anexo I-D,2025,DESPESA,DCA-Anexo I-D,DO3.3.90.49.00.00,4318002,Despesas Pagas,3.3.90.49.00 - Auxílio-Transporte,2025,Prefeitura Municipal de São Borja - RS,58757,Padrão,RS,113710.93
DCA-Anexo I-D,2025,DESPESA|PREVID,DCA-Anexo I-D,DO3.3.90.86.00.00,4318002,Despesas Empenhadas,3.3.90.86.00 - Compensações a Regimes de Previdência,2025,Prefeitura Municipal de São Borja - RS,58757,Padrão,RS,56066.79
DCA-Anexo I-D,2025,DESPESA|PREVID,DCA-Anexo I-D,DO3.3.90.86.00.00,4318002,Despesas Liquidadas,3.3.90.86.00 - Compensações a Regimes de Previdência,2025,Prefeitura Municipal de São Borja - RS,58757,Padrão,RS,56066.79
DCA-Anexo I-D,2025,DESPESA|PREVID,DCA-Anexo I-D,DO3.3.90.86.00.00,4318002,Despesas Pagas,3.3.90.86.00 - Compensações a Regimes de Previdência,2025,Prefeitura Municipal de São Borja - RS,58757,Padrão,RS,56066.79
DCA-Anexo I-D,2025,DESPESA,DCA-Anexo I-D,DO3.3.90.91.00.00,4318002,Despesas Empenhadas,3.3.90.91.00 - Sentenças Judiciais,2025,Prefeitura Municipal de São Borja - RS,58757,Padrão,RS,6257300.66
DCA-Anexo I-D,2025,DESPESA,DCA-Anexo I-D,DO3.3.90.91.00.00,4318002,Despesas Liquidadas,3.3.90.91.00 - Sentenças Judiciais,2025,Prefeitura Municipal de São Borja - RS,58757,Padrão,RS,6257300.66
DCA-Anexo I-D,2025,DESPESA,DCA-Anexo I-D,DO3.3.90.91.00.00,4318002,Despesas Pagas,3.3.90.91.00 - Sentenças Judiciais,2025,Prefeitura Municipal de São Borja - RS,58757,Padrão,RS,6257130.38
DCA-Anexo I-D,2025,DESPESA,DCA-Anexo I-D,DO3.3.90.92.00.00,4318002,Despesas Empenhadas,3.3.90.92.00 - Despesas de Exercícios Anteriores,2025,Prefeitura Municipal de São Borja - RS,58757,Padrão,RS,56807.79
DCA-Anexo I-D,2025,DESPESA,DCA-Anexo I-D,DO3.3.90.92.00.00,4318002,Despesas Liquidadas,3.3.90.92.00 - Despesas de Exercícios Anteriores,2025,Prefeitura Municipal de São Borja - RS,58757,Padrão,RS,55517.79
DCA-Anexo I-D,2025,DESPESA,DCA-Anexo I-D,DO3.3.90.92.00.00,4318002,Despesas Pagas,3.3.90.92.00 - Despesas de Exercícios Anteriores,2025,Prefeitura Municipal de São Borja - RS,58757,Padrão,RS,55517.79
DCA-Anexo I-D,2025,DESPESA,DCA-Anexo I-D,DO3.3.90.92.00.00,4318002,Inscrição de Restos a Pagar Não Processados,3.3.90.92.00 - Despesas de Exercícios Anteriores,2025,Prefeitura Municipal de São Borja - RS,58757,Padrão,RS,1290
DCA-Anexo I-D,2025,DESPESA,DCA-Anexo I-D,DO3.3.90.93.00.00,4318002,Despesas Empenhadas,3.3.90.93.00 - Indenizações e Restituições,2025,Prefeitura Municipal de São Borja - RS,58757,Padrão,RS,159218.77
DCA-Anexo I-D,2025,DESPESA,DCA-Anexo I-D,DO3.3.90.93.00.00,4318002,Despesas Liquidadas,3.3.90.93.00 - Indenizações e Restituições,2025,Prefeitura Municipal de São Borja - RS,58757,Padrão,RS,158235.36
DCA-Anexo I-D,2025,DESPESA,DCA-Anexo I-D,DO3.3.90.93.00.00,4318002,Despesas Pagas,3.3.90.93.00 - Indenizações e Restituições,2025,Prefeitura Municipal de São Borja - RS,58757,Padrão,RS,153073.51
DCA-Anexo I-D,2025,DESPESA,DCA-Anexo I-D,DI3.3.91.00.00.00,4318002,Despesas Empenhadas,"3.3.91.00.00 - Aplicação Direta Decorrente de Operação entre Órgãos, Fundos e Entidades Integrantes dos Orçamentos Fiscal e da Seguridade Social",2025,Prefeitura Municipal de São Borja - RS,58757,Padrão,RS,6523533.99
DCA-Anexo I-D,2025,DESPESA,DCA-Anexo I-D,DI3.3.91.00.00.00,4318002,Despesas Liquidadas,"3.3.91.00.00 - Aplicação Direta Decorrente de Operação entre Órgãos, Fundos e Entidades Integrantes dos Orçamentos Fiscal e da Seguridade Social",2025,Prefeitura Municipal de São Borja - RS,58757,Padrão,RS,6523533.99
DCA-Anexo I-D,2025,DESPESA,DCA-Anexo I-D,DI3.3.91.00.00.00,4318002,Despesas Pagas,"3.3.91.00.00 - Aplicação Direta Decorrente de Operação entre Órgãos, Fundos e Entidades Integrantes dos Orçamentos Fiscal e da Seguridade Social",2025,Prefeitura Municipal de São Borja - RS,58757,Padrão,RS,5798696.88
DCA-Anexo I-D,2025,DESPESA,DCA-Anexo I-D,DO4.0.00.00.00.00,4318002,Despesas Empenhadas,4.0.00.00.00 - Despesas de Capital,2025,Prefeitura Municipal de São Borja - RS,58757,Padrão,RS,26061027.77
DCA-Anexo I-D,2025,DESPESA,DCA-Anexo I-D,DO4.0.00.00.00.00,4318002,Despesas Liquidadas,4.0.00.00.00 - Despesas de Capital,2025,Prefeitura Municipal de São Borja - RS,58757,Padrão,RS,15306006.38
DCA-Anexo I-D,2025,DESPESA,DCA-Anexo I-D,DO4.0.00.00.00.00,4318002,Despesas Pagas,4.0.00.00.00 - Despesas de Capital,2025,Prefeitura Municipal de São Borja - RS,58757,Padrão,RS,15296593.22
DCA-Anexo I-D,2025,DESPESA,DCA-Anexo I-D,DO4.0.00.00.00.00,4318002,Inscrição de Restos a Pagar Não Processados,4.0.00.00.00 - Despesas de Capital,2025,Prefeitura Municipal de São Borja - RS,58757,Padrão,RS,10755021.39
DCA-Anexo I-D,2025,DESPESA,DCA-Anexo I-D,DO4.0.00.00.00.00,4318002,Inscrição de Restos a Pagar Processados,4.0.00.00.00 - Despesas de Capital,2025,Prefeitura Municipal de São Borja - RS,58757,Padrão,RS,9413.16
DCA-Anexo I-D,2025,DESPESA|INVESTIMENT,DCA-Anexo I-D,DO4.4.00.00.00.00,4318002,Despesas Empenhadas,4.4.00.00.00 - Investimentos,2025,Prefeitura Municipal de São Borja - RS,58757,Padrão,RS,16279574.1
DCA-Anexo I-D,2025,DESPESA|INVESTIMENT,DCA-Anexo I-D,DO4.4.00.00.00.00,4318002,Despesas Liquidadas,4.4.00.00.00 - Investimentos,2025,Prefeitura Municipal de São Borja - RS,58757,Padrão,RS,5524552.71
DCA-Anexo I-D,2025,DESPESA|INVESTIMENT,DCA-Anexo I-D,DO4.4.00.00.00.00,4318002,Despesas Pagas,4.4.00.00.00 - Investimentos,2025,Prefeitura Municipal de São Borja - RS,58757,Padrão,RS,5515139.55
DCA-Anexo I-D,2025,INVESTIMENT,DCA-Anexo I-D,DO4.4.00.00.00.00,4318002,Inscrição de Restos a Pagar Não Processados,4.4.00.00.00 - Investimentos,2025,Prefeitura Municipal de São Borja - RS,58757,Padrão,RS,10755021.39
DCA-Anexo I-D,2025,INVESTIMENT,DCA-Anexo I-D,DO4.4.00.00.00.00,4318002,Inscrição de Restos a Pagar Processados,4.4.00.00.00 - Investimentos,2025,Prefeitura Municipal de São Borja - RS,58757,Padrão,RS,9413.16
DCA-Anexo I-D,2025,DESPESA,DCA-Anexo I-D,DO4.4.20.00.00.00,4318002,Despesas Empenhadas,4.4.20.00.00 - Transferências à União,2025,Prefeitura Municipal de São Borja - RS,58757,Padrão,RS,52483.3
DCA-Anexo I-D,2025,DESPESA,DCA-Anexo I-D,DO4.4.20.00.00.00,4318002,Despesas Liquidadas,4.4.20.00.00 - Transferências à União,2025,Prefeitura Municipal de São Borja - RS,58757,Padrão,RS,52483.3
DCA-Anexo I-D,2025,DESPESA,DCA-Anexo I-D,DO4.4.20.00.00.00,4318002,Despesas Pagas,4.4.20.00.00 - Transferências à União,2025,Prefeitura Municipal de São Borja - RS,58757,Padrão,RS,43339.94
DCA-Anexo I-D,2025,DESPESA,DCA-Anexo I-D,DO4.4.30.00.00.00,4318002,Despesas Empenhadas,4.4.30.00.00 - Transferências a Estados e ao Distrito Federal,2025,Prefeitura Municipal de São Borja - RS,58757,Padrão,RS,15240.16
DCA-Anexo I-D,2025,DESPESA,DCA-Anexo I-D,DO4.4.30.00.00.00,4318002,Despesas Liquidadas,4.4.30.00.00 - Transferências a Estados e ao Distrito Federal,2025,Prefeitura Municipal de São Borja - RS,58757,Padrão,RS,15240.16
DCA-Anexo I-D,2025,DESPESA,DCA-Anexo I-D,DO4.4.30.00.00.00,4318002,Despesas Pagas,4.4.30.00.00 - Transferências a Estados e ao Distrito Federal,2025,Prefeitura Municipal de São Borja - RS,58757,Padrão,RS,15240.16
DCA-Anexo I-D,2025,DESPESA,DCA-Anexo I-D,DO4.4.50.00.00.00,4318002,Despesas Empenhadas,4.4.50.00.00 - Transferências a Instituições Privadas sem Fins Lucrativos,2025,Prefeitura Municipal de São Borja - RS,58757,Padrão,RS,490842.49
DCA-Anexo I-D,2025,DESPESA,DCA-Anexo I-D,DO4.4.50.00.00.00,4318002,Despesas Liquidadas,4.4.50.00.00 - Transferências a Instituições Privadas sem Fins Lucrativos,2025,Prefeitura Municipal de São Borja - RS,58757,Padrão,RS,490842.49
DCA-Anexo I-D,2025,DESPESA,DCA-Anexo I-D,DO4.4.50.00.00.00,4318002,Despesas Pagas,4.4.50.00.00 - Transferências a Instituições Privadas sem Fins Lucrativos,2025,Prefeitura Municipal de São Borja - RS,58757,Padrão,RS,490842.49
DCA-Anexo I-D,2025,DESPESA,DCA-Anexo I-D,DO4.4.90.00.00.00,4318002,Despesas Empenhadas,4.4.90.00.00 - Aplicações Diretas,2025,Prefeitura Municipal de São Borja - RS,58757,Padrão,RS,15721008.15
DCA-Anexo I-D,2025,DESPESA,DCA-Anexo I-D,DO4.4.90.00.00.00,4318002,Despesas Liquidadas,4.4.90.00.00 - Aplicações Diretas,2025,Prefeitura Municipal de São Borja - RS,58757,Padrão,RS,4965986.76
DCA-Anexo I-D,2025,DESPESA,DCA-Anexo I-D,DO4.4.90.00.00.00,4318002,Despesas Pagas,4.4.90.00.00 - Aplicações Diretas,2025,Prefeitura Municipal de São Borja - RS,58757,Padrão,RS,4965716.96
DCA-Anexo I-D,2025,DESPESA,DCA-Anexo I-D,DO4.4.90.30.00.00,4318002,Despesas Empenhadas,4.4.90.30.00 - Material de Consumo,2025,Prefeitura Municipal de São Borja - RS,58757,Padrão,RS,40343.52
DCA-Anexo I-D,2025,DESPESA,DCA-Anexo I-D,DO4.4.90.30.00.00,4318002,Despesas Liquidadas,4.4.90.30.00 - Material de Consumo,2025,Prefeitura Municipal de São Borja - RS,58757,Padrão,RS,40343.52
DCA-Anexo I-D,2025,DESPESA,DCA-Anexo I-D,DO4.4.90.30.00.00,4318002,Despesas Pagas,4.4.90.30.00 - Material de Consumo,2025,Prefeitura Municipal de São Borja - RS,58757,Padrão,RS,40343.52
DCA-Anexo I-D,2025,DESPESA,DCA-Anexo I-D,DO4.4.90.40.00.00,4318002,Despesas Empenhadas,4.4.90.40.00 - Serviços de Tecnologia da Informação e Comunicação - Pessoa Jurídica,2025,Prefeitura Municipal de São Borja - RS,58757,Padrão,RS,21838.9
DCA-Anexo I-D,2025,DESPESA,DCA-Anexo I-D,DO4.4.90.40.00.00,4318002,Despesas Liquidadas,4.4.90.40.00 - Serviços de Tecnologia da Informação e Comunicação - Pessoa Jurídica,2025,Prefeitura Municipal de São Borja - RS,58757,Padrão,RS,21838.9
DCA-Anexo I-D,2025,DESPESA,DCA-Anexo I-D,DO4.4.90.40.00.00,4318002,Despesas Pagas,4.4.90.40.00 - Serviços de Tecnologia da Informação e Comunicação - Pessoa Jurídica,2025,Prefeitura Municipal de São Borja - RS,58757,Padrão,RS,21838.9
DCA-Anexo I-D,2025,DESPESA,DCA-Anexo I-D,DO4.4.90.51.00.00,4318002,Despesas Empenhadas,4.4.90.51.00 - Obras e Instalações,2025,Prefeitura Municipal de São Borja - RS,58757,Padrão,RS,8765998.31
DCA-Anexo I-D,2025,DESPESA,DCA-Anexo I-D,DO4.4.90.51.00.00,4318002,Despesas Liquidadas,4.4.90.51.00 - Obras e Instalações,2025,Prefeitura Municipal de São Borja - RS,58757,Padrão,RS,3264248.96
DCA-Anexo I-D,2025,DESPESA,DCA-Anexo I-D,DO4.4.90.51.00.00,4318002,Despesas Pagas,4.4.90.51.00 - Obras e Instalações,2025,Prefeitura Municipal de São Borja - RS,58757,Padrão,RS,3264248.96
DCA-Anexo I-D,2025,DESPESA,DCA-Anexo I-D,DO4.4.90.51.91.00,4318002,Despesas Empenhadas,4.4.90.51.91 - Obras em Andamento,2025,Prefeitura Municipal de São Borja - RS,58757,Padrão,RS,5569493.25
DCA-Anexo I-D,2025,DESPESA,DCA-Anexo I-D,DO4.4.90.51.91.00,4318002,Despesas Liquidadas,4.4.90.51.91 - Obras em Andamento,2025,Prefeitura Municipal de São Borja - RS,58757,Padrão,RS,2142262.98
DCA-Anexo I-D,2025,DESPESA,DCA-Anexo I-D,DO4.4.90.51.91.00,4318002,Despesas Pagas,4.4.90.51.91 - Obras em Andamento,2025,Prefeitura Municipal de São Borja - RS,58757,Padrão,RS,2142262.98
DCA-Anexo I-D,2025,DESPESA,DCA-Anexo I-D,DO4.4.90.51.99.00,4318002,Despesas Empenhadas,4.4.90.51.99 - Outras Obras e Instalações,2025,Prefeitura Municipal de São Borja - RS,58757,Padrão,RS,3196505.06
DCA-Anexo I-D,2025,DESPESA,DCA-Anexo I-D,DO4.4.90.51.99.00,4318002,Despesas Liquidadas,4.4.90.51.99 - Outras Obras e Instalações,2025,Prefeitura Municipal de São Borja - RS,58757,Padrão,RS,1121985.98
DCA-Anexo I-D,2025,DESPESA,DCA-Anexo I-D,DO4.4.90.51.99.00,4318002,Despesas Pagas,4.4.90.51.99 - Outras Obras e Instalações,2025,Prefeitura Municipal de São Borja - RS,58757,Padrão,RS,1121985.98
DCA-Anexo I-D,2025,DESPESA,DCA-Anexo I-D,DO4.4.90.52.00.00,4318002,Despesas Empenhadas,4.4.90.52.00 - Equipamentos e Material Permanente,2025,Prefeitura Municipal de São Borja - RS,58757,Padrão,RS,6892827.42
DCA-Anexo I-D,2025,DESPESA,DCA-Anexo I-D,DO4.4.90.52.00.00,4318002,Despesas Liquidadas,4.4.90.52.00 - Equipamentos e Material Permanente,2025,Prefeitura Municipal de São Borja - RS,58757,Padrão,RS,1639555.38
DCA-Anexo I-D,2025,DESPESA,DCA-Anexo I-D,DO4.4.90.52.00.00,4318002,Despesas Pagas,4.4.90.52.00 - Equipamentos e Material Permanente,2025,Prefeitura Municipal de São Borja - RS,58757,Padrão,RS,1639285.58
DCA-Anexo I-D,2025,DESPESA|DIVIDA,DCA-Anexo I-D,DO4.6.00.00.00.00,4318002,Despesas Empenhadas,4.6.00.00.00 - Amortização da Dívida,2025,Prefeitura Municipal de São Borja - RS,58757,Padrão,RS,9781453.67
DCA-Anexo I-D,2025,DESPESA|DIVIDA,DCA-Anexo I-D,DO4.6.00.00.00.00,4318002,Despesas Liquidadas,4.6.00.00.00 - Amortização da Dívida,2025,Prefeitura Municipal de São Borja - RS,58757,Padrão,RS,9781453.67
DCA-Anexo I-D,2025,DESPESA|DIVIDA,DCA-Anexo I-D,DO4.6.00.00.00.00,4318002,Despesas Pagas,4.6.00.00.00 - Amortização da Dívida,2025,Prefeitura Municipal de São Borja - RS,58757,Padrão,RS,9781453.67
DCA-Anexo I-D,2025,DESPESA,DCA-Anexo I-D,DO4.6.90.00.00.00,4318002,Despesas Empenhadas,4.6.90.00.00 - Aplicações Diretas,2025,Prefeitura Municipal de São Borja - RS,58757,Padrão,RS,5319121.35
DCA-Anexo I-D,2025,DESPESA,DCA-Anexo I-D,DO4.6.90.00.00.00,4318002,Despesas Liquidadas,4.6.90.00.00 - Aplicações Diretas,2025,Prefeitura Municipal de São Borja - RS,58757,Padrão,RS,5319121.35
DCA-Anexo I-D,2025,DESPESA,DCA-Anexo I-D,DO4.6.90.00.00.00,4318002,Despesas Pagas,4.6.90.00.00 - Aplicações Diretas,2025,Prefeitura Municipal de São Borja - RS,58757,Padrão,RS,5319121.35
DCA-Anexo I-D,2025,DESPESA|DIVIDA,DCA-Anexo I-D,DO4.6.90.71.00.00,4318002,Despesas Empenhadas,4.6.90.71.00 - Principal da Dívida Contratual Resgatado,2025,Prefeitura Municipal de São Borja - RS,58757,Padrão,RS,5319121.35
DCA-Anexo I-D,2025,DESPESA|DIVIDA,DCA-Anexo I-D,DO4.6.90.71.00.00,4318002,Despesas Liquidadas,4.6.90.71.00 - Principal da Dívida Contratual Resgatado,2025,Prefeitura Municipal de São Borja - RS,58757,Padrão,RS,5319121.35
DCA-Anexo I-D,2025,DESPESA|DIVIDA,DCA-Anexo I-D,DO4.6.90.71.00.00,4318002,Despesas Pagas,4.6.90.71.00 - Principal da Dívida Contratual Resgatado,2025,Prefeitura Municipal de São Borja - RS,58757,Padrão,RS,5319121.35
DCA-Anexo I-D,2025,DESPESA,DCA-Anexo I-D,DI4.6.91.00.00.00,4318002,Despesas Empenhadas,"4.6.91.00.00 - Aplicação direta decorrente de operação entre órgãos, fundos e entidades integrantes dos OFSS",2025,Prefeitura Municipal de São Borja - RS,58757,Padrão,RS,4462332.32
DCA-Anexo I-D,2025,DESPESA,DCA-Anexo I-D,DI4.6.91.00.00.00,4318002,Despesas Liquidadas,"4.6.91.00.00 - Aplicação direta decorrente de operação entre órgãos, fundos e entidades integrantes dos OFSS",2025,Prefeitura Municipal de São Borja - RS,58757,Padrão,RS,4462332.32
DCA-Anexo I-D,2025,DESPESA,DCA-Anexo I-D,DI4.6.91.00.00.00,4318002,Despesas Pagas,"4.6.91.00.00 - Aplicação direta decorrente de operação entre órgãos, fundos e entidades integrantes dos OFSS",2025,Prefeitura Municipal de São Borja - RS,58757,Padrão,RS,4462332.32
DCA-Anexo I-E,2025,DESPESA,DCA-Anexo I-E,TotalDespesas,4318002,Despesas Empenhadas,Despesas Exceto Intraorçamentárias,2025,Prefeitura Municipal de São Borja - RS,58757,Total Geral da Despesa por Função,RS,369869396.09
DCA-Anexo I-E,2025,DESPESA,DCA-Anexo I-E,TotalDespesas,4318002,Despesas Empenhadas,01 - Legislativa,2025,Prefeitura Municipal de São Borja - RS,58757,Total Geral da Despesa por Função,RS,10046709.34
DCA-Anexo I-E,2025,DESPESA,DCA-Anexo I-E,TotalDespesas,4318002,Despesas Empenhadas,01.031 - Ação Legislativa,2025,Prefeitura Municipal de São Borja - RS,58757,Total Geral da Despesa por Função,RS,10046709.34
DCA-Anexo I-E,2025,DESPESA,DCA-Anexo I-E,TotalDespesas,4318002,Despesas Empenhadas,04 - Administração,2025,Prefeitura Municipal de São Borja - RS,58757,Total Geral da Despesa por Função,RS,41590169.84
DCA-Anexo I-E,2025,DESPESA,DCA-Anexo I-E,TotalDespesas,4318002,Despesas Empenhadas,04.121 - Planejamento e Orçamento,2025,Prefeitura Municipal de São Borja - RS,58757,Total Geral da Despesa por Função,RS,5231139.81
DCA-Anexo I-E,2025,DESPESA,DCA-Anexo I-E,TotalDespesas,4318002,Despesas Empenhadas,04.122 - Administração Geral,2025,Prefeitura Municipal de São Borja - RS,58757,Total Geral da Despesa por Função,RS,29824524.65
DCA-Anexo I-E,2025,DESPESA,DCA-Anexo I-E,TotalDespesas,4318002,Despesas Empenhadas,04.124 - Controle Interno,2025,Prefeitura Municipal de São Borja - RS,58757,Total Geral da Despesa por Função,RS,434432.36
DCA-Anexo I-E,2025,DESPESA,DCA-Anexo I-E,TotalDespesas,4318002,Despesas Empenhadas,04.126 - Tecnologia da Informação,2025,Prefeitura Municipal de São Borja - RS,58757,Total Geral da Despesa por Função,RS,666065.83
DCA-Anexo I-E,2025,DESPESA,DCA-Anexo I-E,TotalDespesas,4318002,Despesas Empenhadas,04.128 - Formação de Recursos Humanos,2025,Prefeitura Municipal de São Borja - RS,58757,Total Geral da Despesa por Função,RS,261704.32
DCA-Anexo I-E,2025,DESPESA,DCA-Anexo I-E,TotalDespesas,4318002,Despesas Empenhadas,04.129 - Administração de Receitas,2025,Prefeitura Municipal de São Borja - RS,58757,Total Geral da Despesa por Função,RS,5155223.18
DCA-Anexo I-E,2025,DESPESA,DCA-Anexo I-E,TotalDespesas,4318002,Despesas Empenhadas,FU04 - Demais Subfunções,2025,Prefeitura Municipal de São Borja - RS,58757,Total Geral da Despesa por Função,RS,17079.69
DCA-Anexo I-E,2025,DESPESA,DCA-Anexo I-E,TotalDespesas,4318002,Despesas Empenhadas,06 - Segurança Pública,2025,Prefeitura Municipal de São Borja - RS,58757,Total Geral da Despesa por Função,RS,1065304.59
DCA-Anexo I-E,2025,DESPESA,DCA-Anexo I-E,TotalDespesas,4318002,Despesas Empenhadas,06.181 - Policiamento,2025,Prefeitura Municipal de São Borja - RS,58757,Total Geral da Despesa por Função,RS,407794.05
DCA-Anexo I-E,2025,DESPESA,DCA-Anexo I-E,TotalDespesas,4318002,Despesas Empenhadas,06.182 - Defesa Civil,2025,Prefeitura Municipal de São Borja - RS,58757,Total Geral da Despesa por Função,RS,657510.54
DCA-Anexo I-E,2025,DESPESA,DCA-Anexo I-E,TotalDespesas,4318002,Despesas Empenhadas,08 - Assistência Social,2025,Prefeitura Municipal de São Borja - RS,58757,Total Geral da Despesa por Função,RS,13055801.61
DCA-Anexo I-E,2025,DESPESA,DCA-Anexo I-E,TotalDespesas,4318002,Despesas Empenhadas,08.241 - Assistência à Pessoa Idosa,2025,Prefeitura Municipal de São Borja - RS,58757,Total Geral da Despesa por Função,RS,372605.77
DCA-Anexo I-E,2025,DESPESA,DCA-Anexo I-E,TotalDespesas,4318002,Despesas Empenhadas,08.243 - Assistência à Criança e ao Adolescente,2025,Prefeitura Municipal de São Borja - RS,58757,Total Geral da Despesa por Função,RS,811344.36
DCA-Anexo I-E,2025,DESPESA,DCA-Anexo I-E,TotalDespesas,4318002,Despesas Empenhadas,08.244 - Assistência Comunitária,2025,Prefeitura Municipal de São Borja - RS,58757,Total Geral da Despesa por Função,RS,1361211.65
DCA-Anexo I-E,2025,DESPESA,DCA-Anexo I-E,TotalDespesas,4318002,Despesas Empenhadas,08.245 - Serviços Socioassistenciais,2025,Prefeitura Municipal de São Borja - RS,58757,Total Geral da Despesa por Função,RS,9320155.74
DCA-Anexo I-E,2025,DESPESA,DCA-Anexo I-E,TotalDespesas,4318002,Despesas Empenhadas,08.122 - Administração Geral,2025,Prefeitura Municipal de São Borja - RS,58757,Total Geral da Despesa por Função,RS,1190484.09
DCA-Anexo I-E,2025,DESPESA|PREVID,DCA-Anexo I-E,TotalDespesas,4318002,Despesas Empenhadas,09 - Previdência Social,2025,Prefeitura Municipal de São Borja - RS,58757,Total Geral da Despesa por Função,RS,47393550.43
DCA-Anexo I-E,2025,DESPESA|PREVID,DCA-Anexo I-E,TotalDespesas,4318002,Despesas Empenhadas,09.272 - Previdência do Regime Estatutário,2025,Prefeitura Municipal de São Borja - RS,58757,Total Geral da Despesa por Função,RS,41853709.82
DCA-Anexo I-E,2025,DESPESA|PREVID,DCA-Anexo I-E,TotalDespesas,4318002,Despesas Empenhadas,09.274 - Previdência Especial,2025,Prefeitura Municipal de São Borja - RS,58757,Total Geral da Despesa por Função,RS,4922764.08
DCA-Anexo I-E,2025,DESPESA,DCA-Anexo I-E,TotalDespesas,4318002,Despesas Empenhadas,09.122 - Administração Geral,2025,Prefeitura Municipal de São Borja - RS,58757,Total Geral da Despesa por Função,RS,617076.53
DCA-Anexo I-E,2025,DESPESA,DCA-Anexo I-E,TotalDespesas,4318002,Despesas Empenhadas,10 - Saúde,2025,Prefeitura Municipal de São Borja - RS,58757,Total Geral da Despesa por Função,RS,119333046.2
DCA-Anexo I-E,2025,DESPESA,DCA-Anexo I-E,TotalDespesas,4318002,Despesas Empenhadas,10.301 - Atenção Básica,2025,Prefeitura Municipal de São Borja - RS,58757,Total Geral da Despesa por Função,RS,36056172.18
DCA-Anexo I-E,2025,DESPESA,DCA-Anexo I-E,TotalDespesas,4318002,Despesas Empenhadas,10.302 - Assistência Hospitalar e Ambulatorial,2025,Prefeitura Municipal de São Borja - RS,58757,Total Geral da Despesa por Função,RS,73939615.24
DCA-Anexo I-E,2025,DESPESA,DCA-Anexo I-E,TotalDespesas,4318002,Despesas Empenhadas,10.304 - Vigilância Sanitária,2025,Prefeitura Municipal de São Borja - RS,58757,Total Geral da Despesa por Função,RS,929366.14
DCA-Anexo I-E,2025,DESPESA,DCA-Anexo I-E,TotalDespesas,4318002,Despesas Empenhadas,10.305 - Vigilância Epidemiológica,2025,Prefeitura Municipal de São Borja - RS,58757,Total Geral da Despesa por Função,RS,4009545.23
DCA-Anexo I-E,2025,DESPESA,DCA-Anexo I-E,TotalDespesas,4318002,Despesas Empenhadas,10.122 - Administração Geral,2025,Prefeitura Municipal de São Borja - RS,58757,Total Geral da Despesa por Função,RS,4398347.41
DCA-Anexo I-E,2025,DESPESA,DCA-Anexo I-E,TotalDespesas,4318002,Despesas Empenhadas,12 - Educação,2025,Prefeitura Municipal de São Borja - RS,58757,Total Geral da Despesa por Função,RS,79333187.38
DCA-Anexo I-E,2025,DESPESA,DCA-Anexo I-E,TotalDespesas,4318002,Despesas Empenhadas,12.361 - Ensino Fundamental,2025,Prefeitura Municipal de São Borja - RS,58757,Total Geral da Despesa por Função,RS,53982440.52
DCA-Anexo I-E,2025,DESPESA,DCA-Anexo I-E,TotalDespesas,4318002,Despesas Empenhadas,12.362 - Ensino Médio,2025,Prefeitura Municipal de São Borja - RS,58757,Total Geral da Despesa por Função,RS,855146.06
DCA-Anexo I-E,2025,DESPESA,DCA-Anexo I-E,TotalDespesas,4318002,Despesas Empenhadas,12.365 - Educação Infantil,2025,Prefeitura Municipal de São Borja - RS,58757,Total Geral da Despesa por Função,RS,14434931.91
DCA-Anexo I-E,2025,DESPESA,DCA-Anexo I-E,TotalDespesas,4318002,Despesas Empenhadas,12.366 - Educação de Jovens e Adultos,2025,Prefeitura Municipal de São Borja - RS,58757,Total Geral da Despesa por Função,RS,803713.11
DCA-Anexo I-E,2025,DESPESA,DCA-Anexo I-E,TotalDespesas,4318002,Despesas Empenhadas,12.367 - Educação Especial,2025,Prefeitura Municipal de São Borja - RS,58757,Total Geral da Despesa por Função,RS,50000
DCA-Anexo I-E,2025,DESPESA,DCA-Anexo I-E,TotalDespesas,4318002,Despesas Empenhadas,12.122 - Administração Geral,2025,Prefeitura Municipal de São Borja - RS,58757,Total Geral da Despesa por Função,RS,9206955.78
DCA-Anexo I-E,2025,DESPESA,DCA-Anexo I-E,TotalDespesas,4318002,Despesas Empenhadas,13 - Cultura,2025,Prefeitura Municipal de São Borja - RS,58757,Total Geral da Despesa por Função,RS,4041018.58
DCA-Anexo I-E,2025,DESPESA,DCA-Anexo I-E,TotalDespesas,4318002,Despesas Empenhadas,13.392 - Difusão Cultural,2025,Prefeitura Municipal de São Borja - RS,58757,Total Geral da Despesa por Função,RS,4041018.58
DCA-Anexo I-E,2025,DESPESA,DCA-Anexo I-E,TotalDespesas,4318002,Despesas Empenhadas,14 - Direitos da Cidadania,2025,Prefeitura Municipal de São Borja - RS,58757,Total Geral da Despesa por Função,RS,259.99
DCA-Anexo I-E,2025,DESPESA,DCA-Anexo I-E,TotalDespesas,4318002,Despesas Empenhadas,"14.422 - Direitos Individuais, Coletivos e Difusos",2025,Prefeitura Municipal de São Borja - RS,58757,Total Geral da Despesa por Função,RS,259.99
DCA-Anexo I-E,2025,DESPESA,DCA-Anexo I-E,TotalDespesas,4318002,Despesas Empenhadas,15 - Urbanismo,2025,Prefeitura Municipal de São Borja - RS,58757,Total Geral da Despesa por Função,RS,19463464.92
DCA-Anexo I-E,2025,DESPESA,DCA-Anexo I-E,TotalDespesas,4318002,Despesas Empenhadas,15.451 - Infraestrutura Urbana,2025,Prefeitura Municipal de São Borja - RS,58757,Total Geral da Despesa por Função,RS,7272464.73
DCA-Anexo I-E,2025,DESPESA,DCA-Anexo I-E,TotalDespesas,4318002,Despesas Empenhadas,15.452 - Serviços Urbanos,2025,Prefeitura Municipal de São Borja - RS,58757,Total Geral da Despesa por Função,RS,10704088.54
DCA-Anexo I-E,2025,DESPESA,DCA-Anexo I-E,TotalDespesas,4318002,Despesas Empenhadas,15.453 - Transportes Coletivos Urbanos,2025,Prefeitura Municipal de São Borja - RS,58757,Total Geral da Despesa por Função,RS,1486911.65
DCA-Anexo I-E,2025,DESPESA,DCA-Anexo I-E,TotalDespesas,4318002,Despesas Empenhadas,16 - Habitação,2025,Prefeitura Municipal de São Borja - RS,58757,Total Geral da Despesa por Função,RS,6819.2
DCA-Anexo I-E,2025,DESPESA,DCA-Anexo I-E,TotalDespesas,4318002,Despesas Empenhadas,16.482 - Habitação Urbana,2025,Prefeitura Municipal de São Borja - RS,58757,Total Geral da Despesa por Função,RS,6819.2
DCA-Anexo I-E,2025,DESPESA,DCA-Anexo I-E,TotalDespesas,4318002,Despesas Empenhadas,17 - Saneamento,2025,Prefeitura Municipal de São Borja - RS,58757,Total Geral da Despesa por Função,RS,23139.51
DCA-Anexo I-E,2025,DESPESA,DCA-Anexo I-E,TotalDespesas,4318002,Despesas Empenhadas,17.511 - Saneamento Básico Rural,2025,Prefeitura Municipal de São Borja - RS,58757,Total Geral da Despesa por Função,RS,23139.51
DCA-Anexo I-E,2025,DESPESA,DCA-Anexo I-E,TotalDespesas,4318002,Despesas Empenhadas,18 - Gestão Ambiental,2025,Prefeitura Municipal de São Borja - RS,58757,Total Geral da Despesa por Função,RS,369009.52
DCA-Anexo I-E,2025,DESPESA,DCA-Anexo I-E,TotalDespesas,4318002,Despesas Empenhadas,18.541 - Preservação e Conservação Ambiental,2025,Prefeitura Municipal de São Borja - RS,58757,Total Geral da Despesa por Função,RS,369009.52
DCA-Anexo I-E,2025,DESPESA,DCA-Anexo I-E,TotalDespesas,4318002,Despesas Empenhadas,20 - Agricultura,2025,Prefeitura Municipal de São Borja - RS,58757,Total Geral da Despesa por Função,RS,228008.46
DCA-Anexo I-E,2025,DESPESA,DCA-Anexo I-E,TotalDespesas,4318002,Despesas Empenhadas,20.606 - Extensão Rural,2025,Prefeitura Municipal de São Borja - RS,58757,Total Geral da Despesa por Função,RS,221951.82
DCA-Anexo I-E,2025,DESPESA,DCA-Anexo I-E,TotalDespesas,4318002,Despesas Empenhadas,20.122 - Administração Geral,2025,Prefeitura Municipal de São Borja - RS,58757,Total Geral da Despesa por Função,RS,6056.64
DCA-Anexo I-E,2025,DESPESA,DCA-Anexo I-E,TotalDespesas,4318002,Despesas Empenhadas,23 - Comércio e Serviços,2025,Prefeitura Municipal de São Borja - RS,58757,Total Geral da Despesa por Função,RS,1270894.44
DCA-Anexo I-E,2025,DESPESA,DCA-Anexo I-E,TotalDespesas,4318002,Despesas Empenhadas,23.695 - Turismo,2025,Prefeitura Municipal de São Borja - RS,58757,Total Geral da Despesa por Função,RS,1270894.44
DCA-Anexo I-E,2025,DESPESA,DCA-Anexo I-E,TotalDespesas,4318002,Despesas Empenhadas,26 - Transporte,2025,Prefeitura Municipal de São Borja - RS,58757,Total Geral da Despesa por Função,RS,6355710.15
DCA-Anexo I-E,2025,DESPESA,DCA-Anexo I-E,TotalDespesas,4318002,Despesas Empenhadas,26.781 - Transporte Aéreo,2025,Prefeitura Municipal de São Borja - RS,58757,Total Geral da Despesa por Função,RS,1050395.3
DCA-Anexo I-E,2025,DESPESA,DCA-Anexo I-E,TotalDespesas,4318002,Despesas Empenhadas,26.782 - Transporte Rodoviário,2025,Prefeitura Municipal de São Borja - RS,58757,Total Geral da Despesa por Função,RS,5305314.85
DCA-Anexo I-E,2025,DESPESA,DCA-Anexo I-E,TotalDespesas,4318002,Despesas Empenhadas,27 - Desporto e Lazer,2025,Prefeitura Municipal de São Borja - RS,58757,Total Geral da Despesa por Função,RS,1640102.26
DCA-Anexo I-E,2025,DESPESA,DCA-Anexo I-E,TotalDespesas,4318002,Despesas Empenhadas,27.811 - Desporto de Rendimento,2025,Prefeitura Municipal de São Borja - RS,58757,Total Geral da Despesa por Função,RS,17834.73
DCA-Anexo I-E,2025,DESPESA,DCA-Anexo I-E,TotalDespesas,4318002,Despesas Empenhadas,27.812 - Desporto Comunitário,2025,Prefeitura Municipal de São Borja - RS,58757,Total Geral da Despesa por Função,RS,1588305.42
DCA-Anexo I-E,2025,DESPESA,DCA-Anexo I-E,TotalDespesas,4318002,Despesas Empenhadas,27.813 - Lazer,2025,Prefeitura Municipal de São Borja - RS,58757,Total Geral da Despesa por Função,RS,33962.11
DCA-Anexo I-E,2025,DESPESA,DCA-Anexo I-E,TotalDespesas,4318002,Despesas Empenhadas,28 - Encargos Especiais,2025,Prefeitura Municipal de São Borja - RS,58757,Total Geral da Despesa por Função,RS,24653199.67
DCA-Anexo I-E,2025,DESPESA|DIVIDA,DCA-Anexo I-E,TotalDespesas,4318002,Despesas Empenhadas,28.843 - Serviço da Dívida Interna,2025,Prefeitura Municipal de São Borja - RS,58757,Total Geral da Despesa por Função,RS,24653199.67
DCA-Anexo I-E,2025,DESPESA,DCA-Anexo I-E,TotalDespesas,4318002,Despesas Empenhadas,Despesas Intraorçamentárias,2025,Prefeitura Municipal de São Borja - RS,58757,Total Geral da Despesa por Função,RS,25713117.22
DCA-Anexo I-E,2025,DESPESA,DCA-Anexo I-E,TotalDespesas,4318002,Despesas Liquidadas,Despesas Exceto Intraorçamentárias,2025,Prefeitura Municipal de São Borja - RS,58757,Total Geral da Despesa por Função,RS,348091576.42
DCA-Anexo I-E,2025,DESPESA,DCA-Anexo I-E,TotalDespesas,4318002,Despesas Liquidadas,01 - Legislativa,2025,Prefeitura Municipal de São Borja - RS,58757,Total Geral da Despesa por Função,RS,9498302.17
DCA-Anexo I-E,2025,DESPESA,DCA-Anexo I-E,TotalDespesas,4318002,Despesas Liquidadas,01.031 - Ação Legislativa,2025,Prefeitura Municipal de São Borja - RS,58757,Total Geral da Despesa por Função,RS,9498302.17
DCA-Anexo I-E,2025,DESPESA,DCA-Anexo I-E,TotalDespesas,4318002,Despesas Liquidadas,04 - Administração,2025,Prefeitura Municipal de São Borja - RS,58757,Total Geral da Despesa por Função,RS,37976328.25
DCA-Anexo I-E,2025,DESPESA,DCA-Anexo I-E,TotalDespesas,4318002,Despesas Liquidadas,04.121 - Planejamento e Orçamento,2025,Prefeitura Municipal de São Borja - RS,58757,Total Geral da Despesa por Função,RS,5222769.43
DCA-Anexo I-E,2025,DESPESA,DCA-Anexo I-E,TotalDespesas,4318002,Despesas Liquidadas,04.122 - Administração Geral,2025,Prefeitura Municipal de São Borja - RS,58757,Total Geral da Despesa por Função,RS,29284533.33
DCA-Anexo I-E,2025,DESPESA,DCA-Anexo I-E,TotalDespesas,4318002,Despesas Liquidadas,04.124 - Controle Interno,2025,Prefeitura Municipal de São Borja - RS,58757,Total Geral da Despesa por Função,RS,434432.36
DCA-Anexo I-E,2025,DESPESA,DCA-Anexo I-E,TotalDespesas,4318002,Despesas Liquidadas,04.126 - Tecnologia da Informação,2025,Prefeitura Municipal de São Borja - RS,58757,Total Geral da Despesa por Função,RS,610564.12
DCA-Anexo I-E,2025,DESPESA,DCA-Anexo I-E,TotalDespesas,4318002,Despesas Liquidadas,04.128 - Formação de Recursos Humanos,2025,Prefeitura Municipal de São Borja - RS,58757,Total Geral da Despesa por Função,RS,261704.32
DCA-Anexo I-E,2025,DESPESA,DCA-Anexo I-E,TotalDespesas,4318002,Despesas Liquidadas,04.129 - Administração de Receitas,2025,Prefeitura Municipal de São Borja - RS,58757,Total Geral da Despesa por Função,RS,2145245
DCA-Anexo I-E,2025,DESPESA,DCA-Anexo I-E,TotalDespesas,4318002,Despesas Liquidadas,FU04 - Demais Subfunções,2025,Prefeitura Municipal de São Borja - RS,58757,Total Geral da Despesa por Função,RS,17079.69
DCA-Anexo I-E,2025,DESPESA,DCA-Anexo I-E,TotalDespesas,4318002,Despesas Liquidadas,06 - Segurança Pública,2025,Prefeitura Municipal de São Borja - RS,58757,Total Geral da Despesa por Função,RS,1038510.48
DCA-Anexo I-E,2025,DESPESA,DCA-Anexo I-E,TotalDespesas,4318002,Despesas Liquidadas,06.181 - Policiamento,2025,Prefeitura Municipal de São Borja - RS,58757,Total Geral da Despesa por Função,RS,398822.76
DCA-Anexo I-E,2025,DESPESA,DCA-Anexo I-E,TotalDespesas,4318002,Despesas Liquidadas,06.182 - Defesa Civil,2025,Prefeitura Municipal de São Borja - RS,58757,Total Geral da Despesa por Função,RS,639687.72
DCA-Anexo I-E,2025,DESPESA,DCA-Anexo I-E,TotalDespesas,4318002,Despesas Liquidadas,08 - Assistência Social,2025,Prefeitura Municipal de São Borja - RS,58757,Total Geral da Despesa por Função,RS,12365355.21
DCA-Anexo I-E,2025,DESPESA,DCA-Anexo I-E,TotalDespesas,4318002,Despesas Liquidadas,08.241 - Assistência à Pessoa Idosa,2025,Prefeitura Municipal de São Borja - RS,58757,Total Geral da Despesa por Função,RS,12616.11
DCA-Anexo I-E,2025,DESPESA,DCA-Anexo I-E,TotalDespesas,4318002,Despesas Liquidadas,08.243 - Assistência à Criança e ao Adolescente,2025,Prefeitura Municipal de São Borja - RS,58757,Total Geral da Despesa por Função,RS,791532.71
DCA-Anexo I-E,2025,DESPESA,DCA-Anexo I-E,TotalDespesas,4318002,Despesas Liquidadas,08.244 - Assistência Comunitária,2025,Prefeitura Municipal de São Borja - RS,58757,Total Geral da Despesa por Função,RS,1339251.66
DCA-Anexo I-E,2025,DESPESA,DCA-Anexo I-E,TotalDespesas,4318002,Despesas Liquidadas,08.245 - Serviços Socioassistenciais,2025,Prefeitura Municipal de São Borja - RS,58757,Total Geral da Despesa por Função,RS,9033666.41
DCA-Anexo I-E,2025,DESPESA,DCA-Anexo I-E,TotalDespesas,4318002,Despesas Liquidadas,08.122 - Administração Geral,2025,Prefeitura Municipal de São Borja - RS,58757,Total Geral da Despesa por Função,RS,1188288.32
DCA-Anexo I-E,2025,DESPESA|PREVID,DCA-Anexo I-E,TotalDespesas,4318002,Despesas Liquidadas,09 - Previdência Social,2025,Prefeitura Municipal de São Borja - RS,58757,Total Geral da Despesa por Função,RS,47393550.43
DCA-Anexo I-E,2025,DESPESA|PREVID,DCA-Anexo I-E,TotalDespesas,4318002,Despesas Liquidadas,09.272 - Previdência do Regime Estatutário,2025,Prefeitura Municipal de São Borja - RS,58757,Total Geral da Despesa por Função,RS,41853709.82
DCA-Anexo I-E,2025,DESPESA|PREVID,DCA-Anexo I-E,TotalDespesas,4318002,Despesas Liquidadas,09.274 - Previdência Especial,2025,Prefeitura Municipal de São Borja - RS,58757,Total Geral da Despesa por Função,RS,4922764.08
DCA-Anexo I-E,2025,DESPESA,DCA-Anexo I-E,TotalDespesas,4318002,Despesas Liquidadas,09.122 - Administração Geral,2025,Prefeitura Municipal de São Borja - RS,58757,Total Geral da Despesa por Função,RS,617076.53
DCA-Anexo I-E,2025,DESPESA,DCA-Anexo I-E,TotalDespesas,4318002,Despesas Liquidadas,10 - Saúde,2025,Prefeitura Municipal de São Borja - RS,58757,Total Geral da Despesa por Função,RS,114605804.54
DCA-Anexo I-E,2025,DESPESA,DCA-Anexo I-E,TotalDespesas,4318002,Despesas Liquidadas,10.301 - Atenção Básica,2025,Prefeitura Municipal de São Borja - RS,58757,Total Geral da Despesa por Função,RS,35265305.06
DCA-Anexo I-E,2025,DESPESA,DCA-Anexo I-E,TotalDespesas,4318002,Despesas Liquidadas,10.302 - Assistência Hospitalar e Ambulatorial,2025,Prefeitura Municipal de São Borja - RS,58757,Total Geral da Despesa por Função,RS,70094694.51
DCA-Anexo I-E,2025,DESPESA,DCA-Anexo I-E,TotalDespesas,4318002,Despesas Liquidadas,10.304 - Vigilância Sanitária,2025,Prefeitura Municipal de São Borja - RS,58757,Total Geral da Despesa por Função,RS,925676.47
DCA-Anexo I-E,2025,DESPESA,DCA-Anexo I-E,TotalDespesas,4318002,Despesas Liquidadas,10.305 - Vigilância Epidemiológica,2025,Prefeitura Municipal de São Borja - RS,58757,Total Geral da Despesa por Função,RS,3928381.09
DCA-Anexo I-E,2025,DESPESA,DCA-Anexo I-E,TotalDespesas,4318002,Despesas Liquidadas,10.122 - Administração Geral,2025,Prefeitura Municipal de São Borja - RS,58757,Total Geral da Despesa por Função,RS,4391747.41
DCA-Anexo I-E,2025,DESPESA,DCA-Anexo I-E,TotalDespesas,4318002,Despesas Liquidadas,12 - Educação,2025,Prefeitura Municipal de São Borja - RS,58757,Total Geral da Despesa por Função,RS,77696933.24
DCA-Anexo I-E,2025,DESPESA,DCA-Anexo I-E,TotalDespesas,4318002,Despesas Liquidadas,12.361 - Ensino Fundamental,2025,Prefeitura Municipal de São Borja - RS,58757,Total Geral da Despesa por Função,RS,52946237.05
DCA-Anexo I-E,2025,DESPESA,DCA-Anexo I-E,TotalDespesas,4318002,Despesas Liquidadas,12.362 - Ensino Médio,2025,Prefeitura Municipal de São Borja - RS,58757,Total Geral da Despesa por Função,RS,771631.24
DCA-Anexo I-E,2025,DESPESA,DCA-Anexo I-E,TotalDespesas,4318002,Despesas Liquidadas,12.365 - Educação Infantil,2025,Prefeitura Municipal de São Borja - RS,58757,Total Geral da Despesa por Função,RS,14012554.43
DCA-Anexo I-E,2025,DESPESA,DCA-Anexo I-E,TotalDespesas,4318002,Despesas Liquidadas,12.366 - Educação de Jovens e Adultos,2025,Prefeitura Municipal de São Borja - RS,58757,Total Geral da Despesa por Função,RS,803649.43
DCA-Anexo I-E,2025,DESPESA,DCA-Anexo I-E,TotalDespesas,4318002,Despesas Liquidadas,12.367 - Educação Especial,2025,Prefeitura Municipal de São Borja - RS,58757,Total Geral da Despesa por Função,RS,50000
DCA-Anexo I-E,2025,DESPESA,DCA-Anexo I-E,TotalDespesas,4318002,Despesas Liquidadas,12.122 - Administração Geral,2025,Prefeitura Municipal de São Borja - RS,58757,Total Geral da Despesa por Função,RS,9112861.09
DCA-Anexo I-E,2025,DESPESA,DCA-Anexo I-E,TotalDespesas,4318002,Despesas Liquidadas,13 - Cultura,2025,Prefeitura Municipal de São Borja - RS,58757,Total Geral da Despesa por Função,RS,2708842.82
DCA-Anexo I-E,2025,DESPESA,DCA-Anexo I-E,TotalDespesas,4318002,Despesas Liquidadas,13.392 - Difusão Cultural,2025,Prefeitura Municipal de São Borja - RS,58757,Total Geral da Despesa por Função,RS,2708842.82
DCA-Anexo I-E,2025,DESPESA,DCA-Anexo I-E,TotalDespesas,4318002,Despesas Liquidadas,14 - Direitos da Cidadania,2025,Prefeitura Municipal de São Borja - RS,58757,Total Geral da Despesa por Função,RS,259.99
DCA-Anexo I-E,2025,DESPESA,DCA-Anexo I-E,TotalDespesas,4318002,Despesas Liquidadas,"14.422 - Direitos Individuais, Coletivos e Difusos",2025,Prefeitura Municipal de São Borja - RS,58757,Total Geral da Despesa por Função,RS,259.99
DCA-Anexo I-E,2025,DESPESA,DCA-Anexo I-E,TotalDespesas,4318002,Despesas Liquidadas,15 - Urbanismo,2025,Prefeitura Municipal de São Borja - RS,58757,Total Geral da Despesa por Função,RS,16319440.28
DCA-Anexo I-E,2025,DESPESA,DCA-Anexo I-E,TotalDespesas,4318002,Despesas Liquidadas,15.451 - Infraestrutura Urbana,2025,Prefeitura Municipal de São Borja - RS,58757,Total Geral da Despesa por Função,RS,6568027.13
DCA-Anexo I-E,2025,DESPESA,DCA-Anexo I-E,TotalDespesas,4318002,Despesas Liquidadas,15.452 - Serviços Urbanos,2025,Prefeitura Municipal de São Borja - RS,58757,Total Geral da Despesa por Função,RS,8264501.5
DCA-Anexo I-E,2025,DESPESA,DCA-Anexo I-E,TotalDespesas,4318002,Despesas Liquidadas,15.453 - Transportes Coletivos Urbanos,2025,Prefeitura Municipal de São Borja - RS,58757,Total Geral da Despesa por Função,RS,1486911.65
DCA-Anexo I-E,2025,DESPESA,DCA-Anexo I-E,TotalDespesas,4318002,Despesas Liquidadas,16 - Habitação,2025,Prefeitura Municipal de São Borja - RS,58757,Total Geral da Despesa por Função,RS,6819.2
DCA-Anexo I-E,2025,DESPESA,DCA-Anexo I-E,TotalDespesas,4318002,Despesas Liquidadas,16.482 - Habitação Urbana,2025,Prefeitura Municipal de São Borja - RS,58757,Total Geral da Despesa por Função,RS,6819.2
DCA-Anexo I-E,2025,DESPESA,DCA-Anexo I-E,TotalDespesas,4318002,Despesas Liquidadas,17 - Saneamento,2025,Prefeitura Municipal de São Borja - RS,58757,Total Geral da Despesa por Função,RS,21389.51
DCA-Anexo I-E,2025,DESPESA,DCA-Anexo I-E,TotalDespesas,4318002,Despesas Liquidadas,17.511 - Saneamento Básico Rural,2025,Prefeitura Municipal de São Borja - RS,58757,Total Geral da Despesa por Função,RS,21389.51
DCA-Anexo I-E,2025,DESPESA,DCA-Anexo I-E,TotalDespesas,4318002,Despesas Liquidadas,18 - Gestão Ambiental,2025,Prefeitura Municipal de São Borja - RS,58757,Total Geral da Despesa por Função,RS,369009.52
DCA-Anexo I-E,2025,DESPESA,DCA-Anexo I-E,TotalDespesas,4318002,Despesas Liquidadas,18.541 - Preservação e Conservação Ambiental,2025,Prefeitura Municipal de São Borja - RS,58757,Total Geral da Despesa por Função,RS,369009.52
DCA-Anexo I-E,2025,DESPESA,DCA-Anexo I-E,TotalDespesas,4318002,Despesas Liquidadas,20 - Agricultura,2025,Prefeitura Municipal de São Borja - RS,58757,Total Geral da Despesa por Função,RS,228008.46
DCA-Anexo I-E,2025,DESPESA,DCA-Anexo I-E,TotalDespesas,4318002,Despesas Liquidadas,20.606 - Extensão Rural,2025,Prefeitura Municipal de São Borja - RS,58757,Total Geral da Despesa por Função,RS,221951.82
DCA-Anexo I-E,2025,DESPESA,DCA-Anexo I-E,TotalDespesas,4318002,Despesas Liquidadas,20.122 - Administração Geral,2025,Prefeitura Municipal de São Borja - RS,58757,Total Geral da Despesa por Função,RS,6056.64
DCA-Anexo I-E,2025,DESPESA,DCA-Anexo I-E,TotalDespesas,4318002,Despesas Liquidadas,23 - Comércio e Serviços,2025,Prefeitura Municipal de São Borja - RS,58757,Total Geral da Despesa por Função,RS,1101084.92
DCA-Anexo I-E,2025,DESPESA,DCA-Anexo I-E,TotalDespesas,4318002,Despesas Liquidadas,23.695 - Turismo,2025,Prefeitura Municipal de São Borja - RS,58757,Total Geral da Despesa por Função,RS,1101084.92
DCA-Anexo I-E,2025,DESPESA,DCA-Anexo I-E,TotalDespesas,4318002,Despesas Liquidadas,26 - Transporte,2025,Prefeitura Municipal de São Borja - RS,58757,Total Geral da Despesa por Função,RS,1664673.82
DCA-Anexo I-E,2025,DESPESA,DCA-Anexo I-E,TotalDespesas,4318002,Despesas Liquidadas,26.781 - Transporte Aéreo,2025,Prefeitura Municipal de São Borja - RS,58757,Total Geral da Despesa por Função,RS,1049708.5
DCA-Anexo I-E,2025,DESPESA,DCA-Anexo I-E,TotalDespesas,4318002,Despesas Liquidadas,26.782 - Transporte Rodoviário,2025,Prefeitura Municipal de São Borja - RS,58757,Total Geral da Despesa por Função,RS,614965.32
DCA-Anexo I-E,2025,DESPESA,DCA-Anexo I-E,TotalDespesas,4318002,Despesas Liquidadas,27 - Desporto e Lazer,2025,Prefeitura Municipal de São Borja - RS,58757,Total Geral da Despesa por Função,RS,444063.91
DCA-Anexo I-E,2025,DESPESA,DCA-Anexo I-E,TotalDespesas,4318002,Despesas Liquidadas,27.811 - Desporto de Rendimento,2025,Prefeitura Municipal de São Borja - RS,58757,Total Geral da Despesa por Função,RS,17737.57
DCA-Anexo I-E,2025,DESPESA,DCA-Anexo I-E,TotalDespesas,4318002,Despesas Liquidadas,27.812 - Desporto Comunitário,2025,Prefeitura Municipal de São Borja - RS,58757,Total Geral da Despesa por Função,RS,392364.23
DCA-Anexo I-E,2025,DESPESA,DCA-Anexo I-E,TotalDespesas,4318002,Despesas Liquidadas,27.813 - Lazer,2025,Prefeitura Municipal de São Borja - RS,58757,Total Geral da Despesa por Função,RS,33962.11
DCA-Anexo I-E,2025,DESPESA,DCA-Anexo I-E,TotalDespesas,4318002,Despesas Liquidadas,28 - Encargos Especiais,2025,Prefeitura Municipal de São Borja - RS,58757,Total Geral da Despesa por Função,RS,24653199.67
DCA-Anexo I-E,2025,DESPESA|DIVIDA,DCA-Anexo I-E,TotalDespesas,4318002,Despesas Liquidadas,28.843 - Serviço da Dívida Interna,2025,Prefeitura Municipal de São Borja - RS,58757,Total Geral da Despesa por Função,RS,24653199.67
DCA-Anexo I-E,2025,DESPESA,DCA-Anexo I-E,TotalDespesas,4318002,Despesas Liquidadas,Despesas Intraorçamentárias,2025,Prefeitura Municipal de São Borja - RS,58757,Total Geral da Despesa por Função,RS,25713117.22
DCA-Anexo I-E,2025,DESPESA,DCA-Anexo I-E,TotalDespesas,4318002,Despesas Pagas,Despesas Exceto Intraorçamentárias,2025,Prefeitura Municipal de São Borja - RS,58757,Total Geral da Despesa por Função,RS,345540050.39
DCA-Anexo I-E,2025,DESPESA,DCA-Anexo I-E,TotalDespesas,4318002,Despesas Pagas,01 - Legislativa,2025,Prefeitura Municipal de São Borja - RS,58757,Total Geral da Despesa por Função,RS,9498302.17
DCA-Anexo I-E,2025,DESPESA,DCA-Anexo I-E,TotalDespesas,4318002,Despesas Pagas,01.031 - Ação Legislativa,2025,Prefeitura Municipal de São Borja - RS,58757,Total Geral da Despesa por Função,RS,9498302.17
DCA-Anexo I-E,2025,DESPESA,DCA-Anexo I-E,TotalDespesas,4318002,Despesas Pagas,04 - Administração,2025,Prefeitura Municipal de São Borja - RS,58757,Total Geral da Despesa por Função,RS,37458060.25
DCA-Anexo I-E,2025,DESPESA,DCA-Anexo I-E,TotalDespesas,4318002,Despesas Pagas,04.121 - Planejamento e Orçamento,2025,Prefeitura Municipal de São Borja - RS,58757,Total Geral da Despesa por Função,RS,5188204.81
DCA-Anexo I-E,2025,DESPESA,DCA-Anexo I-E,TotalDespesas,4318002,Despesas Pagas,04.122 - Administração Geral,2025,Prefeitura Municipal de São Borja - RS,58757,Total Geral da Despesa por Função,RS,28889741.49
DCA-Anexo I-E,2025,DESPESA,DCA-Anexo I-E,TotalDespesas,4318002,Despesas Pagas,04.124 - Controle Interno,2025,Prefeitura Municipal de São Borja - RS,58757,Total Geral da Despesa por Função,RS,434195.57
DCA-Anexo I-E,2025,DESPESA,DCA-Anexo I-E,TotalDespesas,4318002,Despesas Pagas,04.126 - Tecnologia da Informação,2025,Prefeitura Municipal de São Borja - RS,58757,Total Geral da Despesa por Função,RS,561569.37
DCA-Anexo I-E,2025,DESPESA,DCA-Anexo I-E,TotalDespesas,4318002,Despesas Pagas,04.128 - Formação de Recursos Humanos,2025,Prefeitura Municipal de São Borja - RS,58757,Total Geral da Despesa por Função,RS,222024.32
DCA-Anexo I-E,2025,DESPESA,DCA-Anexo I-E,TotalDespesas,4318002,Despesas Pagas,04.129 - Administração de Receitas,2025,Prefeitura Municipal de São Borja - RS,58757,Total Geral da Despesa por Função,RS,2145245
DCA-Anexo I-E,2025,DESPESA,DCA-Anexo I-E,TotalDespesas,4318002,Despesas Pagas,FU04 - Demais Subfunções,2025,Prefeitura Municipal de São Borja - RS,58757,Total Geral da Despesa por Função,RS,17079.69
DCA-Anexo I-E,2025,DESPESA,DCA-Anexo I-E,TotalDespesas,4318002,Despesas Pagas,06 - Segurança Pública,2025,Prefeitura Municipal de São Borja - RS,58757,Total Geral da Despesa por Função,RS,1036587.39
DCA-Anexo I-E,2025,DESPESA,DCA-Anexo I-E,TotalDespesas,4318002,Despesas Pagas,06.181 - Policiamento,2025,Prefeitura Municipal de São Borja - RS,58757,Total Geral da Despesa por Função,RS,396899.67
DCA-Anexo I-E,2025,DESPESA,DCA-Anexo I-E,TotalDespesas,4318002,Despesas Pagas,06.182 - Defesa Civil,2025,Prefeitura Municipal de São Borja - RS,58757,Total Geral da Despesa por Função,RS,639687.72
DCA-Anexo I-E,2025,DESPESA,DCA-Anexo I-E,TotalDespesas,4318002,Despesas Pagas,08 - Assistência Social,2025,Prefeitura Municipal de São Borja - RS,58757,Total Geral da Despesa por Função,RS,12248842.58
DCA-Anexo I-E,2025,DESPESA,DCA-Anexo I-E,TotalDespesas,4318002,Despesas Pagas,08.241 - Assistência à Pessoa Idosa,2025,Prefeitura Municipal de São Borja - RS,58757,Total Geral da Despesa por Função,RS,12616.11
DCA-Anexo I-E,2025,DESPESA,DCA-Anexo I-E,TotalDespesas,4318002,Despesas Pagas,08.243 - Assistência à Criança e ao Adolescente,2025,Prefeitura Municipal de São Borja - RS,58757,Total Geral da Despesa por Função,RS,784854.68
DCA-Anexo I-E,2025,DESPESA,DCA-Anexo I-E,TotalDespesas,4318002,Despesas Pagas,08.244 - Assistência Comunitária,2025,Prefeitura Municipal de São Borja - RS,58757,Total Geral da Despesa por Função,RS,1313732.73
DCA-Anexo I-E,2025,DESPESA,DCA-Anexo I-E,TotalDespesas,4318002,Despesas Pagas,08.245 - Serviços Socioassistenciais,2025,Prefeitura Municipal de São Borja - RS,58757,Total Geral da Despesa por Função,RS,8958064.35
DCA-Anexo I-E,2025,DESPESA,DCA-Anexo I-E,TotalDespesas,4318002,Despesas Pagas,08.122 - Administração Geral,2025,Prefeitura Municipal de São Borja - RS,58757,Total Geral da Despesa por Função,RS,1179574.71
DCA-Anexo I-E,2025,DESPESA|PREVID,DCA-Anexo I-E,TotalDespesas,4318002,Despesas Pagas,09 - Previdência Social,2025,Prefeitura Municipal de São Borja - RS,58757,Total Geral da Despesa por Função,RS,47393550.43
DCA-Anexo I-E,2025,DESPESA|PREVID,DCA-Anexo I-E,TotalDespesas,4318002,Despesas Pagas,09.272 - Previdência do Regime Estatutário,2025,Prefeitura Municipal de São Borja - RS,58757,Total Geral da Despesa por Função,RS,41853709.82
DCA-Anexo I-E,2025,DESPESA|PREVID,DCA-Anexo I-E,TotalDespesas,4318002,Despesas Pagas,09.274 - Previdência Especial,2025,Prefeitura Municipal de São Borja - RS,58757,Total Geral da Despesa por Função,RS,4922764.08
DCA-Anexo I-E,2025,DESPESA,DCA-Anexo I-E,TotalDespesas,4318002,Despesas Pagas,09.122 - Administração Geral,2025,Prefeitura Municipal de São Borja - RS,58757,Total Geral da Despesa por Função,RS,617076.53
DCA-Anexo I-E,2025,DESPESA,DCA-Anexo I-E,TotalDespesas,4318002,Despesas Pagas,10 - Saúde,2025,Prefeitura Municipal de São Borja - RS,58757,Total Geral da Despesa por Função,RS,113877735.35
DCA-Anexo I-E,2025,DESPESA,DCA-Anexo I-E,TotalDespesas,4318002,Despesas Pagas,10.301 - Atenção Básica,2025,Prefeitura Municipal de São Borja - RS,58757,Total Geral da Despesa por Função,RS,34881528.17
DCA-Anexo I-E,2025,DESPESA,DCA-Anexo I-E,TotalDespesas,4318002,Despesas Pagas,10.302 - Assistência Hospitalar e Ambulatorial,2025,Prefeitura Municipal de São Borja - RS,58757,Total Geral da Despesa por Função,RS,69865896.18
DCA-Anexo I-E,2025,DESPESA,DCA-Anexo I-E,TotalDespesas,4318002,Despesas Pagas,10.304 - Vigilância Sanitária,2025,Prefeitura Municipal de São Borja - RS,58757,Total Geral da Despesa por Função,RS,925676.47
DCA-Anexo I-E,2025,DESPESA,DCA-Anexo I-E,TotalDespesas,4318002,Despesas Pagas,10.305 - Vigilância Epidemiológica,2025,Prefeitura Municipal de São Borja - RS,58757,Total Geral da Despesa por Função,RS,3899152.33
DCA-Anexo I-E,2025,DESPESA,DCA-Anexo I-E,TotalDespesas,4318002,Despesas Pagas,10.122 - Administração Geral,2025,Prefeitura Municipal de São Borja - RS,58757,Total Geral da Despesa por Função,RS,4305482.2
DCA-Anexo I-E,2025,DESPESA,DCA-Anexo I-E,TotalDespesas,4318002,Despesas Pagas,12 - Educação,2025,Prefeitura Municipal de São Borja - RS,58757,Total Geral da Despesa por Função,RS,77511917.18
DCA-Anexo I-E,2025,DESPESA,DCA-Anexo I-E,TotalDespesas,4318002,Despesas Pagas,12.361 - Ensino Fundamental,2025,Prefeitura Municipal de São Borja - RS,58757,Total Geral da Despesa por Função,RS,52858548.04
DCA-Anexo I-E,2025,DESPESA,DCA-Anexo I-E,TotalDespesas,4318002,Despesas Pagas,12.362 - Ensino Médio,2025,Prefeitura Municipal de São Borja - RS,58757,Total Geral da Despesa por Função,RS,771631.24
DCA-Anexo I-E,2025,DESPESA,DCA-Anexo I-E,TotalDespesas,4318002,Despesas Pagas,12.365 - Educação Infantil,2025,Prefeitura Municipal de São Borja - RS,58757,Total Geral da Despesa por Função,RS,13932562.18
DCA-Anexo I-E,2025,DESPESA,DCA-Anexo I-E,TotalDespesas,4318002,Despesas Pagas,12.366 - Educação de Jovens e Adultos,2025,Prefeitura Municipal de São Borja - RS,58757,Total Geral da Despesa por Função,RS,803649.43
DCA-Anexo I-E,2025,DESPESA,DCA-Anexo I-E,TotalDespesas,4318002,Despesas Pagas,12.367 - Educação Especial,2025,Prefeitura Municipal de São Borja - RS,58757,Total Geral da Despesa por Função,RS,50000
DCA-Anexo I-E,2025,DESPESA,DCA-Anexo I-E,TotalDespesas,4318002,Despesas Pagas,12.122 - Administração Geral,2025,Prefeitura Municipal de São Borja - RS,58757,Total Geral da Despesa por Função,RS,9095526.29
DCA-Anexo I-E,2025,DESPESA,DCA-Anexo I-E,TotalDespesas,4318002,Despesas Pagas,13 - Cultura,2025,Prefeitura Municipal de São Borja - RS,58757,Total Geral da Despesa por Função,RS,2545101.44
DCA-Anexo I-E,2025,DESPESA,DCA-Anexo I-E,TotalDespesas,4318002,Despesas Pagas,13.392 - Difusão Cultural,2025,Prefeitura Municipal de São Borja - RS,58757,Total Geral da Despesa por Função,RS,2545101.44
DCA-Anexo I-E,2025,DESPESA,DCA-Anexo I-E,TotalDespesas,4318002,Despesas Pagas,14 - Direitos da Cidadania,2025,Prefeitura Municipal de São Borja - RS,58757,Total Geral da Despesa por Função,RS,259.99
DCA-Anexo I-E,2025,DESPESA,DCA-Anexo I-E,TotalDespesas,4318002,Despesas Pagas,"14.422 - Direitos Individuais, Coletivos e Difusos",2025,Prefeitura Municipal de São Borja - RS,58757,Total Geral da Despesa por Função,RS,259.99
DCA-Anexo I-E,2025,DESPESA,DCA-Anexo I-E,TotalDespesas,4318002,Despesas Pagas,15 - Urbanismo,2025,Prefeitura Municipal de São Borja - RS,58757,Total Geral da Despesa por Função,RS,15981247.3
DCA-Anexo I-E,2025,DESPESA,DCA-Anexo I-E,TotalDespesas,4318002,Despesas Pagas,15.451 - Infraestrutura Urbana,2025,Prefeitura Municipal de São Borja - RS,58757,Total Geral da Despesa por Função,RS,6502844.9
DCA-Anexo I-E,2025,DESPESA,DCA-Anexo I-E,TotalDespesas,4318002,Despesas Pagas,15.452 - Serviços Urbanos,2025,Prefeitura Municipal de São Borja - RS,58757,Total Geral da Despesa por Função,RS,8168804.17
DCA-Anexo I-E,2025,DESPESA,DCA-Anexo I-E,TotalDespesas,4318002,Despesas Pagas,15.453 - Transportes Coletivos Urbanos,2025,Prefeitura Municipal de São Borja - RS,58757,Total Geral da Despesa por Função,RS,1309598.23
DCA-Anexo I-E,2025,DESPESA,DCA-Anexo I-E,TotalDespesas,4318002,Despesas Pagas,16 - Habitação,2025,Prefeitura Municipal de São Borja - RS,58757,Total Geral da Despesa por Função,RS,6819.2
DCA-Anexo I-E,2025,DESPESA,DCA-Anexo I-E,TotalDespesas,4318002,Despesas Pagas,16.482 - Habitação Urbana,2025,Prefeitura Municipal de São Borja - RS,58757,Total Geral da Despesa por Função,RS,6819.2
DCA-Anexo I-E,2025,DESPESA,DCA-Anexo I-E,TotalDespesas,4318002,Despesas Pagas,17 - Saneamento,2025,Prefeitura Municipal de São Borja - RS,58757,Total Geral da Despesa por Função,RS,21389.51
DCA-Anexo I-E,2025,DESPESA,DCA-Anexo I-E,TotalDespesas,4318002,Despesas Pagas,17.511 - Saneamento Básico Rural,2025,Prefeitura Municipal de São Borja - RS,58757,Total Geral da Despesa por Função,RS,21389.51
DCA-Anexo I-E,2025,DESPESA,DCA-Anexo I-E,TotalDespesas,4318002,Despesas Pagas,18 - Gestão Ambiental,2025,Prefeitura Municipal de São Borja - RS,58757,Total Geral da Despesa por Função,RS,369009.52
DCA-Anexo I-E,2025,DESPESA,DCA-Anexo I-E,TotalDespesas,4318002,Despesas Pagas,18.541 - Preservação e Conservação Ambiental,2025,Prefeitura Municipal de São Borja - RS,58757,Total Geral da Despesa por Função,RS,369009.52
DCA-Anexo I-E,2025,DESPESA,DCA-Anexo I-E,TotalDespesas,4318002,Despesas Pagas,20 - Agricultura,2025,Prefeitura Municipal de São Borja - RS,58757,Total Geral da Despesa por Função,RS,228008.46
DCA-Anexo I-E,2025,DESPESA,DCA-Anexo I-E,TotalDespesas,4318002,Despesas Pagas,20.606 - Extensão Rural,2025,Prefeitura Municipal de São Borja - RS,58757,Total Geral da Despesa por Função,RS,221951.82
DCA-Anexo I-E,2025,DESPESA,DCA-Anexo I-E,TotalDespesas,4318002,Despesas Pagas,20.122 - Administração Geral,2025,Prefeitura Municipal de São Borja - RS,58757,Total Geral da Despesa por Função,RS,6056.64
DCA-Anexo I-E,2025,DESPESA,DCA-Anexo I-E,TotalDespesas,4318002,Despesas Pagas,23 - Comércio e Serviços,2025,Prefeitura Municipal de São Borja - RS,58757,Total Geral da Despesa por Função,RS,1100871.82
DCA-Anexo I-E,2025,DESPESA,DCA-Anexo I-E,TotalDespesas,4318002,Despesas Pagas,23.695 - Turismo,2025,Prefeitura Municipal de São Borja - RS,58757,Total Geral da Despesa por Função,RS,1100871.82
DCA-Anexo I-E,2025,DESPESA,DCA-Anexo I-E,TotalDespesas,4318002,Despesas Pagas,26 - Transporte,2025,Prefeitura Municipal de São Borja - RS,58757,Total Geral da Despesa por Função,RS,1644031.46
DCA-Anexo I-E,2025,DESPESA,DCA-Anexo I-E,TotalDespesas,4318002,Despesas Pagas,26.781 - Transporte Aéreo,2025,Prefeitura Municipal de São Borja - RS,58757,Total Geral da Despesa por Função,RS,1049708.5
DCA-Anexo I-E,2025,DESPESA,DCA-Anexo I-E,TotalDespesas,4318002,Despesas Pagas,26.782 - Transporte Rodoviário,2025,Prefeitura Municipal de São Borja - RS,58757,Total Geral da Despesa por Função,RS,594322.96
DCA-Anexo I-E,2025,DESPESA,DCA-Anexo I-E,TotalDespesas,4318002,Despesas Pagas,27 - Desporto e Lazer,2025,Prefeitura Municipal de São Borja - RS,58757,Total Geral da Despesa por Função,RS,440099.91
DCA-Anexo I-E,2025,DESPESA,DCA-Anexo I-E,TotalDespesas,4318002,Despesas Pagas,27.811 - Desporto de Rendimento,2025,Prefeitura Municipal de São Borja - RS,58757,Total Geral da Despesa por Função,RS,16800.57
DCA-Anexo I-E,2025,DESPESA,DCA-Anexo I-E,TotalDespesas,4318002,Despesas Pagas,27.812 - Desporto Comunitário,2025,Prefeitura Municipal de São Borja - RS,58757,Total Geral da Despesa por Função,RS,389337.23
DCA-Anexo I-E,2025,DESPESA,DCA-Anexo I-E,TotalDespesas,4318002,Despesas Pagas,27.813 - Lazer,2025,Prefeitura Municipal de São Borja - RS,58757,Total Geral da Despesa por Função,RS,33962.11
DCA-Anexo I-E,2025,DESPESA,DCA-Anexo I-E,TotalDespesas,4318002,Despesas Pagas,28 - Encargos Especiais,2025,Prefeitura Municipal de São Borja - RS,58757,Total Geral da Despesa por Função,RS,24178216.43
DCA-Anexo I-E,2025,DESPESA|DIVIDA,DCA-Anexo I-E,TotalDespesas,4318002,Despesas Pagas,28.843 - Serviço da Dívida Interna,2025,Prefeitura Municipal de São Borja - RS,58757,Total Geral da Despesa por Função,RS,24178216.43
DCA-Anexo I-E,2025,DESPESA,DCA-Anexo I-E,TotalDespesas,4318002,Despesas Pagas,Despesas Intraorçamentárias,2025,Prefeitura Municipal de São Borja - RS,58757,Total Geral da Despesa por Função,RS,22209273.5
DCA-Anexo I-E,2025,DESPESA,DCA-Anexo I-E,TotalDespesas,4318002,Inscrição de Restos a Pagar Não Processados,Despesas Exceto Intraorçamentárias,2025,Prefeitura Municipal de São Borja - RS,58757,Total Geral da Despesa por Função,RS,21777819.67
DCA-Anexo I-E,2025,DESPESA,DCA-Anexo I-E,TotalDespesas,4318002,Inscrição de Restos a Pagar Não Processados,01 - Legislativa,2025,Prefeitura Municipal de São Borja - RS,58757,Total Geral da Despesa por Função,RS,548407.17
DCA-Anexo I-E,2025,DESPESA,DCA-Anexo I-E,TotalDespesas,4318002,Inscrição de Restos a Pagar Não Processados,01.031 - Ação Legislativa,2025,Prefeitura Municipal de São Borja - RS,58757,Total Geral da Despesa por Função,RS,548407.17
DCA-Anexo I-E,2025,DESPESA,DCA-Anexo I-E,TotalDespesas,4318002,Inscrição de Restos a Pagar Não Processados,04 - Administração,2025,Prefeitura Municipal de São Borja - RS,58757,Total Geral da Despesa por Função,RS,3613841.59
DCA-Anexo I-E,2025,DESPESA,DCA-Anexo I-E,TotalDespesas,4318002,Inscrição de Restos a Pagar Não Processados,04.121 - Planejamento e Orçamento,2025,Prefeitura Municipal de São Borja - RS,58757,Total Geral da Despesa por Função,RS,8370.38
DCA-Anexo I-E,2025,DESPESA,DCA-Anexo I-E,TotalDespesas,4318002,Inscrição de Restos a Pagar Não Processados,04.122 - Administração Geral,2025,Prefeitura Municipal de São Borja - RS,58757,Total Geral da Despesa por Função,RS,539991.32
DCA-Anexo I-E,2025,DESPESA,DCA-Anexo I-E,TotalDespesas,4318002,Inscrição de Restos a Pagar Não Processados,04.126 - Tecnologia da Informação,2025,Prefeitura Municipal de São Borja - RS,58757,Total Geral da Despesa por Função,RS,55501.71
DCA-Anexo I-E,2025,DESPESA,DCA-Anexo I-E,TotalDespesas,4318002,Inscrição de Restos a Pagar Não Processados,04.129 - Administração de Receitas,2025,Prefeitura Municipal de São Borja - RS,58757,Total Geral da Despesa por Função,RS,3009978.18
DCA-Anexo I-E,2025,DESPESA,DCA-Anexo I-E,TotalDespesas,4318002,Inscrição de Restos a Pagar Não Processados,06 - Segurança Pública,2025,Prefeitura Municipal de São Borja - RS,58757,Total Geral da Despesa por Função,RS,26794.11
DCA-Anexo I-E,2025,DESPESA,DCA-Anexo I-E,TotalDespesas,4318002,Inscrição de Restos a Pagar Não Processados,06.181 - Policiamento,2025,Prefeitura Municipal de São Borja - RS,58757,Total Geral da Despesa por Função,RS,8971.29
DCA-Anexo I-E,2025,DESPESA,DCA-Anexo I-E,TotalDespesas,4318002,Inscrição de Restos a Pagar Não Processados,06.182 - Defesa Civil,2025,Prefeitura Municipal de São Borja - RS,58757,Total Geral da Despesa por Função,RS,17822.82
DCA-Anexo I-E,2025,DESPESA,DCA-Anexo I-E,TotalDespesas,4318002,Inscrição de Restos a Pagar Não Processados,08 - Assistência Social,2025,Prefeitura Municipal de São Borja - RS,58757,Total Geral da Despesa por Função,RS,690446.4
DCA-Anexo I-E,2025,DESPESA,DCA-Anexo I-E,TotalDespesas,4318002,Inscrição de Restos a Pagar Não Processados,08.241 - Assistência à Pessoa Idosa,2025,Prefeitura Municipal de São Borja - RS,58757,Total Geral da Despesa por Função,RS,359989.66
DCA-Anexo I-E,2025,DESPESA,DCA-Anexo I-E,TotalDespesas,4318002,Inscrição de Restos a Pagar Não Processados,08.243 - Assistência à Criança e ao Adolescente,2025,Prefeitura Municipal de São Borja - RS,58757,Total Geral da Despesa por Função,RS,19811.65
DCA-Anexo I-E,2025,DESPESA,DCA-Anexo I-E,TotalDespesas,4318002,Inscrição de Restos a Pagar Não Processados,08.244 - Assistência Comunitária,2025,Prefeitura Municipal de São Borja - RS,58757,Total Geral da Despesa por Função,RS,21959.99
DCA-Anexo I-E,2025,DESPESA,DCA-Anexo I-E,TotalDespesas,4318002,Inscrição de Restos a Pagar Não Processados,08.245 - Serviços Socioassistenciais,2025,Prefeitura Municipal de São Borja - RS,58757,Total Geral da Despesa por Função,RS,286489.33
DCA-Anexo I-E,2025,DESPESA,DCA-Anexo I-E,TotalDespesas,4318002,Inscrição de Restos a Pagar Não Processados,08.122 - Administração Geral,2025,Prefeitura Municipal de São Borja - RS,58757,Total Geral da Despesa por Função,RS,2195.77
DCA-Anexo I-E,2025,DESPESA,DCA-Anexo I-E,TotalDespesas,4318002,Inscrição de Restos a Pagar Não Processados,10 - Saúde,2025,Prefeitura Municipal de São Borja - RS,58757,Total Geral da Despesa por Função,RS,4727241.66
DCA-Anexo I-E,2025,DESPESA,DCA-Anexo I-E,TotalDespesas,4318002,Inscrição de Restos a Pagar Não Processados,10.301 - Atenção Básica,2025,Prefeitura Municipal de São Borja - RS,58757,Total Geral da Despesa por Função,RS,790867.12
DCA-Anexo I-E,2025,DESPESA,DCA-Anexo I-E,TotalDespesas,4318002,Inscrição de Restos a Pagar Não Processados,10.302 - Assistência Hospitalar e Ambulatorial,2025,Prefeitura Municipal de São Borja - RS,58757,Total Geral da Despesa por Função,RS,3844920.73
DCA-Anexo I-E,2025,DESPESA,DCA-Anexo I-E,TotalDespesas,4318002,Inscrição de Restos a Pagar Não Processados,10.304 - Vigilância Sanitária,2025,Prefeitura Municipal de São Borja - RS,58757,Total Geral da Despesa por Função,RS,3689.67
DCA-Anexo I-E,2025,DESPESA,DCA-Anexo I-E,TotalDespesas,4318002,Inscrição de Restos a Pagar Não Processados,10.305 - Vigilância Epidemiológica,2025,Prefeitura Municipal de São Borja - RS,58757,Total Geral da Despesa por Função,RS,81164.14
DCA-Anexo I-E,2025,DESPESA,DCA-Anexo I-E,TotalDespesas,4318002,Inscrição de Restos a Pagar Não Processados,10.122 - Administração Geral,2025,Prefeitura Municipal de São Borja - RS,58757,Total Geral da Despesa por Função,RS,6600
DCA-Anexo I-E,2025,DESPESA,DCA-Anexo I-E,TotalDespesas,4318002,Inscrição de Restos a Pagar Não Processados,12 - Educação,2025,Prefeitura Municipal de São Borja - RS,58757,Total Geral da Despesa por Função,RS,1636254.14
DCA-Anexo I-E,2025,DESPESA,DCA-Anexo I-E,TotalDespesas,4318002,Inscrição de Restos a Pagar Não Processados,12.361 - Ensino Fundamental,2025,Prefeitura Municipal de São Borja - RS,58757,Total Geral da Despesa por Função,RS,1036203.47
DCA-Anexo I-E,2025,DESPESA,DCA-Anexo I-E,TotalDespesas,4318002,Inscrição de Restos a Pagar Não Processados,12.362 - Ensino Médio,2025,Prefeitura Municipal de São Borja - RS,58757,Total Geral da Despesa por Função,RS,83514.82
DCA-Anexo I-E,2025,DESPESA,DCA-Anexo I-E,TotalDespesas,4318002,Inscrição de Restos a Pagar Não Processados,12.365 - Educação Infantil,2025,Prefeitura Municipal de São Borja - RS,58757,Total Geral da Despesa por Função,RS,422377.48
DCA-Anexo I-E,2025,DESPESA,DCA-Anexo I-E,TotalDespesas,4318002,Inscrição de Restos a Pagar Não Processados,12.366 - Educação de Jovens e Adultos,2025,Prefeitura Municipal de São Borja - RS,58757,Total Geral da Despesa por Função,RS,63.68
DCA-Anexo I-E,2025,DESPESA,DCA-Anexo I-E,TotalDespesas,4318002,Inscrição de Restos a Pagar Não Processados,12.122 - Administração Geral,2025,Prefeitura Municipal de São Borja - RS,58757,Total Geral da Despesa por Função,RS,94094.69
DCA-Anexo I-E,2025,DESPESA,DCA-Anexo I-E,TotalDespesas,4318002,Inscrição de Restos a Pagar Não Processados,13 - Cultura,2025,Prefeitura Municipal de São Borja - RS,58757,Total Geral da Despesa por Função,RS,1332175.76
DCA-Anexo I-E,2025,DESPESA,DCA-Anexo I-E,TotalDespesas,4318002,Inscrição de Restos a Pagar Não Processados,13.392 - Difusão Cultural,2025,Prefeitura Municipal de São Borja - RS,58757,Total Geral da Despesa por Função,RS,1332175.76
DCA-Anexo I-E,2025,DESPESA,DCA-Anexo I-E,TotalDespesas,4318002,Inscrição de Restos a Pagar Não Processados,15 - Urbanismo,2025,Prefeitura Municipal de São Borja - RS,58757,Total Geral da Despesa por Função,RS,3144024.64
DCA-Anexo I-E,2025,DESPESA,DCA-Anexo I-E,TotalDespesas,4318002,Inscrição de Restos a Pagar Não Processados,15.451 - Infraestrutura Urbana,2025,Prefeitura Municipal de São Borja - RS,58757,Total Geral da Despesa por Função,RS,704437.6
DCA-Anexo I-E,2025,DESPESA,DCA-Anexo I-E,TotalDespesas,4318002,Inscrição de Restos a Pagar Não Processados,15.452 - Serviços Urbanos,2025,Prefeitura Municipal de São Borja - RS,58757,Total Geral da Despesa por Função,RS,2439587.04
DCA-Anexo I-E,2025,DESPESA,DCA-Anexo I-E,TotalDespesas,4318002,Inscrição de Restos a Pagar Não Processados,17 - Saneamento,2025,Prefeitura Municipal de São Borja - RS,58757,Total Geral da Despesa por Função,RS,1750
DCA-Anexo I-E,2025,DESPESA,DCA-Anexo I-E,TotalDespesas,4318002,Inscrição de Restos a Pagar Não Processados,17.511 - Saneamento Básico Rural,2025,Prefeitura Municipal de São Borja - RS,58757,Total Geral da Despesa por Função,RS,1750
DCA-Anexo I-E,2025,DESPESA,DCA-Anexo I-E,TotalDespesas,4318002,Inscrição de Restos a Pagar Não Processados,23 - Comércio e Serviços,2025,Prefeitura Municipal de São Borja - RS,58757,Total Geral da Despesa por Função,RS,169809.52
DCA-Anexo I-E,2025,DESPESA,DCA-Anexo I-E,TotalDespesas,4318002,Inscrição de Restos a Pagar Não Processados,23.695 - Turismo,2025,Prefeitura Municipal de São Borja - RS,58757,Total Geral da Despesa por Função,RS,169809.52
DCA-Anexo I-E,2025,DESPESA,DCA-Anexo I-E,TotalDespesas,4318002,Inscrição de Restos a Pagar Não Processados,26 - Transporte,2025,Prefeitura Municipal de São Borja - RS,58757,Total Geral da Despesa por Função,RS,4691036.33
DCA-Anexo I-E,2025,DESPESA,DCA-Anexo I-E,TotalDespesas,4318002,Inscrição de Restos a Pagar Não Processados,26.781 - Transporte Aéreo,2025,Prefeitura Municipal de São Borja - RS,58757,Total Geral da Despesa por Função,RS,686.8
DCA-Anexo I-E,2025,DESPESA,DCA-Anexo I-E,TotalDespesas,4318002,Inscrição de Restos a Pagar Não Processados,26.782 - Transporte Rodoviário,2025,Prefeitura Municipal de São Borja - RS,58757,Total Geral da Despesa por Função,RS,4690349.53
DCA-Anexo I-E,2025,DESPESA,DCA-Anexo I-E,TotalDespesas,4318002,Inscrição de Restos a Pagar Não Processados,27 - Desporto e Lazer,2025,Prefeitura Municipal de São Borja - RS,58757,Total Geral da Despesa por Função,RS,1196038.35
DCA-Anexo I-E,2025,DESPESA,DCA-Anexo I-E,TotalDespesas,4318002,Inscrição de Restos a Pagar Não Processados,27.811 - Desporto de Rendimento,2025,Prefeitura Municipal de São Borja - RS,58757,Total Geral da Despesa por Função,RS,97.16
DCA-Anexo I-E,2025,DESPESA,DCA-Anexo I-E,TotalDespesas,4318002,Inscrição de Restos a Pagar Não Processados,27.812 - Desporto Comunitário,2025,Prefeitura Municipal de São Borja - RS,58757,Total Geral da Despesa por Função,RS,1195941.19
DCA-Anexo I-E,2025,DESPESA,DCA-Anexo I-E,TotalDespesas,4318002,Inscrição de Restos a Pagar Processados,Despesas Exceto Intraorçamentárias,2025,Prefeitura Municipal de São Borja - RS,58757,Total Geral da Despesa por Função,RS,2551526.03
DCA-Anexo I-E,2025,DESPESA,DCA-Anexo I-E,TotalDespesas,4318002,Inscrição de Restos a Pagar Processados,04 - Administração,2025,Prefeitura Municipal de São Borja - RS,58757,Total Geral da Despesa por Função,RS,518268
DCA-Anexo I-E,2025,DESPESA,DCA-Anexo I-E,TotalDespesas,4318002,Inscrição de Restos a Pagar Processados,04.121 - Planejamento e Orçamento,2025,Prefeitura Municipal de São Borja - RS,58757,Total Geral da Despesa por Função,RS,34564.62
DCA-Anexo I-E,2025,DESPESA,DCA-Anexo I-E,TotalDespesas,4318002,Inscrição de Restos a Pagar Processados,04.122 - Administração Geral,2025,Prefeitura Municipal de São Borja - RS,58757,Total Geral da Despesa por Função,RS,394791.84
DCA-Anexo I-E,2025,DESPESA,DCA-Anexo I-E,TotalDespesas,4318002,Inscrição de Restos a Pagar Processados,04.124 - Controle Interno,2025,Prefeitura Municipal de São Borja - RS,58757,Total Geral da Despesa por Função,RS,236.79
DCA-Anexo I-E,2025,DESPESA,DCA-Anexo I-E,TotalDespesas,4318002,Inscrição de Restos a Pagar Processados,04.126 - Tecnologia da Informação,2025,Prefeitura Municipal de São Borja - RS,58757,Total Geral da Despesa por Função,RS,48994.75
DCA-Anexo I-E,2025,DESPESA,DCA-Anexo I-E,TotalDespesas,4318002,Inscrição de Restos a Pagar Processados,04.128 - Formação de Recursos Humanos,2025,Prefeitura Municipal de São Borja - RS,58757,Total Geral da Despesa por Função,RS,39680
DCA-Anexo I-E,2025,DESPESA,DCA-Anexo I-E,TotalDespesas,4318002,Inscrição de Restos a Pagar Processados,06 - Segurança Pública,2025,Prefeitura Municipal de São Borja - RS,58757,Total Geral da Despesa por Função,RS,1923.09
DCA-Anexo I-E,2025,DESPESA,DCA-Anexo I-E,TotalDespesas,4318002,Inscrição de Restos a Pagar Processados,06.181 - Policiamento,2025,Prefeitura Municipal de São Borja - RS,58757,Total Geral da Despesa por Função,RS,1923.09
DCA-Anexo I-E,2025,DESPESA,DCA-Anexo I-E,TotalDespesas,4318002,Inscrição de Restos a Pagar Processados,08 - Assistência Social,2025,Prefeitura Municipal de São Borja - RS,58757,Total Geral da Despesa por Função,RS,116512.63
DCA-Anexo I-E,2025,DESPESA,DCA-Anexo I-E,TotalDespesas,4318002,Inscrição de Restos a Pagar Processados,08.243 - Assistência à Criança e ao Adolescente,2025,Prefeitura Municipal de São Borja - RS,58757,Total Geral da Despesa por Função,RS,6678.03
DCA-Anexo I-E,2025,DESPESA,DCA-Anexo I-E,TotalDespesas,4318002,Inscrição de Restos a Pagar Processados,08.244 - Assistência Comunitária,2025,Prefeitura Municipal de São Borja - RS,58757,Total Geral da Despesa por Função,RS,25518.93
DCA-Anexo I-E,2025,DESPESA,DCA-Anexo I-E,TotalDespesas,4318002,Inscrição de Restos a Pagar Processados,08.245 - Serviços Socioassistenciais,2025,Prefeitura Municipal de São Borja - RS,58757,Total Geral da Despesa por Função,RS,75602.06
DCA-Anexo I-E,2025,DESPESA,DCA-Anexo I-E,TotalDespesas,4318002,Inscrição de Restos a Pagar Processados,08.122 - Administração Geral,2025,Prefeitura Municipal de São Borja - RS,58757,Total Geral da Despesa por Função,RS,8713.61
DCA-Anexo I-E,2025,DESPESA,DCA-Anexo I-E,TotalDespesas,4318002,Inscrição de Restos a Pagar Processados,10 - Saúde,2025,Prefeitura Municipal de São Borja - RS,58757,Total Geral da Despesa por Função,RS,728069.19
DCA-Anexo I-E,2025,DESPESA,DCA-Anexo I-E,TotalDespesas,4318002,Inscrição de Restos a Pagar Processados,10.301 - Atenção Básica,2025,Prefeitura Municipal de São Borja - RS,58757,Total Geral da Despesa por Função,RS,383776.89
DCA-Anexo I-E,2025,DESPESA,DCA-Anexo I-E,TotalDespesas,4318002,Inscrição de Restos a Pagar Processados,10.302 - Assistência Hospitalar e Ambulatorial,2025,Prefeitura Municipal de São Borja - RS,58757,Total Geral da Despesa por Função,RS,228798.33
DCA-Anexo I-E,2025,DESPESA,DCA-Anexo I-E,TotalDespesas,4318002,Inscrição de Restos a Pagar Processados,10.305 - Vigilância Epidemiológica,2025,Prefeitura Municipal de São Borja - RS,58757,Total Geral da Despesa por Função,RS,29228.76
DCA-Anexo I-E,2025,DESPESA,DCA-Anexo I-E,TotalDespesas,4318002,Inscrição de Restos a Pagar Processados,10.122 - Administração Geral,2025,Prefeitura Municipal de São Borja - RS,58757,Total Geral da Despesa por Função,RS,86265.21
DCA-Anexo I-E,2025,DESPESA,DCA-Anexo I-E,TotalDespesas,4318002,Inscrição de Restos a Pagar Processados,12 - Educação,2025,Prefeitura Municipal de São Borja - RS,58757,Total Geral da Despesa por Função,RS,185016.06
DCA-Anexo I-E,2025,DESPESA,DCA-Anexo I-E,TotalDespesas,4318002,Inscrição de Restos a Pagar Processados,12.361 - Ensino Fundamental,2025,Prefeitura Municipal de São Borja - RS,58757,Total Geral da Despesa por Função,RS,87689.01
DCA-Anexo I-E,2025,DESPESA,DCA-Anexo I-E,TotalDespesas,4318002,Inscrição de Restos a Pagar Processados,12.365 - Educação Infantil,2025,Prefeitura Municipal de São Borja - RS,58757,Total Geral da Despesa por Função,RS,79992.25
DCA-Anexo I-E,2025,DESPESA,DCA-Anexo I-E,TotalDespesas,4318002,Inscrição de Restos a Pagar Processados,12.122 - Administração Geral,2025,Prefeitura Municipal de São Borja - RS,58757,Total Geral da Despesa por Função,RS,17334.8
DCA-Anexo I-E,2025,DESPESA,DCA-Anexo I-E,TotalDespesas,4318002,Inscrição de Restos a Pagar Processados,13 - Cultura,2025,Prefeitura Municipal de São Borja - RS,58757,Total Geral da Despesa por Função,RS,163741.38
DCA-Anexo I-E,2025,DESPESA,DCA-Anexo I-E,TotalDespesas,4318002,Inscrição de Restos a Pagar Processados,13.392 - Difusão Cultural,2025,Prefeitura Municipal de São Borja - RS,58757,Total Geral da Despesa por Função,RS,163741.38
DCA-Anexo I-E,2025,DESPESA,DCA-Anexo I-E,TotalDespesas,4318002,Inscrição de Restos a Pagar Processados,15 - Urbanismo,2025,Prefeitura Municipal de São Borja - RS,58757,Total Geral da Despesa por Função,RS,338192.98
DCA-Anexo I-E,2025,DESPESA,DCA-Anexo I-E,TotalDespesas,4318002,Inscrição de Restos a Pagar Processados,15.451 - Infraestrutura Urbana,2025,Prefeitura Municipal de São Borja - RS,58757,Total Geral da Despesa por Função,RS,65182.23
DCA-Anexo I-E,2025,DESPESA,DCA-Anexo I-E,TotalDespesas,4318002,Inscrição de Restos a Pagar Processados,15.452 - Serviços Urbanos,2025,Prefeitura Municipal de São Borja - RS,58757,Total Geral da Despesa por Função,RS,95697.33
DCA-Anexo I-E,2025,DESPESA,DCA-Anexo I-E,TotalDespesas,4318002,Inscrição de Restos a Pagar Processados,15.453 - Transportes Coletivos Urbanos,2025,Prefeitura Municipal de São Borja - RS,58757,Total Geral da Despesa por Função,RS,177313.42
DCA-Anexo I-E,2025,DESPESA,DCA-Anexo I-E,TotalDespesas,4318002,Inscrição de Restos a Pagar Processados,23 - Comércio e Serviços,2025,Prefeitura Municipal de São Borja - RS,58757,Total Geral da Despesa por Função,RS,213.1
DCA-Anexo I-E,2025,DESPESA,DCA-Anexo I-E,TotalDespesas,4318002,Inscrição de Restos a Pagar Processados,23.695 - Turismo,2025,Prefeitura Municipal de São Borja - RS,58757,Total Geral da Despesa por Função,RS,213.1
DCA-Anexo I-E,2025,DESPESA,DCA-Anexo I-E,TotalDespesas,4318002,Inscrição de Restos a Pagar Processados,26 - Transporte,2025,Prefeitura Municipal de São Borja - RS,58757,Total Geral da Despesa por Função,RS,20642.36
DCA-Anexo I-E,2025,DESPESA,DCA-Anexo I-E,TotalDespesas,4318002,Inscrição de Restos a Pagar Processados,26.782 - Transporte Rodoviário,2025,Prefeitura Municipal de São Borja - RS,58757,Total Geral da Despesa por Função,RS,20642.36
DCA-Anexo I-E,2025,DESPESA,DCA-Anexo I-E,TotalDespesas,4318002,Inscrição de Restos a Pagar Processados,27 - Desporto e Lazer,2025,Prefeitura Municipal de São Borja - RS,58757,Total Geral da Despesa por Função,RS,3964
DCA-Anexo I-E,2025,DESPESA,DCA-Anexo I-E,TotalDespesas,4318002,Inscrição de Restos a Pagar Processados,27.811 - Desporto de Rendimento,2025,Prefeitura Municipal de São Borja - RS,58757,Total Geral da Despesa por Função,RS,937
DCA-Anexo I-E,2025,DESPESA,DCA-Anexo I-E,TotalDespesas,4318002,Inscrição de Restos a Pagar Processados,27.812 - Desporto Comunitário,2025,Prefeitura Municipal de São Borja - RS,58757,Total Geral da Despesa por Função,RS,3027
DCA-Anexo I-E,2025,DESPESA,DCA-Anexo I-E,TotalDespesas,4318002,Inscrição de Restos a Pagar Processados,28 - Encargos Especiais,2025,Prefeitura Municipal de São Borja - RS,58757,Total Geral da Despesa por Função,RS,474983.24
DCA-Anexo I-E,2025,DESPESA|DIVIDA,DCA-Anexo I-E,TotalDespesas,4318002,Inscrição de Restos a Pagar Processados,28.843 - Serviço da Dívida Interna,2025,Prefeitura Municipal de São Borja - RS,58757,Total Geral da Despesa por Função,RS,474983.24
DCA-Anexo I-E,2025,DESPESA,DCA-Anexo I-E,TotalDespesas,4318002,Inscrição de Restos a Pagar Processados,Despesas Intraorçamentárias,2025,Prefeitura Municipal de São Borja - RS,58757,Total Geral da Despesa por Função,RS,3503843.72
