_annex_requested,_exercise,anexo,cod_conta,cod_ibge,coluna,conta,exercicio,rotulo
DCA-Anexo I-C,2019,DCA-Anexo I-C,ReceitasExcetoIntraOrcamentarias,4318002,Receitas Brutas Realizadas,RECEITAS (EXCETO INTRA-ORÇAMENTÁRIAS) (I),2019,Padrão
DCA-Anexo I-C,2019,DCA-Anexo I-C,ReceitasExcetoIntraOrcamentarias,4318002,Deduções - FUNDEB,RECEITAS (EXCETO INTRA-ORÇAMENTÁRIAS) (I),2019,Padrão
DCA-Anexo I-C,2019,DCA-Anexo I-C,ReceitasExcetoIntraOrcamentarias,4318002,Outras Deduções da Receita,RECEITAS (EXCETO INTRA-ORÇAMENTÁRIAS) (I),2019,Padrão
DCA-Anexo I-C,2019,DCA-Anexo I-C,RO1.0.0.0.00.0.0,4318002,Receitas Brutas Realizadas,1.0.0.0.00.0.0 - Receitas Correntes,2019,Padrão
DCA-Anexo I-C,2019,DCA-Anexo I-C,RO1.0.0.0.00.0.0,4318002,Deduções - FUNDEB,1.0.0.0.00.0.0 - Receitas Correntes,2019,Padrão
DCA-Anexo I-C,2019,DCA-Anexo I-C,RO1.0.0.0.00.0.0,4318002,Outras Deduções da Receita,1.0.0.0.00.0.0 - Receitas Correntes,2019,Padrão
DCA-Anexo I-C,2019,DCA-Anexo I-C,RO1.1.0.0.00.0.0,4318002,Receitas Brutas Realizadas,"1.1.0.0.00.0.0 - Impostos, Taxas e Contribuições de Melhoria",2019,Padrão
DCA-Anexo I-C,2019,DCA-Anexo I-C,RO1.1.0.0.00.0.0,4318002,Outras Deduções da Receita,"1.1.0.0.00.0.0 - Impostos, Taxas e Contribuições de Melhoria",2019,Padrão
DCA-Anexo I-C,2019,DCA-Anexo I-C,RO1.1.1.0.00.0.0,4318002,Receitas Brutas Realizadas,1.1.1.0.00.0.0 - Impostos,2019,Padrão
DCA-Anexo I-C,2019,DCA-Anexo I-C,RO1.1.1.0.00.0.0,4318002,Outras Deduções da Receita,1.1.1.0.00.0.0 - Impostos,2019,Padrão
DCA-Anexo I-C,2019,DCA-Anexo I-C,RO1.1.1.3.00.0.0,4318002,Receitas Brutas Realizadas,1.1.1.3.00.0.0 - Impostos sobre a Renda e Proventos de Qualquer Natureza,2019,Padrão
DCA-Anexo I-C,2019,DCA-Anexo I-C,RO1.1.1.3.03.0.0,4318002,Receitas Brutas Realizadas,1.1.1.3.03.0.0 - Imposto sobre a Renda - Retido na Fonte,2019,Padrão
DCA-Anexo I-C,2019,DCA-Anexo I-C,RO1.1.1.3.03.1.0,4318002,Receitas Brutas Realizadas,1.1.1.3.03.1.0 - Imposto sobre a Renda - Retido na Fonte - Trabalho,2019,Padrão
DCA-Anexo I-C,2019,DCA-Anexo I-C,RO1.1.1.3.03.4.0,4318002,Receitas Brutas Realizadas,1.1.1.3.03.4.0 - Imposto sobre a Renda - Retido na Fonte - Outros Rendimentos,2019,Padrão
DCA-Anexo I-C,2019,DCA-Anexo I-C,RO1.1.1.8.00.0.0,4318002,Receitas Brutas Realizadas,"1.1.1.8.00.0.0 Impostos Específicos de Estados, DF e Municípios",2019,Padrão
DCA-Anexo I-C,2019,DCA-Anexo I-C,RO1.1.1.8.00.0.0,4318002,Outras Deduções da Receita,"1.1.1.8.00.0.0 Impostos Específicos de Estados, DF e Municípios",2019,Padrão
DCA-Anexo I-C,2019,DCA-Anexo I-C,RO1.1.1.8.01.0.0,4318002,Receitas Brutas Realizadas,1.1.1.8.01.0.0 Impostos sobre o Patrimônio para Estados/DF/Municípios,2019,Padrão
DCA-Anexo I-C,2019,DCA-Anexo I-C,RO1.1.1.8.01.0.0,4318002,Outras Deduções da Receita,1.1.1.8.01.0.0 Impostos sobre o Patrimônio para Estados/DF/Municípios,2019,Padrão
DCA-Anexo I-C,2019,DCA-Anexo I-C,RO1.1.1.8.01.1.0,4318002,Receitas Brutas Realizadas,1.1.1.8.01.1.0 Imposto sobre a Propriedade Predial e Territorial Urbana,2019,Padrão
DCA-Anexo I-C,2019,DCA-Anexo I-C,RO1.1.1.8.01.1.0,4318002,Outras Deduções da Receita,1.1.1.8.01.1.0 Imposto sobre a Propriedade Predial e Territorial Urbana,2019,Padrão
DCA-Anexo I-C,2019,DCA-Anexo I-C,RO1.1.1.8.01.4.0,4318002,Receitas Brutas Realizadas,1.1.1.8.01.4.0 Imposto sobre Transmissão ¿Inter Vivos¿ de Bens Imóveis e de Direitos Reais sobre Imóveis,2019,Padrão
DCA-Anexo I-C,2019,DCA-Anexo I-C,RO1.1.1.8.01.4.0,4318002,Outras Deduções da Receita,1.1.1.8.01.4.0 Imposto sobre Transmissão ¿Inter Vivos¿ de Bens Imóveis e de Direitos Reais sobre Imóveis,2019,Padrão
DCA-Anexo I-C,2019,DCA-Anexo I-C,RO1.1.1.8.02.0.0,4318002,Receitas Brutas Realizadas,"1.1.1.8.02.0.0 Impostos sobre a Produção, Circulação de Mercadorias e Serviços",2019,Padrão
DCA-Anexo I-C,2019,DCA-Anexo I-C,RO1.1.1.8.02.0.0,4318002,Outras Deduções da Receita,"1.1.1.8.02.0.0 Impostos sobre a Produção, Circulação de Mercadorias e Serviços",2019,Padrão
DCA-Anexo I-C,2019,DCA-Anexo I-C,RO1.1.1.8.02.3.0,4318002,Receitas Brutas Realizadas,1.1.1.8.02.3.0 Imposto sobre Serviços de Qualquer Natureza,2019,Padrão
DCA-Anexo I-C,2019,DCA-Anexo I-C,RO1.1.1.8.02.3.0,4318002,Outras Deduções da Receita,1.1.1.8.02.3.0 Imposto sobre Serviços de Qualquer Natureza,2019,Padrão
DCA-Anexo I-C,2019,DCA-Anexo I-C,RO1.1.2.0.00.0.0,4318002,Receitas Brutas Realizadas,1.1.2.0.00.0.0 - Taxas,2019,Padrão
DCA-Anexo I-C,2019,DCA-Anexo I-C,RO1.1.2.0.00.0.0,4318002,Outras Deduções da Receita,1.1.2.0.00.0.0 - Taxas,2019,Padrão
DCA-Anexo I-C,2019,DCA-Anexo I-C,RO1.1.2.2.00.0.0,4318002,Receitas Brutas Realizadas,1.1.2.2.00.0.0 - Taxas pela Prestação de Serviços,2019,Padrão
DCA-Anexo I-C,2019,DCA-Anexo I-C,RO1.1.2.2.00.0.0,4318002,Outras Deduções da Receita,1.1.2.2.00.0.0 - Taxas pela Prestação de Serviços,2019,Padrão
DCA-Anexo I-C,2019,DCA-Anexo I-C,RO1.1.2.2.01.0.0,4318002,Receitas Brutas Realizadas,1.1.2.2.01.0.0 - Taxas pela Prestação de Serviços,2019,Padrão
DCA-Anexo I-C,2019,DCA-Anexo I-C,RO1.1.2.2.01.0.0,4318002,Outras Deduções da Receita,1.1.2.2.01.0.0 - Taxas pela Prestação de Serviços,2019,Padrão
DCA-Anexo I-C,2019,DCA-Anexo I-C,RO1.1.2.8.00.0.0,4318002,Receitas Brutas Realizadas,"1.1.2.8.00.0.0 - Taxas - Específicas de Estados, DF e Municípios",2019,Padrão
DCA-Anexo I-C,2019,DCA-Anexo I-C,RO1.1.2.8.00.0.0,4318002,Outras Deduções da Receita,"1.1.2.8.00.0.0 - Taxas - Específicas de Estados, DF e Municípios",2019,Padrão
DCA-Anexo I-C,2019,DCA-Anexo I-C,RO1.1.2.8.01.0.0,4318002,Receitas Brutas Realizadas,"1.1.2.8.01.0.0 - Taxas de Inspeção, Controle e Fiscalização",2019,Padrão
DCA-Anexo I-C,2019,DCA-Anexo I-C,RO1.1.2.8.01.0.0,4318002,Outras Deduções da Receita,"1.1.2.8.01.0.0 - Taxas de Inspeção, Controle e Fiscalização",2019,Padrão
DCA-Anexo I-C,2019,DCA-Anexo I-C,RO1.1.2.8.01.1.0,4318002,Receitas Brutas Realizadas,1.1.2.8.01.1.0 - Taxa de Fiscalização de Vigilância Sanitária,2019,Padrão
DCA-Anexo I-C,2019,DCA-Anexo I-C,RO1.1.2.8.01.9.0,4318002,Receitas Brutas Realizadas,"1.1.2.8.01.9.0 - Taxas de Inspeção, Controle e Fiscalização - Outras",2019,Padrão
DCA-Anexo I-C,2019,DCA-Anexo I-C,RO1.1.2.8.01.9.0,4318002,Outras Deduções da Receita,"1.1.2.8.01.9.0 - Taxas de Inspeção, Controle e Fiscalização - Outras",2019,Padrão
DCA-Anexo I-C,2019,DCA-Anexo I-C,RO1.2.0.0.00.0.0,4318002,Receitas Brutas Realizadas,1.2.0.0.00.0.0 - Contribuições,2019,Padrão
DCA-Anexo I-C,2019,DCA-Anexo I-C,RO1.2.1.0.00.0.0,4318002,Receitas Brutas Realizadas,1.2.1.0.00.0.0 - Contribuições Sociais,2019,Padrão
DCA-Anexo I-C,2019,DCA-Anexo I-C,RO1.2.1.8.00.0.0,4318002,Receitas Brutas Realizadas,"1.2.1.8.00.0.0 Contribuições Sociais Específicas de Estados, DF e Municípios",2019,Padrão
DCA-Anexo I-C,2019,DCA-Anexo I-C,RO1.2.1.8.01.0.0,4318002,Receitas Brutas Realizadas,1.2.1.8.01.0.0 - Contribuição do Servidor Civil para o Plano de Seguridade Social - CPSSS - Específico de EST/DF/MUN,2019,Padrão
DCA-Anexo I-C,2019,DCA-Anexo I-C,RO1.2.1.8.01.1.0,4318002,Receitas Brutas Realizadas,1.2.1.8.01.1.0 - CPSSS do Servidor Civil Ativo,2019,Padrão
DCA-Anexo I-C,2019,DCA-Anexo I-C,RO1.2.1.8.01.2.0,4318002,Receitas Brutas Realizadas,1.2.1.8.01.2.0 - CPSSS do Servidor Civil Inativo,2019,Padrão
DCA-Anexo I-C,2019,DCA-Anexo I-C,RO1.2.1.8.01.3.0,4318002,Receitas Brutas Realizadas,1.2.1.8.01.3.0 - CPSSS do Servidor Civil - Pensionistas,2019,Padrão
DCA-Anexo I-C,2019,DCA-Anexo I-C,RO1.2.1.8.02.0.0,4318002,Receitas Brutas Realizadas,1.2.1.8.02.0.0 - CPSSS - Parcelamentos - Específico de EST/DF/MUN,2019,Padrão
DCA-Anexo I-C,2019,DCA-Anexo I-C,RO1.2.1.8.02.1.0,4318002,Receitas Brutas Realizadas,1.2.1.8.02.1.0 - CPSSS - Parcelamentos - do Servidor Civil Ativo,2019,Padrão
DCA-Anexo I-C,2019,DCA-Anexo I-C,RO1.2.4.0.00.0.0,4318002,Receitas Brutas Realizadas,1.2.4.0.00.0.0 - Contribuição para o Custeio do Serviço de Iluminação Pública,2019,Padrão
DCA-Anexo I-C,2019,DCA-Anexo I-C,RO1.3.0.0.00.0.0,4318002,Receitas Brutas Realizadas,1.3.0.0.00.0.0 - Receita Patrimonial,2019,Padrão
DCA-Anexo I-C,2019,DCA-Anexo I-C,RO1.3.0.0.00.0.0,4318002,Outras Deduções da Receita,1.3.0.0.00.0.0 - Receita Patrimonial,2019,Padrão
DCA-Anexo I-C,2019,DCA-Anexo I-C,RO1.3.1.0.00.0.0,4318002,Receitas Brutas Realizadas,1.3.1.0.00.0.0 - Exploração do Patrimônio Imobiliário do Estado,2019,Padrão
DCA-Anexo I-C,2019,DCA-Anexo I-C,RO1.3.1.0.00.0.0,4318002,Outras Deduções da Receita,1.3.1.0.00.0.0 - Exploração do Patrimônio Imobiliário do Estado,2019,Padrão
DCA-Anexo I-C,2019,DCA-Anexo I-C,RO1.3.1.0.01.0.0,4318002,Receitas Brutas Realizadas,"1.3.1.0.01.0.0 - Aluguéis, Arrendamentos, Foros, Laudêmios, Tarifas de Ocupação",2019,Padrão
DCA-Anexo I-C,2019,DCA-Anexo I-C,RO1.3.1.0.01.0.0,4318002,Outras Deduções da Receita,"1.3.1.0.01.0.0 - Aluguéis, Arrendamentos, Foros, Laudêmios, Tarifas de Ocupação",2019,Padrão
DCA-Anexo I-C,2019,DCA-Anexo I-C,RO1.3.1.0.01.1.0,4318002,Receitas Brutas Realizadas,1.3.1.0.01.1.0 - Aluguéis e Arrendamentos,2019,Padrão
DCA-Anexo I-C,2019,DCA-Anexo I-C,RO1.3.1.0.01.2.0,4318002,Receitas Brutas Realizadas,"1.3.1.0.01.2.0 - Foros, Laudêmios e Tarifas de Ocupação",2019,Padrão
DCA-Anexo I-C,2019,DCA-Anexo I-C,RO1.3.1.0.01.2.0,4318002,Outras Deduções da Receita,"1.3.1.0.01.2.0 - Foros, Laudêmios e Tarifas de Ocupação",2019,Padrão
DCA-Anexo I-C,2019,DCA-Anexo I-C,RO1.3.2.0.00.0.0,4318002,Receitas Brutas Realizadas,1.3.2.0.00.0.0 - Valores Mobiliários,2019,Padrão
DCA-Anexo I-C,2019,DCA-Anexo I-C,RO1.3.2.1.00.0.0,4318002,Receitas Brutas Realizadas,1.3.2.1.00.0.0 - Juros e Correções Monetárias,2019,Padrão
DCA-Anexo I-C,2019,DCA-Anexo I-C,RO1.3.2.1.00.1.0,4318002,Receitas Brutas Realizadas,1.3.2.1.00.1.0 - Remuneração de Depósitos Bancários,2019,Padrão
DCA-Anexo I-C,2019,DCA-Anexo I-C,RO1.3.2.1.00.4.0,4318002,Receitas Brutas Realizadas,1.3.2.1.00.4.0 - Remuneração dos Recursos do Regime Próprio de Previdência Social - RPPS,2019,Padrão
DCA-Anexo I-C,2019,DCA-Anexo I-C,RO1.3.2.1.00.5.0,4318002,Receitas Brutas Realizadas,1.3.2.1.00.5.0 - Juros de Títulos de Renda,2019,Padrão
DCA-Anexo I-C,2019,DCA-Anexo I-C,RO1.3.6.0.00.0.0,4318002,Receitas Brutas Realizadas,1.3.6.0.00.0.0 - Cessão de Direitos,2019,Padrão
DCA-Anexo I-C,2019,DCA-Anexo I-C,RO1.6.0.0.00.0.0,4318002,Receitas Brutas Realizadas,1.6.0.0.00.0.0 - Receita de Serviços,2019,Padrão
DCA-Anexo I-C,2019,DCA-Anexo I-C,RO1.6.1.0.00.0.0,4318002,Receitas Brutas Realizadas,1.6.1.0.00.0.0 - Serviços Administrativos e Comerciais Gerais,2019,Padrão
DCA-Anexo I-C,2019,DCA-Anexo I-C,RO1.6.1.0.02.0.0,4318002,Receitas Brutas Realizadas,1.6.1.0.02.0.0 - Inscrição em Concursos e Processos Seletivos,2019,Padrão
DCA-Anexo I-C,2019,DCA-Anexo I-C,RO1.6.9.0.00.0.0,4318002,Receitas Brutas Realizadas,1.6.9.0.00.0.0 - Outros Serviços,2019,Padrão
DCA-Anexo I-C,2019,DCA-Anexo I-C,RO1.6.9.0.99.0.0,4318002,Receitas Brutas Realizadas,1.6.9.0.99.0.0 - Outros Serviços,2019,Padrão
DCA-Anexo I-C,2019,DCA-Anexo I-C,RO1.7.0.0.00.0.0,4318002,Receitas Brutas Realizadas,1.7.0.0.00.0.0 - Transferências Correntes,2019,Padrão
DCA-Anexo I-C,2019,DCA-Anexo I-C,RO1.7.0.0.00.0.0,4318002,Deduções - FUNDEB,1.7.0.0.00.0.0 - Transferências Correntes,2019,Padrão
DCA-Anexo I-C,2019,DCA-Anexo I-C,RO1.7.0.0.00.0.0,4318002,Outras Deduções da Receita,1.7.0.0.00.0.0 - Transferências Correntes,2019,Padrão
DCA-Anexo I-C,2019,DCA-Anexo I-C,RO1.7.1.0.00.0.0,4318002,Receitas Brutas Realizadas,1.7.1.0.00.0.0 - Transferências da União e de suas Entidades,2019,Padrão
DCA-Anexo I-C,2019,DCA-Anexo I-C,RO1.7.1.0.00.0.0,4318002,Deduções - FUNDEB,1.7.1.0.00.0.0 - Transferências da União e de suas Entidades,2019,Padrão
DCA-Anexo I-C,2019,DCA-Anexo I-C,RO1.7.1.8.00.0.0,4318002,Receitas Brutas Realizadas,"1.7.1.8.00.0.0 Transferências da União - Específicas de Estados, DF e Municípios",2019,Padrão
DCA-Anexo I-C,2019,DCA-Anexo I-C,RO1.7.1.8.00.0.0,4318002,Deduções - FUNDEB,"1.7.1.8.00.0.0 Transferências da União - Específicas de Estados, DF e Municípios",2019,Padrão
DCA-Anexo I-C,2019,DCA-Anexo I-C,RO1.7.1.8.01.0.0,4318002,Receitas Brutas Realizadas,1.7.1.8.01.0.0 Participação na Receita da União,2019,Padrão
DCA-Anexo I-C,2019,DCA-Anexo I-C,RO1.7.1.8.01.0.0,4318002,Deduções - FUNDEB,1.7.1.8.01.0.0 Participação na Receita da União,2019,Padrão
DCA-Anexo I-C,2019,DCA-Anexo I-C,RO1.7.1.8.01.2.0,4318002,Receitas Brutas Realizadas,1.7.1.8.01.2.0 Cota-Parte do Fundo de Participação dos Municípios - Cota Mensal,2019,Padrão
DCA-Anexo I-C,2019,DCA-Anexo I-C,RO1.7.1.8.01.2.0,4318002,Deduções - FUNDEB,1.7.1.8.01.2.0 Cota-Parte do Fundo de Participação dos Municípios - Cota Mensal,2019,Padrão
DCA-Anexo I-C,2019,DCA-Anexo I-C,RO1.7.1.8.01.3.0,4318002,Receitas Brutas Realizadas,1.7.1.8.01.3.0 Cota-Parte do Fundo de Participação do Municípios ¿ 1% Cota entregue no mês de dezembro,2019,Padrão
DCA-Anexo I-C,2019,DCA-Anexo I-C,RO1.7.1.8.01.4.0,4318002,Receitas Brutas Realizadas,1.7.1.8.01.4.0 Cota-Parte do Fundo de Participação dos Municípios - 1% Cota entregue no mês de julho,2019,Padrão
DCA-Anexo I-C,2019,DCA-Anexo I-C,RO1.7.1.8.01.5.0,4318002,Receitas Brutas Realizadas,1.7.1.8.01.5.0 Cota-Parte do Imposto Sobre a Propriedade Territorial Rural,2019,Padrão
DCA-Anexo I-C,2019,DCA-Anexo I-C,RO1.7.1.8.01.5.0,4318002,Deduções - FUNDEB,1.7.1.8.01.5.0 Cota-Parte do Imposto Sobre a Propriedade Territorial Rural,2019,Padrão
DCA-Anexo I-C,2019,DCA-Anexo I-C,RO1.7.1.8.02.0.0,4318002,Receitas Brutas Realizadas,1.7.1.8.02.0.0 Transferência da Compensação Financeira pela Exploração de Recursos Naturais,2019,Padrão
DCA-Anexo I-C,2019,DCA-Anexo I-C,RO1.7.1.8.02.6.0,4318002,Receitas Brutas Realizadas,1.7.1.8.02.6.0 Cota-Parte do Fundo Especial do Petróleo ¿ FEP,2019,Padrão
DCA-Anexo I-C,2019,DCA-Anexo I-C,RO1.7.1.8.03.0.0,4318002,Receitas Brutas Realizadas,"1.7.1.8.03.0.0 Transferência de Recursos do Sistema Único de Saúde ¿ 
 SUS ¿ Bloco Custeio das Ações e Serviços Públicos de Saúde",2019,Padrão
DCA-Anexo I-C,2019,DCA-Anexo I-C,RO1.7.1.8.03.1.0,4318002,Receitas Brutas Realizadas,1.7.1.8.03.1.0 - Transferência de Recursos do SUS ¿ Atenção Básica,2019,Padrão
DCA-Anexo I-C,2019,DCA-Anexo I-C,RO1.7.1.8.03.2.0,4318002,Receitas Brutas Realizadas,1.7.1.8.03.2.0 - Transferência de Recursos do SUS ¿ Atenção de Média e Alta Complexidade Ambulatorial e Hospitalar,2019,Padrão
DCA-Anexo I-C,2019,DCA-Anexo I-C,RO1.7.1.8.03.3.0,4318002,Receitas Brutas Realizadas,1.7.1.8.03.3.0 - Transferência de Recursos do SUS ¿ Vigilância em Saúde,2019,Padrão
DCA-Anexo I-C,2019,DCA-Anexo I-C,RO1.7.1.8.03.4.0,4318002,Receitas Brutas Realizadas,1.7.1.8.03.4.0 - Transferência de Recursos do SUS ¿ Assistência Farmacêutica,2019,Padrão
DCA-Anexo I-C,2019,DCA-Anexo I-C,RO1.7.1.8.03.5.0,4318002,Receitas Brutas Realizadas,1.7.1.8.03.5.0 - Transferência de Recursos do SUS ¿ Gestão do SUS,2019,Padrão
DCA-Anexo I-C,2019,DCA-Anexo I-C,RO1.7.1.8.04.0.0,4318002,Receitas Brutas Realizadas,1.7.1.8.04.0.0 Transferências de Recursos do Sistema Único de Saúde ¿ SUS - Bloco Investimentos na Rede de Serviços Públicos de Saúde,2019,Padrão
DCA-Anexo I-C,2019,DCA-Anexo I-C,RO1.7.1.8.04.1.0,4318002,Receitas Brutas Realizadas,1.7.1.8.04.1.0 - Transferências de Recursos do Sistema Único de Saúde ¿ SUS destinados à Atenção Básica,2019,Padrão
DCA-Anexo I-C,2019,DCA-Anexo I-C,RO1.7.1.8.05.0.0,4318002,Receitas Brutas Realizadas,1.7.1.8.05.0.0 Transferências de Recursos do Fundo Nacional do Desenvolvimento da Educação ¿ FNDE,2019,Padrão
DCA-Anexo I-C,2019,DCA-Anexo I-C,RO1.7.1.8.05.1.0,4318002,Receitas Brutas Realizadas,1.7.1.8.05.1.0 Transferências do Salário-Educação,2019,Padrão
DCA-Anexo I-C,2019,DCA-Anexo I-C,RO1.7.1.8.05.3.0,4318002,Receitas Brutas Realizadas,1.7.1.8.05.3.0 Transferências Diretas do FNDE referentes ao Programa Nacional de Alimentação Escolar ¿ PNAE,2019,Padrão
DCA-Anexo I-C,2019,DCA-Anexo I-C,RO1.7.1.8.05.4.0,4318002,Receitas Brutas Realizadas,1.7.1.8.05.4.0 Transferências Diretas do FNDE referentes ao Programa Nacional de Apoio ao Transporte do Escolar ¿ PNATE,2019,Padrão
DCA-Anexo I-C,2019,DCA-Anexo I-C,RO1.7.1.8.08.0.0,4318002,Receitas Brutas Realizadas,1.7.1.8.08.0.0 Transferências Advindas de Emendas Parlamentares Individuais,2019,Padrão
DCA-Anexo I-C,2019,DCA-Anexo I-C,RO1.7.1.8.12.0.0,4318002,Receitas Brutas Realizadas,1.7.1.8.12.0.0 - Transferências de Recursos do Fundo Nacional de Assistência Social ¿ FNAS,2019,Padrão
DCA-Anexo I-C,2019,DCA-Anexo I-C,RO1.7.1.8.99.0.0,4318002,Receitas Brutas Realizadas,1.7.1.8.99.0.0 Outras Transferências da União,2019,Padrão
DCA-Anexo I-C,2019,DCA-Anexo I-C,RO1.7.2.0.00.0.0,4318002,Receitas Brutas Realizadas,1.7.2.0.00.0.0 - Transferências dos Estados e do Distrito Federal e de suas Entidades,2019,Padrão
DCA-Anexo I-C,2019,DCA-Anexo I-C,RO1.7.2.0.00.0.0,4318002,Deduções - FUNDEB,1.7.2.0.00.0.0 - Transferências dos Estados e do Distrito Federal e de suas Entidades,2019,Padrão
DCA-Anexo I-C,2019,DCA-Anexo I-C,RO1.7.2.0.00.0.0,4318002,Outras Deduções da Receita,1.7.2.0.00.0.0 - Transferências dos Estados e do Distrito Federal e de suas Entidades,2019,Padrão
DCA-Anexo I-C,2019,DCA-Anexo I-C,RO1.7.2.8.00.0.0,4318002,Receitas Brutas Realizadas,"1.7.2.8.00.0.0 Transferências dos Estados - Específicas de Estados, DF e Municípios",2019,Padrão
DCA-Anexo I-C,2019,DCA-Anexo I-C,RO1.7.2.8.00.0.0,4318002,Deduções - FUNDEB,"1.7.2.8.00.0.0 Transferências dos Estados - Específicas de Estados, DF e Municípios",2019,Padrão
DCA-Anexo I-C,2019,DCA-Anexo I-C,RO1.7.2.8.00.0.0,4318002,Outras Deduções da Receita,"1.7.2.8.00.0.0 Transferências dos Estados - Específicas de Estados, DF e Municípios",2019,Padrão
DCA-Anexo I-C,2019,DCA-Anexo I-C,RO1.7.2.8.01.0.0,4318002,Receitas Brutas Realizadas,1.7.2.8.01.0.0 Participação na Receita dos Estados,2019,Padrão
DCA-Anexo I-C,2019,DCA-Anexo I-C,RO1.7.2.8.01.0.0,4318002,Deduções - FUNDEB,1.7.2.8.01.0.0 Participação na Receita dos Estados,2019,Padrão
DCA-Anexo I-C,2019,DCA-Anexo I-C,RO1.7.2.8.01.0.0,4318002,Outras Deduções da Receita,1.7.2.8.01.0.0 Participação na Receita dos Estados,2019,Padrão
DCA-Anexo I-C,2019,DCA-Anexo I-C,RO1.7.2.8.01.1.0,4318002,Receitas Brutas Realizadas,1.7.2.8.01.1.0 Cota-Parte do ICMS,2019,Padrão
DCA-Anexo I-C,2019,DCA-Anexo I-C,RO1.7.2.8.01.1.0,4318002,Deduções - FUNDEB,1.7.2.8.01.1.0 Cota-Parte do ICMS,2019,Padrão
DCA-Anexo I-C,2019,DCA-Anexo I-C,RO1.7.2.8.01.2.0,4318002,Receitas Brutas Realizadas,1.7.2.8.01.2.0 Cota-Parte do IPVA,2019,Padrão
DCA-Anexo I-C,2019,DCA-Anexo I-C,RO1.7.2.8.01.2.0,4318002,Deduções - FUNDEB,1.7.2.8.01.2.0 Cota-Parte do IPVA,2019,Padrão
DCA-Anexo I-C,2019,DCA-Anexo I-C,RO1.7.2.8.01.3.0,4318002,Receitas Brutas Realizadas,1.7.2.8.01.3.0 Cota-Parte do IPI - Municípios,2019,Padrão
DCA-Anexo I-C,2019,DCA-Anexo I-C,RO1.7.2.8.01.3.0,4318002,Deduções - FUNDEB,1.7.2.8.01.3.0 Cota-Parte do IPI - Municípios,2019,Padrão
DCA-Anexo I-C,2019,DCA-Anexo I-C,RO1.7.2.8.01.3.0,4318002,Outras Deduções da Receita,1.7.2.8.01.3.0 Cota-Parte do IPI - Municípios,2019,Padrão
DCA-Anexo I-C,2019,DCA-Anexo I-C,RO1.7.2.8.01.4.0,4318002,Receitas Brutas Realizadas,1.7.2.8.01.4.0 Cota-Parte da Contribuição de Intervenção no Domínio Econômico,2019,Padrão
DCA-Anexo I-C,2019,DCA-Anexo I-C,RO1.7.2.8.03.0.0,4318002,Receitas Brutas Realizadas,1.7.2.8.03.0.0 Transferência de Recursos do Estado para Programas de Saúde ¿ Repasse Fundo a Fundo,2019,Padrão
DCA-Anexo I-C,2019,DCA-Anexo I-C,RO1.7.2.8.10.0.0,4318002,Receitas Brutas Realizadas,1.7.2.8.10.0.0 Transferência de Convênios dos Estados e do Distrito Federal e de Suas Entidades,2019,Padrão
DCA-Anexo I-C,2019,DCA-Anexo I-C,RO1.7.2.8.10.2.0,4318002,Receitas Brutas Realizadas,1.7.2.8.10.2.0 Transferências de Convênio dos Estados Destinadas a Programas de Educação,2019,Padrão
DCA-Anexo I-C,2019,DCA-Anexo I-C,RO1.7.2.8.99.0.0,4318002,Receitas Brutas Realizadas,1.7.2.8.99.0.0 Outras Transferências dos Estados,2019,Padrão
DCA-Anexo I-C,2019,DCA-Anexo I-C,RO1.7.4.0.00.0.0,4318002,Receitas Brutas Realizadas,1.7.4.0.00.0.0 - Transferências de Instituições Privadas,2019,Padrão
DCA-Anexo I-C,2019,DCA-Anexo I-C,RO1.7.4.0.00.1.0,4318002,Receitas Brutas Realizadas,1.7.4.0.00.1.0 - Transferências de Instituições Privadas,2019,Padrão
DCA-Anexo I-C,2019,DCA-Anexo I-C,RO1.7.5.0.00.0.0,4318002,Receitas Brutas Realizadas,1.7.5.0.00.0.0 - Transferências de Outras Instituições Públicas,2019,Padrão
DCA-Anexo I-C,2019,DCA-Anexo I-C,RO1.7.5.8.00.0.0,4318002,Receitas Brutas Realizadas,"1.7.5.8.00.0.0 Transferências de Outras Instituições Públicas - Específicas de Estados, DF e Municípios",2019,Padrão
DCA-Anexo I-C,2019,DCA-Anexo I-C,RO1.7.5.8.01.0.0,4318002,Receitas Brutas Realizadas,1.7.5.8.01.0.0 Transferências de Recursos do Fundo de Manutenção e Desenvolvimento da Educação Básica e de Valorização dos Profissionais da Educação ¿ FUNDEB,2019,Padrão
DCA-Anexo I-C,2019,DCA-Anexo I-C,RO1.7.7.0.00.0.0,4318002,Receitas Brutas Realizadas,1.7.7.0.00.0.0 - Transferências de Pessoas Físicas,2019,Padrão
DCA-Anexo I-C,2019,DCA-Anexo I-C,RO1.7.7.0.00.1.0,4318002,Receitas Brutas Realizadas,1.7.7.0.00.1.0 - Transferências de Pessoas Físicas,2019,Padrão
DCA-Anexo I-C,2019,DCA-Anexo I-C,RO1.9.0.0.00.0.0,4318002,Receitas Brutas Realizadas,1.9.0.0.00.0.0 - Outras Receitas Correntes,2019,Padrão
DCA-Anexo I-C,2019,DCA-Anexo I-C,RO1.9.1.0.00.0.0,4318002,Receitas Brutas Realizadas,"1.9.1.0.00.0.0 - Multas Administrativas, Contratuais e Judiciais",2019,Padrão
DCA-Anexo I-C,2019,DCA-Anexo I-C,RO1.9.1.0.01.0.0,4318002,Receitas Brutas Realizadas,1.9.1.0.01.0.0 - Multas Previstas em Legislação Específica,2019,Padrão
DCA-Anexo I-C,2019,DCA-Anexo I-C,RO1.9.1.0.06.0.0,4318002,Receitas Brutas Realizadas,1.9.1.0.06.0.0 - Multas por Danos Ambientais,2019,Padrão
DCA-Anexo I-C,2019,DCA-Anexo I-C,RO1.9.1.0.06.2.0,4318002,Receitas Brutas Realizadas,1.9.1.0.06.2.0 - Multas Judiciais por Danos Ambientais,2019,Padrão
DCA-Anexo I-C,2019,DCA-Anexo I-C,RO1.9.2.0.00.0.0,4318002,Receitas Brutas Realizadas,"1.9.2.0.00.0.0 - Indenizações, Restituições e Ressarcimentos",2019,Padrão
DCA-Anexo I-C,2019,DCA-Anexo I-C,RO1.9.2.8.00.0.0,4318002,Receitas Brutas Realizadas,"1.9.2.8.00.0.0 - Indenizações, Restituições e Ressarcimentos - Específicas para Estados/DF/Municípios",2019,Padrão
DCA-Anexo I-C,2019,DCA-Anexo I-C,RO1.9.2.8.02.0.0,4318002,Receitas Brutas Realizadas,1.9.2.8.02.0.0 - Restituições - Específicas para Estados/DF/Municípios,2019,Padrão
DCA-Anexo I-C,2019,DCA-Anexo I-C,RO1.9.2.8.02.9.0,4318002,Receitas Brutas Realizadas,1.9.2.8.02.9.0 - Outras Restituições - Específicas para Estados/DF/Municípios - Não Especificadas Anteriormente,2019,Padrão
DCA-Anexo I-C,2019,DCA-Anexo I-C,RO1.9.2.8.03.0.0,4318002,Receitas Brutas Realizadas,1.9.2.8.03.0.0 - Ressarcimentos - Específicas para Estados/DF/Municípios,2019,Padrão
DCA-Anexo I-C,2019,DCA-Anexo I-C,RO1.9.9.0.00.0.0,4318002,Receitas Brutas Realizadas,1.9.9.0.00.0.0 - Demais Receitas Correntes,2019,Padrão
DCA-Anexo I-C,2019,DCA-Anexo I-C,RO1.9.9.0.03.0.0,4318002,Receitas Brutas Realizadas,1.9.9.0.03.0.0 - Compensações Financeiras entre o Regime Geral e os Regimes Próprios de Previdência dos Servidores,2019,Padrão
DCA-Anexo I-C,2019,DCA-Anexo I-C,RO1.9.9.0.12.0.0,4318002,Receitas Brutas Realizadas,1.9.9.0.12.0.0 - Encargos Legais pela Inscrição em Dívida Ativa e Receitas de Ônus de Sucumbência,2019,Padrão
DCA-Anexo I-C,2019,DCA-Anexo I-C,RO1.9.9.0.12.2.0,4318002,Receitas Brutas Realizadas,1.9.9.0.12.2.0 - Ônus de Sucumbência,2019,Padrão
DCA-Anexo I-C,2019,DCA-Anexo I-C,RO1.9.9.0.99.0.0,4318002,Receitas Brutas Realizadas,1.9.9.0.99.0.0 - Outras Receitas,2019,Padrão
DCA-Anexo I-C,2019,DCA-Anexo I-C,RO1.9.9.0.99.1.0,4318002,Receitas Brutas Realizadas,1.9.9.0.99.1.0 - Outras Receitas - Primárias,2019,Padrão
DCA-Anexo I-C,2019,DCA-Anexo I-C,RO2.0.0.0.00.0.0,4318002,Receitas Brutas Realizadas,2.0.0.0.00.0.0 - Receitas de Capital,2019,Padrão
DCA-Anexo I-C,2019,DCA-Anexo I-C,RO2.1.0.0.00.0.0,4318002,Receitas Brutas Realizadas,2.1.0.0.00.0.0 - Operações de Crédito,2019,Padrão
DCA-Anexo I-C,2019,DCA-Anexo I-C,RO2.1.1.0.00.0.0,4318002,Receitas Brutas Realizadas,2.1.1.0.00.0.0 - Operações de Crédito - Mercado Interno,2019,Padrão
DCA-Anexo I-C,2019,DCA-Anexo I-C,RO2.1.1.8.00.0.0,4318002,Receitas Brutas Realizadas,2.1.1.8.00.0.0 Operações de Crédito - Mercado Interno - Estados/DF/Municípios,2019,Padrão
DCA-Anexo I-C,2019,DCA-Anexo I-C,RO2.1.1.8.01.0.0,4318002,Receitas Brutas Realizadas,2.1.1.8.01.0.0 - Operações de Crédito Internas de Estados/DF/Municípios,2019,Padrão
DCA-Anexo I-C,2019,DCA-Anexo I-C,RO2.1.1.8.01.3.0,4318002,Receitas Brutas Realizadas,2.1.1.8.01.3.0 - Operações de Crédito Internas para Programas de Saneamento,2019,Padrão
DCA-Anexo I-C,2019,DCA-Anexo I-C,RO2.4.0.0.00.0.0,4318002,Receitas Brutas Realizadas,2.4.0.0.00.0.0 - Transferências de Capital,2019,Padrão
DCA-Anexo I-C,2019,DCA-Anexo I-C,RO2.4.1.0.00.0.0,4318002,Receitas Brutas Realizadas,2.4.1.0.00.0.0 - Transferências da União e de suas Entidades,2019,Padrão
DCA-Anexo I-C,2019,DCA-Anexo I-C,RO2.4.1.8.00.0.0,4318002,Receitas Brutas Realizadas,"2.4.1.8.00.0.0 Transferências da União - Específicas de Estados, DF e Municípios",2019,Padrão
DCA-Anexo I-C,2019,DCA-Anexo I-C,RO2.4.1.8.08.0.0,4318002,Receitas Brutas Realizadas,2.4.1.8.08.0.0 Transferências Advindas de Emendas Parlamentares Individuais,2019,Padrão
DCA-Anexo I-C,2019,DCA-Anexo I-C,RO2.4.1.8.10.0.0,4318002,Receitas Brutas Realizadas,2.4.1.8.10.0.0 Transferência de Convênios da União e de suas Entidades,2019,Padrão
DCA-Anexo I-C,2019,DCA-Anexo I-C,RO2.4.1.8.10.7.0,4318002,Receitas Brutas Realizadas,2.4.1.8.10.7.0 - Transferências de Convênios da União destinadas a Programas de Infraestrutura em Transporte,2019,Padrão
DCA-Anexo I-C,2019,DCA-Anexo I-C,RO2.4.1.8.10.9.0,4318002,Receitas Brutas Realizadas,2.4.1.8.10.9.0 - Outras Transferências de Convênios da União,2019,Padrão
DCA-Anexo I-C,2019,DCA-Anexo I-C,RO2.4.2.0.00.0.0,4318002,Receitas Brutas Realizadas,2.4.2.0.00.0.0 - Transferências dos Estados e do Distrito Federal e de suas Entidades,2019,Padrão
DCA-Anexo I-C,2019,DCA-Anexo I-C,RO2.4.2.8.00.0.0,4318002,Receitas Brutas Realizadas,"2.4.2.8.00.0.0 Transferências dos Estados, Distrito Federal, e de suas Entidades",2019,Padrão
DCA-Anexo I-C,2019,DCA-Anexo I-C,RO2.4.2.8.10.0.0,4318002,Receitas Brutas Realizadas,2.4.2.8.10.0.0 Transferências de Convênios dos Estados e do Distrito Federal e de suas Entidades,2019,Padrão
DCA-Anexo I-C,2019,DCA-Anexo I-C,RO2.4.2.8.10.1.0,4318002,Receitas Brutas Realizadas,2.4.2.8.10.1.0 - Transferências de Convênios dos Estados para o Sistema Único de Saúde ¿ SUS,2019,Padrão
DCA-Anexo I-C,2019,DCA-Anexo I-C,RO2.9.0.0.00.0.0,4318002,Receitas Brutas Realizadas,2.9.0.0.00.0.0 - Outras Receitas de Capital,2019,Padrão
DCA-Anexo I-C,2019,DCA-Anexo I-C,RO2.9.9.0.00.0.0,4318002,Receitas Brutas Realizadas,2.9.9.0.00.0.0 - Demais Receitas de Capital,2019,Padrão
DCA-Anexo I-C,2019,DCA-Anexo I-C,RO2.9.9.0.00.1.0,4318002,Receitas Brutas Realizadas,2.9.9.0.00.1.0 Demais Receitas de Capital,2019,Padrão
DCA-Anexo I-C,2019,DCA-Anexo I-C,ReceitasIntraOrcamentarias,4318002,Receitas Brutas Realizadas,RECEITAS (INTRA-ORÇAMENTÁRIAS) (II),2019,Padrão
DCA-Anexo I-C,2019,DCA-Anexo I-C,RO7.0.0.0.00.0.0,4318002,Receitas Brutas Realizadas,7.0.0.0.00.0.0 - Receitas Correntes,2019,Padrão
DCA-Anexo I-C,2019,DCA-Anexo I-C,RO7.2.0.0.00.0.0,4318002,Receitas Brutas Realizadas,7.2.0.0.00.0.0 - Contribuições,2019,Padrão
DCA-Anexo I-C,2019,DCA-Anexo I-C,RO7.2.1.0.00.0.0,4318002,Receitas Brutas Realizadas,7.2.1.0.00.0.0 - Contribuições Sociais,2019,Padrão
DCA-Anexo I-C,2019,DCA-Anexo I-C,RO7.2.1.8.00.0.0,4318002,Receitas Brutas Realizadas,"7.2.1.8.00.0.0 Contribuições Sociais Específicas de Estados, DF e 
 Municípios",2019,Padrão
DCA-Anexo I-C,2019,DCA-Anexo I-C,RO7.2.1.8.02.0.0,4318002,Receitas Brutas Realizadas,7.2.1.8.02.0.0 - CPSSS - Parcelamentos - Específico de EST/DF/MUN,2019,Padrão
DCA-Anexo I-C,2019,DCA-Anexo I-C,RO7.2.1.8.03.0.0,4318002,Receitas Brutas Realizadas,7.2.1.8.03.0.0 - CPSSS Patronal - Servidor Civil - Específico de EST/DF/MUN,2019,Padrão
DCA-Anexo I-C,2019,DCA-Anexo I-C,RO7.2.1.8.03.1.0,4318002,Receitas Brutas Realizadas,7.2.1.8.03.1.0 - CPSSS Patronal - Servidor Civil Ativo,2019,Padrão
DCA-Anexo I-C,2019,DCA-Anexo I-C,RO7.2.1.8.04.0.0,4318002,Receitas Brutas Realizadas,7.2.1.8.04.0.0 - CPSSS Patronal - Parcelamentos - Específico de EST/DF/MUN,2019,Padrão
DCA-Anexo I-C,2019,DCA-Anexo I-C,RO7.2.1.8.04.1.0,4318002,Receitas Brutas Realizadas,7.2.1.8.04.1.0 - CPSSS Patronal - Parcelamentos - Servidor Civil Ativo,2019,Padrão
DCA-Anexo I-C,2019,DCA-Anexo I-C,TotalReceitas,4318002,Receitas Brutas Realizadas,TOTAL DAS RECEITAS (III) = (I + II),2019,Padrão
DCA-Anexo I-C,2019,DCA-Anexo I-C,TotalReceitas,4318002,Deduções - FUNDEB,TOTAL DAS RECEITAS (III) = (I + II),2019,Padrão
DCA-Anexo I-C,2019,DCA-Anexo I-C,TotalReceitas,4318002,Outras Deduções da Receita,TOTAL DAS RECEITAS (III) = (I + II),2019,Padrão
DCA-Anexo I-D,2019,DCA-Anexo I-D,TotalDespesas,4318002,Despesas Empenhadas,Total Geral da Despesa,2019,Padrão
DCA-Anexo I-D,2019,DCA-Anexo I-D,TotalDespesas,4318002,Despesas Liquidadas,Total Geral da Despesa,2019,Padrão
DCA-Anexo I-D,2019,DCA-Anexo I-D,TotalDespesas,4318002,Despesas Pagas,Total Geral da Despesa,2019,Padrão
DCA-Anexo I-D,2019,DCA-Anexo I-D,TotalDespesas,4318002,Inscrição de Restos a Pagar Não Processados,Total Geral da Despesa,2019,Padrão
DCA-Anexo I-D,2019,DCA-Anexo I-D,TotalDespesas,4318002,Inscrição de Restos a Pagar Processados,Total Geral da Despesa,2019,Padrão
DCA-Anexo I-D,2019,DCA-Anexo I-D,DO3.0.00.00.00.00,4318002,Despesas Empenhadas,3.0.00.00.00 - Despesas Correntes,2019,Padrão
DCA-Anexo I-D,2019,DCA-Anexo I-D,DO3.0.00.00.00.00,4318002,Despesas Liquidadas,3.0.00.00.00 - Despesas Correntes,2019,Padrão
DCA-Anexo I-D,2019,DCA-Anexo I-D,DO3.0.00.00.00.00,4318002,Despesas Pagas,3.0.00.00.00 - Despesas Correntes,2019,Padrão
DCA-Anexo I-D,2019,DCA-Anexo I-D,DO3.0.00.00.00.00,4318002,Inscrição de Restos a Pagar Não Processados,3.0.00.00.00 - Despesas Correntes,2019,Padrão
DCA-Anexo I-D,2019,DCA-Anexo I-D,DO3.0.00.00.00.00,4318002,Inscrição de Restos a Pagar Processados,3.0.00.00.00 - Despesas Correntes,2019,Padrão
DCA-Anexo I-D,2019,DCA-Anexo I-D,DO3.1.00.00.00.00,4318002,Despesas Empenhadas,3.1.00.00.00 - Pessoal e Encargos Sociais,2019,Padrão
DCA-Anexo I-D,2019,DCA-Anexo I-D,DO3.1.00.00.00.00,4318002,Despesas Liquidadas,3.1.00.00.00 - Pessoal e Encargos Sociais,2019,Padrão
DCA-Anexo I-D,2019,DCA-Anexo I-D,DO3.1.00.00.00.00,4318002,Despesas Pagas,3.1.00.00.00 - Pessoal e Encargos Sociais,2019,Padrão
DCA-Anexo I-D,2019,DCA-Anexo I-D,DO3.1.00.00.00.00,4318002,Inscrição de Restos a Pagar Não Processados,3.1.00.00.00 - Pessoal e Encargos Sociais,2019,Padrão
DCA-Anexo I-D,2019,DCA-Anexo I-D,DO3.1.00.00.00.00,4318002,Inscrição de Restos a Pagar Processados,3.1.00.00.00 - Pessoal e Encargos Sociais,2019,Padrão
DCA-Anexo I-D,2019,DCA-Anexo I-D,DO3.1.90.00.00.00,4318002,Despesas Empenhadas,3.1.90.00.00 - Aplicações Diretas,2019,Padrão
DCA-Anexo I-D,2019,DCA-Anexo I-D,DO3.1.90.00.00.00,4318002,Despesas Liquidadas,3.1.90.00.00 - Aplicações Diretas,2019,Padrão
DCA-Anexo I-D,2019,DCA-Anexo I-D,DO3.1.90.00.00.00,4318002,Despesas Pagas,3.1.90.00.00 - Aplicações Diretas,2019,Padrão
DCA-Anexo I-D,2019,DCA-Anexo I-D,DO3.1.90.00.00.00,4318002,Inscrição de Restos a Pagar Não Processados,3.1.90.00.00 - Aplicações Diretas,2019,Padrão
DCA-Anexo I-D,2019,DCA-Anexo I-D,DO3.1.90.00.00.00,4318002,Inscrição de Restos a Pagar Processados,3.1.90.00.00 - Aplicações Diretas,2019,Padrão
DCA-Anexo I-D,2019,DCA-Anexo I-D,DO3.1.90.01.00.00,4318002,Despesas Empenhadas,"3.1.90.01.00 - Aposentadorias do RPPS, Reserva Remunerada e Reformas dos Militares",2019,Padrão
DCA-Anexo I-D,2019,DCA-Anexo I-D,DO3.1.90.01.00.00,4318002,Despesas Liquidadas,"3.1.90.01.00 - Aposentadorias do RPPS, Reserva Remunerada e Reformas dos Militares",2019,Padrão
DCA-Anexo I-D,2019,DCA-Anexo I-D,DO3.1.90.01.00.00,4318002,Despesas Pagas,"3.1.90.01.00 - Aposentadorias do RPPS, Reserva Remunerada e Reformas dos Militares",2019,Padrão
DCA-Anexo I-D,2019,DCA-Anexo I-D,DO3.1.90.03.00.00,4318002,Despesas Empenhadas,3.1.90.03.00 - Pensões do RPPS e do Militar,2019,Padrão
DCA-Anexo I-D,2019,DCA-Anexo I-D,DO3.1.90.03.00.00,4318002,Despesas Liquidadas,3.1.90.03.00 - Pensões do RPPS e do Militar,2019,Padrão
DCA-Anexo I-D,2019,DCA-Anexo I-D,DO3.1.90.03.00.00,4318002,Despesas Pagas,3.1.90.03.00 - Pensões do RPPS e do Militar,2019,Padrão
DCA-Anexo I-D,2019,DCA-Anexo I-D,DO3.1.90.04.00.00,4318002,Despesas Empenhadas,3.1.90.04.00 - Contratação por Tempo Determinado,2019,Padrão
DCA-Anexo I-D,2019,DCA-Anexo I-D,DO3.1.90.04.00.00,4318002,Despesas Liquidadas,3.1.90.04.00 - Contratação por Tempo Determinado,2019,Padrão
DCA-Anexo I-D,2019,DCA-Anexo I-D,DO3.1.90.04.00.00,4318002,Despesas Pagas,3.1.90.04.00 - Contratação por Tempo Determinado,2019,Padrão
DCA-Anexo I-D,2019,DCA-Anexo I-D,DO3.1.90.04.00.00,4318002,Inscrição de Restos a Pagar Processados,3.1.90.04.00 - Contratação por Tempo Determinado,2019,Padrão
DCA-Anexo I-D,2019,DCA-Anexo I-D,DO3.1.90.05.00.00,4318002,Despesas Empenhadas,3.1.90.05.00 - Outros Benefícios Previdenciários do Servidor ou do Militar,2019,Padrão
DCA-Anexo I-D,2019,DCA-Anexo I-D,DO3.1.90.05.00.00,4318002,Despesas Liquidadas,3.1.90.05.00 - Outros Benefícios Previdenciários do Servidor ou do Militar,2019,Padrão
DCA-Anexo I-D,2019,DCA-Anexo I-D,DO3.1.90.05.00.00,4318002,Despesas Pagas,3.1.90.05.00 - Outros Benefícios Previdenciários do Servidor ou do Militar,2019,Padrão
DCA-Anexo I-D,2019,DCA-Anexo I-D,DO3.1.90.11.00.00,4318002,Despesas Empenhadas,3.1.90.11.00 - Vencimentos e Vantagens Fixas - Pessoal Civil,2019,Padrão
DCA-Anexo I-D,2019,DCA-Anexo I-D,DO3.1.90.11.00.00,4318002,Despesas Liquidadas,3.1.90.11.00 - Vencimentos e Vantagens Fixas - Pessoal Civil,2019,Padrão
DCA-Anexo I-D,2019,DCA-Anexo I-D,DO3.1.90.11.00.00,4318002,Despesas Pagas,3.1.90.11.00 - Vencimentos e Vantagens Fixas - Pessoal Civil,2019,Padrão
DCA-Anexo I-D,2019,DCA-Anexo I-D,DO3.1.90.11.00.00,4318002,Inscrição de Restos a Pagar Processados,3.1.90.11.00 - Vencimentos e Vantagens Fixas - Pessoal Civil,2019,Padrão
DCA-Anexo I-D,2019,DCA-Anexo I-D,DO3.1.90.13.00.00,4318002,Despesas Empenhadas,3.1.90.13.00 - Obrigações Patronais,2019,Padrão
DCA-Anexo I-D,2019,DCA-Anexo I-D,DO3.1.90.13.00.00,4318002,Despesas Liquidadas,3.1.90.13.00 - Obrigações Patronais,2019,Padrão
DCA-Anexo I-D,2019,DCA-Anexo I-D,DO3.1.90.13.00.00,4318002,Despesas Pagas,3.1.90.13.00 - Obrigações Patronais,2019,Padrão
DCA-Anexo I-D,2019,DCA-Anexo I-D,DO3.1.90.13.00.00,4318002,Inscrição de Restos a Pagar Não Processados,3.1.90.13.00 - Obrigações Patronais,2019,Padrão
DCA-Anexo I-D,2019,DCA-Anexo I-D,DO3.1.90.13.00.00,4318002,Inscrição de Restos a Pagar Processados,3.1.90.13.00 - Obrigações Patronais,2019,Padrão
DCA-Anexo I-D,2019,DCA-Anexo I-D,DO3.1.90.13.01.00,4318002,Despesas Empenhadas,3.1.90.13.01 - FGTS,2019,Padrão
DCA-Anexo I-D,2019,DCA-Anexo I-D,DO3.1.90.13.01.00,4318002,Despesas Liquidadas,3.1.90.13.01 - FGTS,2019,Padrão
DCA-Anexo I-D,2019,DCA-Anexo I-D,DO3.1.90.13.01.00,4318002,Despesas Pagas,3.1.90.13.01 - FGTS,2019,Padrão
DCA-Anexo I-D,2019,DCA-Anexo I-D,DO3.1.90.13.01.00,4318002,Inscrição de Restos a Pagar Processados,3.1.90.13.01 - FGTS,2019,Padrão
DCA-Anexo I-D,2019,DCA-Anexo I-D,DO3.1.90.13.02.00,4318002,Despesas Empenhadas,3.1.90.13.02 - Contribuições Previdenciárias - INSS,2019,Padrão
DCA-Anexo I-D,2019,DCA-Anexo I-D,DO3.1.90.13.02.00,4318002,Despesas Liquidadas,3.1.90.13.02 - Contribuições Previdenciárias - INSS,2019,Padrão
DCA-Anexo I-D,2019,DCA-Anexo I-D,DO3.1.90.13.02.00,4318002,Despesas Pagas,3.1.90.13.02 - Contribuições Previdenciárias - INSS,2019,Padrão
DCA-Anexo I-D,2019,DCA-Anexo I-D,DO3.1.90.13.02.00,4318002,Inscrição de Restos a Pagar Não Processados,3.1.90.13.02 - Contribuições Previdenciárias - INSS,2019,Padrão
DCA-Anexo I-D,2019,DCA-Anexo I-D,DO3.1.90.13.02.00,4318002,Inscrição de Restos a Pagar Processados,3.1.90.13.02 - Contribuições Previdenciárias - INSS,2019,Padrão
DCA-Anexo I-D,2019,DCA-Anexo I-D,DO3.1.90.16.00.00,4318002,Despesas Empenhadas,3.1.90.16.00 - Outras Despesas Variáveis - Pessoal Civil,2019,Padrão
DCA-Anexo I-D,2019,DCA-Anexo I-D,DO3.1.90.16.00.00,4318002,Despesas Liquidadas,3.1.90.16.00 - Outras Despesas Variáveis - Pessoal Civil,2019,Padrão
DCA-Anexo I-D,2019,DCA-Anexo I-D,DO3.1.90.16.00.00,4318002,Despesas Pagas,3.1.90.16.00 - Outras Despesas Variáveis - Pessoal Civil,2019,Padrão
DCA-Anexo I-D,2019,DCA-Anexo I-D,DO3.1.90.94.00.00,4318002,Despesas Empenhadas,3.1.90.94.00 - Indenizações e Restituições Trabalhistas,2019,Padrão
DCA-Anexo I-D,2019,DCA-Anexo I-D,DO3.1.90.94.00.00,4318002,Despesas Liquidadas,3.1.90.94.00 - Indenizações e Restituições Trabalhistas,2019,Padrão
DCA-Anexo I-D,2019,DCA-Anexo I-D,DO3.1.90.94.00.00,4318002,Despesas Pagas,3.1.90.94.00 - Indenizações e Restituições Trabalhistas,2019,Padrão
DCA-Anexo I-D,2019,DCA-Anexo I-D,DO3.1.90.99.00.00,4318002,Despesas Empenhadas,3.1.90.99.00 - A Classificar,2019,Padrão
DCA-Anexo I-D,2019,DCA-Anexo I-D,DO3.1.90.99.00.00,4318002,Despesas Liquidadas,3.1.90.99.00 - A Classificar,2019,Padrão
DCA-Anexo I-D,2019,DCA-Anexo I-D,DO3.1.90.99.00.00,4318002,Despesas Pagas,3.1.90.99.00 - A Classificar,2019,Padrão
DCA-Anexo I-D,2019,DCA-Anexo I-D,DO3.1.90.99.00.00,4318002,Inscrição de Restos a Pagar Processados,3.1.90.99.00 - A Classificar,2019,Padrão
DCA-Anexo I-D,2019,DCA-Anexo I-D,DI3.1.91.00.00.00,4318002,Despesas Empenhadas,"3.1.91.00.00 - Aplicação Direta Decorrente de Operação entre Órgãos, Fundos e Entidades Integrantes dos Orçamentos Fiscal e da Seguridade Social",2019,Padrão
DCA-Anexo I-D,2019,DCA-Anexo I-D,DI3.1.91.00.00.00,4318002,Despesas Liquidadas,"3.1.91.00.00 - Aplicação Direta Decorrente de Operação entre Órgãos, Fundos e Entidades Integrantes dos Orçamentos Fiscal e da Seguridade Social",2019,Padrão
DCA-Anexo I-D,2019,DCA-Anexo I-D,DI3.1.91.00.00.00,4318002,Despesas Pagas,"3.1.91.00.00 - Aplicação Direta Decorrente de Operação entre Órgãos, Fundos e Entidades Integrantes dos Orçamentos Fiscal e da Seguridade Social",2019,Padrão
DCA-Anexo I-D,2019,DCA-Anexo I-D,DI3.1.91.00.00.00,4318002,Inscrição de Restos a Pagar Não Processados,"3.1.91.00.00 - Aplicação Direta Decorrente de Operação entre Órgãos, Fundos e Entidades Integrantes dos Orçamentos Fiscal e da Seguridade Social",2019,Padrão
DCA-Anexo I-D,2019,DCA-Anexo I-D,DI3.1.91.00.00.00,4318002,Inscrição de Restos a Pagar Processados,"3.1.91.00.00 - Aplicação Direta Decorrente de Operação entre Órgãos, Fundos e Entidades Integrantes dos Orçamentos Fiscal e da Seguridade Social",2019,Padrão
DCA-Anexo I-D,2019,DCA-Anexo I-D,DI3.1.91.13.00.00,4318002,Despesas Empenhadas,3.1.91.13.00 - Contribuições Patronais,2019,Padrão
DCA-Anexo I-D,2019,DCA-Anexo I-D,DI3.1.91.13.00.00,4318002,Despesas Liquidadas,3.1.91.13.00 - Contribuições Patronais,2019,Padrão
DCA-Anexo I-D,2019,DCA-Anexo I-D,DI3.1.91.13.00.00,4318002,Despesas Pagas,3.1.91.13.00 - Contribuições Patronais,2019,Padrão
DCA-Anexo I-D,2019,DCA-Anexo I-D,DI3.1.91.13.00.00,4318002,Inscrição de Restos a Pagar Não Processados,3.1.91.13.00 - Contribuições Patronais,2019,Padrão
DCA-Anexo I-D,2019,DCA-Anexo I-D,DI3.1.91.13.00.00,4318002,Inscrição de Restos a Pagar Processados,3.1.91.13.00 - Contribuições Patronais,2019,Padrão
DCA-Anexo I-D,2019,DCA-Anexo I-D,DI3.1.91.13.03.00,4318002,Despesas Empenhadas,3.1.91.13.03 - Contribuição Patronal para o RPPS - Intraorçamentária,2019,Padrão
DCA-Anexo I-D,2019,DCA-Anexo I-D,DI3.1.91.13.03.00,4318002,Despesas Liquidadas,3.1.91.13.03 - Contribuição Patronal para o RPPS - Intraorçamentária,2019,Padrão
DCA-Anexo I-D,2019,DCA-Anexo I-D,DI3.1.91.13.03.00,4318002,Despesas Pagas,3.1.91.13.03 - Contribuição Patronal para o RPPS - Intraorçamentária,2019,Padrão
DCA-Anexo I-D,2019,DCA-Anexo I-D,DI3.1.91.13.03.00,4318002,Inscrição de Restos a Pagar Não Processados,3.1.91.13.03 - Contribuição Patronal para o RPPS - Intraorçamentária,2019,Padrão
DCA-Anexo I-D,2019,DCA-Anexo I-D,DI3.1.91.13.03.00,4318002,Inscrição de Restos a Pagar Processados,3.1.91.13.03 - Contribuição Patronal para o RPPS - Intraorçamentária,2019,Padrão
DCA-Anexo I-D,2019,DCA-Anexo I-D,DO3.2.00.00.00.00,4318002,Despesas Empenhadas,3.2.00.00.00 - Juros e Encargos da Dívida,2019,Padrão
DCA-Anexo I-D,2019,DCA-Anexo I-D,DO3.2.00.00.00.00,4318002,Despesas Liquidadas,3.2.00.00.00 - Juros e Encargos da Dívida,2019,Padrão
DCA-Anexo I-D,2019,DCA-Anexo I-D,DO3.2.00.00.00.00,4318002,Despesas Pagas,3.2.00.00.00 - Juros e Encargos da Dívida,2019,Padrão
DCA-Anexo I-D,2019,DCA-Anexo I-D,DO3.2.90.00.00.00,4318002,Despesas Empenhadas,3.2.90.00.00 - Aplicações Diretas,2019,Padrão
DCA-Anexo I-D,2019,DCA-Anexo I-D,DO3.2.90.00.00.00,4318002,Despesas Liquidadas,3.2.90.00.00 - Aplicações Diretas,2019,Padrão
DCA-Anexo I-D,2019,DCA-Anexo I-D,DO3.2.90.00.00.00,4318002,Despesas Pagas,3.2.90.00.00 - Aplicações Diretas,2019,Padrão
DCA-Anexo I-D,2019,DCA-Anexo I-D,DO3.2.90.21.00.00,4318002,Despesas Empenhadas,3.2.90.21.00 - Juros sobre a Dívida por Contrato,2019,Padrão
DCA-Anexo I-D,2019,DCA-Anexo I-D,DO3.2.90.21.00.00,4318002,Despesas Liquidadas,3.2.90.21.00 - Juros sobre a Dívida por Contrato,2019,Padrão
DCA-Anexo I-D,2019,DCA-Anexo I-D,DO3.2.90.21.00.00,4318002,Despesas Pagas,3.2.90.21.00 - Juros sobre a Dívida por Contrato,2019,Padrão
DCA-Anexo I-D,2019,DCA-Anexo I-D,DO3.3.00.00.00.00,4318002,Despesas Empenhadas,3.3.00.00.00 - Outras Despesas Correntes,2019,Padrão
DCA-Anexo I-D,2019,DCA-Anexo I-D,DO3.3.00.00.00.00,4318002,Despesas Liquidadas,3.3.00.00.00 - Outras Despesas Correntes,2019,Padrão
DCA-Anexo I-D,2019,DCA-Anexo I-D,DO3.3.00.00.00.00,4318002,Despesas Pagas,3.3.00.00.00 - Outras Despesas Correntes,2019,Padrão
DCA-Anexo I-D,2019,DCA-Anexo I-D,DO3.3.00.00.00.00,4318002,Inscrição de Restos a Pagar Não Processados,3.3.00.00.00 - Outras Despesas Correntes,2019,Padrão
DCA-Anexo I-D,2019,DCA-Anexo I-D,DO3.3.00.00.00.00,4318002,Inscrição de Restos a Pagar Processados,3.3.00.00.00 - Outras Despesas Correntes,2019,Padrão
DCA-Anexo I-D,2019,DCA-Anexo I-D,DO3.3.20.00.00.00,4318002,Despesas Empenhadas,3.3.20.00.00 - Transferências à União,2019,Padrão
DCA-Anexo I-D,2019,DCA-Anexo I-D,DO3.3.20.00.00.00,4318002,Despesas Liquidadas,3.3.20.00.00 - Transferências à União,2019,Padrão
DCA-Anexo I-D,2019,DCA-Anexo I-D,DO3.3.20.00.00.00,4318002,Despesas Pagas,3.3.20.00.00 - Transferências à União,2019,Padrão
DCA-Anexo I-D,2019,DCA-Anexo I-D,DO3.3.30.00.00.00,4318002,Despesas Empenhadas,3.3.30.00.00 - Transferências a Estados e ao Distrito Federal,2019,Padrão
DCA-Anexo I-D,2019,DCA-Anexo I-D,DO3.3.30.00.00.00,4318002,Despesas Liquidadas,3.3.30.00.00 - Transferências a Estados e ao Distrito Federal,2019,Padrão
DCA-Anexo I-D,2019,DCA-Anexo I-D,DO3.3.30.00.00.00,4318002,Despesas Pagas,3.3.30.00.00 - Transferências a Estados e ao Distrito Federal,2019,Padrão
DCA-Anexo I-D,2019,DCA-Anexo I-D,DO3.3.30.41.00.00,4318002,Despesas Empenhadas,3.3.30.41.00 - Contribuições,2019,Padrão
DCA-Anexo I-D,2019,DCA-Anexo I-D,DO3.3.30.41.00.00,4318002,Despesas Liquidadas,3.3.30.41.00 - Contribuições,2019,Padrão
DCA-Anexo I-D,2019,DCA-Anexo I-D,DO3.3.30.41.00.00,4318002,Despesas Pagas,3.3.30.41.00 - Contribuições,2019,Padrão
DCA-Anexo I-D,2019,DCA-Anexo I-D,DO3.3.30.99.00.00,4318002,Despesas Empenhadas,3.3.30.99.00 - A Classificar,2019,Padrão
DCA-Anexo I-D,2019,DCA-Anexo I-D,DO3.3.30.99.00.00,4318002,Despesas Liquidadas,3.3.30.99.00 - A Classificar,2019,Padrão
DCA-Anexo I-D,2019,DCA-Anexo I-D,DO3.3.30.99.00.00,4318002,Despesas Pagas,3.3.30.99.00 - A Classificar,2019,Padrão
DCA-Anexo I-D,2019,DCA-Anexo I-D,DO3.3.50.00.00.00,4318002,Despesas Empenhadas,3.3.50.00.00 - Transferências a Instituições Privadas sem Fins Lucrativos,2019,Padrão
DCA-Anexo I-D,2019,DCA-Anexo I-D,DO3.3.50.00.00.00,4318002,Despesas Liquidadas,3.3.50.00.00 - Transferências a Instituições Privadas sem Fins Lucrativos,2019,Padrão
DCA-Anexo I-D,2019,DCA-Anexo I-D,DO3.3.50.00.00.00,4318002,Despesas Pagas,3.3.50.00.00 - Transferências a Instituições Privadas sem Fins Lucrativos,2019,Padrão
DCA-Anexo I-D,2019,DCA-Anexo I-D,DO3.3.50.00.00.00,4318002,Inscrição de Restos a Pagar Não Processados,3.3.50.00.00 - Transferências a Instituições Privadas sem Fins Lucrativos,2019,Padrão
DCA-Anexo I-D,2019,DCA-Anexo I-D,DO3.3.50.00.00.00,4318002,Inscrição de Restos a Pagar Processados,3.3.50.00.00 - Transferências a Instituições Privadas sem Fins Lucrativos,2019,Padrão
DCA-Anexo I-D,2019,DCA-Anexo I-D,DO3.3.90.00.00.00,4318002,Despesas Empenhadas,3.3.90.00.00 - Aplicações Diretas,2019,Padrão
DCA-Anexo I-D,2019,DCA-Anexo I-D,DO3.3.90.00.00.00,4318002,Despesas Liquidadas,3.3.90.00.00 - Aplicações Diretas,2019,Padrão
DCA-Anexo I-D,2019,DCA-Anexo I-D,DO3.3.90.00.00.00,4318002,Despesas Pagas,3.3.90.00.00 - Aplicações Diretas,2019,Padrão
DCA-Anexo I-D,2019,DCA-Anexo I-D,DO3.3.90.00.00.00,4318002,Inscrição de Restos a Pagar Não Processados,3.3.90.00.00 - Aplicações Diretas,2019,Padrão
DCA-Anexo I-D,2019,DCA-Anexo I-D,DO3.3.90.00.00.00,4318002,Inscrição de Restos a Pagar Processados,3.3.90.00.00 - Aplicações Diretas,2019,Padrão
DCA-Anexo I-D,2019,DCA-Anexo I-D,DO3.3.90.14.00.00,4318002,Despesas Empenhadas,3.3.90.14.00 - Diárias - Civil,2019,Padrão
DCA-Anexo I-D,2019,DCA-Anexo I-D,DO3.3.90.14.00.00,4318002,Despesas Liquidadas,3.3.90.14.00 - Diárias - Civil,2019,Padrão
DCA-Anexo I-D,2019,DCA-Anexo I-D,DO3.3.90.14.00.00,4318002,Despesas Pagas,3.3.90.14.00 - Diárias - Civil,2019,Padrão
DCA-Anexo I-D,2019,DCA-Anexo I-D,DO3.3.90.14.00.00,4318002,Inscrição de Restos a Pagar Processados,3.3.90.14.00 - Diárias - Civil,2019,Padrão
DCA-Anexo I-D,2019,DCA-Anexo I-D,DO3.3.90.30.00.00,4318002,Despesas Empenhadas,3.3.90.30.00 - Material de Consumo,2019,Padrão
DCA-Anexo I-D,2019,DCA-Anexo I-D,DO3.3.90.30.00.00,4318002,Despesas Liquidadas,3.3.90.30.00 - Material de Consumo,2019,Padrão
DCA-Anexo I-D,2019,DCA-Anexo I-D,DO3.3.90.30.00.00,4318002,Despesas Pagas,3.3.90.30.00 - Material de Consumo,2019,Padrão
DCA-Anexo I-D,2019,DCA-Anexo I-D,DO3.3.90.30.00.00,4318002,Inscrição de Restos a Pagar Não Processados,3.3.90.30.00 - Material de Consumo,2019,Padrão
DCA-Anexo I-D,2019,DCA-Anexo I-D,DO3.3.90.30.00.00,4318002,Inscrição de Restos a Pagar Processados,3.3.90.30.00 - Material de Consumo,2019,Padrão
DCA-Anexo I-D,2019,DCA-Anexo I-D,DO3.3.90.31.00.00,4318002,Despesas Empenhadas,"3.3.90.31.00 - Premiações Culturais, Artísticas, Científicas, Desportivas e Outras",2019,Padrão
DCA-Anexo I-D,2019,DCA-Anexo I-D,DO3.3.90.31.00.00,4318002,Despesas Liquidadas,"3.3.90.31.00 - Premiações Culturais, Artísticas, Científicas, Desportivas e Outras",2019,Padrão
DCA-Anexo I-D,2019,DCA-Anexo I-D,DO3.3.90.31.00.00,4318002,Despesas Pagas,"3.3.90.31.00 - Premiações Culturais, Artísticas, Científicas, Desportivas e Outras",2019,Padrão
DCA-Anexo I-D,2019,DCA-Anexo I-D,DO3.3.90.31.00.00,4318002,Inscrição de Restos a Pagar Processados,"3.3.90.31.00 - Premiações Culturais, Artísticas, Científicas, Desportivas e Outras",2019,Padrão
DCA-Anexo I-D,2019,DCA-Anexo I-D,DO3.3.90.32.00.00,4318002,Despesas Empenhadas,"3.3.90.32.00 - Material, Bem ou Serviço para Distribuição Gratuita",2019,Padrão
DCA-Anexo I-D,2019,DCA-Anexo I-D,DO3.3.90.32.00.00,4318002,Despesas Liquidadas,"3.3.90.32.00 - Material, Bem ou Serviço para Distribuição Gratuita",2019,Padrão
DCA-Anexo I-D,2019,DCA-Anexo I-D,DO3.3.90.32.00.00,4318002,Despesas Pagas,"3.3.90.32.00 - Material, Bem ou Serviço para Distribuição Gratuita",2019,Padrão
DCA-Anexo I-D,2019,DCA-Anexo I-D,DO3.3.90.32.00.00,4318002,Inscrição de Restos a Pagar Não Processados,"3.3.90.32.00 - Material, Bem ou Serviço para Distribuição Gratuita",2019,Padrão
DCA-Anexo I-D,2019,DCA-Anexo I-D,DO3.3.90.32.00.00,4318002,Inscrição de Restos a Pagar Processados,"3.3.90.32.00 - Material, Bem ou Serviço para Distribuição Gratuita",2019,Padrão
DCA-Anexo I-D,2019,DCA-Anexo I-D,DO3.3.90.33.00.00,4318002,Despesas Empenhadas,3.3.90.33.00 - Passagens e Despesas com Locomoção,2019,Padrão
DCA-Anexo I-D,2019,DCA-Anexo I-D,DO3.3.90.33.00.00,4318002,Despesas Liquidadas,3.3.90.33.00 - Passagens e Despesas com Locomoção,2019,Padrão
DCA-Anexo I-D,2019,DCA-Anexo I-D,DO3.3.90.33.00.00,4318002,Despesas Pagas,3.3.90.33.00 - Passagens e Despesas com Locomoção,2019,Padrão
DCA-Anexo I-D,2019,DCA-Anexo I-D,DO3.3.90.33.00.00,4318002,Inscrição de Restos a Pagar Processados,3.3.90.33.00 - Passagens e Despesas com Locomoção,2019,Padrão
DCA-Anexo I-D,2019,DCA-Anexo I-D,DO3.3.90.35.00.00,4318002,Despesas Empenhadas,3.3.90.35.00 - Serviços de Consultoria,2019,Padrão
DCA-Anexo I-D,2019,DCA-Anexo I-D,DO3.3.90.35.00.00,4318002,Despesas Liquidadas,3.3.90.35.00 - Serviços de Consultoria,2019,Padrão
DCA-Anexo I-D,2019,DCA-Anexo I-D,DO3.3.90.35.00.00,4318002,Despesas Pagas,3.3.90.35.00 - Serviços de Consultoria,2019,Padrão
DCA-Anexo I-D,2019,DCA-Anexo I-D,DO3.3.90.36.00.00,4318002,Despesas Empenhadas,3.3.90.36.00 - Outros Serviços de Terceiros - Pessoa Física,2019,Padrão
DCA-Anexo I-D,2019,DCA-Anexo I-D,DO3.3.90.36.00.00,4318002,Despesas Liquidadas,3.3.90.36.00 - Outros Serviços de Terceiros - Pessoa Física,2019,Padrão
DCA-Anexo I-D,2019,DCA-Anexo I-D,DO3.3.90.36.00.00,4318002,Despesas Pagas,3.3.90.36.00 - Outros Serviços de Terceiros - Pessoa Física,2019,Padrão
DCA-Anexo I-D,2019,DCA-Anexo I-D,DO3.3.90.36.00.00,4318002,Inscrição de Restos a Pagar Não Processados,3.3.90.36.00 - Outros Serviços de Terceiros - Pessoa Física,2019,Padrão
DCA-Anexo I-D,2019,DCA-Anexo I-D,DO3.3.90.36.00.00,4318002,Inscrição de Restos a Pagar Processados,3.3.90.36.00 - Outros Serviços de Terceiros - Pessoa Física,2019,Padrão
DCA-Anexo I-D,2019,DCA-Anexo I-D,DO3.3.90.39.00.00,4318002,Despesas Empenhadas,3.3.90.39.00 - Outros Serviços de Terceiros - Pessoa Jurídica,2019,Padrão
DCA-Anexo I-D,2019,DCA-Anexo I-D,DO3.3.90.39.00.00,4318002,Despesas Liquidadas,3.3.90.39.00 - Outros Serviços de Terceiros - Pessoa Jurídica,2019,Padrão
DCA-Anexo I-D,2019,DCA-Anexo I-D,DO3.3.90.39.00.00,4318002,Despesas Pagas,3.3.90.39.00 - Outros Serviços de Terceiros - Pessoa Jurídica,2019,Padrão
DCA-Anexo I-D,2019,DCA-Anexo I-D,DO3.3.90.39.00.00,4318002,Inscrição de Restos a Pagar Não Processados,3.3.90.39.00 - Outros Serviços de Terceiros - Pessoa Jurídica,2019,Padrão
DCA-Anexo I-D,2019,DCA-Anexo I-D,DO3.3.90.39.00.00,4318002,Inscrição de Restos a Pagar Processados,3.3.90.39.00 - Outros Serviços de Terceiros - Pessoa Jurídica,2019,Padrão
DCA-Anexo I-D,2019,DCA-Anexo I-D,DO3.3.90.40.00.00,4318002,Despesas Empenhadas,3.3.90.40.00 - Serviços de Tecnologia da Informação e Comunicação (TIC) - Pessoa Jurídica,2019,Padrão
DCA-Anexo I-D,2019,DCA-Anexo I-D,DO3.3.90.40.00.00,4318002,Despesas Liquidadas,3.3.90.40.00 - Serviços de Tecnologia da Informação e Comunicação (TIC) - Pessoa Jurídica,2019,Padrão
DCA-Anexo I-D,2019,DCA-Anexo I-D,DO3.3.90.40.00.00,4318002,Despesas Pagas,3.3.90.40.00 - Serviços de Tecnologia da Informação e Comunicação (TIC) - Pessoa Jurídica,2019,Padrão
DCA-Anexo I-D,2019,DCA-Anexo I-D,DO3.3.90.40.00.00,4318002,Inscrição de Restos a Pagar Não Processados,3.3.90.40.00 - Serviços de Tecnologia da Informação e Comunicação (TIC) - Pessoa Jurídica,2019,Padrão
DCA-Anexo I-D,2019,DCA-Anexo I-D,DO3.3.90.40.00.00,4318002,Inscrição de Restos a Pagar Processados,3.3.90.40.00 - Serviços de Tecnologia da Informação e Comunicação (TIC) - Pessoa Jurídica,2019,Padrão
DCA-Anexo I-D,2019,DCA-Anexo I-D,DO3.3.90.46.00.00,4318002,Despesas Empenhadas,3.3.90.46.00 - Auxílio-Alimentação,2019,Padrão
DCA-Anexo I-D,2019,DCA-Anexo I-D,DO3.3.90.46.00.00,4318002,Despesas Liquidadas,3.3.90.46.00 - Auxílio-Alimentação,2019,Padrão
DCA-Anexo I-D,2019,DCA-Anexo I-D,DO3.3.90.46.00.00,4318002,Despesas Pagas,3.3.90.46.00 - Auxílio-Alimentação,2019,Padrão
DCA-Anexo I-D,2019,DCA-Anexo I-D,DO3.3.90.47.00.00,4318002,Despesas Empenhadas,3.3.90.47.00 - Obrigações Tributárias e Contributivas,2019,Padrão
DCA-Anexo I-D,2019,DCA-Anexo I-D,DO3.3.90.47.00.00,4318002,Despesas Liquidadas,3.3.90.47.00 - Obrigações Tributárias e Contributivas,2019,Padrão
DCA-Anexo I-D,2019,DCA-Anexo I-D,DO3.3.90.47.00.00,4318002,Despesas Pagas,3.3.90.47.00 - Obrigações Tributárias e Contributivas,2019,Padrão
DCA-Anexo I-D,2019,DCA-Anexo I-D,DO3.3.90.47.00.00,4318002,Inscrição de Restos a Pagar Não Processados,3.3.90.47.00 - Obrigações Tributárias e Contributivas,2019,Padrão
DCA-Anexo I-D,2019,DCA-Anexo I-D,DO3.3.90.47.00.00,4318002,Inscrição de Restos a Pagar Processados,3.3.90.47.00 - Obrigações Tributárias e Contributivas,2019,Padrão
DCA-Anexo I-D,2019,DCA-Anexo I-D,DO3.3.90.49.00.00,4318002,Despesas Empenhadas,3.3.90.49.00 - Auxílio-Transporte,2019,Padrão
DCA-Anexo I-D,2019,DCA-Anexo I-D,DO3.3.90.49.00.00,4318002,Despesas Liquidadas,3.3.90.49.00 - Auxílio-Transporte,2019,Padrão
DCA-Anexo I-D,2019,DCA-Anexo I-D,DO3.3.90.49.00.00,4318002,Despesas Pagas,3.3.90.49.00 - Auxílio-Transporte,2019,Padrão
DCA-Anexo I-D,2019,DCA-Anexo I-D,DO3.3.90.49.00.00,4318002,Inscrição de Restos a Pagar Processados,3.3.90.49.00 - Auxílio-Transporte,2019,Padrão
DCA-Anexo I-D,2019,DCA-Anexo I-D,DO3.3.90.91.00.00,4318002,Despesas Empenhadas,3.3.90.91.00 - Sentenças Judiciais,2019,Padrão
DCA-Anexo I-D,2019,DCA-Anexo I-D,DO3.3.90.91.00.00,4318002,Despesas Liquidadas,3.3.90.91.00 - Sentenças Judiciais,2019,Padrão
DCA-Anexo I-D,2019,DCA-Anexo I-D,DO3.3.90.91.00.00,4318002,Despesas Pagas,3.3.90.91.00 - Sentenças Judiciais,2019,Padrão
DCA-Anexo I-D,2019,DCA-Anexo I-D,DO3.3.90.91.00.00,4318002,Inscrição de Restos a Pagar Processados,3.3.90.91.00 - Sentenças Judiciais,2019,Padrão
DCA-Anexo I-D,2019,DCA-Anexo I-D,DO3.3.90.92.00.00,4318002,Despesas Empenhadas,3.3.90.92.00 - Despesas de Exercícios Anteriores,2019,Padrão
DCA-Anexo I-D,2019,DCA-Anexo I-D,DO3.3.90.92.00.00,4318002,Despesas Liquidadas,3.3.90.92.00 - Despesas de Exercícios Anteriores,2019,Padrão
DCA-Anexo I-D,2019,DCA-Anexo I-D,DO3.3.90.92.00.00,4318002,Despesas Pagas,3.3.90.92.00 - Despesas de Exercícios Anteriores,2019,Padrão
DCA-Anexo I-D,2019,DCA-Anexo I-D,DO3.3.90.92.00.00,4318002,Inscrição de Restos a Pagar Não Processados,3.3.90.92.00 - Despesas de Exercícios Anteriores,2019,Padrão
DCA-Anexo I-D,2019,DCA-Anexo I-D,DO3.3.90.92.00.00,4318002,Inscrição de Restos a Pagar Processados,3.3.90.92.00 - Despesas de Exercícios Anteriores,2019,Padrão
DCA-Anexo I-D,2019,DCA-Anexo I-D,DO3.3.90.93.00.00,4318002,Despesas Empenhadas,3.3.90.93.00 - Indenizações e Restituições,2019,Padrão
DCA-Anexo I-D,2019,DCA-Anexo I-D,DO3.3.90.93.00.00,4318002,Despesas Liquidadas,3.3.90.93.00 - Indenizações e Restituições,2019,Padrão
DCA-Anexo I-D,2019,DCA-Anexo I-D,DO3.3.90.93.00.00,4318002,Despesas Pagas,3.3.90.93.00 - Indenizações e Restituições,2019,Padrão
DCA-Anexo I-D,2019,DCA-Anexo I-D,DO3.3.90.93.00.00,4318002,Inscrição de Restos a Pagar Processados,3.3.90.93.00 - Indenizações e Restituições,2019,Padrão
DCA-Anexo I-D,2019,DCA-Anexo I-D,DO3.3.91.00.00.00,4318002,Despesas Empenhadas,"3.3.91.00.00 - Aplicação Direta Decorrente de Operação entre Órgãos, Fundos e Entidades Integrantes dos Orçamentos Fiscal e da Seguridade Social",2019,Padrão
DCA-Anexo I-D,2019,DCA-Anexo I-D,DO3.3.91.00.00.00,4318002,Despesas Liquidadas,"3.3.91.00.00 - Aplicação Direta Decorrente de Operação entre Órgãos, Fundos e Entidades Integrantes dos Orçamentos Fiscal e da Seguridade Social",2019,Padrão
DCA-Anexo I-D,2019,DCA-Anexo I-D,DO3.3.91.00.00.00,4318002,Despesas Pagas,"3.3.91.00.00 - Aplicação Direta Decorrente de Operação entre Órgãos, Fundos e Entidades Integrantes dos Orçamentos Fiscal e da Seguridade Social",2019,Padrão
DCA-Anexo I-D,2019,DCA-Anexo I-D,DO4.0.00.00.00.00,4318002,Despesas Empenhadas,4.0.00.00.00 - Despesas de Capital,2019,Padrão
DCA-Anexo I-D,2019,DCA-Anexo I-D,DO4.0.00.00.00.00,4318002,Despesas Liquidadas,4.0.00.00.00 - Despesas de Capital,2019,Padrão
DCA-Anexo I-D,2019,DCA-Anexo I-D,DO4.0.00.00.00.00,4318002,Despesas Pagas,4.0.00.00.00 - Despesas de Capital,2019,Padrão
DCA-Anexo I-D,2019,DCA-Anexo I-D,DO4.0.00.00.00.00,4318002,Inscrição de Restos a Pagar Não Processados,4.0.00.00.00 - Despesas de Capital,2019,Padrão
DCA-Anexo I-D,2019,DCA-Anexo I-D,DO4.0.00.00.00.00,4318002,Inscrição de Restos a Pagar Processados,4.0.00.00.00 - Despesas de Capital,2019,Padrão
DCA-Anexo I-D,2019,DCA-Anexo I-D,DO4.4.00.00.00.00,4318002,Despesas Empenhadas,4.4.00.00.00 - Investimentos,2019,Padrão
DCA-Anexo I-D,2019,DCA-Anexo I-D,DO4.4.00.00.00.00,4318002,Despesas Liquidadas,4.4.00.00.00 - Investimentos,2019,Padrão
DCA-Anexo I-D,2019,DCA-Anexo I-D,DO4.4.00.00.00.00,4318002,Despesas Pagas,4.4.00.00.00 - Investimentos,2019,Padrão
DCA-Anexo I-D,2019,DCA-Anexo I-D,DO4.4.00.00.00.00,4318002,Inscrição de Restos a Pagar Não Processados,4.4.00.00.00 - Investimentos,2019,Padrão
DCA-Anexo I-D,2019,DCA-Anexo I-D,DO4.4.00.00.00.00,4318002,Inscrição de Restos a Pagar Processados,4.4.00.00.00 - Investimentos,2019,Padrão
DCA-Anexo I-D,2019,DCA-Anexo I-D,DO4.4.20.00.00.00,4318002,Despesas Empenhadas,4.4.20.00.00 - Transferências à União,2019,Padrão
DCA-Anexo I-D,2019,DCA-Anexo I-D,DO4.4.20.00.00.00,4318002,Despesas Liquidadas,4.4.20.00.00 - Transferências à União,2019,Padrão
DCA-Anexo I-D,2019,DCA-Anexo I-D,DO4.4.20.00.00.00,4318002,Despesas Pagas,4.4.20.00.00 - Transferências à União,2019,Padrão
DCA-Anexo I-D,2019,DCA-Anexo I-D,DO4.4.90.00.00.00,4318002,Despesas Empenhadas,4.4.90.00.00 - Aplicações Diretas,2019,Padrão
DCA-Anexo I-D,2019,DCA-Anexo I-D,DO4.4.90.00.00.00,4318002,Despesas Liquidadas,4.4.90.00.00 - Aplicações Diretas,2019,Padrão
DCA-Anexo I-D,2019,DCA-Anexo I-D,DO4.4.90.00.00.00,4318002,Despesas Pagas,4.4.90.00.00 - Aplicações Diretas,2019,Padrão
DCA-Anexo I-D,2019,DCA-Anexo I-D,DO4.4.90.00.00.00,4318002,Inscrição de Restos a Pagar Não Processados,4.4.90.00.00 - Aplicações Diretas,2019,Padrão
DCA-Anexo I-D,2019,DCA-Anexo I-D,DO4.4.90.00.00.00,4318002,Inscrição de Restos a Pagar Processados,4.4.90.00.00 - Aplicações Diretas,2019,Padrão
DCA-Anexo I-D,2019,DCA-Anexo I-D,DO4.4.90.40.00.00,4318002,Despesas Empenhadas,4.4.90.40.00 - Serviços de Tecnologia da Informação e Comunicação (TIC) - Pessoa Jurídica,2019,Padrão
DCA-Anexo I-D,2019,DCA-Anexo I-D,DO4.4.90.40.00.00,4318002,Despesas Liquidadas,4.4.90.40.00 - Serviços de Tecnologia da Informação e Comunicação (TIC) - Pessoa Jurídica,2019,Padrão
DCA-Anexo I-D,2019,DCA-Anexo I-D,DO4.4.90.40.00.00,4318002,Despesas Pagas,4.4.90.40.00 - Serviços de Tecnologia da Informação e Comunicação (TIC) - Pessoa Jurídica,2019,Padrão
DCA-Anexo I-D,2019,DCA-Anexo I-D,DO4.4.90.51.00.00,4318002,Despesas Empenhadas,4.4.90.51.00 - Obras e Instalações,2019,Padrão
DCA-Anexo I-D,2019,DCA-Anexo I-D,DO4.4.90.51.00.00,4318002,Despesas Liquidadas,4.4.90.51.00 - Obras e Instalações,2019,Padrão
DCA-Anexo I-D,2019,DCA-Anexo I-D,DO4.4.90.51.00.00,4318002,Despesas Pagas,4.4.90.51.00 - Obras e Instalações,2019,Padrão
DCA-Anexo I-D,2019,DCA-Anexo I-D,DO4.4.90.51.00.00,4318002,Inscrição de Restos a Pagar Não Processados,4.4.90.51.00 - Obras e Instalações,2019,Padrão
DCA-Anexo I-D,2019,DCA-Anexo I-D,DO4.4.90.51.00.00,4318002,Inscrição de Restos a Pagar Processados,4.4.90.51.00 - Obras e Instalações,2019,Padrão
DCA-Anexo I-D,2019,DCA-Anexo I-D,DO4.4.90.51.91.00,4318002,Despesas Empenhadas,4.4.90.51.91 - Obras em Andamento,2019,Padrão
DCA-Anexo I-D,2019,DCA-Anexo I-D,DO4.4.90.51.91.00,4318002,Despesas Liquidadas,4.4.90.51.91 - Obras em Andamento,2019,Padrão
DCA-Anexo I-D,2019,DCA-Anexo I-D,DO4.4.90.51.91.00,4318002,Despesas Pagas,4.4.90.51.91 - Obras em Andamento,2019,Padrão
DCA-Anexo I-D,2019,DCA-Anexo I-D,DO4.4.90.51.91.00,4318002,Inscrição de Restos a Pagar Não Processados,4.4.90.51.91 - Obras em Andamento,2019,Padrão
DCA-Anexo I-D,2019,DCA-Anexo I-D,DO4.4.90.51.91.00,4318002,Inscrição de Restos a Pagar Processados,4.4.90.51.91 - Obras em Andamento,2019,Padrão
DCA-Anexo I-D,2019,DCA-Anexo I-D,DO4.4.90.52.00.00,4318002,Despesas Empenhadas,4.4.90.52.00 - Equipamentos e Material Permanente,2019,Padrão
DCA-Anexo I-D,2019,DCA-Anexo I-D,DO4.4.90.52.00.00,4318002,Despesas Liquidadas,4.4.90.52.00 - Equipamentos e Material Permanente,2019,Padrão
DCA-Anexo I-D,2019,DCA-Anexo I-D,DO4.4.90.52.00.00,4318002,Despesas Pagas,4.4.90.52.00 - Equipamentos e Material Permanente,2019,Padrão
DCA-Anexo I-D,2019,DCA-Anexo I-D,DO4.4.90.52.00.00,4318002,Inscrição de Restos a Pagar Não Processados,4.4.90.52.00 - Equipamentos e Material Permanente,2019,Padrão
DCA-Anexo I-D,2019,DCA-Anexo I-D,DO4.4.90.52.00.00,4318002,Inscrição de Restos a Pagar Processados,4.4.90.52.00 - Equipamentos e Material Permanente,2019,Padrão
DCA-Anexo I-D,2019,DCA-Anexo I-D,DO4.4.90.61.00.00,4318002,Despesas Empenhadas,4.4.90.61.00 - Aquisição de Imóveis,2019,Padrão
DCA-Anexo I-D,2019,DCA-Anexo I-D,DO4.4.90.61.00.00,4318002,Despesas Liquidadas,4.4.90.61.00 - Aquisição de Imóveis,2019,Padrão
DCA-Anexo I-D,2019,DCA-Anexo I-D,DO4.4.90.61.00.00,4318002,Despesas Pagas,4.4.90.61.00 - Aquisição de Imóveis,2019,Padrão
DCA-Anexo I-D,2019,DCA-Anexo I-D,DI4.4.91.00.00.00,4318002,Despesas Empenhadas,"4.4.91.00.00 - Aplicação Direta Decorrente de Operação entre Órgãos, Fundos e Entidades Integrantes dos Orçamentos Fiscal e da Seguridade Social",2019,Padrão
DCA-Anexo I-D,2019,DCA-Anexo I-D,DI4.4.91.00.00.00,4318002,Despesas Liquidadas,"4.4.91.00.00 - Aplicação Direta Decorrente de Operação entre Órgãos, Fundos e Entidades Integrantes dos Orçamentos Fiscal e da Seguridade Social",2019,Padrão
DCA-Anexo I-D,2019,DCA-Anexo I-D,DI4.4.91.00.00.00,4318002,Despesas Pagas,"4.4.91.00.00 - Aplicação Direta Decorrente de Operação entre Órgãos, Fundos e Entidades Integrantes dos Orçamentos Fiscal e da Seguridade Social",2019,Padrão
DCA-Anexo I-D,2019,DCA-Anexo I-D,DO4.6.00.00.00.00,4318002,Despesas Empenhadas,4.6.00.00.00 - Amortização da Dívida,2019,Padrão
DCA-Anexo I-D,2019,DCA-Anexo I-D,DO4.6.00.00.00.00,4318002,Despesas Liquidadas,4.6.00.00.00 - Amortização da Dívida,2019,Padrão
DCA-Anexo I-D,2019,DCA-Anexo I-D,DO4.6.00.00.00.00,4318002,Despesas Pagas,4.6.00.00.00 - Amortização da Dívida,2019,Padrão
DCA-Anexo I-D,2019,DCA-Anexo I-D,DO4.6.90.00.00.00,4318002,Despesas Empenhadas,4.6.90.00.00 - Aplicações Diretas,2019,Padrão
DCA-Anexo I-D,2019,DCA-Anexo I-D,DO4.6.90.00.00.00,4318002,Despesas Liquidadas,4.6.90.00.00 - Aplicações Diretas,2019,Padrão
DCA-Anexo I-D,2019,DCA-Anexo I-D,DO4.6.90.00.00.00,4318002,Despesas Pagas,4.6.90.00.00 - Aplicações Diretas,2019,Padrão
DCA-Anexo I-D,2019,DCA-Anexo I-D,DO4.6.90.71.00.00,4318002,Despesas Empenhadas,4.6.90.71.00 - Principal da Dívida Contratual Resgatado,2019,Padrão
DCA-Anexo I-D,2019,DCA-Anexo I-D,DO4.6.90.71.00.00,4318002,Despesas Liquidadas,4.6.90.71.00 - Principal da Dívida Contratual Resgatado,2019,Padrão
DCA-Anexo I-D,2019,DCA-Anexo I-D,DO4.6.90.71.00.00,4318002,Despesas Pagas,4.6.90.71.00 - Principal da Dívida Contratual Resgatado,2019,Padrão
DCA-Anexo I-E,2019,DCA-Anexo I-E,TotalDespesas,4318002,Despesas Empenhadas,Despesas Exceto Intraorçamentárias,2019,Total Geral da Despesa por Função
DCA-Anexo I-E,2019,DCA-Anexo I-E,TotalDespesas,4318002,Despesas Empenhadas,01 - Legislativa,2019,Total Geral da Despesa por Função
DCA-Anexo I-E,2019,DCA-Anexo I-E,TotalDespesas,4318002,Despesas Empenhadas,01.031 - Ação Legislativa,2019,Total Geral da Despesa por Função
DCA-Anexo I-E,2019,DCA-Anexo I-E,TotalDespesas,4318002,Despesas Empenhadas,04 - Administração,2019,Total Geral da Despesa por Função
DCA-Anexo I-E,2019,DCA-Anexo I-E,TotalDespesas,4318002,Despesas Empenhadas,04.122 - Administração Geral,2019,Total Geral da Despesa por Função
DCA-Anexo I-E,2019,DCA-Anexo I-E,TotalDespesas,4318002,Despesas Empenhadas,04.124 - Controle Interno,2019,Total Geral da Despesa por Função
DCA-Anexo I-E,2019,DCA-Anexo I-E,TotalDespesas,4318002,Despesas Empenhadas,04.126 - Tecnologia da Informação,2019,Total Geral da Despesa por Função
DCA-Anexo I-E,2019,DCA-Anexo I-E,TotalDespesas,4318002,Despesas Empenhadas,06 - Segurança Pública,2019,Total Geral da Despesa por Função
DCA-Anexo I-E,2019,DCA-Anexo I-E,TotalDespesas,4318002,Despesas Empenhadas,06.181 - Policiamento,2019,Total Geral da Despesa por Função
DCA-Anexo I-E,2019,DCA-Anexo I-E,TotalDespesas,4318002,Despesas Empenhadas,06.182 - Defesa Civil,2019,Total Geral da Despesa por Função
DCA-Anexo I-E,2019,DCA-Anexo I-E,TotalDespesas,4318002,Despesas Empenhadas,08 - Assistência Social,2019,Total Geral da Despesa por Função
DCA-Anexo I-E,2019,DCA-Anexo I-E,TotalDespesas,4318002,Despesas Empenhadas,08.241 - Assistência ao Idoso,2019,Total Geral da Despesa por Função
DCA-Anexo I-E,2019,DCA-Anexo I-E,TotalDespesas,4318002,Despesas Empenhadas,08.242 - Assistência ao Portador de Deficiência,2019,Total Geral da Despesa por Função
DCA-Anexo I-E,2019,DCA-Anexo I-E,TotalDespesas,4318002,Despesas Empenhadas,08.243 - Assistência à Criança e ao Adolescente,2019,Total Geral da Despesa por Função
DCA-Anexo I-E,2019,DCA-Anexo I-E,TotalDespesas,4318002,Despesas Empenhadas,08.244 - Assistência Comunitária,2019,Total Geral da Despesa por Função
DCA-Anexo I-E,2019,DCA-Anexo I-E,TotalDespesas,4318002,Despesas Empenhadas,08.122 - Administração Geral,2019,Total Geral da Despesa por Função
DCA-Anexo I-E,2019,DCA-Anexo I-E,TotalDespesas,4318002,Despesas Empenhadas,09 - Previdência Social,2019,Total Geral da Despesa por Função
DCA-Anexo I-E,2019,DCA-Anexo I-E,TotalDespesas,4318002,Despesas Empenhadas,09.272 - Previdência do Regime Estatutário,2019,Total Geral da Despesa por Função
DCA-Anexo I-E,2019,DCA-Anexo I-E,TotalDespesas,4318002,Despesas Empenhadas,09.122 - Administração Geral,2019,Total Geral da Despesa por Função
DCA-Anexo I-E,2019,DCA-Anexo I-E,TotalDespesas,4318002,Despesas Empenhadas,10 - Saúde,2019,Total Geral da Despesa por Função
DCA-Anexo I-E,2019,DCA-Anexo I-E,TotalDespesas,4318002,Despesas Empenhadas,10.301 - Atenção Básica,2019,Total Geral da Despesa por Função
DCA-Anexo I-E,2019,DCA-Anexo I-E,TotalDespesas,4318002,Despesas Empenhadas,10.302 - Assistência Hospitalar e Ambulatorial,2019,Total Geral da Despesa por Função
DCA-Anexo I-E,2019,DCA-Anexo I-E,TotalDespesas,4318002,Despesas Empenhadas,10.303 - Suporte Profilático e Terapêutico,2019,Total Geral da Despesa por Função
DCA-Anexo I-E,2019,DCA-Anexo I-E,TotalDespesas,4318002,Despesas Empenhadas,10.304 - Vigilância Sanitária,2019,Total Geral da Despesa por Função
DCA-Anexo I-E,2019,DCA-Anexo I-E,TotalDespesas,4318002,Despesas Empenhadas,10.122 - Administração Geral,2019,Total Geral da Despesa por Função
DCA-Anexo I-E,2019,DCA-Anexo I-E,TotalDespesas,4318002,Despesas Empenhadas,11 - Trabalho,2019,Total Geral da Despesa por Função
DCA-Anexo I-E,2019,DCA-Anexo I-E,TotalDespesas,4318002,Despesas Empenhadas,11.334 - Fomento ao Trabalho,2019,Total Geral da Despesa por Função
DCA-Anexo I-E,2019,DCA-Anexo I-E,TotalDespesas,4318002,Despesas Empenhadas,12 - Educação,2019,Total Geral da Despesa por Função
DCA-Anexo I-E,2019,DCA-Anexo I-E,TotalDespesas,4318002,Despesas Empenhadas,12.361 - Ensino Fundamental,2019,Total Geral da Despesa por Função
DCA-Anexo I-E,2019,DCA-Anexo I-E,TotalDespesas,4318002,Despesas Empenhadas,12.362 - Ensino Médio,2019,Total Geral da Despesa por Função
DCA-Anexo I-E,2019,DCA-Anexo I-E,TotalDespesas,4318002,Despesas Empenhadas,12.365 - Educação Infantil,2019,Total Geral da Despesa por Função
DCA-Anexo I-E,2019,DCA-Anexo I-E,TotalDespesas,4318002,Despesas Empenhadas,12.366 - Educação de Jovens e Adultos,2019,Total Geral da Despesa por Função
DCA-Anexo I-E,2019,DCA-Anexo I-E,TotalDespesas,4318002,Despesas Empenhadas,12.122 - Administração Geral,2019,Total Geral da Despesa por Função
DCA-Anexo I-E,2019,DCA-Anexo I-E,TotalDespesas,4318002,Despesas Empenhadas,13 - Cultura,2019,Total Geral da Despesa por Função
DCA-Anexo I-E,2019,DCA-Anexo I-E,TotalDespesas,4318002,Despesas Empenhadas,13.392 - Difusão Cultural,2019,Total Geral da Despesa por Função
DCA-Anexo I-E,2019,DCA-Anexo I-E,TotalDespesas,4318002,Despesas Empenhadas,14 - Direitos da Cidadania,2019,Total Geral da Despesa por Função
DCA-Anexo I-E,2019,DCA-Anexo I-E,TotalDespesas,4318002,Despesas Empenhadas,"14.422 - Direitos Individuais, Coletivos e Difusos",2019,Total Geral da Despesa por Função
DCA-Anexo I-E,2019,DCA-Anexo I-E,TotalDespesas,4318002,Despesas Empenhadas,15 - Urbanismo,2019,Total Geral da Despesa por Função
DCA-Anexo I-E,2019,DCA-Anexo I-E,TotalDespesas,4318002,Despesas Empenhadas,15.451 - Infraestrutura Urbana,2019,Total Geral da Despesa por Função
DCA-Anexo I-E,2019,DCA-Anexo I-E,TotalDespesas,4318002,Despesas Empenhadas,15.452 - Serviços Urbanos,2019,Total Geral da Despesa por Função
DCA-Anexo I-E,2019,DCA-Anexo I-E,TotalDespesas,4318002,Despesas Empenhadas,16 - Habitação,2019,Total Geral da Despesa por Função
DCA-Anexo I-E,2019,DCA-Anexo I-E,TotalDespesas,4318002,Despesas Empenhadas,16.482 - Habitação Urbana,2019,Total Geral da Despesa por Função
DCA-Anexo I-E,2019,DCA-Anexo I-E,TotalDespesas,4318002,Despesas Empenhadas,17 - Saneamento,2019,Total Geral da Despesa por Função
DCA-Anexo I-E,2019,DCA-Anexo I-E,TotalDespesas,4318002,Despesas Empenhadas,17.511 - Saneamento Básico Rural,2019,Total Geral da Despesa por Função
DCA-Anexo I-E,2019,DCA-Anexo I-E,TotalDespesas,4318002,Despesas Empenhadas,18 - Gestão Ambiental,2019,Total Geral da Despesa por Função
DCA-Anexo I-E,2019,DCA-Anexo I-E,TotalDespesas,4318002,Despesas Empenhadas,18.541 - Preservação e Conservação Ambiental,2019,Total Geral da Despesa por Função
DCA-Anexo I-E,2019,DCA-Anexo I-E,TotalDespesas,4318002,Despesas Empenhadas,20 - Agricultura,2019,Total Geral da Despesa por Função
DCA-Anexo I-E,2019,DCA-Anexo I-E,TotalDespesas,4318002,Despesas Empenhadas,20.606 - Extensão Rural,2019,Total Geral da Despesa por Função
DCA-Anexo I-E,2019,DCA-Anexo I-E,TotalDespesas,4318002,Despesas Empenhadas,20.122 - Administração Geral,2019,Total Geral da Despesa por Função
DCA-Anexo I-E,2019,DCA-Anexo I-E,TotalDespesas,4318002,Despesas Empenhadas,23 - Comércio e Serviços,2019,Total Geral da Despesa por Função
DCA-Anexo I-E,2019,DCA-Anexo I-E,TotalDespesas,4318002,Despesas Empenhadas,23.695 - Turismo,2019,Total Geral da Despesa por Função
DCA-Anexo I-E,2019,DCA-Anexo I-E,TotalDespesas,4318002,Despesas Empenhadas,26 - Transporte,2019,Total Geral da Despesa por Função
DCA-Anexo I-E,2019,DCA-Anexo I-E,TotalDespesas,4318002,Despesas Empenhadas,26.781 - Transporte Aéreo,2019,Total Geral da Despesa por Função
DCA-Anexo I-E,2019,DCA-Anexo I-E,TotalDespesas,4318002,Despesas Empenhadas,26.782 - Transporte Rodoviário,2019,Total Geral da Despesa por Função
DCA-Anexo I-E,2019,DCA-Anexo I-E,TotalDespesas,4318002,Despesas Empenhadas,27 - Desporto e Lazer,2019,Total Geral da Despesa por Função
DCA-Anexo I-E,2019,DCA-Anexo I-E,TotalDespesas,4318002,Despesas Empenhadas,27.812 - Desporto Comunitário,2019,Total Geral da Despesa por Função
DCA-Anexo I-E,2019,DCA-Anexo I-E,TotalDespesas,4318002,Despesas Empenhadas,27.813 - Lazer,2019,Total Geral da Despesa por Função
DCA-Anexo I-E,2019,DCA-Anexo I-E,TotalDespesas,4318002,Despesas Empenhadas,28 - Encargos Especiais,2019,Total Geral da Despesa por Função
DCA-Anexo I-E,2019,DCA-Anexo I-E,TotalDespesas,4318002,Despesas Empenhadas,28.843 - Serviço da Dívida Interna,2019,Total Geral da Despesa por Função
DCA-Anexo I-E,2019,DCA-Anexo I-E,TotalDespesas,4318002,Despesas Empenhadas,Despesas Intraorçamentárias,2019,Total Geral da Despesa por Função
DCA-Anexo I-E,2019,DCA-Anexo I-E,TotalDespesas,4318002,Despesas Liquidadas,Despesas Exceto Intraorçamentárias,2019,Total Geral da Despesa por Função
DCA-Anexo I-E,2019,DCA-Anexo I-E,TotalDespesas,4318002,Despesas Liquidadas,01 - Legislativa,2019,Total Geral da Despesa por Função
DCA-Anexo I-E,2019,DCA-Anexo I-E,TotalDespesas,4318002,Despesas Liquidadas,01.031 - Ação Legislativa,2019,Total Geral da Despesa por Função
DCA-Anexo I-E,2019,DCA-Anexo I-E,TotalDespesas,4318002,Despesas Liquidadas,04 - Administração,2019,Total Geral da Despesa por Função
DCA-Anexo I-E,2019,DCA-Anexo I-E,TotalDespesas,4318002,Despesas Liquidadas,04.122 - Administração Geral,2019,Total Geral da Despesa por Função
DCA-Anexo I-E,2019,DCA-Anexo I-E,TotalDespesas,4318002,Despesas Liquidadas,04.124 - Controle Interno,2019,Total Geral da Despesa por Função
DCA-Anexo I-E,2019,DCA-Anexo I-E,TotalDespesas,4318002,Despesas Liquidadas,04.126 - Tecnologia da Informação,2019,Total Geral da Despesa por Função
DCA-Anexo I-E,2019,DCA-Anexo I-E,TotalDespesas,4318002,Despesas Liquidadas,06 - Segurança Pública,2019,Total Geral da Despesa por Função
DCA-Anexo I-E,2019,DCA-Anexo I-E,TotalDespesas,4318002,Despesas Liquidadas,06.181 - Policiamento,2019,Total Geral da Despesa por Função
DCA-Anexo I-E,2019,DCA-Anexo I-E,TotalDespesas,4318002,Despesas Liquidadas,06.182 - Defesa Civil,2019,Total Geral da Despesa por Função
DCA-Anexo I-E,2019,DCA-Anexo I-E,TotalDespesas,4318002,Despesas Liquidadas,08 - Assistência Social,2019,Total Geral da Despesa por Função
DCA-Anexo I-E,2019,DCA-Anexo I-E,TotalDespesas,4318002,Despesas Liquidadas,08.241 - Assistência ao Idoso,2019,Total Geral da Despesa por Função
DCA-Anexo I-E,2019,DCA-Anexo I-E,TotalDespesas,4318002,Despesas Liquidadas,08.242 - Assistência ao Portador de Deficiência,2019,Total Geral da Despesa por Função
DCA-Anexo I-E,2019,DCA-Anexo I-E,TotalDespesas,4318002,Despesas Liquidadas,08.243 - Assistência à Criança e ao Adolescente,2019,Total Geral da Despesa por Função
DCA-Anexo I-E,2019,DCA-Anexo I-E,TotalDespesas,4318002,Despesas Liquidadas,08.244 - Assistência Comunitária,2019,Total Geral da Despesa por Função
DCA-Anexo I-E,2019,DCA-Anexo I-E,TotalDespesas,4318002,Despesas Liquidadas,08.122 - Administração Geral,2019,Total Geral da Despesa por Função
DCA-Anexo I-E,2019,DCA-Anexo I-E,TotalDespesas,4318002,Despesas Liquidadas,09 - Previdência Social,2019,Total Geral da Despesa por Função
DCA-Anexo I-E,2019,DCA-Anexo I-E,TotalDespesas,4318002,Despesas Liquidadas,09.272 - Previdência do Regime Estatutário,2019,Total Geral da Despesa por Função
DCA-Anexo I-E,2019,DCA-Anexo I-E,TotalDespesas,4318002,Despesas Liquidadas,09.122 - Administração Geral,2019,Total Geral da Despesa por Função
DCA-Anexo I-E,2019,DCA-Anexo I-E,TotalDespesas,4318002,Despesas Liquidadas,10 - Saúde,2019,Total Geral da Despesa por Função
DCA-Anexo I-E,2019,DCA-Anexo I-E,TotalDespesas,4318002,Despesas Liquidadas,10.301 - Atenção Básica,2019,Total Geral da Despesa por Função
DCA-Anexo I-E,2019,DCA-Anexo I-E,TotalDespesas,4318002,Despesas Liquidadas,10.302 - Assistência Hospitalar e Ambulatorial,2019,Total Geral da Despesa por Função
DCA-Anexo I-E,2019,DCA-Anexo I-E,TotalDespesas,4318002,Despesas Liquidadas,10.303 - Suporte Profilático e Terapêutico,2019,Total Geral da Despesa por Função
DCA-Anexo I-E,2019,DCA-Anexo I-E,TotalDespesas,4318002,Despesas Liquidadas,10.304 - Vigilância Sanitária,2019,Total Geral da Despesa por Função
DCA-Anexo I-E,2019,DCA-Anexo I-E,TotalDespesas,4318002,Despesas Liquidadas,10.122 - Administração Geral,2019,Total Geral da Despesa por Função
DCA-Anexo I-E,2019,DCA-Anexo I-E,TotalDespesas,4318002,Despesas Liquidadas,11 - Trabalho,2019,Total Geral da Despesa por Função
DCA-Anexo I-E,2019,DCA-Anexo I-E,TotalDespesas,4318002,Despesas Liquidadas,11.334 - Fomento ao Trabalho,2019,Total Geral da Despesa por Função
DCA-Anexo I-E,2019,DCA-Anexo I-E,TotalDespesas,4318002,Despesas Liquidadas,12 - Educação,2019,Total Geral da Despesa por Função
DCA-Anexo I-E,2019,DCA-Anexo I-E,TotalDespesas,4318002,Despesas Liquidadas,12.361 - Ensino Fundamental,2019,Total Geral da Despesa por Função
DCA-Anexo I-E,2019,DCA-Anexo I-E,TotalDespesas,4318002,Despesas Liquidadas,12.362 - Ensino Médio,2019,Total Geral da Despesa por Função
DCA-Anexo I-E,2019,DCA-Anexo I-E,TotalDespesas,4318002,Despesas Liquidadas,12.365 - Educação Infantil,2019,Total Geral da Despesa por Função
DCA-Anexo I-E,2019,DCA-Anexo I-E,TotalDespesas,4318002,Despesas Liquidadas,12.366 - Educação de Jovens e Adultos,2019,Total Geral da Despesa por Função
DCA-Anexo I-E,2019,DCA-Anexo I-E,TotalDespesas,4318002,Despesas Liquidadas,12.122 - Administração Geral,2019,Total Geral da Despesa por Função
DCA-Anexo I-E,2019,DCA-Anexo I-E,TotalDespesas,4318002,Despesas Liquidadas,13 - Cultura,2019,Total Geral da Despesa por Função
DCA-Anexo I-E,2019,DCA-Anexo I-E,TotalDespesas,4318002,Despesas Liquidadas,13.392 - Difusão Cultural,2019,Total Geral da Despesa por Função
DCA-Anexo I-E,2019,DCA-Anexo I-E,TotalDespesas,4318002,Despesas Liquidadas,14 - Direitos da Cidadania,2019,Total Geral da Despesa por Função
DCA-Anexo I-E,2019,DCA-Anexo I-E,TotalDespesas,4318002,Despesas Liquidadas,"14.422 - Direitos Individuais, Coletivos e Difusos",2019,Total Geral da Despesa por Função
DCA-Anexo I-E,2019,DCA-Anexo I-E,TotalDespesas,4318002,Despesas Liquidadas,15 - Urbanismo,2019,Total Geral da Despesa por Função
DCA-Anexo I-E,2019,DCA-Anexo I-E,TotalDespesas,4318002,Despesas Liquidadas,15.451 - Infraestrutura Urbana,2019,Total Geral da Despesa por Função
DCA-Anexo I-E,2019,DCA-Anexo I-E,TotalDespesas,4318002,Despesas Liquidadas,15.452 - Serviços Urbanos,2019,Total Geral da Despesa por Função
DCA-Anexo I-E,2019,DCA-Anexo I-E,TotalDespesas,4318002,Despesas Liquidadas,16 - Habitação,2019,Total Geral da Despesa por Função
DCA-Anexo I-E,2019,DCA-Anexo I-E,TotalDespesas,4318002,Despesas Liquidadas,16.482 - Habitação Urbana,2019,Total Geral da Despesa por Função
DCA-Anexo I-E,2019,DCA-Anexo I-E,TotalDespesas,4318002,Despesas Liquidadas,17 - Saneamento,2019,Total Geral da Despesa por Função
DCA-Anexo I-E,2019,DCA-Anexo I-E,TotalDespesas,4318002,Despesas Liquidadas,17.511 - Saneamento Básico Rural,2019,Total Geral da Despesa por Função
DCA-Anexo I-E,2019,DCA-Anexo I-E,TotalDespesas,4318002,Despesas Liquidadas,18 - Gestão Ambiental,2019,Total Geral da Despesa por Função
DCA-Anexo I-E,2019,DCA-Anexo I-E,TotalDespesas,4318002,Despesas Liquidadas,18.541 - Preservação e Conservação Ambiental,2019,Total Geral da Despesa por Função
DCA-Anexo I-E,2019,DCA-Anexo I-E,TotalDespesas,4318002,Despesas Liquidadas,20 - Agricultura,2019,Total Geral da Despesa por Função
DCA-Anexo I-E,2019,DCA-Anexo I-E,TotalDespesas,4318002,Despesas Liquidadas,20.606 - Extensão Rural,2019,Total Geral da Despesa por Função
DCA-Anexo I-E,2019,DCA-Anexo I-E,TotalDespesas,4318002,Despesas Liquidadas,20.122 - Administração Geral,2019,Total Geral da Despesa por Função
DCA-Anexo I-E,2019,DCA-Anexo I-E,TotalDespesas,4318002,Despesas Liquidadas,23 - Comércio e Serviços,2019,Total Geral da Despesa por Função
DCA-Anexo I-E,2019,DCA-Anexo I-E,TotalDespesas,4318002,Despesas Liquidadas,23.695 - Turismo,2019,Total Geral da Despesa por Função
DCA-Anexo I-E,2019,DCA-Anexo I-E,TotalDespesas,4318002,Despesas Liquidadas,26 - Transporte,2019,Total Geral da Despesa por Função
DCA-Anexo I-E,2019,DCA-Anexo I-E,TotalDespesas,4318002,Despesas Liquidadas,26.781 - Transporte Aéreo,2019,Total Geral da Despesa por Função
DCA-Anexo I-E,2019,DCA-Anexo I-E,TotalDespesas,4318002,Despesas Liquidadas,26.782 - Transporte Rodoviário,2019,Total Geral da Despesa por Função
DCA-Anexo I-E,2019,DCA-Anexo I-E,TotalDespesas,4318002,Despesas Liquidadas,27 - Desporto e Lazer,2019,Total Geral da Despesa por Função
DCA-Anexo I-E,2019,DCA-Anexo I-E,TotalDespesas,4318002,Despesas Liquidadas,27.812 - Desporto Comunitário,2019,Total Geral da Despesa por Função
DCA-Anexo I-E,2019,DCA-Anexo I-E,TotalDespesas,4318002,Despesas Liquidadas,27.813 - Lazer,2019,Total Geral da Despesa por Função
DCA-Anexo I-E,2019,DCA-Anexo I-E,TotalDespesas,4318002,Despesas Liquidadas,28 - Encargos Especiais,2019,Total Geral da Despesa por Função
DCA-Anexo I-E,2019,DCA-Anexo I-E,TotalDespesas,4318002,Despesas Liquidadas,28.843 - Serviço da Dívida Interna,2019,Total Geral da Despesa por Função
DCA-Anexo I-E,2019,DCA-Anexo I-E,TotalDespesas,4318002,Despesas Liquidadas,Despesas Intraorçamentárias,2019,Total Geral da Despesa por Função
DCA-Anexo I-E,2019,DCA-Anexo I-E,TotalDespesas,4318002,Despesas Pagas,Despesas Exceto Intraorçamentárias,2019,Total Geral da Despesa por Função
DCA-Anexo I-E,2019,DCA-Anexo I-E,TotalDespesas,4318002,Despesas Pagas,01 - Legislativa,2019,Total Geral da Despesa por Função
DCA-Anexo I-E,2019,DCA-Anexo I-E,TotalDespesas,4318002,Despesas Pagas,01.031 - Ação Legislativa,2019,Total Geral da Despesa por Função
DCA-Anexo I-E,2019,DCA-Anexo I-E,TotalDespesas,4318002,Despesas Pagas,04 - Administração,2019,Total Geral da Despesa por Função
DCA-Anexo I-E,2019,DCA-Anexo I-E,TotalDespesas,4318002,Despesas Pagas,04.122 - Administração Geral,2019,Total Geral da Despesa por Função
DCA-Anexo I-E,2019,DCA-Anexo I-E,TotalDespesas,4318002,Despesas Pagas,04.124 - Controle Interno,2019,Total Geral da Despesa por Função
DCA-Anexo I-E,2019,DCA-Anexo I-E,TotalDespesas,4318002,Despesas Pagas,04.126 - Tecnologia da Informação,2019,Total Geral da Despesa por Função
DCA-Anexo I-E,2019,DCA-Anexo I-E,TotalDespesas,4318002,Despesas Pagas,06 - Segurança Pública,2019,Total Geral da Despesa por Função
DCA-Anexo I-E,2019,DCA-Anexo I-E,TotalDespesas,4318002,Despesas Pagas,06.181 - Policiamento,2019,Total Geral da Despesa por Função
DCA-Anexo I-E,2019,DCA-Anexo I-E,TotalDespesas,4318002,Despesas Pagas,06.182 - Defesa Civil,2019,Total Geral da Despesa por Função
DCA-Anexo I-E,2019,DCA-Anexo I-E,TotalDespesas,4318002,Despesas Pagas,08 - Assistência Social,2019,Total Geral da Despesa por Função
DCA-Anexo I-E,2019,DCA-Anexo I-E,TotalDespesas,4318002,Despesas Pagas,08.241 - Assistência ao Idoso,2019,Total Geral da Despesa por Função
DCA-Anexo I-E,2019,DCA-Anexo I-E,TotalDespesas,4318002,Despesas Pagas,08.242 - Assistência ao Portador de Deficiência,2019,Total Geral da Despesa por Função
DCA-Anexo I-E,2019,DCA-Anexo I-E,TotalDespesas,4318002,Despesas Pagas,08.243 - Assistência à Criança e ao Adolescente,2019,Total Geral da Despesa por Função
DCA-Anexo I-E,2019,DCA-Anexo I-E,TotalDespesas,4318002,Despesas Pagas,08.244 - Assistência Comunitária,2019,Total Geral da Despesa por Função
DCA-Anexo I-E,2019,DCA-Anexo I-E,TotalDespesas,4318002,Despesas Pagas,08.122 - Administração Geral,2019,Total Geral da Despesa por Função
DCA-Anexo I-E,2019,DCA-Anexo I-E,TotalDespesas,4318002,Despesas Pagas,09 - Previdência Social,2019,Total Geral da Despesa por Função
DCA-Anexo I-E,2019,DCA-Anexo I-E,TotalDespesas,4318002,Despesas Pagas,09.272 - Previdência do Regime Estatutário,2019,Total Geral da Despesa por Função
DCA-Anexo I-E,2019,DCA-Anexo I-E,TotalDespesas,4318002,Despesas Pagas,09.122 - Administração Geral,2019,Total Geral da Despesa por Função
DCA-Anexo I-E,2019,DCA-Anexo I-E,TotalDespesas,4318002,Despesas Pagas,10 - Saúde,2019,Total Geral da Despesa por Função
DCA-Anexo I-E,2019,DCA-Anexo I-E,TotalDespesas,4318002,Despesas Pagas,10.301 - Atenção Básica,2019,Total Geral da Despesa por Função
DCA-Anexo I-E,2019,DCA-Anexo I-E,TotalDespesas,4318002,Despesas Pagas,10.302 - Assistência Hospitalar e Ambulatorial,2019,Total Geral da Despesa por Função
DCA-Anexo I-E,2019,DCA-Anexo I-E,TotalDespesas,4318002,Despesas Pagas,10.303 - Suporte Profilático e Terapêutico,2019,Total Geral da Despesa por Função
DCA-Anexo I-E,2019,DCA-Anexo I-E,TotalDespesas,4318002,Despesas Pagas,10.304 - Vigilância Sanitária,2019,Total Geral da Despesa por Função
DCA-Anexo I-E,2019,DCA-Anexo I-E,TotalDespesas,4318002,Despesas Pagas,10.122 - Administração Geral,2019,Total Geral da Despesa por Função
DCA-Anexo I-E,2019,DCA-Anexo I-E,TotalDespesas,4318002,Despesas Pagas,11 - Trabalho,2019,Total Geral da Despesa por Função
DCA-Anexo I-E,2019,DCA-Anexo I-E,TotalDespesas,4318002,Despesas Pagas,11.334 - Fomento ao Trabalho,2019,Total Geral da Despesa por Função
DCA-Anexo I-E,2019,DCA-Anexo I-E,TotalDespesas,4318002,Despesas Pagas,12 - Educação,2019,Total Geral da Despesa por Função
DCA-Anexo I-E,2019,DCA-Anexo I-E,TotalDespesas,4318002,Despesas Pagas,12.361 - Ensino Fundamental,2019,Total Geral da Despesa por Função
DCA-Anexo I-E,2019,DCA-Anexo I-E,TotalDespesas,4318002,Despesas Pagas,12.362 - Ensino Médio,2019,Total Geral da Despesa por Função
DCA-Anexo I-E,2019,DCA-Anexo I-E,TotalDespesas,4318002,Despesas Pagas,12.365 - Educação Infantil,2019,Total Geral da Despesa por Função
DCA-Anexo I-E,2019,DCA-Anexo I-E,TotalDespesas,4318002,Despesas Pagas,12.366 - Educação de Jovens e Adultos,2019,Total Geral da Despesa por Função
DCA-Anexo I-E,2019,DCA-Anexo I-E,TotalDespesas,4318002,Despesas Pagas,12.122 - Administração Geral,2019,Total Geral da Despesa por Função
DCA-Anexo I-E,2019,DCA-Anexo I-E,TotalDespesas,4318002,Despesas Pagas,13 - Cultura,2019,Total Geral da Despesa por Função
DCA-Anexo I-E,2019,DCA-Anexo I-E,TotalDespesas,4318002,Despesas Pagas,13.392 - Difusão Cultural,2019,Total Geral da Despesa por Função
DCA-Anexo I-E,2019,DCA-Anexo I-E,TotalDespesas,4318002,Despesas Pagas,14 - Direitos da Cidadania,2019,Total Geral da Despesa por Função
DCA-Anexo I-E,2019,DCA-Anexo I-E,TotalDespesas,4318002,Despesas Pagas,"14.422 - Direitos Individuais, Coletivos e Difusos",2019,Total Geral da Despesa por Função
DCA-Anexo I-E,2019,DCA-Anexo I-E,TotalDespesas,4318002,Despesas Pagas,15 - Urbanismo,2019,Total Geral da Despesa por Função
DCA-Anexo I-E,2019,DCA-Anexo I-E,TotalDespesas,4318002,Despesas Pagas,15.451 - Infraestrutura Urbana,2019,Total Geral da Despesa por Função
DCA-Anexo I-E,2019,DCA-Anexo I-E,TotalDespesas,4318002,Despesas Pagas,15.452 - Serviços Urbanos,2019,Total Geral da Despesa por Função
DCA-Anexo I-E,2019,DCA-Anexo I-E,TotalDespesas,4318002,Despesas Pagas,16 - Habitação,2019,Total Geral da Despesa por Função
DCA-Anexo I-E,2019,DCA-Anexo I-E,TotalDespesas,4318002,Despesas Pagas,16.482 - Habitação Urbana,2019,Total Geral da Despesa por Função
DCA-Anexo I-E,2019,DCA-Anexo I-E,TotalDespesas,4318002,Despesas Pagas,17 - Saneamento,2019,Total Geral da Despesa por Função
DCA-Anexo I-E,2019,DCA-Anexo I-E,TotalDespesas,4318002,Despesas Pagas,17.511 - Saneamento Básico Rural,2019,Total Geral da Despesa por Função
DCA-Anexo I-E,2019,DCA-Anexo I-E,TotalDespesas,4318002,Despesas Pagas,18 - Gestão Ambiental,2019,Total Geral da Despesa por Função
DCA-Anexo I-E,2019,DCA-Anexo I-E,TotalDespesas,4318002,Despesas Pagas,18.541 - Preservação e Conservação Ambiental,2019,Total Geral da Despesa por Função
DCA-Anexo I-E,2019,DCA-Anexo I-E,TotalDespesas,4318002,Despesas Pagas,20 - Agricultura,2019,Total Geral da Despesa por Função
DCA-Anexo I-E,2019,DCA-Anexo I-E,TotalDespesas,4318002,Despesas Pagas,20.606 - Extensão Rural,2019,Total Geral da Despesa por Função
DCA-Anexo I-E,2019,DCA-Anexo I-E,TotalDespesas,4318002,Despesas Pagas,20.122 - Administração Geral,2019,Total Geral da Despesa por Função
DCA-Anexo I-E,2019,DCA-Anexo I-E,TotalDespesas,4318002,Despesas Pagas,23 - Comércio e Serviços,2019,Total Geral da Despesa por Função
DCA-Anexo I-E,2019,DCA-Anexo I-E,TotalDespesas,4318002,Despesas Pagas,23.695 - Turismo,2019,Total Geral da Despesa por Função
DCA-Anexo I-E,2019,DCA-Anexo I-E,TotalDespesas,4318002,Despesas Pagas,26 - Transporte,2019,Total Geral da Despesa por Função
DCA-Anexo I-E,2019,DCA-Anexo I-E,TotalDespesas,4318002,Despesas Pagas,26.781 - Transporte Aéreo,2019,Total Geral da Despesa por Função
DCA-Anexo I-E,2019,DCA-Anexo I-E,TotalDespesas,4318002,Despesas Pagas,26.782 - Transporte Rodoviário,2019,Total Geral da Despesa por Função
DCA-Anexo I-E,2019,DCA-Anexo I-E,TotalDespesas,4318002,Despesas Pagas,27 - Desporto e Lazer,2019,Total Geral da Despesa por Função
DCA-Anexo I-E,2019,DCA-Anexo I-E,TotalDespesas,4318002,Despesas Pagas,27.812 - Desporto Comunitário,2019,Total Geral da Despesa por Função
DCA-Anexo I-E,2019,DCA-Anexo I-E,TotalDespesas,4318002,Despesas Pagas,27.813 - Lazer,2019,Total Geral da Despesa por Função
DCA-Anexo I-E,2019,DCA-Anexo I-E,TotalDespesas,4318002,Despesas Pagas,28 - Encargos Especiais,2019,Total Geral da Despesa por Função
DCA-Anexo I-E,2019,DCA-Anexo I-E,TotalDespesas,4318002,Despesas Pagas,28.843 - Serviço da Dívida Interna,2019,Total Geral da Despesa por Função
DCA-Anexo I-E,2019,DCA-Anexo I-E,TotalDespesas,4318002,Despesas Pagas,Despesas Intraorçamentárias,2019,Total Geral da Despesa por Função
DCA-Anexo I-E,2019,DCA-Anexo I-E,TotalDespesas,4318002,Inscrição de Restos a Pagar Não Processados,Despesas Exceto Intraorçamentárias,2019,Total Geral da Despesa por Função
DCA-Anexo I-E,2019,DCA-Anexo I-E,TotalDespesas,4318002,Inscrição de Restos a Pagar Não Processados,01 - Legislativa,2019,Total Geral da Despesa por Função
DCA-Anexo I-E,2019,DCA-Anexo I-E,TotalDespesas,4318002,Inscrição de Restos a Pagar Não Processados,01.031 - Ação Legislativa,2019,Total Geral da Despesa por Função
DCA-Anexo I-E,2019,DCA-Anexo I-E,TotalDespesas,4318002,Inscrição de Restos a Pagar Não Processados,04 - Administração,2019,Total Geral da Despesa por Função
DCA-Anexo I-E,2019,DCA-Anexo I-E,TotalDespesas,4318002,Inscrição de Restos a Pagar Não Processados,04.122 - Administração Geral,2019,Total Geral da Despesa por Função
DCA-Anexo I-E,2019,DCA-Anexo I-E,TotalDespesas,4318002,Inscrição de Restos a Pagar Não Processados,04.126 - Tecnologia da Informação,2019,Total Geral da Despesa por Função
DCA-Anexo I-E,2019,DCA-Anexo I-E,TotalDespesas,4318002,Inscrição de Restos a Pagar Não Processados,06 - Segurança Pública,2019,Total Geral da Despesa por Função
DCA-Anexo I-E,2019,DCA-Anexo I-E,TotalDespesas,4318002,Inscrição de Restos a Pagar Não Processados,06.181 - Policiamento,2019,Total Geral da Despesa por Função
DCA-Anexo I-E,2019,DCA-Anexo I-E,TotalDespesas,4318002,Inscrição de Restos a Pagar Não Processados,06.182 - Defesa Civil,2019,Total Geral da Despesa por Função
DCA-Anexo I-E,2019,DCA-Anexo I-E,TotalDespesas,4318002,Inscrição de Restos a Pagar Não Processados,08 - Assistência Social,2019,Total Geral da Despesa por Função
DCA-Anexo I-E,2019,DCA-Anexo I-E,TotalDespesas,4318002,Inscrição de Restos a Pagar Não Processados,08.241 - Assistência ao Idoso,2019,Total Geral da Despesa por Função
DCA-Anexo I-E,2019,DCA-Anexo I-E,TotalDespesas,4318002,Inscrição de Restos a Pagar Não Processados,08.243 - Assistência à Criança e ao Adolescente,2019,Total Geral da Despesa por Função
DCA-Anexo I-E,2019,DCA-Anexo I-E,TotalDespesas,4318002,Inscrição de Restos a Pagar Não Processados,08.244 - Assistência Comunitária,2019,Total Geral da Despesa por Função
DCA-Anexo I-E,2019,DCA-Anexo I-E,TotalDespesas,4318002,Inscrição de Restos a Pagar Não Processados,09 - Previdência Social,2019,Total Geral da Despesa por Função
DCA-Anexo I-E,2019,DCA-Anexo I-E,TotalDespesas,4318002,Inscrição de Restos a Pagar Não Processados,09.122 - Administração Geral,2019,Total Geral da Despesa por Função
DCA-Anexo I-E,2019,DCA-Anexo I-E,TotalDespesas,4318002,Inscrição de Restos a Pagar Não Processados,10 - Saúde,2019,Total Geral da Despesa por Função
DCA-Anexo I-E,2019,DCA-Anexo I-E,TotalDespesas,4318002,Inscrição de Restos a Pagar Não Processados,10.301 - Atenção Básica,2019,Total Geral da Despesa por Função
DCA-Anexo I-E,2019,DCA-Anexo I-E,TotalDespesas,4318002,Inscrição de Restos a Pagar Não Processados,10.302 - Assistência Hospitalar e Ambulatorial,2019,Total Geral da Despesa por Função
DCA-Anexo I-E,2019,DCA-Anexo I-E,TotalDespesas,4318002,Inscrição de Restos a Pagar Não Processados,10.303 - Suporte Profilático e Terapêutico,2019,Total Geral da Despesa por Função
DCA-Anexo I-E,2019,DCA-Anexo I-E,TotalDespesas,4318002,Inscrição de Restos a Pagar Não Processados,10.304 - Vigilância Sanitária,2019,Total Geral da Despesa por Função
DCA-Anexo I-E,2019,DCA-Anexo I-E,TotalDespesas,4318002,Inscrição de Restos a Pagar Não Processados,12 - Educação,2019,Total Geral da Despesa por Função
DCA-Anexo I-E,2019,DCA-Anexo I-E,TotalDespesas,4318002,Inscrição de Restos a Pagar Não Processados,12.361 - Ensino Fundamental,2019,Total Geral da Despesa por Função
DCA-Anexo I-E,2019,DCA-Anexo I-E,TotalDespesas,4318002,Inscrição de Restos a Pagar Não Processados,12.362 - Ensino Médio,2019,Total Geral da Despesa por Função
DCA-Anexo I-E,2019,DCA-Anexo I-E,TotalDespesas,4318002,Inscrição de Restos a Pagar Não Processados,12.365 - Educação Infantil,2019,Total Geral da Despesa por Função
DCA-Anexo I-E,2019,DCA-Anexo I-E,TotalDespesas,4318002,Inscrição de Restos a Pagar Não Processados,12.366 - Educação de Jovens e Adultos,2019,Total Geral da Despesa por Função
DCA-Anexo I-E,2019,DCA-Anexo I-E,TotalDespesas,4318002,Inscrição de Restos a Pagar Não Processados,12.122 - Administração Geral,2019,Total Geral da Despesa por Função
DCA-Anexo I-E,2019,DCA-Anexo I-E,TotalDespesas,4318002,Inscrição de Restos a Pagar Não Processados,13 - Cultura,2019,Total Geral da Despesa por Função
DCA-Anexo I-E,2019,DCA-Anexo I-E,TotalDespesas,4318002,Inscrição de Restos a Pagar Não Processados,13.392 - Difusão Cultural,2019,Total Geral da Despesa por Função
DCA-Anexo I-E,2019,DCA-Anexo I-E,TotalDespesas,4318002,Inscrição de Restos a Pagar Não Processados,14 - Direitos da Cidadania,2019,Total Geral da Despesa por Função
DCA-Anexo I-E,2019,DCA-Anexo I-E,TotalDespesas,4318002,Inscrição de Restos a Pagar Não Processados,"14.422 - Direitos Individuais, Coletivos e Difusos",2019,Total Geral da Despesa por Função
DCA-Anexo I-E,2019,DCA-Anexo I-E,TotalDespesas,4318002,Inscrição de Restos a Pagar Não Processados,15 - Urbanismo,2019,Total Geral da Despesa por Função
DCA-Anexo I-E,2019,DCA-Anexo I-E,TotalDespesas,4318002,Inscrição de Restos a Pagar Não Processados,15.451 - Infraestrutura Urbana,2019,Total Geral da Despesa por Função
DCA-Anexo I-E,2019,DCA-Anexo I-E,TotalDespesas,4318002,Inscrição de Restos a Pagar Não Processados,15.452 - Serviços Urbanos,2019,Total Geral da Despesa por Função
DCA-Anexo I-E,2019,DCA-Anexo I-E,TotalDespesas,4318002,Inscrição de Restos a Pagar Não Processados,17 - Saneamento,2019,Total Geral da Despesa por Função
DCA-Anexo I-E,2019,DCA-Anexo I-E,TotalDespesas,4318002,Inscrição de Restos a Pagar Não Processados,17.511 - Saneamento Básico Rural,2019,Total Geral da Despesa por Função
DCA-Anexo I-E,2019,DCA-Anexo I-E,TotalDespesas,4318002,Inscrição de Restos a Pagar Não Processados,18 - Gestão Ambiental,2019,Total Geral da Despesa por Função
DCA-Anexo I-E,2019,DCA-Anexo I-E,TotalDespesas,4318002,Inscrição de Restos a Pagar Não Processados,18.541 - Preservação e Conservação Ambiental,2019,Total Geral da Despesa por Função
DCA-Anexo I-E,2019,DCA-Anexo I-E,TotalDespesas,4318002,Inscrição de Restos a Pagar Não Processados,20 - Agricultura,2019,Total Geral da Despesa por Função
DCA-Anexo I-E,2019,DCA-Anexo I-E,TotalDespesas,4318002,Inscrição de Restos a Pagar Não Processados,20.606 - Extensão Rural,2019,Total Geral da Despesa por Função
DCA-Anexo I-E,2019,DCA-Anexo I-E,TotalDespesas,4318002,Inscrição de Restos a Pagar Não Processados,23 - Comércio e Serviços,2019,Total Geral da Despesa por Função
DCA-Anexo I-E,2019,DCA-Anexo I-E,TotalDespesas,4318002,Inscrição de Restos a Pagar Não Processados,23.695 - Turismo,2019,Total Geral da Despesa por Função
DCA-Anexo I-E,2019,DCA-Anexo I-E,TotalDespesas,4318002,Inscrição de Restos a Pagar Não Processados,26 - Transporte,2019,Total Geral da Despesa por Função
DCA-Anexo I-E,2019,DCA-Anexo I-E,TotalDespesas,4318002,Inscrição de Restos a Pagar Não Processados,26.781 - Transporte Aéreo,2019,Total Geral da Despesa por Função
DCA-Anexo I-E,2019,DCA-Anexo I-E,TotalDespesas,4318002,Inscrição de Restos a Pagar Não Processados,26.782 - Transporte Rodoviário,2019,Total Geral da Despesa por Função
DCA-Anexo I-E,2019,DCA-Anexo I-E,TotalDespesas,4318002,Inscrição de Restos a Pagar Não Processados,27 - Desporto e Lazer,2019,Total Geral da Despesa por Função
DCA-Anexo I-E,2019,DCA-Anexo I-E,TotalDespesas,4318002,Inscrição de Restos a Pagar Não Processados,27.812 - Desporto Comunitário,2019,Total Geral da Despesa por Função
DCA-Anexo I-E,2019,DCA-Anexo I-E,TotalDespesas,4318002,Inscrição de Restos a Pagar Não Processados,Despesas Intraorçamentárias,2019,Total Geral da Despesa por Função
DCA-Anexo I-E,2019,DCA-Anexo I-E,TotalDespesas,4318002,Inscrição de Restos a Pagar Processados,Despesas Exceto Intraorçamentárias,2019,Total Geral da Despesa por Função
DCA-Anexo I-E,2019,DCA-Anexo I-E,TotalDespesas,4318002,Inscrição de Restos a Pagar Processados,04 - Administração,2019,Total Geral da Despesa por Função
DCA-Anexo I-E,2019,DCA-Anexo I-E,TotalDespesas,4318002,Inscrição de Restos a Pagar Processados,04.122 - Administração Geral,2019,Total Geral da Despesa por Função
DCA-Anexo I-E,2019,DCA-Anexo I-E,TotalDespesas,4318002,Inscrição de Restos a Pagar Processados,04.124 - Controle Interno,2019,Total Geral da Despesa por Função
DCA-Anexo I-E,2019,DCA-Anexo I-E,TotalDespesas,4318002,Inscrição de Restos a Pagar Processados,04.126 - Tecnologia da Informação,2019,Total Geral da Despesa por Função
DCA-Anexo I-E,2019,DCA-Anexo I-E,TotalDespesas,4318002,Inscrição de Restos a Pagar Processados,06 - Segurança Pública,2019,Total Geral da Despesa por Função
DCA-Anexo I-E,2019,DCA-Anexo I-E,TotalDespesas,4318002,Inscrição de Restos a Pagar Processados,06.181 - Policiamento,2019,Total Geral da Despesa por Função
DCA-Anexo I-E,2019,DCA-Anexo I-E,TotalDespesas,4318002,Inscrição de Restos a Pagar Processados,06.182 - Defesa Civil,2019,Total Geral da Despesa por Função
DCA-Anexo I-E,2019,DCA-Anexo I-E,TotalDespesas,4318002,Inscrição de Restos a Pagar Processados,08 - Assistência Social,2019,Total Geral da Despesa por Função
DCA-Anexo I-E,2019,DCA-Anexo I-E,TotalDespesas,4318002,Inscrição de Restos a Pagar Processados,08.241 - Assistência ao Idoso,2019,Total Geral da Despesa por Função
DCA-Anexo I-E,2019,DCA-Anexo I-E,TotalDespesas,4318002,Inscrição de Restos a Pagar Processados,08.243 - Assistência à Criança e ao Adolescente,2019,Total Geral da Despesa por Função
DCA-Anexo I-E,2019,DCA-Anexo I-E,TotalDespesas,4318002,Inscrição de Restos a Pagar Processados,08.244 - Assistência Comunitária,2019,Total Geral da Despesa por Função
DCA-Anexo I-E,2019,DCA-Anexo I-E,TotalDespesas,4318002,Inscrição de Restos a Pagar Processados,08.122 - Administração Geral,2019,Total Geral da Despesa por Função
DCA-Anexo I-E,2019,DCA-Anexo I-E,TotalDespesas,4318002,Inscrição de Restos a Pagar Processados,09 - Previdência Social,2019,Total Geral da Despesa por Função
DCA-Anexo I-E,2019,DCA-Anexo I-E,TotalDespesas,4318002,Inscrição de Restos a Pagar Processados,09.122 - Administração Geral,2019,Total Geral da Despesa por Função
DCA-Anexo I-E,2019,DCA-Anexo I-E,TotalDespesas,4318002,Inscrição de Restos a Pagar Processados,10 - Saúde,2019,Total Geral da Despesa por Função
DCA-Anexo I-E,2019,DCA-Anexo I-E,TotalDespesas,4318002,Inscrição de Restos a Pagar Processados,10.301 - Atenção Básica,2019,Total Geral da Despesa por Função
DCA-Anexo I-E,2019,DCA-Anexo I-E,TotalDespesas,4318002,Inscrição de Restos a Pagar Processados,10.302 - Assistência Hospitalar e Ambulatorial,2019,Total Geral da Despesa por Função
DCA-Anexo I-E,2019,DCA-Anexo I-E,TotalDespesas,4318002,Inscrição de Restos a Pagar Processados,10.303 - Suporte Profilático e Terapêutico,2019,Total Geral da Despesa por Função
DCA-Anexo I-E,2019,DCA-Anexo I-E,TotalDespesas,4318002,Inscrição de Restos a Pagar Processados,10.122 - Administração Geral,2019,Total Geral da Despesa por Função
DCA-Anexo I-E,2019,DCA-Anexo I-E,TotalDespesas,4318002,Inscrição de Restos a Pagar Processados,12 - Educação,2019,Total Geral da Despesa por Função
DCA-Anexo I-E,2019,DCA-Anexo I-E,TotalDespesas,4318002,Inscrição de Restos a Pagar Processados,12.361 - Ensino Fundamental,2019,Total Geral da Despesa por Função
DCA-Anexo I-E,2019,DCA-Anexo I-E,TotalDespesas,4318002,Inscrição de Restos a Pagar Processados,12.365 - Educação Infantil,2019,Total Geral da Despesa por Função
DCA-Anexo I-E,2019,DCA-Anexo I-E,TotalDespesas,4318002,Inscrição de Restos a Pagar Processados,12.122 - Administração Geral,2019,Total Geral da Despesa por Função
DCA-Anexo I-E,2019,DCA-Anexo I-E,TotalDespesas,4318002,Inscrição de Restos a Pagar Processados,13 - Cultura,2019,Total Geral da Despesa por Função
DCA-Anexo I-E,2019,DCA-Anexo I-E,TotalDespesas,4318002,Inscrição de Restos a Pagar Processados,13.392 - Difusão Cultural,2019,Total Geral da Despesa por Função
DCA-Anexo I-E,2019,DCA-Anexo I-E,TotalDespesas,4318002,Inscrição de Restos a Pagar Processados,14 - Direitos da Cidadania,2019,Total Geral da Despesa por Função
DCA-Anexo I-E,2019,DCA-Anexo I-E,TotalDespesas,4318002,Inscrição de Restos a Pagar Processados,"14.422 - Direitos Individuais, Coletivos e Difusos",2019,Total Geral da Despesa por Função
DCA-Anexo I-E,2019,DCA-Anexo I-E,TotalDespesas,4318002,Inscrição de Restos a Pagar Processados,15 - Urbanismo,2019,Total Geral da Despesa por Função
DCA-Anexo I-E,2019,DCA-Anexo I-E,TotalDespesas,4318002,Inscrição de Restos a Pagar Processados,15.451 - Infraestrutura Urbana,2019,Total Geral da Despesa por Função
DCA-Anexo I-E,2019,DCA-Anexo I-E,TotalDespesas,4318002,Inscrição de Restos a Pagar Processados,15.452 - Serviços Urbanos,2019,Total Geral da Despesa por Função
DCA-Anexo I-E,2019,DCA-Anexo I-E,TotalDespesas,4318002,Inscrição de Restos a Pagar Processados,18 - Gestão Ambiental,2019,Total Geral da Despesa por Função
DCA-Anexo I-E,2019,DCA-Anexo I-E,TotalDespesas,4318002,Inscrição de Restos a Pagar Processados,18.541 - Preservação e Conservação Ambiental,2019,Total Geral da Despesa por Função
DCA-Anexo I-E,2019,DCA-Anexo I-E,TotalDespesas,4318002,Inscrição de Restos a Pagar Processados,20 - Agricultura,2019,Total Geral da Despesa por Função
DCA-Anexo I-E,2019,DCA-Anexo I-E,TotalDespesas,4318002,Inscrição de Restos a Pagar Processados,20.606 - Extensão Rural,2019,Total Geral da Despesa por Função
DCA-Anexo I-E,2019,DCA-Anexo I-E,TotalDespesas,4318002,Inscrição de Restos a Pagar Processados,26 - Transporte,2019,Total Geral da Despesa por Função
DCA-Anexo I-E,2019,DCA-Anexo I-E,TotalDespesas,4318002,Inscrição de Restos a Pagar Processados,26.781 - Transporte Aéreo,2019,Total Geral da Despesa por Função
DCA-Anexo I-E,2019,DCA-Anexo I-E,TotalDespesas,4318002,Inscrição de Restos a Pagar Processados,27 - Desporto e Lazer,2019,Total Geral da Despesa por Função
DCA-Anexo I-E,2019,DCA-Anexo I-E,TotalDespesas,4318002,Inscrição de Restos a Pagar Processados,27.812 - Desporto Comunitário,2019,Total Geral da Despesa por Função
DCA-Anexo I-E,2019,DCA-Anexo I-E,TotalDespesas,4318002,Inscrição de Restos a Pagar Processados,28 - Encargos Especiais,2019,Total Geral da Despesa por Função
DCA-Anexo I-E,2019,DCA-Anexo I-E,TotalDespesas,4318002,Inscrição de Restos a Pagar Processados,28.843 - Serviço da Dívida Interna,2019,Total Geral da Despesa por Função
DCA-Anexo I-E,2019,DCA-Anexo I-E,TotalDespesas,4318002,Inscrição de Restos a Pagar Processados,Despesas Intraorçamentárias,2019,Total Geral da Despesa por Função
DCA-Anexo I-C,2020,DCA-Anexo I-C,ReceitasExcetoIntraOrcamentarias,4318002,Receitas Brutas Realizadas,RECEITAS (EXCETO INTRA-ORÇAMENTÁRIAS) (I),2020,Padrão
DCA-Anexo I-C,2020,DCA-Anexo I-C,ReceitasExcetoIntraOrcamentarias,4318002,Deduções - FUNDEB,RECEITAS (EXCETO INTRA-ORÇAMENTÁRIAS) (I),2020,Padrão
DCA-Anexo I-C,2020,DCA-Anexo I-C,ReceitasExcetoIntraOrcamentarias,4318002,Outras Deduções da Receita,RECEITAS (EXCETO INTRA-ORÇAMENTÁRIAS) (I),2020,Padrão
DCA-Anexo I-C,2020,DCA-Anexo I-C,RO1.0.0.0.00.0.0,4318002,Receitas Brutas Realizadas,1.0.0.0.00.0.0 - Receitas Correntes,2020,Padrão
DCA-Anexo I-C,2020,DCA-Anexo I-C,RO1.0.0.0.00.0.0,4318002,Deduções - FUNDEB,1.0.0.0.00.0.0 - Receitas Correntes,2020,Padrão
DCA-Anexo I-C,2020,DCA-Anexo I-C,RO1.0.0.0.00.0.0,4318002,Outras Deduções da Receita,1.0.0.0.00.0.0 - Receitas Correntes,2020,Padrão
DCA-Anexo I-C,2020,DCA-Anexo I-C,RO1.1.0.0.00.0.0,4318002,Receitas Brutas Realizadas,"1.1.0.0.00.0.0 - Impostos, Taxas e Contribuições de Melhoria",2020,Padrão
DCA-Anexo I-C,2020,DCA-Anexo I-C,RO1.1.0.0.00.0.0,4318002,Outras Deduções da Receita,"1.1.0.0.00.0.0 - Impostos, Taxas e Contribuições de Melhoria",2020,Padrão
DCA-Anexo I-C,2020,DCA-Anexo I-C,RO1.1.1.0.00.0.0,4318002,Receitas Brutas Realizadas,1.1.1.0.00.0.0 - Impostos,2020,Padrão
DCA-Anexo I-C,2020,DCA-Anexo I-C,RO1.1.1.0.00.0.0,4318002,Outras Deduções da Receita,1.1.1.0.00.0.0 - Impostos,2020,Padrão
DCA-Anexo I-C,2020,DCA-Anexo I-C,RO1.1.1.3.00.0.0,4318002,Receitas Brutas Realizadas,1.1.1.3.00.0.0 - Impostos sobre a Renda e Proventos de Qualquer Natureza,2020,Padrão
DCA-Anexo I-C,2020,DCA-Anexo I-C,RO1.1.1.3.03.0.0,4318002,Receitas Brutas Realizadas,1.1.1.3.03.0.0 - Imposto sobre a Renda - Retido na Fonte,2020,Padrão
DCA-Anexo I-C,2020,DCA-Anexo I-C,RO1.1.1.3.03.1.0,4318002,Receitas Brutas Realizadas,1.1.1.3.03.1.0 - Imposto sobre a Renda - Retido na Fonte - Trabalho,2020,Padrão
DCA-Anexo I-C,2020,DCA-Anexo I-C,RO1.1.1.3.03.4.0,4318002,Receitas Brutas Realizadas,1.1.1.3.03.4.0 - Imposto sobre a Renda - Retido na Fonte - Outros Rendimentos,2020,Padrão
DCA-Anexo I-C,2020,DCA-Anexo I-C,RO1.1.1.8.00.0.0,4318002,Receitas Brutas Realizadas,"1.1.1.8.00.0.0 Impostos Específicos de Estados, DF e Municípios",2020,Padrão
DCA-Anexo I-C,2020,DCA-Anexo I-C,RO1.1.1.8.00.0.0,4318002,Outras Deduções da Receita,"1.1.1.8.00.0.0 Impostos Específicos de Estados, DF e Municípios",2020,Padrão
DCA-Anexo I-C,2020,DCA-Anexo I-C,RO1.1.1.8.01.0.0,4318002,Receitas Brutas Realizadas,1.1.1.8.01.0.0 Impostos sobre o Patrimônio para Estados/DF/Municípios,2020,Padrão
DCA-Anexo I-C,2020,DCA-Anexo I-C,RO1.1.1.8.01.0.0,4318002,Outras Deduções da Receita,1.1.1.8.01.0.0 Impostos sobre o Patrimônio para Estados/DF/Municípios,2020,Padrão
DCA-Anexo I-C,2020,DCA-Anexo I-C,RO1.1.1.8.01.1.0,4318002,Receitas Brutas Realizadas,1.1.1.8.01.1.0 Imposto sobre a Propriedade Predial e Territorial Urbana,2020,Padrão
DCA-Anexo I-C,2020,DCA-Anexo I-C,RO1.1.1.8.01.1.0,4318002,Outras Deduções da Receita,1.1.1.8.01.1.0 Imposto sobre a Propriedade Predial e Territorial Urbana,2020,Padrão
DCA-Anexo I-C,2020,DCA-Anexo I-C,RO1.1.1.8.01.4.0,4318002,Receitas Brutas Realizadas,1.1.1.8.01.4.0 Imposto sobre Transmissão ¿Inter Vivos¿ de Bens Imóveis e de Direitos Reais sobre Imóveis,2020,Padrão
DCA-Anexo I-C,2020,DCA-Anexo I-C,RO1.1.1.8.01.4.0,4318002,Outras Deduções da Receita,1.1.1.8.01.4.0 Imposto sobre Transmissão ¿Inter Vivos¿ de Bens Imóveis e de Direitos Reais sobre Imóveis,2020,Padrão
DCA-Anexo I-C,2020,DCA-Anexo I-C,RO1.1.1.8.02.0.0,4318002,Receitas Brutas Realizadas,"1.1.1.8.02.0.0 Impostos sobre a Produção, Circulação de Mercadorias e Serviços",2020,Padrão
DCA-Anexo I-C,2020,DCA-Anexo I-C,RO1.1.1.8.02.0.0,4318002,Outras Deduções da Receita,"1.1.1.8.02.0.0 Impostos sobre a Produção, Circulação de Mercadorias e Serviços",2020,Padrão
DCA-Anexo I-C,2020,DCA-Anexo I-C,RO1.1.1.8.02.3.0,4318002,Receitas Brutas Realizadas,1.1.1.8.02.3.0 Imposto sobre Serviços de Qualquer Natureza,2020,Padrão
DCA-Anexo I-C,2020,DCA-Anexo I-C,RO1.1.1.8.02.3.0,4318002,Outras Deduções da Receita,1.1.1.8.02.3.0 Imposto sobre Serviços de Qualquer Natureza,2020,Padrão
DCA-Anexo I-C,2020,DCA-Anexo I-C,RO1.1.2.0.00.0.0,4318002,Receitas Brutas Realizadas,1.1.2.0.00.0.0 - Taxas,2020,Padrão
DCA-Anexo I-C,2020,DCA-Anexo I-C,RO1.1.2.0.00.0.0,4318002,Outras Deduções da Receita,1.1.2.0.00.0.0 - Taxas,2020,Padrão
DCA-Anexo I-C,2020,DCA-Anexo I-C,RO1.1.2.2.00.0.0,4318002,Receitas Brutas Realizadas,1.1.2.2.00.0.0 - Taxas pela Prestação de Serviços,2020,Padrão
DCA-Anexo I-C,2020,DCA-Anexo I-C,RO1.1.2.2.00.0.0,4318002,Outras Deduções da Receita,1.1.2.2.00.0.0 - Taxas pela Prestação de Serviços,2020,Padrão
DCA-Anexo I-C,2020,DCA-Anexo I-C,RO1.1.2.2.01.0.0,4318002,Receitas Brutas Realizadas,1.1.2.2.01.0.0 - Taxas pela Prestação de Serviços,2020,Padrão
DCA-Anexo I-C,2020,DCA-Anexo I-C,RO1.1.2.2.01.0.0,4318002,Outras Deduções da Receita,1.1.2.2.01.0.0 - Taxas pela Prestação de Serviços,2020,Padrão
DCA-Anexo I-C,2020,DCA-Anexo I-C,RO1.1.2.8.00.0.0,4318002,Receitas Brutas Realizadas,"1.1.2.8.00.0.0 - Taxas - Específicas de Estados, DF e Municípios",2020,Padrão
DCA-Anexo I-C,2020,DCA-Anexo I-C,RO1.1.2.8.00.0.0,4318002,Outras Deduções da Receita,"1.1.2.8.00.0.0 - Taxas - Específicas de Estados, DF e Municípios",2020,Padrão
DCA-Anexo I-C,2020,DCA-Anexo I-C,RO1.1.2.8.01.0.0,4318002,Receitas Brutas Realizadas,"1.1.2.8.01.0.0 - Taxas de Inspeção, Controle e Fiscalização",2020,Padrão
DCA-Anexo I-C,2020,DCA-Anexo I-C,RO1.1.2.8.01.0.0,4318002,Outras Deduções da Receita,"1.1.2.8.01.0.0 - Taxas de Inspeção, Controle e Fiscalização",2020,Padrão
DCA-Anexo I-C,2020,DCA-Anexo I-C,RO1.1.2.8.01.1.0,4318002,Receitas Brutas Realizadas,1.1.2.8.01.1.0 - Taxa de Fiscalização de Vigilância Sanitária,2020,Padrão
DCA-Anexo I-C,2020,DCA-Anexo I-C,RO1.1.2.8.01.9.0,4318002,Receitas Brutas Realizadas,"1.1.2.8.01.9.0 - Taxas de Inspeção, Controle e Fiscalização - Outras",2020,Padrão
DCA-Anexo I-C,2020,DCA-Anexo I-C,RO1.1.2.8.01.9.0,4318002,Outras Deduções da Receita,"1.1.2.8.01.9.0 - Taxas de Inspeção, Controle e Fiscalização - Outras",2020,Padrão
DCA-Anexo I-C,2020,DCA-Anexo I-C,RO1.1.2.8.02.0.0,4318002,Receitas Brutas Realizadas,1.1.2.8.02.0.0 - Taxas pela Prestação de Serviços,2020,Padrão
DCA-Anexo I-C,2020,DCA-Anexo I-C,RO1.1.2.8.02.0.0,4318002,Outras Deduções da Receita,1.1.2.8.02.0.0 - Taxas pela Prestação de Serviços,2020,Padrão
DCA-Anexo I-C,2020,DCA-Anexo I-C,RO1.1.2.8.02.9.0,4318002,Receitas Brutas Realizadas,1.1.2.8.02.9.0 - Taxas pela Prestação de Serviços - Outras,2020,Padrão
DCA-Anexo I-C,2020,DCA-Anexo I-C,RO1.1.2.8.02.9.0,4318002,Outras Deduções da Receita,1.1.2.8.02.9.0 - Taxas pela Prestação de Serviços - Outras,2020,Padrão
DCA-Anexo I-C,2020,DCA-Anexo I-C,RO1.2.0.0.00.0.0,4318002,Receitas Brutas Realizadas,1.2.0.0.00.0.0 - Contribuições,2020,Padrão
DCA-Anexo I-C,2020,DCA-Anexo I-C,RO1.2.1.0.00.0.0,4318002,Receitas Brutas Realizadas,1.2.1.0.00.0.0 - Contribuições Sociais,2020,Padrão
DCA-Anexo I-C,2020,DCA-Anexo I-C,RO1.2.1.8.00.0.0,4318002,Receitas Brutas Realizadas,"1.2.1.8.00.0.0 Contribuições Sociais Específicas de Estados, DF e Municípios",2020,Padrão
DCA-Anexo I-C,2020,DCA-Anexo I-C,RO1.2.1.8.01.0.0,4318002,Receitas Brutas Realizadas,1.2.1.8.01.0.0 - Contribuição do Servidor Civil para o Plano de Seguridade Social - CPSSS - Específico de EST/DF/MUN,2020,Padrão
DCA-Anexo I-C,2020,DCA-Anexo I-C,RO1.2.1.8.01.1.0,4318002,Receitas Brutas Realizadas,1.2.1.8.01.1.0 - CPSSS do Servidor Civil Ativo,2020,Padrão
DCA-Anexo I-C,2020,DCA-Anexo I-C,RO1.2.1.8.01.2.0,4318002,Receitas Brutas Realizadas,1.2.1.8.01.2.0 - CPSSS do Servidor Civil Inativo,2020,Padrão
DCA-Anexo I-C,2020,DCA-Anexo I-C,RO1.2.1.8.02.0.0,4318002,Receitas Brutas Realizadas,1.2.1.8.02.0.0 - CPSSS - Parcelamentos - Específico de EST/DF/MUN,2020,Padrão
DCA-Anexo I-C,2020,DCA-Anexo I-C,RO1.2.1.8.02.1.0,4318002,Receitas Brutas Realizadas,1.2.1.8.02.1.0 - CPSSS - Parcelamentos - do Servidor Civil Ativo,2020,Padrão
DCA-Anexo I-C,2020,DCA-Anexo I-C,RO1.2.4.0.00.0.0,4318002,Receitas Brutas Realizadas,1.2.4.0.00.0.0 - Contribuição para o Custeio do Serviço de Iluminação Pública,2020,Padrão
DCA-Anexo I-C,2020,DCA-Anexo I-C,RO1.3.0.0.00.0.0,4318002,Receitas Brutas Realizadas,1.3.0.0.00.0.0 - Receita Patrimonial,2020,Padrão
DCA-Anexo I-C,2020,DCA-Anexo I-C,RO1.3.0.0.00.0.0,4318002,Outras Deduções da Receita,1.3.0.0.00.0.0 - Receita Patrimonial,2020,Padrão
DCA-Anexo I-C,2020,DCA-Anexo I-C,RO1.3.1.0.00.0.0,4318002,Receitas Brutas Realizadas,1.3.1.0.00.0.0 - Exploração do Patrimônio Imobiliário do Estado,2020,Padrão
DCA-Anexo I-C,2020,DCA-Anexo I-C,RO1.3.1.0.00.0.0,4318002,Outras Deduções da Receita,1.3.1.0.00.0.0 - Exploração do Patrimônio Imobiliário do Estado,2020,Padrão
DCA-Anexo I-C,2020,DCA-Anexo I-C,RO1.3.1.0.01.0.0,4318002,Receitas Brutas Realizadas,"1.3.1.0.01.0.0 - Aluguéis, Arrendamentos, Foros, Laudêmios, Tarifas de Ocupação",2020,Padrão
DCA-Anexo I-C,2020,DCA-Anexo I-C,RO1.3.1.0.01.0.0,4318002,Outras Deduções da Receita,"1.3.1.0.01.0.0 - Aluguéis, Arrendamentos, Foros, Laudêmios, Tarifas de Ocupação",2020,Padrão
DCA-Anexo I-C,2020,DCA-Anexo I-C,RO1.3.1.0.01.1.0,4318002,Receitas Brutas Realizadas,1.3.1.0.01.1.0 - Aluguéis e Arrendamentos,2020,Padrão
DCA-Anexo I-C,2020,DCA-Anexo I-C,RO1.3.1.0.01.1.0,4318002,Outras Deduções da Receita,1.3.1.0.01.1.0 - Aluguéis e Arrendamentos,2020,Padrão
DCA-Anexo I-C,2020,DCA-Anexo I-C,RO1.3.1.0.01.2.0,4318002,Receitas Brutas Realizadas,"1.3.1.0.01.2.0 - Foros, Laudêmios e Tarifas de Ocupação",2020,Padrão
DCA-Anexo I-C,2020,DCA-Anexo I-C,RO1.3.2.0.00.0.0,4318002,Receitas Brutas Realizadas,1.3.2.0.00.0.0 - Valores Mobiliários,2020,Padrão
DCA-Anexo I-C,2020,DCA-Anexo I-C,RO1.3.2.1.00.0.0,4318002,Receitas Brutas Realizadas,1.3.2.1.00.0.0 - Juros e Correções Monetárias,2020,Padrão
DCA-Anexo I-C,2020,DCA-Anexo I-C,RO1.3.2.1.00.1.0,4318002,Receitas Brutas Realizadas,1.3.2.1.00.1.0 - Remuneração de Depósitos Bancários,2020,Padrão
DCA-Anexo I-C,2020,DCA-Anexo I-C,RO1.3.2.1.00.4.0,4318002,Receitas Brutas Realizadas,1.3.2.1.00.4.0 - Remuneração dos Recursos do Regime Próprio de Previdência Social - RPPS,2020,Padrão
DCA-Anexo I-C,2020,DCA-Anexo I-C,RO1.3.2.1.00.5.0,4318002,Receitas Brutas Realizadas,1.3.2.1.00.5.0 - Juros de Títulos de Renda,2020,Padrão
DCA-Anexo I-C,2020,DCA-Anexo I-C,RO1.3.6.0.00.0.0,4318002,Receitas Brutas Realizadas,1.3.6.0.00.0.0 - Cessão de Direitos,2020,Padrão
DCA-Anexo I-C,2020,DCA-Anexo I-C,RO1.6.0.0.00.0.0,4318002,Receitas Brutas Realizadas,1.6.0.0.00.0.0 - Receita de Serviços,2020,Padrão
DCA-Anexo I-C,2020,DCA-Anexo I-C,RO1.6.1.0.00.0.0,4318002,Receitas Brutas Realizadas,1.6.1.0.00.0.0 - Serviços Administrativos e Comerciais Gerais,2020,Padrão
DCA-Anexo I-C,2020,DCA-Anexo I-C,RO1.6.1.0.02.0.0,4318002,Receitas Brutas Realizadas,1.6.1.0.02.0.0 - Inscrição em Concursos e Processos Seletivos,2020,Padrão
DCA-Anexo I-C,2020,DCA-Anexo I-C,RO1.6.9.0.00.0.0,4318002,Receitas Brutas Realizadas,1.6.9.0.00.0.0 - Outros Serviços,2020,Padrão
DCA-Anexo I-C,2020,DCA-Anexo I-C,RO1.6.9.0.99.0.0,4318002,Receitas Brutas Realizadas,1.6.9.0.99.0.0 - Outros Serviços,2020,Padrão
DCA-Anexo I-C,2020,DCA-Anexo I-C,RO1.7.0.0.00.0.0,4318002,Receitas Brutas Realizadas,1.7.0.0.00.0.0 - Transferências Correntes,2020,Padrão
DCA-Anexo I-C,2020,DCA-Anexo I-C,RO1.7.0.0.00.0.0,4318002,Deduções - FUNDEB,1.7.0.0.00.0.0 - Transferências Correntes,2020,Padrão
DCA-Anexo I-C,2020,DCA-Anexo I-C,RO1.7.1.0.00.0.0,4318002,Receitas Brutas Realizadas,1.7.1.0.00.0.0 - Transferências da União e de suas Entidades,2020,Padrão
DCA-Anexo I-C,2020,DCA-Anexo I-C,RO1.7.1.0.00.0.0,4318002,Deduções - FUNDEB,1.7.1.0.00.0.0 - Transferências da União e de suas Entidades,2020,Padrão
DCA-Anexo I-C,2020,DCA-Anexo I-C,RO1.7.1.8.00.0.0,4318002,Receitas Brutas Realizadas,"1.7.1.8.00.0.0 Transferências da União - Específicas de Estados, DF e Municípios",2020,Padrão
DCA-Anexo I-C,2020,DCA-Anexo I-C,RO1.7.1.8.00.0.0,4318002,Deduções - FUNDEB,"1.7.1.8.00.0.0 Transferências da União - Específicas de Estados, DF e Municípios",2020,Padrão
DCA-Anexo I-C,2020,DCA-Anexo I-C,RO1.7.1.8.01.0.0,4318002,Receitas Brutas Realizadas,1.7.1.8.01.0.0 Participação na Receita da União,2020,Padrão
DCA-Anexo I-C,2020,DCA-Anexo I-C,RO1.7.1.8.01.0.0,4318002,Deduções - FUNDEB,1.7.1.8.01.0.0 Participação na Receita da União,2020,Padrão
DCA-Anexo I-C,2020,DCA-Anexo I-C,RO1.7.1.8.01.2.0,4318002,Receitas Brutas Realizadas,1.7.1.8.01.2.0 Cota-Parte do Fundo de Participação dos Municípios - Cota Mensal,2020,Padrão
DCA-Anexo I-C,2020,DCA-Anexo I-C,RO1.7.1.8.01.2.0,4318002,Deduções - FUNDEB,1.7.1.8.01.2.0 Cota-Parte do Fundo de Participação dos Municípios - Cota Mensal,2020,Padrão
DCA-Anexo I-C,2020,DCA-Anexo I-C,RO1.7.1.8.01.3.0,4318002,Receitas Brutas Realizadas,1.7.1.8.01.3.0 Cota-Parte do Fundo de Participação do Municípios ¿ 1% Cota entregue no mês de dezembro,2020,Padrão
DCA-Anexo I-C,2020,DCA-Anexo I-C,RO1.7.1.8.01.4.0,4318002,Receitas Brutas Realizadas,1.7.1.8.01.4.0 Cota-Parte do Fundo de Participação dos Municípios - 1% Cota entregue no mês de julho,2020,Padrão
DCA-Anexo I-C,2020,DCA-Anexo I-C,RO1.7.1.8.01.5.0,4318002,Receitas Brutas Realizadas,1.7.1.8.01.5.0 Cota-Parte do Imposto Sobre a Propriedade Territorial Rural,2020,Padrão
DCA-Anexo I-C,2020,DCA-Anexo I-C,RO1.7.1.8.01.5.0,4318002,Deduções - FUNDEB,1.7.1.8.01.5.0 Cota-Parte do Imposto Sobre a Propriedade Territorial Rural,2020,Padrão
DCA-Anexo I-C,2020,DCA-Anexo I-C,RO1.7.1.8.02.0.0,4318002,Receitas Brutas Realizadas,1.7.1.8.02.0.0 Transferência da Compensação Financeira pela Exploração de Recursos Naturais,2020,Padrão
DCA-Anexo I-C,2020,DCA-Anexo I-C,RO1.7.1.8.02.2.0,4318002,Receitas Brutas Realizadas,1.7.1.8.02.2.0 Cota-parte da Compensação Financeira de Recursos Minerais - CFEM,2020,Padrão
DCA-Anexo I-C,2020,DCA-Anexo I-C,RO1.7.1.8.02.6.0,4318002,Receitas Brutas Realizadas,1.7.1.8.02.6.0 Cota-Parte do Fundo Especial do Petróleo ¿ FEP,2020,Padrão
DCA-Anexo I-C,2020,DCA-Anexo I-C,RO1.7.1.8.03.0.0,4318002,Receitas Brutas Realizadas,"1.7.1.8.03.0.0 Transferência de Recursos do Sistema Único de Saúde ¿ 
 SUS ¿ Bloco Custeio das Ações e Serviços Públicos de Saúde",2020,Padrão
DCA-Anexo I-C,2020,DCA-Anexo I-C,RO1.7.1.8.03.1.0,4318002,Receitas Brutas Realizadas,1.7.1.8.03.1.0 - Transferência de Recursos do SUS ¿ Atenção Básica,2020,Padrão
DCA-Anexo I-C,2020,DCA-Anexo I-C,RO1.7.1.8.03.2.0,4318002,Receitas Brutas Realizadas,1.7.1.8.03.2.0 - Transferência de Recursos do SUS ¿ Atenção de Média e Alta Complexidade Ambulatorial e Hospitalar,2020,Padrão
DCA-Anexo I-C,2020,DCA-Anexo I-C,RO1.7.1.8.03.3.0,4318002,Receitas Brutas Realizadas,1.7.1.8.03.3.0 - Transferência de Recursos do SUS ¿ Vigilância em Saúde,2020,Padrão
DCA-Anexo I-C,2020,DCA-Anexo I-C,RO1.7.1.8.03.4.0,4318002,Receitas Brutas Realizadas,1.7.1.8.03.4.0 - Transferência de Recursos do SUS ¿ Assistência Farmacêutica,2020,Padrão
DCA-Anexo I-C,2020,DCA-Anexo I-C,RO1.7.1.8.03.5.0,4318002,Receitas Brutas Realizadas,1.7.1.8.03.5.0 - Transferência de Recursos do SUS ¿ Gestão do SUS,2020,Padrão
DCA-Anexo I-C,2020,DCA-Anexo I-C,RO1.7.1.8.03.9.0,4318002,Receitas Brutas Realizadas,1.7.1.8.03.9.0 - Transferência de Recursos do SUS ¿ Outros Programas Financiados por Transferências Fundo a Fundo,2020,Padrão
DCA-Anexo I-C,2020,DCA-Anexo I-C,RO1.7.1.8.04.0.0,4318002,Receitas Brutas Realizadas,1.7.1.8.04.0.0 Transferências de Recursos do Sistema Único de Saúde ¿ SUS - Bloco Investimentos na Rede de Serviços Públicos de Saúde,2020,Padrão
DCA-Anexo I-C,2020,DCA-Anexo I-C,RO1.7.1.8.04.2.0,4318002,Receitas Brutas Realizadas,1.7.1.8.04.2.0 - Transferências de Recursos do Sistema Único de Saúde ¿ SUS destinados à Atenção Especializada,2020,Padrão
DCA-Anexo I-C,2020,DCA-Anexo I-C,RO1.7.1.8.05.0.0,4318002,Receitas Brutas Realizadas,1.7.1.8.05.0.0 Transferências de Recursos do Fundo Nacional do Desenvolvimento da Educação ¿ FNDE,2020,Padrão
DCA-Anexo I-C,2020,DCA-Anexo I-C,RO1.7.1.8.05.1.0,4318002,Receitas Brutas Realizadas,1.7.1.8.05.1.0 Transferências do Salário-Educação,2020,Padrão
DCA-Anexo I-C,2020,DCA-Anexo I-C,RO1.7.1.8.05.2.0,4318002,Receitas Brutas Realizadas,1.7.1.8.05.2.0 Transferências Diretas do FNDE referentes ao Programa Dinheiro Direto na Escola ¿ PDDE,2020,Padrão
DCA-Anexo I-C,2020,DCA-Anexo I-C,RO1.7.1.8.05.3.0,4318002,Receitas Brutas Realizadas,1.7.1.8.05.3.0 Transferências Diretas do FNDE referentes ao Programa Nacional de Alimentação Escolar ¿ PNAE,2020,Padrão
DCA-Anexo I-C,2020,DCA-Anexo I-C,RO1.7.1.8.05.4.0,4318002,Receitas Brutas Realizadas,1.7.1.8.05.4.0 Transferências Diretas do FNDE referentes ao Programa Nacional de Apoio ao Transporte do Escolar ¿ PNATE,2020,Padrão
DCA-Anexo I-C,2020,DCA-Anexo I-C,RO1.7.1.8.05.9.0,4318002,Receitas Brutas Realizadas,1.7.1.8.05.9.0 Outras Transferências Diretas do Fundo Nacional do Desenvolvimento da Educação ¿ FNDE,2020,Padrão
DCA-Anexo I-C,2020,DCA-Anexo I-C,RO1.7.1.8.06.0.0,4318002,Receitas Brutas Realizadas,1.7.1.8.06.0.0 Transferência Financeira do ICMS ¿ Desoneração ¿ L.C. Nº 87/96,2020,Padrão
DCA-Anexo I-C,2020,DCA-Anexo I-C,RO1.7.1.8.12.0.0,4318002,Receitas Brutas Realizadas,1.7.1.8.12.0.0 - Transferências de Recursos do Fundo Nacional de Assistência Social ¿ FNAS,2020,Padrão
DCA-Anexo I-C,2020,DCA-Anexo I-C,RO1.7.1.8.99.0.0,4318002,Receitas Brutas Realizadas,1.7.1.8.99.0.0 Outras Transferências da União,2020,Padrão
DCA-Anexo I-C,2020,DCA-Anexo I-C,RO1.7.2.0.00.0.0,4318002,Receitas Brutas Realizadas,1.7.2.0.00.0.0 - Transferências dos Estados e do Distrito Federal e de suas Entidades,2020,Padrão
DCA-Anexo I-C,2020,DCA-Anexo I-C,RO1.7.2.0.00.0.0,4318002,Deduções - FUNDEB,1.7.2.0.00.0.0 - Transferências dos Estados e do Distrito Federal e de suas Entidades,2020,Padrão
DCA-Anexo I-C,2020,DCA-Anexo I-C,RO1.7.2.8.00.0.0,4318002,Receitas Brutas Realizadas,"1.7.2.8.00.0.0 Transferências dos Estados - Específicas de Estados, DF e Municípios",2020,Padrão
DCA-Anexo I-C,2020,DCA-Anexo I-C,RO1.7.2.8.00.0.0,4318002,Deduções - FUNDEB,"1.7.2.8.00.0.0 Transferências dos Estados - Específicas de Estados, DF e Municípios",2020,Padrão
DCA-Anexo I-C,2020,DCA-Anexo I-C,RO1.7.2.8.01.0.0,4318002,Receitas Brutas Realizadas,1.7.2.8.01.0.0 Participação na Receita dos Estados,2020,Padrão
DCA-Anexo I-C,2020,DCA-Anexo I-C,RO1.7.2.8.01.0.0,4318002,Deduções - FUNDEB,1.7.2.8.01.0.0 Participação na Receita dos Estados,2020,Padrão
DCA-Anexo I-C,2020,DCA-Anexo I-C,RO1.7.2.8.01.1.0,4318002,Receitas Brutas Realizadas,1.7.2.8.01.1.0 Cota-Parte do ICMS,2020,Padrão
DCA-Anexo I-C,2020,DCA-Anexo I-C,RO1.7.2.8.01.1.0,4318002,Deduções - FUNDEB,1.7.2.8.01.1.0 Cota-Parte do ICMS,2020,Padrão
DCA-Anexo I-C,2020,DCA-Anexo I-C,RO1.7.2.8.01.2.0,4318002,Receitas Brutas Realizadas,1.7.2.8.01.2.0 Cota-Parte do IPVA,2020,Padrão
DCA-Anexo I-C,2020,DCA-Anexo I-C,RO1.7.2.8.01.2.0,4318002,Deduções - FUNDEB,1.7.2.8.01.2.0 Cota-Parte do IPVA,2020,Padrão
DCA-Anexo I-C,2020,DCA-Anexo I-C,RO1.7.2.8.01.3.0,4318002,Receitas Brutas Realizadas,1.7.2.8.01.3.0 Cota-Parte do IPI - Municípios,2020,Padrão
DCA-Anexo I-C,2020,DCA-Anexo I-C,RO1.7.2.8.01.3.0,4318002,Deduções - FUNDEB,1.7.2.8.01.3.0 Cota-Parte do IPI - Municípios,2020,Padrão
DCA-Anexo I-C,2020,DCA-Anexo I-C,RO1.7.2.8.01.4.0,4318002,Receitas Brutas Realizadas,1.7.2.8.01.4.0 Cota-Parte da Contribuição de Intervenção no Domínio Econômico,2020,Padrão
DCA-Anexo I-C,2020,DCA-Anexo I-C,RO1.7.2.8.03.0.0,4318002,Receitas Brutas Realizadas,1.7.2.8.03.0.0 Transferência de Recursos do Estado para Programas de Saúde ¿ Repasse Fundo a Fundo,2020,Padrão
DCA-Anexo I-C,2020,DCA-Anexo I-C,RO1.7.2.8.10.0.0,4318002,Receitas Brutas Realizadas,1.7.2.8.10.0.0 Transferência de Convênios dos Estados e do Distrito Federal e de Suas Entidades,2020,Padrão
DCA-Anexo I-C,2020,DCA-Anexo I-C,RO1.7.2.8.10.1.0,4318002,Receitas Brutas Realizadas,1.7.2.8.10.1.0 Transferências de Convênio dos Estados para o Sistema Único de Saúde ¿ SUS,2020,Padrão
DCA-Anexo I-C,2020,DCA-Anexo I-C,RO1.7.2.8.10.2.0,4318002,Receitas Brutas Realizadas,1.7.2.8.10.2.0 Transferências de Convênio dos Estados Destinadas a Programas de Educação,2020,Padrão
DCA-Anexo I-C,2020,DCA-Anexo I-C,RO1.7.2.8.99.0.0,4318002,Receitas Brutas Realizadas,1.7.2.8.99.0.0 Outras Transferências dos Estados,2020,Padrão
DCA-Anexo I-C,2020,DCA-Anexo I-C,RO1.7.4.0.00.0.0,4318002,Receitas Brutas Realizadas,1.7.4.0.00.0.0 - Transferências de Instituições Privadas,2020,Padrão
DCA-Anexo I-C,2020,DCA-Anexo I-C,RO1.7.4.8.00.0.0,4318002,Receitas Brutas Realizadas,"1.7.4.8.00.0.0 Transferências de Instituições Privadas - Específicas de Estados, DF e Municípios",2020,Padrão
DCA-Anexo I-C,2020,DCA-Anexo I-C,RO1.7.4.8.10.0.0,4318002,Receitas Brutas Realizadas,1.7.4.8.10.0.0 - Outras Transferência de Instituições Privadas para EST/DF/MUN - Não Especificadas Anteriormente,2020,Padrão
DCA-Anexo I-C,2020,DCA-Anexo I-C,RO1.7.5.0.00.0.0,4318002,Receitas Brutas Realizadas,1.7.5.0.00.0.0 - Transferências de Outras Instituições Públicas,2020,Padrão
DCA-Anexo I-C,2020,DCA-Anexo I-C,RO1.7.5.8.00.0.0,4318002,Receitas Brutas Realizadas,"1.7.5.8.00.0.0 Transferências de Outras Instituições Públicas - Específicas de Estados, DF e Municípios",2020,Padrão
DCA-Anexo I-C,2020,DCA-Anexo I-C,RO1.7.5.8.01.0.0,4318002,Receitas Brutas Realizadas,1.7.5.8.01.0.0 Transferências de Recursos do Fundo de Manutenção e Desenvolvimento da Educação Básica e de Valorização dos Profissionais da Educação ¿ FUNDEB,2020,Padrão
DCA-Anexo I-C,2020,DCA-Anexo I-C,RO1.7.7.0.00.0.0,4318002,Receitas Brutas Realizadas,1.7.7.0.00.0.0 - Transferências de Pessoas Físicas,2020,Padrão
DCA-Anexo I-C,2020,DCA-Anexo I-C,RO1.7.7.0.00.1.0,4318002,Receitas Brutas Realizadas,1.7.7.0.00.1.0 - Transferências de Pessoas Físicas,2020,Padrão
DCA-Anexo I-C,2020,DCA-Anexo I-C,RO1.9.0.0.00.0.0,4318002,Receitas Brutas Realizadas,1.9.0.0.00.0.0 - Outras Receitas Correntes,2020,Padrão
DCA-Anexo I-C,2020,DCA-Anexo I-C,RO1.9.1.0.00.0.0,4318002,Receitas Brutas Realizadas,"1.9.1.0.00.0.0 - Multas Administrativas, Contratuais e Judiciais",2020,Padrão
DCA-Anexo I-C,2020,DCA-Anexo I-C,RO1.9.1.0.01.0.0,4318002,Receitas Brutas Realizadas,1.9.1.0.01.0.0 - Multas Previstas em Legislação Específica,2020,Padrão
DCA-Anexo I-C,2020,DCA-Anexo I-C,RO1.9.1.0.06.0.0,4318002,Receitas Brutas Realizadas,1.9.1.0.06.0.0 - Multas por Danos Ambientais,2020,Padrão
DCA-Anexo I-C,2020,DCA-Anexo I-C,RO1.9.1.0.06.2.0,4318002,Receitas Brutas Realizadas,1.9.1.0.06.2.0 - Multas Judiciais por Danos Ambientais,2020,Padrão
DCA-Anexo I-C,2020,DCA-Anexo I-C,RO1.9.2.0.00.0.0,4318002,Receitas Brutas Realizadas,"1.9.2.0.00.0.0 - Indenizações, Restituições e Ressarcimentos",2020,Padrão
DCA-Anexo I-C,2020,DCA-Anexo I-C,RO1.9.2.8.00.0.0,4318002,Receitas Brutas Realizadas,"1.9.2.8.00.0.0 - Indenizações, Restituições e Ressarcimentos - Específicas para Estados/DF/Municípios",2020,Padrão
DCA-Anexo I-C,2020,DCA-Anexo I-C,RO1.9.2.8.02.0.0,4318002,Receitas Brutas Realizadas,1.9.2.8.02.0.0 - Restituições - Específicas para Estados/DF/Municípios,2020,Padrão
DCA-Anexo I-C,2020,DCA-Anexo I-C,RO1.9.2.8.02.1.0,4318002,Receitas Brutas Realizadas,1.9.2.8.02.1.0 - Restituições de Recursos Recebidos do SUS - Específicas para Estados/DF/Municípios,2020,Padrão
DCA-Anexo I-C,2020,DCA-Anexo I-C,RO1.9.2.8.02.9.0,4318002,Receitas Brutas Realizadas,1.9.2.8.02.9.0 - Outras Restituições - Específicas para Estados/DF/Municípios - Não Especificadas Anteriormente,2020,Padrão
DCA-Anexo I-C,2020,DCA-Anexo I-C,RO1.9.2.8.03.0.0,4318002,Receitas Brutas Realizadas,1.9.2.8.03.0.0 - Ressarcimentos - Específicas para Estados/DF/Municípios,2020,Padrão
DCA-Anexo I-C,2020,DCA-Anexo I-C,RO1.9.9.0.00.0.0,4318002,Receitas Brutas Realizadas,1.9.9.0.00.0.0 - Demais Receitas Correntes,2020,Padrão
DCA-Anexo I-C,2020,DCA-Anexo I-C,RO1.9.9.0.03.0.0,4318002,Receitas Brutas Realizadas,1.9.9.0.03.0.0 - Compensações Financeiras entre o Regime Geral e os Regimes Próprios de Previdência dos Servidores,2020,Padrão
DCA-Anexo I-C,2020,DCA-Anexo I-C,RO1.9.9.0.12.0.0,4318002,Receitas Brutas Realizadas,1.9.9.0.12.0.0 - Encargos Legais pela Inscrição em Dívida Ativa e Receitas de Ônus de Sucumbência,2020,Padrão
DCA-Anexo I-C,2020,DCA-Anexo I-C,RO1.9.9.0.12.2.0,4318002,Receitas Brutas Realizadas,1.9.9.0.12.2.0 - Ônus de Sucumbência,2020,Padrão
DCA-Anexo I-C,2020,DCA-Anexo I-C,RO1.9.9.0.99.0.0,4318002,Receitas Brutas Realizadas,1.9.9.0.99.0.0 - Outras Receitas,2020,Padrão
DCA-Anexo I-C,2020,DCA-Anexo I-C,RO1.9.9.0.99.1.0,4318002,Receitas Brutas Realizadas,1.9.9.0.99.1.0 - Outras Receitas - Primárias,2020,Padrão
DCA-Anexo I-C,2020,DCA-Anexo I-C,RO2.0.0.0.00.0.0,4318002,Receitas Brutas Realizadas,2.0.0.0.00.0.0 - Receitas de Capital,2020,Padrão
DCA-Anexo I-C,2020,DCA-Anexo I-C,RO2.1.0.0.00.0.0,4318002,Receitas Brutas Realizadas,2.1.0.0.00.0.0 - Operações de Crédito,2020,Padrão
DCA-Anexo I-C,2020,DCA-Anexo I-C,RO2.1.1.0.00.0.0,4318002,Receitas Brutas Realizadas,2.1.1.0.00.0.0 - Operações de Crédito - Mercado Interno,2020,Padrão
DCA-Anexo I-C,2020,DCA-Anexo I-C,RO2.1.1.8.00.0.0,4318002,Receitas Brutas Realizadas,2.1.1.8.00.0.0 Operações de Crédito - Mercado Interno - Estados/DF/Municípios,2020,Padrão
DCA-Anexo I-C,2020,DCA-Anexo I-C,RO2.1.1.8.01.0.0,4318002,Receitas Brutas Realizadas,2.1.1.8.01.0.0 - Operações de Crédito Internas de Estados/DF/Municípios,2020,Padrão
DCA-Anexo I-C,2020,DCA-Anexo I-C,RO2.1.1.8.01.3.0,4318002,Receitas Brutas Realizadas,2.1.1.8.01.3.0 - Operações de Crédito Internas para Programas de Saneamento,2020,Padrão
DCA-Anexo I-C,2020,DCA-Anexo I-C,RO2.4.0.0.00.0.0,4318002,Receitas Brutas Realizadas,2.4.0.0.00.0.0 - Transferências de Capital,2020,Padrão
DCA-Anexo I-C,2020,DCA-Anexo I-C,RO2.4.1.0.00.0.0,4318002,Receitas Brutas Realizadas,2.4.1.0.00.0.0 - Transferências da União e de suas Entidades,2020,Padrão
DCA-Anexo I-C,2020,DCA-Anexo I-C,RO2.4.1.8.00.0.0,4318002,Receitas Brutas Realizadas,"2.4.1.8.00.0.0 Transferências da União - Específicas de Estados, DF e Municípios",2020,Padrão
DCA-Anexo I-C,2020,DCA-Anexo I-C,RO2.4.1.8.04.0.0,4318002,Receitas Brutas Realizadas,2.4.1.8.04.0.0 - Transferências de Recursos do Sistema Único de Saúde ¿ SUS - Bloco Investimentos na Rede de Serviços Públicos de Saúde,2020,Padrão
DCA-Anexo I-C,2020,DCA-Anexo I-C,RO2.4.1.8.04.1.0,4318002,Receitas Brutas Realizadas,2.4.1.8.04.1.0 - Transferências de Recursos do Sistema Único de Saúde ¿ SUS destinados à Atenção Básica,2020,Padrão
DCA-Anexo I-C,2020,DCA-Anexo I-C,RO2.4.1.8.04.6.0,4318002,Receitas Brutas Realizadas,"2.4.1.8.04.6.0 - Outras Transferências de Recursos do Sistema Único de Saúde ¿ SUS, não detalhadas anteriormente",2020,Padrão
DCA-Anexo I-C,2020,DCA-Anexo I-C,RO2.4.1.8.10.0.0,4318002,Receitas Brutas Realizadas,2.4.1.8.10.0.0 Transferência de Convênios da União e de suas Entidades,2020,Padrão
DCA-Anexo I-C,2020,DCA-Anexo I-C,RO2.4.1.8.10.7.0,4318002,Receitas Brutas Realizadas,2.4.1.8.10.7.0 - Transferências de Convênios da União destinadas a Programas de Infraestrutura em Transporte,2020,Padrão
DCA-Anexo I-C,2020,DCA-Anexo I-C,RO2.4.1.8.10.9.0,4318002,Receitas Brutas Realizadas,2.4.1.8.10.9.0 - Outras Transferências de Convênios da União,2020,Padrão
DCA-Anexo I-C,2020,DCA-Anexo I-C,RO2.4.2.0.00.0.0,4318002,Receitas Brutas Realizadas,2.4.2.0.00.0.0 - Transferências dos Estados e do Distrito Federal e de suas Entidades,2020,Padrão
DCA-Anexo I-C,2020,DCA-Anexo I-C,RO2.4.2.8.00.0.0,4318002,Receitas Brutas Realizadas,"2.4.2.8.00.0.0 Transferências dos Estados, Distrito Federal, e de suas Entidades",2020,Padrão
DCA-Anexo I-C,2020,DCA-Anexo I-C,RO2.4.2.8.10.0.0,4318002,Receitas Brutas Realizadas,2.4.2.8.10.0.0 Transferências de Convênios dos Estados e do Distrito Federal e de suas Entidades,2020,Padrão
DCA-Anexo I-C,2020,DCA-Anexo I-C,RO2.4.2.8.10.9.0,4318002,Receitas Brutas Realizadas,2.4.2.8.10.9.0 - Outras Transferências de Convênio dos Estados,2020,Padrão
DCA-Anexo I-C,2020,DCA-Anexo I-C,RO2.9.0.0.00.0.0,4318002,Receitas Brutas Realizadas,2.9.0.0.00.0.0 - Outras Receitas de Capital,2020,Padrão
DCA-Anexo I-C,2020,DCA-Anexo I-C,RO2.9.9.0.00.0.0,4318002,Receitas Brutas Realizadas,2.9.9.0.00.0.0 - Demais Receitas de Capital,2020,Padrão
DCA-Anexo I-C,2020,DCA-Anexo I-C,RO2.9.9.0.00.1.0,4318002,Receitas Brutas Realizadas,2.9.9.0.00.1.0 Demais Receitas de Capital,2020,Padrão
DCA-Anexo I-C,2020,DCA-Anexo I-C,ReceitasIntraOrcamentarias,4318002,Receitas Brutas Realizadas,RECEITAS (INTRA-ORÇAMENTÁRIAS) (II),2020,Padrão
DCA-Anexo I-C,2020,DCA-Anexo I-C,RI7.0.0.0.00.0.0,4318002,Receitas Brutas Realizadas,7.0.0.0.00.0.0 - Receitas Correntes,2020,Padrão
DCA-Anexo I-C,2020,DCA-Anexo I-C,RI7.2.0.0.00.0.0,4318002,Receitas Brutas Realizadas,7.2.0.0.00.0.0 - Contribuições,2020,Padrão
DCA-Anexo I-C,2020,DCA-Anexo I-C,RI7.2.1.0.00.0.0,4318002,Receitas Brutas Realizadas,7.2.1.0.00.0.0 - Contribuições Sociais,2020,Padrão
DCA-Anexo I-C,2020,DCA-Anexo I-C,RI7.2.1.8.00.0.0,4318002,Receitas Brutas Realizadas,"7.2.1.8.00.0.0 Contribuições Sociais Específicas de Estados, DF e 
 Municípios",2020,Padrão
DCA-Anexo I-C,2020,DCA-Anexo I-C,RI7.2.1.8.02.0.0,4318002,Receitas Brutas Realizadas,7.2.1.8.02.0.0 - CPSSS - Parcelamentos - Específico de EST/DF/MUN,2020,Padrão
DCA-Anexo I-C,2020,DCA-Anexo I-C,RI7.2.1.8.03.0.0,4318002,Receitas Brutas Realizadas,7.2.1.8.03.0.0 - CPSSS Patronal - Servidor Civil - Específico de EST/DF/MUN,2020,Padrão
DCA-Anexo I-C,2020,DCA-Anexo I-C,RI7.2.1.8.03.1.0,4318002,Receitas Brutas Realizadas,7.2.1.8.03.1.0 - CPSSS Patronal - Servidor Civil Ativo,2020,Padrão
DCA-Anexo I-C,2020,DCA-Anexo I-C,RI7.2.1.8.04.0.0,4318002,Receitas Brutas Realizadas,7.2.1.8.04.0.0 - CPSSS Patronal - Parcelamentos - Específico de EST/DF/MUN,2020,Padrão
DCA-Anexo I-C,2020,DCA-Anexo I-C,RI7.2.1.8.04.1.0,4318002,Receitas Brutas Realizadas,7.2.1.8.04.1.0 - CPSSS Patronal - Parcelamentos - Servidor Civil Ativo,2020,Padrão
DCA-Anexo I-C,2020,DCA-Anexo I-C,TotalReceitas,4318002,Receitas Brutas Realizadas,TOTAL DAS RECEITAS (III) = (I + II),2020,Padrão
DCA-Anexo I-C,2020,DCA-Anexo I-C,TotalReceitas,4318002,Deduções - FUNDEB,TOTAL DAS RECEITAS (III) = (I + II),2020,Padrão
DCA-Anexo I-C,2020,DCA-Anexo I-C,TotalReceitas,4318002,Outras Deduções da Receita,TOTAL DAS RECEITAS (III) = (I + II),2020,Padrão
DCA-Anexo I-D,2020,DCA-Anexo I-D,TotalDespesas,4318002,Despesas Empenhadas,Total Geral da Despesa,2020,Padrão
DCA-Anexo I-D,2020,DCA-Anexo I-D,TotalDespesas,4318002,Despesas Liquidadas,Total Geral da Despesa,2020,Padrão
DCA-Anexo I-D,2020,DCA-Anexo I-D,TotalDespesas,4318002,Despesas Pagas,Total Geral da Despesa,2020,Padrão
DCA-Anexo I-D,2020,DCA-Anexo I-D,TotalDespesas,4318002,Inscrição de Restos a Pagar Não Processados,Total Geral da Despesa,2020,Padrão
DCA-Anexo I-D,2020,DCA-Anexo I-D,TotalDespesas,4318002,Inscrição de Restos a Pagar Processados,Total Geral da Despesa,2020,Padrão
DCA-Anexo I-D,2020,DCA-Anexo I-D,DO3.0.00.00.00.00,4318002,Despesas Empenhadas,3.0.00.00.00 - Despesas Correntes,2020,Padrão
DCA-Anexo I-D,2020,DCA-Anexo I-D,DO3.0.00.00.00.00,4318002,Despesas Liquidadas,3.0.00.00.00 - Despesas Correntes,2020,Padrão
DCA-Anexo I-D,2020,DCA-Anexo I-D,DO3.0.00.00.00.00,4318002,Despesas Pagas,3.0.00.00.00 - Despesas Correntes,2020,Padrão
DCA-Anexo I-D,2020,DCA-Anexo I-D,DO3.0.00.00.00.00,4318002,Inscrição de Restos a Pagar Não Processados,3.0.00.00.00 - Despesas Correntes,2020,Padrão
DCA-Anexo I-D,2020,DCA-Anexo I-D,DO3.0.00.00.00.00,4318002,Inscrição de Restos a Pagar Processados,3.0.00.00.00 - Despesas Correntes,2020,Padrão
DCA-Anexo I-D,2020,DCA-Anexo I-D,DO3.1.00.00.00.00,4318002,Despesas Empenhadas,3.1.00.00.00 - Pessoal e Encargos Sociais,2020,Padrão
DCA-Anexo I-D,2020,DCA-Anexo I-D,DO3.1.00.00.00.00,4318002,Despesas Liquidadas,3.1.00.00.00 - Pessoal e Encargos Sociais,2020,Padrão
DCA-Anexo I-D,2020,DCA-Anexo I-D,DO3.1.00.00.00.00,4318002,Despesas Pagas,3.1.00.00.00 - Pessoal e Encargos Sociais,2020,Padrão
DCA-Anexo I-D,2020,DCA-Anexo I-D,DO3.1.00.00.00.00,4318002,Inscrição de Restos a Pagar Não Processados,3.1.00.00.00 - Pessoal e Encargos Sociais,2020,Padrão
DCA-Anexo I-D,2020,DCA-Anexo I-D,DO3.1.00.00.00.00,4318002,Inscrição de Restos a Pagar Processados,3.1.00.00.00 - Pessoal e Encargos Sociais,2020,Padrão
DCA-Anexo I-D,2020,DCA-Anexo I-D,DO3.1.90.00.00.00,4318002,Despesas Empenhadas,3.1.90.00.00 - Aplicações Diretas,2020,Padrão
DCA-Anexo I-D,2020,DCA-Anexo I-D,DO3.1.90.00.00.00,4318002,Despesas Liquidadas,3.1.90.00.00 - Aplicações Diretas,2020,Padrão
DCA-Anexo I-D,2020,DCA-Anexo I-D,DO3.1.90.00.00.00,4318002,Despesas Pagas,3.1.90.00.00 - Aplicações Diretas,2020,Padrão
DCA-Anexo I-D,2020,DCA-Anexo I-D,DO3.1.90.00.00.00,4318002,Inscrição de Restos a Pagar Não Processados,3.1.90.00.00 - Aplicações Diretas,2020,Padrão
DCA-Anexo I-D,2020,DCA-Anexo I-D,DO3.1.90.00.00.00,4318002,Inscrição de Restos a Pagar Processados,3.1.90.00.00 - Aplicações Diretas,2020,Padrão
DCA-Anexo I-D,2020,DCA-Anexo I-D,DO3.1.90.01.00.00,4318002,Despesas Empenhadas,"3.1.90.01.00 - Aposentadorias do RPPS, Reserva Remunerada e Reformas dos Militares",2020,Padrão
DCA-Anexo I-D,2020,DCA-Anexo I-D,DO3.1.90.01.00.00,4318002,Despesas Liquidadas,"3.1.90.01.00 - Aposentadorias do RPPS, Reserva Remunerada e Reformas dos Militares",2020,Padrão
DCA-Anexo I-D,2020,DCA-Anexo I-D,DO3.1.90.01.00.00,4318002,Despesas Pagas,"3.1.90.01.00 - Aposentadorias do RPPS, Reserva Remunerada e Reformas dos Militares",2020,Padrão
DCA-Anexo I-D,2020,DCA-Anexo I-D,DO3.1.90.03.00.00,4318002,Despesas Empenhadas,3.1.90.03.00 - Pensões do RPPS e do Militar,2020,Padrão
DCA-Anexo I-D,2020,DCA-Anexo I-D,DO3.1.90.03.00.00,4318002,Despesas Liquidadas,3.1.90.03.00 - Pensões do RPPS e do Militar,2020,Padrão
DCA-Anexo I-D,2020,DCA-Anexo I-D,DO3.1.90.03.00.00,4318002,Despesas Pagas,3.1.90.03.00 - Pensões do RPPS e do Militar,2020,Padrão
DCA-Anexo I-D,2020,DCA-Anexo I-D,DO3.1.90.04.00.00,4318002,Despesas Empenhadas,3.1.90.04.00 - Contratação por Tempo Determinado,2020,Padrão
DCA-Anexo I-D,2020,DCA-Anexo I-D,DO3.1.90.04.00.00,4318002,Despesas Liquidadas,3.1.90.04.00 - Contratação por Tempo Determinado,2020,Padrão
DCA-Anexo I-D,2020,DCA-Anexo I-D,DO3.1.90.04.00.00,4318002,Despesas Pagas,3.1.90.04.00 - Contratação por Tempo Determinado,2020,Padrão
DCA-Anexo I-D,2020,DCA-Anexo I-D,DO3.1.90.04.00.00,4318002,Inscrição de Restos a Pagar Processados,3.1.90.04.00 - Contratação por Tempo Determinado,2020,Padrão
DCA-Anexo I-D,2020,DCA-Anexo I-D,DO3.1.90.05.00.00,4318002,Despesas Empenhadas,3.1.90.05.00 - Outros Benefícios Previdenciários do Servidor ou do Militar,2020,Padrão
DCA-Anexo I-D,2020,DCA-Anexo I-D,DO3.1.90.05.00.00,4318002,Despesas Liquidadas,3.1.90.05.00 - Outros Benefícios Previdenciários do Servidor ou do Militar,2020,Padrão
DCA-Anexo I-D,2020,DCA-Anexo I-D,DO3.1.90.05.00.00,4318002,Despesas Pagas,3.1.90.05.00 - Outros Benefícios Previdenciários do Servidor ou do Militar,2020,Padrão
DCA-Anexo I-D,2020,DCA-Anexo I-D,DO3.1.90.11.00.00,4318002,Despesas Empenhadas,3.1.90.11.00 - Vencimentos e Vantagens Fixas - Pessoal Civil,2020,Padrão
DCA-Anexo I-D,2020,DCA-Anexo I-D,DO3.1.90.11.00.00,4318002,Despesas Liquidadas,3.1.90.11.00 - Vencimentos e Vantagens Fixas - Pessoal Civil,2020,Padrão
DCA-Anexo I-D,2020,DCA-Anexo I-D,DO3.1.90.11.00.00,4318002,Despesas Pagas,3.1.90.11.00 - Vencimentos e Vantagens Fixas - Pessoal Civil,2020,Padrão
DCA-Anexo I-D,2020,DCA-Anexo I-D,DO3.1.90.11.00.00,4318002,Inscrição de Restos a Pagar Não Processados,3.1.90.11.00 - Vencimentos e Vantagens Fixas - Pessoal Civil,2020,Padrão
DCA-Anexo I-D,2020,DCA-Anexo I-D,DO3.1.90.11.00.00,4318002,Inscrição de Restos a Pagar Processados,3.1.90.11.00 - Vencimentos e Vantagens Fixas - Pessoal Civil,2020,Padrão
DCA-Anexo I-D,2020,DCA-Anexo I-D,DO3.1.90.13.00.00,4318002,Despesas Empenhadas,3.1.90.13.00 - Obrigações Patronais,2020,Padrão
DCA-Anexo I-D,2020,DCA-Anexo I-D,DO3.1.90.13.00.00,4318002,Despesas Liquidadas,3.1.90.13.00 - Obrigações Patronais,2020,Padrão
DCA-Anexo I-D,2020,DCA-Anexo I-D,DO3.1.90.13.00.00,4318002,Despesas Pagas,3.1.90.13.00 - Obrigações Patronais,2020,Padrão
DCA-Anexo I-D,2020,DCA-Anexo I-D,DO3.1.90.13.00.00,4318002,Inscrição de Restos a Pagar Não Processados,3.1.90.13.00 - Obrigações Patronais,2020,Padrão
DCA-Anexo I-D,2020,DCA-Anexo I-D,DO3.1.90.13.00.00,4318002,Inscrição de Restos a Pagar Processados,3.1.90.13.00 - Obrigações Patronais,2020,Padrão
DCA-Anexo I-D,2020,DCA-Anexo I-D,DO3.1.90.13.01.00,4318002,Despesas Empenhadas,3.1.90.13.01 - FGTS,2020,Padrão
DCA-Anexo I-D,2020,DCA-Anexo I-D,DO3.1.90.13.01.00,4318002,Despesas Liquidadas,3.1.90.13.01 - FGTS,2020,Padrão
DCA-Anexo I-D,2020,DCA-Anexo I-D,DO3.1.90.13.01.00,4318002,Despesas Pagas,3.1.90.13.01 - FGTS,2020,Padrão
DCA-Anexo I-D,2020,DCA-Anexo I-D,DO3.1.90.13.01.00,4318002,Inscrição de Restos a Pagar Processados,3.1.90.13.01 - FGTS,2020,Padrão
DCA-Anexo I-D,2020,DCA-Anexo I-D,DO3.1.90.13.02.00,4318002,Despesas Empenhadas,3.1.90.13.02 - Contribuições Previdenciárias - INSS,2020,Padrão
DCA-Anexo I-D,2020,DCA-Anexo I-D,DO3.1.90.13.02.00,4318002,Despesas Liquidadas,3.1.90.13.02 - Contribuições Previdenciárias - INSS,2020,Padrão
DCA-Anexo I-D,2020,DCA-Anexo I-D,DO3.1.90.13.02.00,4318002,Despesas Pagas,3.1.90.13.02 - Contribuições Previdenciárias - INSS,2020,Padrão
DCA-Anexo I-D,2020,DCA-Anexo I-D,DO3.1.90.13.02.00,4318002,Inscrição de Restos a Pagar Não Processados,3.1.90.13.02 - Contribuições Previdenciárias - INSS,2020,Padrão
DCA-Anexo I-D,2020,DCA-Anexo I-D,DO3.1.90.13.02.00,4318002,Inscrição de Restos a Pagar Processados,3.1.90.13.02 - Contribuições Previdenciárias - INSS,2020,Padrão
DCA-Anexo I-D,2020,DCA-Anexo I-D,DO3.1.90.13.99.00,4318002,Despesas Empenhadas,3.1.90.13.99 - Outras Obrigações Patronais,2020,Padrão
DCA-Anexo I-D,2020,DCA-Anexo I-D,DO3.1.90.13.99.00,4318002,Despesas Liquidadas,3.1.90.13.99 - Outras Obrigações Patronais,2020,Padrão
DCA-Anexo I-D,2020,DCA-Anexo I-D,DO3.1.90.13.99.00,4318002,Despesas Pagas,3.1.90.13.99 - Outras Obrigações Patronais,2020,Padrão
DCA-Anexo I-D,2020,DCA-Anexo I-D,DO3.1.90.13.99.00,4318002,Inscrição de Restos a Pagar Não Processados,3.1.90.13.99 - Outras Obrigações Patronais,2020,Padrão
DCA-Anexo I-D,2020,DCA-Anexo I-D,DO3.1.90.16.00.00,4318002,Despesas Empenhadas,3.1.90.16.00 - Outras Despesas Variáveis - Pessoal Civil,2020,Padrão
DCA-Anexo I-D,2020,DCA-Anexo I-D,DO3.1.90.16.00.00,4318002,Despesas Liquidadas,3.1.90.16.00 - Outras Despesas Variáveis - Pessoal Civil,2020,Padrão
DCA-Anexo I-D,2020,DCA-Anexo I-D,DO3.1.90.16.00.00,4318002,Despesas Pagas,3.1.90.16.00 - Outras Despesas Variáveis - Pessoal Civil,2020,Padrão
DCA-Anexo I-D,2020,DCA-Anexo I-D,DO3.1.90.94.00.00,4318002,Despesas Empenhadas,3.1.90.94.00 - Indenizações e Restituições Trabalhistas,2020,Padrão
DCA-Anexo I-D,2020,DCA-Anexo I-D,DO3.1.90.94.00.00,4318002,Despesas Liquidadas,3.1.90.94.00 - Indenizações e Restituições Trabalhistas,2020,Padrão
DCA-Anexo I-D,2020,DCA-Anexo I-D,DO3.1.90.94.00.00,4318002,Despesas Pagas,3.1.90.94.00 - Indenizações e Restituições Trabalhistas,2020,Padrão
DCA-Anexo I-D,2020,DCA-Anexo I-D,DO3.1.90.94.00.00,4318002,Inscrição de Restos a Pagar Não Processados,3.1.90.94.00 - Indenizações e Restituições Trabalhistas,2020,Padrão
DCA-Anexo I-D,2020,DCA-Anexo I-D,DI3.1.91.00.00.00,4318002,Despesas Empenhadas,"3.1.91.00.00 - Aplicação Direta Decorrente de Operação entre Órgãos, Fundos e Entidades Integrantes dos Orçamentos Fiscal e da Seguridade Social",2020,Padrão
DCA-Anexo I-D,2020,DCA-Anexo I-D,DI3.1.91.00.00.00,4318002,Despesas Liquidadas,"3.1.91.00.00 - Aplicação Direta Decorrente de Operação entre Órgãos, Fundos e Entidades Integrantes dos Orçamentos Fiscal e da Seguridade Social",2020,Padrão
DCA-Anexo I-D,2020,DCA-Anexo I-D,DI3.1.91.00.00.00,4318002,Despesas Pagas,"3.1.91.00.00 - Aplicação Direta Decorrente de Operação entre Órgãos, Fundos e Entidades Integrantes dos Orçamentos Fiscal e da Seguridade Social",2020,Padrão
DCA-Anexo I-D,2020,DCA-Anexo I-D,DI3.1.91.00.00.00,4318002,Inscrição de Restos a Pagar Não Processados,"3.1.91.00.00 - Aplicação Direta Decorrente de Operação entre Órgãos, Fundos e Entidades Integrantes dos Orçamentos Fiscal e da Seguridade Social",2020,Padrão
DCA-Anexo I-D,2020,DCA-Anexo I-D,DI3.1.91.00.00.00,4318002,Inscrição de Restos a Pagar Processados,"3.1.91.00.00 - Aplicação Direta Decorrente de Operação entre Órgãos, Fundos e Entidades Integrantes dos Orçamentos Fiscal e da Seguridade Social",2020,Padrão
DCA-Anexo I-D,2020,DCA-Anexo I-D,DI3.1.91.13.00.00,4318002,Despesas Empenhadas,3.1.91.13.00 - Contribuições Patronais,2020,Padrão
DCA-Anexo I-D,2020,DCA-Anexo I-D,DI3.1.91.13.00.00,4318002,Despesas Liquidadas,3.1.91.13.00 - Contribuições Patronais,2020,Padrão
DCA-Anexo I-D,2020,DCA-Anexo I-D,DI3.1.91.13.00.00,4318002,Despesas Pagas,3.1.91.13.00 - Contribuições Patronais,2020,Padrão
DCA-Anexo I-D,2020,DCA-Anexo I-D,DI3.1.91.13.00.00,4318002,Inscrição de Restos a Pagar Não Processados,3.1.91.13.00 - Contribuições Patronais,2020,Padrão
DCA-Anexo I-D,2020,DCA-Anexo I-D,DI3.1.91.13.00.00,4318002,Inscrição de Restos a Pagar Processados,3.1.91.13.00 - Contribuições Patronais,2020,Padrão
DCA-Anexo I-D,2020,DCA-Anexo I-D,DI3.1.91.13.08.00,4318002,Despesas Empenhadas,3.1.91.13.08 - Contribuições previdenciárias - RPPS - pessoal ativo - plano previdenciário,2020,Padrão
DCA-Anexo I-D,2020,DCA-Anexo I-D,DI3.1.91.13.08.00,4318002,Despesas Liquidadas,3.1.91.13.08 - Contribuições previdenciárias - RPPS - pessoal ativo - plano previdenciário,2020,Padrão
DCA-Anexo I-D,2020,DCA-Anexo I-D,DI3.1.91.13.08.00,4318002,Despesas Pagas,3.1.91.13.08 - Contribuições previdenciárias - RPPS - pessoal ativo - plano previdenciário,2020,Padrão
DCA-Anexo I-D,2020,DCA-Anexo I-D,DI3.1.91.13.08.00,4318002,Inscrição de Restos a Pagar Não Processados,3.1.91.13.08 - Contribuições previdenciárias - RPPS - pessoal ativo - plano previdenciário,2020,Padrão
DCA-Anexo I-D,2020,DCA-Anexo I-D,DI3.1.91.13.08.00,4318002,Inscrição de Restos a Pagar Processados,3.1.91.13.08 - Contribuições previdenciárias - RPPS - pessoal ativo - plano previdenciário,2020,Padrão
DCA-Anexo I-D,2020,DCA-Anexo I-D,DO3.2.00.00.00.00,4318002,Despesas Empenhadas,3.2.00.00.00 - Juros e Encargos da Dívida,2020,Padrão
DCA-Anexo I-D,2020,DCA-Anexo I-D,DO3.2.00.00.00.00,4318002,Despesas Liquidadas,3.2.00.00.00 - Juros e Encargos da Dívida,2020,Padrão
DCA-Anexo I-D,2020,DCA-Anexo I-D,DO3.2.00.00.00.00,4318002,Despesas Pagas,3.2.00.00.00 - Juros e Encargos da Dívida,2020,Padrão
DCA-Anexo I-D,2020,DCA-Anexo I-D,DO3.2.90.00.00.00,4318002,Despesas Empenhadas,3.2.90.00.00 - Aplicações Diretas,2020,Padrão
DCA-Anexo I-D,2020,DCA-Anexo I-D,DO3.2.90.00.00.00,4318002,Despesas Liquidadas,3.2.90.00.00 - Aplicações Diretas,2020,Padrão
DCA-Anexo I-D,2020,DCA-Anexo I-D,DO3.2.90.00.00.00,4318002,Despesas Pagas,3.2.90.00.00 - Aplicações Diretas,2020,Padrão
DCA-Anexo I-D,2020,DCA-Anexo I-D,DO3.2.90.21.00.00,4318002,Despesas Empenhadas,3.2.90.21.00 - Juros sobre a Dívida por Contrato,2020,Padrão
DCA-Anexo I-D,2020,DCA-Anexo I-D,DO3.2.90.21.00.00,4318002,Despesas Liquidadas,3.2.90.21.00 - Juros sobre a Dívida por Contrato,2020,Padrão
DCA-Anexo I-D,2020,DCA-Anexo I-D,DO3.2.90.21.00.00,4318002,Despesas Pagas,3.2.90.21.00 - Juros sobre a Dívida por Contrato,2020,Padrão
DCA-Anexo I-D,2020,DCA-Anexo I-D,DI3.2.91.00.00.00,4318002,Despesas Empenhadas,"3.2.91.00.00 - Aplicação direta decorrente de operação entre Órgãos, fundos e entidades integrantes dos OFSS",2020,Padrão
DCA-Anexo I-D,2020,DCA-Anexo I-D,DI3.2.91.00.00.00,4318002,Despesas Liquidadas,"3.2.91.00.00 - Aplicação direta decorrente de operação entre Órgãos, fundos e entidades integrantes dos OFSS",2020,Padrão
DCA-Anexo I-D,2020,DCA-Anexo I-D,DI3.2.91.00.00.00,4318002,Despesas Pagas,"3.2.91.00.00 - Aplicação direta decorrente de operação entre Órgãos, fundos e entidades integrantes dos OFSS",2020,Padrão
DCA-Anexo I-D,2020,DCA-Anexo I-D,DO3.3.00.00.00.00,4318002,Despesas Empenhadas,3.3.00.00.00 - Outras Despesas Correntes,2020,Padrão
DCA-Anexo I-D,2020,DCA-Anexo I-D,DO3.3.00.00.00.00,4318002,Despesas Liquidadas,3.3.00.00.00 - Outras Despesas Correntes,2020,Padrão
DCA-Anexo I-D,2020,DCA-Anexo I-D,DO3.3.00.00.00.00,4318002,Despesas Pagas,3.3.00.00.00 - Outras Despesas Correntes,2020,Padrão
DCA-Anexo I-D,2020,DCA-Anexo I-D,DO3.3.00.00.00.00,4318002,Inscrição de Restos a Pagar Não Processados,3.3.00.00.00 - Outras Despesas Correntes,2020,Padrão
DCA-Anexo I-D,2020,DCA-Anexo I-D,DO3.3.00.00.00.00,4318002,Inscrição de Restos a Pagar Processados,3.3.00.00.00 - Outras Despesas Correntes,2020,Padrão
DCA-Anexo I-D,2020,DCA-Anexo I-D,DO3.3.20.00.00.00,4318002,Despesas Empenhadas,3.3.20.00.00 - Transferências à União,2020,Padrão
DCA-Anexo I-D,2020,DCA-Anexo I-D,DO3.3.20.00.00.00,4318002,Despesas Liquidadas,3.3.20.00.00 - Transferências à União,2020,Padrão
DCA-Anexo I-D,2020,DCA-Anexo I-D,DO3.3.20.00.00.00,4318002,Despesas Pagas,3.3.20.00.00 - Transferências à União,2020,Padrão
DCA-Anexo I-D,2020,DCA-Anexo I-D,DO3.3.30.00.00.00,4318002,Despesas Empenhadas,3.3.30.00.00 - Transferências a Estados e ao Distrito Federal,2020,Padrão
DCA-Anexo I-D,2020,DCA-Anexo I-D,DO3.3.30.00.00.00,4318002,Despesas Liquidadas,3.3.30.00.00 - Transferências a Estados e ao Distrito Federal,2020,Padrão
DCA-Anexo I-D,2020,DCA-Anexo I-D,DO3.3.30.00.00.00,4318002,Despesas Pagas,3.3.30.00.00 - Transferências a Estados e ao Distrito Federal,2020,Padrão
DCA-Anexo I-D,2020,DCA-Anexo I-D,DO3.3.30.41.00.00,4318002,Despesas Empenhadas,3.3.30.41.00 - Contribuições,2020,Padrão
DCA-Anexo I-D,2020,DCA-Anexo I-D,DO3.3.30.41.00.00,4318002,Despesas Liquidadas,3.3.30.41.00 - Contribuições,2020,Padrão
DCA-Anexo I-D,2020,DCA-Anexo I-D,DO3.3.30.41.00.00,4318002,Despesas Pagas,3.3.30.41.00 - Contribuições,2020,Padrão
DCA-Anexo I-D,2020,DCA-Anexo I-D,DO3.3.30.93.00.00,4318002,Despesas Empenhadas,3.3.30.93.00 - Indenizações e restituições,2020,Padrão
DCA-Anexo I-D,2020,DCA-Anexo I-D,DO3.3.30.93.00.00,4318002,Despesas Liquidadas,3.3.30.93.00 - Indenizações e restituições,2020,Padrão
DCA-Anexo I-D,2020,DCA-Anexo I-D,DO3.3.30.93.00.00,4318002,Despesas Pagas,3.3.30.93.00 - Indenizações e restituições,2020,Padrão
DCA-Anexo I-D,2020,DCA-Anexo I-D,DO3.3.50.00.00.00,4318002,Despesas Empenhadas,3.3.50.00.00 - Transferências a Instituições Privadas sem Fins Lucrativos,2020,Padrão
DCA-Anexo I-D,2020,DCA-Anexo I-D,DO3.3.50.00.00.00,4318002,Despesas Liquidadas,3.3.50.00.00 - Transferências a Instituições Privadas sem Fins Lucrativos,2020,Padrão
DCA-Anexo I-D,2020,DCA-Anexo I-D,DO3.3.50.00.00.00,4318002,Despesas Pagas,3.3.50.00.00 - Transferências a Instituições Privadas sem Fins Lucrativos,2020,Padrão
DCA-Anexo I-D,2020,DCA-Anexo I-D,DO3.3.50.00.00.00,4318002,Inscrição de Restos a Pagar Processados,3.3.50.00.00 - Transferências a Instituições Privadas sem Fins Lucrativos,2020,Padrão
DCA-Anexo I-D,2020,DCA-Anexo I-D,DO3.3.60.00.00.00,4318002,Despesas Empenhadas,3.3.60.00.00 - Transferências a Instituições Privadas com Fins Lucrativos,2020,Padrão
DCA-Anexo I-D,2020,DCA-Anexo I-D,DO3.3.60.00.00.00,4318002,Despesas Liquidadas,3.3.60.00.00 - Transferências a Instituições Privadas com Fins Lucrativos,2020,Padrão
DCA-Anexo I-D,2020,DCA-Anexo I-D,DO3.3.60.00.00.00,4318002,Despesas Pagas,3.3.60.00.00 - Transferências a Instituições Privadas com Fins Lucrativos,2020,Padrão
DCA-Anexo I-D,2020,DCA-Anexo I-D,DO3.3.90.00.00.00,4318002,Despesas Empenhadas,3.3.90.00.00 - Aplicações Diretas,2020,Padrão
DCA-Anexo I-D,2020,DCA-Anexo I-D,DO3.3.90.00.00.00,4318002,Despesas Liquidadas,3.3.90.00.00 - Aplicações Diretas,2020,Padrão
DCA-Anexo I-D,2020,DCA-Anexo I-D,DO3.3.90.00.00.00,4318002,Despesas Pagas,3.3.90.00.00 - Aplicações Diretas,2020,Padrão
DCA-Anexo I-D,2020,DCA-Anexo I-D,DO3.3.90.00.00.00,4318002,Inscrição de Restos a Pagar Não Processados,3.3.90.00.00 - Aplicações Diretas,2020,Padrão
DCA-Anexo I-D,2020,DCA-Anexo I-D,DO3.3.90.00.00.00,4318002,Inscrição de Restos a Pagar Processados,3.3.90.00.00 - Aplicações Diretas,2020,Padrão
DCA-Anexo I-D,2020,DCA-Anexo I-D,DO3.3.90.08.00.00,4318002,Despesas Empenhadas,3.3.90.08.00 - Outros Benefícios Assistenciais do servidor e do militar,2020,Padrão
DCA-Anexo I-D,2020,DCA-Anexo I-D,DO3.3.90.08.00.00,4318002,Despesas Liquidadas,3.3.90.08.00 - Outros Benefícios Assistenciais do servidor e do militar,2020,Padrão
DCA-Anexo I-D,2020,DCA-Anexo I-D,DO3.3.90.08.00.00,4318002,Despesas Pagas,3.3.90.08.00 - Outros Benefícios Assistenciais do servidor e do militar,2020,Padrão
DCA-Anexo I-D,2020,DCA-Anexo I-D,DO3.3.90.08.00.00,4318002,Inscrição de Restos a Pagar Processados,3.3.90.08.00 - Outros Benefícios Assistenciais do servidor e do militar,2020,Padrão
DCA-Anexo I-D,2020,DCA-Anexo I-D,DO3.3.90.14.00.00,4318002,Despesas Empenhadas,3.3.90.14.00 - Diárias - Civil,2020,Padrão
DCA-Anexo I-D,2020,DCA-Anexo I-D,DO3.3.90.14.00.00,4318002,Despesas Liquidadas,3.3.90.14.00 - Diárias - Civil,2020,Padrão
DCA-Anexo I-D,2020,DCA-Anexo I-D,DO3.3.90.14.00.00,4318002,Despesas Pagas,3.3.90.14.00 - Diárias - Civil,2020,Padrão
DCA-Anexo I-D,2020,DCA-Anexo I-D,DO3.3.90.14.00.00,4318002,Inscrição de Restos a Pagar Não Processados,3.3.90.14.00 - Diárias - Civil,2020,Padrão
DCA-Anexo I-D,2020,DCA-Anexo I-D,DO3.3.90.14.00.00,4318002,Inscrição de Restos a Pagar Processados,3.3.90.14.00 - Diárias - Civil,2020,Padrão
DCA-Anexo I-D,2020,DCA-Anexo I-D,DO3.3.90.30.00.00,4318002,Despesas Empenhadas,3.3.90.30.00 - Material de Consumo,2020,Padrão
DCA-Anexo I-D,2020,DCA-Anexo I-D,DO3.3.90.30.00.00,4318002,Despesas Liquidadas,3.3.90.30.00 - Material de Consumo,2020,Padrão
DCA-Anexo I-D,2020,DCA-Anexo I-D,DO3.3.90.30.00.00,4318002,Despesas Pagas,3.3.90.30.00 - Material de Consumo,2020,Padrão
DCA-Anexo I-D,2020,DCA-Anexo I-D,DO3.3.90.30.00.00,4318002,Inscrição de Restos a Pagar Não Processados,3.3.90.30.00 - Material de Consumo,2020,Padrão
DCA-Anexo I-D,2020,DCA-Anexo I-D,DO3.3.90.30.00.00,4318002,Inscrição de Restos a Pagar Processados,3.3.90.30.00 - Material de Consumo,2020,Padrão
DCA-Anexo I-D,2020,DCA-Anexo I-D,DO3.3.90.31.00.00,4318002,Despesas Empenhadas,"3.3.90.31.00 - Premiações Culturais, Artísticas, Científicas, Desportivas e Outras",2020,Padrão
DCA-Anexo I-D,2020,DCA-Anexo I-D,DO3.3.90.31.00.00,4318002,Despesas Liquidadas,"3.3.90.31.00 - Premiações Culturais, Artísticas, Científicas, Desportivas e Outras",2020,Padrão
DCA-Anexo I-D,2020,DCA-Anexo I-D,DO3.3.90.31.00.00,4318002,Despesas Pagas,"3.3.90.31.00 - Premiações Culturais, Artísticas, Científicas, Desportivas e Outras",2020,Padrão
DCA-Anexo I-D,2020,DCA-Anexo I-D,DO3.3.90.32.00.00,4318002,Despesas Empenhadas,"3.3.90.32.00 - Material, Bem ou Serviço para Distribuição Gratuita",2020,Padrão
DCA-Anexo I-D,2020,DCA-Anexo I-D,DO3.3.90.32.00.00,4318002,Despesas Liquidadas,"3.3.90.32.00 - Material, Bem ou Serviço para Distribuição Gratuita",2020,Padrão
DCA-Anexo I-D,2020,DCA-Anexo I-D,DO3.3.90.32.00.00,4318002,Despesas Pagas,"3.3.90.32.00 - Material, Bem ou Serviço para Distribuição Gratuita",2020,Padrão
DCA-Anexo I-D,2020,DCA-Anexo I-D,DO3.3.90.32.00.00,4318002,Inscrição de Restos a Pagar Não Processados,"3.3.90.32.00 - Material, Bem ou Serviço para Distribuição Gratuita",2020,Padrão
DCA-Anexo I-D,2020,DCA-Anexo I-D,DO3.3.90.32.00.00,4318002,Inscrição de Restos a Pagar Processados,"3.3.90.32.00 - Material, Bem ou Serviço para Distribuição Gratuita",2020,Padrão
DCA-Anexo I-D,2020,DCA-Anexo I-D,DO3.3.90.33.00.00,4318002,Despesas Empenhadas,3.3.90.33.00 - Passagens e Despesas com Locomoção,2020,Padrão
DCA-Anexo I-D,2020,DCA-Anexo I-D,DO3.3.90.33.00.00,4318002,Despesas Liquidadas,3.3.90.33.00 - Passagens e Despesas com Locomoção,2020,Padrão
DCA-Anexo I-D,2020,DCA-Anexo I-D,DO3.3.90.33.00.00,4318002,Despesas Pagas,3.3.90.33.00 - Passagens e Despesas com Locomoção,2020,Padrão
DCA-Anexo I-D,2020,DCA-Anexo I-D,DO3.3.90.33.00.00,4318002,Inscrição de Restos a Pagar Não Processados,3.3.90.33.00 - Passagens e Despesas com Locomoção,2020,Padrão
DCA-Anexo I-D,2020,DCA-Anexo I-D,DO3.3.90.33.00.00,4318002,Inscrição de Restos a Pagar Processados,3.3.90.33.00 - Passagens e Despesas com Locomoção,2020,Padrão
DCA-Anexo I-D,2020,DCA-Anexo I-D,DO3.3.90.35.00.00,4318002,Despesas Empenhadas,3.3.90.35.00 - Serviços de Consultoria,2020,Padrão
DCA-Anexo I-D,2020,DCA-Anexo I-D,DO3.3.90.35.00.00,4318002,Despesas Liquidadas,3.3.90.35.00 - Serviços de Consultoria,2020,Padrão
DCA-Anexo I-D,2020,DCA-Anexo I-D,DO3.3.90.35.00.00,4318002,Despesas Pagas,3.3.90.35.00 - Serviços de Consultoria,2020,Padrão
DCA-Anexo I-D,2020,DCA-Anexo I-D,DO3.3.90.36.00.00,4318002,Despesas Empenhadas,3.3.90.36.00 - Outros Serviços de Terceiros - Pessoa Física,2020,Padrão
DCA-Anexo I-D,2020,DCA-Anexo I-D,DO3.3.90.36.00.00,4318002,Despesas Liquidadas,3.3.90.36.00 - Outros Serviços de Terceiros - Pessoa Física,2020,Padrão
DCA-Anexo I-D,2020,DCA-Anexo I-D,DO3.3.90.36.00.00,4318002,Despesas Pagas,3.3.90.36.00 - Outros Serviços de Terceiros - Pessoa Física,2020,Padrão
DCA-Anexo I-D,2020,DCA-Anexo I-D,DO3.3.90.36.00.00,4318002,Inscrição de Restos a Pagar Não Processados,3.3.90.36.00 - Outros Serviços de Terceiros - Pessoa Física,2020,Padrão
DCA-Anexo I-D,2020,DCA-Anexo I-D,DO3.3.90.36.00.00,4318002,Inscrição de Restos a Pagar Processados,3.3.90.36.00 - Outros Serviços de Terceiros - Pessoa Física,2020,Padrão
DCA-Anexo I-D,2020,DCA-Anexo I-D,DO3.3.90.39.00.00,4318002,Despesas Empenhadas,3.3.90.39.00 - Outros Serviços de Terceiros - Pessoa Jurídica,2020,Padrão
DCA-Anexo I-D,2020,DCA-Anexo I-D,DO3.3.90.39.00.00,4318002,Despesas Liquidadas,3.3.90.39.00 - Outros Serviços de Terceiros - Pessoa Jurídica,2020,Padrão
DCA-Anexo I-D,2020,DCA-Anexo I-D,DO3.3.90.39.00.00,4318002,Despesas Pagas,3.3.90.39.00 - Outros Serviços de Terceiros - Pessoa Jurídica,2020,Padrão
DCA-Anexo I-D,2020,DCA-Anexo I-D,DO3.3.90.39.00.00,4318002,Inscrição de Restos a Pagar Não Processados,3.3.90.39.00 - Outros Serviços de Terceiros - Pessoa Jurídica,2020,Padrão
DCA-Anexo I-D,2020,DCA-Anexo I-D,DO3.3.90.39.00.00,4318002,Inscrição de Restos a Pagar Processados,3.3.90.39.00 - Outros Serviços de Terceiros - Pessoa Jurídica,2020,Padrão
DCA-Anexo I-D,2020,DCA-Anexo I-D,DO3.3.90.40.00.00,4318002,Despesas Empenhadas,3.3.90.40.00 - Serviços de Tecnologia da Informação e Comunicação (TIC) - Pessoa Jurídica,2020,Padrão
DCA-Anexo I-D,2020,DCA-Anexo I-D,DO3.3.90.40.00.00,4318002,Despesas Liquidadas,3.3.90.40.00 - Serviços de Tecnologia da Informação e Comunicação (TIC) - Pessoa Jurídica,2020,Padrão
DCA-Anexo I-D,2020,DCA-Anexo I-D,DO3.3.90.40.00.00,4318002,Despesas Pagas,3.3.90.40.00 - Serviços de Tecnologia da Informação e Comunicação (TIC) - Pessoa Jurídica,2020,Padrão
DCA-Anexo I-D,2020,DCA-Anexo I-D,DO3.3.90.40.00.00,4318002,Inscrição de Restos a Pagar Não Processados,3.3.90.40.00 - Serviços de Tecnologia da Informação e Comunicação (TIC) - Pessoa Jurídica,2020,Padrão
DCA-Anexo I-D,2020,DCA-Anexo I-D,DO3.3.90.40.00.00,4318002,Inscrição de Restos a Pagar Processados,3.3.90.40.00 - Serviços de Tecnologia da Informação e Comunicação (TIC) - Pessoa Jurídica,2020,Padrão
DCA-Anexo I-D,2020,DCA-Anexo I-D,DO3.3.90.46.00.00,4318002,Despesas Empenhadas,3.3.90.46.00 - Auxílio-Alimentação,2020,Padrão
DCA-Anexo I-D,2020,DCA-Anexo I-D,DO3.3.90.46.00.00,4318002,Despesas Liquidadas,3.3.90.46.00 - Auxílio-Alimentação,2020,Padrão
DCA-Anexo I-D,2020,DCA-Anexo I-D,DO3.3.90.46.00.00,4318002,Despesas Pagas,3.3.90.46.00 - Auxílio-Alimentação,2020,Padrão
DCA-Anexo I-D,2020,DCA-Anexo I-D,DO3.3.90.46.00.00,4318002,Inscrição de Restos a Pagar Processados,3.3.90.46.00 - Auxílio-Alimentação,2020,Padrão
DCA-Anexo I-D,2020,DCA-Anexo I-D,DO3.3.90.47.00.00,4318002,Despesas Empenhadas,3.3.90.47.00 - Obrigações Tributárias e Contributivas,2020,Padrão
DCA-Anexo I-D,2020,DCA-Anexo I-D,DO3.3.90.47.00.00,4318002,Despesas Liquidadas,3.3.90.47.00 - Obrigações Tributárias e Contributivas,2020,Padrão
DCA-Anexo I-D,2020,DCA-Anexo I-D,DO3.3.90.47.00.00,4318002,Despesas Pagas,3.3.90.47.00 - Obrigações Tributárias e Contributivas,2020,Padrão
DCA-Anexo I-D,2020,DCA-Anexo I-D,DO3.3.90.47.00.00,4318002,Inscrição de Restos a Pagar Processados,3.3.90.47.00 - Obrigações Tributárias e Contributivas,2020,Padrão
DCA-Anexo I-D,2020,DCA-Anexo I-D,DO3.3.90.49.00.00,4318002,Despesas Empenhadas,3.3.90.49.00 - Auxílio-Transporte,2020,Padrão
DCA-Anexo I-D,2020,DCA-Anexo I-D,DO3.3.90.49.00.00,4318002,Despesas Liquidadas,3.3.90.49.00 - Auxílio-Transporte,2020,Padrão
DCA-Anexo I-D,2020,DCA-Anexo I-D,DO3.3.90.49.00.00,4318002,Despesas Pagas,3.3.90.49.00 - Auxílio-Transporte,2020,Padrão
DCA-Anexo I-D,2020,DCA-Anexo I-D,DO3.3.90.91.00.00,4318002,Despesas Empenhadas,3.3.90.91.00 - Sentenças Judiciais,2020,Padrão
DCA-Anexo I-D,2020,DCA-Anexo I-D,DO3.3.90.91.00.00,4318002,Despesas Liquidadas,3.3.90.91.00 - Sentenças Judiciais,2020,Padrão
DCA-Anexo I-D,2020,DCA-Anexo I-D,DO3.3.90.91.00.00,4318002,Despesas Pagas,3.3.90.91.00 - Sentenças Judiciais,2020,Padrão
DCA-Anexo I-D,2020,DCA-Anexo I-D,DO3.3.90.92.00.00,4318002,Despesas Empenhadas,3.3.90.92.00 - Despesas de Exercícios Anteriores,2020,Padrão
DCA-Anexo I-D,2020,DCA-Anexo I-D,DO3.3.90.92.00.00,4318002,Despesas Liquidadas,3.3.90.92.00 - Despesas de Exercícios Anteriores,2020,Padrão
DCA-Anexo I-D,2020,DCA-Anexo I-D,DO3.3.90.92.00.00,4318002,Despesas Pagas,3.3.90.92.00 - Despesas de Exercícios Anteriores,2020,Padrão
DCA-Anexo I-D,2020,DCA-Anexo I-D,DO3.3.90.92.00.00,4318002,Inscrição de Restos a Pagar Não Processados,3.3.90.92.00 - Despesas de Exercícios Anteriores,2020,Padrão
DCA-Anexo I-D,2020,DCA-Anexo I-D,DO3.3.90.93.00.00,4318002,Despesas Empenhadas,3.3.90.93.00 - Indenizações e Restituições,2020,Padrão
DCA-Anexo I-D,2020,DCA-Anexo I-D,DO3.3.90.93.00.00,4318002,Despesas Liquidadas,3.3.90.93.00 - Indenizações e Restituições,2020,Padrão
DCA-Anexo I-D,2020,DCA-Anexo I-D,DO3.3.90.93.00.00,4318002,Despesas Pagas,3.3.90.93.00 - Indenizações e Restituições,2020,Padrão
DCA-Anexo I-D,2020,DCA-Anexo I-D,DO3.3.90.93.00.00,4318002,Inscrição de Restos a Pagar Processados,3.3.90.93.00 - Indenizações e Restituições,2020,Padrão
DCA-Anexo I-D,2020,DCA-Anexo I-D,DO4.0.00.00.00.00,4318002,Despesas Empenhadas,4.0.00.00.00 - Despesas de Capital,2020,Padrão
DCA-Anexo I-D,2020,DCA-Anexo I-D,DO4.0.00.00.00.00,4318002,Despesas Liquidadas,4.0.00.00.00 - Despesas de Capital,2020,Padrão
DCA-Anexo I-D,2020,DCA-Anexo I-D,DO4.0.00.00.00.00,4318002,Despesas Pagas,4.0.00.00.00 - Despesas de Capital,2020,Padrão
DCA-Anexo I-D,2020,DCA-Anexo I-D,DO4.0.00.00.00.00,4318002,Inscrição de Restos a Pagar Não Processados,4.0.00.00.00 - Despesas de Capital,2020,Padrão
DCA-Anexo I-D,2020,DCA-Anexo I-D,DO4.0.00.00.00.00,4318002,Inscrição de Restos a Pagar Processados,4.0.00.00.00 - Despesas de Capital,2020,Padrão
DCA-Anexo I-D,2020,DCA-Anexo I-D,DO4.4.00.00.00.00,4318002,Despesas Empenhadas,4.4.00.00.00 - Investimentos,2020,Padrão
DCA-Anexo I-D,2020,DCA-Anexo I-D,DO4.4.00.00.00.00,4318002,Despesas Liquidadas,4.4.00.00.00 - Investimentos,2020,Padrão
DCA-Anexo I-D,2020,DCA-Anexo I-D,DO4.4.00.00.00.00,4318002,Despesas Pagas,4.4.00.00.00 - Investimentos,2020,Padrão
DCA-Anexo I-D,2020,DCA-Anexo I-D,DO4.4.00.00.00.00,4318002,Inscrição de Restos a Pagar Não Processados,4.4.00.00.00 - Investimentos,2020,Padrão
DCA-Anexo I-D,2020,DCA-Anexo I-D,DO4.4.00.00.00.00,4318002,Inscrição de Restos a Pagar Processados,4.4.00.00.00 - Investimentos,2020,Padrão
DCA-Anexo I-D,2020,DCA-Anexo I-D,DO4.4.20.00.00.00,4318002,Despesas Empenhadas,4.4.20.00.00 - Transferências à União,2020,Padrão
DCA-Anexo I-D,2020,DCA-Anexo I-D,DO4.4.20.00.00.00,4318002,Despesas Liquidadas,4.4.20.00.00 - Transferências à União,2020,Padrão
DCA-Anexo I-D,2020,DCA-Anexo I-D,DO4.4.20.00.00.00,4318002,Despesas Pagas,4.4.20.00.00 - Transferências à União,2020,Padrão
DCA-Anexo I-D,2020,DCA-Anexo I-D,DO4.4.20.00.00.00,4318002,Inscrição de Restos a Pagar Processados,4.4.20.00.00 - Transferências à União,2020,Padrão
DCA-Anexo I-D,2020,DCA-Anexo I-D,DO4.4.50.00.00.00,4318002,Despesas Empenhadas,4.4.50.00.00 - Transferências a Instituições Privadas sem Fins Lucrativos,2020,Padrão
DCA-Anexo I-D,2020,DCA-Anexo I-D,DO4.4.50.00.00.00,4318002,Despesas Liquidadas,4.4.50.00.00 - Transferências a Instituições Privadas sem Fins Lucrativos,2020,Padrão
DCA-Anexo I-D,2020,DCA-Anexo I-D,DO4.4.50.00.00.00,4318002,Despesas Pagas,4.4.50.00.00 - Transferências a Instituições Privadas sem Fins Lucrativos,2020,Padrão
DCA-Anexo I-D,2020,DCA-Anexo I-D,DO4.4.90.00.00.00,4318002,Despesas Empenhadas,4.4.90.00.00 - Aplicações Diretas,2020,Padrão
DCA-Anexo I-D,2020,DCA-Anexo I-D,DO4.4.90.00.00.00,4318002,Despesas Liquidadas,4.4.90.00.00 - Aplicações Diretas,2020,Padrão
DCA-Anexo I-D,2020,DCA-Anexo I-D,DO4.4.90.00.00.00,4318002,Despesas Pagas,4.4.90.00.00 - Aplicações Diretas,2020,Padrão
DCA-Anexo I-D,2020,DCA-Anexo I-D,DO4.4.90.00.00.00,4318002,Inscrição de Restos a Pagar Não Processados,4.4.90.00.00 - Aplicações Diretas,2020,Padrão
DCA-Anexo I-D,2020,DCA-Anexo I-D,DO4.4.90.00.00.00,4318002,Inscrição de Restos a Pagar Processados,4.4.90.00.00 - Aplicações Diretas,2020,Padrão
DCA-Anexo I-D,2020,DCA-Anexo I-D,DO4.4.90.40.00.00,4318002,Despesas Empenhadas,4.4.90.40.00 - Serviços de Tecnologia da Informação e Comunicação (TIC) - Pessoa Jurídica,2020,Padrão
DCA-Anexo I-D,2020,DCA-Anexo I-D,DO4.4.90.40.00.00,4318002,Despesas Liquidadas,4.4.90.40.00 - Serviços de Tecnologia da Informação e Comunicação (TIC) - Pessoa Jurídica,2020,Padrão
DCA-Anexo I-D,2020,DCA-Anexo I-D,DO4.4.90.40.00.00,4318002,Despesas Pagas,4.4.90.40.00 - Serviços de Tecnologia da Informação e Comunicação (TIC) - Pessoa Jurídica,2020,Padrão
DCA-Anexo I-D,2020,DCA-Anexo I-D,DO4.4.90.40.00.00,4318002,Inscrição de Restos a Pagar Não Processados,4.4.90.40.00 - Serviços de Tecnologia da Informação e Comunicação (TIC) - Pessoa Jurídica,2020,Padrão
DCA-Anexo I-D,2020,DCA-Anexo I-D,DO4.4.90.40.00.00,4318002,Inscrição de Restos a Pagar Processados,4.4.90.40.00 - Serviços de Tecnologia da Informação e Comunicação (TIC) - Pessoa Jurídica,2020,Padrão
DCA-Anexo I-D,2020,DCA-Anexo I-D,DO4.4.90.51.00.00,4318002,Despesas Empenhadas,4.4.90.51.00 - Obras e Instalações,2020,Padrão
DCA-Anexo I-D,2020,DCA-Anexo I-D,DO4.4.90.51.00.00,4318002,Despesas Liquidadas,4.4.90.51.00 - Obras e Instalações,2020,Padrão
DCA-Anexo I-D,2020,DCA-Anexo I-D,DO4.4.90.51.00.00,4318002,Despesas Pagas,4.4.90.51.00 - Obras e Instalações,2020,Padrão
DCA-Anexo I-D,2020,DCA-Anexo I-D,DO4.4.90.51.00.00,4318002,Inscrição de Restos a Pagar Não Processados,4.4.90.51.00 - Obras e Instalações,2020,Padrão
DCA-Anexo I-D,2020,DCA-Anexo I-D,DO4.4.90.51.00.00,4318002,Inscrição de Restos a Pagar Processados,4.4.90.51.00 - Obras e Instalações,2020,Padrão
DCA-Anexo I-D,2020,DCA-Anexo I-D,DO4.4.90.51.91.00,4318002,Despesas Empenhadas,4.4.90.51.91 - Obras em Andamento,2020,Padrão
DCA-Anexo I-D,2020,DCA-Anexo I-D,DO4.4.90.51.91.00,4318002,Despesas Liquidadas,4.4.90.51.91 - Obras em Andamento,2020,Padrão
DCA-Anexo I-D,2020,DCA-Anexo I-D,DO4.4.90.51.91.00,4318002,Despesas Pagas,4.4.90.51.91 - Obras em Andamento,2020,Padrão
DCA-Anexo I-D,2020,DCA-Anexo I-D,DO4.4.90.51.91.00,4318002,Inscrição de Restos a Pagar Não Processados,4.4.90.51.91 - Obras em Andamento,2020,Padrão
DCA-Anexo I-D,2020,DCA-Anexo I-D,DO4.4.90.51.91.00,4318002,Inscrição de Restos a Pagar Processados,4.4.90.51.91 - Obras em Andamento,2020,Padrão
DCA-Anexo I-D,2020,DCA-Anexo I-D,DO4.4.90.51.99.00,4318002,Despesas Empenhadas,4.4.90.51.99 - Demais Obras e Instalações,2020,Padrão
DCA-Anexo I-D,2020,DCA-Anexo I-D,DO4.4.90.51.99.00,4318002,Despesas Liquidadas,4.4.90.51.99 - Demais Obras e Instalações,2020,Padrão
DCA-Anexo I-D,2020,DCA-Anexo I-D,DO4.4.90.51.99.00,4318002,Despesas Pagas,4.4.90.51.99 - Demais Obras e Instalações,2020,Padrão
DCA-Anexo I-D,2020,DCA-Anexo I-D,DO4.4.90.51.99.00,4318002,Inscrição de Restos a Pagar Não Processados,4.4.90.51.99 - Demais Obras e Instalações,2020,Padrão
DCA-Anexo I-D,2020,DCA-Anexo I-D,DO4.4.90.51.99.00,4318002,Inscrição de Restos a Pagar Processados,4.4.90.51.99 - Demais Obras e Instalações,2020,Padrão
DCA-Anexo I-D,2020,DCA-Anexo I-D,DO4.4.90.52.00.00,4318002,Despesas Empenhadas,4.4.90.52.00 - Equipamentos e Material Permanente,2020,Padrão
DCA-Anexo I-D,2020,DCA-Anexo I-D,DO4.4.90.52.00.00,4318002,Despesas Liquidadas,4.4.90.52.00 - Equipamentos e Material Permanente,2020,Padrão
DCA-Anexo I-D,2020,DCA-Anexo I-D,DO4.4.90.52.00.00,4318002,Despesas Pagas,4.4.90.52.00 - Equipamentos e Material Permanente,2020,Padrão
DCA-Anexo I-D,2020,DCA-Anexo I-D,DO4.4.90.52.00.00,4318002,Inscrição de Restos a Pagar Não Processados,4.4.90.52.00 - Equipamentos e Material Permanente,2020,Padrão
DCA-Anexo I-D,2020,DCA-Anexo I-D,DO4.4.90.52.00.00,4318002,Inscrição de Restos a Pagar Processados,4.4.90.52.00 - Equipamentos e Material Permanente,2020,Padrão
DCA-Anexo I-D,2020,DCA-Anexo I-D,DO4.4.90.61.00.00,4318002,Despesas Empenhadas,4.4.90.61.00 - Aquisição de Imóveis,2020,Padrão
DCA-Anexo I-D,2020,DCA-Anexo I-D,DO4.4.90.61.00.00,4318002,Despesas Liquidadas,4.4.90.61.00 - Aquisição de Imóveis,2020,Padrão
DCA-Anexo I-D,2020,DCA-Anexo I-D,DO4.4.90.61.00.00,4318002,Despesas Pagas,4.4.90.61.00 - Aquisição de Imóveis,2020,Padrão
DCA-Anexo I-D,2020,DCA-Anexo I-D,DO4.6.00.00.00.00,4318002,Despesas Empenhadas,4.6.00.00.00 - Amortização da Dívida,2020,Padrão
DCA-Anexo I-D,2020,DCA-Anexo I-D,DO4.6.00.00.00.00,4318002,Despesas Liquidadas,4.6.00.00.00 - Amortização da Dívida,2020,Padrão
DCA-Anexo I-D,2020,DCA-Anexo I-D,DO4.6.00.00.00.00,4318002,Despesas Pagas,4.6.00.00.00 - Amortização da Dívida,2020,Padrão
DCA-Anexo I-D,2020,DCA-Anexo I-D,DO4.6.90.00.00.00,4318002,Despesas Empenhadas,4.6.90.00.00 - Aplicações Diretas,2020,Padrão
DCA-Anexo I-D,2020,DCA-Anexo I-D,DO4.6.90.00.00.00,4318002,Despesas Liquidadas,4.6.90.00.00 - Aplicações Diretas,2020,Padrão
DCA-Anexo I-D,2020,DCA-Anexo I-D,DO4.6.90.00.00.00,4318002,Despesas Pagas,4.6.90.00.00 - Aplicações Diretas,2020,Padrão
DCA-Anexo I-D,2020,DCA-Anexo I-D,DO4.6.90.71.00.00,4318002,Despesas Empenhadas,4.6.90.71.00 - Principal da Dívida Contratual Resgatado,2020,Padrão
DCA-Anexo I-D,2020,DCA-Anexo I-D,DO4.6.90.71.00.00,4318002,Despesas Liquidadas,4.6.90.71.00 - Principal da Dívida Contratual Resgatado,2020,Padrão
DCA-Anexo I-D,2020,DCA-Anexo I-D,DO4.6.90.71.00.00,4318002,Despesas Pagas,4.6.90.71.00 - Principal da Dívida Contratual Resgatado,2020,Padrão
DCA-Anexo I-D,2020,DCA-Anexo I-D,DI4.6.91.00.00.00,4318002,Despesas Empenhadas,"4.6.91.00.00 - Aplicação direta decorrente de operação entre órgãos, fundos e entidades integrantes dos OFSS",2020,Padrão
DCA-Anexo I-D,2020,DCA-Anexo I-D,DI4.6.91.00.00.00,4318002,Despesas Liquidadas,"4.6.91.00.00 - Aplicação direta decorrente de operação entre órgãos, fundos e entidades integrantes dos OFSS",2020,Padrão
DCA-Anexo I-D,2020,DCA-Anexo I-D,DI4.6.91.00.00.00,4318002,Despesas Pagas,"4.6.91.00.00 - Aplicação direta decorrente de operação entre órgãos, fundos e entidades integrantes dos OFSS",2020,Padrão
DCA-Anexo I-E,2020,DCA-Anexo I-E,TotalDespesas,4318002,Despesas Empenhadas,Despesas Exceto Intraorçamentárias,2020,Total Geral da Despesa por Função
DCA-Anexo I-E,2020,DCA-Anexo I-E,TotalDespesas,4318002,Despesas Empenhadas,01 - Legislativa,2020,Total Geral da Despesa por Função
DCA-Anexo I-E,2020,DCA-Anexo I-E,TotalDespesas,4318002,Despesas Empenhadas,01.031 - Ação Legislativa,2020,Total Geral da Despesa por Função
DCA-Anexo I-E,2020,DCA-Anexo I-E,TotalDespesas,4318002,Despesas Empenhadas,04 - Administração,2020,Total Geral da Despesa por Função
DCA-Anexo I-E,2020,DCA-Anexo I-E,TotalDespesas,4318002,Despesas Empenhadas,04.122 - Administração Geral,2020,Total Geral da Despesa por Função
DCA-Anexo I-E,2020,DCA-Anexo I-E,TotalDespesas,4318002,Despesas Empenhadas,04.124 - Controle Interno,2020,Total Geral da Despesa por Função
DCA-Anexo I-E,2020,DCA-Anexo I-E,TotalDespesas,4318002,Despesas Empenhadas,04.126 - Tecnologia da Informação,2020,Total Geral da Despesa por Função
DCA-Anexo I-E,2020,DCA-Anexo I-E,TotalDespesas,4318002,Despesas Empenhadas,06 - Segurança Pública,2020,Total Geral da Despesa por Função
DCA-Anexo I-E,2020,DCA-Anexo I-E,TotalDespesas,4318002,Despesas Empenhadas,06.181 - Policiamento,2020,Total Geral da Despesa por Função
DCA-Anexo I-E,2020,DCA-Anexo I-E,TotalDespesas,4318002,Despesas Empenhadas,06.182 - Defesa Civil,2020,Total Geral da Despesa por Função
DCA-Anexo I-E,2020,DCA-Anexo I-E,TotalDespesas,4318002,Despesas Empenhadas,08 - Assistência Social,2020,Total Geral da Despesa por Função
DCA-Anexo I-E,2020,DCA-Anexo I-E,TotalDespesas,4318002,Despesas Empenhadas,08.241 - Assistência ao Idoso,2020,Total Geral da Despesa por Função
DCA-Anexo I-E,2020,DCA-Anexo I-E,TotalDespesas,4318002,Despesas Empenhadas,08.242 - Assistência ao Portador de Deficiência,2020,Total Geral da Despesa por Função
DCA-Anexo I-E,2020,DCA-Anexo I-E,TotalDespesas,4318002,Despesas Empenhadas,08.243 - Assistência à Criança e ao Adolescente,2020,Total Geral da Despesa por Função
DCA-Anexo I-E,2020,DCA-Anexo I-E,TotalDespesas,4318002,Despesas Empenhadas,08.244 - Assistência Comunitária,2020,Total Geral da Despesa por Função
DCA-Anexo I-E,2020,DCA-Anexo I-E,TotalDespesas,4318002,Despesas Empenhadas,08.122 - Administração Geral,2020,Total Geral da Despesa por Função
DCA-Anexo I-E,2020,DCA-Anexo I-E,TotalDespesas,4318002,Despesas Empenhadas,09 - Previdência Social,2020,Total Geral da Despesa por Função
DCA-Anexo I-E,2020,DCA-Anexo I-E,TotalDespesas,4318002,Despesas Empenhadas,09.272 - Previdência do Regime Estatutário,2020,Total Geral da Despesa por Função
DCA-Anexo I-E,2020,DCA-Anexo I-E,TotalDespesas,4318002,Despesas Empenhadas,09.122 - Administração Geral,2020,Total Geral da Despesa por Função
DCA-Anexo I-E,2020,DCA-Anexo I-E,TotalDespesas,4318002,Despesas Empenhadas,10 - Saúde,2020,Total Geral da Despesa por Função
DCA-Anexo I-E,2020,DCA-Anexo I-E,TotalDespesas,4318002,Despesas Empenhadas,10.301 - Atenção Básica,2020,Total Geral da Despesa por Função
DCA-Anexo I-E,2020,DCA-Anexo I-E,TotalDespesas,4318002,Despesas Empenhadas,10.302 - Assistência Hospitalar e Ambulatorial,2020,Total Geral da Despesa por Função
DCA-Anexo I-E,2020,DCA-Anexo I-E,TotalDespesas,4318002,Despesas Empenhadas,10.303 - Suporte Profilático e Terapêutico,2020,Total Geral da Despesa por Função
DCA-Anexo I-E,2020,DCA-Anexo I-E,TotalDespesas,4318002,Despesas Empenhadas,10.304 - Vigilância Sanitária,2020,Total Geral da Despesa por Função
DCA-Anexo I-E,2020,DCA-Anexo I-E,TotalDespesas,4318002,Despesas Empenhadas,10.305 - Vigilância Epidemiológica,2020,Total Geral da Despesa por Função
DCA-Anexo I-E,2020,DCA-Anexo I-E,TotalDespesas,4318002,Despesas Empenhadas,10.122 - Administração Geral,2020,Total Geral da Despesa por Função
DCA-Anexo I-E,2020,DCA-Anexo I-E,TotalDespesas,4318002,Despesas Empenhadas,12 - Educação,2020,Total Geral da Despesa por Função
DCA-Anexo I-E,2020,DCA-Anexo I-E,TotalDespesas,4318002,Despesas Empenhadas,12.361 - Ensino Fundamental,2020,Total Geral da Despesa por Função
DCA-Anexo I-E,2020,DCA-Anexo I-E,TotalDespesas,4318002,Despesas Empenhadas,12.362 - Ensino Médio,2020,Total Geral da Despesa por Função
DCA-Anexo I-E,2020,DCA-Anexo I-E,TotalDespesas,4318002,Despesas Empenhadas,12.365 - Educação Infantil,2020,Total Geral da Despesa por Função
DCA-Anexo I-E,2020,DCA-Anexo I-E,TotalDespesas,4318002,Despesas Empenhadas,12.366 - Educação de Jovens e Adultos,2020,Total Geral da Despesa por Função
DCA-Anexo I-E,2020,DCA-Anexo I-E,TotalDespesas,4318002,Despesas Empenhadas,12.122 - Administração Geral,2020,Total Geral da Despesa por Função
DCA-Anexo I-E,2020,DCA-Anexo I-E,TotalDespesas,4318002,Despesas Empenhadas,13 - Cultura,2020,Total Geral da Despesa por Função
DCA-Anexo I-E,2020,DCA-Anexo I-E,TotalDespesas,4318002,Despesas Empenhadas,13.392 - Difusão Cultural,2020,Total Geral da Despesa por Função
DCA-Anexo I-E,2020,DCA-Anexo I-E,TotalDespesas,4318002,Despesas Empenhadas,14 - Direitos da Cidadania,2020,Total Geral da Despesa por Função
DCA-Anexo I-E,2020,DCA-Anexo I-E,TotalDespesas,4318002,Despesas Empenhadas,"14.422 - Direitos Individuais, Coletivos e Difusos",2020,Total Geral da Despesa por Função
DCA-Anexo I-E,2020,DCA-Anexo I-E,TotalDespesas,4318002,Despesas Empenhadas,15 - Urbanismo,2020,Total Geral da Despesa por Função
DCA-Anexo I-E,2020,DCA-Anexo I-E,TotalDespesas,4318002,Despesas Empenhadas,15.451 - Infraestrutura Urbana,2020,Total Geral da Despesa por Função
DCA-Anexo I-E,2020,DCA-Anexo I-E,TotalDespesas,4318002,Despesas Empenhadas,15.452 - Serviços Urbanos,2020,Total Geral da Despesa por Função
DCA-Anexo I-E,2020,DCA-Anexo I-E,TotalDespesas,4318002,Despesas Empenhadas,16 - Habitação,2020,Total Geral da Despesa por Função
DCA-Anexo I-E,2020,DCA-Anexo I-E,TotalDespesas,4318002,Despesas Empenhadas,16.482 - Habitação Urbana,2020,Total Geral da Despesa por Função
DCA-Anexo I-E,2020,DCA-Anexo I-E,TotalDespesas,4318002,Despesas Empenhadas,17 - Saneamento,2020,Total Geral da Despesa por Função
DCA-Anexo I-E,2020,DCA-Anexo I-E,TotalDespesas,4318002,Despesas Empenhadas,17.511 - Saneamento Básico Rural,2020,Total Geral da Despesa por Função
DCA-Anexo I-E,2020,DCA-Anexo I-E,TotalDespesas,4318002,Despesas Empenhadas,18 - Gestão Ambiental,2020,Total Geral da Despesa por Função
DCA-Anexo I-E,2020,DCA-Anexo I-E,TotalDespesas,4318002,Despesas Empenhadas,18.541 - Preservação e Conservação Ambiental,2020,Total Geral da Despesa por Função
DCA-Anexo I-E,2020,DCA-Anexo I-E,TotalDespesas,4318002,Despesas Empenhadas,20 - Agricultura,2020,Total Geral da Despesa por Função
DCA-Anexo I-E,2020,DCA-Anexo I-E,TotalDespesas,4318002,Despesas Empenhadas,20.606 - Extensão Rural,2020,Total Geral da Despesa por Função
DCA-Anexo I-E,2020,DCA-Anexo I-E,TotalDespesas,4318002,Despesas Empenhadas,20.122 - Administração Geral,2020,Total Geral da Despesa por Função
DCA-Anexo I-E,2020,DCA-Anexo I-E,TotalDespesas,4318002,Despesas Empenhadas,23 - Comércio e Serviços,2020,Total Geral da Despesa por Função
DCA-Anexo I-E,2020,DCA-Anexo I-E,TotalDespesas,4318002,Despesas Empenhadas,23.695 - Turismo,2020,Total Geral da Despesa por Função
DCA-Anexo I-E,2020,DCA-Anexo I-E,TotalDespesas,4318002,Despesas Empenhadas,26 - Transporte,2020,Total Geral da Despesa por Função
DCA-Anexo I-E,2020,DCA-Anexo I-E,TotalDespesas,4318002,Despesas Empenhadas,26.781 - Transporte Aéreo,2020,Total Geral da Despesa por Função
DCA-Anexo I-E,2020,DCA-Anexo I-E,TotalDespesas,4318002,Despesas Empenhadas,26.782 - Transporte Rodoviário,2020,Total Geral da Despesa por Função
DCA-Anexo I-E,2020,DCA-Anexo I-E,TotalDespesas,4318002,Despesas Empenhadas,27 - Desporto e Lazer,2020,Total Geral da Despesa por Função
DCA-Anexo I-E,2020,DCA-Anexo I-E,TotalDespesas,4318002,Despesas Empenhadas,27.812 - Desporto Comunitário,2020,Total Geral da Despesa por Função
DCA-Anexo I-E,2020,DCA-Anexo I-E,TotalDespesas,4318002,Despesas Empenhadas,28 - Encargos Especiais,2020,Total Geral da Despesa por Função
DCA-Anexo I-E,2020,DCA-Anexo I-E,TotalDespesas,4318002,Despesas Empenhadas,28.843 - Serviço da Dívida Interna,2020,Total Geral da Despesa por Função
DCA-Anexo I-E,2020,DCA-Anexo I-E,TotalDespesas,4318002,Despesas Empenhadas,Despesas Intraorçamentárias,2020,Total Geral da Despesa por Função
DCA-Anexo I-E,2020,DCA-Anexo I-E,TotalDespesas,4318002,Despesas Liquidadas,Despesas Exceto Intraorçamentárias,2020,Total Geral da Despesa por Função
DCA-Anexo I-E,2020,DCA-Anexo I-E,TotalDespesas,4318002,Despesas Liquidadas,01 - Legislativa,2020,Total Geral da Despesa por Função
DCA-Anexo I-E,2020,DCA-Anexo I-E,TotalDespesas,4318002,Despesas Liquidadas,01.031 - Ação Legislativa,2020,Total Geral da Despesa por Função
DCA-Anexo I-E,2020,DCA-Anexo I-E,TotalDespesas,4318002,Despesas Liquidadas,04 - Administração,2020,Total Geral da Despesa por Função
DCA-Anexo I-E,2020,DCA-Anexo I-E,TotalDespesas,4318002,Despesas Liquidadas,04.122 - Administração Geral,2020,Total Geral da Despesa por Função
DCA-Anexo I-E,2020,DCA-Anexo I-E,TotalDespesas,4318002,Despesas Liquidadas,04.124 - Controle Interno,2020,Total Geral da Despesa por Função
DCA-Anexo I-E,2020,DCA-Anexo I-E,TotalDespesas,4318002,Despesas Liquidadas,04.126 - Tecnologia da Informação,2020,Total Geral da Despesa por Função
DCA-Anexo I-E,2020,DCA-Anexo I-E,TotalDespesas,4318002,Despesas Liquidadas,06 - Segurança Pública,2020,Total Geral da Despesa por Função
DCA-Anexo I-E,2020,DCA-Anexo I-E,TotalDespesas,4318002,Despesas Liquidadas,06.181 - Policiamento,2020,Total Geral da Despesa por Função
DCA-Anexo I-E,2020,DCA-Anexo I-E,TotalDespesas,4318002,Despesas Liquidadas,06.182 - Defesa Civil,2020,Total Geral da Despesa por Função
DCA-Anexo I-E,2020,DCA-Anexo I-E,TotalDespesas,4318002,Despesas Liquidadas,08 - Assistência Social,2020,Total Geral da Despesa por Função
DCA-Anexo I-E,2020,DCA-Anexo I-E,TotalDespesas,4318002,Despesas Liquidadas,08.241 - Assistência ao Idoso,2020,Total Geral da Despesa por Função
DCA-Anexo I-E,2020,DCA-Anexo I-E,TotalDespesas,4318002,Despesas Liquidadas,08.242 - Assistência ao Portador de Deficiência,2020,Total Geral da Despesa por Função
DCA-Anexo I-E,2020,DCA-Anexo I-E,TotalDespesas,4318002,Despesas Liquidadas,08.243 - Assistência à Criança e ao Adolescente,2020,Total Geral da Despesa por Função
DCA-Anexo I-E,2020,DCA-Anexo I-E,TotalDespesas,4318002,Despesas Liquidadas,08.244 - Assistência Comunitária,2020,Total Geral da Despesa por Função
DCA-Anexo I-E,2020,DCA-Anexo I-E,TotalDespesas,4318002,Despesas Liquidadas,08.122 - Administração Geral,2020,Total Geral da Despesa por Função
DCA-Anexo I-E,2020,DCA-Anexo I-E,TotalDespesas,4318002,Despesas Liquidadas,09 - Previdência Social,2020,Total Geral da Despesa por Função
DCA-Anexo I-E,2020,DCA-Anexo I-E,TotalDespesas,4318002,Despesas Liquidadas,09.272 - Previdência do Regime Estatutário,2020,Total Geral da Despesa por Função
DCA-Anexo I-E,2020,DCA-Anexo I-E,TotalDespesas,4318002,Despesas Liquidadas,09.122 - Administração Geral,2020,Total Geral da Despesa por Função
DCA-Anexo I-E,2020,DCA-Anexo I-E,TotalDespesas,4318002,Despesas Liquidadas,10 - Saúde,2020,Total Geral da Despesa por Função
DCA-Anexo I-E,2020,DCA-Anexo I-E,TotalDespesas,4318002,Despesas Liquidadas,10.301 - Atenção Básica,2020,Total Geral da Despesa por Função
DCA-Anexo I-E,2020,DCA-Anexo I-E,TotalDespesas,4318002,Despesas Liquidadas,10.302 - Assistência Hospitalar e Ambulatorial,2020,Total Geral da Despesa por Função
DCA-Anexo I-E,2020,DCA-Anexo I-E,TotalDespesas,4318002,Despesas Liquidadas,10.303 - Suporte Profilático e Terapêutico,2020,Total Geral da Despesa por Função
DCA-Anexo I-E,2020,DCA-Anexo I-E,TotalDespesas,4318002,Despesas Liquidadas,10.304 - Vigilância Sanitária,2020,Total Geral da Despesa por Função
DCA-Anexo I-E,2020,DCA-Anexo I-E,TotalDespesas,4318002,Despesas Liquidadas,10.305 - Vigilância Epidemiológica,2020,Total Geral da Despesa por Função
DCA-Anexo I-E,2020,DCA-Anexo I-E,TotalDespesas,4318002,Despesas Liquidadas,10.122 - Administração Geral,2020,Total Geral da Despesa por Função
DCA-Anexo I-E,2020,DCA-Anexo I-E,TotalDespesas,4318002,Despesas Liquidadas,12 - Educação,2020,Total Geral da Despesa por Função
DCA-Anexo I-E,2020,DCA-Anexo I-E,TotalDespesas,4318002,Despesas Liquidadas,12.361 - Ensino Fundamental,2020,Total Geral da Despesa por Função
DCA-Anexo I-E,2020,DCA-Anexo I-E,TotalDespesas,4318002,Despesas Liquidadas,12.362 - Ensino Médio,2020,Total Geral da Despesa por Função
DCA-Anexo I-E,2020,DCA-Anexo I-E,TotalDespesas,4318002,Despesas Liquidadas,12.365 - Educação Infantil,2020,Total Geral da Despesa por Função
DCA-Anexo I-E,2020,DCA-Anexo I-E,TotalDespesas,4318002,Despesas Liquidadas,12.366 - Educação de Jovens e Adultos,2020,Total Geral da Despesa por Função
DCA-Anexo I-E,2020,DCA-Anexo I-E,TotalDespesas,4318002,Despesas Liquidadas,12.122 - Administração Geral,2020,Total Geral da Despesa por Função
DCA-Anexo I-E,2020,DCA-Anexo I-E,TotalDespesas,4318002,Despesas Liquidadas,13 - Cultura,2020,Total Geral da Despesa por Função
DCA-Anexo I-E,2020,DCA-Anexo I-E,TotalDespesas,4318002,Despesas Liquidadas,13.392 - Difusão Cultural,2020,Total Geral da Despesa por Função
DCA-Anexo I-E,2020,DCA-Anexo I-E,TotalDespesas,4318002,Despesas Liquidadas,14 - Direitos da Cidadania,2020,Total Geral da Despesa por Função
DCA-Anexo I-E,2020,DCA-Anexo I-E,TotalDespesas,4318002,Despesas Liquidadas,"14.422 - Direitos Individuais, Coletivos e Difusos",2020,Total Geral da Despesa por Função
DCA-Anexo I-E,2020,DCA-Anexo I-E,TotalDespesas,4318002,Despesas Liquidadas,15 - Urbanismo,2020,Total Geral da Despesa por Função
DCA-Anexo I-E,2020,DCA-Anexo I-E,TotalDespesas,4318002,Despesas Liquidadas,15.451 - Infraestrutura Urbana,2020,Total Geral da Despesa por Função
DCA-Anexo I-E,2020,DCA-Anexo I-E,TotalDespesas,4318002,Despesas Liquidadas,15.452 - Serviços Urbanos,2020,Total Geral da Despesa por Função
DCA-Anexo I-E,2020,DCA-Anexo I-E,TotalDespesas,4318002,Despesas Liquidadas,16 - Habitação,2020,Total Geral da Despesa por Função
DCA-Anexo I-E,2020,DCA-Anexo I-E,TotalDespesas,4318002,Despesas Liquidadas,16.482 - Habitação Urbana,2020,Total Geral da Despesa por Função
DCA-Anexo I-E,2020,DCA-Anexo I-E,TotalDespesas,4318002,Despesas Liquidadas,17 - Saneamento,2020,Total Geral da Despesa por Função
DCA-Anexo I-E,2020,DCA-Anexo I-E,TotalDespesas,4318002,Despesas Liquidadas,17.511 - Saneamento Básico Rural,2020,Total Geral da Despesa por Função
DCA-Anexo I-E,2020,DCA-Anexo I-E,TotalDespesas,4318002,Despesas Liquidadas,18 - Gestão Ambiental,2020,Total Geral da Despesa por Função
DCA-Anexo I-E,2020,DCA-Anexo I-E,TotalDespesas,4318002,Despesas Liquidadas,18.541 - Preservação e Conservação Ambiental,2020,Total Geral da Despesa por Função
DCA-Anexo I-E,2020,DCA-Anexo I-E,TotalDespesas,4318002,Despesas Liquidadas,20 - Agricultura,2020,Total Geral da Despesa por Função
DCA-Anexo I-E,2020,DCA-Anexo I-E,TotalDespesas,4318002,Despesas Liquidadas,20.606 - Extensão Rural,2020,Total Geral da Despesa por Função
DCA-Anexo I-E,2020,DCA-Anexo I-E,TotalDespesas,4318002,Despesas Liquidadas,20.122 - Administração Geral,2020,Total Geral da Despesa por Função
DCA-Anexo I-E,2020,DCA-Anexo I-E,TotalDespesas,4318002,Despesas Liquidadas,23 - Comércio e Serviços,2020,Total Geral da Despesa por Função
DCA-Anexo I-E,2020,DCA-Anexo I-E,TotalDespesas,4318002,Despesas Liquidadas,23.695 - Turismo,2020,Total Geral da Despesa por Função
DCA-Anexo I-E,2020,DCA-Anexo I-E,TotalDespesas,4318002,Despesas Liquidadas,26 - Transporte,2020,Total Geral da Despesa por Função
DCA-Anexo I-E,2020,DCA-Anexo I-E,TotalDespesas,4318002,Despesas Liquidadas,26.781 - Transporte Aéreo,2020,Total Geral da Despesa por Função
DCA-Anexo I-E,2020,DCA-Anexo I-E,TotalDespesas,4318002,Despesas Liquidadas,26.782 - Transporte Rodoviário,2020,Total Geral da Despesa por Função
DCA-Anexo I-E,2020,DCA-Anexo I-E,TotalDespesas,4318002,Despesas Liquidadas,27 - Desporto e Lazer,2020,Total Geral da Despesa por Função
DCA-Anexo I-E,2020,DCA-Anexo I-E,TotalDespesas,4318002,Despesas Liquidadas,27.812 - Desporto Comunitário,2020,Total Geral da Despesa por Função
DCA-Anexo I-E,2020,DCA-Anexo I-E,TotalDespesas,4318002,Despesas Liquidadas,28 - Encargos Especiais,2020,Total Geral da Despesa por Função
DCA-Anexo I-E,2020,DCA-Anexo I-E,TotalDespesas,4318002,Despesas Liquidadas,28.843 - Serviço da Dívida Interna,2020,Total Geral da Despesa por Função
DCA-Anexo I-E,2020,DCA-Anexo I-E,TotalDespesas,4318002,Despesas Liquidadas,Despesas Intraorçamentárias,2020,Total Geral da Despesa por Função
DCA-Anexo I-E,2020,DCA-Anexo I-E,TotalDespesas,4318002,Despesas Pagas,Despesas Exceto Intraorçamentárias,2020,Total Geral da Despesa por Função
DCA-Anexo I-E,2020,DCA-Anexo I-E,TotalDespesas,4318002,Despesas Pagas,01 - Legislativa,2020,Total Geral da Despesa por Função
DCA-Anexo I-E,2020,DCA-Anexo I-E,TotalDespesas,4318002,Despesas Pagas,01.031 - Ação Legislativa,2020,Total Geral da Despesa por Função
DCA-Anexo I-E,2020,DCA-Anexo I-E,TotalDespesas,4318002,Despesas Pagas,04 - Administração,2020,Total Geral da Despesa por Função
DCA-Anexo I-E,2020,DCA-Anexo I-E,TotalDespesas,4318002,Despesas Pagas,04.122 - Administração Geral,2020,Total Geral da Despesa por Função
DCA-Anexo I-E,2020,DCA-Anexo I-E,TotalDespesas,4318002,Despesas Pagas,04.124 - Controle Interno,2020,Total Geral da Despesa por Função
DCA-Anexo I-E,2020,DCA-Anexo I-E,TotalDespesas,4318002,Despesas Pagas,04.126 - Tecnologia da Informação,2020,Total Geral da Despesa por Função
DCA-Anexo I-E,2020,DCA-Anexo I-E,TotalDespesas,4318002,Despesas Pagas,06 - Segurança Pública,2020,Total Geral da Despesa por Função
DCA-Anexo I-E,2020,DCA-Anexo I-E,TotalDespesas,4318002,Despesas Pagas,06.181 - Policiamento,2020,Total Geral da Despesa por Função
DCA-Anexo I-E,2020,DCA-Anexo I-E,TotalDespesas,4318002,Despesas Pagas,06.182 - Defesa Civil,2020,Total Geral da Despesa por Função
DCA-Anexo I-E,2020,DCA-Anexo I-E,TotalDespesas,4318002,Despesas Pagas,08 - Assistência Social,2020,Total Geral da Despesa por Função
DCA-Anexo I-E,2020,DCA-Anexo I-E,TotalDespesas,4318002,Despesas Pagas,08.241 - Assistência ao Idoso,2020,Total Geral da Despesa por Função
DCA-Anexo I-E,2020,DCA-Anexo I-E,TotalDespesas,4318002,Despesas Pagas,08.242 - Assistência ao Portador de Deficiência,2020,Total Geral da Despesa por Função
DCA-Anexo I-E,2020,DCA-Anexo I-E,TotalDespesas,4318002,Despesas Pagas,08.243 - Assistência à Criança e ao Adolescente,2020,Total Geral da Despesa por Função
DCA-Anexo I-E,2020,DCA-Anexo I-E,TotalDespesas,4318002,Despesas Pagas,08.244 - Assistência Comunitária,2020,Total Geral da Despesa por Função
DCA-Anexo I-E,2020,DCA-Anexo I-E,TotalDespesas,4318002,Despesas Pagas,08.122 - Administração Geral,2020,Total Geral da Despesa por Função
DCA-Anexo I-E,2020,DCA-Anexo I-E,TotalDespesas,4318002,Despesas Pagas,09 - Previdência Social,2020,Total Geral da Despesa por Função
DCA-Anexo I-E,2020,DCA-Anexo I-E,TotalDespesas,4318002,Despesas Pagas,09.272 - Previdência do Regime Estatutário,2020,Total Geral da Despesa por Função
DCA-Anexo I-E,2020,DCA-Anexo I-E,TotalDespesas,4318002,Despesas Pagas,09.122 - Administração Geral,2020,Total Geral da Despesa por Função
DCA-Anexo I-E,2020,DCA-Anexo I-E,TotalDespesas,4318002,Despesas Pagas,10 - Saúde,2020,Total Geral da Despesa por Função
DCA-Anexo I-E,2020,DCA-Anexo I-E,TotalDespesas,4318002,Despesas Pagas,10.301 - Atenção Básica,2020,Total Geral da Despesa por Função
DCA-Anexo I-E,2020,DCA-Anexo I-E,TotalDespesas,4318002,Despesas Pagas,10.302 - Assistência Hospitalar e Ambulatorial,2020,Total Geral da Despesa por Função
DCA-Anexo I-E,2020,DCA-Anexo I-E,TotalDespesas,4318002,Despesas Pagas,10.303 - Suporte Profilático e Terapêutico,2020,Total Geral da Despesa por Função
DCA-Anexo I-E,2020,DCA-Anexo I-E,TotalDespesas,4318002,Despesas Pagas,10.304 - Vigilância Sanitária,2020,Total Geral da Despesa por Função
DCA-Anexo I-E,2020,DCA-Anexo I-E,TotalDespesas,4318002,Despesas Pagas,10.305 - Vigilância Epidemiológica,2020,Total Geral da Despesa por Função
DCA-Anexo I-E,2020,DCA-Anexo I-E,TotalDespesas,4318002,Despesas Pagas,10.122 - Administração Geral,2020,Total Geral da Despesa por Função
DCA-Anexo I-E,2020,DCA-Anexo I-E,TotalDespesas,4318002,Despesas Pagas,12 - Educação,2020,Total Geral da Despesa por Função
DCA-Anexo I-E,2020,DCA-Anexo I-E,TotalDespesas,4318002,Despesas Pagas,12.361 - Ensino Fundamental,2020,Total Geral da Despesa por Função
DCA-Anexo I-E,2020,DCA-Anexo I-E,TotalDespesas,4318002,Despesas Pagas,12.362 - Ensino Médio,2020,Total Geral da Despesa por Função
DCA-Anexo I-E,2020,DCA-Anexo I-E,TotalDespesas,4318002,Despesas Pagas,12.365 - Educação Infantil,2020,Total Geral da Despesa por Função
DCA-Anexo I-E,2020,DCA-Anexo I-E,TotalDespesas,4318002,Despesas Pagas,12.366 - Educação de Jovens e Adultos,2020,Total Geral da Despesa por Função
DCA-Anexo I-E,2020,DCA-Anexo I-E,TotalDespesas,4318002,Despesas Pagas,12.122 - Administração Geral,2020,Total Geral da Despesa por Função
DCA-Anexo I-E,2020,DCA-Anexo I-E,TotalDespesas,4318002,Despesas Pagas,13 - Cultura,2020,Total Geral da Despesa por Função
DCA-Anexo I-E,2020,DCA-Anexo I-E,TotalDespesas,4318002,Despesas Pagas,13.392 - Difusão Cultural,2020,Total Geral da Despesa por Função
DCA-Anexo I-E,2020,DCA-Anexo I-E,TotalDespesas,4318002,Despesas Pagas,14 - Direitos da Cidadania,2020,Total Geral da Despesa por Função
DCA-Anexo I-E,2020,DCA-Anexo I-E,TotalDespesas,4318002,Despesas Pagas,"14.422 - Direitos Individuais, Coletivos e Difusos",2020,Total Geral da Despesa por Função
DCA-Anexo I-E,2020,DCA-Anexo I-E,TotalDespesas,4318002,Despesas Pagas,15 - Urbanismo,2020,Total Geral da Despesa por Função
DCA-Anexo I-E,2020,DCA-Anexo I-E,TotalDespesas,4318002,Despesas Pagas,15.451 - Infraestrutura Urbana,2020,Total Geral da Despesa por Função
DCA-Anexo I-E,2020,DCA-Anexo I-E,TotalDespesas,4318002,Despesas Pagas,15.452 - Serviços Urbanos,2020,Total Geral da Despesa por Função
DCA-Anexo I-E,2020,DCA-Anexo I-E,TotalDespesas,4318002,Despesas Pagas,16 - Habitação,2020,Total Geral da Despesa por Função
DCA-Anexo I-E,2020,DCA-Anexo I-E,TotalDespesas,4318002,Despesas Pagas,16.482 - Habitação Urbana,2020,Total Geral da Despesa por Função
DCA-Anexo I-E,2020,DCA-Anexo I-E,TotalDespesas,4318002,Despesas Pagas,17 - Saneamento,2020,Total Geral da Despesa por Função
DCA-Anexo I-E,2020,DCA-Anexo I-E,TotalDespesas,4318002,Despesas Pagas,17.511 - Saneamento Básico Rural,2020,Total Geral da Despesa por Função
DCA-Anexo I-E,2020,DCA-Anexo I-E,TotalDespesas,4318002,Despesas Pagas,18 - Gestão Ambiental,2020,Total Geral da Despesa por Função
DCA-Anexo I-E,2020,DCA-Anexo I-E,TotalDespesas,4318002,Despesas Pagas,18.541 - Preservação e Conservação Ambiental,2020,Total Geral da Despesa por Função
DCA-Anexo I-E,2020,DCA-Anexo I-E,TotalDespesas,4318002,Despesas Pagas,20 - Agricultura,2020,Total Geral da Despesa por Função
DCA-Anexo I-E,2020,DCA-Anexo I-E,TotalDespesas,4318002,Despesas Pagas,20.606 - Extensão Rural,2020,Total Geral da Despesa por Função
DCA-Anexo I-E,2020,DCA-Anexo I-E,TotalDespesas,4318002,Despesas Pagas,20.122 - Administração Geral,2020,Total Geral da Despesa por Função
DCA-Anexo I-E,2020,DCA-Anexo I-E,TotalDespesas,4318002,Despesas Pagas,23 - Comércio e Serviços,2020,Total Geral da Despesa por Função
DCA-Anexo I-E,2020,DCA-Anexo I-E,TotalDespesas,4318002,Despesas Pagas,23.695 - Turismo,2020,Total Geral da Despesa por Função
DCA-Anexo I-E,2020,DCA-Anexo I-E,TotalDespesas,4318002,Despesas Pagas,26 - Transporte,2020,Total Geral da Despesa por Função
DCA-Anexo I-E,2020,DCA-Anexo I-E,TotalDespesas,4318002,Despesas Pagas,26.781 - Transporte Aéreo,2020,Total Geral da Despesa por Função
DCA-Anexo I-E,2020,DCA-Anexo I-E,TotalDespesas,4318002,Despesas Pagas,26.782 - Transporte Rodoviário,2020,Total Geral da Despesa por Função
DCA-Anexo I-E,2020,DCA-Anexo I-E,TotalDespesas,4318002,Despesas Pagas,27 - Desporto e Lazer,2020,Total Geral da Despesa por Função
DCA-Anexo I-E,2020,DCA-Anexo I-E,TotalDespesas,4318002,Despesas Pagas,27.812 - Desporto Comunitário,2020,Total Geral da Despesa por Função
DCA-Anexo I-E,2020,DCA-Anexo I-E,TotalDespesas,4318002,Despesas Pagas,28 - Encargos Especiais,2020,Total Geral da Despesa por Função
DCA-Anexo I-E,2020,DCA-Anexo I-E,TotalDespesas,4318002,Despesas Pagas,28.843 - Serviço da Dívida Interna,2020,Total Geral da Despesa por Função
DCA-Anexo I-E,2020,DCA-Anexo I-E,TotalDespesas,4318002,Despesas Pagas,Despesas Intraorçamentárias,2020,Total Geral da Despesa por Função
DCA-Anexo I-E,2020,DCA-Anexo I-E,TotalDespesas,4318002,Inscrição de Restos a Pagar Não Processados,Despesas Exceto Intraorçamentárias,2020,Total Geral da Despesa por Função
DCA-Anexo I-E,2020,DCA-Anexo I-E,TotalDespesas,4318002,Inscrição de Restos a Pagar Não Processados,01 - Legislativa,2020,Total Geral da Despesa por Função
DCA-Anexo I-E,2020,DCA-Anexo I-E,TotalDespesas,4318002,Inscrição de Restos a Pagar Não Processados,01.031 - Ação Legislativa,2020,Total Geral da Despesa por Função
DCA-Anexo I-E,2020,DCA-Anexo I-E,TotalDespesas,4318002,Inscrição de Restos a Pagar Não Processados,04 - Administração,2020,Total Geral da Despesa por Função
DCA-Anexo I-E,2020,DCA-Anexo I-E,TotalDespesas,4318002,Inscrição de Restos a Pagar Não Processados,04.122 - Administração Geral,2020,Total Geral da Despesa por Função
DCA-Anexo I-E,2020,DCA-Anexo I-E,TotalDespesas,4318002,Inscrição de Restos a Pagar Não Processados,06 - Segurança Pública,2020,Total Geral da Despesa por Função
DCA-Anexo I-E,2020,DCA-Anexo I-E,TotalDespesas,4318002,Inscrição de Restos a Pagar Não Processados,06.182 - Defesa Civil,2020,Total Geral da Despesa por Função
DCA-Anexo I-E,2020,DCA-Anexo I-E,TotalDespesas,4318002,Inscrição de Restos a Pagar Não Processados,08 - Assistência Social,2020,Total Geral da Despesa por Função
DCA-Anexo I-E,2020,DCA-Anexo I-E,TotalDespesas,4318002,Inscrição de Restos a Pagar Não Processados,08.241 - Assistência ao Idoso,2020,Total Geral da Despesa por Função
DCA-Anexo I-E,2020,DCA-Anexo I-E,TotalDespesas,4318002,Inscrição de Restos a Pagar Não Processados,10 - Saúde,2020,Total Geral da Despesa por Função
DCA-Anexo I-E,2020,DCA-Anexo I-E,TotalDespesas,4318002,Inscrição de Restos a Pagar Não Processados,10.301 - Atenção Básica,2020,Total Geral da Despesa por Função
DCA-Anexo I-E,2020,DCA-Anexo I-E,TotalDespesas,4318002,Inscrição de Restos a Pagar Não Processados,10.302 - Assistência Hospitalar e Ambulatorial,2020,Total Geral da Despesa por Função
DCA-Anexo I-E,2020,DCA-Anexo I-E,TotalDespesas,4318002,Inscrição de Restos a Pagar Não Processados,10.303 - Suporte Profilático e Terapêutico,2020,Total Geral da Despesa por Função
DCA-Anexo I-E,2020,DCA-Anexo I-E,TotalDespesas,4318002,Inscrição de Restos a Pagar Não Processados,10.305 - Vigilância Epidemiológica,2020,Total Geral da Despesa por Função
DCA-Anexo I-E,2020,DCA-Anexo I-E,TotalDespesas,4318002,Inscrição de Restos a Pagar Não Processados,12 - Educação,2020,Total Geral da Despesa por Função
DCA-Anexo I-E,2020,DCA-Anexo I-E,TotalDespesas,4318002,Inscrição de Restos a Pagar Não Processados,12.361 - Ensino Fundamental,2020,Total Geral da Despesa por Função
DCA-Anexo I-E,2020,DCA-Anexo I-E,TotalDespesas,4318002,Inscrição de Restos a Pagar Não Processados,12.365 - Educação Infantil,2020,Total Geral da Despesa por Função
DCA-Anexo I-E,2020,DCA-Anexo I-E,TotalDespesas,4318002,Inscrição de Restos a Pagar Não Processados,12.122 - Administração Geral,2020,Total Geral da Despesa por Função
DCA-Anexo I-E,2020,DCA-Anexo I-E,TotalDespesas,4318002,Inscrição de Restos a Pagar Não Processados,13 - Cultura,2020,Total Geral da Despesa por Função
DCA-Anexo I-E,2020,DCA-Anexo I-E,TotalDespesas,4318002,Inscrição de Restos a Pagar Não Processados,13.392 - Difusão Cultural,2020,Total Geral da Despesa por Função
DCA-Anexo I-E,2020,DCA-Anexo I-E,TotalDespesas,4318002,Inscrição de Restos a Pagar Não Processados,15 - Urbanismo,2020,Total Geral da Despesa por Função
DCA-Anexo I-E,2020,DCA-Anexo I-E,TotalDespesas,4318002,Inscrição de Restos a Pagar Não Processados,15.451 - Infraestrutura Urbana,2020,Total Geral da Despesa por Função
DCA-Anexo I-E,2020,DCA-Anexo I-E,TotalDespesas,4318002,Inscrição de Restos a Pagar Não Processados,15.452 - Serviços Urbanos,2020,Total Geral da Despesa por Função
DCA-Anexo I-E,2020,DCA-Anexo I-E,TotalDespesas,4318002,Inscrição de Restos a Pagar Não Processados,17 - Saneamento,2020,Total Geral da Despesa por Função
DCA-Anexo I-E,2020,DCA-Anexo I-E,TotalDespesas,4318002,Inscrição de Restos a Pagar Não Processados,17.511 - Saneamento Básico Rural,2020,Total Geral da Despesa por Função
DCA-Anexo I-E,2020,DCA-Anexo I-E,TotalDespesas,4318002,Inscrição de Restos a Pagar Não Processados,18 - Gestão Ambiental,2020,Total Geral da Despesa por Função
DCA-Anexo I-E,2020,DCA-Anexo I-E,TotalDespesas,4318002,Inscrição de Restos a Pagar Não Processados,18.541 - Preservação e Conservação Ambiental,2020,Total Geral da Despesa por Função
DCA-Anexo I-E,2020,DCA-Anexo I-E,TotalDespesas,4318002,Inscrição de Restos a Pagar Não Processados,20 - Agricultura,2020,Total Geral da Despesa por Função
DCA-Anexo I-E,2020,DCA-Anexo I-E,TotalDespesas,4318002,Inscrição de Restos a Pagar Não Processados,20.606 - Extensão Rural,2020,Total Geral da Despesa por Função
DCA-Anexo I-E,2020,DCA-Anexo I-E,TotalDespesas,4318002,Inscrição de Restos a Pagar Não Processados,23 - Comércio e Serviços,2020,Total Geral da Despesa por Função
DCA-Anexo I-E,2020,DCA-Anexo I-E,TotalDespesas,4318002,Inscrição de Restos a Pagar Não Processados,23.695 - Turismo,2020,Total Geral da Despesa por Função
DCA-Anexo I-E,2020,DCA-Anexo I-E,TotalDespesas,4318002,Inscrição de Restos a Pagar Não Processados,26 - Transporte,2020,Total Geral da Despesa por Função
DCA-Anexo I-E,2020,DCA-Anexo I-E,TotalDespesas,4318002,Inscrição de Restos a Pagar Não Processados,26.781 - Transporte Aéreo,2020,Total Geral da Despesa por Função
DCA-Anexo I-E,2020,DCA-Anexo I-E,TotalDespesas,4318002,Inscrição de Restos a Pagar Não Processados,27 - Desporto e Lazer,2020,Total Geral da Despesa por Função
DCA-Anexo I-E,2020,DCA-Anexo I-E,TotalDespesas,4318002,Inscrição de Restos a Pagar Não Processados,27.812 - Desporto Comunitário,2020,Total Geral da Despesa por Função
DCA-Anexo I-E,2020,DCA-Anexo I-E,TotalDespesas,4318002,Inscrição de Restos a Pagar Não Processados,Despesas Intraorçamentárias,2020,Total Geral da Despesa por Função
DCA-Anexo I-E,2020,DCA-Anexo I-E,TotalDespesas,4318002,Inscrição de Restos a Pagar Processados,Despesas Exceto Intraorçamentárias,2020,Total Geral da Despesa por Função
DCA-Anexo I-E,2020,DCA-Anexo I-E,TotalDespesas,4318002,Inscrição de Restos a Pagar Processados,04 - Administração,2020,Total Geral da Despesa por Função
DCA-Anexo I-E,2020,DCA-Anexo I-E,TotalDespesas,4318002,Inscrição de Restos a Pagar Processados,04.122 - Administração Geral,2020,Total Geral da Despesa por Função
DCA-Anexo I-E,2020,DCA-Anexo I-E,TotalDespesas,4318002,Inscrição de Restos a Pagar Processados,04.124 - Controle Interno,2020,Total Geral da Despesa por Função
DCA-Anexo I-E,2020,DCA-Anexo I-E,TotalDespesas,4318002,Inscrição de Restos a Pagar Processados,04.126 - Tecnologia da Informação,2020,Total Geral da Despesa por Função
DCA-Anexo I-E,2020,DCA-Anexo I-E,TotalDespesas,4318002,Inscrição de Restos a Pagar Processados,06 - Segurança Pública,2020,Total Geral da Despesa por Função
DCA-Anexo I-E,2020,DCA-Anexo I-E,TotalDespesas,4318002,Inscrição de Restos a Pagar Processados,06.181 - Policiamento,2020,Total Geral da Despesa por Função
DCA-Anexo I-E,2020,DCA-Anexo I-E,TotalDespesas,4318002,Inscrição de Restos a Pagar Processados,06.182 - Defesa Civil,2020,Total Geral da Despesa por Função
DCA-Anexo I-E,2020,DCA-Anexo I-E,TotalDespesas,4318002,Inscrição de Restos a Pagar Processados,08 - Assistência Social,2020,Total Geral da Despesa por Função
DCA-Anexo I-E,2020,DCA-Anexo I-E,TotalDespesas,4318002,Inscrição de Restos a Pagar Processados,08.241 - Assistência ao Idoso,2020,Total Geral da Despesa por Função
DCA-Anexo I-E,2020,DCA-Anexo I-E,TotalDespesas,4318002,Inscrição de Restos a Pagar Processados,08.243 - Assistência à Criança e ao Adolescente,2020,Total Geral da Despesa por Função
DCA-Anexo I-E,2020,DCA-Anexo I-E,TotalDespesas,4318002,Inscrição de Restos a Pagar Processados,08.244 - Assistência Comunitária,2020,Total Geral da Despesa por Função
DCA-Anexo I-E,2020,DCA-Anexo I-E,TotalDespesas,4318002,Inscrição de Restos a Pagar Processados,08.122 - Administração Geral,2020,Total Geral da Despesa por Função
DCA-Anexo I-E,2020,DCA-Anexo I-E,TotalDespesas,4318002,Inscrição de Restos a Pagar Processados,10 - Saúde,2020,Total Geral da Despesa por Função
DCA-Anexo I-E,2020,DCA-Anexo I-E,TotalDespesas,4318002,Inscrição de Restos a Pagar Processados,10.301 - Atenção Básica,2020,Total Geral da Despesa por Função
DCA-Anexo I-E,2020,DCA-Anexo I-E,TotalDespesas,4318002,Inscrição de Restos a Pagar Processados,10.302 - Assistência Hospitalar e Ambulatorial,2020,Total Geral da Despesa por Função
DCA-Anexo I-E,2020,DCA-Anexo I-E,TotalDespesas,4318002,Inscrição de Restos a Pagar Processados,10.303 - Suporte Profilático e Terapêutico,2020,Total Geral da Despesa por Função
DCA-Anexo I-E,2020,DCA-Anexo I-E,TotalDespesas,4318002,Inscrição de Restos a Pagar Processados,10.304 - Vigilância Sanitária,2020,Total Geral da Despesa por Função
DCA-Anexo I-E,2020,DCA-Anexo I-E,TotalDespesas,4318002,Inscrição de Restos a Pagar Processados,10.305 - Vigilância Epidemiológica,2020,Total Geral da Despesa por Função
DCA-Anexo I-E,2020,DCA-Anexo I-E,TotalDespesas,4318002,Inscrição de Restos a Pagar Processados,10.122 - Administração Geral,2020,Total Geral da Despesa por Função
DCA-Anexo I-E,2020,DCA-Anexo I-E,TotalDespesas,4318002,Inscrição de Restos a Pagar Processados,12 - Educação,2020,Total Geral da Despesa por Função
DCA-Anexo I-E,2020,DCA-Anexo I-E,TotalDespesas,4318002,Inscrição de Restos a Pagar Processados,12.361 - Ensino Fundamental,2020,Total Geral da Despesa por Função
DCA-Anexo I-E,2020,DCA-Anexo I-E,TotalDespesas,4318002,Inscrição de Restos a Pagar Processados,12.362 - Ensino Médio,2020,Total Geral da Despesa por Função
DCA-Anexo I-E,2020,DCA-Anexo I-E,TotalDespesas,4318002,Inscrição de Restos a Pagar Processados,12.365 - Educação Infantil,2020,Total Geral da Despesa por Função
DCA-Anexo I-E,2020,DCA-Anexo I-E,TotalDespesas,4318002,Inscrição de Restos a Pagar Processados,12.122 - Administração Geral,2020,Total Geral da Despesa por Função
DCA-Anexo I-E,2020,DCA-Anexo I-E,TotalDespesas,4318002,Inscrição de Restos a Pagar Processados,13 - Cultura,2020,Total Geral da Despesa por Função
DCA-Anexo I-E,2020,DCA-Anexo I-E,TotalDespesas,4318002,Inscrição de Restos a Pagar Processados,13.392 - Difusão Cultural,2020,Total Geral da Despesa por Função
DCA-Anexo I-E,2020,DCA-Anexo I-E,TotalDespesas,4318002,Inscrição de Restos a Pagar Processados,15 - Urbanismo,2020,Total Geral da Despesa por Função
DCA-Anexo I-E,2020,DCA-Anexo I-E,TotalDespesas,4318002,Inscrição de Restos a Pagar Processados,15.451 - Infraestrutura Urbana,2020,Total Geral da Despesa por Função
DCA-Anexo I-E,2020,DCA-Anexo I-E,TotalDespesas,4318002,Inscrição de Restos a Pagar Processados,15.452 - Serviços Urbanos,2020,Total Geral da Despesa por Função
DCA-Anexo I-E,2020,DCA-Anexo I-E,TotalDespesas,4318002,Inscrição de Restos a Pagar Processados,18 - Gestão Ambiental,2020,Total Geral da Despesa por Função
DCA-Anexo I-E,2020,DCA-Anexo I-E,TotalDespesas,4318002,Inscrição de Restos a Pagar Processados,18.541 - Preservação e Conservação Ambiental,2020,Total Geral da Despesa por Função
DCA-Anexo I-E,2020,DCA-Anexo I-E,TotalDespesas,4318002,Inscrição de Restos a Pagar Processados,20 - Agricultura,2020,Total Geral da Despesa por Função
DCA-Anexo I-E,2020,DCA-Anexo I-E,TotalDespesas,4318002,Inscrição de Restos a Pagar Processados,20.606 - Extensão Rural,2020,Total Geral da Despesa por Função
DCA-Anexo I-E,2020,DCA-Anexo I-E,TotalDespesas,4318002,Inscrição de Restos a Pagar Processados,26 - Transporte,2020,Total Geral da Despesa por Função
DCA-Anexo I-E,2020,DCA-Anexo I-E,TotalDespesas,4318002,Inscrição de Restos a Pagar Processados,26.781 - Transporte Aéreo,2020,Total Geral da Despesa por Função
DCA-Anexo I-E,2020,DCA-Anexo I-E,TotalDespesas,4318002,Inscrição de Restos a Pagar Processados,27 - Desporto e Lazer,2020,Total Geral da Despesa por Função
DCA-Anexo I-E,2020,DCA-Anexo I-E,TotalDespesas,4318002,Inscrição de Restos a Pagar Processados,27.812 - Desporto Comunitário,2020,Total Geral da Despesa por Função
DCA-Anexo I-E,2020,DCA-Anexo I-E,TotalDespesas,4318002,Inscrição de Restos a Pagar Processados,28 - Encargos Especiais,2020,Total Geral da Despesa por Função
DCA-Anexo I-E,2020,DCA-Anexo I-E,TotalDespesas,4318002,Inscrição de Restos a Pagar Processados,28.843 - Serviço da Dívida Interna,2020,Total Geral da Despesa por Função
DCA-Anexo I-E,2020,DCA-Anexo I-E,TotalDespesas,4318002,Inscrição de Restos a Pagar Processados,Despesas Intraorçamentárias,2020,Total Geral da Despesa por Função
DCA-Anexo I-C,2021,DCA-Anexo I-C,ReceitasExcetoIntraOrcamentarias,4318002,Receitas Brutas Realizadas,RECEITAS (EXCETO INTRA-ORÇAMENTÁRIAS) (I),2021,Padrão
DCA-Anexo I-C,2021,DCA-Anexo I-C,ReceitasExcetoIntraOrcamentarias,4318002,Deduções - FUNDEB,RECEITAS (EXCETO INTRA-ORÇAMENTÁRIAS) (I),2021,Padrão
DCA-Anexo I-C,2021,DCA-Anexo I-C,ReceitasExcetoIntraOrcamentarias,4318002,Outras Deduções da Receita,RECEITAS (EXCETO INTRA-ORÇAMENTÁRIAS) (I),2021,Padrão
DCA-Anexo I-C,2021,DCA-Anexo I-C,RO1.0.0.0.00.0.0,4318002,Receitas Brutas Realizadas,1.0.0.0.00.0.0 - Receitas Correntes,2021,Padrão
DCA-Anexo I-C,2021,DCA-Anexo I-C,RO1.0.0.0.00.0.0,4318002,Deduções - FUNDEB,1.0.0.0.00.0.0 - Receitas Correntes,2021,Padrão
DCA-Anexo I-C,2021,DCA-Anexo I-C,RO1.0.0.0.00.0.0,4318002,Outras Deduções da Receita,1.0.0.0.00.0.0 - Receitas Correntes,2021,Padrão
DCA-Anexo I-C,2021,DCA-Anexo I-C,RO1.1.0.0.00.0.0,4318002,Receitas Brutas Realizadas,"1.1.0.0.00.0.0 - Impostos, Taxas e Contribuições de Melhoria",2021,Padrão
DCA-Anexo I-C,2021,DCA-Anexo I-C,RO1.1.0.0.00.0.0,4318002,Outras Deduções da Receita,"1.1.0.0.00.0.0 - Impostos, Taxas e Contribuições de Melhoria",2021,Padrão
DCA-Anexo I-C,2021,DCA-Anexo I-C,RO1.1.1.0.00.0.0,4318002,Receitas Brutas Realizadas,1.1.1.0.00.0.0 - Impostos,2021,Padrão
DCA-Anexo I-C,2021,DCA-Anexo I-C,RO1.1.1.0.00.0.0,4318002,Outras Deduções da Receita,1.1.1.0.00.0.0 - Impostos,2021,Padrão
DCA-Anexo I-C,2021,DCA-Anexo I-C,RO1.1.1.3.00.0.0,4318002,Receitas Brutas Realizadas,1.1.1.3.00.0.0 - Impostos sobre a Renda e Proventos de Qualquer Natureza,2021,Padrão
DCA-Anexo I-C,2021,DCA-Anexo I-C,RO1.1.1.3.00.0.0,4318002,Outras Deduções da Receita,1.1.1.3.00.0.0 - Impostos sobre a Renda e Proventos de Qualquer Natureza,2021,Padrão
DCA-Anexo I-C,2021,DCA-Anexo I-C,RO1.1.1.3.03.0.0,4318002,Receitas Brutas Realizadas,1.1.1.3.03.0.0 - Imposto sobre a Renda - Retido na Fonte,2021,Padrão
DCA-Anexo I-C,2021,DCA-Anexo I-C,RO1.1.1.3.03.0.0,4318002,Outras Deduções da Receita,1.1.1.3.03.0.0 - Imposto sobre a Renda - Retido na Fonte,2021,Padrão
DCA-Anexo I-C,2021,DCA-Anexo I-C,RO1.1.1.3.03.1.0,4318002,Receitas Brutas Realizadas,1.1.1.3.03.1.0 - Imposto sobre a Renda - Retido na Fonte - Trabalho,2021,Padrão
DCA-Anexo I-C,2021,DCA-Anexo I-C,RO1.1.1.3.03.1.0,4318002,Outras Deduções da Receita,1.1.1.3.03.1.0 - Imposto sobre a Renda - Retido na Fonte - Trabalho,2021,Padrão
DCA-Anexo I-C,2021,DCA-Anexo I-C,RO1.1.1.3.03.4.0,4318002,Receitas Brutas Realizadas,1.1.1.3.03.4.0 - Imposto sobre a Renda - Retido na Fonte - Outros Rendimentos,2021,Padrão
DCA-Anexo I-C,2021,DCA-Anexo I-C,RO1.1.1.8.00.0.0,4318002,Receitas Brutas Realizadas,"1.1.1.8.00.0.0 - Impostos Específicos de Estados, DF e Municípios",2021,Padrão
DCA-Anexo I-C,2021,DCA-Anexo I-C,RO1.1.1.8.00.0.0,4318002,Outras Deduções da Receita,"1.1.1.8.00.0.0 - Impostos Específicos de Estados, DF e Municípios",2021,Padrão
DCA-Anexo I-C,2021,DCA-Anexo I-C,RO1.1.1.8.01.0.0,4318002,Receitas Brutas Realizadas,1.1.1.8.01.0.0 - Impostos sobre o Patrimônio para Estados/DF/Municípios,2021,Padrão
DCA-Anexo I-C,2021,DCA-Anexo I-C,RO1.1.1.8.01.0.0,4318002,Outras Deduções da Receita,1.1.1.8.01.0.0 - Impostos sobre o Patrimônio para Estados/DF/Municípios,2021,Padrão
DCA-Anexo I-C,2021,DCA-Anexo I-C,RO1.1.1.8.01.1.0,4318002,Receitas Brutas Realizadas,1.1.1.8.01.1.0 - Imposto sobre a Propriedade Predial e Territorial Urbana,2021,Padrão
DCA-Anexo I-C,2021,DCA-Anexo I-C,RO1.1.1.8.01.1.0,4318002,Outras Deduções da Receita,1.1.1.8.01.1.0 - Imposto sobre a Propriedade Predial e Territorial Urbana,2021,Padrão
DCA-Anexo I-C,2021,DCA-Anexo I-C,RO1.1.1.8.01.4.0,4318002,Receitas Brutas Realizadas,1.1.1.8.01.4.0 - Imposto sobre Transmissão ¿Inter Vivos¿ de Bens Imóveis e de Direitos Reais sobre Imóveis,2021,Padrão
DCA-Anexo I-C,2021,DCA-Anexo I-C,RO1.1.1.8.01.4.0,4318002,Outras Deduções da Receita,1.1.1.8.01.4.0 - Imposto sobre Transmissão ¿Inter Vivos¿ de Bens Imóveis e de Direitos Reais sobre Imóveis,2021,Padrão
DCA-Anexo I-C,2021,DCA-Anexo I-C,RO1.1.1.8.02.0.0,4318002,Receitas Brutas Realizadas,"1.1.1.8.02.0.0 - Impostos sobre a Produção, Circulação de Mercadorias e Serviços",2021,Padrão
DCA-Anexo I-C,2021,DCA-Anexo I-C,RO1.1.1.8.02.0.0,4318002,Outras Deduções da Receita,"1.1.1.8.02.0.0 - Impostos sobre a Produção, Circulação de Mercadorias e Serviços",2021,Padrão
DCA-Anexo I-C,2021,DCA-Anexo I-C,RO1.1.1.8.02.3.0,4318002,Receitas Brutas Realizadas,1.1.1.8.02.3.0 - Imposto sobre Serviços de Qualquer Natureza,2021,Padrão
DCA-Anexo I-C,2021,DCA-Anexo I-C,RO1.1.1.8.02.3.0,4318002,Outras Deduções da Receita,1.1.1.8.02.3.0 - Imposto sobre Serviços de Qualquer Natureza,2021,Padrão
DCA-Anexo I-C,2021,DCA-Anexo I-C,RO1.1.2.0.00.0.0,4318002,Receitas Brutas Realizadas,1.1.2.0.00.0.0 - Taxas,2021,Padrão
DCA-Anexo I-C,2021,DCA-Anexo I-C,RO1.1.2.0.00.0.0,4318002,Outras Deduções da Receita,1.1.2.0.00.0.0 - Taxas,2021,Padrão
DCA-Anexo I-C,2021,DCA-Anexo I-C,RO1.1.2.2.00.0.0,4318002,Receitas Brutas Realizadas,1.1.2.2.00.0.0 - Taxas pela Prestação de Serviços,2021,Padrão
DCA-Anexo I-C,2021,DCA-Anexo I-C,RO1.1.2.2.01.0.0,4318002,Receitas Brutas Realizadas,1.1.2.2.01.0.0 - Taxas pela Prestação de Serviços,2021,Padrão
DCA-Anexo I-C,2021,DCA-Anexo I-C,RO1.1.2.8.00.0.0,4318002,Receitas Brutas Realizadas,"1.1.2.8.00.0.0 - Taxas - Específicas de Estados, DF e Municípios",2021,Padrão
DCA-Anexo I-C,2021,DCA-Anexo I-C,RO1.1.2.8.00.0.0,4318002,Outras Deduções da Receita,"1.1.2.8.00.0.0 - Taxas - Específicas de Estados, DF e Municípios",2021,Padrão
DCA-Anexo I-C,2021,DCA-Anexo I-C,RO1.1.2.8.01.0.0,4318002,Receitas Brutas Realizadas,"1.1.2.8.01.0.0 - Taxas de Inspeção, Controle e Fiscalização",2021,Padrão
DCA-Anexo I-C,2021,DCA-Anexo I-C,RO1.1.2.8.01.0.0,4318002,Outras Deduções da Receita,"1.1.2.8.01.0.0 - Taxas de Inspeção, Controle e Fiscalização",2021,Padrão
DCA-Anexo I-C,2021,DCA-Anexo I-C,RO1.1.2.8.01.1.0,4318002,Receitas Brutas Realizadas,1.1.2.8.01.1.0 - Taxa de Fiscalização de Vigilância Sanitária,2021,Padrão
DCA-Anexo I-C,2021,DCA-Anexo I-C,RO1.1.2.8.01.9.0,4318002,Receitas Brutas Realizadas,"1.1.2.8.01.9.0 - Taxas de Inspeção, Controle e Fiscalização - Outras",2021,Padrão
DCA-Anexo I-C,2021,DCA-Anexo I-C,RO1.1.2.8.01.9.0,4318002,Outras Deduções da Receita,"1.1.2.8.01.9.0 - Taxas de Inspeção, Controle e Fiscalização - Outras",2021,Padrão
DCA-Anexo I-C,2021,DCA-Anexo I-C,RO1.1.2.8.02.0.0,4318002,Receitas Brutas Realizadas,1.1.2.8.02.0.0 - Taxas pela Prestação de Serviços,2021,Padrão
DCA-Anexo I-C,2021,DCA-Anexo I-C,RO1.1.2.8.02.0.0,4318002,Outras Deduções da Receita,1.1.2.8.02.0.0 - Taxas pela Prestação de Serviços,2021,Padrão
DCA-Anexo I-C,2021,DCA-Anexo I-C,RO1.1.2.8.02.9.0,4318002,Receitas Brutas Realizadas,1.1.2.8.02.9.0 - Taxas pela Prestação de Serviços - Outras,2021,Padrão
DCA-Anexo I-C,2021,DCA-Anexo I-C,RO1.1.2.8.02.9.0,4318002,Outras Deduções da Receita,1.1.2.8.02.9.0 - Taxas pela Prestação de Serviços - Outras,2021,Padrão
DCA-Anexo I-C,2021,DCA-Anexo I-C,RO1.2.0.0.00.0.0,4318002,Receitas Brutas Realizadas,1.2.0.0.00.0.0 - Contribuições,2021,Padrão
DCA-Anexo I-C,2021,DCA-Anexo I-C,RO1.2.1.0.00.0.0,4318002,Receitas Brutas Realizadas,1.2.1.0.00.0.0 - Contribuições Sociais,2021,Padrão
DCA-Anexo I-C,2021,DCA-Anexo I-C,RO1.2.1.8.00.0.0,4318002,Receitas Brutas Realizadas,"1.2.1.8.00.0.0 - Contribuições Sociais Específicas de Estados, DF e Municípios",2021,Padrão
DCA-Anexo I-C,2021,DCA-Anexo I-C,RO1.2.1.8.01.0.0,4318002,Receitas Brutas Realizadas,1.2.1.8.01.0.0 - Contribuição do Servidor Civil para o Plano de Seguridade Social - CPSSS - Específico de EST/DF/MUN,2021,Padrão
DCA-Anexo I-C,2021,DCA-Anexo I-C,RO1.2.1.8.01.1.0,4318002,Receitas Brutas Realizadas,1.2.1.8.01.1.0 - CPSSS do Servidor Civil Ativo,2021,Padrão
DCA-Anexo I-C,2021,DCA-Anexo I-C,RO1.2.1.8.01.2.0,4318002,Receitas Brutas Realizadas,1.2.1.8.01.2.0 - CPSSS do Servidor Civil Inativo,2021,Padrão
DCA-Anexo I-C,2021,DCA-Anexo I-C,RO1.2.1.8.02.0.0,4318002,Receitas Brutas Realizadas,1.2.1.8.02.0.0 - CPSSS - Parcelamentos - Específico de EST/DF/MUN,2021,Padrão
DCA-Anexo I-C,2021,DCA-Anexo I-C,RO1.2.1.8.02.1.0,4318002,Receitas Brutas Realizadas,1.2.1.8.02.1.0 - CPSSS - Parcelamentos - do Servidor Civil Ativo,2021,Padrão
DCA-Anexo I-C,2021,DCA-Anexo I-C,RO1.2.4.0.00.0.0,4318002,Receitas Brutas Realizadas,1.2.4.0.00.0.0 - Contribuição para o Custeio do Serviço de Iluminação Pública,2021,Padrão
DCA-Anexo I-C,2021,DCA-Anexo I-C,RO1.3.0.0.00.0.0,4318002,Receitas Brutas Realizadas,1.3.0.0.00.0.0 - Receita Patrimonial,2021,Padrão
DCA-Anexo I-C,2021,DCA-Anexo I-C,RO1.3.0.0.00.0.0,4318002,Outras Deduções da Receita,1.3.0.0.00.0.0 - Receita Patrimonial,2021,Padrão
DCA-Anexo I-C,2021,DCA-Anexo I-C,RO1.3.1.0.00.0.0,4318002,Receitas Brutas Realizadas,1.3.1.0.00.0.0 - Exploração do Patrimônio Imobiliário do Estado,2021,Padrão
DCA-Anexo I-C,2021,DCA-Anexo I-C,RO1.3.1.0.00.0.0,4318002,Outras Deduções da Receita,1.3.1.0.00.0.0 - Exploração do Patrimônio Imobiliário do Estado,2021,Padrão
DCA-Anexo I-C,2021,DCA-Anexo I-C,RO1.3.1.0.01.0.0,4318002,Receitas Brutas Realizadas,"1.3.1.0.01.0.0 - Aluguéis, Arrendamentos, Foros, Laudêmios, Tarifas de Ocupação",2021,Padrão
DCA-Anexo I-C,2021,DCA-Anexo I-C,RO1.3.1.0.01.0.0,4318002,Outras Deduções da Receita,"1.3.1.0.01.0.0 - Aluguéis, Arrendamentos, Foros, Laudêmios, Tarifas de Ocupação",2021,Padrão
DCA-Anexo I-C,2021,DCA-Anexo I-C,RO1.3.1.0.01.1.0,4318002,Receitas Brutas Realizadas,1.3.1.0.01.1.0 - Aluguéis e Arrendamentos,2021,Padrão
DCA-Anexo I-C,2021,DCA-Anexo I-C,RO1.3.1.0.01.1.0,4318002,Outras Deduções da Receita,1.3.1.0.01.1.0 - Aluguéis e Arrendamentos,2021,Padrão
DCA-Anexo I-C,2021,DCA-Anexo I-C,RO1.3.1.0.01.2.0,4318002,Receitas Brutas Realizadas,"1.3.1.0.01.2.0 - Foros, Laudêmios e Tarifas de Ocupação",2021,Padrão
DCA-Anexo I-C,2021,DCA-Anexo I-C,RO1.3.1.0.01.2.0,4318002,Outras Deduções da Receita,"1.3.1.0.01.2.0 - Foros, Laudêmios e Tarifas de Ocupação",2021,Padrão
DCA-Anexo I-C,2021,DCA-Anexo I-C,RO1.3.2.0.00.0.0,4318002,Receitas Brutas Realizadas,1.3.2.0.00.0.0 - Valores Mobiliários,2021,Padrão
DCA-Anexo I-C,2021,DCA-Anexo I-C,RO1.3.2.1.00.0.0,4318002,Receitas Brutas Realizadas,1.3.2.1.00.0.0 - Juros e Correções Monetárias,2021,Padrão
DCA-Anexo I-C,2021,DCA-Anexo I-C,RO1.3.2.1.00.1.0,4318002,Receitas Brutas Realizadas,1.3.2.1.00.1.0 - Remuneração de Depósitos Bancários,2021,Padrão
DCA-Anexo I-C,2021,DCA-Anexo I-C,RO1.3.2.1.00.4.0,4318002,Receitas Brutas Realizadas,1.3.2.1.00.4.0 - Remuneração dos Recursos do Regime Próprio de Previdência Social - RPPS,2021,Padrão
DCA-Anexo I-C,2021,DCA-Anexo I-C,RO1.3.2.1.00.5.0,4318002,Receitas Brutas Realizadas,1.3.2.1.00.5.0 - Juros de Títulos de Renda,2021,Padrão
DCA-Anexo I-C,2021,DCA-Anexo I-C,RO1.6.0.0.00.0.0,4318002,Receitas Brutas Realizadas,1.6.0.0.00.0.0 - Receita de Serviços,2021,Padrão
DCA-Anexo I-C,2021,DCA-Anexo I-C,RO1.6.1.0.00.0.0,4318002,Receitas Brutas Realizadas,1.6.1.0.00.0.0 - Serviços Administrativos e Comerciais Gerais,2021,Padrão
DCA-Anexo I-C,2021,DCA-Anexo I-C,RO1.6.1.0.02.0.0,4318002,Receitas Brutas Realizadas,1.6.1.0.02.0.0 - Inscrição em Concursos e Processos Seletivos,2021,Padrão
DCA-Anexo I-C,2021,DCA-Anexo I-C,RO1.6.9.0.00.0.0,4318002,Receitas Brutas Realizadas,1.6.9.0.00.0.0 - Outros Serviços,2021,Padrão
DCA-Anexo I-C,2021,DCA-Anexo I-C,RO1.6.9.0.99.0.0,4318002,Receitas Brutas Realizadas,1.6.9.0.99.0.0 - Outros Serviços,2021,Padrão
DCA-Anexo I-C,2021,DCA-Anexo I-C,RO1.7.0.0.00.0.0,4318002,Receitas Brutas Realizadas,1.7.0.0.00.0.0 - Transferências Correntes,2021,Padrão
DCA-Anexo I-C,2021,DCA-Anexo I-C,RO1.7.0.0.00.0.0,4318002,Deduções - FUNDEB,1.7.0.0.00.0.0 - Transferências Correntes,2021,Padrão
DCA-Anexo I-C,2021,DCA-Anexo I-C,RO1.7.0.0.00.0.0,4318002,Outras Deduções da Receita,1.7.0.0.00.0.0 - Transferências Correntes,2021,Padrão
DCA-Anexo I-C,2021,DCA-Anexo I-C,RO1.7.1.0.00.0.0,4318002,Receitas Brutas Realizadas,1.7.1.0.00.0.0 - Transferências da União e de suas Entidades,2021,Padrão
DCA-Anexo I-C,2021,DCA-Anexo I-C,RO1.7.1.0.00.0.0,4318002,Deduções - FUNDEB,1.7.1.0.00.0.0 - Transferências da União e de suas Entidades,2021,Padrão
DCA-Anexo I-C,2021,DCA-Anexo I-C,RO1.7.1.8.00.0.0,4318002,Receitas Brutas Realizadas,"1.7.1.8.00.0.0 - Transferências da União - Específicas de Estados, DF e Municípios",2021,Padrão
DCA-Anexo I-C,2021,DCA-Anexo I-C,RO1.7.1.8.00.0.0,4318002,Deduções - FUNDEB,"1.7.1.8.00.0.0 - Transferências da União - Específicas de Estados, DF e Municípios",2021,Padrão
DCA-Anexo I-C,2021,DCA-Anexo I-C,RO1.7.1.8.01.0.0,4318002,Receitas Brutas Realizadas,1.7.1.8.01.0.0 - Participação na Receita da União,2021,Padrão
DCA-Anexo I-C,2021,DCA-Anexo I-C,RO1.7.1.8.01.0.0,4318002,Deduções - FUNDEB,1.7.1.8.01.0.0 - Participação na Receita da União,2021,Padrão
DCA-Anexo I-C,2021,DCA-Anexo I-C,RO1.7.1.8.01.2.0,4318002,Receitas Brutas Realizadas,1.7.1.8.01.2.0 - Cota-Parte do Fundo de Participação dos Municípios - Cota Mensal,2021,Padrão
DCA-Anexo I-C,2021,DCA-Anexo I-C,RO1.7.1.8.01.2.0,4318002,Deduções - FUNDEB,1.7.1.8.01.2.0 - Cota-Parte do Fundo de Participação dos Municípios - Cota Mensal,2021,Padrão
DCA-Anexo I-C,2021,DCA-Anexo I-C,RO1.7.1.8.01.3.0,4318002,Receitas Brutas Realizadas,1.7.1.8.01.3.0 - Cota-Parte do Fundo de Participação do Municípios ¿ 1% Cota entregue no mês de dezembro,2021,Padrão
DCA-Anexo I-C,2021,DCA-Anexo I-C,RO1.7.1.8.01.4.0,4318002,Receitas Brutas Realizadas,1.7.1.8.01.4.0 - Cota-Parte do Fundo de Participação dos Municípios - 1% Cota entregue no mês de julho,2021,Padrão
DCA-Anexo I-C,2021,DCA-Anexo I-C,RO1.7.1.8.01.5.0,4318002,Receitas Brutas Realizadas,1.7.1.8.01.5.0 - Cota-Parte do Imposto Sobre a Propriedade Territorial Rural,2021,Padrão
DCA-Anexo I-C,2021,DCA-Anexo I-C,RO1.7.1.8.01.5.0,4318002,Deduções - FUNDEB,1.7.1.8.01.5.0 - Cota-Parte do Imposto Sobre a Propriedade Territorial Rural,2021,Padrão
DCA-Anexo I-C,2021,DCA-Anexo I-C,RO1.7.1.8.02.0.0,4318002,Receitas Brutas Realizadas,1.7.1.8.02.0.0 - Transferência da Compensação Financeira pela Exploração de Recursos Naturais,2021,Padrão
DCA-Anexo I-C,2021,DCA-Anexo I-C,RO1.7.1.8.02.2.0,4318002,Receitas Brutas Realizadas,1.7.1.8.02.2.0 - Cota-parte da Compensação Financeira de Recursos Minerais - CFEM,2021,Padrão
DCA-Anexo I-C,2021,DCA-Anexo I-C,RO1.7.1.8.02.6.0,4318002,Receitas Brutas Realizadas,1.7.1.8.02.6.0 - Cota-Parte do Fundo Especial do Petróleo ¿ FEP,2021,Padrão
DCA-Anexo I-C,2021,DCA-Anexo I-C,RO1.7.1.8.03.0.0,4318002,Receitas Brutas Realizadas,1.7.1.8.03.0.0 - Transferência de Recursos do Sistema Único de Saúde ¿ SUS ¿ Repasses Fundo a Fundo - Bloco de Manutenção das Ações e Serviços Públicos de Saúde,2021,Padrão
DCA-Anexo I-C,2021,DCA-Anexo I-C,RO1.7.1.8.03.1.0,4318002,Receitas Brutas Realizadas,1.7.1.8.03.1.0 - Transferência de Recursos do SUS ¿ Atenção Primária,2021,Padrão
DCA-Anexo I-C,2021,DCA-Anexo I-C,RO1.7.1.8.03.2.0,4318002,Receitas Brutas Realizadas,1.7.1.8.03.2.0 - Transferência de Recursos do SUS ¿ Atenção Especializada,2021,Padrão
DCA-Anexo I-C,2021,DCA-Anexo I-C,RO1.7.1.8.03.3.0,4318002,Receitas Brutas Realizadas,1.7.1.8.03.3.0 - Transferência de Recursos do SUS ¿ Vigilância em Saúde,2021,Padrão
DCA-Anexo I-C,2021,DCA-Anexo I-C,RO1.7.1.8.03.4.0,4318002,Receitas Brutas Realizadas,1.7.1.8.03.4.0 - Transferência de Recursos do SUS ¿ Assistência Farmacêutica,2021,Padrão
DCA-Anexo I-C,2021,DCA-Anexo I-C,RO1.7.1.8.03.9.0,4318002,Receitas Brutas Realizadas,1.7.1.8.03.9.0 - Transferência de Recursos do SUS ¿ Outros Programas Financiados por Transferências Fundo a Fundo,2021,Padrão
DCA-Anexo I-C,2021,DCA-Anexo I-C,RO1.7.1.8.04.0.0,4318002,Receitas Brutas Realizadas,1.7.1.8.04.0.0 - Transferências de Recursos do Sistema Único de Saúde ¿ SUS - Repasses Fundo a Fundo - Bloco de Estruturação da Rede de Serviços Públicos de Saúde,2021,Padrão
DCA-Anexo I-C,2021,DCA-Anexo I-C,RO1.7.1.8.04.1.0,4318002,Receitas Brutas Realizadas,1.7.1.8.04.1.0 - Transferências de Recursos do Sistema Único de Saúde ¿ SUS Destinados à Atenção Primária,2021,Padrão
DCA-Anexo I-C,2021,DCA-Anexo I-C,RO1.7.1.8.05.0.0,4318002,Receitas Brutas Realizadas,1.7.1.8.05.0.0 - Transferências de Recursos do Fundo Nacional do Desenvolvimento da Educação ¿ FNDE,2021,Padrão
DCA-Anexo I-C,2021,DCA-Anexo I-C,RO1.7.1.8.05.1.0,4318002,Receitas Brutas Realizadas,1.7.1.8.05.1.0 - Transferências do Salário-Educação,2021,Padrão
DCA-Anexo I-C,2021,DCA-Anexo I-C,RO1.7.1.8.05.2.0,4318002,Receitas Brutas Realizadas,1.7.1.8.05.2.0 - Transferências Diretas do FNDE referentes ao Programa Dinheiro Direto na Escola ¿ PDDE,2021,Padrão
DCA-Anexo I-C,2021,DCA-Anexo I-C,RO1.7.1.8.05.3.0,4318002,Receitas Brutas Realizadas,1.7.1.8.05.3.0 - Transferências Diretas do FNDE referentes ao Programa Nacional de Alimentação Escolar ¿ PNAE,2021,Padrão
DCA-Anexo I-C,2021,DCA-Anexo I-C,RO1.7.1.8.05.4.0,4318002,Receitas Brutas Realizadas,1.7.1.8.05.4.0 - Transferências Diretas do FNDE referentes ao Programa Nacional de Apoio ao Transporte do Escolar ¿ PNATE,2021,Padrão
DCA-Anexo I-C,2021,DCA-Anexo I-C,RO1.7.1.8.10.0.0,4318002,Receitas Brutas Realizadas,1.7.1.8.10.0.0 - Transferências de Convênios da União e de Suas Entidades,2021,Padrão
DCA-Anexo I-C,2021,DCA-Anexo I-C,RO1.7.1.8.10.1.0,4318002,Receitas Brutas Realizadas,1.7.1.8.10.1.0 - Transferências de Convênios da União para o Sistema Único de Saúde ¿ SUS,2021,Padrão
DCA-Anexo I-C,2021,DCA-Anexo I-C,RO1.7.1.8.12.0.0,4318002,Receitas Brutas Realizadas,1.7.1.8.12.0.0 - Transferências de Recursos do Fundo Nacional de Assistência Social ¿ FNAS,2021,Padrão
DCA-Anexo I-C,2021,DCA-Anexo I-C,RO1.7.1.8.99.0.0,4318002,Receitas Brutas Realizadas,1.7.1.8.99.0.0 - Outras Transferências da União,2021,Padrão
DCA-Anexo I-C,2021,DCA-Anexo I-C,RO1.7.2.0.00.0.0,4318002,Receitas Brutas Realizadas,1.7.2.0.00.0.0 - Transferências dos Estados e do Distrito Federal e de suas Entidades,2021,Padrão
DCA-Anexo I-C,2021,DCA-Anexo I-C,RO1.7.2.0.00.0.0,4318002,Deduções - FUNDEB,1.7.2.0.00.0.0 - Transferências dos Estados e do Distrito Federal e de suas Entidades,2021,Padrão
DCA-Anexo I-C,2021,DCA-Anexo I-C,RO1.7.2.0.00.0.0,4318002,Outras Deduções da Receita,1.7.2.0.00.0.0 - Transferências dos Estados e do Distrito Federal e de suas Entidades,2021,Padrão
DCA-Anexo I-C,2021,DCA-Anexo I-C,RO1.7.2.8.00.0.0,4318002,Receitas Brutas Realizadas,"1.7.2.8.00.0.0 - Transferências dos Estados - Específicas de Estados, DF e Municípios",2021,Padrão
DCA-Anexo I-C,2021,DCA-Anexo I-C,RO1.7.2.8.00.0.0,4318002,Deduções - FUNDEB,"1.7.2.8.00.0.0 - Transferências dos Estados - Específicas de Estados, DF e Municípios",2021,Padrão
DCA-Anexo I-C,2021,DCA-Anexo I-C,RO1.7.2.8.00.0.0,4318002,Outras Deduções da Receita,"1.7.2.8.00.0.0 - Transferências dos Estados - Específicas de Estados, DF e Municípios",2021,Padrão
DCA-Anexo I-C,2021,DCA-Anexo I-C,RO1.7.2.8.01.0.0,4318002,Receitas Brutas Realizadas,1.7.2.8.01.0.0 - Participação na Receita dos Estados,2021,Padrão
DCA-Anexo I-C,2021,DCA-Anexo I-C,RO1.7.2.8.01.0.0,4318002,Deduções - FUNDEB,1.7.2.8.01.0.0 - Participação na Receita dos Estados,2021,Padrão
DCA-Anexo I-C,2021,DCA-Anexo I-C,RO1.7.2.8.01.1.0,4318002,Receitas Brutas Realizadas,1.7.2.8.01.1.0 - Cota-Parte do ICMS,2021,Padrão
DCA-Anexo I-C,2021,DCA-Anexo I-C,RO1.7.2.8.01.1.0,4318002,Deduções - FUNDEB,1.7.2.8.01.1.0 - Cota-Parte do ICMS,2021,Padrão
DCA-Anexo I-C,2021,DCA-Anexo I-C,RO1.7.2.8.01.2.0,4318002,Receitas Brutas Realizadas,1.7.2.8.01.2.0 - Cota-Parte do IPVA,2021,Padrão
DCA-Anexo I-C,2021,DCA-Anexo I-C,RO1.7.2.8.01.2.0,4318002,Deduções - FUNDEB,1.7.2.8.01.2.0 - Cota-Parte do IPVA,2021,Padrão
DCA-Anexo I-C,2021,DCA-Anexo I-C,RO1.7.2.8.01.3.0,4318002,Receitas Brutas Realizadas,1.7.2.8.01.3.0 - Cota-Parte do IPI - Municípios,2021,Padrão
DCA-Anexo I-C,2021,DCA-Anexo I-C,RO1.7.2.8.01.3.0,4318002,Deduções - FUNDEB,1.7.2.8.01.3.0 - Cota-Parte do IPI - Municípios,2021,Padrão
DCA-Anexo I-C,2021,DCA-Anexo I-C,RO1.7.2.8.01.4.0,4318002,Receitas Brutas Realizadas,1.7.2.8.01.4.0 - Cota-Parte da Contribuição de Intervenção no Domínio Econômico,2021,Padrão
DCA-Anexo I-C,2021,DCA-Anexo I-C,RO1.7.2.8.03.0.0,4318002,Receitas Brutas Realizadas,1.7.2.8.03.0.0 - Transferência de Recursos do Estado para Programas de Saúde ¿ Repasse Fundo a Fundo,2021,Padrão
DCA-Anexo I-C,2021,DCA-Anexo I-C,RO1.7.2.8.10.0.0,4318002,Receitas Brutas Realizadas,1.7.2.8.10.0.0 - Transferência de Convênios dos Estados e do Distrito Federal e de Suas Entidades,2021,Padrão
DCA-Anexo I-C,2021,DCA-Anexo I-C,RO1.7.2.8.10.2.0,4318002,Receitas Brutas Realizadas,1.7.2.8.10.2.0 - Transferências de Convênio dos Estados Destinadas a Programas de Educação,2021,Padrão
DCA-Anexo I-C,2021,DCA-Anexo I-C,RO1.7.2.8.99.0.0,4318002,Receitas Brutas Realizadas,1.7.2.8.99.0.0 - Outras Transferências dos Estados,2021,Padrão
DCA-Anexo I-C,2021,DCA-Anexo I-C,RO1.7.2.8.99.0.0,4318002,Outras Deduções da Receita,1.7.2.8.99.0.0 - Outras Transferências dos Estados,2021,Padrão
DCA-Anexo I-C,2021,DCA-Anexo I-C,RO1.7.4.0.00.0.0,4318002,Receitas Brutas Realizadas,1.7.4.0.00.0.0 - Transferências de Instituições Privadas,2021,Padrão
DCA-Anexo I-C,2021,DCA-Anexo I-C,RO1.7.4.8.00.0.0,4318002,Receitas Brutas Realizadas,"1.7.4.8.00.0.0 - Transferências de Instituições Privadas - Específicas de Estados, DF e Municípios",2021,Padrão
DCA-Anexo I-C,2021,DCA-Anexo I-C,RO1.7.4.8.10.0.0,4318002,Receitas Brutas Realizadas,1.7.4.8.10.0.0 - Outras Transferência de Instituições Privadas para EST/DF/MUN - Não Especificadas Anteriormente,2021,Padrão
DCA-Anexo I-C,2021,DCA-Anexo I-C,RO1.7.5.0.00.0.0,4318002,Receitas Brutas Realizadas,1.7.5.0.00.0.0 - Transferências de Outras Instituições Públicas,2021,Padrão
DCA-Anexo I-C,2021,DCA-Anexo I-C,RO1.7.5.8.00.0.0,4318002,Receitas Brutas Realizadas,"1.7.5.8.00.0.0 - Transferências de Outras Instituições Públicas - Específicas de Estados, DF e Municípios",2021,Padrão
DCA-Anexo I-C,2021,DCA-Anexo I-C,RO1.7.5.8.01.0.0,4318002,Receitas Brutas Realizadas,1.7.5.8.01.0.0 - Transferências de Recursos do Fundo de Manutenção e Desenvolvimento da Educação Básica e de Valorização dos Profissionais da Educação ¿ FUNDEB,2021,Padrão
DCA-Anexo I-C,2021,DCA-Anexo I-C,RO1.9.0.0.00.0.0,4318002,Receitas Brutas Realizadas,1.9.0.0.00.0.0 - Outras Receitas Correntes,2021,Padrão
DCA-Anexo I-C,2021,DCA-Anexo I-C,RO1.9.0.0.00.0.0,4318002,Outras Deduções da Receita,1.9.0.0.00.0.0 - Outras Receitas Correntes,2021,Padrão
DCA-Anexo I-C,2021,DCA-Anexo I-C,RO1.9.1.0.00.0.0,4318002,Receitas Brutas Realizadas,"1.9.1.0.00.0.0 - Multas Administrativas, Contratuais e Judiciais",2021,Padrão
DCA-Anexo I-C,2021,DCA-Anexo I-C,RO1.9.1.0.00.0.0,4318002,Outras Deduções da Receita,"1.9.1.0.00.0.0 - Multas Administrativas, Contratuais e Judiciais",2021,Padrão
DCA-Anexo I-C,2021,DCA-Anexo I-C,RO1.9.1.0.01.0.0,4318002,Receitas Brutas Realizadas,1.9.1.0.01.0.0 - Multas Previstas em Legislação Específica,2021,Padrão
DCA-Anexo I-C,2021,DCA-Anexo I-C,RO1.9.1.0.01.0.0,4318002,Outras Deduções da Receita,1.9.1.0.01.0.0 - Multas Previstas em Legislação Específica,2021,Padrão
DCA-Anexo I-C,2021,DCA-Anexo I-C,RO1.9.1.0.06.0.0,4318002,Receitas Brutas Realizadas,1.9.1.0.06.0.0 - Multas por Danos Ambientais,2021,Padrão
DCA-Anexo I-C,2021,DCA-Anexo I-C,RO1.9.1.0.06.2.0,4318002,Receitas Brutas Realizadas,1.9.1.0.06.2.0 - Multas Judiciais por Danos Ambientais,2021,Padrão
DCA-Anexo I-C,2021,DCA-Anexo I-C,RO1.9.2.0.00.0.0,4318002,Receitas Brutas Realizadas,"1.9.2.0.00.0.0 - Indenizações, Restituições e Ressarcimentos",2021,Padrão
DCA-Anexo I-C,2021,DCA-Anexo I-C,RO1.9.2.8.00.0.0,4318002,Receitas Brutas Realizadas,"1.9.2.8.00.0.0 - Indenizações, Restituições e Ressarcimentos - Específicas para Estados/DF/Municípios",2021,Padrão
DCA-Anexo I-C,2021,DCA-Anexo I-C,RO1.9.2.8.02.0.0,4318002,Receitas Brutas Realizadas,1.9.2.8.02.0.0 - Restituições - Específicas para Estados/DF/Municípios,2021,Padrão
DCA-Anexo I-C,2021,DCA-Anexo I-C,RO1.9.2.8.02.1.0,4318002,Receitas Brutas Realizadas,1.9.2.8.02.1.0 - Restituições de Recursos Recebidos do SUS - Específicas para Estados/DF/Municípios,2021,Padrão
DCA-Anexo I-C,2021,DCA-Anexo I-C,RO1.9.2.8.02.9.0,4318002,Receitas Brutas Realizadas,1.9.2.8.02.9.0 - Outras Restituições - Específicas para Estados/DF/Municípios - Não Especificadas Anteriormente,2021,Padrão
DCA-Anexo I-C,2021,DCA-Anexo I-C,RO1.9.2.8.03.0.0,4318002,Receitas Brutas Realizadas,1.9.2.8.03.0.0 - Ressarcimentos - Específicas para Estados/DF/Municípios,2021,Padrão
DCA-Anexo I-C,2021,DCA-Anexo I-C,RO1.9.9.0.00.0.0,4318002,Receitas Brutas Realizadas,1.9.9.0.00.0.0 - Demais Receitas Correntes,2021,Padrão
DCA-Anexo I-C,2021,DCA-Anexo I-C,RO1.9.9.0.03.0.0,4318002,Receitas Brutas Realizadas,1.9.9.0.03.0.0 - Compensações Financeiras entre o Regime Geral e os Regimes Próprios de Previdência dos Servidores,2021,Padrão
DCA-Anexo I-C,2021,DCA-Anexo I-C,RO1.9.9.0.12.0.0,4318002,Receitas Brutas Realizadas,1.9.9.0.12.0.0 - Encargos Legais pela Inscrição em Dívida Ativa e Receitas de Ônus de Sucumbência,2021,Padrão
DCA-Anexo I-C,2021,DCA-Anexo I-C,RO1.9.9.0.12.2.0,4318002,Receitas Brutas Realizadas,1.9.9.0.12.2.0 - Ônus de Sucumbência,2021,Padrão
DCA-Anexo I-C,2021,DCA-Anexo I-C,RO1.9.9.0.99.0.0,4318002,Receitas Brutas Realizadas,1.9.9.0.99.0.0 - Outras Receitas,2021,Padrão
DCA-Anexo I-C,2021,DCA-Anexo I-C,RO1.9.9.0.99.1.0,4318002,Receitas Brutas Realizadas,1.9.9.0.99.1.0 - Outras Receitas - Primárias,2021,Padrão
DCA-Anexo I-C,2021,DCA-Anexo I-C,RO1.9.9.0.99.2.0,4318002,Receitas Brutas Realizadas,1.9.9.0.99.2.0 - Outras Receitas - Financeiras,2021,Padrão
DCA-Anexo I-C,2021,DCA-Anexo I-C,RO2.0.0.0.00.0.0,4318002,Receitas Brutas Realizadas,2.0.0.0.00.0.0 - Receitas de Capital,2021,Padrão
DCA-Anexo I-C,2021,DCA-Anexo I-C,RO2.1.0.0.00.0.0,4318002,Receitas Brutas Realizadas,2.1.0.0.00.0.0 - Operações de Crédito,2021,Padrão
DCA-Anexo I-C,2021,DCA-Anexo I-C,RO2.1.1.0.00.0.0,4318002,Receitas Brutas Realizadas,2.1.1.0.00.0.0 - Operações de Crédito - Mercado Interno,2021,Padrão
DCA-Anexo I-C,2021,DCA-Anexo I-C,RO2.1.1.8.00.0.0,4318002,Receitas Brutas Realizadas,2.1.1.8.00.0.0 - Operações de Crédito - Mercado Interno - Estados/DF/Municípios,2021,Padrão
DCA-Anexo I-C,2021,DCA-Anexo I-C,RO2.1.1.8.01.0.0,4318002,Receitas Brutas Realizadas,2.1.1.8.01.0.0 - Operações de Crédito Internas de Estados/DF/Municípios,2021,Padrão
DCA-Anexo I-C,2021,DCA-Anexo I-C,RO2.1.1.8.01.3.0,4318002,Receitas Brutas Realizadas,2.1.1.8.01.3.0 - Operações de Crédito Internas para Programas de Saneamento,2021,Padrão
DCA-Anexo I-C,2021,DCA-Anexo I-C,RO2.4.0.0.00.0.0,4318002,Receitas Brutas Realizadas,2.4.0.0.00.0.0 - Transferências de Capital,2021,Padrão
DCA-Anexo I-C,2021,DCA-Anexo I-C,RO2.4.1.0.00.0.0,4318002,Receitas Brutas Realizadas,2.4.1.0.00.0.0 - Transferências da União e de suas Entidades,2021,Padrão
DCA-Anexo I-C,2021,DCA-Anexo I-C,RO2.4.1.8.00.0.0,4318002,Receitas Brutas Realizadas,"2.4.1.8.00.0.0 - Transferências da União - Específicas de Estados, DF e Municípios",2021,Padrão
DCA-Anexo I-C,2021,DCA-Anexo I-C,RO2.4.1.8.04.0.0,4318002,Receitas Brutas Realizadas,2.4.1.8.04.0.0 - Transferências de Recursos do Sistema Único de Saúde ¿ SUS - Fundo a Fundo - Bloco de Estruturação da Rede de Serviços Públicos de Saúde,2021,Padrão
DCA-Anexo I-C,2021,DCA-Anexo I-C,RO2.4.1.8.04.1.0,4318002,Receitas Brutas Realizadas,2.4.1.8.04.1.0 - Transferências de Recursos do Sistema Único de Saúde ¿ SUS Destinados à Atenção Primária,2021,Padrão
DCA-Anexo I-C,2021,DCA-Anexo I-C,RO2.4.1.8.04.2.0,4318002,Receitas Brutas Realizadas,2.4.1.8.04.2.0 - Transferências de Recursos do Sistema Único de Saúde ¿ SUS destinados à Atenção Especializada,2021,Padrão
DCA-Anexo I-C,2021,DCA-Anexo I-C,RO2.4.1.8.04.3.0,4318002,Receitas Brutas Realizadas,2.4.1.8.04.3.0 - Transferências de Recursos do Sistema Único de Saúde ¿ SUS destinados à Vigilância em Saúde,2021,Padrão
DCA-Anexo I-C,2021,DCA-Anexo I-C,RO2.4.1.8.10.0.0,4318002,Receitas Brutas Realizadas,2.4.1.8.10.0.0 - Transferência de Convênios da União e de suas Entidades,2021,Padrão
DCA-Anexo I-C,2021,DCA-Anexo I-C,RO2.4.1.8.10.2.0,4318002,Receitas Brutas Realizadas,2.4.1.8.10.2.0 - Transferências de Convênio da União destinadas a Programas de Educação,2021,Padrão
DCA-Anexo I-C,2021,DCA-Anexo I-C,RO2.4.1.8.10.7.0,4318002,Receitas Brutas Realizadas,2.4.1.8.10.7.0 - Transferências de Convênios da União destinadas a Programas de Infraestrutura em Transporte,2021,Padrão
DCA-Anexo I-C,2021,DCA-Anexo I-C,RO2.4.1.8.10.9.0,4318002,Receitas Brutas Realizadas,2.4.1.8.10.9.0 - Outras Transferências de Convênios da União,2021,Padrão
DCA-Anexo I-C,2021,DCA-Anexo I-C,RO2.4.1.8.99.0.0,4318002,Receitas Brutas Realizadas,2.4.1.8.99.0.0 - Outras Transferências da União,2021,Padrão
DCA-Anexo I-C,2021,DCA-Anexo I-C,RO2.4.2.0.00.0.0,4318002,Receitas Brutas Realizadas,2.4.2.0.00.0.0 - Transferências dos Estados e do Distrito Federal e de suas Entidades,2021,Padrão
DCA-Anexo I-C,2021,DCA-Anexo I-C,RO2.4.2.8.00.0.0,4318002,Receitas Brutas Realizadas,"2.4.2.8.00.0.0 - Transferências dos Estados, Distrito Federal, e de suas Entidades",2021,Padrão
DCA-Anexo I-C,2021,DCA-Anexo I-C,RO2.4.2.8.10.0.0,4318002,Receitas Brutas Realizadas,2.4.2.8.10.0.0 - Transferências de Convênios dos Estados e do Distrito Federal e de suas Entidades,2021,Padrão
DCA-Anexo I-C,2021,DCA-Anexo I-C,RO2.4.2.8.10.9.0,4318002,Receitas Brutas Realizadas,2.4.2.8.10.9.0 - Outras Transferências de Convênio dos Estados,2021,Padrão
DCA-Anexo I-C,2021,DCA-Anexo I-C,RO2.9.0.0.00.0.0,4318002,Receitas Brutas Realizadas,2.9.0.0.00.0.0 - Outras Receitas de Capital,2021,Padrão
DCA-Anexo I-C,2021,DCA-Anexo I-C,RO2.9.9.0.00.0.0,4318002,Receitas Brutas Realizadas,2.9.9.0.00.0.0 - Demais Receitas de Capital,2021,Padrão
DCA-Anexo I-C,2021,DCA-Anexo I-C,RO2.9.9.0.00.1.0,4318002,Receitas Brutas Realizadas,2.9.9.0.00.1.0 - Demais Receitas de Capital,2021,Padrão
DCA-Anexo I-C,2021,DCA-Anexo I-C,ReceitasIntraOrcamentarias,4318002,Receitas Brutas Realizadas,RECEITAS (INTRA-ORÇAMENTÁRIAS) (II),2021,Padrão
DCA-Anexo I-C,2021,DCA-Anexo I-C,RI7.0.0.0.00.0.0,4318002,Receitas Brutas Realizadas,7.0.0.0.00.0.0 - Receitas Correntes,2021,Padrão
DCA-Anexo I-C,2021,DCA-Anexo I-C,RI7.2.0.0.00.0.0,4318002,Receitas Brutas Realizadas,7.2.0.0.00.0.0 - Contribuições,2021,Padrão
DCA-Anexo I-C,2021,DCA-Anexo I-C,RI7.2.1.0.00.0.0,4318002,Receitas Brutas Realizadas,7.2.1.0.00.0.0 - Contribuições Sociais,2021,Padrão
DCA-Anexo I-C,2021,DCA-Anexo I-C,RI7.2.1.8.00.0.0,4318002,Receitas Brutas Realizadas,"7.2.1.8.00.0.0 - Contribuições Sociais Específicas de Estados, DF e   Municípios",2021,Padrão
DCA-Anexo I-C,2021,DCA-Anexo I-C,RI7.2.1.8.02.0.0,4318002,Receitas Brutas Realizadas,7.2.1.8.02.0.0 - CPSSS - Parcelamentos - Específico de EST/DF/MUN,2021,Padrão
DCA-Anexo I-C,2021,DCA-Anexo I-C,RI7.2.1.8.03.0.0,4318002,Receitas Brutas Realizadas,7.2.1.8.03.0.0 - CPSSS Patronal - Servidor Civil - Específico de EST/DF/MUN,2021,Padrão
DCA-Anexo I-C,2021,DCA-Anexo I-C,RI7.2.1.8.03.1.0,4318002,Receitas Brutas Realizadas,7.2.1.8.03.1.0 - CPSSS Patronal - Servidor Civil Ativo,2021,Padrão
DCA-Anexo I-C,2021,DCA-Anexo I-C,RI7.2.1.8.04.0.0,4318002,Receitas Brutas Realizadas,7.2.1.8.04.0.0 - CPSSS Patronal - Parcelamentos - Específico de EST/DF/MUN,2021,Padrão
DCA-Anexo I-C,2021,DCA-Anexo I-C,RI7.2.1.8.04.1.0,4318002,Receitas Brutas Realizadas,7.2.1.8.04.1.0 - CPSSS Patronal - Parcelamentos - Servidor Civil Ativo,2021,Padrão
DCA-Anexo I-C,2021,DCA-Anexo I-C,TotalReceitas,4318002,Receitas Brutas Realizadas,TOTAL DAS RECEITAS (III) = (I + II),2021,Padrão
DCA-Anexo I-C,2021,DCA-Anexo I-C,TotalReceitas,4318002,Deduções - FUNDEB,TOTAL DAS RECEITAS (III) = (I + II),2021,Padrão
DCA-Anexo I-C,2021,DCA-Anexo I-C,TotalReceitas,4318002,Outras Deduções da Receita,TOTAL DAS RECEITAS (III) = (I + II),2021,Padrão
DCA-Anexo I-D,2021,DCA-Anexo I-D,TotalDespesas,4318002,Despesas Empenhadas,Total Geral da Despesa,2021,Padrão
DCA-Anexo I-D,2021,DCA-Anexo I-D,TotalDespesas,4318002,Despesas Liquidadas,Total Geral da Despesa,2021,Padrão
DCA-Anexo I-D,2021,DCA-Anexo I-D,TotalDespesas,4318002,Despesas Pagas,Total Geral da Despesa,2021,Padrão
DCA-Anexo I-D,2021,DCA-Anexo I-D,TotalDespesas,4318002,Inscrição de Restos a Pagar Não Processados,Total Geral da Despesa,2021,Padrão
DCA-Anexo I-D,2021,DCA-Anexo I-D,TotalDespesas,4318002,Inscrição de Restos a Pagar Processados,Total Geral da Despesa,2021,Padrão
DCA-Anexo I-D,2021,DCA-Anexo I-D,DO3.0.00.00.00.00,4318002,Despesas Empenhadas,3.0.00.00.00 - Despesas Correntes,2021,Padrão
DCA-Anexo I-D,2021,DCA-Anexo I-D,DO3.0.00.00.00.00,4318002,Despesas Liquidadas,3.0.00.00.00 - Despesas Correntes,2021,Padrão
DCA-Anexo I-D,2021,DCA-Anexo I-D,DO3.0.00.00.00.00,4318002,Despesas Pagas,3.0.00.00.00 - Despesas Correntes,2021,Padrão
DCA-Anexo I-D,2021,DCA-Anexo I-D,DO3.0.00.00.00.00,4318002,Inscrição de Restos a Pagar Não Processados,3.0.00.00.00 - Despesas Correntes,2021,Padrão
DCA-Anexo I-D,2021,DCA-Anexo I-D,DO3.0.00.00.00.00,4318002,Inscrição de Restos a Pagar Processados,3.0.00.00.00 - Despesas Correntes,2021,Padrão
DCA-Anexo I-D,2021,DCA-Anexo I-D,DO3.1.00.00.00.00,4318002,Despesas Empenhadas,3.1.00.00.00 - Pessoal e Encargos Sociais,2021,Padrão
DCA-Anexo I-D,2021,DCA-Anexo I-D,DO3.1.00.00.00.00,4318002,Despesas Liquidadas,3.1.00.00.00 - Pessoal e Encargos Sociais,2021,Padrão
DCA-Anexo I-D,2021,DCA-Anexo I-D,DO3.1.00.00.00.00,4318002,Despesas Pagas,3.1.00.00.00 - Pessoal e Encargos Sociais,2021,Padrão
DCA-Anexo I-D,2021,DCA-Anexo I-D,DO3.1.00.00.00.00,4318002,Inscrição de Restos a Pagar Não Processados,3.1.00.00.00 - Pessoal e Encargos Sociais,2021,Padrão
DCA-Anexo I-D,2021,DCA-Anexo I-D,DO3.1.00.00.00.00,4318002,Inscrição de Restos a Pagar Processados,3.1.00.00.00 - Pessoal e Encargos Sociais,2021,Padrão
DCA-Anexo I-D,2021,DCA-Anexo I-D,DO3.1.90.00.00.00,4318002,Despesas Empenhadas,3.1.90.00.00 - Aplicações Diretas,2021,Padrão
DCA-Anexo I-D,2021,DCA-Anexo I-D,DO3.1.90.00.00.00,4318002,Despesas Liquidadas,3.1.90.00.00 - Aplicações Diretas,2021,Padrão
DCA-Anexo I-D,2021,DCA-Anexo I-D,DO3.1.90.00.00.00,4318002,Despesas Pagas,3.1.90.00.00 - Aplicações Diretas,2021,Padrão
DCA-Anexo I-D,2021,DCA-Anexo I-D,DO3.1.90.00.00.00,4318002,Inscrição de Restos a Pagar Não Processados,3.1.90.00.00 - Aplicações Diretas,2021,Padrão
DCA-Anexo I-D,2021,DCA-Anexo I-D,DO3.1.90.00.00.00,4318002,Inscrição de Restos a Pagar Processados,3.1.90.00.00 - Aplicações Diretas,2021,Padrão
DCA-Anexo I-D,2021,DCA-Anexo I-D,DO3.1.90.01.00.00,4318002,Despesas Empenhadas,"3.1.90.01.00 - Aposentadorias do RPPS, Reserva Remunerada e Reformas dos Militares",2021,Padrão
DCA-Anexo I-D,2021,DCA-Anexo I-D,DO3.1.90.01.00.00,4318002,Despesas Liquidadas,"3.1.90.01.00 - Aposentadorias do RPPS, Reserva Remunerada e Reformas dos Militares",2021,Padrão
DCA-Anexo I-D,2021,DCA-Anexo I-D,DO3.1.90.01.00.00,4318002,Despesas Pagas,"3.1.90.01.00 - Aposentadorias do RPPS, Reserva Remunerada e Reformas dos Militares",2021,Padrão
DCA-Anexo I-D,2021,DCA-Anexo I-D,DO3.1.90.03.00.00,4318002,Despesas Empenhadas,3.1.90.03.00 - Pensões do RPPS e do Militar,2021,Padrão
DCA-Anexo I-D,2021,DCA-Anexo I-D,DO3.1.90.03.00.00,4318002,Despesas Liquidadas,3.1.90.03.00 - Pensões do RPPS e do Militar,2021,Padrão
DCA-Anexo I-D,2021,DCA-Anexo I-D,DO3.1.90.03.00.00,4318002,Despesas Pagas,3.1.90.03.00 - Pensões do RPPS e do Militar,2021,Padrão
DCA-Anexo I-D,2021,DCA-Anexo I-D,DO3.1.90.04.00.00,4318002,Despesas Empenhadas,3.1.90.04.00 - Contratação por Tempo Determinado,2021,Padrão
DCA-Anexo I-D,2021,DCA-Anexo I-D,DO3.1.90.04.00.00,4318002,Despesas Liquidadas,3.1.90.04.00 - Contratação por Tempo Determinado,2021,Padrão
DCA-Anexo I-D,2021,DCA-Anexo I-D,DO3.1.90.04.00.00,4318002,Despesas Pagas,3.1.90.04.00 - Contratação por Tempo Determinado,2021,Padrão
DCA-Anexo I-D,2021,DCA-Anexo I-D,DO3.1.90.04.00.00,4318002,Inscrição de Restos a Pagar Processados,3.1.90.04.00 - Contratação por Tempo Determinado,2021,Padrão
DCA-Anexo I-D,2021,DCA-Anexo I-D,DO3.1.90.11.00.00,4318002,Despesas Empenhadas,3.1.90.11.00 - Vencimentos e Vantagens Fixas - Pessoal Civil,2021,Padrão
DCA-Anexo I-D,2021,DCA-Anexo I-D,DO3.1.90.11.00.00,4318002,Despesas Liquidadas,3.1.90.11.00 - Vencimentos e Vantagens Fixas - Pessoal Civil,2021,Padrão
DCA-Anexo I-D,2021,DCA-Anexo I-D,DO3.1.90.11.00.00,4318002,Despesas Pagas,3.1.90.11.00 - Vencimentos e Vantagens Fixas - Pessoal Civil,2021,Padrão
DCA-Anexo I-D,2021,DCA-Anexo I-D,DO3.1.90.13.00.00,4318002,Despesas Empenhadas,3.1.90.13.00 - Obrigações Patronais,2021,Padrão
DCA-Anexo I-D,2021,DCA-Anexo I-D,DO3.1.90.13.00.00,4318002,Despesas Liquidadas,3.1.90.13.00 - Obrigações Patronais,2021,Padrão
DCA-Anexo I-D,2021,DCA-Anexo I-D,DO3.1.90.13.00.00,4318002,Despesas Pagas,3.1.90.13.00 - Obrigações Patronais,2021,Padrão
DCA-Anexo I-D,2021,DCA-Anexo I-D,DO3.1.90.13.00.00,4318002,Inscrição de Restos a Pagar Não Processados,3.1.90.13.00 - Obrigações Patronais,2021,Padrão
DCA-Anexo I-D,2021,DCA-Anexo I-D,DO3.1.90.13.00.00,4318002,Inscrição de Restos a Pagar Processados,3.1.90.13.00 - Obrigações Patronais,2021,Padrão
DCA-Anexo I-D,2021,DCA-Anexo I-D,DO3.1.90.13.01.00,4318002,Despesas Empenhadas,3.1.90.13.01 - FGTS,2021,Padrão
DCA-Anexo I-D,2021,DCA-Anexo I-D,DO3.1.90.13.01.00,4318002,Despesas Liquidadas,3.1.90.13.01 - FGTS,2021,Padrão
DCA-Anexo I-D,2021,DCA-Anexo I-D,DO3.1.90.13.01.00,4318002,Despesas Pagas,3.1.90.13.01 - FGTS,2021,Padrão
DCA-Anexo I-D,2021,DCA-Anexo I-D,DO3.1.90.13.01.00,4318002,Inscrição de Restos a Pagar Processados,3.1.90.13.01 - FGTS,2021,Padrão
DCA-Anexo I-D,2021,DCA-Anexo I-D,DO3.1.90.13.02.00,4318002,Despesas Empenhadas,3.1.90.13.02 - Contribuições Previdenciárias - INSS,2021,Padrão
DCA-Anexo I-D,2021,DCA-Anexo I-D,DO3.1.90.13.02.00,4318002,Despesas Liquidadas,3.1.90.13.02 - Contribuições Previdenciárias - INSS,2021,Padrão
DCA-Anexo I-D,2021,DCA-Anexo I-D,DO3.1.90.13.02.00,4318002,Despesas Pagas,3.1.90.13.02 - Contribuições Previdenciárias - INSS,2021,Padrão
DCA-Anexo I-D,2021,DCA-Anexo I-D,DO3.1.90.13.02.00,4318002,Inscrição de Restos a Pagar Não Processados,3.1.90.13.02 - Contribuições Previdenciárias - INSS,2021,Padrão
DCA-Anexo I-D,2021,DCA-Anexo I-D,DO3.1.90.13.02.00,4318002,Inscrição de Restos a Pagar Processados,3.1.90.13.02 - Contribuições Previdenciárias - INSS,2021,Padrão
DCA-Anexo I-D,2021,DCA-Anexo I-D,DO3.1.90.13.99.00,4318002,Despesas Empenhadas,3.1.90.13.99 - Outras Obrigações Patronais,2021,Padrão
DCA-Anexo I-D,2021,DCA-Anexo I-D,DO3.1.90.13.99.00,4318002,Despesas Liquidadas,3.1.90.13.99 - Outras Obrigações Patronais,2021,Padrão
DCA-Anexo I-D,2021,DCA-Anexo I-D,DO3.1.90.13.99.00,4318002,Despesas Pagas,3.1.90.13.99 - Outras Obrigações Patronais,2021,Padrão
DCA-Anexo I-D,2021,DCA-Anexo I-D,DO3.1.90.13.99.00,4318002,Inscrição de Restos a Pagar Não Processados,3.1.90.13.99 - Outras Obrigações Patronais,2021,Padrão
DCA-Anexo I-D,2021,DCA-Anexo I-D,DO3.1.90.16.00.00,4318002,Despesas Empenhadas,3.1.90.16.00 - Outras Despesas Variáveis - Pessoal Civil,2021,Padrão
DCA-Anexo I-D,2021,DCA-Anexo I-D,DO3.1.90.16.00.00,4318002,Despesas Liquidadas,3.1.90.16.00 - Outras Despesas Variáveis - Pessoal Civil,2021,Padrão
DCA-Anexo I-D,2021,DCA-Anexo I-D,DO3.1.90.16.00.00,4318002,Despesas Pagas,3.1.90.16.00 - Outras Despesas Variáveis - Pessoal Civil,2021,Padrão
DCA-Anexo I-D,2021,DCA-Anexo I-D,DO3.1.90.94.00.00,4318002,Despesas Empenhadas,3.1.90.94.00 - Indenizações e Restituições Trabalhistas,2021,Padrão
DCA-Anexo I-D,2021,DCA-Anexo I-D,DO3.1.90.94.00.00,4318002,Despesas Liquidadas,3.1.90.94.00 - Indenizações e Restituições Trabalhistas,2021,Padrão
DCA-Anexo I-D,2021,DCA-Anexo I-D,DO3.1.90.94.00.00,4318002,Despesas Pagas,3.1.90.94.00 - Indenizações e Restituições Trabalhistas,2021,Padrão
DCA-Anexo I-D,2021,DCA-Anexo I-D,DO3.1.90.94.00.00,4318002,Inscrição de Restos a Pagar Não Processados,3.1.90.94.00 - Indenizações e Restituições Trabalhistas,2021,Padrão
DCA-Anexo I-D,2021,DCA-Anexo I-D,DI3.1.91.00.00.00,4318002,Despesas Empenhadas,"3.1.91.00.00 - Aplicação Direta Decorrente de Operação entre Órgãos, Fundos e Entidades Integrantes dos Orçamentos Fiscal e da Seguridade Social",2021,Padrão
DCA-Anexo I-D,2021,DCA-Anexo I-D,DI3.1.91.00.00.00,4318002,Despesas Liquidadas,"3.1.91.00.00 - Aplicação Direta Decorrente de Operação entre Órgãos, Fundos e Entidades Integrantes dos Orçamentos Fiscal e da Seguridade Social",2021,Padrão
DCA-Anexo I-D,2021,DCA-Anexo I-D,DI3.1.91.00.00.00,4318002,Despesas Pagas,"3.1.91.00.00 - Aplicação Direta Decorrente de Operação entre Órgãos, Fundos e Entidades Integrantes dos Orçamentos Fiscal e da Seguridade Social",2021,Padrão
DCA-Anexo I-D,2021,DCA-Anexo I-D,DI3.1.91.00.00.00,4318002,Inscrição de Restos a Pagar Processados,"3.1.91.00.00 - Aplicação Direta Decorrente de Operação entre Órgãos, Fundos e Entidades Integrantes dos Orçamentos Fiscal e da Seguridade Social",2021,Padrão
DCA-Anexo I-D,2021,DCA-Anexo I-D,DI3.1.91.13.00.00,4318002,Despesas Empenhadas,3.1.91.13.00 - Contribuições Patronais,2021,Padrão
DCA-Anexo I-D,2021,DCA-Anexo I-D,DI3.1.91.13.00.00,4318002,Despesas Liquidadas,3.1.91.13.00 - Contribuições Patronais,2021,Padrão
DCA-Anexo I-D,2021,DCA-Anexo I-D,DI3.1.91.13.00.00,4318002,Despesas Pagas,3.1.91.13.00 - Contribuições Patronais,2021,Padrão
DCA-Anexo I-D,2021,DCA-Anexo I-D,DI3.1.91.13.00.00,4318002,Inscrição de Restos a Pagar Processados,3.1.91.13.00 - Contribuições Patronais,2021,Padrão
DCA-Anexo I-D,2021,DCA-Anexo I-D,DI3.1.91.13.08.00,4318002,Despesas Empenhadas,3.1.91.13.08 - Contribuições previdenciárias - RPPS - pessoal ativo - plano previdenciário,2021,Padrão
DCA-Anexo I-D,2021,DCA-Anexo I-D,DI3.1.91.13.08.00,4318002,Despesas Liquidadas,3.1.91.13.08 - Contribuições previdenciárias - RPPS - pessoal ativo - plano previdenciário,2021,Padrão
DCA-Anexo I-D,2021,DCA-Anexo I-D,DI3.1.91.13.08.00,4318002,Despesas Pagas,3.1.91.13.08 - Contribuições previdenciárias - RPPS - pessoal ativo - plano previdenciário,2021,Padrão
DCA-Anexo I-D,2021,DCA-Anexo I-D,DI3.1.91.13.08.00,4318002,Inscrição de Restos a Pagar Processados,3.1.91.13.08 - Contribuições previdenciárias - RPPS - pessoal ativo - plano previdenciário,2021,Padrão
DCA-Anexo I-D,2021,DCA-Anexo I-D,DI3.1.91.13.20.00,4318002,Despesas Empenhadas,3.1.91.13.20 - Alíquota suplementar de contribuição previdenciária - pessoal ativo - plano previdenciário,2021,Padrão
DCA-Anexo I-D,2021,DCA-Anexo I-D,DI3.1.91.13.20.00,4318002,Despesas Liquidadas,3.1.91.13.20 - Alíquota suplementar de contribuição previdenciária - pessoal ativo - plano previdenciário,2021,Padrão
DCA-Anexo I-D,2021,DCA-Anexo I-D,DI3.1.91.13.20.00,4318002,Despesas Pagas,3.1.91.13.20 - Alíquota suplementar de contribuição previdenciária - pessoal ativo - plano previdenciário,2021,Padrão
DCA-Anexo I-D,2021,DCA-Anexo I-D,DI3.1.91.13.20.00,4318002,Inscrição de Restos a Pagar Processados,3.1.91.13.20 - Alíquota suplementar de contribuição previdenciária - pessoal ativo - plano previdenciário,2021,Padrão
DCA-Anexo I-D,2021,DCA-Anexo I-D,DO3.2.00.00.00.00,4318002,Despesas Empenhadas,3.2.00.00.00 - Juros e Encargos da Dívida,2021,Padrão
DCA-Anexo I-D,2021,DCA-Anexo I-D,DO3.2.00.00.00.00,4318002,Despesas Liquidadas,3.2.00.00.00 - Juros e Encargos da Dívida,2021,Padrão
DCA-Anexo I-D,2021,DCA-Anexo I-D,DO3.2.00.00.00.00,4318002,Despesas Pagas,3.2.00.00.00 - Juros e Encargos da Dívida,2021,Padrão
DCA-Anexo I-D,2021,DCA-Anexo I-D,DO3.2.90.00.00.00,4318002,Despesas Empenhadas,3.2.90.00.00 - Aplicações Diretas,2021,Padrão
DCA-Anexo I-D,2021,DCA-Anexo I-D,DO3.2.90.00.00.00,4318002,Despesas Liquidadas,3.2.90.00.00 - Aplicações Diretas,2021,Padrão
DCA-Anexo I-D,2021,DCA-Anexo I-D,DO3.2.90.00.00.00,4318002,Despesas Pagas,3.2.90.00.00 - Aplicações Diretas,2021,Padrão
DCA-Anexo I-D,2021,DCA-Anexo I-D,DO3.2.90.21.00.00,4318002,Despesas Empenhadas,3.2.90.21.00 - Juros sobre a Dívida por Contrato,2021,Padrão
DCA-Anexo I-D,2021,DCA-Anexo I-D,DO3.2.90.21.00.00,4318002,Despesas Liquidadas,3.2.90.21.00 - Juros sobre a Dívida por Contrato,2021,Padrão
DCA-Anexo I-D,2021,DCA-Anexo I-D,DO3.2.90.21.00.00,4318002,Despesas Pagas,3.2.90.21.00 - Juros sobre a Dívida por Contrato,2021,Padrão
DCA-Anexo I-D,2021,DCA-Anexo I-D,DI3.2.91.00.00.00,4318002,Despesas Empenhadas,"3.2.91.00.00 - Aplicação direta decorrente de operação entre Órgãos, fundos e entidades integrantes dos OFSS",2021,Padrão
DCA-Anexo I-D,2021,DCA-Anexo I-D,DI3.2.91.00.00.00,4318002,Despesas Liquidadas,"3.2.91.00.00 - Aplicação direta decorrente de operação entre Órgãos, fundos e entidades integrantes dos OFSS",2021,Padrão
DCA-Anexo I-D,2021,DCA-Anexo I-D,DI3.2.91.00.00.00,4318002,Despesas Pagas,"3.2.91.00.00 - Aplicação direta decorrente de operação entre Órgãos, fundos e entidades integrantes dos OFSS",2021,Padrão
DCA-Anexo I-D,2021,DCA-Anexo I-D,DO3.3.00.00.00.00,4318002,Despesas Empenhadas,3.3.00.00.00 - Outras Despesas Correntes,2021,Padrão
DCA-Anexo I-D,2021,DCA-Anexo I-D,DO3.3.00.00.00.00,4318002,Despesas Liquidadas,3.3.00.00.00 - Outras Despesas Correntes,2021,Padrão
DCA-Anexo I-D,2021,DCA-Anexo I-D,DO3.3.00.00.00.00,4318002,Despesas Pagas,3.3.00.00.00 - Outras Despesas Correntes,2021,Padrão
DCA-Anexo I-D,2021,DCA-Anexo I-D,DO3.3.00.00.00.00,4318002,Inscrição de Restos a Pagar Não Processados,3.3.00.00.00 - Outras Despesas Correntes,2021,Padrão
DCA-Anexo I-D,2021,DCA-Anexo I-D,DO3.3.00.00.00.00,4318002,Inscrição de Restos a Pagar Processados,3.3.00.00.00 - Outras Despesas Correntes,2021,Padrão
DCA-Anexo I-D,2021,DCA-Anexo I-D,DO3.3.20.00.00.00,4318002,Despesas Empenhadas,3.3.20.00.00 - Transferências à União,2021,Padrão
DCA-Anexo I-D,2021,DCA-Anexo I-D,DO3.3.20.00.00.00,4318002,Despesas Liquidadas,3.3.20.00.00 - Transferências à União,2021,Padrão
DCA-Anexo I-D,2021,DCA-Anexo I-D,DO3.3.20.00.00.00,4318002,Despesas Pagas,3.3.20.00.00 - Transferências à União,2021,Padrão
DCA-Anexo I-D,2021,DCA-Anexo I-D,DO3.3.30.00.00.00,4318002,Despesas Empenhadas,3.3.30.00.00 - Transferências a Estados e ao Distrito Federal,2021,Padrão
DCA-Anexo I-D,2021,DCA-Anexo I-D,DO3.3.30.00.00.00,4318002,Despesas Liquidadas,3.3.30.00.00 - Transferências a Estados e ao Distrito Federal,2021,Padrão
DCA-Anexo I-D,2021,DCA-Anexo I-D,DO3.3.30.00.00.00,4318002,Despesas Pagas,3.3.30.00.00 - Transferências a Estados e ao Distrito Federal,2021,Padrão
DCA-Anexo I-D,2021,DCA-Anexo I-D,DO3.3.30.00.00.00,4318002,Inscrição de Restos a Pagar Não Processados,3.3.30.00.00 - Transferências a Estados e ao Distrito Federal,2021,Padrão
DCA-Anexo I-D,2021,DCA-Anexo I-D,DO3.3.30.41.00.00,4318002,Despesas Empenhadas,3.3.30.41.00 - Contribuições,2021,Padrão
DCA-Anexo I-D,2021,DCA-Anexo I-D,DO3.3.30.41.00.00,4318002,Despesas Liquidadas,3.3.30.41.00 - Contribuições,2021,Padrão
DCA-Anexo I-D,2021,DCA-Anexo I-D,DO3.3.30.41.00.00,4318002,Despesas Pagas,3.3.30.41.00 - Contribuições,2021,Padrão
DCA-Anexo I-D,2021,DCA-Anexo I-D,DO3.3.30.41.00.00,4318002,Inscrição de Restos a Pagar Não Processados,3.3.30.41.00 - Contribuições,2021,Padrão
DCA-Anexo I-D,2021,DCA-Anexo I-D,DO3.3.50.00.00.00,4318002,Despesas Empenhadas,3.3.50.00.00 - Transferências a Instituições Privadas sem Fins Lucrativos,2021,Padrão
DCA-Anexo I-D,2021,DCA-Anexo I-D,DO3.3.50.00.00.00,4318002,Despesas Liquidadas,3.3.50.00.00 - Transferências a Instituições Privadas sem Fins Lucrativos,2021,Padrão
DCA-Anexo I-D,2021,DCA-Anexo I-D,DO3.3.50.00.00.00,4318002,Despesas Pagas,3.3.50.00.00 - Transferências a Instituições Privadas sem Fins Lucrativos,2021,Padrão
DCA-Anexo I-D,2021,DCA-Anexo I-D,DO3.3.50.00.00.00,4318002,Inscrição de Restos a Pagar Não Processados,3.3.50.00.00 - Transferências a Instituições Privadas sem Fins Lucrativos,2021,Padrão
DCA-Anexo I-D,2021,DCA-Anexo I-D,DO3.3.90.00.00.00,4318002,Despesas Empenhadas,3.3.90.00.00 - Aplicações Diretas,2021,Padrão
DCA-Anexo I-D,2021,DCA-Anexo I-D,DO3.3.90.00.00.00,4318002,Despesas Liquidadas,3.3.90.00.00 - Aplicações Diretas,2021,Padrão
DCA-Anexo I-D,2021,DCA-Anexo I-D,DO3.3.90.00.00.00,4318002,Despesas Pagas,3.3.90.00.00 - Aplicações Diretas,2021,Padrão
DCA-Anexo I-D,2021,DCA-Anexo I-D,DO3.3.90.00.00.00,4318002,Inscrição de Restos a Pagar Não Processados,3.3.90.00.00 - Aplicações Diretas,2021,Padrão
DCA-Anexo I-D,2021,DCA-Anexo I-D,DO3.3.90.00.00.00,4318002,Inscrição de Restos a Pagar Processados,3.3.90.00.00 - Aplicações Diretas,2021,Padrão
DCA-Anexo I-D,2021,DCA-Anexo I-D,DO3.3.90.08.00.00,4318002,Despesas Empenhadas,3.3.90.08.00 - Outros Benefícios Assistenciais do servidor e do militar,2021,Padrão
DCA-Anexo I-D,2021,DCA-Anexo I-D,DO3.3.90.08.00.00,4318002,Despesas Liquidadas,3.3.90.08.00 - Outros Benefícios Assistenciais do servidor e do militar,2021,Padrão
DCA-Anexo I-D,2021,DCA-Anexo I-D,DO3.3.90.08.00.00,4318002,Despesas Pagas,3.3.90.08.00 - Outros Benefícios Assistenciais do servidor e do militar,2021,Padrão
DCA-Anexo I-D,2021,DCA-Anexo I-D,DO3.3.90.08.00.00,4318002,Inscrição de Restos a Pagar Não Processados,3.3.90.08.00 - Outros Benefícios Assistenciais do servidor e do militar,2021,Padrão
DCA-Anexo I-D,2021,DCA-Anexo I-D,DO3.3.90.08.00.00,4318002,Inscrição de Restos a Pagar Processados,3.3.90.08.00 - Outros Benefícios Assistenciais do servidor e do militar,2021,Padrão
DCA-Anexo I-D,2021,DCA-Anexo I-D,DO3.3.90.14.00.00,4318002,Despesas Empenhadas,3.3.90.14.00 - Diárias - Civil,2021,Padrão
DCA-Anexo I-D,2021,DCA-Anexo I-D,DO3.3.90.14.00.00,4318002,Despesas Liquidadas,3.3.90.14.00 - Diárias - Civil,2021,Padrão
DCA-Anexo I-D,2021,DCA-Anexo I-D,DO3.3.90.14.00.00,4318002,Despesas Pagas,3.3.90.14.00 - Diárias - Civil,2021,Padrão
DCA-Anexo I-D,2021,DCA-Anexo I-D,DO3.3.90.14.00.00,4318002,Inscrição de Restos a Pagar Processados,3.3.90.14.00 - Diárias - Civil,2021,Padrão
DCA-Anexo I-D,2021,DCA-Anexo I-D,DO3.3.90.30.00.00,4318002,Despesas Empenhadas,3.3.90.30.00 - Material de Consumo,2021,Padrão
DCA-Anexo I-D,2021,DCA-Anexo I-D,DO3.3.90.30.00.00,4318002,Despesas Liquidadas,3.3.90.30.00 - Material de Consumo,2021,Padrão
DCA-Anexo I-D,2021,DCA-Anexo I-D,DO3.3.90.30.00.00,4318002,Despesas Pagas,3.3.90.30.00 - Material de Consumo,2021,Padrão
DCA-Anexo I-D,2021,DCA-Anexo I-D,DO3.3.90.30.00.00,4318002,Inscrição de Restos a Pagar Não Processados,3.3.90.30.00 - Material de Consumo,2021,Padrão
DCA-Anexo I-D,2021,DCA-Anexo I-D,DO3.3.90.30.00.00,4318002,Inscrição de Restos a Pagar Processados,3.3.90.30.00 - Material de Consumo,2021,Padrão
DCA-Anexo I-D,2021,DCA-Anexo I-D,DO3.3.90.31.00.00,4318002,Despesas Empenhadas,"3.3.90.31.00 - Premiações Culturais, Artísticas, Científicas, Desportivas e Outras",2021,Padrão
DCA-Anexo I-D,2021,DCA-Anexo I-D,DO3.3.90.31.00.00,4318002,Despesas Liquidadas,"3.3.90.31.00 - Premiações Culturais, Artísticas, Científicas, Desportivas e Outras",2021,Padrão
DCA-Anexo I-D,2021,DCA-Anexo I-D,DO3.3.90.31.00.00,4318002,Despesas Pagas,"3.3.90.31.00 - Premiações Culturais, Artísticas, Científicas, Desportivas e Outras",2021,Padrão
DCA-Anexo I-D,2021,DCA-Anexo I-D,DO3.3.90.32.00.00,4318002,Despesas Empenhadas,"3.3.90.32.00 - Material, Bem ou Serviço para Distribuição Gratuita",2021,Padrão
DCA-Anexo I-D,2021,DCA-Anexo I-D,DO3.3.90.32.00.00,4318002,Despesas Liquidadas,"3.3.90.32.00 - Material, Bem ou Serviço para Distribuição Gratuita",2021,Padrão
DCA-Anexo I-D,2021,DCA-Anexo I-D,DO3.3.90.32.00.00,4318002,Despesas Pagas,"3.3.90.32.00 - Material, Bem ou Serviço para Distribuição Gratuita",2021,Padrão
DCA-Anexo I-D,2021,DCA-Anexo I-D,DO3.3.90.32.00.00,4318002,Inscrição de Restos a Pagar Não Processados,"3.3.90.32.00 - Material, Bem ou Serviço para Distribuição Gratuita",2021,Padrão
DCA-Anexo I-D,2021,DCA-Anexo I-D,DO3.3.90.32.00.00,4318002,Inscrição de Restos a Pagar Processados,"3.3.90.32.00 - Material, Bem ou Serviço para Distribuição Gratuita",2021,Padrão
DCA-Anexo I-D,2021,DCA-Anexo I-D,DO3.3.90.33.00.00,4318002,Despesas Empenhadas,3.3.90.33.00 - Passagens e Despesas com Locomoção,2021,Padrão
DCA-Anexo I-D,2021,DCA-Anexo I-D,DO3.3.90.33.00.00,4318002,Despesas Liquidadas,3.3.90.33.00 - Passagens e Despesas com Locomoção,2021,Padrão
DCA-Anexo I-D,2021,DCA-Anexo I-D,DO3.3.90.33.00.00,4318002,Despesas Pagas,3.3.90.33.00 - Passagens e Despesas com Locomoção,2021,Padrão
DCA-Anexo I-D,2021,DCA-Anexo I-D,DO3.3.90.33.00.00,4318002,Inscrição de Restos a Pagar Processados,3.3.90.33.00 - Passagens e Despesas com Locomoção,2021,Padrão
DCA-Anexo I-D,2021,DCA-Anexo I-D,DO3.3.90.35.00.00,4318002,Despesas Empenhadas,3.3.90.35.00 - Serviços de Consultoria,2021,Padrão
DCA-Anexo I-D,2021,DCA-Anexo I-D,DO3.3.90.35.00.00,4318002,Despesas Liquidadas,3.3.90.35.00 - Serviços de Consultoria,2021,Padrão
DCA-Anexo I-D,2021,DCA-Anexo I-D,DO3.3.90.35.00.00,4318002,Despesas Pagas,3.3.90.35.00 - Serviços de Consultoria,2021,Padrão
DCA-Anexo I-D,2021,DCA-Anexo I-D,DO3.3.90.36.00.00,4318002,Despesas Empenhadas,3.3.90.36.00 - Outros Serviços de Terceiros - Pessoa Física,2021,Padrão
DCA-Anexo I-D,2021,DCA-Anexo I-D,DO3.3.90.36.00.00,4318002,Despesas Liquidadas,3.3.90.36.00 - Outros Serviços de Terceiros - Pessoa Física,2021,Padrão
DCA-Anexo I-D,2021,DCA-Anexo I-D,DO3.3.90.36.00.00,4318002,Despesas Pagas,3.3.90.36.00 - Outros Serviços de Terceiros - Pessoa Física,2021,Padrão
DCA-Anexo I-D,2021,DCA-Anexo I-D,DO3.3.90.36.00.00,4318002,Inscrição de Restos a Pagar Não Processados,3.3.90.36.00 - Outros Serviços de Terceiros - Pessoa Física,2021,Padrão
DCA-Anexo I-D,2021,DCA-Anexo I-D,DO3.3.90.36.00.00,4318002,Inscrição de Restos a Pagar Processados,3.3.90.36.00 - Outros Serviços de Terceiros - Pessoa Física,2021,Padrão
DCA-Anexo I-D,2021,DCA-Anexo I-D,DO3.3.90.39.00.00,4318002,Despesas Empenhadas,3.3.90.39.00 - Outros Serviços de Terceiros - Pessoa Jurídica,2021,Padrão
DCA-Anexo I-D,2021,DCA-Anexo I-D,DO3.3.90.39.00.00,4318002,Despesas Liquidadas,3.3.90.39.00 - Outros Serviços de Terceiros - Pessoa Jurídica,2021,Padrão
DCA-Anexo I-D,2021,DCA-Anexo I-D,DO3.3.90.39.00.00,4318002,Despesas Pagas,3.3.90.39.00 - Outros Serviços de Terceiros - Pessoa Jurídica,2021,Padrão
DCA-Anexo I-D,2021,DCA-Anexo I-D,DO3.3.90.39.00.00,4318002,Inscrição de Restos a Pagar Não Processados,3.3.90.39.00 - Outros Serviços de Terceiros - Pessoa Jurídica,2021,Padrão
DCA-Anexo I-D,2021,DCA-Anexo I-D,DO3.3.90.39.00.00,4318002,Inscrição de Restos a Pagar Processados,3.3.90.39.00 - Outros Serviços de Terceiros - Pessoa Jurídica,2021,Padrão
DCA-Anexo I-D,2021,DCA-Anexo I-D,DO3.3.90.40.00.00,4318002,Despesas Empenhadas,3.3.90.40.00 - Serviços de Tecnologia da Informação e Comunicação (TIC) - Pessoa Jurídica,2021,Padrão
DCA-Anexo I-D,2021,DCA-Anexo I-D,DO3.3.90.40.00.00,4318002,Despesas Liquidadas,3.3.90.40.00 - Serviços de Tecnologia da Informação e Comunicação (TIC) - Pessoa Jurídica,2021,Padrão
DCA-Anexo I-D,2021,DCA-Anexo I-D,DO3.3.90.40.00.00,4318002,Despesas Pagas,3.3.90.40.00 - Serviços de Tecnologia da Informação e Comunicação (TIC) - Pessoa Jurídica,2021,Padrão
DCA-Anexo I-D,2021,DCA-Anexo I-D,DO3.3.90.40.00.00,4318002,Inscrição de Restos a Pagar Não Processados,3.3.90.40.00 - Serviços de Tecnologia da Informação e Comunicação (TIC) - Pessoa Jurídica,2021,Padrão
DCA-Anexo I-D,2021,DCA-Anexo I-D,DO3.3.90.40.00.00,4318002,Inscrição de Restos a Pagar Processados,3.3.90.40.00 - Serviços de Tecnologia da Informação e Comunicação (TIC) - Pessoa Jurídica,2021,Padrão
DCA-Anexo I-D,2021,DCA-Anexo I-D,DO3.3.90.46.00.00,4318002,Despesas Empenhadas,3.3.90.46.00 - Auxílio-Alimentação,2021,Padrão
DCA-Anexo I-D,2021,DCA-Anexo I-D,DO3.3.90.46.00.00,4318002,Despesas Liquidadas,3.3.90.46.00 - Auxílio-Alimentação,2021,Padrão
DCA-Anexo I-D,2021,DCA-Anexo I-D,DO3.3.90.46.00.00,4318002,Despesas Pagas,3.3.90.46.00 - Auxílio-Alimentação,2021,Padrão
DCA-Anexo I-D,2021,DCA-Anexo I-D,DO3.3.90.46.00.00,4318002,Inscrição de Restos a Pagar Processados,3.3.90.46.00 - Auxílio-Alimentação,2021,Padrão
DCA-Anexo I-D,2021,DCA-Anexo I-D,DO3.3.90.47.00.00,4318002,Despesas Empenhadas,3.3.90.47.00 - Obrigações Tributárias e Contributivas,2021,Padrão
DCA-Anexo I-D,2021,DCA-Anexo I-D,DO3.3.90.47.00.00,4318002,Despesas Liquidadas,3.3.90.47.00 - Obrigações Tributárias e Contributivas,2021,Padrão
DCA-Anexo I-D,2021,DCA-Anexo I-D,DO3.3.90.47.00.00,4318002,Despesas Pagas,3.3.90.47.00 - Obrigações Tributárias e Contributivas,2021,Padrão
DCA-Anexo I-D,2021,DCA-Anexo I-D,DO3.3.90.47.00.00,4318002,Inscrição de Restos a Pagar Processados,3.3.90.47.00 - Obrigações Tributárias e Contributivas,2021,Padrão
DCA-Anexo I-D,2021,DCA-Anexo I-D,DO3.3.90.49.00.00,4318002,Despesas Empenhadas,3.3.90.49.00 - Auxílio-Transporte,2021,Padrão
DCA-Anexo I-D,2021,DCA-Anexo I-D,DO3.3.90.49.00.00,4318002,Despesas Liquidadas,3.3.90.49.00 - Auxílio-Transporte,2021,Padrão
DCA-Anexo I-D,2021,DCA-Anexo I-D,DO3.3.90.49.00.00,4318002,Despesas Pagas,3.3.90.49.00 - Auxílio-Transporte,2021,Padrão
DCA-Anexo I-D,2021,DCA-Anexo I-D,DO3.3.90.91.00.00,4318002,Despesas Empenhadas,3.3.90.91.00 - Sentenças Judiciais,2021,Padrão
DCA-Anexo I-D,2021,DCA-Anexo I-D,DO3.3.90.91.00.00,4318002,Despesas Liquidadas,3.3.90.91.00 - Sentenças Judiciais,2021,Padrão
DCA-Anexo I-D,2021,DCA-Anexo I-D,DO3.3.90.91.00.00,4318002,Despesas Pagas,3.3.90.91.00 - Sentenças Judiciais,2021,Padrão
DCA-Anexo I-D,2021,DCA-Anexo I-D,DO3.3.90.91.00.00,4318002,Inscrição de Restos a Pagar Processados,3.3.90.91.00 - Sentenças Judiciais,2021,Padrão
DCA-Anexo I-D,2021,DCA-Anexo I-D,DO3.3.90.92.00.00,4318002,Despesas Empenhadas,3.3.90.92.00 - Despesas de Exercícios Anteriores,2021,Padrão
DCA-Anexo I-D,2021,DCA-Anexo I-D,DO3.3.90.92.00.00,4318002,Despesas Liquidadas,3.3.90.92.00 - Despesas de Exercícios Anteriores,2021,Padrão
DCA-Anexo I-D,2021,DCA-Anexo I-D,DO3.3.90.92.00.00,4318002,Despesas Pagas,3.3.90.92.00 - Despesas de Exercícios Anteriores,2021,Padrão
DCA-Anexo I-D,2021,DCA-Anexo I-D,DO3.3.90.93.00.00,4318002,Despesas Empenhadas,3.3.90.93.00 - Indenizações e Restituições,2021,Padrão
DCA-Anexo I-D,2021,DCA-Anexo I-D,DO3.3.90.93.00.00,4318002,Despesas Liquidadas,3.3.90.93.00 - Indenizações e Restituições,2021,Padrão
DCA-Anexo I-D,2021,DCA-Anexo I-D,DO3.3.90.93.00.00,4318002,Despesas Pagas,3.3.90.93.00 - Indenizações e Restituições,2021,Padrão
DCA-Anexo I-D,2021,DCA-Anexo I-D,DO3.3.90.93.00.00,4318002,Inscrição de Restos a Pagar Não Processados,3.3.90.93.00 - Indenizações e Restituições,2021,Padrão
DCA-Anexo I-D,2021,DCA-Anexo I-D,DO3.3.90.93.00.00,4318002,Inscrição de Restos a Pagar Processados,3.3.90.93.00 - Indenizações e Restituições,2021,Padrão
DCA-Anexo I-D,2021,DCA-Anexo I-D,DO4.0.00.00.00.00,4318002,Despesas Empenhadas,4.0.00.00.00 - Despesas de Capital,2021,Padrão
DCA-Anexo I-D,2021,DCA-Anexo I-D,DO4.0.00.00.00.00,4318002,Despesas Liquidadas,4.0.00.00.00 - Despesas de Capital,2021,Padrão
DCA-Anexo I-D,2021,DCA-Anexo I-D,DO4.0.00.00.00.00,4318002,Despesas Pagas,4.0.00.00.00 - Despesas de Capital,2021,Padrão
DCA-Anexo I-D,2021,DCA-Anexo I-D,DO4.0.00.00.00.00,4318002,Inscrição de Restos a Pagar Não Processados,4.0.00.00.00 - Despesas de Capital,2021,Padrão
DCA-Anexo I-D,2021,DCA-Anexo I-D,DO4.0.00.00.00.00,4318002,Inscrição de Restos a Pagar Processados,4.0.00.00.00 - Despesas de Capital,2021,Padrão
DCA-Anexo I-D,2021,DCA-Anexo I-D,DO4.4.00.00.00.00,4318002,Despesas Empenhadas,4.4.00.00.00 - Investimentos,2021,Padrão
DCA-Anexo I-D,2021,DCA-Anexo I-D,DO4.4.00.00.00.00,4318002,Despesas Liquidadas,4.4.00.00.00 - Investimentos,2021,Padrão
DCA-Anexo I-D,2021,DCA-Anexo I-D,DO4.4.00.00.00.00,4318002,Despesas Pagas,4.4.00.00.00 - Investimentos,2021,Padrão
DCA-Anexo I-D,2021,DCA-Anexo I-D,DO4.4.00.00.00.00,4318002,Inscrição de Restos a Pagar Não Processados,4.4.00.00.00 - Investimentos,2021,Padrão
DCA-Anexo I-D,2021,DCA-Anexo I-D,DO4.4.00.00.00.00,4318002,Inscrição de Restos a Pagar Processados,4.4.00.00.00 - Investimentos,2021,Padrão
DCA-Anexo I-D,2021,DCA-Anexo I-D,DO4.4.20.00.00.00,4318002,Despesas Empenhadas,4.4.20.00.00 - Transferências à União,2021,Padrão
DCA-Anexo I-D,2021,DCA-Anexo I-D,DO4.4.20.00.00.00,4318002,Despesas Liquidadas,4.4.20.00.00 - Transferências à União,2021,Padrão
DCA-Anexo I-D,2021,DCA-Anexo I-D,DO4.4.20.00.00.00,4318002,Despesas Pagas,4.4.20.00.00 - Transferências à União,2021,Padrão
DCA-Anexo I-D,2021,DCA-Anexo I-D,DO4.4.50.00.00.00,4318002,Despesas Empenhadas,4.4.50.00.00 - Transferências a Instituições Privadas sem Fins Lucrativos,2021,Padrão
DCA-Anexo I-D,2021,DCA-Anexo I-D,DO4.4.50.00.00.00,4318002,Despesas Liquidadas,4.4.50.00.00 - Transferências a Instituições Privadas sem Fins Lucrativos,2021,Padrão
DCA-Anexo I-D,2021,DCA-Anexo I-D,DO4.4.50.00.00.00,4318002,Despesas Pagas,4.4.50.00.00 - Transferências a Instituições Privadas sem Fins Lucrativos,2021,Padrão
DCA-Anexo I-D,2021,DCA-Anexo I-D,DO4.4.90.00.00.00,4318002,Despesas Empenhadas,4.4.90.00.00 - Aplicações Diretas,2021,Padrão
DCA-Anexo I-D,2021,DCA-Anexo I-D,DO4.4.90.00.00.00,4318002,Despesas Liquidadas,4.4.90.00.00 - Aplicações Diretas,2021,Padrão
DCA-Anexo I-D,2021,DCA-Anexo I-D,DO4.4.90.00.00.00,4318002,Despesas Pagas,4.4.90.00.00 - Aplicações Diretas,2021,Padrão
DCA-Anexo I-D,2021,DCA-Anexo I-D,DO4.4.90.00.00.00,4318002,Inscrição de Restos a Pagar Não Processados,4.4.90.00.00 - Aplicações Diretas,2021,Padrão
DCA-Anexo I-D,2021,DCA-Anexo I-D,DO4.4.90.00.00.00,4318002,Inscrição de Restos a Pagar Processados,4.4.90.00.00 - Aplicações Diretas,2021,Padrão
DCA-Anexo I-D,2021,DCA-Anexo I-D,DO4.4.90.40.00.00,4318002,Despesas Empenhadas,4.4.90.40.00 - Serviços de Tecnologia da Informação e Comunicação (TIC) - Pessoa Jurídica,2021,Padrão
DCA-Anexo I-D,2021,DCA-Anexo I-D,DO4.4.90.40.00.00,4318002,Despesas Liquidadas,4.4.90.40.00 - Serviços de Tecnologia da Informação e Comunicação (TIC) - Pessoa Jurídica,2021,Padrão
DCA-Anexo I-D,2021,DCA-Anexo I-D,DO4.4.90.40.00.00,4318002,Despesas Pagas,4.4.90.40.00 - Serviços de Tecnologia da Informação e Comunicação (TIC) - Pessoa Jurídica,2021,Padrão
DCA-Anexo I-D,2021,DCA-Anexo I-D,DO4.4.90.51.00.00,4318002,Despesas Empenhadas,4.4.90.51.00 - Obras e Instalações,2021,Padrão
DCA-Anexo I-D,2021,DCA-Anexo I-D,DO4.4.90.51.00.00,4318002,Despesas Liquidadas,4.4.90.51.00 - Obras e Instalações,2021,Padrão
DCA-Anexo I-D,2021,DCA-Anexo I-D,DO4.4.90.51.00.00,4318002,Despesas Pagas,4.4.90.51.00 - Obras e Instalações,2021,Padrão
DCA-Anexo I-D,2021,DCA-Anexo I-D,DO4.4.90.51.00.00,4318002,Inscrição de Restos a Pagar Não Processados,4.4.90.51.00 - Obras e Instalações,2021,Padrão
DCA-Anexo I-D,2021,DCA-Anexo I-D,DO4.4.90.51.00.00,4318002,Inscrição de Restos a Pagar Processados,4.4.90.51.00 - Obras e Instalações,2021,Padrão
DCA-Anexo I-D,2021,DCA-Anexo I-D,DO4.4.90.51.91.00,4318002,Despesas Empenhadas,4.4.90.51.91 - Obras em Andamento,2021,Padrão
DCA-Anexo I-D,2021,DCA-Anexo I-D,DO4.4.90.51.91.00,4318002,Despesas Liquidadas,4.4.90.51.91 - Obras em Andamento,2021,Padrão
DCA-Anexo I-D,2021,DCA-Anexo I-D,DO4.4.90.51.91.00,4318002,Despesas Pagas,4.4.90.51.91 - Obras em Andamento,2021,Padrão
DCA-Anexo I-D,2021,DCA-Anexo I-D,DO4.4.90.51.91.00,4318002,Inscrição de Restos a Pagar Não Processados,4.4.90.51.91 - Obras em Andamento,2021,Padrão
DCA-Anexo I-D,2021,DCA-Anexo I-D,DO4.4.90.51.91.00,4318002,Inscrição de Restos a Pagar Processados,4.4.90.51.91 - Obras em Andamento,2021,Padrão
DCA-Anexo I-D,2021,DCA-Anexo I-D,DO4.4.90.51.99.00,4318002,Despesas Empenhadas,4.4.90.51.99 - Demais Obras e Instalações,2021,Padrão
DCA-Anexo I-D,2021,DCA-Anexo I-D,DO4.4.90.51.99.00,4318002,Despesas Liquidadas,4.4.90.51.99 - Demais Obras e Instalações,2021,Padrão
DCA-Anexo I-D,2021,DCA-Anexo I-D,DO4.4.90.51.99.00,4318002,Despesas Pagas,4.4.90.51.99 - Demais Obras e Instalações,2021,Padrão
DCA-Anexo I-D,2021,DCA-Anexo I-D,DO4.4.90.52.00.00,4318002,Despesas Empenhadas,4.4.90.52.00 - Equipamentos e Material Permanente,2021,Padrão
DCA-Anexo I-D,2021,DCA-Anexo I-D,DO4.4.90.52.00.00,4318002,Despesas Liquidadas,4.4.90.52.00 - Equipamentos e Material Permanente,2021,Padrão
DCA-Anexo I-D,2021,DCA-Anexo I-D,DO4.4.90.52.00.00,4318002,Despesas Pagas,4.4.90.52.00 - Equipamentos e Material Permanente,2021,Padrão
DCA-Anexo I-D,2021,DCA-Anexo I-D,DO4.4.90.52.00.00,4318002,Inscrição de Restos a Pagar Não Processados,4.4.90.52.00 - Equipamentos e Material Permanente,2021,Padrão
DCA-Anexo I-D,2021,DCA-Anexo I-D,DO4.4.90.52.00.00,4318002,Inscrição de Restos a Pagar Processados,4.4.90.52.00 - Equipamentos e Material Permanente,2021,Padrão
DCA-Anexo I-D,2021,DCA-Anexo I-D,DO4.4.90.61.00.00,4318002,Despesas Empenhadas,4.4.90.61.00 - Aquisição de Imóveis,2021,Padrão
DCA-Anexo I-D,2021,DCA-Anexo I-D,DO4.4.90.61.00.00,4318002,Despesas Liquidadas,4.4.90.61.00 - Aquisição de Imóveis,2021,Padrão
DCA-Anexo I-D,2021,DCA-Anexo I-D,DO4.4.90.61.00.00,4318002,Despesas Pagas,4.4.90.61.00 - Aquisição de Imóveis,2021,Padrão
DCA-Anexo I-D,2021,DCA-Anexo I-D,DO4.4.90.61.00.00,4318002,Inscrição de Restos a Pagar Processados,4.4.90.61.00 - Aquisição de Imóveis,2021,Padrão
DCA-Anexo I-D,2021,DCA-Anexo I-D,DO4.6.00.00.00.00,4318002,Despesas Empenhadas,4.6.00.00.00 - Amortização da Dívida,2021,Padrão
DCA-Anexo I-D,2021,DCA-Anexo I-D,DO4.6.00.00.00.00,4318002,Despesas Liquidadas,4.6.00.00.00 - Amortização da Dívida,2021,Padrão
DCA-Anexo I-D,2021,DCA-Anexo I-D,DO4.6.00.00.00.00,4318002,Despesas Pagas,4.6.00.00.00 - Amortização da Dívida,2021,Padrão
DCA-Anexo I-D,2021,DCA-Anexo I-D,DO4.6.90.00.00.00,4318002,Despesas Empenhadas,4.6.90.00.00 - Aplicações Diretas,2021,Padrão
DCA-Anexo I-D,2021,DCA-Anexo I-D,DO4.6.90.00.00.00,4318002,Despesas Liquidadas,4.6.90.00.00 - Aplicações Diretas,2021,Padrão
DCA-Anexo I-D,2021,DCA-Anexo I-D,DO4.6.90.00.00.00,4318002,Despesas Pagas,4.6.90.00.00 - Aplicações Diretas,2021,Padrão
DCA-Anexo I-D,2021,DCA-Anexo I-D,DO4.6.90.71.00.00,4318002,Despesas Empenhadas,4.6.90.71.00 - Principal da Dívida Contratual Resgatado,2021,Padrão
DCA-Anexo I-D,2021,DCA-Anexo I-D,DO4.6.90.71.00.00,4318002,Despesas Liquidadas,4.6.90.71.00 - Principal da Dívida Contratual Resgatado,2021,Padrão
DCA-Anexo I-D,2021,DCA-Anexo I-D,DO4.6.90.71.00.00,4318002,Despesas Pagas,4.6.90.71.00 - Principal da Dívida Contratual Resgatado,2021,Padrão
DCA-Anexo I-D,2021,DCA-Anexo I-D,DI4.6.91.00.00.00,4318002,Despesas Empenhadas,"4.6.91.00.00 - Aplicação direta decorrente de operação entre órgãos, fundos e entidades integrantes dos OFSS",2021,Padrão
DCA-Anexo I-D,2021,DCA-Anexo I-D,DI4.6.91.00.00.00,4318002,Despesas Liquidadas,"4.6.91.00.00 - Aplicação direta decorrente de operação entre órgãos, fundos e entidades integrantes dos OFSS",2021,Padrão
DCA-Anexo I-D,2021,DCA-Anexo I-D,DI4.6.91.00.00.00,4318002,Despesas Pagas,"4.6.91.00.00 - Aplicação direta decorrente de operação entre órgãos, fundos e entidades integrantes dos OFSS",2021,Padrão
DCA-Anexo I-E,2021,DCA-Anexo I-E,TotalDespesas,4318002,Despesas Empenhadas,Despesas Exceto Intraorçamentárias,2021,Total Geral da Despesa por Função
DCA-Anexo I-E,2021,DCA-Anexo I-E,TotalDespesas,4318002,Despesas Empenhadas,01 - Legislativa,2021,Total Geral da Despesa por Função
DCA-Anexo I-E,2021,DCA-Anexo I-E,TotalDespesas,4318002,Despesas Empenhadas,01.031 - Ação Legislativa,2021,Total Geral da Despesa por Função
DCA-Anexo I-E,2021,DCA-Anexo I-E,TotalDespesas,4318002,Despesas Empenhadas,04 - Administração,2021,Total Geral da Despesa por Função
DCA-Anexo I-E,2021,DCA-Anexo I-E,TotalDespesas,4318002,Despesas Empenhadas,04.122 - Administração Geral,2021,Total Geral da Despesa por Função
DCA-Anexo I-E,2021,DCA-Anexo I-E,TotalDespesas,4318002,Despesas Empenhadas,04.124 - Controle Interno,2021,Total Geral da Despesa por Função
DCA-Anexo I-E,2021,DCA-Anexo I-E,TotalDespesas,4318002,Despesas Empenhadas,04.126 - Tecnologia da Informação,2021,Total Geral da Despesa por Função
DCA-Anexo I-E,2021,DCA-Anexo I-E,TotalDespesas,4318002,Despesas Empenhadas,FU04 - Demais Subfunções,2021,Total Geral da Despesa por Função
DCA-Anexo I-E,2021,DCA-Anexo I-E,TotalDespesas,4318002,Despesas Empenhadas,06 - Segurança Pública,2021,Total Geral da Despesa por Função
DCA-Anexo I-E,2021,DCA-Anexo I-E,TotalDespesas,4318002,Despesas Empenhadas,06.181 - Policiamento,2021,Total Geral da Despesa por Função
DCA-Anexo I-E,2021,DCA-Anexo I-E,TotalDespesas,4318002,Despesas Empenhadas,06.182 - Defesa Civil,2021,Total Geral da Despesa por Função
DCA-Anexo I-E,2021,DCA-Anexo I-E,TotalDespesas,4318002,Despesas Empenhadas,08 - Assistência Social,2021,Total Geral da Despesa por Função
DCA-Anexo I-E,2021,DCA-Anexo I-E,TotalDespesas,4318002,Despesas Empenhadas,08.241 - Assistência ao Idoso,2021,Total Geral da Despesa por Função
DCA-Anexo I-E,2021,DCA-Anexo I-E,TotalDespesas,4318002,Despesas Empenhadas,08.242 - Assistência ao Portador de Deficiência,2021,Total Geral da Despesa por Função
DCA-Anexo I-E,2021,DCA-Anexo I-E,TotalDespesas,4318002,Despesas Empenhadas,08.243 - Assistência à Criança e ao Adolescente,2021,Total Geral da Despesa por Função
DCA-Anexo I-E,2021,DCA-Anexo I-E,TotalDespesas,4318002,Despesas Empenhadas,08.244 - Assistência Comunitária,2021,Total Geral da Despesa por Função
DCA-Anexo I-E,2021,DCA-Anexo I-E,TotalDespesas,4318002,Despesas Empenhadas,08.122 - Administração Geral,2021,Total Geral da Despesa por Função
DCA-Anexo I-E,2021,DCA-Anexo I-E,TotalDespesas,4318002,Despesas Empenhadas,09 - Previdência Social,2021,Total Geral da Despesa por Função
DCA-Anexo I-E,2021,DCA-Anexo I-E,TotalDespesas,4318002,Despesas Empenhadas,09.272 - Previdência do Regime Estatutário,2021,Total Geral da Despesa por Função
DCA-Anexo I-E,2021,DCA-Anexo I-E,TotalDespesas,4318002,Despesas Empenhadas,09.122 - Administração Geral,2021,Total Geral da Despesa por Função
DCA-Anexo I-E,2021,DCA-Anexo I-E,TotalDespesas,4318002,Despesas Empenhadas,10 - Saúde,2021,Total Geral da Despesa por Função
DCA-Anexo I-E,2021,DCA-Anexo I-E,TotalDespesas,4318002,Despesas Empenhadas,10.301 - Atenção Básica,2021,Total Geral da Despesa por Função
DCA-Anexo I-E,2021,DCA-Anexo I-E,TotalDespesas,4318002,Despesas Empenhadas,10.302 - Assistência Hospitalar e Ambulatorial,2021,Total Geral da Despesa por Função
DCA-Anexo I-E,2021,DCA-Anexo I-E,TotalDespesas,4318002,Despesas Empenhadas,10.303 - Suporte Profilático e Terapêutico,2021,Total Geral da Despesa por Função
DCA-Anexo I-E,2021,DCA-Anexo I-E,TotalDespesas,4318002,Despesas Empenhadas,10.304 - Vigilância Sanitária,2021,Total Geral da Despesa por Função
DCA-Anexo I-E,2021,DCA-Anexo I-E,TotalDespesas,4318002,Despesas Empenhadas,10.305 - Vigilância Epidemiológica,2021,Total Geral da Despesa por Função
DCA-Anexo I-E,2021,DCA-Anexo I-E,TotalDespesas,4318002,Despesas Empenhadas,10.122 - Administração Geral,2021,Total Geral da Despesa por Função
DCA-Anexo I-E,2021,DCA-Anexo I-E,TotalDespesas,4318002,Despesas Empenhadas,12 - Educação,2021,Total Geral da Despesa por Função
DCA-Anexo I-E,2021,DCA-Anexo I-E,TotalDespesas,4318002,Despesas Empenhadas,12.361 - Ensino Fundamental,2021,Total Geral da Despesa por Função
DCA-Anexo I-E,2021,DCA-Anexo I-E,TotalDespesas,4318002,Despesas Empenhadas,12.362 - Ensino Médio,2021,Total Geral da Despesa por Função
DCA-Anexo I-E,2021,DCA-Anexo I-E,TotalDespesas,4318002,Despesas Empenhadas,12.365 - Educação Infantil,2021,Total Geral da Despesa por Função
DCA-Anexo I-E,2021,DCA-Anexo I-E,TotalDespesas,4318002,Despesas Empenhadas,12.366 - Educação de Jovens e Adultos,2021,Total Geral da Despesa por Função
DCA-Anexo I-E,2021,DCA-Anexo I-E,TotalDespesas,4318002,Despesas Empenhadas,12.122 - Administração Geral,2021,Total Geral da Despesa por Função
DCA-Anexo I-E,2021,DCA-Anexo I-E,TotalDespesas,4318002,Despesas Empenhadas,13 - Cultura,2021,Total Geral da Despesa por Função
DCA-Anexo I-E,2021,DCA-Anexo I-E,TotalDespesas,4318002,Despesas Empenhadas,13.392 - Difusão Cultural,2021,Total Geral da Despesa por Função
DCA-Anexo I-E,2021,DCA-Anexo I-E,TotalDespesas,4318002,Despesas Empenhadas,14 - Direitos da Cidadania,2021,Total Geral da Despesa por Função
DCA-Anexo I-E,2021,DCA-Anexo I-E,TotalDespesas,4318002,Despesas Empenhadas,"14.422 - Direitos Individuais, Coletivos e Difusos",2021,Total Geral da Despesa por Função
DCA-Anexo I-E,2021,DCA-Anexo I-E,TotalDespesas,4318002,Despesas Empenhadas,15 - Urbanismo,2021,Total Geral da Despesa por Função
DCA-Anexo I-E,2021,DCA-Anexo I-E,TotalDespesas,4318002,Despesas Empenhadas,15.451 - Infraestrutura Urbana,2021,Total Geral da Despesa por Função
DCA-Anexo I-E,2021,DCA-Anexo I-E,TotalDespesas,4318002,Despesas Empenhadas,15.452 - Serviços Urbanos,2021,Total Geral da Despesa por Função
DCA-Anexo I-E,2021,DCA-Anexo I-E,TotalDespesas,4318002,Despesas Empenhadas,16 - Habitação,2021,Total Geral da Despesa por Função
DCA-Anexo I-E,2021,DCA-Anexo I-E,TotalDespesas,4318002,Despesas Empenhadas,16.482 - Habitação Urbana,2021,Total Geral da Despesa por Função
DCA-Anexo I-E,2021,DCA-Anexo I-E,TotalDespesas,4318002,Despesas Empenhadas,17 - Saneamento,2021,Total Geral da Despesa por Função
DCA-Anexo I-E,2021,DCA-Anexo I-E,TotalDespesas,4318002,Despesas Empenhadas,17.511 - Saneamento Básico Rural,2021,Total Geral da Despesa por Função
DCA-Anexo I-E,2021,DCA-Anexo I-E,TotalDespesas,4318002,Despesas Empenhadas,18 - Gestão Ambiental,2021,Total Geral da Despesa por Função
DCA-Anexo I-E,2021,DCA-Anexo I-E,TotalDespesas,4318002,Despesas Empenhadas,18.541 - Preservação e Conservação Ambiental,2021,Total Geral da Despesa por Função
DCA-Anexo I-E,2021,DCA-Anexo I-E,TotalDespesas,4318002,Despesas Empenhadas,20 - Agricultura,2021,Total Geral da Despesa por Função
DCA-Anexo I-E,2021,DCA-Anexo I-E,TotalDespesas,4318002,Despesas Empenhadas,20.606 - Extensão Rural,2021,Total Geral da Despesa por Função
DCA-Anexo I-E,2021,DCA-Anexo I-E,TotalDespesas,4318002,Despesas Empenhadas,20.122 - Administração Geral,2021,Total Geral da Despesa por Função
DCA-Anexo I-E,2021,DCA-Anexo I-E,TotalDespesas,4318002,Despesas Empenhadas,23 - Comércio e Serviços,2021,Total Geral da Despesa por Função
DCA-Anexo I-E,2021,DCA-Anexo I-E,TotalDespesas,4318002,Despesas Empenhadas,23.695 - Turismo,2021,Total Geral da Despesa por Função
DCA-Anexo I-E,2021,DCA-Anexo I-E,TotalDespesas,4318002,Despesas Empenhadas,26 - Transporte,2021,Total Geral da Despesa por Função
DCA-Anexo I-E,2021,DCA-Anexo I-E,TotalDespesas,4318002,Despesas Empenhadas,26.781 - Transporte Aéreo,2021,Total Geral da Despesa por Função
DCA-Anexo I-E,2021,DCA-Anexo I-E,TotalDespesas,4318002,Despesas Empenhadas,26.782 - Transporte Rodoviário,2021,Total Geral da Despesa por Função
DCA-Anexo I-E,2021,DCA-Anexo I-E,TotalDespesas,4318002,Despesas Empenhadas,27 - Desporto e Lazer,2021,Total Geral da Despesa por Função
DCA-Anexo I-E,2021,DCA-Anexo I-E,TotalDespesas,4318002,Despesas Empenhadas,27.812 - Desporto Comunitário,2021,Total Geral da Despesa por Função
DCA-Anexo I-E,2021,DCA-Anexo I-E,TotalDespesas,4318002,Despesas Empenhadas,28 - Encargos Especiais,2021,Total Geral da Despesa por Função
DCA-Anexo I-E,2021,DCA-Anexo I-E,TotalDespesas,4318002,Despesas Empenhadas,28.843 - Serviço da Dívida Interna,2021,Total Geral da Despesa por Função
DCA-Anexo I-E,2021,DCA-Anexo I-E,TotalDespesas,4318002,Despesas Empenhadas,Despesas Intraorçamentárias,2021,Total Geral da Despesa por Função
DCA-Anexo I-E,2021,DCA-Anexo I-E,TotalDespesas,4318002,Despesas Liquidadas,Despesas Exceto Intraorçamentárias,2021,Total Geral da Despesa por Função
DCA-Anexo I-E,2021,DCA-Anexo I-E,TotalDespesas,4318002,Despesas Liquidadas,01 - Legislativa,2021,Total Geral da Despesa por Função
DCA-Anexo I-E,2021,DCA-Anexo I-E,TotalDespesas,4318002,Despesas Liquidadas,01.031 - Ação Legislativa,2021,Total Geral da Despesa por Função
DCA-Anexo I-E,2021,DCA-Anexo I-E,TotalDespesas,4318002,Despesas Liquidadas,04 - Administração,2021,Total Geral da Despesa por Função
DCA-Anexo I-E,2021,DCA-Anexo I-E,TotalDespesas,4318002,Despesas Liquidadas,04.122 - Administração Geral,2021,Total Geral da Despesa por Função
DCA-Anexo I-E,2021,DCA-Anexo I-E,TotalDespesas,4318002,Despesas Liquidadas,04.124 - Controle Interno,2021,Total Geral da Despesa por Função
DCA-Anexo I-E,2021,DCA-Anexo I-E,TotalDespesas,4318002,Despesas Liquidadas,04.126 - Tecnologia da Informação,2021,Total Geral da Despesa por Função
DCA-Anexo I-E,2021,DCA-Anexo I-E,TotalDespesas,4318002,Despesas Liquidadas,FU04 - Demais Subfunções,2021,Total Geral da Despesa por Função
DCA-Anexo I-E,2021,DCA-Anexo I-E,TotalDespesas,4318002,Despesas Liquidadas,06 - Segurança Pública,2021,Total Geral da Despesa por Função
DCA-Anexo I-E,2021,DCA-Anexo I-E,TotalDespesas,4318002,Despesas Liquidadas,06.181 - Policiamento,2021,Total Geral da Despesa por Função
DCA-Anexo I-E,2021,DCA-Anexo I-E,TotalDespesas,4318002,Despesas Liquidadas,06.182 - Defesa Civil,2021,Total Geral da Despesa por Função
DCA-Anexo I-E,2021,DCA-Anexo I-E,TotalDespesas,4318002,Despesas Liquidadas,08 - Assistência Social,2021,Total Geral da Despesa por Função
DCA-Anexo I-E,2021,DCA-Anexo I-E,TotalDespesas,4318002,Despesas Liquidadas,08.241 - Assistência ao Idoso,2021,Total Geral da Despesa por Função
DCA-Anexo I-E,2021,DCA-Anexo I-E,TotalDespesas,4318002,Despesas Liquidadas,08.242 - Assistência ao Portador de Deficiência,2021,Total Geral da Despesa por Função
DCA-Anexo I-E,2021,DCA-Anexo I-E,TotalDespesas,4318002,Despesas Liquidadas,08.243 - Assistência à Criança e ao Adolescente,2021,Total Geral da Despesa por Função
DCA-Anexo I-E,2021,DCA-Anexo I-E,TotalDespesas,4318002,Despesas Liquidadas,08.244 - Assistência Comunitária,2021,Total Geral da Despesa por Função
DCA-Anexo I-E,2021,DCA-Anexo I-E,TotalDespesas,4318002,Despesas Liquidadas,08.122 - Administração Geral,2021,Total Geral da Despesa por Função
DCA-Anexo I-E,2021,DCA-Anexo I-E,TotalDespesas,4318002,Despesas Liquidadas,09 - Previdência Social,2021,Total Geral da Despesa por Função
DCA-Anexo I-E,2021,DCA-Anexo I-E,TotalDespesas,4318002,Despesas Liquidadas,09.272 - Previdência do Regime Estatutário,2021,Total Geral da Despesa por Função
DCA-Anexo I-E,2021,DCA-Anexo I-E,TotalDespesas,4318002,Despesas Liquidadas,09.122 - Administração Geral,2021,Total Geral da Despesa por Função
DCA-Anexo I-E,2021,DCA-Anexo I-E,TotalDespesas,4318002,Despesas Liquidadas,10 - Saúde,2021,Total Geral da Despesa por Função
DCA-Anexo I-E,2021,DCA-Anexo I-E,TotalDespesas,4318002,Despesas Liquidadas,10.301 - Atenção Básica,2021,Total Geral da Despesa por Função
DCA-Anexo I-E,2021,DCA-Anexo I-E,TotalDespesas,4318002,Despesas Liquidadas,10.302 - Assistência Hospitalar e Ambulatorial,2021,Total Geral da Despesa por Função
DCA-Anexo I-E,2021,DCA-Anexo I-E,TotalDespesas,4318002,Despesas Liquidadas,10.303 - Suporte Profilático e Terapêutico,2021,Total Geral da Despesa por Função
DCA-Anexo I-E,2021,DCA-Anexo I-E,TotalDespesas,4318002,Despesas Liquidadas,10.304 - Vigilância Sanitária,2021,Total Geral da Despesa por Função
DCA-Anexo I-E,2021,DCA-Anexo I-E,TotalDespesas,4318002,Despesas Liquidadas,10.305 - Vigilância Epidemiológica,2021,Total Geral da Despesa por Função
DCA-Anexo I-E,2021,DCA-Anexo I-E,TotalDespesas,4318002,Despesas Liquidadas,10.122 - Administração Geral,2021,Total Geral da Despesa por Função
DCA-Anexo I-E,2021,DCA-Anexo I-E,TotalDespesas,4318002,Despesas Liquidadas,12 - Educação,2021,Total Geral da Despesa por Função
DCA-Anexo I-E,2021,DCA-Anexo I-E,TotalDespesas,4318002,Despesas Liquidadas,12.361 - Ensino Fundamental,2021,Total Geral da Despesa por Função
DCA-Anexo I-E,2021,DCA-Anexo I-E,TotalDespesas,4318002,Despesas Liquidadas,12.362 - Ensino Médio,2021,Total Geral da Despesa por Função
DCA-Anexo I-E,2021,DCA-Anexo I-E,TotalDespesas,4318002,Despesas Liquidadas,12.365 - Educação Infantil,2021,Total Geral da Despesa por Função
DCA-Anexo I-E,2021,DCA-Anexo I-E,TotalDespesas,4318002,Despesas Liquidadas,12.366 - Educação de Jovens e Adultos,2021,Total Geral da Despesa por Função
DCA-Anexo I-E,2021,DCA-Anexo I-E,TotalDespesas,4318002,Despesas Liquidadas,12.122 - Administração Geral,2021,Total Geral da Despesa por Função
DCA-Anexo I-E,2021,DCA-Anexo I-E,TotalDespesas,4318002,Despesas Liquidadas,13 - Cultura,2021,Total Geral da Despesa por Função
DCA-Anexo I-E,2021,DCA-Anexo I-E,TotalDespesas,4318002,Despesas Liquidadas,13.392 - Difusão Cultural,2021,Total Geral da Despesa por Função
DCA-Anexo I-E,2021,DCA-Anexo I-E,TotalDespesas,4318002,Despesas Liquidadas,14 - Direitos da Cidadania,2021,Total Geral da Despesa por Função
DCA-Anexo I-E,2021,DCA-Anexo I-E,TotalDespesas,4318002,Despesas Liquidadas,"14.422 - Direitos Individuais, Coletivos e Difusos",2021,Total Geral da Despesa por Função
DCA-Anexo I-E,2021,DCA-Anexo I-E,TotalDespesas,4318002,Despesas Liquidadas,15 - Urbanismo,2021,Total Geral da Despesa por Função
DCA-Anexo I-E,2021,DCA-Anexo I-E,TotalDespesas,4318002,Despesas Liquidadas,15.451 - Infraestrutura Urbana,2021,Total Geral da Despesa por Função
DCA-Anexo I-E,2021,DCA-Anexo I-E,TotalDespesas,4318002,Despesas Liquidadas,15.452 - Serviços Urbanos,2021,Total Geral da Despesa por Função
DCA-Anexo I-E,2021,DCA-Anexo I-E,TotalDespesas,4318002,Despesas Liquidadas,16 - Habitação,2021,Total Geral da Despesa por Função
DCA-Anexo I-E,2021,DCA-Anexo I-E,TotalDespesas,4318002,Despesas Liquidadas,16.482 - Habitação Urbana,2021,Total Geral da Despesa por Função
DCA-Anexo I-E,2021,DCA-Anexo I-E,TotalDespesas,4318002,Despesas Liquidadas,17 - Saneamento,2021,Total Geral da Despesa por Função
DCA-Anexo I-E,2021,DCA-Anexo I-E,TotalDespesas,4318002,Despesas Liquidadas,17.511 - Saneamento Básico Rural,2021,Total Geral da Despesa por Função
DCA-Anexo I-E,2021,DCA-Anexo I-E,TotalDespesas,4318002,Despesas Liquidadas,18 - Gestão Ambiental,2021,Total Geral da Despesa por Função
DCA-Anexo I-E,2021,DCA-Anexo I-E,TotalDespesas,4318002,Despesas Liquidadas,18.541 - Preservação e Conservação Ambiental,2021,Total Geral da Despesa por Função
DCA-Anexo I-E,2021,DCA-Anexo I-E,TotalDespesas,4318002,Despesas Liquidadas,20 - Agricultura,2021,Total Geral da Despesa por Função
DCA-Anexo I-E,2021,DCA-Anexo I-E,TotalDespesas,4318002,Despesas Liquidadas,20.606 - Extensão Rural,2021,Total Geral da Despesa por Função
DCA-Anexo I-E,2021,DCA-Anexo I-E,TotalDespesas,4318002,Despesas Liquidadas,20.122 - Administração Geral,2021,Total Geral da Despesa por Função
DCA-Anexo I-E,2021,DCA-Anexo I-E,TotalDespesas,4318002,Despesas Liquidadas,23 - Comércio e Serviços,2021,Total Geral da Despesa por Função
DCA-Anexo I-E,2021,DCA-Anexo I-E,TotalDespesas,4318002,Despesas Liquidadas,23.695 - Turismo,2021,Total Geral da Despesa por Função
DCA-Anexo I-E,2021,DCA-Anexo I-E,TotalDespesas,4318002,Despesas Liquidadas,26 - Transporte,2021,Total Geral da Despesa por Função
DCA-Anexo I-E,2021,DCA-Anexo I-E,TotalDespesas,4318002,Despesas Liquidadas,26.781 - Transporte Aéreo,2021,Total Geral da Despesa por Função
DCA-Anexo I-E,2021,DCA-Anexo I-E,TotalDespesas,4318002,Despesas Liquidadas,26.782 - Transporte Rodoviário,2021,Total Geral da Despesa por Função
DCA-Anexo I-E,2021,DCA-Anexo I-E,TotalDespesas,4318002,Despesas Liquidadas,27 - Desporto e Lazer,2021,Total Geral da Despesa por Função
DCA-Anexo I-E,2021,DCA-Anexo I-E,TotalDespesas,4318002,Despesas Liquidadas,27.812 - Desporto Comunitário,2021,Total Geral da Despesa por Função
DCA-Anexo I-E,2021,DCA-Anexo I-E,TotalDespesas,4318002,Despesas Liquidadas,28 - Encargos Especiais,2021,Total Geral da Despesa por Função
DCA-Anexo I-E,2021,DCA-Anexo I-E,TotalDespesas,4318002,Despesas Liquidadas,28.843 - Serviço da Dívida Interna,2021,Total Geral da Despesa por Função
DCA-Anexo I-E,2021,DCA-Anexo I-E,TotalDespesas,4318002,Despesas Liquidadas,Despesas Intraorçamentárias,2021,Total Geral da Despesa por Função
DCA-Anexo I-E,2021,DCA-Anexo I-E,TotalDespesas,4318002,Despesas Pagas,Despesas Exceto Intraorçamentárias,2021,Total Geral da Despesa por Função
DCA-Anexo I-E,2021,DCA-Anexo I-E,TotalDespesas,4318002,Despesas Pagas,01 - Legislativa,2021,Total Geral da Despesa por Função
DCA-Anexo I-E,2021,DCA-Anexo I-E,TotalDespesas,4318002,Despesas Pagas,01.031 - Ação Legislativa,2021,Total Geral da Despesa por Função
DCA-Anexo I-E,2021,DCA-Anexo I-E,TotalDespesas,4318002,Despesas Pagas,04 - Administração,2021,Total Geral da Despesa por Função
DCA-Anexo I-E,2021,DCA-Anexo I-E,TotalDespesas,4318002,Despesas Pagas,04.122 - Administração Geral,2021,Total Geral da Despesa por Função
DCA-Anexo I-E,2021,DCA-Anexo I-E,TotalDespesas,4318002,Despesas Pagas,04.124 - Controle Interno,2021,Total Geral da Despesa por Função
DCA-Anexo I-E,2021,DCA-Anexo I-E,TotalDespesas,4318002,Despesas Pagas,04.126 - Tecnologia da Informação,2021,Total Geral da Despesa por Função
DCA-Anexo I-E,2021,DCA-Anexo I-E,TotalDespesas,4318002,Despesas Pagas,FU04 - Demais Subfunções,2021,Total Geral da Despesa por Função
DCA-Anexo I-E,2021,DCA-Anexo I-E,TotalDespesas,4318002,Despesas Pagas,06 - Segurança Pública,2021,Total Geral da Despesa por Função
DCA-Anexo I-E,2021,DCA-Anexo I-E,TotalDespesas,4318002,Despesas Pagas,06.181 - Policiamento,2021,Total Geral da Despesa por Função
DCA-Anexo I-E,2021,DCA-Anexo I-E,TotalDespesas,4318002,Despesas Pagas,06.182 - Defesa Civil,2021,Total Geral da Despesa por Função
DCA-Anexo I-E,2021,DCA-Anexo I-E,TotalDespesas,4318002,Despesas Pagas,08 - Assistência Social,2021,Total Geral da Despesa por Função
DCA-Anexo I-E,2021,DCA-Anexo I-E,TotalDespesas,4318002,Despesas Pagas,08.241 - Assistência ao Idoso,2021,Total Geral da Despesa por Função
DCA-Anexo I-E,2021,DCA-Anexo I-E,TotalDespesas,4318002,Despesas Pagas,08.242 - Assistência ao Portador de Deficiência,2021,Total Geral da Despesa por Função
DCA-Anexo I-E,2021,DCA-Anexo I-E,TotalDespesas,4318002,Despesas Pagas,08.243 - Assistência à Criança e ao Adolescente,2021,Total Geral da Despesa por Função
DCA-Anexo I-E,2021,DCA-Anexo I-E,TotalDespesas,4318002,Despesas Pagas,08.244 - Assistência Comunitária,2021,Total Geral da Despesa por Função
DCA-Anexo I-E,2021,DCA-Anexo I-E,TotalDespesas,4318002,Despesas Pagas,08.122 - Administração Geral,2021,Total Geral da Despesa por Função
DCA-Anexo I-E,2021,DCA-Anexo I-E,TotalDespesas,4318002,Despesas Pagas,09 - Previdência Social,2021,Total Geral da Despesa por Função
DCA-Anexo I-E,2021,DCA-Anexo I-E,TotalDespesas,4318002,Despesas Pagas,09.272 - Previdência do Regime Estatutário,2021,Total Geral da Despesa por Função
DCA-Anexo I-E,2021,DCA-Anexo I-E,TotalDespesas,4318002,Despesas Pagas,09.122 - Administração Geral,2021,Total Geral da Despesa por Função
DCA-Anexo I-E,2021,DCA-Anexo I-E,TotalDespesas,4318002,Despesas Pagas,10 - Saúde,2021,Total Geral da Despesa por Função
DCA-Anexo I-E,2021,DCA-Anexo I-E,TotalDespesas,4318002,Despesas Pagas,10.301 - Atenção Básica,2021,Total Geral da Despesa por Função
DCA-Anexo I-E,2021,DCA-Anexo I-E,TotalDespesas,4318002,Despesas Pagas,10.302 - Assistência Hospitalar e Ambulatorial,2021,Total Geral da Despesa por Função
DCA-Anexo I-E,2021,DCA-Anexo I-E,TotalDespesas,4318002,Despesas Pagas,10.303 - Suporte Profilático e Terapêutico,2021,Total Geral da Despesa por Função
DCA-Anexo I-E,2021,DCA-Anexo I-E,TotalDespesas,4318002,Despesas Pagas,10.304 - Vigilância Sanitária,2021,Total Geral da Despesa por Função
DCA-Anexo I-E,2021,DCA-Anexo I-E,TotalDespesas,4318002,Despesas Pagas,10.305 - Vigilância Epidemiológica,2021,Total Geral da Despesa por Função
DCA-Anexo I-E,2021,DCA-Anexo I-E,TotalDespesas,4318002,Despesas Pagas,10.122 - Administração Geral,2021,Total Geral da Despesa por Função
DCA-Anexo I-E,2021,DCA-Anexo I-E,TotalDespesas,4318002,Despesas Pagas,12 - Educação,2021,Total Geral da Despesa por Função
DCA-Anexo I-E,2021,DCA-Anexo I-E,TotalDespesas,4318002,Despesas Pagas,12.361 - Ensino Fundamental,2021,Total Geral da Despesa por Função
DCA-Anexo I-E,2021,DCA-Anexo I-E,TotalDespesas,4318002,Despesas Pagas,12.362 - Ensino Médio,2021,Total Geral da Despesa por Função
DCA-Anexo I-E,2021,DCA-Anexo I-E,TotalDespesas,4318002,Despesas Pagas,12.365 - Educação Infantil,2021,Total Geral da Despesa por Função
DCA-Anexo I-E,2021,DCA-Anexo I-E,TotalDespesas,4318002,Despesas Pagas,12.366 - Educação de Jovens e Adultos,2021,Total Geral da Despesa por Função
DCA-Anexo I-E,2021,DCA-Anexo I-E,TotalDespesas,4318002,Despesas Pagas,12.122 - Administração Geral,2021,Total Geral da Despesa por Função
DCA-Anexo I-E,2021,DCA-Anexo I-E,TotalDespesas,4318002,Despesas Pagas,13 - Cultura,2021,Total Geral da Despesa por Função
DCA-Anexo I-E,2021,DCA-Anexo I-E,TotalDespesas,4318002,Despesas Pagas,13.392 - Difusão Cultural,2021,Total Geral da Despesa por Função
DCA-Anexo I-E,2021,DCA-Anexo I-E,TotalDespesas,4318002,Despesas Pagas,14 - Direitos da Cidadania,2021,Total Geral da Despesa por Função
DCA-Anexo I-E,2021,DCA-Anexo I-E,TotalDespesas,4318002,Despesas Pagas,"14.422 - Direitos Individuais, Coletivos e Difusos",2021,Total Geral da Despesa por Função
DCA-Anexo I-E,2021,DCA-Anexo I-E,TotalDespesas,4318002,Despesas Pagas,15 - Urbanismo,2021,Total Geral da Despesa por Função
DCA-Anexo I-E,2021,DCA-Anexo I-E,TotalDespesas,4318002,Despesas Pagas,15.451 - Infraestrutura Urbana,2021,Total Geral da Despesa por Função
DCA-Anexo I-E,2021,DCA-Anexo I-E,TotalDespesas,4318002,Despesas Pagas,15.452 - Serviços Urbanos,2021,Total Geral da Despesa por Função
DCA-Anexo I-E,2021,DCA-Anexo I-E,TotalDespesas,4318002,Despesas Pagas,16 - Habitação,2021,Total Geral da Despesa por Função
DCA-Anexo I-E,2021,DCA-Anexo I-E,TotalDespesas,4318002,Despesas Pagas,16.482 - Habitação Urbana,2021,Total Geral da Despesa por Função
DCA-Anexo I-E,2021,DCA-Anexo I-E,TotalDespesas,4318002,Despesas Pagas,17 - Saneamento,2021,Total Geral da Despesa por Função
DCA-Anexo I-E,2021,DCA-Anexo I-E,TotalDespesas,4318002,Despesas Pagas,17.511 - Saneamento Básico Rural,2021,Total Geral da Despesa por Função
DCA-Anexo I-E,2021,DCA-Anexo I-E,TotalDespesas,4318002,Despesas Pagas,18 - Gestão Ambiental,2021,Total Geral da Despesa por Função
DCA-Anexo I-E,2021,DCA-Anexo I-E,TotalDespesas,4318002,Despesas Pagas,18.541 - Preservação e Conservação Ambiental,2021,Total Geral da Despesa por Função
DCA-Anexo I-E,2021,DCA-Anexo I-E,TotalDespesas,4318002,Despesas Pagas,20 - Agricultura,2021,Total Geral da Despesa por Função
DCA-Anexo I-E,2021,DCA-Anexo I-E,TotalDespesas,4318002,Despesas Pagas,20.606 - Extensão Rural,2021,Total Geral da Despesa por Função
DCA-Anexo I-E,2021,DCA-Anexo I-E,TotalDespesas,4318002,Despesas Pagas,20.122 - Administração Geral,2021,Total Geral da Despesa por Função
DCA-Anexo I-E,2021,DCA-Anexo I-E,TotalDespesas,4318002,Despesas Pagas,23 - Comércio e Serviços,2021,Total Geral da Despesa por Função
DCA-Anexo I-E,2021,DCA-Anexo I-E,TotalDespesas,4318002,Despesas Pagas,23.695 - Turismo,2021,Total Geral da Despesa por Função
DCA-Anexo I-E,2021,DCA-Anexo I-E,TotalDespesas,4318002,Despesas Pagas,26 - Transporte,2021,Total Geral da Despesa por Função
DCA-Anexo I-E,2021,DCA-Anexo I-E,TotalDespesas,4318002,Despesas Pagas,26.781 - Transporte Aéreo,2021,Total Geral da Despesa por Função
DCA-Anexo I-E,2021,DCA-Anexo I-E,TotalDespesas,4318002,Despesas Pagas,26.782 - Transporte Rodoviário,2021,Total Geral da Despesa por Função
DCA-Anexo I-E,2021,DCA-Anexo I-E,TotalDespesas,4318002,Despesas Pagas,27 - Desporto e Lazer,2021,Total Geral da Despesa por Função
DCA-Anexo I-E,2021,DCA-Anexo I-E,TotalDespesas,4318002,Despesas Pagas,27.812 - Desporto Comunitário,2021,Total Geral da Despesa por Função
DCA-Anexo I-E,2021,DCA-Anexo I-E,TotalDespesas,4318002,Despesas Pagas,28 - Encargos Especiais,2021,Total Geral da Despesa por Função
DCA-Anexo I-E,2021,DCA-Anexo I-E,TotalDespesas,4318002,Despesas Pagas,28.843 - Serviço da Dívida Interna,2021,Total Geral da Despesa por Função
DCA-Anexo I-E,2021,DCA-Anexo I-E,TotalDespesas,4318002,Despesas Pagas,Despesas Intraorçamentárias,2021,Total Geral da Despesa por Função
DCA-Anexo I-E,2021,DCA-Anexo I-E,TotalDespesas,4318002,Inscrição de Restos a Pagar Não Processados,Despesas Exceto Intraorçamentárias,2021,Total Geral da Despesa por Função
DCA-Anexo I-E,2021,DCA-Anexo I-E,TotalDespesas,4318002,Inscrição de Restos a Pagar Não Processados,01 - Legislativa,2021,Total Geral da Despesa por Função
DCA-Anexo I-E,2021,DCA-Anexo I-E,TotalDespesas,4318002,Inscrição de Restos a Pagar Não Processados,01.031 - Ação Legislativa,2021,Total Geral da Despesa por Função
DCA-Anexo I-E,2021,DCA-Anexo I-E,TotalDespesas,4318002,Inscrição de Restos a Pagar Não Processados,04 - Administração,2021,Total Geral da Despesa por Função
DCA-Anexo I-E,2021,DCA-Anexo I-E,TotalDespesas,4318002,Inscrição de Restos a Pagar Não Processados,04.122 - Administração Geral,2021,Total Geral da Despesa por Função
DCA-Anexo I-E,2021,DCA-Anexo I-E,TotalDespesas,4318002,Inscrição de Restos a Pagar Não Processados,04.126 - Tecnologia da Informação,2021,Total Geral da Despesa por Função
DCA-Anexo I-E,2021,DCA-Anexo I-E,TotalDespesas,4318002,Inscrição de Restos a Pagar Não Processados,FU04 - Demais Subfunções,2021,Total Geral da Despesa por Função
DCA-Anexo I-E,2021,DCA-Anexo I-E,TotalDespesas,4318002,Inscrição de Restos a Pagar Não Processados,06 - Segurança Pública,2021,Total Geral da Despesa por Função
DCA-Anexo I-E,2021,DCA-Anexo I-E,TotalDespesas,4318002,Inscrição de Restos a Pagar Não Processados,06.181 - Policiamento,2021,Total Geral da Despesa por Função
DCA-Anexo I-E,2021,DCA-Anexo I-E,TotalDespesas,4318002,Inscrição de Restos a Pagar Não Processados,06.182 - Defesa Civil,2021,Total Geral da Despesa por Função
DCA-Anexo I-E,2021,DCA-Anexo I-E,TotalDespesas,4318002,Inscrição de Restos a Pagar Não Processados,08 - Assistência Social,2021,Total Geral da Despesa por Função
DCA-Anexo I-E,2021,DCA-Anexo I-E,TotalDespesas,4318002,Inscrição de Restos a Pagar Não Processados,08.243 - Assistência à Criança e ao Adolescente,2021,Total Geral da Despesa por Função
DCA-Anexo I-E,2021,DCA-Anexo I-E,TotalDespesas,4318002,Inscrição de Restos a Pagar Não Processados,08.244 - Assistência Comunitária,2021,Total Geral da Despesa por Função
DCA-Anexo I-E,2021,DCA-Anexo I-E,TotalDespesas,4318002,Inscrição de Restos a Pagar Não Processados,10 - Saúde,2021,Total Geral da Despesa por Função
DCA-Anexo I-E,2021,DCA-Anexo I-E,TotalDespesas,4318002,Inscrição de Restos a Pagar Não Processados,10.301 - Atenção Básica,2021,Total Geral da Despesa por Função
DCA-Anexo I-E,2021,DCA-Anexo I-E,TotalDespesas,4318002,Inscrição de Restos a Pagar Não Processados,10.302 - Assistência Hospitalar e Ambulatorial,2021,Total Geral da Despesa por Função
DCA-Anexo I-E,2021,DCA-Anexo I-E,TotalDespesas,4318002,Inscrição de Restos a Pagar Não Processados,10.303 - Suporte Profilático e Terapêutico,2021,Total Geral da Despesa por Função
DCA-Anexo I-E,2021,DCA-Anexo I-E,TotalDespesas,4318002,Inscrição de Restos a Pagar Não Processados,10.304 - Vigilância Sanitária,2021,Total Geral da Despesa por Função
DCA-Anexo I-E,2021,DCA-Anexo I-E,TotalDespesas,4318002,Inscrição de Restos a Pagar Não Processados,10.305 - Vigilância Epidemiológica,2021,Total Geral da Despesa por Função
DCA-Anexo I-E,2021,DCA-Anexo I-E,TotalDespesas,4318002,Inscrição de Restos a Pagar Não Processados,10.122 - Administração Geral,2021,Total Geral da Despesa por Função
DCA-Anexo I-E,2021,DCA-Anexo I-E,TotalDespesas,4318002,Inscrição de Restos a Pagar Não Processados,12 - Educação,2021,Total Geral da Despesa por Função
DCA-Anexo I-E,2021,DCA-Anexo I-E,TotalDespesas,4318002,Inscrição de Restos a Pagar Não Processados,12.361 - Ensino Fundamental,2021,Total Geral da Despesa por Função
DCA-Anexo I-E,2021,DCA-Anexo I-E,TotalDespesas,4318002,Inscrição de Restos a Pagar Não Processados,12.362 - Ensino Médio,2021,Total Geral da Despesa por Função
DCA-Anexo I-E,2021,DCA-Anexo I-E,TotalDespesas,4318002,Inscrição de Restos a Pagar Não Processados,12.365 - Educação Infantil,2021,Total Geral da Despesa por Função
DCA-Anexo I-E,2021,DCA-Anexo I-E,TotalDespesas,4318002,Inscrição de Restos a Pagar Não Processados,12.122 - Administração Geral,2021,Total Geral da Despesa por Função
DCA-Anexo I-E,2021,DCA-Anexo I-E,TotalDespesas,4318002,Inscrição de Restos a Pagar Não Processados,13 - Cultura,2021,Total Geral da Despesa por Função
DCA-Anexo I-E,2021,DCA-Anexo I-E,TotalDespesas,4318002,Inscrição de Restos a Pagar Não Processados,13.392 - Difusão Cultural,2021,Total Geral da Despesa por Função
DCA-Anexo I-E,2021,DCA-Anexo I-E,TotalDespesas,4318002,Inscrição de Restos a Pagar Não Processados,14 - Direitos da Cidadania,2021,Total Geral da Despesa por Função
DCA-Anexo I-E,2021,DCA-Anexo I-E,TotalDespesas,4318002,Inscrição de Restos a Pagar Não Processados,"14.422 - Direitos Individuais, Coletivos e Difusos",2021,Total Geral da Despesa por Função
DCA-Anexo I-E,2021,DCA-Anexo I-E,TotalDespesas,4318002,Inscrição de Restos a Pagar Não Processados,15 - Urbanismo,2021,Total Geral da Despesa por Função
DCA-Anexo I-E,2021,DCA-Anexo I-E,TotalDespesas,4318002,Inscrição de Restos a Pagar Não Processados,15.451 - Infraestrutura Urbana,2021,Total Geral da Despesa por Função
DCA-Anexo I-E,2021,DCA-Anexo I-E,TotalDespesas,4318002,Inscrição de Restos a Pagar Não Processados,15.452 - Serviços Urbanos,2021,Total Geral da Despesa por Função
DCA-Anexo I-E,2021,DCA-Anexo I-E,TotalDespesas,4318002,Inscrição de Restos a Pagar Não Processados,17 - Saneamento,2021,Total Geral da Despesa por Função
DCA-Anexo I-E,2021,DCA-Anexo I-E,TotalDespesas,4318002,Inscrição de Restos a Pagar Não Processados,17.511 - Saneamento Básico Rural,2021,Total Geral da Despesa por Função
DCA-Anexo I-E,2021,DCA-Anexo I-E,TotalDespesas,4318002,Inscrição de Restos a Pagar Não Processados,18 - Gestão Ambiental,2021,Total Geral da Despesa por Função
DCA-Anexo I-E,2021,DCA-Anexo I-E,TotalDespesas,4318002,Inscrição de Restos a Pagar Não Processados,18.541 - Preservação e Conservação Ambiental,2021,Total Geral da Despesa por Função
DCA-Anexo I-E,2021,DCA-Anexo I-E,TotalDespesas,4318002,Inscrição de Restos a Pagar Não Processados,20 - Agricultura,2021,Total Geral da Despesa por Função
DCA-Anexo I-E,2021,DCA-Anexo I-E,TotalDespesas,4318002,Inscrição de Restos a Pagar Não Processados,20.606 - Extensão Rural,2021,Total Geral da Despesa por Função
DCA-Anexo I-E,2021,DCA-Anexo I-E,TotalDespesas,4318002,Inscrição de Restos a Pagar Não Processados,23 - Comércio e Serviços,2021,Total Geral da Despesa por Função
DCA-Anexo I-E,2021,DCA-Anexo I-E,TotalDespesas,4318002,Inscrição de Restos a Pagar Não Processados,23.695 - Turismo,2021,Total Geral da Despesa por Função
DCA-Anexo I-E,2021,DCA-Anexo I-E,TotalDespesas,4318002,Inscrição de Restos a Pagar Não Processados,26 - Transporte,2021,Total Geral da Despesa por Função
DCA-Anexo I-E,2021,DCA-Anexo I-E,TotalDespesas,4318002,Inscrição de Restos a Pagar Não Processados,26.781 - Transporte Aéreo,2021,Total Geral da Despesa por Função
DCA-Anexo I-E,2021,DCA-Anexo I-E,TotalDespesas,4318002,Inscrição de Restos a Pagar Não Processados,27 - Desporto e Lazer,2021,Total Geral da Despesa por Função
DCA-Anexo I-E,2021,DCA-Anexo I-E,TotalDespesas,4318002,Inscrição de Restos a Pagar Não Processados,27.812 - Desporto Comunitário,2021,Total Geral da Despesa por Função
DCA-Anexo I-E,2021,DCA-Anexo I-E,TotalDespesas,4318002,Inscrição de Restos a Pagar Processados,Despesas Exceto Intraorçamentárias,2021,Total Geral da Despesa por Função
DCA-Anexo I-E,2021,DCA-Anexo I-E,TotalDespesas,4318002,Inscrição de Restos a Pagar Processados,04 - Administração,2021,Total Geral da Despesa por Função
DCA-Anexo I-E,2021,DCA-Anexo I-E,TotalDespesas,4318002,Inscrição de Restos a Pagar Processados,04.122 - Administração Geral,2021,Total Geral da Despesa por Função
DCA-Anexo I-E,2021,DCA-Anexo I-E,TotalDespesas,4318002,Inscrição de Restos a Pagar Processados,04.124 - Controle Interno,2021,Total Geral da Despesa por Função
DCA-Anexo I-E,2021,DCA-Anexo I-E,TotalDespesas,4318002,Inscrição de Restos a Pagar Processados,04.126 - Tecnologia da Informação,2021,Total Geral da Despesa por Função
DCA-Anexo I-E,2021,DCA-Anexo I-E,TotalDespesas,4318002,Inscrição de Restos a Pagar Processados,06 - Segurança Pública,2021,Total Geral da Despesa por Função
DCA-Anexo I-E,2021,DCA-Anexo I-E,TotalDespesas,4318002,Inscrição de Restos a Pagar Processados,06.181 - Policiamento,2021,Total Geral da Despesa por Função
DCA-Anexo I-E,2021,DCA-Anexo I-E,TotalDespesas,4318002,Inscrição de Restos a Pagar Processados,06.182 - Defesa Civil,2021,Total Geral da Despesa por Função
DCA-Anexo I-E,2021,DCA-Anexo I-E,TotalDespesas,4318002,Inscrição de Restos a Pagar Processados,08 - Assistência Social,2021,Total Geral da Despesa por Função
DCA-Anexo I-E,2021,DCA-Anexo I-E,TotalDespesas,4318002,Inscrição de Restos a Pagar Processados,08.243 - Assistência à Criança e ao Adolescente,2021,Total Geral da Despesa por Função
DCA-Anexo I-E,2021,DCA-Anexo I-E,TotalDespesas,4318002,Inscrição de Restos a Pagar Processados,08.244 - Assistência Comunitária,2021,Total Geral da Despesa por Função
DCA-Anexo I-E,2021,DCA-Anexo I-E,TotalDespesas,4318002,Inscrição de Restos a Pagar Processados,08.122 - Administração Geral,2021,Total Geral da Despesa por Função
DCA-Anexo I-E,2021,DCA-Anexo I-E,TotalDespesas,4318002,Inscrição de Restos a Pagar Processados,10 - Saúde,2021,Total Geral da Despesa por Função
DCA-Anexo I-E,2021,DCA-Anexo I-E,TotalDespesas,4318002,Inscrição de Restos a Pagar Processados,10.301 - Atenção Básica,2021,Total Geral da Despesa por Função
DCA-Anexo I-E,2021,DCA-Anexo I-E,TotalDespesas,4318002,Inscrição de Restos a Pagar Processados,10.302 - Assistência Hospitalar e Ambulatorial,2021,Total Geral da Despesa por Função
DCA-Anexo I-E,2021,DCA-Anexo I-E,TotalDespesas,4318002,Inscrição de Restos a Pagar Processados,10.303 - Suporte Profilático e Terapêutico,2021,Total Geral da Despesa por Função
DCA-Anexo I-E,2021,DCA-Anexo I-E,TotalDespesas,4318002,Inscrição de Restos a Pagar Processados,10.304 - Vigilância Sanitária,2021,Total Geral da Despesa por Função
DCA-Anexo I-E,2021,DCA-Anexo I-E,TotalDespesas,4318002,Inscrição de Restos a Pagar Processados,10.305 - Vigilância Epidemiológica,2021,Total Geral da Despesa por Função
DCA-Anexo I-E,2021,DCA-Anexo I-E,TotalDespesas,4318002,Inscrição de Restos a Pagar Processados,10.122 - Administração Geral,2021,Total Geral da Despesa por Função
DCA-Anexo I-E,2021,DCA-Anexo I-E,TotalDespesas,4318002,Inscrição de Restos a Pagar Processados,12 - Educação,2021,Total Geral da Despesa por Função
DCA-Anexo I-E,2021,DCA-Anexo I-E,TotalDespesas,4318002,Inscrição de Restos a Pagar Processados,12.361 - Ensino Fundamental,2021,Total Geral da Despesa por Função
DCA-Anexo I-E,2021,DCA-Anexo I-E,TotalDespesas,4318002,Inscrição de Restos a Pagar Processados,12.365 - Educação Infantil,2021,Total Geral da Despesa por Função
DCA-Anexo I-E,2021,DCA-Anexo I-E,TotalDespesas,4318002,Inscrição de Restos a Pagar Processados,12.366 - Educação de Jovens e Adultos,2021,Total Geral da Despesa por Função
DCA-Anexo I-E,2021,DCA-Anexo I-E,TotalDespesas,4318002,Inscrição de Restos a Pagar Processados,12.122 - Administração Geral,2021,Total Geral da Despesa por Função
DCA-Anexo I-E,2021,DCA-Anexo I-E,TotalDespesas,4318002,Inscrição de Restos a Pagar Processados,13 - Cultura,2021,Total Geral da Despesa por Função
DCA-Anexo I-E,2021,DCA-Anexo I-E,TotalDespesas,4318002,Inscrição de Restos a Pagar Processados,13.392 - Difusão Cultural,2021,Total Geral da Despesa por Função
DCA-Anexo I-E,2021,DCA-Anexo I-E,TotalDespesas,4318002,Inscrição de Restos a Pagar Processados,15 - Urbanismo,2021,Total Geral da Despesa por Função
DCA-Anexo I-E,2021,DCA-Anexo I-E,TotalDespesas,4318002,Inscrição de Restos a Pagar Processados,15.451 - Infraestrutura Urbana,2021,Total Geral da Despesa por Função
DCA-Anexo I-E,2021,DCA-Anexo I-E,TotalDespesas,4318002,Inscrição de Restos a Pagar Processados,15.452 - Serviços Urbanos,2021,Total Geral da Despesa por Função
DCA-Anexo I-E,2021,DCA-Anexo I-E,TotalDespesas,4318002,Inscrição de Restos a Pagar Processados,17 - Saneamento,2021,Total Geral da Despesa por Função
DCA-Anexo I-E,2021,DCA-Anexo I-E,TotalDespesas,4318002,Inscrição de Restos a Pagar Processados,17.511 - Saneamento Básico Rural,2021,Total Geral da Despesa por Função
DCA-Anexo I-E,2021,DCA-Anexo I-E,TotalDespesas,4318002,Inscrição de Restos a Pagar Processados,18 - Gestão Ambiental,2021,Total Geral da Despesa por Função
DCA-Anexo I-E,2021,DCA-Anexo I-E,TotalDespesas,4318002,Inscrição de Restos a Pagar Processados,18.541 - Preservação e Conservação Ambiental,2021,Total Geral da Despesa por Função
DCA-Anexo I-E,2021,DCA-Anexo I-E,TotalDespesas,4318002,Inscrição de Restos a Pagar Processados,23 - Comércio e Serviços,2021,Total Geral da Despesa por Função
DCA-Anexo I-E,2021,DCA-Anexo I-E,TotalDespesas,4318002,Inscrição de Restos a Pagar Processados,23.695 - Turismo,2021,Total Geral da Despesa por Função
DCA-Anexo I-E,2021,DCA-Anexo I-E,TotalDespesas,4318002,Inscrição de Restos a Pagar Processados,27 - Desporto e Lazer,2021,Total Geral da Despesa por Função
DCA-Anexo I-E,2021,DCA-Anexo I-E,TotalDespesas,4318002,Inscrição de Restos a Pagar Processados,27.812 - Desporto Comunitário,2021,Total Geral da Despesa por Função
DCA-Anexo I-E,2021,DCA-Anexo I-E,TotalDespesas,4318002,Inscrição de Restos a Pagar Processados,28 - Encargos Especiais,2021,Total Geral da Despesa por Função
DCA-Anexo I-E,2021,DCA-Anexo I-E,TotalDespesas,4318002,Inscrição de Restos a Pagar Processados,28.843 - Serviço da Dívida Interna,2021,Total Geral da Despesa por Função
DCA-Anexo I-E,2021,DCA-Anexo I-E,TotalDespesas,4318002,Inscrição de Restos a Pagar Processados,Despesas Intraorçamentárias,2021,Total Geral da Despesa por Função
DCA-Anexo I-C,2022,DCA-Anexo I-C,ReceitasExcetoIntraOrcamentarias,4318002,Receitas Brutas Realizadas,RECEITAS (EXCETO INTRA-ORÇAMENTÁRIAS) (I),2022,Padrão
DCA-Anexo I-C,2022,DCA-Anexo I-C,ReceitasExcetoIntraOrcamentarias,4318002,Deduções - FUNDEB,RECEITAS (EXCETO INTRA-ORÇAMENTÁRIAS) (I),2022,Padrão
DCA-Anexo I-C,2022,DCA-Anexo I-C,ReceitasExcetoIntraOrcamentarias,4318002,Outras Deduções da Receita,RECEITAS (EXCETO INTRA-ORÇAMENTÁRIAS) (I),2022,Padrão
DCA-Anexo I-C,2022,DCA-Anexo I-C,RO1.0.0.0.00.0.0,4318002,Receitas Brutas Realizadas,1.0.0.0.00.0.0 - Receitas Correntes,2022,Padrão
DCA-Anexo I-C,2022,DCA-Anexo I-C,RO1.0.0.0.00.0.0,4318002,Deduções - FUNDEB,1.0.0.0.00.0.0 - Receitas Correntes,2022,Padrão
DCA-Anexo I-C,2022,DCA-Anexo I-C,RO1.0.0.0.00.0.0,4318002,Outras Deduções da Receita,1.0.0.0.00.0.0 - Receitas Correntes,2022,Padrão
DCA-Anexo I-C,2022,DCA-Anexo I-C,RO1.1.0.0.00.0.0,4318002,Receitas Brutas Realizadas,"1.1.0.0.00.0.0 - Impostos, Taxas e Contribuições de Melhoria",2022,Padrão
DCA-Anexo I-C,2022,DCA-Anexo I-C,RO1.1.0.0.00.0.0,4318002,Outras Deduções da Receita,"1.1.0.0.00.0.0 - Impostos, Taxas e Contribuições de Melhoria",2022,Padrão
DCA-Anexo I-C,2022,DCA-Anexo I-C,RO1.1.1.0.00.0.0,4318002,Receitas Brutas Realizadas,1.1.1.0.00.0.0 - Impostos,2022,Padrão
DCA-Anexo I-C,2022,DCA-Anexo I-C,RO1.1.1.0.00.0.0,4318002,Outras Deduções da Receita,1.1.1.0.00.0.0 - Impostos,2022,Padrão
DCA-Anexo I-C,2022,DCA-Anexo I-C,RO1.1.1.2.00.0.0,4318002,Receitas Brutas Realizadas,1.1.1.2.00.0.0 - Impostos sobre o Patrimônio,2022,Padrão
DCA-Anexo I-C,2022,DCA-Anexo I-C,RO1.1.1.2.00.0.0,4318002,Outras Deduções da Receita,1.1.1.2.00.0.0 - Impostos sobre o Patrimônio,2022,Padrão
DCA-Anexo I-C,2022,DCA-Anexo I-C,RO1.1.1.2.50.0.0,4318002,Receitas Brutas Realizadas,1.1.1.2.50.0.0 - Imposto sobre a Propriedade Predial e Territorial Urbana,2022,Padrão
DCA-Anexo I-C,2022,DCA-Anexo I-C,RO1.1.1.2.50.0.0,4318002,Outras Deduções da Receita,1.1.1.2.50.0.0 - Imposto sobre a Propriedade Predial e Territorial Urbana,2022,Padrão
DCA-Anexo I-C,2022,DCA-Anexo I-C,RO1.1.1.2.53.0.0,4318002,Receitas Brutas Realizadas,"1.1.1.2.53.0.0 - Impostos sobre Transmissão ""Inter Vivos"" de Bens Imóveis e de Direitos Reais sobre Imóveis",2022,Padrão
DCA-Anexo I-C,2022,DCA-Anexo I-C,RO1.1.1.2.53.0.0,4318002,Outras Deduções da Receita,"1.1.1.2.53.0.0 - Impostos sobre Transmissão ""Inter Vivos"" de Bens Imóveis e de Direitos Reais sobre Imóveis",2022,Padrão
DCA-Anexo I-C,2022,DCA-Anexo I-C,RO1.1.1.3.00.0.0,4318002,Receitas Brutas Realizadas,1.1.1.3.00.0.0 - Impostos sobre a Renda e Proventos de Qualquer Natureza,2022,Padrão
DCA-Anexo I-C,2022,DCA-Anexo I-C,RO1.1.1.3.00.0.0,4318002,Outras Deduções da Receita,1.1.1.3.00.0.0 - Impostos sobre a Renda e Proventos de Qualquer Natureza,2022,Padrão
DCA-Anexo I-C,2022,DCA-Anexo I-C,RO1.1.1.3.03.0.0,4318002,Receitas Brutas Realizadas,1.1.1.3.03.0.0 - Imposto sobre a Renda - Retido na Fonte,2022,Padrão
DCA-Anexo I-C,2022,DCA-Anexo I-C,RO1.1.1.3.03.0.0,4318002,Outras Deduções da Receita,1.1.1.3.03.0.0 - Imposto sobre a Renda - Retido na Fonte,2022,Padrão
DCA-Anexo I-C,2022,DCA-Anexo I-C,RO1.1.1.3.03.1.0,4318002,Receitas Brutas Realizadas,1.1.1.3.03.1.0 - Imposto sobre a Renda - Retido na Fonte - Trabalho,2022,Padrão
DCA-Anexo I-C,2022,DCA-Anexo I-C,RO1.1.1.3.03.1.0,4318002,Outras Deduções da Receita,1.1.1.3.03.1.0 - Imposto sobre a Renda - Retido na Fonte - Trabalho,2022,Padrão
DCA-Anexo I-C,2022,DCA-Anexo I-C,RO1.1.1.3.03.4.0,4318002,Receitas Brutas Realizadas,1.1.1.3.03.4.0 - Imposto sobre a Renda - Retido na Fonte - Outros Rendimentos,2022,Padrão
DCA-Anexo I-C,2022,DCA-Anexo I-C,RO1.1.1.3.03.4.0,4318002,Outras Deduções da Receita,1.1.1.3.03.4.0 - Imposto sobre a Renda - Retido na Fonte - Outros Rendimentos,2022,Padrão
DCA-Anexo I-C,2022,DCA-Anexo I-C,RO1.1.1.4.00.0.0,4318002,Receitas Brutas Realizadas,1.1.1.4.00.0.0 - Impostos sobre a Produção e Circulação de Mercadorias e Serviços,2022,Padrão
DCA-Anexo I-C,2022,DCA-Anexo I-C,RO1.1.1.4.00.0.0,4318002,Outras Deduções da Receita,1.1.1.4.00.0.0 - Impostos sobre a Produção e Circulação de Mercadorias e Serviços,2022,Padrão
DCA-Anexo I-C,2022,DCA-Anexo I-C,RO1.1.1.4.51.0.0,4318002,Receitas Brutas Realizadas,1.1.1.4.51.0.0 - Impostos sobre Serviços,2022,Padrão
DCA-Anexo I-C,2022,DCA-Anexo I-C,RO1.1.1.4.51.0.0,4318002,Outras Deduções da Receita,1.1.1.4.51.0.0 - Impostos sobre Serviços,2022,Padrão
DCA-Anexo I-C,2022,DCA-Anexo I-C,RO1.1.1.4.51.1.0,4318002,Receitas Brutas Realizadas,1.1.1.4.51.1.0 - Imposto sobre Serviços de Qualquer Natureza - ISSQN,2022,Padrão
DCA-Anexo I-C,2022,DCA-Anexo I-C,RO1.1.1.4.51.1.0,4318002,Outras Deduções da Receita,1.1.1.4.51.1.0 - Imposto sobre Serviços de Qualquer Natureza - ISSQN,2022,Padrão
DCA-Anexo I-C,2022,DCA-Anexo I-C,RO1.1.2.0.00.0.0,4318002,Receitas Brutas Realizadas,1.1.2.0.00.0.0 - Taxas,2022,Padrão
DCA-Anexo I-C,2022,DCA-Anexo I-C,RO1.1.2.0.00.0.0,4318002,Outras Deduções da Receita,1.1.2.0.00.0.0 - Taxas,2022,Padrão
DCA-Anexo I-C,2022,DCA-Anexo I-C,RO1.1.2.1.00.0.0,4318002,Receitas Brutas Realizadas,1.1.2.1.00.0.0 - Taxas pelo Exercício do Poder de Polícia,2022,Padrão
DCA-Anexo I-C,2022,DCA-Anexo I-C,RO1.1.2.1.00.0.0,4318002,Outras Deduções da Receita,1.1.2.1.00.0.0 - Taxas pelo Exercício do Poder de Polícia,2022,Padrão
DCA-Anexo I-C,2022,DCA-Anexo I-C,RO1.1.2.1.01.0.0,4318002,Receitas Brutas Realizadas,"1.1.2.1.01.0.0 - Taxas de Inspeção, Controle e Fiscalização",2022,Padrão
DCA-Anexo I-C,2022,DCA-Anexo I-C,RO1.1.2.1.01.0.0,4318002,Outras Deduções da Receita,"1.1.2.1.01.0.0 - Taxas de Inspeção, Controle e Fiscalização",2022,Padrão
DCA-Anexo I-C,2022,DCA-Anexo I-C,RO1.1.2.1.50.0.0,4318002,Receitas Brutas Realizadas,1.1.2.1.50.0.0 - Taxa de Fiscalização de Vigilância Sanitária,2022,Padrão
DCA-Anexo I-C,2022,DCA-Anexo I-C,RO1.1.2.2.00.0.0,4318002,Receitas Brutas Realizadas,1.1.2.2.00.0.0 - Taxas pela Prestação de Serviços,2022,Padrão
DCA-Anexo I-C,2022,DCA-Anexo I-C,RO1.1.2.2.00.0.0,4318002,Outras Deduções da Receita,1.1.2.2.00.0.0 - Taxas pela Prestação de Serviços,2022,Padrão
DCA-Anexo I-C,2022,DCA-Anexo I-C,RO1.1.2.2.01.0.0,4318002,Receitas Brutas Realizadas,1.1.2.2.01.0.0 - Taxas pela Prestação de Serviços,2022,Padrão
DCA-Anexo I-C,2022,DCA-Anexo I-C,RO1.1.2.2.01.0.0,4318002,Outras Deduções da Receita,1.1.2.2.01.0.0 - Taxas pela Prestação de Serviços,2022,Padrão
DCA-Anexo I-C,2022,DCA-Anexo I-C,RO1.2.0.0.00.0.0,4318002,Receitas Brutas Realizadas,1.2.0.0.00.0.0 - Contribuições,2022,Padrão
DCA-Anexo I-C,2022,DCA-Anexo I-C,RO1.2.1.0.00.0.0,4318002,Receitas Brutas Realizadas,1.2.1.0.00.0.0 - Contribuições Sociais,2022,Padrão
DCA-Anexo I-C,2022,DCA-Anexo I-C,RO1.2.1.5.00.0.0,4318002,Receitas Brutas Realizadas,1.2.1.5.00.0.0 - Contribuições para Regimes Próprios de Previdência e Sistema de Proteção Social,2022,Padrão
DCA-Anexo I-C,2022,DCA-Anexo I-C,RO1.2.1.5.01.0.0,4318002,Receitas Brutas Realizadas,1.2.1.5.01.0.0 - Contribuição do Servidor Civil,2022,Padrão
DCA-Anexo I-C,2022,DCA-Anexo I-C,RO1.2.1.5.01.1.0,4318002,Receitas Brutas Realizadas,1.2.1.5.01.1.0 - Contribuição do Servidor Civil Ativo,2022,Padrão
DCA-Anexo I-C,2022,DCA-Anexo I-C,RO1.2.1.5.01.2.0,4318002,Receitas Brutas Realizadas,1.2.1.5.01.2.0 - Contribuição do Servidor Civil Inativo,2022,Padrão
DCA-Anexo I-C,2022,DCA-Anexo I-C,RO1.2.1.5.01.3.0,4318002,Receitas Brutas Realizadas,1.2.1.5.01.3.0 -Contribuição do Servidor Civil - Pensionistas,2022,Padrão
DCA-Anexo I-C,2022,DCA-Anexo I-C,RO1.2.1.5.03.0.0,4318002,Receitas Brutas Realizadas,1.2.1.5.03.0.0 - Contribuição do Servidor Civil - Parcelamentos,2022,Padrão
DCA-Anexo I-C,2022,DCA-Anexo I-C,RO1.2.4.0.00.0.0,4318002,Receitas Brutas Realizadas,1.2.4.0.00.0.0 - Contribuição para o Custeio do Serviço de Iluminação Pública,2022,Padrão
DCA-Anexo I-C,2022,DCA-Anexo I-C,RO1.3.0.0.00.0.0,4318002,Receitas Brutas Realizadas,1.3.0.0.00.0.0 - Receita Patrimonial,2022,Padrão
DCA-Anexo I-C,2022,DCA-Anexo I-C,RO1.3.0.0.00.0.0,4318002,Outras Deduções da Receita,1.3.0.0.00.0.0 - Receita Patrimonial,2022,Padrão
DCA-Anexo I-C,2022,DCA-Anexo I-C,RO1.3.1.0.00.0.0,4318002,Receitas Brutas Realizadas,1.3.1.0.00.0.0 - Exploração do Patrimônio Imobiliário do Estado,2022,Padrão
DCA-Anexo I-C,2022,DCA-Anexo I-C,RO1.3.1.0.00.0.0,4318002,Outras Deduções da Receita,1.3.1.0.00.0.0 - Exploração do Patrimônio Imobiliário do Estado,2022,Padrão
DCA-Anexo I-C,2022,DCA-Anexo I-C,RO1.3.1.1.00.0.0,4318002,Receitas Brutas Realizadas,1.3.1.1.00.0.0 - Exploração do Patrimônio Imobiliário do Estado,2022,Padrão
DCA-Anexo I-C,2022,DCA-Anexo I-C,RO1.3.1.1.00.0.0,4318002,Outras Deduções da Receita,1.3.1.1.00.0.0 - Exploração do Patrimônio Imobiliário do Estado,2022,Padrão
DCA-Anexo I-C,2022,DCA-Anexo I-C,RO1.3.1.1.01.0.0,4318002,Receitas Brutas Realizadas,"1.3.1.1.01.0.0 - Aluguéis, Arrendamentos, Foros, Laudêmios, Tarifas de Ocupação",2022,Padrão
DCA-Anexo I-C,2022,DCA-Anexo I-C,RO1.3.1.1.01.0.0,4318002,Outras Deduções da Receita,"1.3.1.1.01.0.0 - Aluguéis, Arrendamentos, Foros, Laudêmios, Tarifas de Ocupação",2022,Padrão
DCA-Anexo I-C,2022,DCA-Anexo I-C,RO1.3.1.1.01.1.0,4318002,Receitas Brutas Realizadas,1.3.1.1.01.1.0 - Aluguéis e Arrendamentos,2022,Padrão
DCA-Anexo I-C,2022,DCA-Anexo I-C,RO1.3.1.1.01.1.0,4318002,Outras Deduções da Receita,1.3.1.1.01.1.0 - Aluguéis e Arrendamentos,2022,Padrão
DCA-Anexo I-C,2022,DCA-Anexo I-C,RO1.3.1.1.01.2.0,4318002,Receitas Brutas Realizadas,"1.3.1.1.01.2.0 - Foros, Laudêmios e Tarifas de Ocupação",2022,Padrão
DCA-Anexo I-C,2022,DCA-Anexo I-C,RO1.3.1.1.01.2.0,4318002,Outras Deduções da Receita,"1.3.1.1.01.2.0 - Foros, Laudêmios e Tarifas de Ocupação",2022,Padrão
DCA-Anexo I-C,2022,DCA-Anexo I-C,RO1.3.2.0.00.0.0,4318002,Receitas Brutas Realizadas,1.3.2.0.00.0.0 - Valores Mobiliários,2022,Padrão
DCA-Anexo I-C,2022,DCA-Anexo I-C,RO1.3.2.1.00.0.0,4318002,Receitas Brutas Realizadas,1.3.2.1.00.0.0 - Juros e Correções Monetárias,2022,Padrão
DCA-Anexo I-C,2022,DCA-Anexo I-C,RO1.3.2.1.01.0.0,4318002,Receitas Brutas Realizadas,1.3.2.1.01.0.0 - Remuneração de Depósitos Bancários,2022,Padrão
DCA-Anexo I-C,2022,DCA-Anexo I-C,RO1.3.2.1.04.0.0,4318002,Receitas Brutas Realizadas,1.3.2.1.04.0.0 - Remuneração dos Recursos do Regime Próprio de Previdência Social - RPPS,2022,Padrão
DCA-Anexo I-C,2022,DCA-Anexo I-C,RO1.3.2.1.05.0.0,4318002,Receitas Brutas Realizadas,1.3.2.1.05.0.0 - Juros de Títulos de Renda,2022,Padrão
DCA-Anexo I-C,2022,DCA-Anexo I-C,RO1.3.6.0.00.0.0,4318002,Receitas Brutas Realizadas,1.3.6.0.00.0.0 - Cessão de Direitos,2022,Padrão
DCA-Anexo I-C,2022,DCA-Anexo I-C,RO1.3.6.1.00.0.0,4318002,Receitas Brutas Realizadas,1.3.6.1.00.0.0 - Cessão de Direitos,2022,Padrão
DCA-Anexo I-C,2022,DCA-Anexo I-C,RO1.3.6.1.01.0.0,4318002,Receitas Brutas Realizadas,1.3.6.1.01.0.0 - Cessão do Direito de Operacionalização de Pagamentos,2022,Padrão
DCA-Anexo I-C,2022,DCA-Anexo I-C,RO1.3.6.1.01.1.0,4318002,Receitas Brutas Realizadas,1.3.6.1.01.1.0 - Cessão do Direito de Operacionalização de Pagamentos - Poderes Executivo e Legislativo,2022,Padrão
DCA-Anexo I-C,2022,DCA-Anexo I-C,RO1.6.0.0.00.0.0,4318002,Receitas Brutas Realizadas,1.6.0.0.00.0.0 - Receita de Serviços,2022,Padrão
DCA-Anexo I-C,2022,DCA-Anexo I-C,RO1.6.1.0.00.0.0,4318002,Receitas Brutas Realizadas,1.6.1.0.00.0.0 - Serviços Administrativos e Comerciais Gerais,2022,Padrão
DCA-Anexo I-C,2022,DCA-Anexo I-C,RO1.6.1.1.00.0.0,4318002,Receitas Brutas Realizadas,1.6.1.1.00.0.0 - Serviços Administrativos e Comerciais Gerais,2022,Padrão
DCA-Anexo I-C,2022,DCA-Anexo I-C,RO1.6.1.1.01.0.0,4318002,Receitas Brutas Realizadas,1.6.1.1.01.0.0 - Serviços Administrativos e Comerciais Gerais,2022,Padrão
DCA-Anexo I-C,2022,DCA-Anexo I-C,RO1.6.9.0.00.0.0,4318002,Receitas Brutas Realizadas,1.6.9.0.00.0.0 - Outros Serviços,2022,Padrão
DCA-Anexo I-C,2022,DCA-Anexo I-C,RO1.7.0.0.00.0.0,4318002,Receitas Brutas Realizadas,1.7.0.0.00.0.0 - Transferências Correntes,2022,Padrão
DCA-Anexo I-C,2022,DCA-Anexo I-C,RO1.7.0.0.00.0.0,4318002,Deduções - FUNDEB,1.7.0.0.00.0.0 - Transferências Correntes,2022,Padrão
DCA-Anexo I-C,2022,DCA-Anexo I-C,RO1.7.0.0.00.0.0,4318002,Outras Deduções da Receita,1.7.0.0.00.0.0 - Transferências Correntes,2022,Padrão
DCA-Anexo I-C,2022,DCA-Anexo I-C,RO1.7.1.0.00.0.0,4318002,Receitas Brutas Realizadas,1.7.1.0.00.0.0 - Transferências da União e de suas Entidades,2022,Padrão
DCA-Anexo I-C,2022,DCA-Anexo I-C,RO1.7.1.0.00.0.0,4318002,Deduções - FUNDEB,1.7.1.0.00.0.0 - Transferências da União e de suas Entidades,2022,Padrão
DCA-Anexo I-C,2022,DCA-Anexo I-C,RO1.7.1.1.00.0.0,4318002,Receitas Brutas Realizadas,1.7.1.1.00.0.0 - Transferências Decorrentes de Participação na Receita da União,2022,Padrão
DCA-Anexo I-C,2022,DCA-Anexo I-C,RO1.7.1.1.00.0.0,4318002,Deduções - FUNDEB,1.7.1.1.00.0.0 - Transferências Decorrentes de Participação na Receita da União,2022,Padrão
DCA-Anexo I-C,2022,DCA-Anexo I-C,RO1.7.1.1.51.0.0,4318002,Receitas Brutas Realizadas,1.7.1.1.51.0.0 -Cota-Parte do Fundo de Participação dos Municípios - FPM,2022,Padrão
DCA-Anexo I-C,2022,DCA-Anexo I-C,RO1.7.1.1.51.0.0,4318002,Deduções - FUNDEB,1.7.1.1.51.0.0 -Cota-Parte do Fundo de Participação dos Municípios - FPM,2022,Padrão
DCA-Anexo I-C,2022,DCA-Anexo I-C,RO1.7.1.1.51.1.0,4318002,Receitas Brutas Realizadas,1.7.1.1.51.1.0 - Cota-Parte do Fundo de Participação dos Municípios - Cota Mensal,2022,Padrão
DCA-Anexo I-C,2022,DCA-Anexo I-C,RO1.7.1.1.51.1.0,4318002,Deduções - FUNDEB,1.7.1.1.51.1.0 - Cota-Parte do Fundo de Participação dos Municípios - Cota Mensal,2022,Padrão
DCA-Anexo I-C,2022,DCA-Anexo I-C,RO1.7.1.1.51.2.0,4318002,Receitas Brutas Realizadas,1.7.1.1.51.2.0 - Cota-Parte do Fundo de Participação do Municípios ¿ 1% Cota entregue no mês de dezembro,2022,Padrão
DCA-Anexo I-C,2022,DCA-Anexo I-C,RO1.7.1.1.51.3.0,4318002,Receitas Brutas Realizadas,1.7.1.1.51.3.0 - Cota-Parte do Fundo de Participação dos Municípios - 1% Cota entregue no mês de julho,2022,Padrão
DCA-Anexo I-C,2022,DCA-Anexo I-C,RO1.7.1.1.52.0.0,4318002,Receitas Brutas Realizadas,1.7.1.1.52.0.0 - Cota-Parte do Imposto Sobre a Propriedade Territorial Rural,2022,Padrão
DCA-Anexo I-C,2022,DCA-Anexo I-C,RO1.7.1.1.52.0.0,4318002,Deduções - FUNDEB,1.7.1.1.52.0.0 - Cota-Parte do Imposto Sobre a Propriedade Territorial Rural,2022,Padrão
DCA-Anexo I-C,2022,DCA-Anexo I-C,RO1.7.1.2.00.0.0,4318002,Receitas Brutas Realizadas,1.7.1.2.00.0.0 -Transferências das Compensações Financeiras pela Exploração de Recursos Naturais,2022,Padrão
DCA-Anexo I-C,2022,DCA-Anexo I-C,RO1.7.1.2.51.0.0,4318002,Receitas Brutas Realizadas,1.7.1.2.51.0.0 -Cota-parte da Compensação Financeira pela Exploração de Recursos Minerais - CFEM,2022,Padrão
DCA-Anexo I-C,2022,DCA-Anexo I-C,RO1.7.1.2.52.0.0,4318002,Receitas Brutas Realizadas,1.7.1.2.52.0.0 - Cota-parte da Compensação Financeira pela Produção de Petróleo,2022,Padrão
DCA-Anexo I-C,2022,DCA-Anexo I-C,RO1.7.1.2.52.4.0,4318002,Receitas Brutas Realizadas,1.7.1.2.52.4.0 - Cota-Parte do Fundo Especial do Petróleo ¿ FEP,2022,Padrão
DCA-Anexo I-C,2022,DCA-Anexo I-C,RO1.7.1.3.00.0.0,4318002,Receitas Brutas Realizadas,1.7.1.3.00.0.0 -Transferências de Recursos do Sistema Único de Saúde ¿ SUS ,2022,Padrão
DCA-Anexo I-C,2022,DCA-Anexo I-C,RO1.7.1.3.50.0.0,4318002,Receitas Brutas Realizadas,1.7.1.3.50.0.0 - Transferências de Recursos do Sistema Único de Saúde ¿ SUS ¿ Repasses Fundo a Fundo - Bloco de Manutenção das Ações e Serviços Públicos de Saúde,2022,Padrão
DCA-Anexo I-C,2022,DCA-Anexo I-C,RO1.7.1.3.50.1.0,4318002,Receitas Brutas Realizadas,1.7.1.3.50.1.0 - Transferências de Recursos do Bloco de Manutenção das Ações e Serviços Públicos de Saúde ¿ Atenção Primária,2022,Padrão
DCA-Anexo I-C,2022,DCA-Anexo I-C,RO1.7.1.3.50.2.0,4318002,Receitas Brutas Realizadas,1.7.1.3.50.2.0 - Transferências de Recursos do Bloco de Manutenção das Ações e Serviços Públicos de Saúde ¿ Atenção Especializada,2022,Padrão
DCA-Anexo I-C,2022,DCA-Anexo I-C,RO1.7.1.3.50.3.0,4318002,Receitas Brutas Realizadas,1.7.1.3.50.3.0 - Transferências de Recursos do Bloco de Manutenção das Ações e Serviços Públicos de Saúde ¿ Vigilância em Saúde,2022,Padrão
DCA-Anexo I-C,2022,DCA-Anexo I-C,RO1.7.1.3.50.4.0,4318002,Receitas Brutas Realizadas,1.7.1.3.50.4.0 -Transferências de Recursos do Bloco de Manutenção das Ações e Serviços Públicos de Saúde ¿ Assistência Farmacêutica,2022,Padrão
DCA-Anexo I-C,2022,DCA-Anexo I-C,RO1.7.1.3.50.5.0,4318002,Receitas Brutas Realizadas,1.7.1.3.50.5.0 - Transferências de Recursos do Bloco de Manutenção das Ações e Serviços Públicos de Saúde ¿ Gestão do SUS,2022,Padrão
DCA-Anexo I-C,2022,DCA-Anexo I-C,RO1.7.1.4.00.0.0,4318002,Receitas Brutas Realizadas,1.7.1.4.00.0.0 -Transferências de Recursos do Fundo Nacional do Desenvolvimento da Educação ¿ FNDE¿ ,2022,Padrão
DCA-Anexo I-C,2022,DCA-Anexo I-C,RO1.7.1.4.50.0.0,4318002,Receitas Brutas Realizadas,1.7.1.4.50.0.0 - Transferências do Salário-Educação,2022,Padrão
DCA-Anexo I-C,2022,DCA-Anexo I-C,RO1.7.1.4.51.0.0,4318002,Receitas Brutas Realizadas,1.7.1.4.51.0.0 - Transferências Diretas do FNDE referentes ao Programa Dinheiro Direto na Escola ¿ PDDE,2022,Padrão
DCA-Anexo I-C,2022,DCA-Anexo I-C,RO1.7.1.4.52.0.0,4318002,Receitas Brutas Realizadas,1.7.1.4.52.0.0 - Transferências referentes ao Programa Nacional de Alimentação Escolar ¿ PNAE,2022,Padrão
DCA-Anexo I-C,2022,DCA-Anexo I-C,RO1.7.1.4.53.0.0,4318002,Receitas Brutas Realizadas,1.7.1.4.53.0.0 - Transferências referentes ao Programa Nacional de Apoio ao Transporte do Escolar ¿ PNATE,2022,Padrão
DCA-Anexo I-C,2022,DCA-Anexo I-C,RO1.7.1.4.55.0.0,4318002,Receitas Brutas Realizadas,1.7.1.4.55.0.0 - Transferências referentes ao Programa Brasil Alfabetizado - PBA,2022,Padrão
DCA-Anexo I-C,2022,DCA-Anexo I-C,RO1.7.1.6.00.0.0,4318002,Receitas Brutas Realizadas,1.7.1.6.00.0.0 - Transferências de Recursos do Fundo Nacional de Assistência Social ¿ FNAS,2022,Padrão
DCA-Anexo I-C,2022,DCA-Anexo I-C,RO1.7.1.7.00.0.0,4318002,Receitas Brutas Realizadas,1.7.1.7.00.0.0 - Transferências de Convênios da União e de Suas Entidades,2022,Padrão
DCA-Anexo I-C,2022,DCA-Anexo I-C,RO1.7.1.7.99.0.0,4318002,Receitas Brutas Realizadas,1.7.1.7.99.0.0 - Outras Transferências de Convênios da União e de Suas Entidades,2022,Padrão
DCA-Anexo I-C,2022,DCA-Anexo I-C,RO1.7.2.0.00.0.0,4318002,Receitas Brutas Realizadas,1.7.2.0.00.0.0 - Transferências dos Estados e do Distrito Federal e de suas Entidades,2022,Padrão
DCA-Anexo I-C,2022,DCA-Anexo I-C,RO1.7.2.0.00.0.0,4318002,Deduções - FUNDEB,1.7.2.0.00.0.0 - Transferências dos Estados e do Distrito Federal e de suas Entidades,2022,Padrão
DCA-Anexo I-C,2022,DCA-Anexo I-C,RO1.7.2.0.00.0.0,4318002,Outras Deduções da Receita,1.7.2.0.00.0.0 - Transferências dos Estados e do Distrito Federal e de suas Entidades,2022,Padrão
DCA-Anexo I-C,2022,DCA-Anexo I-C,RO1.7.2.1.00.0.0,4318002,Receitas Brutas Realizadas,1.7.2.1.00.0.0 - Participação na Receita dos Estados e Distrito Federal,2022,Padrão
DCA-Anexo I-C,2022,DCA-Anexo I-C,RO1.7.2.1.00.0.0,4318002,Deduções - FUNDEB,1.7.2.1.00.0.0 - Participação na Receita dos Estados e Distrito Federal,2022,Padrão
DCA-Anexo I-C,2022,DCA-Anexo I-C,RO1.7.2.1.50.0.0,4318002,Receitas Brutas Realizadas,1.7.2.1.50.0.0 - Cota-Parte do ICMS,2022,Padrão
DCA-Anexo I-C,2022,DCA-Anexo I-C,RO1.7.2.1.50.0.0,4318002,Deduções - FUNDEB,1.7.2.1.50.0.0 - Cota-Parte do ICMS,2022,Padrão
DCA-Anexo I-C,2022,DCA-Anexo I-C,RO1.7.2.1.51.0.0,4318002,Receitas Brutas Realizadas,1.7.2.1.51.0.0 - Cota-Parte do IPVA,2022,Padrão
DCA-Anexo I-C,2022,DCA-Anexo I-C,RO1.7.2.1.51.0.0,4318002,Deduções - FUNDEB,1.7.2.1.51.0.0 - Cota-Parte do IPVA,2022,Padrão
DCA-Anexo I-C,2022,DCA-Anexo I-C,RO1.7.2.1.52.0.0,4318002,Receitas Brutas Realizadas,1.7.2.1.52.0.0 - Cota-Parte do IPI - Municípios,2022,Padrão
DCA-Anexo I-C,2022,DCA-Anexo I-C,RO1.7.2.1.52.0.0,4318002,Deduções - FUNDEB,1.7.2.1.52.0.0 - Cota-Parte do IPI - Municípios,2022,Padrão
DCA-Anexo I-C,2022,DCA-Anexo I-C,RO1.7.2.1.53.0.0,4318002,Receitas Brutas Realizadas,1.7.2.1.53.0.0 - Cota-Parte da Contribuição de Intervenção no Domínio Econômico,2022,Padrão
DCA-Anexo I-C,2022,DCA-Anexo I-C,RO1.7.2.3.00.0.0,4318002,Receitas Brutas Realizadas,1.7.2.3.00.0.0 - Transferências de Recursos do Sistema Único de Saúde ¿ SUS,2022,Padrão
DCA-Anexo I-C,2022,DCA-Anexo I-C,RO1.7.2.4.00.0.0,4318002,Receitas Brutas Realizadas,1.7.2.4.00.0.0 - Transferências de Convênios dos Estados e DF e de Suas Entidades,2022,Padrão
DCA-Anexo I-C,2022,DCA-Anexo I-C,RO1.7.2.4.00.0.0,4318002,Outras Deduções da Receita,1.7.2.4.00.0.0 - Transferências de Convênios dos Estados e DF e de Suas Entidades,2022,Padrão
DCA-Anexo I-C,2022,DCA-Anexo I-C,RO1.7.2.4.51.0.0,4318002,Receitas Brutas Realizadas,1.7.2.4.51.0.0 -Transferências de Convênios dos Estados Destinadas a Programas de Educação,2022,Padrão
DCA-Anexo I-C,2022,DCA-Anexo I-C,RO1.7.2.4.99.0.0,4318002,Receitas Brutas Realizadas,1.7.2.4.99.0.0 - Outras Transferências de Convênios dos Estados e DF e de Suas Entidades,2022,Padrão
DCA-Anexo I-C,2022,DCA-Anexo I-C,RO1.7.2.4.99.0.0,4318002,Outras Deduções da Receita,1.7.2.4.99.0.0 - Outras Transferências de Convênios dos Estados e DF e de Suas Entidades,2022,Padrão
DCA-Anexo I-C,2022,DCA-Anexo I-C,RO1.7.4.0.00.0.0,4318002,Receitas Brutas Realizadas,1.7.4.0.00.0.0 - Transferências de Instituições Privadas,2022,Padrão
DCA-Anexo I-C,2022,DCA-Anexo I-C,RO1.7.4.1.00.0.0,4318002,Receitas Brutas Realizadas,1.7.4.1.00.0.0 - Transferências de Instituições Privadas,2022,Padrão
DCA-Anexo I-C,2022,DCA-Anexo I-C,RO1.7.4.1.99.0.0,4318002,Receitas Brutas Realizadas,1.7.4.1.99.0.0 - Outras Transferências de Instituições Privadas,2022,Padrão
DCA-Anexo I-C,2022,DCA-Anexo I-C,RO1.7.5.0.00.0.0,4318002,Receitas Brutas Realizadas,1.7.5.0.00.0.0 - Transferências de Outras Instituições Públicas,2022,Padrão
DCA-Anexo I-C,2022,DCA-Anexo I-C,RO1.7.5.1.00.0.0,4318002,Receitas Brutas Realizadas,1.7.5.1.00.0.0 - Transferências de Recursos do Fundo de Manutenção e Desenvolvimento da Educação Básica e de Valorização dos Profissionais da Educação - FUNDEB,2022,Padrão
DCA-Anexo I-C,2022,DCA-Anexo I-C,RO1.9.0.0.00.0.0,4318002,Receitas Brutas Realizadas,1.9.0.0.00.0.0 - Outras Receitas Correntes,2022,Padrão
DCA-Anexo I-C,2022,DCA-Anexo I-C,RO1.9.0.0.00.0.0,4318002,Deduções - FUNDEB,1.9.0.0.00.0.0 - Outras Receitas Correntes,2022,Padrão
DCA-Anexo I-C,2022,DCA-Anexo I-C,RO1.9.0.0.00.0.0,4318002,Outras Deduções da Receita,1.9.0.0.00.0.0 - Outras Receitas Correntes,2022,Padrão
DCA-Anexo I-C,2022,DCA-Anexo I-C,RO1.9.1.0.00.0.0,4318002,Receitas Brutas Realizadas,"1.9.1.0.00.0.0 - Multas Administrativas, Contratuais e Judiciais",2022,Padrão
DCA-Anexo I-C,2022,DCA-Anexo I-C,RO1.9.1.0.00.0.0,4318002,Outras Deduções da Receita,"1.9.1.0.00.0.0 - Multas Administrativas, Contratuais e Judiciais",2022,Padrão
DCA-Anexo I-C,2022,DCA-Anexo I-C,RO1.9.1.1.00.0.0,4318002,Receitas Brutas Realizadas,"1.9.1.1.00.0.0 - Multas Administrativas, Contratuais e Judiciais",2022,Padrão
DCA-Anexo I-C,2022,DCA-Anexo I-C,RO1.9.1.1.00.0.0,4318002,Outras Deduções da Receita,"1.9.1.1.00.0.0 - Multas Administrativas, Contratuais e Judiciais",2022,Padrão
DCA-Anexo I-C,2022,DCA-Anexo I-C,RO1.9.1.1.01.0.0,4318002,Receitas Brutas Realizadas,1.9.1.1.01.0.0 - Multas Previstas em Legislação Específica,2022,Padrão
DCA-Anexo I-C,2022,DCA-Anexo I-C,RO1.9.1.1.01.0.0,4318002,Outras Deduções da Receita,1.9.1.1.01.0.0 - Multas Previstas em Legislação Específica,2022,Padrão
DCA-Anexo I-C,2022,DCA-Anexo I-C,RO1.9.1.1.06.0.0,4318002,Receitas Brutas Realizadas,1.9.1.1.06.0.0 - Multas por Danos Ambientais,2022,Padrão
DCA-Anexo I-C,2022,DCA-Anexo I-C,RO1.9.1.1.06.2.0,4318002,Receitas Brutas Realizadas,1.9.1.1.06.2.0 - Multas Judiciais por Danos Ambientais,2022,Padrão
DCA-Anexo I-C,2022,DCA-Anexo I-C,RO1.9.2.0.00.0.0,4318002,Receitas Brutas Realizadas,"1.9.2.0.00.0.0 - Indenizações, Restituições e Ressarcimentos",2022,Padrão
DCA-Anexo I-C,2022,DCA-Anexo I-C,RO1.9.2.2.00.0.0,4318002,Receitas Brutas Realizadas,1.9.2.2.00.0.0 - Restituições,2022,Padrão
DCA-Anexo I-C,2022,DCA-Anexo I-C,RO1.9.2.2.50.0.0,4318002,Receitas Brutas Realizadas,1.9.2.2.50.0.0 - Restituição de Recursos Recebidos do SUS,2022,Padrão
DCA-Anexo I-C,2022,DCA-Anexo I-C,RO1.9.2.2.99.0.0,4318002,Receitas Brutas Realizadas,1.9.2.2.99.0.0 - Outras Restituições,2022,Padrão
DCA-Anexo I-C,2022,DCA-Anexo I-C,RO1.9.2.3.00.0.0,4318002,Receitas Brutas Realizadas,1.9.2.3.00.0.0 - Ressarcimentos,2022,Padrão
DCA-Anexo I-C,2022,DCA-Anexo I-C,RO1.9.2.3.99.0.0,4318002,Receitas Brutas Realizadas,1.9.2.3.99.0.0 - Outros Ressarcimentos,2022,Padrão
DCA-Anexo I-C,2022,DCA-Anexo I-C,RO1.9.9.0.00.0.0,4318002,Receitas Brutas Realizadas,1.9.9.0.00.0.0 - Demais Receitas Correntes,2022,Padrão
DCA-Anexo I-C,2022,DCA-Anexo I-C,RO1.9.9.0.00.0.0,4318002,Deduções - FUNDEB,1.9.9.0.00.0.0 - Demais Receitas Correntes,2022,Padrão
DCA-Anexo I-C,2022,DCA-Anexo I-C,RO1.9.9.0.00.0.0,4318002,Outras Deduções da Receita,1.9.9.0.00.0.0 - Demais Receitas Correntes,2022,Padrão
DCA-Anexo I-C,2022,DCA-Anexo I-C,RO1.9.9.9.00.0.0,4318002,Receitas Brutas Realizadas,1.9.9.9.00.0.0 - Outras Receitas Correntes,2022,Padrão
DCA-Anexo I-C,2022,DCA-Anexo I-C,RO1.9.9.9.00.0.0,4318002,Deduções - FUNDEB,1.9.9.9.00.0.0 - Outras Receitas Correntes,2022,Padrão
DCA-Anexo I-C,2022,DCA-Anexo I-C,RO1.9.9.9.00.0.0,4318002,Outras Deduções da Receita,1.9.9.9.00.0.0 - Outras Receitas Correntes,2022,Padrão
DCA-Anexo I-C,2022,DCA-Anexo I-C,RO1.9.9.9.03.0.0,4318002,Receitas Brutas Realizadas,1.9.9.9.03.0.0 - Compensações Financeiras entre o Regime Geral e os Regimes Próprios de Previdência e Sistema de Proteção Social,2022,Padrão
DCA-Anexo I-C,2022,DCA-Anexo I-C,RO1.9.9.9.12.0.0,4318002,Receitas Brutas Realizadas,1.9.9.9.12.0.0 - Encargos Legais pela Inscrição em Dívida Ativa e Receitas de Ônus de Sucumbência,2022,Padrão
DCA-Anexo I-C,2022,DCA-Anexo I-C,RO1.9.9.9.12.2.0,4318002,Receitas Brutas Realizadas,1.9.9.9.12.2.0 - Ônus de Sucumbência,2022,Padrão
DCA-Anexo I-C,2022,DCA-Anexo I-C,RO1.9.9.9.99.0.0,4318002,Receitas Brutas Realizadas,1.9.9.9.99.0.0 - Outras Receitas,2022,Padrão
DCA-Anexo I-C,2022,DCA-Anexo I-C,RO1.9.9.9.99.0.0,4318002,Deduções - FUNDEB,1.9.9.9.99.0.0 - Outras Receitas,2022,Padrão
DCA-Anexo I-C,2022,DCA-Anexo I-C,RO1.9.9.9.99.0.0,4318002,Outras Deduções da Receita,1.9.9.9.99.0.0 - Outras Receitas,2022,Padrão
DCA-Anexo I-C,2022,DCA-Anexo I-C,RO1.9.9.9.99.2.0,4318002,Receitas Brutas Realizadas,1.9.9.9.99.2.0 - Outras Receitas Não Arrecadadas e Não Projetadas pela RFB - Primárias,2022,Padrão
DCA-Anexo I-C,2022,DCA-Anexo I-C,RO1.9.9.9.99.2.0,4318002,Deduções - FUNDEB,1.9.9.9.99.2.0 - Outras Receitas Não Arrecadadas e Não Projetadas pela RFB - Primárias,2022,Padrão
DCA-Anexo I-C,2022,DCA-Anexo I-C,RO1.9.9.9.99.2.0,4318002,Outras Deduções da Receita,1.9.9.9.99.2.0 - Outras Receitas Não Arrecadadas e Não Projetadas pela RFB - Primárias,2022,Padrão
DCA-Anexo I-C,2022,DCA-Anexo I-C,RO2.0.0.0.00.0.0,4318002,Receitas Brutas Realizadas,2.0.0.0.00.0.0 - Receitas de Capital,2022,Padrão
DCA-Anexo I-C,2022,DCA-Anexo I-C,RO2.1.0.0.00.0.0,4318002,Receitas Brutas Realizadas,2.1.0.0.00.0.0 - Operações de Crédito,2022,Padrão
DCA-Anexo I-C,2022,DCA-Anexo I-C,RO2.1.1.0.00.0.0,4318002,Receitas Brutas Realizadas,2.1.1.0.00.0.0 - Operações de Crédito - Mercado Interno,2022,Padrão
DCA-Anexo I-C,2022,DCA-Anexo I-C,RO2.1.1.2.00.0.0,4318002,Receitas Brutas Realizadas,2.1.1.2.00.0.0 - Operações de Crédito Contratuais - Mercado Interno,2022,Padrão
DCA-Anexo I-C,2022,DCA-Anexo I-C,RO2.1.1.2.52.0.0,4318002,Receitas Brutas Realizadas,2.1.1.2.52.0.0 - Operações de Crédito Internas para Programas de Saneamento,2022,Padrão
DCA-Anexo I-C,2022,DCA-Anexo I-C,RO2.2.0.0.00.0.0,4318002,Receitas Brutas Realizadas,2.2.0.0.00.0.0 - Alienação de Bens,2022,Padrão
DCA-Anexo I-C,2022,DCA-Anexo I-C,RO2.2.1.0.00.0.0,4318002,Receitas Brutas Realizadas,2.2.1.0.00.0.0 - Alienação de Bens Móveis,2022,Padrão
DCA-Anexo I-C,2022,DCA-Anexo I-C,RO2.2.1.3.00.0.0,4318002,Receitas Brutas Realizadas,2.2.1.3.00.0.0 - Alienação de Bens Móveis e Semoventes,2022,Padrão
DCA-Anexo I-C,2022,DCA-Anexo I-C,RO2.2.2.0.00.0.0,4318002,Receitas Brutas Realizadas,2.2.2.0.00.0.0 - Alienação de Bens Imóveis,2022,Padrão
DCA-Anexo I-C,2022,DCA-Anexo I-C,RO2.4.0.0.00.0.0,4318002,Receitas Brutas Realizadas,2.4.0.0.00.0.0 - Transferências de Capital,2022,Padrão
DCA-Anexo I-C,2022,DCA-Anexo I-C,RO2.4.1.0.00.0.0,4318002,Receitas Brutas Realizadas,2.4.1.0.00.0.0 - Transferências da União e de suas Entidades,2022,Padrão
DCA-Anexo I-C,2022,DCA-Anexo I-C,RO2.4.1.3.00.0.0,4318002,Receitas Brutas Realizadas,2.4.1.3.00.0.0 - Transferências de Recursos do Fundo Nacional de Assistência Social ¿ FNAS ,2022,Padrão
DCA-Anexo I-C,2022,DCA-Anexo I-C,RO2.4.1.3.50.0.0,4318002,Receitas Brutas Realizadas,2.4.1.3.50.0.0 - Transferências de Recursos do Fundo Nacional de Assistência Social ¿ FNAS,2022,Padrão
DCA-Anexo I-C,2022,DCA-Anexo I-C,RO2.4.1.4.00.0.0,4318002,Receitas Brutas Realizadas,2.4.1.4.00.0.0 - Transferências de Convênios da União e de suas Entidades ,2022,Padrão
DCA-Anexo I-C,2022,DCA-Anexo I-C,RO2.4.1.4.51.0.0,4318002,Receitas Brutas Realizadas,2.4.1.4.51.0.0 - Transferências de Convênios da União destinadas a Programas de Educação,2022,Padrão
DCA-Anexo I-C,2022,DCA-Anexo I-C,RO2.4.1.4.54.0.0,4318002,Receitas Brutas Realizadas,2.4.1.4.54.0.0 - Transferências de Convênios da União destinadas a Programas de Infraestrutura em Transporte,2022,Padrão
DCA-Anexo I-C,2022,DCA-Anexo I-C,RO2.4.1.4.99.0.0,4318002,Receitas Brutas Realizadas,2.4.1.4.99.0.0 - Outras Transferências de Convênios da União e de Suas Entidades,2022,Padrão
DCA-Anexo I-C,2022,DCA-Anexo I-C,RO2.4.2.0.00.0.0,4318002,Receitas Brutas Realizadas,2.4.2.0.00.0.0 - Transferências dos Estados e do Distrito Federal e de suas Entidades,2022,Padrão
DCA-Anexo I-C,2022,DCA-Anexo I-C,RO2.4.2.1.00.0.0,4318002,Receitas Brutas Realizadas,2.4.2.1.00.0.0 - Transferências de Recursos do Sistema Único de Saúde ¿ SUS dos Estados e DF,2022,Padrão
DCA-Anexo I-C,2022,DCA-Anexo I-C,RO2.4.2.1.50.0.0,4318002,Receitas Brutas Realizadas,2.4.2.1.50.0.0 - Transferências de Recursos do Sistema Único de Saúde ¿ SUS,2022,Padrão
DCA-Anexo I-C,2022,DCA-Anexo I-C,RO2.4.2.2.00.0.0,4318002,Receitas Brutas Realizadas,2.4.2.2.00.0.0 - Transferências de Convênios dos Estados e DF e de Suas Entidades ,2022,Padrão
DCA-Anexo I-C,2022,DCA-Anexo I-C,RO2.4.2.2.54.0.0,4318002,Receitas Brutas Realizadas,2.4.2.2.54.0.0 - Transferências de Convênios dos Estados destinadas a Programas de Infraestrutura em Transporte,2022,Padrão
DCA-Anexo I-C,2022,DCA-Anexo I-C,RO2.4.2.2.99.0.0,4318002,Receitas Brutas Realizadas,2.4.2.2.99.0.0 - Outras Transferências de Convênio dos Estados e DF e de Suas Entidades,2022,Padrão
DCA-Anexo I-C,2022,DCA-Anexo I-C,RO2.9.0.0.00.0.0,4318002,Receitas Brutas Realizadas,2.9.0.0.00.0.0 - Outras Receitas de Capital,2022,Padrão
DCA-Anexo I-C,2022,DCA-Anexo I-C,RO2.9.9.0.00.0.0,4318002,Receitas Brutas Realizadas,2.9.9.0.00.0.0 - Demais Receitas de Capital,2022,Padrão
DCA-Anexo I-C,2022,DCA-Anexo I-C,RO2.9.9.9.00.0.0,4318002,Receitas Brutas Realizadas,2.9.9.9.00.0.0 - Outras Receitas de Capital,2022,Padrão
DCA-Anexo I-C,2022,DCA-Anexo I-C,RO2.9.9.9.99.0.0,4318002,Receitas Brutas Realizadas,2.9.9.9.99.0.0 - Outras Receitas de Capital,2022,Padrão
DCA-Anexo I-C,2022,DCA-Anexo I-C,ReceitasIntraOrcamentarias,4318002,Receitas Brutas Realizadas,RECEITAS (INTRA-ORÇAMENTÁRIAS) (II),2022,Padrão
DCA-Anexo I-C,2022,DCA-Anexo I-C,RI7.0.0.0.00.0.0,4318002,Receitas Brutas Realizadas,7.0.0.0.00.0.0 - Receitas Correntes,2022,Padrão
DCA-Anexo I-C,2022,DCA-Anexo I-C,RI7.2.0.0.00.0.0,4318002,Receitas Brutas Realizadas,7.2.0.0.00.0.0 - Contribuições,2022,Padrão
DCA-Anexo I-C,2022,DCA-Anexo I-C,RI7.2.1.0.00.0.0,4318002,Receitas Brutas Realizadas,7.2.1.0.00.0.0 - Contribuições Sociais,2022,Padrão
DCA-Anexo I-C,2022,DCA-Anexo I-C,RI7.2.1.5.00.0.0,4318002,Receitas Brutas Realizadas,7.2.1.5.00.0.0 - Contribuições para Regimes Próprios de Previdência e Sistema de Proteção Social,2022,Padrão
DCA-Anexo I-C,2022,DCA-Anexo I-C,RI7.2.1.5.01.0.0,4318002,Receitas Brutas Realizadas,7.2.1.5.01.0.0 - Contribuição do Servidor Civil,2022,Padrão
DCA-Anexo I-C,2022,DCA-Anexo I-C,RI7.2.1.5.02.0.0,4318002,Receitas Brutas Realizadas,7.2.1.5.02.0.0 - Contribuição Patronal - Servidor Civil,2022,Padrão
DCA-Anexo I-C,2022,DCA-Anexo I-C,RI7.2.1.5.02.1.0,4318002,Receitas Brutas Realizadas,7.2.1.5.02.1.0 - Contribuição Patronal - Servidor Civil Ativo,2022,Padrão
DCA-Anexo I-C,2022,DCA-Anexo I-C,TotalReceitas,4318002,Receitas Brutas Realizadas,TOTAL DAS RECEITAS (III) = (I + II),2022,Padrão
DCA-Anexo I-C,2022,DCA-Anexo I-C,TotalReceitas,4318002,Deduções - FUNDEB,TOTAL DAS RECEITAS (III) = (I + II),2022,Padrão
DCA-Anexo I-C,2022,DCA-Anexo I-C,TotalReceitas,4318002,Outras Deduções da Receita,TOTAL DAS RECEITAS (III) = (I + II),2022,Padrão
DCA-Anexo I-D,2022,DCA-Anexo I-D,TotalDespesas,4318002,Despesas Empenhadas,Total Geral da Despesa,2022,Padrão
DCA-Anexo I-D,2022,DCA-Anexo I-D,TotalDespesas,4318002,Despesas Liquidadas,Total Geral da Despesa,2022,Padrão
DCA-Anexo I-D,2022,DCA-Anexo I-D,TotalDespesas,4318002,Despesas Pagas,Total Geral da Despesa,2022,Padrão
DCA-Anexo I-D,2022,DCA-Anexo I-D,TotalDespesas,4318002,Inscrição de Restos a Pagar Não Processados,Total Geral da Despesa,2022,Padrão
DCA-Anexo I-D,2022,DCA-Anexo I-D,TotalDespesas,4318002,Inscrição de Restos a Pagar Processados,Total Geral da Despesa,2022,Padrão
DCA-Anexo I-D,2022,DCA-Anexo I-D,DO3.0.00.00.00.00,4318002,Despesas Empenhadas,3.0.00.00.00 - Despesas Correntes,2022,Padrão
DCA-Anexo I-D,2022,DCA-Anexo I-D,DO3.0.00.00.00.00,4318002,Despesas Liquidadas,3.0.00.00.00 - Despesas Correntes,2022,Padrão
DCA-Anexo I-D,2022,DCA-Anexo I-D,DO3.0.00.00.00.00,4318002,Despesas Pagas,3.0.00.00.00 - Despesas Correntes,2022,Padrão
DCA-Anexo I-D,2022,DCA-Anexo I-D,DO3.0.00.00.00.00,4318002,Inscrição de Restos a Pagar Não Processados,3.0.00.00.00 - Despesas Correntes,2022,Padrão
DCA-Anexo I-D,2022,DCA-Anexo I-D,DO3.0.00.00.00.00,4318002,Inscrição de Restos a Pagar Processados,3.0.00.00.00 - Despesas Correntes,2022,Padrão
DCA-Anexo I-D,2022,DCA-Anexo I-D,DO3.1.00.00.00.00,4318002,Despesas Empenhadas,3.1.00.00.00 - Pessoal e Encargos Sociais,2022,Padrão
DCA-Anexo I-D,2022,DCA-Anexo I-D,DO3.1.00.00.00.00,4318002,Despesas Liquidadas,3.1.00.00.00 - Pessoal e Encargos Sociais,2022,Padrão
DCA-Anexo I-D,2022,DCA-Anexo I-D,DO3.1.00.00.00.00,4318002,Despesas Pagas,3.1.00.00.00 - Pessoal e Encargos Sociais,2022,Padrão
DCA-Anexo I-D,2022,DCA-Anexo I-D,DO3.1.00.00.00.00,4318002,Inscrição de Restos a Pagar Não Processados,3.1.00.00.00 - Pessoal e Encargos Sociais,2022,Padrão
DCA-Anexo I-D,2022,DCA-Anexo I-D,DO3.1.00.00.00.00,4318002,Inscrição de Restos a Pagar Processados,3.1.00.00.00 - Pessoal e Encargos Sociais,2022,Padrão
DCA-Anexo I-D,2022,DCA-Anexo I-D,DO3.1.90.00.00.00,4318002,Despesas Empenhadas,3.1.90.00.00 - Aplicações Diretas,2022,Padrão
DCA-Anexo I-D,2022,DCA-Anexo I-D,DO3.1.90.00.00.00,4318002,Despesas Liquidadas,3.1.90.00.00 - Aplicações Diretas,2022,Padrão
DCA-Anexo I-D,2022,DCA-Anexo I-D,DO3.1.90.00.00.00,4318002,Despesas Pagas,3.1.90.00.00 - Aplicações Diretas,2022,Padrão
DCA-Anexo I-D,2022,DCA-Anexo I-D,DO3.1.90.00.00.00,4318002,Inscrição de Restos a Pagar Não Processados,3.1.90.00.00 - Aplicações Diretas,2022,Padrão
DCA-Anexo I-D,2022,DCA-Anexo I-D,DO3.1.90.00.00.00,4318002,Inscrição de Restos a Pagar Processados,3.1.90.00.00 - Aplicações Diretas,2022,Padrão
DCA-Anexo I-D,2022,DCA-Anexo I-D,DO3.1.90.01.00.00,4318002,Despesas Empenhadas,"3.1.90.01.00 - Aposentadorias, Reserva Remunerada e Reformas",2022,Padrão
DCA-Anexo I-D,2022,DCA-Anexo I-D,DO3.1.90.01.00.00,4318002,Despesas Liquidadas,"3.1.90.01.00 - Aposentadorias, Reserva Remunerada e Reformas",2022,Padrão
DCA-Anexo I-D,2022,DCA-Anexo I-D,DO3.1.90.01.00.00,4318002,Despesas Pagas,"3.1.90.01.00 - Aposentadorias, Reserva Remunerada e Reformas",2022,Padrão
DCA-Anexo I-D,2022,DCA-Anexo I-D,DO3.1.90.03.00.00,4318002,Despesas Empenhadas,3.1.90.03.00 - Pensões,2022,Padrão
DCA-Anexo I-D,2022,DCA-Anexo I-D,DO3.1.90.03.00.00,4318002,Despesas Liquidadas,3.1.90.03.00 - Pensões,2022,Padrão
DCA-Anexo I-D,2022,DCA-Anexo I-D,DO3.1.90.03.00.00,4318002,Despesas Pagas,3.1.90.03.00 - Pensões,2022,Padrão
DCA-Anexo I-D,2022,DCA-Anexo I-D,DO3.1.90.04.00.00,4318002,Despesas Empenhadas,3.1.90.04.00 - Contratação por Tempo Determinado,2022,Padrão
DCA-Anexo I-D,2022,DCA-Anexo I-D,DO3.1.90.04.00.00,4318002,Despesas Liquidadas,3.1.90.04.00 - Contratação por Tempo Determinado,2022,Padrão
DCA-Anexo I-D,2022,DCA-Anexo I-D,DO3.1.90.04.00.00,4318002,Despesas Pagas,3.1.90.04.00 - Contratação por Tempo Determinado,2022,Padrão
DCA-Anexo I-D,2022,DCA-Anexo I-D,DO3.1.90.04.00.00,4318002,Inscrição de Restos a Pagar Processados,3.1.90.04.00 - Contratação por Tempo Determinado,2022,Padrão
DCA-Anexo I-D,2022,DCA-Anexo I-D,DO3.1.90.11.00.00,4318002,Despesas Empenhadas,3.1.90.11.00 - Vencimentos e Vantagens Fixas - Pessoal Civil,2022,Padrão
DCA-Anexo I-D,2022,DCA-Anexo I-D,DO3.1.90.11.00.00,4318002,Despesas Liquidadas,3.1.90.11.00 - Vencimentos e Vantagens Fixas - Pessoal Civil,2022,Padrão
DCA-Anexo I-D,2022,DCA-Anexo I-D,DO3.1.90.11.00.00,4318002,Despesas Pagas,3.1.90.11.00 - Vencimentos e Vantagens Fixas - Pessoal Civil,2022,Padrão
DCA-Anexo I-D,2022,DCA-Anexo I-D,DO3.1.90.11.00.00,4318002,Inscrição de Restos a Pagar Não Processados,3.1.90.11.00 - Vencimentos e Vantagens Fixas - Pessoal Civil,2022,Padrão
DCA-Anexo I-D,2022,DCA-Anexo I-D,DO3.1.90.11.00.00,4318002,Inscrição de Restos a Pagar Processados,3.1.90.11.00 - Vencimentos e Vantagens Fixas - Pessoal Civil,2022,Padrão
DCA-Anexo I-D,2022,DCA-Anexo I-D,DO3.1.90.13.00.00,4318002,Despesas Empenhadas,3.1.90.13.00 - Obrigações Patronais,2022,Padrão
DCA-Anexo I-D,2022,DCA-Anexo I-D,DO3.1.90.13.00.00,4318002,Despesas Liquidadas,3.1.90.13.00 - Obrigações Patronais,2022,Padrão
DCA-Anexo I-D,2022,DCA-Anexo I-D,DO3.1.90.13.00.00,4318002,Despesas Pagas,3.1.90.13.00 - Obrigações Patronais,2022,Padrão
DCA-Anexo I-D,2022,DCA-Anexo I-D,DO3.1.90.13.00.00,4318002,Inscrição de Restos a Pagar Não Processados,3.1.90.13.00 - Obrigações Patronais,2022,Padrão
DCA-Anexo I-D,2022,DCA-Anexo I-D,DO3.1.90.13.00.00,4318002,Inscrição de Restos a Pagar Processados,3.1.90.13.00 - Obrigações Patronais,2022,Padrão
DCA-Anexo I-D,2022,DCA-Anexo I-D,DO3.1.90.13.01.00,4318002,Despesas Empenhadas,3.1.90.13.01 - FGTS,2022,Padrão
DCA-Anexo I-D,2022,DCA-Anexo I-D,DO3.1.90.13.01.00,4318002,Despesas Liquidadas,3.1.90.13.01 - FGTS,2022,Padrão
DCA-Anexo I-D,2022,DCA-Anexo I-D,DO3.1.90.13.01.00,4318002,Despesas Pagas,3.1.90.13.01 - FGTS,2022,Padrão
DCA-Anexo I-D,2022,DCA-Anexo I-D,DO3.1.90.13.01.00,4318002,Inscrição de Restos a Pagar Processados,3.1.90.13.01 - FGTS,2022,Padrão
DCA-Anexo I-D,2022,DCA-Anexo I-D,DO3.1.90.13.02.00,4318002,Despesas Empenhadas,3.1.90.13.02 - Contribuições Previdenciárias - INSS,2022,Padrão
DCA-Anexo I-D,2022,DCA-Anexo I-D,DO3.1.90.13.02.00,4318002,Despesas Liquidadas,3.1.90.13.02 - Contribuições Previdenciárias - INSS,2022,Padrão
DCA-Anexo I-D,2022,DCA-Anexo I-D,DO3.1.90.13.02.00,4318002,Despesas Pagas,3.1.90.13.02 - Contribuições Previdenciárias - INSS,2022,Padrão
DCA-Anexo I-D,2022,DCA-Anexo I-D,DO3.1.90.13.02.00,4318002,Inscrição de Restos a Pagar Não Processados,3.1.90.13.02 - Contribuições Previdenciárias - INSS,2022,Padrão
DCA-Anexo I-D,2022,DCA-Anexo I-D,DO3.1.90.13.02.00,4318002,Inscrição de Restos a Pagar Processados,3.1.90.13.02 - Contribuições Previdenciárias - INSS,2022,Padrão
DCA-Anexo I-D,2022,DCA-Anexo I-D,DO3.1.90.13.99.00,4318002,Despesas Empenhadas,3.1.90.13.99 - Outras Obrigações Patronais,2022,Padrão
DCA-Anexo I-D,2022,DCA-Anexo I-D,DO3.1.90.13.99.00,4318002,Despesas Liquidadas,3.1.90.13.99 - Outras Obrigações Patronais,2022,Padrão
DCA-Anexo I-D,2022,DCA-Anexo I-D,DO3.1.90.13.99.00,4318002,Despesas Pagas,3.1.90.13.99 - Outras Obrigações Patronais,2022,Padrão
DCA-Anexo I-D,2022,DCA-Anexo I-D,DO3.1.90.16.00.00,4318002,Despesas Empenhadas,3.1.90.16.00 - Outras Despesas Variáveis - Pessoal Civil,2022,Padrão
DCA-Anexo I-D,2022,DCA-Anexo I-D,DO3.1.90.16.00.00,4318002,Despesas Liquidadas,3.1.90.16.00 - Outras Despesas Variáveis - Pessoal Civil,2022,Padrão
DCA-Anexo I-D,2022,DCA-Anexo I-D,DO3.1.90.16.00.00,4318002,Despesas Pagas,3.1.90.16.00 - Outras Despesas Variáveis - Pessoal Civil,2022,Padrão
DCA-Anexo I-D,2022,DCA-Anexo I-D,DO3.1.90.94.00.00,4318002,Despesas Empenhadas,3.1.90.94.00 - Indenizações e Restituições Trabalhistas,2022,Padrão
DCA-Anexo I-D,2022,DCA-Anexo I-D,DO3.1.90.94.00.00,4318002,Despesas Liquidadas,3.1.90.94.00 - Indenizações e Restituições Trabalhistas,2022,Padrão
DCA-Anexo I-D,2022,DCA-Anexo I-D,DO3.1.90.94.00.00,4318002,Despesas Pagas,3.1.90.94.00 - Indenizações e Restituições Trabalhistas,2022,Padrão
DCA-Anexo I-D,2022,DCA-Anexo I-D,DO3.1.90.94.00.00,4318002,Inscrição de Restos a Pagar Processados,3.1.90.94.00 - Indenizações e Restituições Trabalhistas,2022,Padrão
DCA-Anexo I-D,2022,DCA-Anexo I-D,DI3.1.91.00.00.00,4318002,Despesas Empenhadas,"3.1.91.00.00 - Aplicação Direta Decorrente de Operação entre Órgãos, Fundos e Entidades Integrantes dos Orçamentos Fiscal e da Seguridade Social",2022,Padrão
DCA-Anexo I-D,2022,DCA-Anexo I-D,DI3.1.91.00.00.00,4318002,Despesas Liquidadas,"3.1.91.00.00 - Aplicação Direta Decorrente de Operação entre Órgãos, Fundos e Entidades Integrantes dos Orçamentos Fiscal e da Seguridade Social",2022,Padrão
DCA-Anexo I-D,2022,DCA-Anexo I-D,DI3.1.91.00.00.00,4318002,Despesas Pagas,"3.1.91.00.00 - Aplicação Direta Decorrente de Operação entre Órgãos, Fundos e Entidades Integrantes dos Orçamentos Fiscal e da Seguridade Social",2022,Padrão
DCA-Anexo I-D,2022,DCA-Anexo I-D,DI3.1.91.00.00.00,4318002,Inscrição de Restos a Pagar Processados,"3.1.91.00.00 - Aplicação Direta Decorrente de Operação entre Órgãos, Fundos e Entidades Integrantes dos Orçamentos Fiscal e da Seguridade Social",2022,Padrão
DCA-Anexo I-D,2022,DCA-Anexo I-D,DI3.1.91.13.00.00,4318002,Despesas Empenhadas,3.1.91.13.00 - Contribuições Patronais,2022,Padrão
DCA-Anexo I-D,2022,DCA-Anexo I-D,DI3.1.91.13.00.00,4318002,Despesas Liquidadas,3.1.91.13.00 - Contribuições Patronais,2022,Padrão
DCA-Anexo I-D,2022,DCA-Anexo I-D,DI3.1.91.13.00.00,4318002,Despesas Pagas,3.1.91.13.00 - Contribuições Patronais,2022,Padrão
DCA-Anexo I-D,2022,DCA-Anexo I-D,DI3.1.91.13.00.00,4318002,Inscrição de Restos a Pagar Processados,3.1.91.13.00 - Contribuições Patronais,2022,Padrão
DCA-Anexo I-D,2022,DCA-Anexo I-D,DI3.1.91.13.08.00,4318002,Despesas Empenhadas,3.1.91.13.08 - Contribuições previdenciárias - RPPS - pessoal ativo - plano previdenciário,2022,Padrão
DCA-Anexo I-D,2022,DCA-Anexo I-D,DI3.1.91.13.08.00,4318002,Despesas Liquidadas,3.1.91.13.08 - Contribuições previdenciárias - RPPS - pessoal ativo - plano previdenciário,2022,Padrão
DCA-Anexo I-D,2022,DCA-Anexo I-D,DI3.1.91.13.08.00,4318002,Despesas Pagas,3.1.91.13.08 - Contribuições previdenciárias - RPPS - pessoal ativo - plano previdenciário,2022,Padrão
DCA-Anexo I-D,2022,DCA-Anexo I-D,DI3.1.91.13.08.00,4318002,Inscrição de Restos a Pagar Processados,3.1.91.13.08 - Contribuições previdenciárias - RPPS - pessoal ativo - plano previdenciário,2022,Padrão
DCA-Anexo I-D,2022,DCA-Anexo I-D,DI3.1.91.13.20.00,4318002,Despesas Empenhadas,3.1.91.13.20 - Alíquota suplementar de contribuição previdenciária - pessoal ativo - plano previdenciário,2022,Padrão
DCA-Anexo I-D,2022,DCA-Anexo I-D,DI3.1.91.13.20.00,4318002,Despesas Liquidadas,3.1.91.13.20 - Alíquota suplementar de contribuição previdenciária - pessoal ativo - plano previdenciário,2022,Padrão
DCA-Anexo I-D,2022,DCA-Anexo I-D,DI3.1.91.13.20.00,4318002,Despesas Pagas,3.1.91.13.20 - Alíquota suplementar de contribuição previdenciária - pessoal ativo - plano previdenciário,2022,Padrão
DCA-Anexo I-D,2022,DCA-Anexo I-D,DI3.1.91.13.20.00,4318002,Inscrição de Restos a Pagar Processados,3.1.91.13.20 - Alíquota suplementar de contribuição previdenciária - pessoal ativo - plano previdenciário,2022,Padrão
DCA-Anexo I-D,2022,DCA-Anexo I-D,DO3.2.00.00.00.00,4318002,Despesas Empenhadas,3.2.00.00.00 - Juros e Encargos da Dívida,2022,Padrão
DCA-Anexo I-D,2022,DCA-Anexo I-D,DO3.2.00.00.00.00,4318002,Despesas Liquidadas,3.2.00.00.00 - Juros e Encargos da Dívida,2022,Padrão
DCA-Anexo I-D,2022,DCA-Anexo I-D,DO3.2.00.00.00.00,4318002,Despesas Pagas,3.2.00.00.00 - Juros e Encargos da Dívida,2022,Padrão
DCA-Anexo I-D,2022,DCA-Anexo I-D,DO3.2.90.00.00.00,4318002,Despesas Empenhadas,3.2.90.00.00 - Aplicações Diretas,2022,Padrão
DCA-Anexo I-D,2022,DCA-Anexo I-D,DO3.2.90.00.00.00,4318002,Despesas Liquidadas,3.2.90.00.00 - Aplicações Diretas,2022,Padrão
DCA-Anexo I-D,2022,DCA-Anexo I-D,DO3.2.90.00.00.00,4318002,Despesas Pagas,3.2.90.00.00 - Aplicações Diretas,2022,Padrão
DCA-Anexo I-D,2022,DCA-Anexo I-D,DO3.2.90.21.00.00,4318002,Despesas Empenhadas,3.2.90.21.00 - Juros sobre a Dívida por Contrato,2022,Padrão
DCA-Anexo I-D,2022,DCA-Anexo I-D,DO3.2.90.21.00.00,4318002,Despesas Liquidadas,3.2.90.21.00 - Juros sobre a Dívida por Contrato,2022,Padrão
DCA-Anexo I-D,2022,DCA-Anexo I-D,DO3.2.90.21.00.00,4318002,Despesas Pagas,3.2.90.21.00 - Juros sobre a Dívida por Contrato,2022,Padrão
DCA-Anexo I-D,2022,DCA-Anexo I-D,DI3.2.91.00.00.00,4318002,Despesas Empenhadas,"3.2.91.00.00 - Aplicação direta decorrente de operação entre Órgãos, fundos e entidades integrantes dos OFSS",2022,Padrão
DCA-Anexo I-D,2022,DCA-Anexo I-D,DI3.2.91.00.00.00,4318002,Despesas Liquidadas,"3.2.91.00.00 - Aplicação direta decorrente de operação entre Órgãos, fundos e entidades integrantes dos OFSS",2022,Padrão
DCA-Anexo I-D,2022,DCA-Anexo I-D,DI3.2.91.00.00.00,4318002,Despesas Pagas,"3.2.91.00.00 - Aplicação direta decorrente de operação entre Órgãos, fundos e entidades integrantes dos OFSS",2022,Padrão
DCA-Anexo I-D,2022,DCA-Anexo I-D,DO3.3.00.00.00.00,4318002,Despesas Empenhadas,3.3.00.00.00 - Outras Despesas Correntes,2022,Padrão
DCA-Anexo I-D,2022,DCA-Anexo I-D,DO3.3.00.00.00.00,4318002,Despesas Liquidadas,3.3.00.00.00 - Outras Despesas Correntes,2022,Padrão
DCA-Anexo I-D,2022,DCA-Anexo I-D,DO3.3.00.00.00.00,4318002,Despesas Pagas,3.3.00.00.00 - Outras Despesas Correntes,2022,Padrão
DCA-Anexo I-D,2022,DCA-Anexo I-D,DO3.3.00.00.00.00,4318002,Inscrição de Restos a Pagar Não Processados,3.3.00.00.00 - Outras Despesas Correntes,2022,Padrão
DCA-Anexo I-D,2022,DCA-Anexo I-D,DO3.3.00.00.00.00,4318002,Inscrição de Restos a Pagar Processados,3.3.00.00.00 - Outras Despesas Correntes,2022,Padrão
DCA-Anexo I-D,2022,DCA-Anexo I-D,DO3.3.20.00.00.00,4318002,Despesas Empenhadas,3.3.20.00.00 - Transferências à União,2022,Padrão
DCA-Anexo I-D,2022,DCA-Anexo I-D,DO3.3.20.00.00.00,4318002,Despesas Liquidadas,3.3.20.00.00 - Transferências à União,2022,Padrão
DCA-Anexo I-D,2022,DCA-Anexo I-D,DO3.3.20.00.00.00,4318002,Despesas Pagas,3.3.20.00.00 - Transferências à União,2022,Padrão
DCA-Anexo I-D,2022,DCA-Anexo I-D,DO3.3.30.00.00.00,4318002,Despesas Empenhadas,3.3.30.00.00 - Transferências a Estados e ao Distrito Federal,2022,Padrão
DCA-Anexo I-D,2022,DCA-Anexo I-D,DO3.3.30.00.00.00,4318002,Despesas Liquidadas,3.3.30.00.00 - Transferências a Estados e ao Distrito Federal,2022,Padrão
DCA-Anexo I-D,2022,DCA-Anexo I-D,DO3.3.30.00.00.00,4318002,Despesas Pagas,3.3.30.00.00 - Transferências a Estados e ao Distrito Federal,2022,Padrão
DCA-Anexo I-D,2022,DCA-Anexo I-D,DO3.3.30.00.00.00,4318002,Inscrição de Restos a Pagar Não Processados,3.3.30.00.00 - Transferências a Estados e ao Distrito Federal,2022,Padrão
DCA-Anexo I-D,2022,DCA-Anexo I-D,DO3.3.30.00.00.00,4318002,Inscrição de Restos a Pagar Processados,3.3.30.00.00 - Transferências a Estados e ao Distrito Federal,2022,Padrão
DCA-Anexo I-D,2022,DCA-Anexo I-D,DO3.3.30.41.00.00,4318002,Despesas Empenhadas,3.3.30.41.00 - Contribuições,2022,Padrão
DCA-Anexo I-D,2022,DCA-Anexo I-D,DO3.3.30.41.00.00,4318002,Despesas Liquidadas,3.3.30.41.00 - Contribuições,2022,Padrão
DCA-Anexo I-D,2022,DCA-Anexo I-D,DO3.3.30.41.00.00,4318002,Despesas Pagas,3.3.30.41.00 - Contribuições,2022,Padrão
DCA-Anexo I-D,2022,DCA-Anexo I-D,DO3.3.30.41.00.00,4318002,Inscrição de Restos a Pagar Não Processados,3.3.30.41.00 - Contribuições,2022,Padrão
DCA-Anexo I-D,2022,DCA-Anexo I-D,DO3.3.30.41.00.00,4318002,Inscrição de Restos a Pagar Processados,3.3.30.41.00 - Contribuições,2022,Padrão
DCA-Anexo I-D,2022,DCA-Anexo I-D,DO3.3.50.00.00.00,4318002,Despesas Empenhadas,3.3.50.00.00 - Transferências a Instituições Privadas sem Fins Lucrativos,2022,Padrão
DCA-Anexo I-D,2022,DCA-Anexo I-D,DO3.3.50.00.00.00,4318002,Despesas Liquidadas,3.3.50.00.00 - Transferências a Instituições Privadas sem Fins Lucrativos,2022,Padrão
DCA-Anexo I-D,2022,DCA-Anexo I-D,DO3.3.50.00.00.00,4318002,Despesas Pagas,3.3.50.00.00 - Transferências a Instituições Privadas sem Fins Lucrativos,2022,Padrão
DCA-Anexo I-D,2022,DCA-Anexo I-D,DO3.3.50.00.00.00,4318002,Inscrição de Restos a Pagar Não Processados,3.3.50.00.00 - Transferências a Instituições Privadas sem Fins Lucrativos,2022,Padrão
DCA-Anexo I-D,2022,DCA-Anexo I-D,DO3.3.50.00.00.00,4318002,Inscrição de Restos a Pagar Processados,3.3.50.00.00 - Transferências a Instituições Privadas sem Fins Lucrativos,2022,Padrão
DCA-Anexo I-D,2022,DCA-Anexo I-D,DO3.3.60.00.00.00,4318002,Despesas Empenhadas,3.3.60.00.00 - Transferências a Instituições Privadas com Fins Lucrativos,2022,Padrão
DCA-Anexo I-D,2022,DCA-Anexo I-D,DO3.3.60.00.00.00,4318002,Despesas Liquidadas,3.3.60.00.00 - Transferências a Instituições Privadas com Fins Lucrativos,2022,Padrão
DCA-Anexo I-D,2022,DCA-Anexo I-D,DO3.3.60.00.00.00,4318002,Despesas Pagas,3.3.60.00.00 - Transferências a Instituições Privadas com Fins Lucrativos,2022,Padrão
DCA-Anexo I-D,2022,DCA-Anexo I-D,DO3.3.90.00.00.00,4318002,Despesas Empenhadas,3.3.90.00.00 - Aplicações Diretas,2022,Padrão
DCA-Anexo I-D,2022,DCA-Anexo I-D,DO3.3.90.00.00.00,4318002,Despesas Liquidadas,3.3.90.00.00 - Aplicações Diretas,2022,Padrão
DCA-Anexo I-D,2022,DCA-Anexo I-D,DO3.3.90.00.00.00,4318002,Despesas Pagas,3.3.90.00.00 - Aplicações Diretas,2022,Padrão
DCA-Anexo I-D,2022,DCA-Anexo I-D,DO3.3.90.00.00.00,4318002,Inscrição de Restos a Pagar Não Processados,3.3.90.00.00 - Aplicações Diretas,2022,Padrão
DCA-Anexo I-D,2022,DCA-Anexo I-D,DO3.3.90.00.00.00,4318002,Inscrição de Restos a Pagar Processados,3.3.90.00.00 - Aplicações Diretas,2022,Padrão
DCA-Anexo I-D,2022,DCA-Anexo I-D,DO3.3.90.08.00.00,4318002,Despesas Empenhadas,3.3.90.08.00 - Outros Benefícios Assistenciais do servidor e do militar,2022,Padrão
DCA-Anexo I-D,2022,DCA-Anexo I-D,DO3.3.90.08.00.00,4318002,Despesas Liquidadas,3.3.90.08.00 - Outros Benefícios Assistenciais do servidor e do militar,2022,Padrão
DCA-Anexo I-D,2022,DCA-Anexo I-D,DO3.3.90.08.00.00,4318002,Despesas Pagas,3.3.90.08.00 - Outros Benefícios Assistenciais do servidor e do militar,2022,Padrão
DCA-Anexo I-D,2022,DCA-Anexo I-D,DO3.3.90.08.00.00,4318002,Inscrição de Restos a Pagar Não Processados,3.3.90.08.00 - Outros Benefícios Assistenciais do servidor e do militar,2022,Padrão
DCA-Anexo I-D,2022,DCA-Anexo I-D,DO3.3.90.08.00.00,4318002,Inscrição de Restos a Pagar Processados,3.3.90.08.00 - Outros Benefícios Assistenciais do servidor e do militar,2022,Padrão
DCA-Anexo I-D,2022,DCA-Anexo I-D,DO3.3.90.14.00.00,4318002,Despesas Empenhadas,3.3.90.14.00 - Diárias - Civil,2022,Padrão
DCA-Anexo I-D,2022,DCA-Anexo I-D,DO3.3.90.14.00.00,4318002,Despesas Liquidadas,3.3.90.14.00 - Diárias - Civil,2022,Padrão
DCA-Anexo I-D,2022,DCA-Anexo I-D,DO3.3.90.14.00.00,4318002,Despesas Pagas,3.3.90.14.00 - Diárias - Civil,2022,Padrão
DCA-Anexo I-D,2022,DCA-Anexo I-D,DO3.3.90.14.00.00,4318002,Inscrição de Restos a Pagar Processados,3.3.90.14.00 - Diárias - Civil,2022,Padrão
DCA-Anexo I-D,2022,DCA-Anexo I-D,DO3.3.90.30.00.00,4318002,Despesas Empenhadas,3.3.90.30.00 - Material de Consumo,2022,Padrão
DCA-Anexo I-D,2022,DCA-Anexo I-D,DO3.3.90.30.00.00,4318002,Despesas Liquidadas,3.3.90.30.00 - Material de Consumo,2022,Padrão
DCA-Anexo I-D,2022,DCA-Anexo I-D,DO3.3.90.30.00.00,4318002,Despesas Pagas,3.3.90.30.00 - Material de Consumo,2022,Padrão
DCA-Anexo I-D,2022,DCA-Anexo I-D,DO3.3.90.30.00.00,4318002,Inscrição de Restos a Pagar Não Processados,3.3.90.30.00 - Material de Consumo,2022,Padrão
DCA-Anexo I-D,2022,DCA-Anexo I-D,DO3.3.90.30.00.00,4318002,Inscrição de Restos a Pagar Processados,3.3.90.30.00 - Material de Consumo,2022,Padrão
DCA-Anexo I-D,2022,DCA-Anexo I-D,DO3.3.90.31.00.00,4318002,Despesas Empenhadas,"3.3.90.31.00 - Premiações Culturais, Artísticas, Científicas, Desportivas e Outras",2022,Padrão
DCA-Anexo I-D,2022,DCA-Anexo I-D,DO3.3.90.31.00.00,4318002,Despesas Liquidadas,"3.3.90.31.00 - Premiações Culturais, Artísticas, Científicas, Desportivas e Outras",2022,Padrão
DCA-Anexo I-D,2022,DCA-Anexo I-D,DO3.3.90.31.00.00,4318002,Despesas Pagas,"3.3.90.31.00 - Premiações Culturais, Artísticas, Científicas, Desportivas e Outras",2022,Padrão
DCA-Anexo I-D,2022,DCA-Anexo I-D,DO3.3.90.32.00.00,4318002,Despesas Empenhadas,"3.3.90.32.00 - Material, Bem ou Serviço para Distribuição Gratuita",2022,Padrão
DCA-Anexo I-D,2022,DCA-Anexo I-D,DO3.3.90.32.00.00,4318002,Despesas Liquidadas,"3.3.90.32.00 - Material, Bem ou Serviço para Distribuição Gratuita",2022,Padrão
DCA-Anexo I-D,2022,DCA-Anexo I-D,DO3.3.90.32.00.00,4318002,Despesas Pagas,"3.3.90.32.00 - Material, Bem ou Serviço para Distribuição Gratuita",2022,Padrão
DCA-Anexo I-D,2022,DCA-Anexo I-D,DO3.3.90.32.00.00,4318002,Inscrição de Restos a Pagar Não Processados,"3.3.90.32.00 - Material, Bem ou Serviço para Distribuição Gratuita",2022,Padrão
DCA-Anexo I-D,2022,DCA-Anexo I-D,DO3.3.90.32.00.00,4318002,Inscrição de Restos a Pagar Processados,"3.3.90.32.00 - Material, Bem ou Serviço para Distribuição Gratuita",2022,Padrão
DCA-Anexo I-D,2022,DCA-Anexo I-D,DO3.3.90.33.00.00,4318002,Despesas Empenhadas,3.3.90.33.00 - Passagens e Despesas com Locomoção,2022,Padrão
DCA-Anexo I-D,2022,DCA-Anexo I-D,DO3.3.90.33.00.00,4318002,Despesas Liquidadas,3.3.90.33.00 - Passagens e Despesas com Locomoção,2022,Padrão
DCA-Anexo I-D,2022,DCA-Anexo I-D,DO3.3.90.33.00.00,4318002,Despesas Pagas,3.3.90.33.00 - Passagens e Despesas com Locomoção,2022,Padrão
DCA-Anexo I-D,2022,DCA-Anexo I-D,DO3.3.90.33.00.00,4318002,Inscrição de Restos a Pagar Não Processados,3.3.90.33.00 - Passagens e Despesas com Locomoção,2022,Padrão
DCA-Anexo I-D,2022,DCA-Anexo I-D,DO3.3.90.33.00.00,4318002,Inscrição de Restos a Pagar Processados,3.3.90.33.00 - Passagens e Despesas com Locomoção,2022,Padrão
DCA-Anexo I-D,2022,DCA-Anexo I-D,DO3.3.90.35.00.00,4318002,Despesas Empenhadas,3.3.90.35.00 - Serviços de Consultoria,2022,Padrão
DCA-Anexo I-D,2022,DCA-Anexo I-D,DO3.3.90.35.00.00,4318002,Despesas Liquidadas,3.3.90.35.00 - Serviços de Consultoria,2022,Padrão
DCA-Anexo I-D,2022,DCA-Anexo I-D,DO3.3.90.35.00.00,4318002,Despesas Pagas,3.3.90.35.00 - Serviços de Consultoria,2022,Padrão
DCA-Anexo I-D,2022,DCA-Anexo I-D,DO3.3.90.35.00.00,4318002,Inscrição de Restos a Pagar Não Processados,3.3.90.35.00 - Serviços de Consultoria,2022,Padrão
DCA-Anexo I-D,2022,DCA-Anexo I-D,DO3.3.90.36.00.00,4318002,Despesas Empenhadas,3.3.90.36.00 - Outros Serviços de Terceiros - Pessoa Física,2022,Padrão
DCA-Anexo I-D,2022,DCA-Anexo I-D,DO3.3.90.36.00.00,4318002,Despesas Liquidadas,3.3.90.36.00 - Outros Serviços de Terceiros - Pessoa Física,2022,Padrão
DCA-Anexo I-D,2022,DCA-Anexo I-D,DO3.3.90.36.00.00,4318002,Despesas Pagas,3.3.90.36.00 - Outros Serviços de Terceiros - Pessoa Física,2022,Padrão
DCA-Anexo I-D,2022,DCA-Anexo I-D,DO3.3.90.36.00.00,4318002,Inscrição de Restos a Pagar Não Processados,3.3.90.36.00 - Outros Serviços de Terceiros - Pessoa Física,2022,Padrão
DCA-Anexo I-D,2022,DCA-Anexo I-D,DO3.3.90.39.00.00,4318002,Despesas Empenhadas,3.3.90.39.00 - Outros Serviços de Terceiros - Pessoa Jurídica,2022,Padrão
DCA-Anexo I-D,2022,DCA-Anexo I-D,DO3.3.90.39.00.00,4318002,Despesas Liquidadas,3.3.90.39.00 - Outros Serviços de Terceiros - Pessoa Jurídica,2022,Padrão
DCA-Anexo I-D,2022,DCA-Anexo I-D,DO3.3.90.39.00.00,4318002,Despesas Pagas,3.3.90.39.00 - Outros Serviços de Terceiros - Pessoa Jurídica,2022,Padrão
DCA-Anexo I-D,2022,DCA-Anexo I-D,DO3.3.90.39.00.00,4318002,Inscrição de Restos a Pagar Não Processados,3.3.90.39.00 - Outros Serviços de Terceiros - Pessoa Jurídica,2022,Padrão
DCA-Anexo I-D,2022,DCA-Anexo I-D,DO3.3.90.39.00.00,4318002,Inscrição de Restos a Pagar Processados,3.3.90.39.00 - Outros Serviços de Terceiros - Pessoa Jurídica,2022,Padrão
DCA-Anexo I-D,2022,DCA-Anexo I-D,DO3.3.90.40.00.00,4318002,Despesas Empenhadas,3.3.90.40.00 - Serviços de Tecnologia da Informação e Comunicação (TIC) - Pessoa Jurídica,2022,Padrão
DCA-Anexo I-D,2022,DCA-Anexo I-D,DO3.3.90.40.00.00,4318002,Despesas Liquidadas,3.3.90.40.00 - Serviços de Tecnologia da Informação e Comunicação (TIC) - Pessoa Jurídica,2022,Padrão
DCA-Anexo I-D,2022,DCA-Anexo I-D,DO3.3.90.40.00.00,4318002,Despesas Pagas,3.3.90.40.00 - Serviços de Tecnologia da Informação e Comunicação (TIC) - Pessoa Jurídica,2022,Padrão
DCA-Anexo I-D,2022,DCA-Anexo I-D,DO3.3.90.40.00.00,4318002,Inscrição de Restos a Pagar Não Processados,3.3.90.40.00 - Serviços de Tecnologia da Informação e Comunicação (TIC) - Pessoa Jurídica,2022,Padrão
DCA-Anexo I-D,2022,DCA-Anexo I-D,DO3.3.90.40.00.00,4318002,Inscrição de Restos a Pagar Processados,3.3.90.40.00 - Serviços de Tecnologia da Informação e Comunicação (TIC) - Pessoa Jurídica,2022,Padrão
DCA-Anexo I-D,2022,DCA-Anexo I-D,DO3.3.90.46.00.00,4318002,Despesas Empenhadas,3.3.90.46.00 - Auxílio-Alimentação,2022,Padrão
DCA-Anexo I-D,2022,DCA-Anexo I-D,DO3.3.90.46.00.00,4318002,Despesas Liquidadas,3.3.90.46.00 - Auxílio-Alimentação,2022,Padrão
DCA-Anexo I-D,2022,DCA-Anexo I-D,DO3.3.90.46.00.00,4318002,Despesas Pagas,3.3.90.46.00 - Auxílio-Alimentação,2022,Padrão
DCA-Anexo I-D,2022,DCA-Anexo I-D,DO3.3.90.46.00.00,4318002,Inscrição de Restos a Pagar Processados,3.3.90.46.00 - Auxílio-Alimentação,2022,Padrão
DCA-Anexo I-D,2022,DCA-Anexo I-D,DO3.3.90.47.00.00,4318002,Despesas Empenhadas,3.3.90.47.00 - Obrigações Tributárias e Contributivas,2022,Padrão
DCA-Anexo I-D,2022,DCA-Anexo I-D,DO3.3.90.47.00.00,4318002,Despesas Liquidadas,3.3.90.47.00 - Obrigações Tributárias e Contributivas,2022,Padrão
DCA-Anexo I-D,2022,DCA-Anexo I-D,DO3.3.90.47.00.00,4318002,Despesas Pagas,3.3.90.47.00 - Obrigações Tributárias e Contributivas,2022,Padrão
DCA-Anexo I-D,2022,DCA-Anexo I-D,DO3.3.90.47.00.00,4318002,Inscrição de Restos a Pagar Processados,3.3.90.47.00 - Obrigações Tributárias e Contributivas,2022,Padrão
DCA-Anexo I-D,2022,DCA-Anexo I-D,DO3.3.90.49.00.00,4318002,Despesas Empenhadas,3.3.90.49.00 - Auxílio-Transporte,2022,Padrão
DCA-Anexo I-D,2022,DCA-Anexo I-D,DO3.3.90.49.00.00,4318002,Despesas Liquidadas,3.3.90.49.00 - Auxílio-Transporte,2022,Padrão
DCA-Anexo I-D,2022,DCA-Anexo I-D,DO3.3.90.49.00.00,4318002,Despesas Pagas,3.3.90.49.00 - Auxílio-Transporte,2022,Padrão
DCA-Anexo I-D,2022,DCA-Anexo I-D,DO3.3.90.91.00.00,4318002,Despesas Empenhadas,3.3.90.91.00 - Sentenças Judiciais,2022,Padrão
DCA-Anexo I-D,2022,DCA-Anexo I-D,DO3.3.90.91.00.00,4318002,Despesas Liquidadas,3.3.90.91.00 - Sentenças Judiciais,2022,Padrão
DCA-Anexo I-D,2022,DCA-Anexo I-D,DO3.3.90.91.00.00,4318002,Despesas Pagas,3.3.90.91.00 - Sentenças Judiciais,2022,Padrão
DCA-Anexo I-D,2022,DCA-Anexo I-D,DO3.3.90.91.00.00,4318002,Inscrição de Restos a Pagar Processados,3.3.90.91.00 - Sentenças Judiciais,2022,Padrão
DCA-Anexo I-D,2022,DCA-Anexo I-D,DO3.3.90.92.00.00,4318002,Despesas Empenhadas,3.3.90.92.00 - Despesas de Exercícios Anteriores,2022,Padrão
DCA-Anexo I-D,2022,DCA-Anexo I-D,DO3.3.90.92.00.00,4318002,Despesas Liquidadas,3.3.90.92.00 - Despesas de Exercícios Anteriores,2022,Padrão
DCA-Anexo I-D,2022,DCA-Anexo I-D,DO3.3.90.92.00.00,4318002,Despesas Pagas,3.3.90.92.00 - Despesas de Exercícios Anteriores,2022,Padrão
DCA-Anexo I-D,2022,DCA-Anexo I-D,DO3.3.90.92.00.00,4318002,Inscrição de Restos a Pagar Não Processados,3.3.90.92.00 - Despesas de Exercícios Anteriores,2022,Padrão
DCA-Anexo I-D,2022,DCA-Anexo I-D,DO3.3.90.93.00.00,4318002,Despesas Empenhadas,3.3.90.93.00 - Indenizações e Restituições,2022,Padrão
DCA-Anexo I-D,2022,DCA-Anexo I-D,DO3.3.90.93.00.00,4318002,Despesas Liquidadas,3.3.90.93.00 - Indenizações e Restituições,2022,Padrão
DCA-Anexo I-D,2022,DCA-Anexo I-D,DO3.3.90.93.00.00,4318002,Despesas Pagas,3.3.90.93.00 - Indenizações e Restituições,2022,Padrão
DCA-Anexo I-D,2022,DCA-Anexo I-D,DO3.3.90.93.00.00,4318002,Inscrição de Restos a Pagar Não Processados,3.3.90.93.00 - Indenizações e Restituições,2022,Padrão
DCA-Anexo I-D,2022,DCA-Anexo I-D,DO4.0.00.00.00.00,4318002,Despesas Empenhadas,4.0.00.00.00 - Despesas de Capital,2022,Padrão
DCA-Anexo I-D,2022,DCA-Anexo I-D,DO4.0.00.00.00.00,4318002,Despesas Liquidadas,4.0.00.00.00 - Despesas de Capital,2022,Padrão
DCA-Anexo I-D,2022,DCA-Anexo I-D,DO4.0.00.00.00.00,4318002,Despesas Pagas,4.0.00.00.00 - Despesas de Capital,2022,Padrão
DCA-Anexo I-D,2022,DCA-Anexo I-D,DO4.0.00.00.00.00,4318002,Inscrição de Restos a Pagar Não Processados,4.0.00.00.00 - Despesas de Capital,2022,Padrão
DCA-Anexo I-D,2022,DCA-Anexo I-D,DO4.0.00.00.00.00,4318002,Inscrição de Restos a Pagar Processados,4.0.00.00.00 - Despesas de Capital,2022,Padrão
DCA-Anexo I-D,2022,DCA-Anexo I-D,DO4.4.00.00.00.00,4318002,Despesas Empenhadas,4.4.00.00.00 - Investimentos,2022,Padrão
DCA-Anexo I-D,2022,DCA-Anexo I-D,DO4.4.00.00.00.00,4318002,Despesas Liquidadas,4.4.00.00.00 - Investimentos,2022,Padrão
DCA-Anexo I-D,2022,DCA-Anexo I-D,DO4.4.00.00.00.00,4318002,Despesas Pagas,4.4.00.00.00 - Investimentos,2022,Padrão
DCA-Anexo I-D,2022,DCA-Anexo I-D,DO4.4.00.00.00.00,4318002,Inscrição de Restos a Pagar Não Processados,4.4.00.00.00 - Investimentos,2022,Padrão
DCA-Anexo I-D,2022,DCA-Anexo I-D,DO4.4.00.00.00.00,4318002,Inscrição de Restos a Pagar Processados,4.4.00.00.00 - Investimentos,2022,Padrão
DCA-Anexo I-D,2022,DCA-Anexo I-D,DO4.4.20.00.00.00,4318002,Despesas Empenhadas,4.4.20.00.00 - Transferências à União,2022,Padrão
DCA-Anexo I-D,2022,DCA-Anexo I-D,DO4.4.20.00.00.00,4318002,Despesas Liquidadas,4.4.20.00.00 - Transferências à União,2022,Padrão
DCA-Anexo I-D,2022,DCA-Anexo I-D,DO4.4.20.00.00.00,4318002,Despesas Pagas,4.4.20.00.00 - Transferências à União,2022,Padrão
DCA-Anexo I-D,2022,DCA-Anexo I-D,DO4.4.30.00.00.00,4318002,Despesas Empenhadas,4.4.30.00.00 - Transferências a Estados e ao Distrito Federal,2022,Padrão
DCA-Anexo I-D,2022,DCA-Anexo I-D,DO4.4.30.00.00.00,4318002,Despesas Liquidadas,4.4.30.00.00 - Transferências a Estados e ao Distrito Federal,2022,Padrão
DCA-Anexo I-D,2022,DCA-Anexo I-D,DO4.4.30.00.00.00,4318002,Despesas Pagas,4.4.30.00.00 - Transferências a Estados e ao Distrito Federal,2022,Padrão
DCA-Anexo I-D,2022,DCA-Anexo I-D,DO4.4.90.00.00.00,4318002,Despesas Empenhadas,4.4.90.00.00 - Aplicações Diretas,2022,Padrão
DCA-Anexo I-D,2022,DCA-Anexo I-D,DO4.4.90.00.00.00,4318002,Despesas Liquidadas,4.4.90.00.00 - Aplicações Diretas,2022,Padrão
DCA-Anexo I-D,2022,DCA-Anexo I-D,DO4.4.90.00.00.00,4318002,Despesas Pagas,4.4.90.00.00 - Aplicações Diretas,2022,Padrão
DCA-Anexo I-D,2022,DCA-Anexo I-D,DO4.4.90.00.00.00,4318002,Inscrição de Restos a Pagar Não Processados,4.4.90.00.00 - Aplicações Diretas,2022,Padrão
DCA-Anexo I-D,2022,DCA-Anexo I-D,DO4.4.90.00.00.00,4318002,Inscrição de Restos a Pagar Processados,4.4.90.00.00 - Aplicações Diretas,2022,Padrão
DCA-Anexo I-D,2022,DCA-Anexo I-D,DO4.4.90.30.00.00,4318002,Despesas Empenhadas,4.4.90.30.00 - Material de Consumo,2022,Padrão
DCA-Anexo I-D,2022,DCA-Anexo I-D,DO4.4.90.30.00.00,4318002,Despesas Liquidadas,4.4.90.30.00 - Material de Consumo,2022,Padrão
DCA-Anexo I-D,2022,DCA-Anexo I-D,DO4.4.90.30.00.00,4318002,Despesas Pagas,4.4.90.30.00 - Material de Consumo,2022,Padrão
DCA-Anexo I-D,2022,DCA-Anexo I-D,DO4.4.90.40.00.00,4318002,Despesas Empenhadas,4.4.90.40.00 - Serviços de Tecnologia da Informação e Comunicação (TIC) - Pessoa Jurídica,2022,Padrão
DCA-Anexo I-D,2022,DCA-Anexo I-D,DO4.4.90.40.00.00,4318002,Despesas Liquidadas,4.4.90.40.00 - Serviços de Tecnologia da Informação e Comunicação (TIC) - Pessoa Jurídica,2022,Padrão
DCA-Anexo I-D,2022,DCA-Anexo I-D,DO4.4.90.40.00.00,4318002,Despesas Pagas,4.4.90.40.00 - Serviços de Tecnologia da Informação e Comunicação (TIC) - Pessoa Jurídica,2022,Padrão
DCA-Anexo I-D,2022,DCA-Anexo I-D,DO4.4.90.51.00.00,4318002,Despesas Empenhadas,4.4.90.51.00 - Obras e Instalações,2022,Padrão
DCA-Anexo I-D,2022,DCA-Anexo I-D,DO4.4.90.51.00.00,4318002,Despesas Liquidadas,4.4.90.51.00 - Obras e Instalações,2022,Padrão
DCA-Anexo I-D,2022,DCA-Anexo I-D,DO4.4.90.51.00.00,4318002,Despesas Pagas,4.4.90.51.00 - Obras e Instalações,2022,Padrão
DCA-Anexo I-D,2022,DCA-Anexo I-D,DO4.4.90.51.00.00,4318002,Inscrição de Restos a Pagar Não Processados,4.4.90.51.00 - Obras e Instalações,2022,Padrão
DCA-Anexo I-D,2022,DCA-Anexo I-D,DO4.4.90.51.91.00,4318002,Despesas Empenhadas,4.4.90.51.91 - Obras em Andamento,2022,Padrão
DCA-Anexo I-D,2022,DCA-Anexo I-D,DO4.4.90.51.91.00,4318002,Despesas Liquidadas,4.4.90.51.91 - Obras em Andamento,2022,Padrão
DCA-Anexo I-D,2022,DCA-Anexo I-D,DO4.4.90.51.91.00,4318002,Despesas Pagas,4.4.90.51.91 - Obras em Andamento,2022,Padrão
DCA-Anexo I-D,2022,DCA-Anexo I-D,DO4.4.90.51.91.00,4318002,Inscrição de Restos a Pagar Não Processados,4.4.90.51.91 - Obras em Andamento,2022,Padrão
DCA-Anexo I-D,2022,DCA-Anexo I-D,DO4.4.90.52.00.00,4318002,Despesas Empenhadas,4.4.90.52.00 - Equipamentos e Material Permanente,2022,Padrão
DCA-Anexo I-D,2022,DCA-Anexo I-D,DO4.4.90.52.00.00,4318002,Despesas Liquidadas,4.4.90.52.00 - Equipamentos e Material Permanente,2022,Padrão
DCA-Anexo I-D,2022,DCA-Anexo I-D,DO4.4.90.52.00.00,4318002,Despesas Pagas,4.4.90.52.00 - Equipamentos e Material Permanente,2022,Padrão
DCA-Anexo I-D,2022,DCA-Anexo I-D,DO4.4.90.52.00.00,4318002,Inscrição de Restos a Pagar Não Processados,4.4.90.52.00 - Equipamentos e Material Permanente,2022,Padrão
DCA-Anexo I-D,2022,DCA-Anexo I-D,DO4.4.90.52.00.00,4318002,Inscrição de Restos a Pagar Processados,4.4.90.52.00 - Equipamentos e Material Permanente,2022,Padrão
DCA-Anexo I-D,2022,DCA-Anexo I-D,DO4.4.90.61.00.00,4318002,Despesas Empenhadas,4.4.90.61.00 - Aquisição de Imóveis,2022,Padrão
DCA-Anexo I-D,2022,DCA-Anexo I-D,DO4.4.90.61.00.00,4318002,Despesas Liquidadas,4.4.90.61.00 - Aquisição de Imóveis,2022,Padrão
DCA-Anexo I-D,2022,DCA-Anexo I-D,DO4.4.90.61.00.00,4318002,Despesas Pagas,4.4.90.61.00 - Aquisição de Imóveis,2022,Padrão
DCA-Anexo I-D,2022,DCA-Anexo I-D,DO4.6.00.00.00.00,4318002,Despesas Empenhadas,4.6.00.00.00 - Amortização da Dívida,2022,Padrão
DCA-Anexo I-D,2022,DCA-Anexo I-D,DO4.6.00.00.00.00,4318002,Despesas Liquidadas,4.6.00.00.00 - Amortização da Dívida,2022,Padrão
DCA-Anexo I-D,2022,DCA-Anexo I-D,DO4.6.00.00.00.00,4318002,Despesas Pagas,4.6.00.00.00 - Amortização da Dívida,2022,Padrão
DCA-Anexo I-D,2022,DCA-Anexo I-D,DO4.6.90.00.00.00,4318002,Despesas Empenhadas,4.6.90.00.00 - Aplicações Diretas,2022,Padrão
DCA-Anexo I-D,2022,DCA-Anexo I-D,DO4.6.90.00.00.00,4318002,Despesas Liquidadas,4.6.90.00.00 - Aplicações Diretas,2022,Padrão
DCA-Anexo I-D,2022,DCA-Anexo I-D,DO4.6.90.00.00.00,4318002,Despesas Pagas,4.6.90.00.00 - Aplicações Diretas,2022,Padrão
DCA-Anexo I-D,2022,DCA-Anexo I-D,DO4.6.90.71.00.00,4318002,Despesas Empenhadas,4.6.90.71.00 - Principal da Dívida Contratual Resgatado,2022,Padrão
DCA-Anexo I-D,2022,DCA-Anexo I-D,DO4.6.90.71.00.00,4318002,Despesas Liquidadas,4.6.90.71.00 - Principal da Dívida Contratual Resgatado,2022,Padrão
DCA-Anexo I-D,2022,DCA-Anexo I-D,DO4.6.90.71.00.00,4318002,Despesas Pagas,4.6.90.71.00 - Principal da Dívida Contratual Resgatado,2022,Padrão
DCA-Anexo I-D,2022,DCA-Anexo I-D,DI4.6.91.00.00.00,4318002,Despesas Empenhadas,"4.6.91.00.00 - Aplicação direta decorrente de operação entre órgãos, fundos e entidades integrantes dos OFSS",2022,Padrão
DCA-Anexo I-D,2022,DCA-Anexo I-D,DI4.6.91.00.00.00,4318002,Despesas Liquidadas,"4.6.91.00.00 - Aplicação direta decorrente de operação entre órgãos, fundos e entidades integrantes dos OFSS",2022,Padrão
DCA-Anexo I-D,2022,DCA-Anexo I-D,DI4.6.91.00.00.00,4318002,Despesas Pagas,"4.6.91.00.00 - Aplicação direta decorrente de operação entre órgãos, fundos e entidades integrantes dos OFSS",2022,Padrão
DCA-Anexo I-E,2022,DCA-Anexo I-E,TotalDespesas,4318002,Despesas Empenhadas,Despesas Exceto Intraorçamentárias,2022,Total Geral da Despesa por Função
DCA-Anexo I-E,2022,DCA-Anexo I-E,TotalDespesas,4318002,Despesas Empenhadas,01 - Legislativa,2022,Total Geral da Despesa por Função
DCA-Anexo I-E,2022,DCA-Anexo I-E,TotalDespesas,4318002,Despesas Empenhadas,01.031 - Ação Legislativa,2022,Total Geral da Despesa por Função
DCA-Anexo I-E,2022,DCA-Anexo I-E,TotalDespesas,4318002,Despesas Empenhadas,04 - Administração,2022,Total Geral da Despesa por Função
DCA-Anexo I-E,2022,DCA-Anexo I-E,TotalDespesas,4318002,Despesas Empenhadas,04.122 - Administração Geral,2022,Total Geral da Despesa por Função
DCA-Anexo I-E,2022,DCA-Anexo I-E,TotalDespesas,4318002,Despesas Empenhadas,04.124 - Controle Interno,2022,Total Geral da Despesa por Função
DCA-Anexo I-E,2022,DCA-Anexo I-E,TotalDespesas,4318002,Despesas Empenhadas,04.126 - Tecnologia da Informação,2022,Total Geral da Despesa por Função
DCA-Anexo I-E,2022,DCA-Anexo I-E,TotalDespesas,4318002,Despesas Empenhadas,06 - Segurança Pública,2022,Total Geral da Despesa por Função
DCA-Anexo I-E,2022,DCA-Anexo I-E,TotalDespesas,4318002,Despesas Empenhadas,06.181 - Policiamento,2022,Total Geral da Despesa por Função
DCA-Anexo I-E,2022,DCA-Anexo I-E,TotalDespesas,4318002,Despesas Empenhadas,06.182 - Defesa Civil,2022,Total Geral da Despesa por Função
DCA-Anexo I-E,2022,DCA-Anexo I-E,TotalDespesas,4318002,Despesas Empenhadas,FU06 - Demais Subfunções,2022,Total Geral da Despesa por Função
DCA-Anexo I-E,2022,DCA-Anexo I-E,TotalDespesas,4318002,Despesas Empenhadas,08 - Assistência Social,2022,Total Geral da Despesa por Função
DCA-Anexo I-E,2022,DCA-Anexo I-E,TotalDespesas,4318002,Despesas Empenhadas,08.241 - Assistência ao Idoso,2022,Total Geral da Despesa por Função
DCA-Anexo I-E,2022,DCA-Anexo I-E,TotalDespesas,4318002,Despesas Empenhadas,08.242 - Assistência ao Portador de Deficiência,2022,Total Geral da Despesa por Função
DCA-Anexo I-E,2022,DCA-Anexo I-E,TotalDespesas,4318002,Despesas Empenhadas,08.243 - Assistência à Criança e ao Adolescente,2022,Total Geral da Despesa por Função
DCA-Anexo I-E,2022,DCA-Anexo I-E,TotalDespesas,4318002,Despesas Empenhadas,08.244 - Assistência Comunitária,2022,Total Geral da Despesa por Função
DCA-Anexo I-E,2022,DCA-Anexo I-E,TotalDespesas,4318002,Despesas Empenhadas,08.122 - Administração Geral,2022,Total Geral da Despesa por Função
DCA-Anexo I-E,2022,DCA-Anexo I-E,TotalDespesas,4318002,Despesas Empenhadas,09 - Previdência Social,2022,Total Geral da Despesa por Função
DCA-Anexo I-E,2022,DCA-Anexo I-E,TotalDespesas,4318002,Despesas Empenhadas,09.272 - Previdência do Regime Estatutário,2022,Total Geral da Despesa por Função
DCA-Anexo I-E,2022,DCA-Anexo I-E,TotalDespesas,4318002,Despesas Empenhadas,09.122 - Administração Geral,2022,Total Geral da Despesa por Função
DCA-Anexo I-E,2022,DCA-Anexo I-E,TotalDespesas,4318002,Despesas Empenhadas,10 - Saúde,2022,Total Geral da Despesa por Função
DCA-Anexo I-E,2022,DCA-Anexo I-E,TotalDespesas,4318002,Despesas Empenhadas,10.301 - Atenção Básica,2022,Total Geral da Despesa por Função
DCA-Anexo I-E,2022,DCA-Anexo I-E,TotalDespesas,4318002,Despesas Empenhadas,10.302 - Assistência Hospitalar e Ambulatorial,2022,Total Geral da Despesa por Função
DCA-Anexo I-E,2022,DCA-Anexo I-E,TotalDespesas,4318002,Despesas Empenhadas,10.303 - Suporte Profilático e Terapêutico,2022,Total Geral da Despesa por Função
DCA-Anexo I-E,2022,DCA-Anexo I-E,TotalDespesas,4318002,Despesas Empenhadas,10.304 - Vigilância Sanitária,2022,Total Geral da Despesa por Função
DCA-Anexo I-E,2022,DCA-Anexo I-E,TotalDespesas,4318002,Despesas Empenhadas,10.305 - Vigilância Epidemiológica,2022,Total Geral da Despesa por Função
DCA-Anexo I-E,2022,DCA-Anexo I-E,TotalDespesas,4318002,Despesas Empenhadas,10.122 - Administração Geral,2022,Total Geral da Despesa por Função
DCA-Anexo I-E,2022,DCA-Anexo I-E,TotalDespesas,4318002,Despesas Empenhadas,11 - Trabalho,2022,Total Geral da Despesa por Função
DCA-Anexo I-E,2022,DCA-Anexo I-E,TotalDespesas,4318002,Despesas Empenhadas,11.334 - Fomento ao Trabalho,2022,Total Geral da Despesa por Função
DCA-Anexo I-E,2022,DCA-Anexo I-E,TotalDespesas,4318002,Despesas Empenhadas,12 - Educação,2022,Total Geral da Despesa por Função
DCA-Anexo I-E,2022,DCA-Anexo I-E,TotalDespesas,4318002,Despesas Empenhadas,12.361 - Ensino Fundamental,2022,Total Geral da Despesa por Função
DCA-Anexo I-E,2022,DCA-Anexo I-E,TotalDespesas,4318002,Despesas Empenhadas,12.362 - Ensino Médio,2022,Total Geral da Despesa por Função
DCA-Anexo I-E,2022,DCA-Anexo I-E,TotalDespesas,4318002,Despesas Empenhadas,12.365 - Educação Infantil,2022,Total Geral da Despesa por Função
DCA-Anexo I-E,2022,DCA-Anexo I-E,TotalDespesas,4318002,Despesas Empenhadas,12.366 - Educação de Jovens e Adultos,2022,Total Geral da Despesa por Função
DCA-Anexo I-E,2022,DCA-Anexo I-E,TotalDespesas,4318002,Despesas Empenhadas,12.122 - Administração Geral,2022,Total Geral da Despesa por Função
DCA-Anexo I-E,2022,DCA-Anexo I-E,TotalDespesas,4318002,Despesas Empenhadas,13 - Cultura,2022,Total Geral da Despesa por Função
DCA-Anexo I-E,2022,DCA-Anexo I-E,TotalDespesas,4318002,Despesas Empenhadas,13.392 - Difusão Cultural,2022,Total Geral da Despesa por Função
DCA-Anexo I-E,2022,DCA-Anexo I-E,TotalDespesas,4318002,Despesas Empenhadas,14 - Direitos da Cidadania,2022,Total Geral da Despesa por Função
DCA-Anexo I-E,2022,DCA-Anexo I-E,TotalDespesas,4318002,Despesas Empenhadas,"14.422 - Direitos Individuais, Coletivos e Difusos",2022,Total Geral da Despesa por Função
DCA-Anexo I-E,2022,DCA-Anexo I-E,TotalDespesas,4318002,Despesas Empenhadas,15 - Urbanismo,2022,Total Geral da Despesa por Função
DCA-Anexo I-E,2022,DCA-Anexo I-E,TotalDespesas,4318002,Despesas Empenhadas,15.451 - Infraestrutura Urbana,2022,Total Geral da Despesa por Função
DCA-Anexo I-E,2022,DCA-Anexo I-E,TotalDespesas,4318002,Despesas Empenhadas,15.452 - Serviços Urbanos,2022,Total Geral da Despesa por Função
DCA-Anexo I-E,2022,DCA-Anexo I-E,TotalDespesas,4318002,Despesas Empenhadas,15.453 - Transportes Coletivos Urbanos,2022,Total Geral da Despesa por Função
DCA-Anexo I-E,2022,DCA-Anexo I-E,TotalDespesas,4318002,Despesas Empenhadas,16 - Habitação,2022,Total Geral da Despesa por Função
DCA-Anexo I-E,2022,DCA-Anexo I-E,TotalDespesas,4318002,Despesas Empenhadas,16.482 - Habitação Urbana,2022,Total Geral da Despesa por Função
DCA-Anexo I-E,2022,DCA-Anexo I-E,TotalDespesas,4318002,Despesas Empenhadas,17 - Saneamento,2022,Total Geral da Despesa por Função
DCA-Anexo I-E,2022,DCA-Anexo I-E,TotalDespesas,4318002,Despesas Empenhadas,17.511 - Saneamento Básico Rural,2022,Total Geral da Despesa por Função
DCA-Anexo I-E,2022,DCA-Anexo I-E,TotalDespesas,4318002,Despesas Empenhadas,18 - Gestão Ambiental,2022,Total Geral da Despesa por Função
DCA-Anexo I-E,2022,DCA-Anexo I-E,TotalDespesas,4318002,Despesas Empenhadas,18.541 - Preservação e Conservação Ambiental,2022,Total Geral da Despesa por Função
DCA-Anexo I-E,2022,DCA-Anexo I-E,TotalDespesas,4318002,Despesas Empenhadas,20 - Agricultura,2022,Total Geral da Despesa por Função
DCA-Anexo I-E,2022,DCA-Anexo I-E,TotalDespesas,4318002,Despesas Empenhadas,20.606 - Extensão Rural,2022,Total Geral da Despesa por Função
DCA-Anexo I-E,2022,DCA-Anexo I-E,TotalDespesas,4318002,Despesas Empenhadas,20.122 - Administração Geral,2022,Total Geral da Despesa por Função
DCA-Anexo I-E,2022,DCA-Anexo I-E,TotalDespesas,4318002,Despesas Empenhadas,23 - Comércio e Serviços,2022,Total Geral da Despesa por Função
DCA-Anexo I-E,2022,DCA-Anexo I-E,TotalDespesas,4318002,Despesas Empenhadas,23.695 - Turismo,2022,Total Geral da Despesa por Função
DCA-Anexo I-E,2022,DCA-Anexo I-E,TotalDespesas,4318002,Despesas Empenhadas,26 - Transporte,2022,Total Geral da Despesa por Função
DCA-Anexo I-E,2022,DCA-Anexo I-E,TotalDespesas,4318002,Despesas Empenhadas,26.781 - Transporte Aéreo,2022,Total Geral da Despesa por Função
DCA-Anexo I-E,2022,DCA-Anexo I-E,TotalDespesas,4318002,Despesas Empenhadas,26.782 - Transporte Rodoviário,2022,Total Geral da Despesa por Função
DCA-Anexo I-E,2022,DCA-Anexo I-E,TotalDespesas,4318002,Despesas Empenhadas,27 - Desporto e Lazer,2022,Total Geral da Despesa por Função
DCA-Anexo I-E,2022,DCA-Anexo I-E,TotalDespesas,4318002,Despesas Empenhadas,27.811 - Desporto de Rendimento,2022,Total Geral da Despesa por Função
DCA-Anexo I-E,2022,DCA-Anexo I-E,TotalDespesas,4318002,Despesas Empenhadas,27.812 - Desporto Comunitário,2022,Total Geral da Despesa por Função
DCA-Anexo I-E,2022,DCA-Anexo I-E,TotalDespesas,4318002,Despesas Empenhadas,28 - Encargos Especiais,2022,Total Geral da Despesa por Função
DCA-Anexo I-E,2022,DCA-Anexo I-E,TotalDespesas,4318002,Despesas Empenhadas,28.843 - Serviço da Dívida Interna,2022,Total Geral da Despesa por Função
DCA-Anexo I-E,2022,DCA-Anexo I-E,TotalDespesas,4318002,Despesas Empenhadas,Despesas Intraorçamentárias,2022,Total Geral da Despesa por Função
DCA-Anexo I-E,2022,DCA-Anexo I-E,TotalDespesas,4318002,Despesas Liquidadas,Despesas Exceto Intraorçamentárias,2022,Total Geral da Despesa por Função
DCA-Anexo I-E,2022,DCA-Anexo I-E,TotalDespesas,4318002,Despesas Liquidadas,01 - Legislativa,2022,Total Geral da Despesa por Função
DCA-Anexo I-E,2022,DCA-Anexo I-E,TotalDespesas,4318002,Despesas Liquidadas,01.031 - Ação Legislativa,2022,Total Geral da Despesa por Função
DCA-Anexo I-E,2022,DCA-Anexo I-E,TotalDespesas,4318002,Despesas Liquidadas,04 - Administração,2022,Total Geral da Despesa por Função
DCA-Anexo I-E,2022,DCA-Anexo I-E,TotalDespesas,4318002,Despesas Liquidadas,04.122 - Administração Geral,2022,Total Geral da Despesa por Função
DCA-Anexo I-E,2022,DCA-Anexo I-E,TotalDespesas,4318002,Despesas Liquidadas,04.124 - Controle Interno,2022,Total Geral da Despesa por Função
DCA-Anexo I-E,2022,DCA-Anexo I-E,TotalDespesas,4318002,Despesas Liquidadas,04.126 - Tecnologia da Informação,2022,Total Geral da Despesa por Função
DCA-Anexo I-E,2022,DCA-Anexo I-E,TotalDespesas,4318002,Despesas Liquidadas,06 - Segurança Pública,2022,Total Geral da Despesa por Função
DCA-Anexo I-E,2022,DCA-Anexo I-E,TotalDespesas,4318002,Despesas Liquidadas,06.181 - Policiamento,2022,Total Geral da Despesa por Função
DCA-Anexo I-E,2022,DCA-Anexo I-E,TotalDespesas,4318002,Despesas Liquidadas,06.182 - Defesa Civil,2022,Total Geral da Despesa por Função
DCA-Anexo I-E,2022,DCA-Anexo I-E,TotalDespesas,4318002,Despesas Liquidadas,FU06 - Demais Subfunções,2022,Total Geral da Despesa por Função
DCA-Anexo I-E,2022,DCA-Anexo I-E,TotalDespesas,4318002,Despesas Liquidadas,08 - Assistência Social,2022,Total Geral da Despesa por Função
DCA-Anexo I-E,2022,DCA-Anexo I-E,TotalDespesas,4318002,Despesas Liquidadas,08.241 - Assistência ao Idoso,2022,Total Geral da Despesa por Função
DCA-Anexo I-E,2022,DCA-Anexo I-E,TotalDespesas,4318002,Despesas Liquidadas,08.242 - Assistência ao Portador de Deficiência,2022,Total Geral da Despesa por Função
DCA-Anexo I-E,2022,DCA-Anexo I-E,TotalDespesas,4318002,Despesas Liquidadas,08.243 - Assistência à Criança e ao Adolescente,2022,Total Geral da Despesa por Função
DCA-Anexo I-E,2022,DCA-Anexo I-E,TotalDespesas,4318002,Despesas Liquidadas,08.244 - Assistência Comunitária,2022,Total Geral da Despesa por Função
DCA-Anexo I-E,2022,DCA-Anexo I-E,TotalDespesas,4318002,Despesas Liquidadas,08.122 - Administração Geral,2022,Total Geral da Despesa por Função
DCA-Anexo I-E,2022,DCA-Anexo I-E,TotalDespesas,4318002,Despesas Liquidadas,09 - Previdência Social,2022,Total Geral da Despesa por Função
DCA-Anexo I-E,2022,DCA-Anexo I-E,TotalDespesas,4318002,Despesas Liquidadas,09.272 - Previdência do Regime Estatutário,2022,Total Geral da Despesa por Função
DCA-Anexo I-E,2022,DCA-Anexo I-E,TotalDespesas,4318002,Despesas Liquidadas,09.122 - Administração Geral,2022,Total Geral da Despesa por Função
DCA-Anexo I-E,2022,DCA-Anexo I-E,TotalDespesas,4318002,Despesas Liquidadas,10 - Saúde,2022,Total Geral da Despesa por Função
DCA-Anexo I-E,2022,DCA-Anexo I-E,TotalDespesas,4318002,Despesas Liquidadas,10.301 - Atenção Básica,2022,Total Geral da Despesa por Função
DCA-Anexo I-E,2022,DCA-Anexo I-E,TotalDespesas,4318002,Despesas Liquidadas,10.302 - Assistência Hospitalar e Ambulatorial,2022,Total Geral da Despesa por Função
DCA-Anexo I-E,2022,DCA-Anexo I-E,TotalDespesas,4318002,Despesas Liquidadas,10.303 - Suporte Profilático e Terapêutico,2022,Total Geral da Despesa por Função
DCA-Anexo I-E,2022,DCA-Anexo I-E,TotalDespesas,4318002,Despesas Liquidadas,10.304 - Vigilância Sanitária,2022,Total Geral da Despesa por Função
DCA-Anexo I-E,2022,DCA-Anexo I-E,TotalDespesas,4318002,Despesas Liquidadas,10.305 - Vigilância Epidemiológica,2022,Total Geral da Despesa por Função
DCA-Anexo I-E,2022,DCA-Anexo I-E,TotalDespesas,4318002,Despesas Liquidadas,10.122 - Administração Geral,2022,Total Geral da Despesa por Função
DCA-Anexo I-E,2022,DCA-Anexo I-E,TotalDespesas,4318002,Despesas Liquidadas,11 - Trabalho,2022,Total Geral da Despesa por Função
DCA-Anexo I-E,2022,DCA-Anexo I-E,TotalDespesas,4318002,Despesas Liquidadas,11.334 - Fomento ao Trabalho,2022,Total Geral da Despesa por Função
DCA-Anexo I-E,2022,DCA-Anexo I-E,TotalDespesas,4318002,Despesas Liquidadas,12 - Educação,2022,Total Geral da Despesa por Função
DCA-Anexo I-E,2022,DCA-Anexo I-E,TotalDespesas,4318002,Despesas Liquidadas,12.361 - Ensino Fundamental,2022,Total Geral da Despesa por Função
DCA-Anexo I-E,2022,DCA-Anexo I-E,TotalDespesas,4318002,Despesas Liquidadas,12.362 - Ensino Médio,2022,Total Geral da Despesa por Função
DCA-Anexo I-E,2022,DCA-Anexo I-E,TotalDespesas,4318002,Despesas Liquidadas,12.365 - Educação Infantil,2022,Total Geral da Despesa por Função
DCA-Anexo I-E,2022,DCA-Anexo I-E,TotalDespesas,4318002,Despesas Liquidadas,12.366 - Educação de Jovens e Adultos,2022,Total Geral da Despesa por Função
DCA-Anexo I-E,2022,DCA-Anexo I-E,TotalDespesas,4318002,Despesas Liquidadas,12.122 - Administração Geral,2022,Total Geral da Despesa por Função
DCA-Anexo I-E,2022,DCA-Anexo I-E,TotalDespesas,4318002,Despesas Liquidadas,13 - Cultura,2022,Total Geral da Despesa por Função
DCA-Anexo I-E,2022,DCA-Anexo I-E,TotalDespesas,4318002,Despesas Liquidadas,13.392 - Difusão Cultural,2022,Total Geral da Despesa por Função
DCA-Anexo I-E,2022,DCA-Anexo I-E,TotalDespesas,4318002,Despesas Liquidadas,14 - Direitos da Cidadania,2022,Total Geral da Despesa por Função
DCA-Anexo I-E,2022,DCA-Anexo I-E,TotalDespesas,4318002,Despesas Liquidadas,"14.422 - Direitos Individuais, Coletivos e Difusos",2022,Total Geral da Despesa por Função
DCA-Anexo I-E,2022,DCA-Anexo I-E,TotalDespesas,4318002,Despesas Liquidadas,15 - Urbanismo,2022,Total Geral da Despesa por Função
DCA-Anexo I-E,2022,DCA-Anexo I-E,TotalDespesas,4318002,Despesas Liquidadas,15.451 - Infraestrutura Urbana,2022,Total Geral da Despesa por Função
DCA-Anexo I-E,2022,DCA-Anexo I-E,TotalDespesas,4318002,Despesas Liquidadas,15.452 - Serviços Urbanos,2022,Total Geral da Despesa por Função
DCA-Anexo I-E,2022,DCA-Anexo I-E,TotalDespesas,4318002,Despesas Liquidadas,15.453 - Transportes Coletivos Urbanos,2022,Total Geral da Despesa por Função
DCA-Anexo I-E,2022,DCA-Anexo I-E,TotalDespesas,4318002,Despesas Liquidadas,16 - Habitação,2022,Total Geral da Despesa por Função
DCA-Anexo I-E,2022,DCA-Anexo I-E,TotalDespesas,4318002,Despesas Liquidadas,16.482 - Habitação Urbana,2022,Total Geral da Despesa por Função
DCA-Anexo I-E,2022,DCA-Anexo I-E,TotalDespesas,4318002,Despesas Liquidadas,17 - Saneamento,2022,Total Geral da Despesa por Função
DCA-Anexo I-E,2022,DCA-Anexo I-E,TotalDespesas,4318002,Despesas Liquidadas,17.511 - Saneamento Básico Rural,2022,Total Geral da Despesa por Função
DCA-Anexo I-E,2022,DCA-Anexo I-E,TotalDespesas,4318002,Despesas Liquidadas,18 - Gestão Ambiental,2022,Total Geral da Despesa por Função
DCA-Anexo I-E,2022,DCA-Anexo I-E,TotalDespesas,4318002,Despesas Liquidadas,18.541 - Preservação e Conservação Ambiental,2022,Total Geral da Despesa por Função
DCA-Anexo I-E,2022,DCA-Anexo I-E,TotalDespesas,4318002,Despesas Liquidadas,20 - Agricultura,2022,Total Geral da Despesa por Função
DCA-Anexo I-E,2022,DCA-Anexo I-E,TotalDespesas,4318002,Despesas Liquidadas,20.606 - Extensão Rural,2022,Total Geral da Despesa por Função
DCA-Anexo I-E,2022,DCA-Anexo I-E,TotalDespesas,4318002,Despesas Liquidadas,20.122 - Administração Geral,2022,Total Geral da Despesa por Função
DCA-Anexo I-E,2022,DCA-Anexo I-E,TotalDespesas,4318002,Despesas Liquidadas,23 - Comércio e Serviços,2022,Total Geral da Despesa por Função
DCA-Anexo I-E,2022,DCA-Anexo I-E,TotalDespesas,4318002,Despesas Liquidadas,23.695 - Turismo,2022,Total Geral da Despesa por Função
DCA-Anexo I-E,2022,DCA-Anexo I-E,TotalDespesas,4318002,Despesas Liquidadas,26 - Transporte,2022,Total Geral da Despesa por Função
DCA-Anexo I-E,2022,DCA-Anexo I-E,TotalDespesas,4318002,Despesas Liquidadas,26.781 - Transporte Aéreo,2022,Total Geral da Despesa por Função
DCA-Anexo I-E,2022,DCA-Anexo I-E,TotalDespesas,4318002,Despesas Liquidadas,26.782 - Transporte Rodoviário,2022,Total Geral da Despesa por Função
DCA-Anexo I-E,2022,DCA-Anexo I-E,TotalDespesas,4318002,Despesas Liquidadas,27 - Desporto e Lazer,2022,Total Geral da Despesa por Função
DCA-Anexo I-E,2022,DCA-Anexo I-E,TotalDespesas,4318002,Despesas Liquidadas,27.811 - Desporto de Rendimento,2022,Total Geral da Despesa por Função
DCA-Anexo I-E,2022,DCA-Anexo I-E,TotalDespesas,4318002,Despesas Liquidadas,27.812 - Desporto Comunitário,2022,Total Geral da Despesa por Função
DCA-Anexo I-E,2022,DCA-Anexo I-E,TotalDespesas,4318002,Despesas Liquidadas,28 - Encargos Especiais,2022,Total Geral da Despesa por Função
DCA-Anexo I-E,2022,DCA-Anexo I-E,TotalDespesas,4318002,Despesas Liquidadas,28.843 - Serviço da Dívida Interna,2022,Total Geral da Despesa por Função
DCA-Anexo I-E,2022,DCA-Anexo I-E,TotalDespesas,4318002,Despesas Liquidadas,Despesas Intraorçamentárias,2022,Total Geral da Despesa por Função
DCA-Anexo I-E,2022,DCA-Anexo I-E,TotalDespesas,4318002,Despesas Pagas,Despesas Exceto Intraorçamentárias,2022,Total Geral da Despesa por Função
DCA-Anexo I-E,2022,DCA-Anexo I-E,TotalDespesas,4318002,Despesas Pagas,01 - Legislativa,2022,Total Geral da Despesa por Função
DCA-Anexo I-E,2022,DCA-Anexo I-E,TotalDespesas,4318002,Despesas Pagas,01.031 - Ação Legislativa,2022,Total Geral da Despesa por Função
DCA-Anexo I-E,2022,DCA-Anexo I-E,TotalDespesas,4318002,Despesas Pagas,04 - Administração,2022,Total Geral da Despesa por Função
DCA-Anexo I-E,2022,DCA-Anexo I-E,TotalDespesas,4318002,Despesas Pagas,04.122 - Administração Geral,2022,Total Geral da Despesa por Função
DCA-Anexo I-E,2022,DCA-Anexo I-E,TotalDespesas,4318002,Despesas Pagas,04.124 - Controle Interno,2022,Total Geral da Despesa por Função
DCA-Anexo I-E,2022,DCA-Anexo I-E,TotalDespesas,4318002,Despesas Pagas,04.126 - Tecnologia da Informação,2022,Total Geral da Despesa por Função
DCA-Anexo I-E,2022,DCA-Anexo I-E,TotalDespesas,4318002,Despesas Pagas,06 - Segurança Pública,2022,Total Geral da Despesa por Função
DCA-Anexo I-E,2022,DCA-Anexo I-E,TotalDespesas,4318002,Despesas Pagas,06.181 - Policiamento,2022,Total Geral da Despesa por Função
DCA-Anexo I-E,2022,DCA-Anexo I-E,TotalDespesas,4318002,Despesas Pagas,06.182 - Defesa Civil,2022,Total Geral da Despesa por Função
DCA-Anexo I-E,2022,DCA-Anexo I-E,TotalDespesas,4318002,Despesas Pagas,FU06 - Demais Subfunções,2022,Total Geral da Despesa por Função
DCA-Anexo I-E,2022,DCA-Anexo I-E,TotalDespesas,4318002,Despesas Pagas,08 - Assistência Social,2022,Total Geral da Despesa por Função
DCA-Anexo I-E,2022,DCA-Anexo I-E,TotalDespesas,4318002,Despesas Pagas,08.241 - Assistência ao Idoso,2022,Total Geral da Despesa por Função
DCA-Anexo I-E,2022,DCA-Anexo I-E,TotalDespesas,4318002,Despesas Pagas,08.242 - Assistência ao Portador de Deficiência,2022,Total Geral da Despesa por Função
DCA-Anexo I-E,2022,DCA-Anexo I-E,TotalDespesas,4318002,Despesas Pagas,08.243 - Assistência à Criança e ao Adolescente,2022,Total Geral da Despesa por Função
DCA-Anexo I-E,2022,DCA-Anexo I-E,TotalDespesas,4318002,Despesas Pagas,08.244 - Assistência Comunitária,2022,Total Geral da Despesa por Função
DCA-Anexo I-E,2022,DCA-Anexo I-E,TotalDespesas,4318002,Despesas Pagas,08.122 - Administração Geral,2022,Total Geral da Despesa por Função
DCA-Anexo I-E,2022,DCA-Anexo I-E,TotalDespesas,4318002,Despesas Pagas,09 - Previdência Social,2022,Total Geral da Despesa por Função
DCA-Anexo I-E,2022,DCA-Anexo I-E,TotalDespesas,4318002,Despesas Pagas,09.272 - Previdência do Regime Estatutário,2022,Total Geral da Despesa por Função
DCA-Anexo I-E,2022,DCA-Anexo I-E,TotalDespesas,4318002,Despesas Pagas,09.122 - Administração Geral,2022,Total Geral da Despesa por Função
DCA-Anexo I-E,2022,DCA-Anexo I-E,TotalDespesas,4318002,Despesas Pagas,10 - Saúde,2022,Total Geral da Despesa por Função
DCA-Anexo I-E,2022,DCA-Anexo I-E,TotalDespesas,4318002,Despesas Pagas,10.301 - Atenção Básica,2022,Total Geral da Despesa por Função
DCA-Anexo I-E,2022,DCA-Anexo I-E,TotalDespesas,4318002,Despesas Pagas,10.302 - Assistência Hospitalar e Ambulatorial,2022,Total Geral da Despesa por Função
DCA-Anexo I-E,2022,DCA-Anexo I-E,TotalDespesas,4318002,Despesas Pagas,10.303 - Suporte Profilático e Terapêutico,2022,Total Geral da Despesa por Função
DCA-Anexo I-E,2022,DCA-Anexo I-E,TotalDespesas,4318002,Despesas Pagas,10.304 - Vigilância Sanitária,2022,Total Geral da Despesa por Função
DCA-Anexo I-E,2022,DCA-Anexo I-E,TotalDespesas,4318002,Despesas Pagas,10.305 - Vigilância Epidemiológica,2022,Total Geral da Despesa por Função
DCA-Anexo I-E,2022,DCA-Anexo I-E,TotalDespesas,4318002,Despesas Pagas,10.122 - Administração Geral,2022,Total Geral da Despesa por Função
DCA-Anexo I-E,2022,DCA-Anexo I-E,TotalDespesas,4318002,Despesas Pagas,11 - Trabalho,2022,Total Geral da Despesa por Função
DCA-Anexo I-E,2022,DCA-Anexo I-E,TotalDespesas,4318002,Despesas Pagas,11.334 - Fomento ao Trabalho,2022,Total Geral da Despesa por Função
DCA-Anexo I-E,2022,DCA-Anexo I-E,TotalDespesas,4318002,Despesas Pagas,12 - Educação,2022,Total Geral da Despesa por Função
DCA-Anexo I-E,2022,DCA-Anexo I-E,TotalDespesas,4318002,Despesas Pagas,12.361 - Ensino Fundamental,2022,Total Geral da Despesa por Função
DCA-Anexo I-E,2022,DCA-Anexo I-E,TotalDespesas,4318002,Despesas Pagas,12.362 - Ensino Médio,2022,Total Geral da Despesa por Função
DCA-Anexo I-E,2022,DCA-Anexo I-E,TotalDespesas,4318002,Despesas Pagas,12.365 - Educação Infantil,2022,Total Geral da Despesa por Função
DCA-Anexo I-E,2022,DCA-Anexo I-E,TotalDespesas,4318002,Despesas Pagas,12.366 - Educação de Jovens e Adultos,2022,Total Geral da Despesa por Função
DCA-Anexo I-E,2022,DCA-Anexo I-E,TotalDespesas,4318002,Despesas Pagas,12.122 - Administração Geral,2022,Total Geral da Despesa por Função
DCA-Anexo I-E,2022,DCA-Anexo I-E,TotalDespesas,4318002,Despesas Pagas,13 - Cultura,2022,Total Geral da Despesa por Função
DCA-Anexo I-E,2022,DCA-Anexo I-E,TotalDespesas,4318002,Despesas Pagas,13.392 - Difusão Cultural,2022,Total Geral da Despesa por Função
DCA-Anexo I-E,2022,DCA-Anexo I-E,TotalDespesas,4318002,Despesas Pagas,14 - Direitos da Cidadania,2022,Total Geral da Despesa por Função
DCA-Anexo I-E,2022,DCA-Anexo I-E,TotalDespesas,4318002,Despesas Pagas,"14.422 - Direitos Individuais, Coletivos e Difusos",2022,Total Geral da Despesa por Função
DCA-Anexo I-E,2022,DCA-Anexo I-E,TotalDespesas,4318002,Despesas Pagas,15 - Urbanismo,2022,Total Geral da Despesa por Função
DCA-Anexo I-E,2022,DCA-Anexo I-E,TotalDespesas,4318002,Despesas Pagas,15.451 - Infraestrutura Urbana,2022,Total Geral da Despesa por Função
DCA-Anexo I-E,2022,DCA-Anexo I-E,TotalDespesas,4318002,Despesas Pagas,15.452 - Serviços Urbanos,2022,Total Geral da Despesa por Função
DCA-Anexo I-E,2022,DCA-Anexo I-E,TotalDespesas,4318002,Despesas Pagas,15.453 - Transportes Coletivos Urbanos,2022,Total Geral da Despesa por Função
DCA-Anexo I-E,2022,DCA-Anexo I-E,TotalDespesas,4318002,Despesas Pagas,16 - Habitação,2022,Total Geral da Despesa por Função
DCA-Anexo I-E,2022,DCA-Anexo I-E,TotalDespesas,4318002,Despesas Pagas,16.482 - Habitação Urbana,2022,Total Geral da Despesa por Função
DCA-Anexo I-E,2022,DCA-Anexo I-E,TotalDespesas,4318002,Despesas Pagas,17 - Saneamento,2022,Total Geral da Despesa por Função
DCA-Anexo I-E,2022,DCA-Anexo I-E,TotalDespesas,4318002,Despesas Pagas,17.511 - Saneamento Básico Rural,2022,Total Geral da Despesa por Função
DCA-Anexo I-E,2022,DCA-Anexo I-E,TotalDespesas,4318002,Despesas Pagas,18 - Gestão Ambiental,2022,Total Geral da Despesa por Função
DCA-Anexo I-E,2022,DCA-Anexo I-E,TotalDespesas,4318002,Despesas Pagas,18.541 - Preservação e Conservação Ambiental,2022,Total Geral da Despesa por Função
DCA-Anexo I-E,2022,DCA-Anexo I-E,TotalDespesas,4318002,Despesas Pagas,20 - Agricultura,2022,Total Geral da Despesa por Função
DCA-Anexo I-E,2022,DCA-Anexo I-E,TotalDespesas,4318002,Despesas Pagas,20.606 - Extensão Rural,2022,Total Geral da Despesa por Função
DCA-Anexo I-E,2022,DCA-Anexo I-E,TotalDespesas,4318002,Despesas Pagas,20.122 - Administração Geral,2022,Total Geral da Despesa por Função
DCA-Anexo I-E,2022,DCA-Anexo I-E,TotalDespesas,4318002,Despesas Pagas,23 - Comércio e Serviços,2022,Total Geral da Despesa por Função
DCA-Anexo I-E,2022,DCA-Anexo I-E,TotalDespesas,4318002,Despesas Pagas,23.695 - Turismo,2022,Total Geral da Despesa por Função
DCA-Anexo I-E,2022,DCA-Anexo I-E,TotalDespesas,4318002,Despesas Pagas,26 - Transporte,2022,Total Geral da Despesa por Função
DCA-Anexo I-E,2022,DCA-Anexo I-E,TotalDespesas,4318002,Despesas Pagas,26.781 - Transporte Aéreo,2022,Total Geral da Despesa por Função
DCA-Anexo I-E,2022,DCA-Anexo I-E,TotalDespesas,4318002,Despesas Pagas,26.782 - Transporte Rodoviário,2022,Total Geral da Despesa por Função
DCA-Anexo I-E,2022,DCA-Anexo I-E,TotalDespesas,4318002,Despesas Pagas,27 - Desporto e Lazer,2022,Total Geral da Despesa por Função
DCA-Anexo I-E,2022,DCA-Anexo I-E,TotalDespesas,4318002,Despesas Pagas,27.811 - Desporto de Rendimento,2022,Total Geral da Despesa por Função
DCA-Anexo I-E,2022,DCA-Anexo I-E,TotalDespesas,4318002,Despesas Pagas,27.812 - Desporto Comunitário,2022,Total Geral da Despesa por Função
DCA-Anexo I-E,2022,DCA-Anexo I-E,TotalDespesas,4318002,Despesas Pagas,28 - Encargos Especiais,2022,Total Geral da Despesa por Função
DCA-Anexo I-E,2022,DCA-Anexo I-E,TotalDespesas,4318002,Despesas Pagas,28.843 - Serviço da Dívida Interna,2022,Total Geral da Despesa por Função
DCA-Anexo I-E,2022,DCA-Anexo I-E,TotalDespesas,4318002,Despesas Pagas,Despesas Intraorçamentárias,2022,Total Geral da Despesa por Função
DCA-Anexo I-E,2022,DCA-Anexo I-E,TotalDespesas,4318002,Inscrição de Restos a Pagar Não Processados,Despesas Exceto Intraorçamentárias,2022,Total Geral da Despesa por Função
DCA-Anexo I-E,2022,DCA-Anexo I-E,TotalDespesas,4318002,Inscrição de Restos a Pagar Não Processados,01 - Legislativa,2022,Total Geral da Despesa por Função
DCA-Anexo I-E,2022,DCA-Anexo I-E,TotalDespesas,4318002,Inscrição de Restos a Pagar Não Processados,01.031 - Ação Legislativa,2022,Total Geral da Despesa por Função
DCA-Anexo I-E,2022,DCA-Anexo I-E,TotalDespesas,4318002,Inscrição de Restos a Pagar Não Processados,04 - Administração,2022,Total Geral da Despesa por Função
DCA-Anexo I-E,2022,DCA-Anexo I-E,TotalDespesas,4318002,Inscrição de Restos a Pagar Não Processados,04.122 - Administração Geral,2022,Total Geral da Despesa por Função
DCA-Anexo I-E,2022,DCA-Anexo I-E,TotalDespesas,4318002,Inscrição de Restos a Pagar Não Processados,04.126 - Tecnologia da Informação,2022,Total Geral da Despesa por Função
DCA-Anexo I-E,2022,DCA-Anexo I-E,TotalDespesas,4318002,Inscrição de Restos a Pagar Não Processados,06 - Segurança Pública,2022,Total Geral da Despesa por Função
DCA-Anexo I-E,2022,DCA-Anexo I-E,TotalDespesas,4318002,Inscrição de Restos a Pagar Não Processados,06.181 - Policiamento,2022,Total Geral da Despesa por Função
DCA-Anexo I-E,2022,DCA-Anexo I-E,TotalDespesas,4318002,Inscrição de Restos a Pagar Não Processados,06.182 - Defesa Civil,2022,Total Geral da Despesa por Função
DCA-Anexo I-E,2022,DCA-Anexo I-E,TotalDespesas,4318002,Inscrição de Restos a Pagar Não Processados,08 - Assistência Social,2022,Total Geral da Despesa por Função
DCA-Anexo I-E,2022,DCA-Anexo I-E,TotalDespesas,4318002,Inscrição de Restos a Pagar Não Processados,08.241 - Assistência ao Idoso,2022,Total Geral da Despesa por Função
DCA-Anexo I-E,2022,DCA-Anexo I-E,TotalDespesas,4318002,Inscrição de Restos a Pagar Não Processados,08.243 - Assistência à Criança e ao Adolescente,2022,Total Geral da Despesa por Função
DCA-Anexo I-E,2022,DCA-Anexo I-E,TotalDespesas,4318002,Inscrição de Restos a Pagar Não Processados,08.244 - Assistência Comunitária,2022,Total Geral da Despesa por Função
DCA-Anexo I-E,2022,DCA-Anexo I-E,TotalDespesas,4318002,Inscrição de Restos a Pagar Não Processados,10 - Saúde,2022,Total Geral da Despesa por Função
DCA-Anexo I-E,2022,DCA-Anexo I-E,TotalDespesas,4318002,Inscrição de Restos a Pagar Não Processados,10.301 - Atenção Básica,2022,Total Geral da Despesa por Função
DCA-Anexo I-E,2022,DCA-Anexo I-E,TotalDespesas,4318002,Inscrição de Restos a Pagar Não Processados,10.302 - Assistência Hospitalar e Ambulatorial,2022,Total Geral da Despesa por Função
DCA-Anexo I-E,2022,DCA-Anexo I-E,TotalDespesas,4318002,Inscrição de Restos a Pagar Não Processados,10.303 - Suporte Profilático e Terapêutico,2022,Total Geral da Despesa por Função
DCA-Anexo I-E,2022,DCA-Anexo I-E,TotalDespesas,4318002,Inscrição de Restos a Pagar Não Processados,10.304 - Vigilância Sanitária,2022,Total Geral da Despesa por Função
DCA-Anexo I-E,2022,DCA-Anexo I-E,TotalDespesas,4318002,Inscrição de Restos a Pagar Não Processados,10.122 - Administração Geral,2022,Total Geral da Despesa por Função
DCA-Anexo I-E,2022,DCA-Anexo I-E,TotalDespesas,4318002,Inscrição de Restos a Pagar Não Processados,12 - Educação,2022,Total Geral da Despesa por Função
DCA-Anexo I-E,2022,DCA-Anexo I-E,TotalDespesas,4318002,Inscrição de Restos a Pagar Não Processados,12.361 - Ensino Fundamental,2022,Total Geral da Despesa por Função
DCA-Anexo I-E,2022,DCA-Anexo I-E,TotalDespesas,4318002,Inscrição de Restos a Pagar Não Processados,12.362 - Ensino Médio,2022,Total Geral da Despesa por Função
DCA-Anexo I-E,2022,DCA-Anexo I-E,TotalDespesas,4318002,Inscrição de Restos a Pagar Não Processados,12.365 - Educação Infantil,2022,Total Geral da Despesa por Função
DCA-Anexo I-E,2022,DCA-Anexo I-E,TotalDespesas,4318002,Inscrição de Restos a Pagar Não Processados,12.122 - Administração Geral,2022,Total Geral da Despesa por Função
DCA-Anexo I-E,2022,DCA-Anexo I-E,TotalDespesas,4318002,Inscrição de Restos a Pagar Não Processados,13 - Cultura,2022,Total Geral da Despesa por Função
DCA-Anexo I-E,2022,DCA-Anexo I-E,TotalDespesas,4318002,Inscrição de Restos a Pagar Não Processados,13.392 - Difusão Cultural,2022,Total Geral da Despesa por Função
DCA-Anexo I-E,2022,DCA-Anexo I-E,TotalDespesas,4318002,Inscrição de Restos a Pagar Não Processados,14 - Direitos da Cidadania,2022,Total Geral da Despesa por Função
DCA-Anexo I-E,2022,DCA-Anexo I-E,TotalDespesas,4318002,Inscrição de Restos a Pagar Não Processados,"14.422 - Direitos Individuais, Coletivos e Difusos",2022,Total Geral da Despesa por Função
DCA-Anexo I-E,2022,DCA-Anexo I-E,TotalDespesas,4318002,Inscrição de Restos a Pagar Não Processados,15 - Urbanismo,2022,Total Geral da Despesa por Função
DCA-Anexo I-E,2022,DCA-Anexo I-E,TotalDespesas,4318002,Inscrição de Restos a Pagar Não Processados,15.451 - Infraestrutura Urbana,2022,Total Geral da Despesa por Função
DCA-Anexo I-E,2022,DCA-Anexo I-E,TotalDespesas,4318002,Inscrição de Restos a Pagar Não Processados,15.452 - Serviços Urbanos,2022,Total Geral da Despesa por Função
DCA-Anexo I-E,2022,DCA-Anexo I-E,TotalDespesas,4318002,Inscrição de Restos a Pagar Não Processados,17 - Saneamento,2022,Total Geral da Despesa por Função
DCA-Anexo I-E,2022,DCA-Anexo I-E,TotalDespesas,4318002,Inscrição de Restos a Pagar Não Processados,17.511 - Saneamento Básico Rural,2022,Total Geral da Despesa por Função
DCA-Anexo I-E,2022,DCA-Anexo I-E,TotalDespesas,4318002,Inscrição de Restos a Pagar Não Processados,20 - Agricultura,2022,Total Geral da Despesa por Função
DCA-Anexo I-E,2022,DCA-Anexo I-E,TotalDespesas,4318002,Inscrição de Restos a Pagar Não Processados,20.606 - Extensão Rural,2022,Total Geral da Despesa por Função
DCA-Anexo I-E,2022,DCA-Anexo I-E,TotalDespesas,4318002,Inscrição de Restos a Pagar Não Processados,20.122 - Administração Geral,2022,Total Geral da Despesa por Função
DCA-Anexo I-E,2022,DCA-Anexo I-E,TotalDespesas,4318002,Inscrição de Restos a Pagar Não Processados,23 - Comércio e Serviços,2022,Total Geral da Despesa por Função
DCA-Anexo I-E,2022,DCA-Anexo I-E,TotalDespesas,4318002,Inscrição de Restos a Pagar Não Processados,23.695 - Turismo,2022,Total Geral da Despesa por Função
DCA-Anexo I-E,2022,DCA-Anexo I-E,TotalDespesas,4318002,Inscrição de Restos a Pagar Não Processados,26 - Transporte,2022,Total Geral da Despesa por Função
DCA-Anexo I-E,2022,DCA-Anexo I-E,TotalDespesas,4318002,Inscrição de Restos a Pagar Não Processados,26.781 - Transporte Aéreo,2022,Total Geral da Despesa por Função
DCA-Anexo I-E,2022,DCA-Anexo I-E,TotalDespesas,4318002,Inscrição de Restos a Pagar Não Processados,26.782 - Transporte Rodoviário,2022,Total Geral da Despesa por Função
DCA-Anexo I-E,2022,DCA-Anexo I-E,TotalDespesas,4318002,Inscrição de Restos a Pagar Não Processados,27 - Desporto e Lazer,2022,Total Geral da Despesa por Função
DCA-Anexo I-E,2022,DCA-Anexo I-E,TotalDespesas,4318002,Inscrição de Restos a Pagar Não Processados,27.812 - Desporto Comunitário,2022,Total Geral da Despesa por Função
DCA-Anexo I-E,2022,DCA-Anexo I-E,TotalDespesas,4318002,Inscrição de Restos a Pagar Processados,Despesas Exceto Intraorçamentárias,2022,Total Geral da Despesa por Função
DCA-Anexo I-E,2022,DCA-Anexo I-E,TotalDespesas,4318002,Inscrição de Restos a Pagar Processados,04 - Administração,2022,Total Geral da Despesa por Função
DCA-Anexo I-E,2022,DCA-Anexo I-E,TotalDespesas,4318002,Inscrição de Restos a Pagar Processados,04.122 - Administração Geral,2022,Total Geral da Despesa por Função
DCA-Anexo I-E,2022,DCA-Anexo I-E,TotalDespesas,4318002,Inscrição de Restos a Pagar Processados,04.124 - Controle Interno,2022,Total Geral da Despesa por Função
DCA-Anexo I-E,2022,DCA-Anexo I-E,TotalDespesas,4318002,Inscrição de Restos a Pagar Processados,04.126 - Tecnologia da Informação,2022,Total Geral da Despesa por Função
DCA-Anexo I-E,2022,DCA-Anexo I-E,TotalDespesas,4318002,Inscrição de Restos a Pagar Processados,06 - Segurança Pública,2022,Total Geral da Despesa por Função
DCA-Anexo I-E,2022,DCA-Anexo I-E,TotalDespesas,4318002,Inscrição de Restos a Pagar Processados,06.181 - Policiamento,2022,Total Geral da Despesa por Função
DCA-Anexo I-E,2022,DCA-Anexo I-E,TotalDespesas,4318002,Inscrição de Restos a Pagar Processados,06.182 - Defesa Civil,2022,Total Geral da Despesa por Função
DCA-Anexo I-E,2022,DCA-Anexo I-E,TotalDespesas,4318002,Inscrição de Restos a Pagar Processados,08 - Assistência Social,2022,Total Geral da Despesa por Função
DCA-Anexo I-E,2022,DCA-Anexo I-E,TotalDespesas,4318002,Inscrição de Restos a Pagar Processados,08.243 - Assistência à Criança e ao Adolescente,2022,Total Geral da Despesa por Função
DCA-Anexo I-E,2022,DCA-Anexo I-E,TotalDespesas,4318002,Inscrição de Restos a Pagar Processados,08.244 - Assistência Comunitária,2022,Total Geral da Despesa por Função
DCA-Anexo I-E,2022,DCA-Anexo I-E,TotalDespesas,4318002,Inscrição de Restos a Pagar Processados,08.122 - Administração Geral,2022,Total Geral da Despesa por Função
DCA-Anexo I-E,2022,DCA-Anexo I-E,TotalDespesas,4318002,Inscrição de Restos a Pagar Processados,10 - Saúde,2022,Total Geral da Despesa por Função
DCA-Anexo I-E,2022,DCA-Anexo I-E,TotalDespesas,4318002,Inscrição de Restos a Pagar Processados,10.301 - Atenção Básica,2022,Total Geral da Despesa por Função
DCA-Anexo I-E,2022,DCA-Anexo I-E,TotalDespesas,4318002,Inscrição de Restos a Pagar Processados,10.302 - Assistência Hospitalar e Ambulatorial,2022,Total Geral da Despesa por Função
DCA-Anexo I-E,2022,DCA-Anexo I-E,TotalDespesas,4318002,Inscrição de Restos a Pagar Processados,10.303 - Suporte Profilático e Terapêutico,2022,Total Geral da Despesa por Função
DCA-Anexo I-E,2022,DCA-Anexo I-E,TotalDespesas,4318002,Inscrição de Restos a Pagar Processados,10.122 - Administração Geral,2022,Total Geral da Despesa por Função
DCA-Anexo I-E,2022,DCA-Anexo I-E,TotalDespesas,4318002,Inscrição de Restos a Pagar Processados,12 - Educação,2022,Total Geral da Despesa por Função
DCA-Anexo I-E,2022,DCA-Anexo I-E,TotalDespesas,4318002,Inscrição de Restos a Pagar Processados,12.361 - Ensino Fundamental,2022,Total Geral da Despesa por Função
DCA-Anexo I-E,2022,DCA-Anexo I-E,TotalDespesas,4318002,Inscrição de Restos a Pagar Processados,12.362 - Ensino Médio,2022,Total Geral da Despesa por Função
DCA-Anexo I-E,2022,DCA-Anexo I-E,TotalDespesas,4318002,Inscrição de Restos a Pagar Processados,12.365 - Educação Infantil,2022,Total Geral da Despesa por Função
DCA-Anexo I-E,2022,DCA-Anexo I-E,TotalDespesas,4318002,Inscrição de Restos a Pagar Processados,12.122 - Administração Geral,2022,Total Geral da Despesa por Função
DCA-Anexo I-E,2022,DCA-Anexo I-E,TotalDespesas,4318002,Inscrição de Restos a Pagar Processados,13 - Cultura,2022,Total Geral da Despesa por Função
DCA-Anexo I-E,2022,DCA-Anexo I-E,TotalDespesas,4318002,Inscrição de Restos a Pagar Processados,13.392 - Difusão Cultural,2022,Total Geral da Despesa por Função
DCA-Anexo I-E,2022,DCA-Anexo I-E,TotalDespesas,4318002,Inscrição de Restos a Pagar Processados,15 - Urbanismo,2022,Total Geral da Despesa por Função
DCA-Anexo I-E,2022,DCA-Anexo I-E,TotalDespesas,4318002,Inscrição de Restos a Pagar Processados,15.451 - Infraestrutura Urbana,2022,Total Geral da Despesa por Função
DCA-Anexo I-E,2022,DCA-Anexo I-E,TotalDespesas,4318002,Inscrição de Restos a Pagar Processados,15.452 - Serviços Urbanos,2022,Total Geral da Despesa por Função
DCA-Anexo I-E,2022,DCA-Anexo I-E,TotalDespesas,4318002,Inscrição de Restos a Pagar Processados,23 - Comércio e Serviços,2022,Total Geral da Despesa por Função
DCA-Anexo I-E,2022,DCA-Anexo I-E,TotalDespesas,4318002,Inscrição de Restos a Pagar Processados,23.695 - Turismo,2022,Total Geral da Despesa por Função
DCA-Anexo I-E,2022,DCA-Anexo I-E,TotalDespesas,4318002,Inscrição de Restos a Pagar Processados,27 - Desporto e Lazer,2022,Total Geral da Despesa por Função
DCA-Anexo I-E,2022,DCA-Anexo I-E,TotalDespesas,4318002,Inscrição de Restos a Pagar Processados,27.812 - Desporto Comunitário,2022,Total Geral da Despesa por Função
DCA-Anexo I-E,2022,DCA-Anexo I-E,TotalDespesas,4318002,Inscrição de Restos a Pagar Processados,28 - Encargos Especiais,2022,Total Geral da Despesa por Função
DCA-Anexo I-E,2022,DCA-Anexo I-E,TotalDespesas,4318002,Inscrição de Restos a Pagar Processados,28.843 - Serviço da Dívida Interna,2022,Total Geral da Despesa por Função
DCA-Anexo I-E,2022,DCA-Anexo I-E,TotalDespesas,4318002,Inscrição de Restos a Pagar Processados,Despesas Intraorçamentárias,2022,Total Geral da Despesa por Função
DCA-Anexo I-C,2023,DCA-Anexo I-C,ReceitasExcetoIntraOrcamentarias,4318002,Receitas Brutas Realizadas,RECEITAS (EXCETO INTRA-ORÇAMENTÁRIAS) (I),2023,Padrão
DCA-Anexo I-C,2023,DCA-Anexo I-C,ReceitasExcetoIntraOrcamentarias,4318002,Deduções - FUNDEB,RECEITAS (EXCETO INTRA-ORÇAMENTÁRIAS) (I),2023,Padrão
DCA-Anexo I-C,2023,DCA-Anexo I-C,ReceitasExcetoIntraOrcamentarias,4318002,Outras Deduções da Receita,RECEITAS (EXCETO INTRA-ORÇAMENTÁRIAS) (I),2023,Padrão
DCA-Anexo I-C,2023,DCA-Anexo I-C,RO1.0.0.0.00.0.0,4318002,Receitas Brutas Realizadas,1.0.0.0.00.0.0 - Receitas Correntes,2023,Padrão
DCA-Anexo I-C,2023,DCA-Anexo I-C,RO1.0.0.0.00.0.0,4318002,Deduções - FUNDEB,1.0.0.0.00.0.0 - Receitas Correntes,2023,Padrão
DCA-Anexo I-C,2023,DCA-Anexo I-C,RO1.0.0.0.00.0.0,4318002,Outras Deduções da Receita,1.0.0.0.00.0.0 - Receitas Correntes,2023,Padrão
DCA-Anexo I-C,2023,DCA-Anexo I-C,RO1.1.0.0.00.0.0,4318002,Receitas Brutas Realizadas,"1.1.0.0.00.0.0 - Impostos, Taxas e Contribuições de Melhoria",2023,Padrão
DCA-Anexo I-C,2023,DCA-Anexo I-C,RO1.1.0.0.00.0.0,4318002,Outras Deduções da Receita,"1.1.0.0.00.0.0 - Impostos, Taxas e Contribuições de Melhoria",2023,Padrão
DCA-Anexo I-C,2023,DCA-Anexo I-C,RO1.1.1.0.00.0.0,4318002,Receitas Brutas Realizadas,1.1.1.0.00.0.0 - Impostos,2023,Padrão
DCA-Anexo I-C,2023,DCA-Anexo I-C,RO1.1.1.0.00.0.0,4318002,Outras Deduções da Receita,1.1.1.0.00.0.0 - Impostos,2023,Padrão
DCA-Anexo I-C,2023,DCA-Anexo I-C,RO1.1.1.2.00.0.0,4318002,Receitas Brutas Realizadas,1.1.1.2.00.0.0 - Impostos sobre o Patrimônio,2023,Padrão
DCA-Anexo I-C,2023,DCA-Anexo I-C,RO1.1.1.2.00.0.0,4318002,Outras Deduções da Receita,1.1.1.2.00.0.0 - Impostos sobre o Patrimônio,2023,Padrão
DCA-Anexo I-C,2023,DCA-Anexo I-C,RO1.1.1.2.50.0.0,4318002,Receitas Brutas Realizadas,1.1.1.2.50.0.0 - Imposto sobre a Propriedade Predial e Territorial Urbana,2023,Padrão
DCA-Anexo I-C,2023,DCA-Anexo I-C,RO1.1.1.2.50.0.0,4318002,Outras Deduções da Receita,1.1.1.2.50.0.0 - Imposto sobre a Propriedade Predial e Territorial Urbana,2023,Padrão
DCA-Anexo I-C,2023,DCA-Anexo I-C,RO1.1.1.2.53.0.0,4318002,Receitas Brutas Realizadas,"1.1.1.2.53.0.0 - Impostos sobre Transmissão ""Inter Vivos"" de Bens Imóveis e de Direitos Reais sobre Imóveis",2023,Padrão
DCA-Anexo I-C,2023,DCA-Anexo I-C,RO1.1.1.2.53.0.0,4318002,Outras Deduções da Receita,"1.1.1.2.53.0.0 - Impostos sobre Transmissão ""Inter Vivos"" de Bens Imóveis e de Direitos Reais sobre Imóveis",2023,Padrão
DCA-Anexo I-C,2023,DCA-Anexo I-C,RO1.1.1.3.00.0.0,4318002,Receitas Brutas Realizadas,1.1.1.3.00.0.0 - Impostos sobre a Renda e Proventos de Qualquer Natureza,2023,Padrão
DCA-Anexo I-C,2023,DCA-Anexo I-C,RO1.1.1.3.03.0.0,4318002,Receitas Brutas Realizadas,1.1.1.3.03.0.0 - Imposto sobre a Renda - Retido na Fonte,2023,Padrão
DCA-Anexo I-C,2023,DCA-Anexo I-C,RO1.1.1.3.03.1.0,4318002,Receitas Brutas Realizadas,1.1.1.3.03.1.0 - Imposto sobre a Renda - Retido na Fonte - Trabalho,2023,Padrão
DCA-Anexo I-C,2023,DCA-Anexo I-C,RO1.1.1.3.03.4.0,4318002,Receitas Brutas Realizadas,1.1.1.3.03.4.0 - Imposto sobre a Renda - Retido na Fonte - Outros Rendimentos,2023,Padrão
DCA-Anexo I-C,2023,DCA-Anexo I-C,RO1.1.1.4.00.0.0,4318002,Receitas Brutas Realizadas,1.1.1.4.00.0.0 - Impostos sobre a Produção e Circulação de Mercadorias e Serviços,2023,Padrão
DCA-Anexo I-C,2023,DCA-Anexo I-C,RO1.1.1.4.00.0.0,4318002,Outras Deduções da Receita,1.1.1.4.00.0.0 - Impostos sobre a Produção e Circulação de Mercadorias e Serviços,2023,Padrão
DCA-Anexo I-C,2023,DCA-Anexo I-C,RO1.1.1.4.51.0.0,4318002,Receitas Brutas Realizadas,1.1.1.4.51.0.0 - Impostos sobre Serviços,2023,Padrão
DCA-Anexo I-C,2023,DCA-Anexo I-C,RO1.1.1.4.51.0.0,4318002,Outras Deduções da Receita,1.1.1.4.51.0.0 - Impostos sobre Serviços,2023,Padrão
DCA-Anexo I-C,2023,DCA-Anexo I-C,RO1.1.1.4.51.1.0,4318002,Receitas Brutas Realizadas,1.1.1.4.51.1.0 - Imposto sobre Serviços de Qualquer Natureza - ISSQN,2023,Padrão
DCA-Anexo I-C,2023,DCA-Anexo I-C,RO1.1.1.4.51.1.0,4318002,Outras Deduções da Receita,1.1.1.4.51.1.0 - Imposto sobre Serviços de Qualquer Natureza - ISSQN,2023,Padrão
DCA-Anexo I-C,2023,DCA-Anexo I-C,RO1.1.2.0.00.0.0,4318002,Receitas Brutas Realizadas,1.1.2.0.00.0.0 - Taxas,2023,Padrão
DCA-Anexo I-C,2023,DCA-Anexo I-C,RO1.1.2.0.00.0.0,4318002,Outras Deduções da Receita,1.1.2.0.00.0.0 - Taxas,2023,Padrão
DCA-Anexo I-C,2023,DCA-Anexo I-C,RO1.1.2.1.00.0.0,4318002,Receitas Brutas Realizadas,1.1.2.1.00.0.0 - Taxas pelo Exercício do Poder de Polícia,2023,Padrão
DCA-Anexo I-C,2023,DCA-Anexo I-C,RO1.1.2.1.00.0.0,4318002,Outras Deduções da Receita,1.1.2.1.00.0.0 - Taxas pelo Exercício do Poder de Polícia,2023,Padrão
DCA-Anexo I-C,2023,DCA-Anexo I-C,RO1.1.2.1.01.0.0,4318002,Receitas Brutas Realizadas,"1.1.2.1.01.0.0 - Taxas de Inspeção, Controle e Fiscalização",2023,Padrão
DCA-Anexo I-C,2023,DCA-Anexo I-C,RO1.1.2.1.01.0.0,4318002,Outras Deduções da Receita,"1.1.2.1.01.0.0 - Taxas de Inspeção, Controle e Fiscalização",2023,Padrão
DCA-Anexo I-C,2023,DCA-Anexo I-C,RO1.1.2.1.50.0.0,4318002,Receitas Brutas Realizadas,1.1.2.1.50.0.0 - Taxa de Fiscalização de Vigilância Sanitária,2023,Padrão
DCA-Anexo I-C,2023,DCA-Anexo I-C,RO1.1.2.1.50.0.0,4318002,Outras Deduções da Receita,1.1.2.1.50.0.0 - Taxa de Fiscalização de Vigilância Sanitária,2023,Padrão
DCA-Anexo I-C,2023,DCA-Anexo I-C,RO1.1.2.2.00.0.0,4318002,Receitas Brutas Realizadas,1.1.2.2.00.0.0 - Taxas pela Prestação de Serviços,2023,Padrão
DCA-Anexo I-C,2023,DCA-Anexo I-C,RO1.1.2.2.00.0.0,4318002,Outras Deduções da Receita,1.1.2.2.00.0.0 - Taxas pela Prestação de Serviços,2023,Padrão
DCA-Anexo I-C,2023,DCA-Anexo I-C,RO1.1.2.2.01.0.0,4318002,Receitas Brutas Realizadas,1.1.2.2.01.0.0 - Taxas pela Prestação de Serviços em Geral,2023,Padrão
DCA-Anexo I-C,2023,DCA-Anexo I-C,RO1.1.2.2.01.0.0,4318002,Outras Deduções da Receita,1.1.2.2.01.0.0 - Taxas pela Prestação de Serviços em Geral,2023,Padrão
DCA-Anexo I-C,2023,DCA-Anexo I-C,RO1.2.0.0.00.0.0,4318002,Receitas Brutas Realizadas,1.2.0.0.00.0.0 - Contribuições,2023,Padrão
DCA-Anexo I-C,2023,DCA-Anexo I-C,RO1.2.1.0.00.0.0,4318002,Receitas Brutas Realizadas,1.2.1.0.00.0.0 - Contribuições Sociais,2023,Padrão
DCA-Anexo I-C,2023,DCA-Anexo I-C,RO1.2.1.5.00.0.0,4318002,Receitas Brutas Realizadas,1.2.1.5.00.0.0 - Contribuições para Regimes Próprios de Previdência e Sistema de Proteção Social,2023,Padrão
DCA-Anexo I-C,2023,DCA-Anexo I-C,RO1.2.1.5.01.0.0,4318002,Receitas Brutas Realizadas,1.2.1.5.01.0.0 - Contribuição do Servidor Civil,2023,Padrão
DCA-Anexo I-C,2023,DCA-Anexo I-C,RO1.2.1.5.01.1.0,4318002,Receitas Brutas Realizadas,1.2.1.5.01.1.0 - Contribuição do Servidor Civil Ativo,2023,Padrão
DCA-Anexo I-C,2023,DCA-Anexo I-C,RO1.2.1.5.01.2.0,4318002,Receitas Brutas Realizadas,1.2.1.5.01.2.0 - Contribuição do Servidor Civil Inativo,2023,Padrão
DCA-Anexo I-C,2023,DCA-Anexo I-C,RO1.2.1.5.03.0.0,4318002,Receitas Brutas Realizadas,1.2.1.5.03.0.0 - Contribuição do Servidor Civil - Parcelamentos,2023,Padrão
DCA-Anexo I-C,2023,DCA-Anexo I-C,RO1.2.4.0.00.0.0,4318002,Receitas Brutas Realizadas,1.2.4.0.00.0.0 - Contribuição para o Custeio do Serviço de Iluminação Pública,2023,Padrão
DCA-Anexo I-C,2023,DCA-Anexo I-C,RO1.3.0.0.00.0.0,4318002,Receitas Brutas Realizadas,1.3.0.0.00.0.0 - Receita Patrimonial,2023,Padrão
DCA-Anexo I-C,2023,DCA-Anexo I-C,RO1.3.0.0.00.0.0,4318002,Outras Deduções da Receita,1.3.0.0.00.0.0 - Receita Patrimonial,2023,Padrão
DCA-Anexo I-C,2023,DCA-Anexo I-C,RO1.3.1.0.00.0.0,4318002,Receitas Brutas Realizadas,1.3.1.0.00.0.0 - Exploração do Patrimônio Imobiliário do Estado,2023,Padrão
DCA-Anexo I-C,2023,DCA-Anexo I-C,RO1.3.1.0.00.0.0,4318002,Outras Deduções da Receita,1.3.1.0.00.0.0 - Exploração do Patrimônio Imobiliário do Estado,2023,Padrão
DCA-Anexo I-C,2023,DCA-Anexo I-C,RO1.3.1.1.00.0.0,4318002,Receitas Brutas Realizadas,1.3.1.1.00.0.0 - Exploração do Patrimônio Imobiliário do Estado,2023,Padrão
DCA-Anexo I-C,2023,DCA-Anexo I-C,RO1.3.1.1.00.0.0,4318002,Outras Deduções da Receita,1.3.1.1.00.0.0 - Exploração do Patrimônio Imobiliário do Estado,2023,Padrão
DCA-Anexo I-C,2023,DCA-Anexo I-C,RO1.3.1.1.01.0.0,4318002,Receitas Brutas Realizadas,"1.3.1.1.01.0.0 - Aluguéis, Arrendamentos, Foros, Laudêmios, Tarifas de Ocupação",2023,Padrão
DCA-Anexo I-C,2023,DCA-Anexo I-C,RO1.3.1.1.01.0.0,4318002,Outras Deduções da Receita,"1.3.1.1.01.0.0 - Aluguéis, Arrendamentos, Foros, Laudêmios, Tarifas de Ocupação",2023,Padrão
DCA-Anexo I-C,2023,DCA-Anexo I-C,RO1.3.1.1.01.1.0,4318002,Receitas Brutas Realizadas,1.3.1.1.01.1.0 - Aluguéis e Arrendamentos,2023,Padrão
DCA-Anexo I-C,2023,DCA-Anexo I-C,RO1.3.1.1.01.1.0,4318002,Outras Deduções da Receita,1.3.1.1.01.1.0 - Aluguéis e Arrendamentos,2023,Padrão
DCA-Anexo I-C,2023,DCA-Anexo I-C,RO1.3.1.1.01.2.0,4318002,Receitas Brutas Realizadas,"1.3.1.1.01.2.0 - Foros, Laudêmios e Tarifas de Ocupação",2023,Padrão
DCA-Anexo I-C,2023,DCA-Anexo I-C,RO1.3.1.1.01.2.0,4318002,Outras Deduções da Receita,"1.3.1.1.01.2.0 - Foros, Laudêmios e Tarifas de Ocupação",2023,Padrão
DCA-Anexo I-C,2023,DCA-Anexo I-C,RO1.3.1.1.02.0.0,4318002,Receitas Brutas Realizadas,"1.3.1.1.02.0.0 - Concessão, Permissão, Autorização ou Cessão do Direito de Uso de Bens Imóveis Públicos",2023,Padrão
DCA-Anexo I-C,2023,DCA-Anexo I-C,RO1.3.2.0.00.0.0,4318002,Receitas Brutas Realizadas,1.3.2.0.00.0.0 - Valores Mobiliários,2023,Padrão
DCA-Anexo I-C,2023,DCA-Anexo I-C,RO1.3.2.1.00.0.0,4318002,Receitas Brutas Realizadas,1.3.2.1.00.0.0 - Juros e Correções Monetárias,2023,Padrão
DCA-Anexo I-C,2023,DCA-Anexo I-C,RO1.3.2.1.01.0.0,4318002,Receitas Brutas Realizadas,1.3.2.1.01.0.0 - Remuneração de Depósitos Bancários,2023,Padrão
DCA-Anexo I-C,2023,DCA-Anexo I-C,RO1.3.2.1.04.0.0,4318002,Receitas Brutas Realizadas,1.3.2.1.04.0.0 - Remuneração dos Recursos do Regime Próprio de Previdência Social - RPPS,2023,Padrão
DCA-Anexo I-C,2023,DCA-Anexo I-C,RO1.3.2.1.05.0.0,4318002,Receitas Brutas Realizadas,1.3.2.1.05.0.0 - Juros de Títulos de Renda,2023,Padrão
DCA-Anexo I-C,2023,DCA-Anexo I-C,RO1.3.3.0.00.0.0,4318002,Receitas Brutas Realizadas,"1.3.3.0.00.0.0 - Delegação de Serviços Públicos Mediante Concessão, Permissão, Autorização ou Licença",2023,Padrão
DCA-Anexo I-C,2023,DCA-Anexo I-C,RO1.3.3.9.00.0.0,4318002,Receitas Brutas Realizadas,1.3.3.9.00.0.0 - Demais Delegações de Serviços Públicos,2023,Padrão
DCA-Anexo I-C,2023,DCA-Anexo I-C,RO1.3.6.0.00.0.0,4318002,Receitas Brutas Realizadas,1.3.6.0.00.0.0 - Cessão de Direitos,2023,Padrão
DCA-Anexo I-C,2023,DCA-Anexo I-C,RO1.3.6.1.00.0.0,4318002,Receitas Brutas Realizadas,1.3.6.1.00.0.0 - Cessão de Direitos,2023,Padrão
DCA-Anexo I-C,2023,DCA-Anexo I-C,RO1.3.6.1.01.0.0,4318002,Receitas Brutas Realizadas,1.3.6.1.01.0.0 - Cessão do Direito de Operacionalização de Pagamentos,2023,Padrão
DCA-Anexo I-C,2023,DCA-Anexo I-C,RO1.3.6.1.01.1.0,4318002,Receitas Brutas Realizadas,1.3.6.1.01.1.0 - Cessão do Direito de Operacionalização de Pagamentos - Poderes Executivo e Legislativo,2023,Padrão
DCA-Anexo I-C,2023,DCA-Anexo I-C,RO1.6.0.0.00.0.0,4318002,Receitas Brutas Realizadas,1.6.0.0.00.0.0 - Receita de Serviços,2023,Padrão
DCA-Anexo I-C,2023,DCA-Anexo I-C,RO1.6.0.0.00.0.0,4318002,Outras Deduções da Receita,1.6.0.0.00.0.0 - Receita de Serviços,2023,Padrão
DCA-Anexo I-C,2023,DCA-Anexo I-C,RO1.6.1.0.00.0.0,4318002,Receitas Brutas Realizadas,1.6.1.0.00.0.0 - Serviços Administrativos e Comerciais Gerais,2023,Padrão
DCA-Anexo I-C,2023,DCA-Anexo I-C,RO1.6.1.0.00.0.0,4318002,Outras Deduções da Receita,1.6.1.0.00.0.0 - Serviços Administrativos e Comerciais Gerais,2023,Padrão
DCA-Anexo I-C,2023,DCA-Anexo I-C,RO1.6.1.1.00.0.0,4318002,Receitas Brutas Realizadas,1.6.1.1.00.0.0 - Serviços Administrativos e Comerciais Gerais,2023,Padrão
DCA-Anexo I-C,2023,DCA-Anexo I-C,RO1.6.1.1.00.0.0,4318002,Outras Deduções da Receita,1.6.1.1.00.0.0 - Serviços Administrativos e Comerciais Gerais,2023,Padrão
DCA-Anexo I-C,2023,DCA-Anexo I-C,RO1.6.1.1.02.0.0,4318002,Receitas Brutas Realizadas,1.6.1.1.02.0.0 - Inscrição em Concursos e Processos Seletivos,2023,Padrão
DCA-Anexo I-C,2023,DCA-Anexo I-C,RO1.6.1.1.02.0.0,4318002,Outras Deduções da Receita,1.6.1.1.02.0.0 - Inscrição em Concursos e Processos Seletivos,2023,Padrão
DCA-Anexo I-C,2023,DCA-Anexo I-C,RO1.6.9.0.00.0.0,4318002,Receitas Brutas Realizadas,1.6.9.0.00.0.0 - Outros Serviços,2023,Padrão
DCA-Anexo I-C,2023,DCA-Anexo I-C,RO1.7.0.0.00.0.0,4318002,Receitas Brutas Realizadas,1.7.0.0.00.0.0 - Transferências Correntes,2023,Padrão
DCA-Anexo I-C,2023,DCA-Anexo I-C,RO1.7.0.0.00.0.0,4318002,Deduções - FUNDEB,1.7.0.0.00.0.0 - Transferências Correntes,2023,Padrão
DCA-Anexo I-C,2023,DCA-Anexo I-C,RO1.7.1.0.00.0.0,4318002,Receitas Brutas Realizadas,1.7.1.0.00.0.0 - Transferências da União e de suas Entidades,2023,Padrão
DCA-Anexo I-C,2023,DCA-Anexo I-C,RO1.7.1.0.00.0.0,4318002,Deduções - FUNDEB,1.7.1.0.00.0.0 - Transferências da União e de suas Entidades,2023,Padrão
DCA-Anexo I-C,2023,DCA-Anexo I-C,RO1.7.1.1.00.0.0,4318002,Receitas Brutas Realizadas,1.7.1.1.00.0.0 - Transferências Decorrentes de Participação na Receita da União,2023,Padrão
DCA-Anexo I-C,2023,DCA-Anexo I-C,RO1.7.1.1.00.0.0,4318002,Deduções - FUNDEB,1.7.1.1.00.0.0 - Transferências Decorrentes de Participação na Receita da União,2023,Padrão
DCA-Anexo I-C,2023,DCA-Anexo I-C,RO1.7.1.1.51.0.0,4318002,Receitas Brutas Realizadas,1.7.1.1.51.0.0 -Cota-Parte do Fundo de Participação dos Municípios - FPM,2023,Padrão
DCA-Anexo I-C,2023,DCA-Anexo I-C,RO1.7.1.1.51.0.0,4318002,Deduções - FUNDEB,1.7.1.1.51.0.0 -Cota-Parte do Fundo de Participação dos Municípios - FPM,2023,Padrão
DCA-Anexo I-C,2023,DCA-Anexo I-C,RO1.7.1.1.51.1.0,4318002,Receitas Brutas Realizadas,1.7.1.1.51.1.0 - Cota-Parte do Fundo de Participação dos Municípios - Cota Mensal,2023,Padrão
DCA-Anexo I-C,2023,DCA-Anexo I-C,RO1.7.1.1.51.1.0,4318002,Deduções - FUNDEB,1.7.1.1.51.1.0 - Cota-Parte do Fundo de Participação dos Municípios - Cota Mensal,2023,Padrão
DCA-Anexo I-C,2023,DCA-Anexo I-C,RO1.7.1.1.51.2.0,4318002,Receitas Brutas Realizadas,1.7.1.1.51.2.0 - Cota-Parte do Fundo de Participação dos Municípios - Cotas Extraordinárias,2023,Padrão
DCA-Anexo I-C,2023,DCA-Anexo I-C,RO1.7.1.1.52.0.0,4318002,Receitas Brutas Realizadas,1.7.1.1.52.0.0 - Cota-Parte do Imposto Sobre a Propriedade Territorial Rural,2023,Padrão
DCA-Anexo I-C,2023,DCA-Anexo I-C,RO1.7.1.1.52.0.0,4318002,Deduções - FUNDEB,1.7.1.1.52.0.0 - Cota-Parte do Imposto Sobre a Propriedade Territorial Rural,2023,Padrão
DCA-Anexo I-C,2023,DCA-Anexo I-C,RO1.7.1.2.00.0.0,4318002,Receitas Brutas Realizadas,1.7.1.2.00.0.0 -Transferências das Compensações Financeiras pela Exploração de Recursos Naturais,2023,Padrão
DCA-Anexo I-C,2023,DCA-Anexo I-C,RO1.7.1.2.51.0.0,4318002,Receitas Brutas Realizadas,1.7.1.2.51.0.0 -Cota-parte da Compensação Financeira pela Exploração de Recursos Minerais - CFEM,2023,Padrão
DCA-Anexo I-C,2023,DCA-Anexo I-C,RO1.7.1.2.52.0.0,4318002,Receitas Brutas Realizadas,1.7.1.2.52.0.0 - Cota-parte da Compensação Financeira pela Produção de Petróleo,2023,Padrão
DCA-Anexo I-C,2023,DCA-Anexo I-C,RO1.7.1.2.52.4.0,4318002,Receitas Brutas Realizadas,1.7.1.2.52.4.0 - Cota-Parte do Fundo Especial do Petróleo ¿ FEP,2023,Padrão
DCA-Anexo I-C,2023,DCA-Anexo I-C,RO1.7.1.3.00.0.0,4318002,Receitas Brutas Realizadas,1.7.1.3.00.0.0 -Transferências de Recursos do Sistema Único de Saúde ¿ SUS ,2023,Padrão
DCA-Anexo I-C,2023,DCA-Anexo I-C,RO1.7.1.3.50.0.0,4318002,Receitas Brutas Realizadas,1.7.1.3.50.0.0 - Transferências de Recursos do Sistema Único de Saúde ¿ SUS ¿ Repasses Fundo a Fundo - Bloco de Manutenção das Ações e Serviços Públicos de Saúde,2023,Padrão
DCA-Anexo I-C,2023,DCA-Anexo I-C,RO1.7.1.3.50.1.0,4318002,Receitas Brutas Realizadas,1.7.1.3.50.1.0 - Transferências de Recursos do Bloco de Manutenção das Ações e Serviços Públicos de Saúde ¿ Atenção Primária,2023,Padrão
DCA-Anexo I-C,2023,DCA-Anexo I-C,RO1.7.1.3.50.2.0,4318002,Receitas Brutas Realizadas,1.7.1.3.50.2.0 - Transferências de Recursos do Bloco de Manutenção das Ações e Serviços Públicos de Saúde ¿ Atenção Especializada,2023,Padrão
DCA-Anexo I-C,2023,DCA-Anexo I-C,RO1.7.1.3.50.3.0,4318002,Receitas Brutas Realizadas,1.7.1.3.50.3.0 - Transferências de Recursos do Bloco de Manutenção das Ações e Serviços Públicos de Saúde ¿ Vigilância em Saúde,2023,Padrão
DCA-Anexo I-C,2023,DCA-Anexo I-C,RO1.7.1.3.50.4.0,4318002,Receitas Brutas Realizadas,1.7.1.3.50.4.0 -Transferências de Recursos do Bloco de Manutenção das Ações e Serviços Públicos de Saúde ¿ Assistência Farmacêutica,2023,Padrão
DCA-Anexo I-C,2023,DCA-Anexo I-C,RO1.7.1.3.50.5.0,4318002,Receitas Brutas Realizadas,1.7.1.3.50.5.0 - Transferências de Recursos do Bloco de Manutenção das Ações e Serviços Públicos de Saúde ¿ Gestão do SUS,2023,Padrão
DCA-Anexo I-C,2023,DCA-Anexo I-C,RO1.7.1.4.00.0.0,4318002,Receitas Brutas Realizadas,1.7.1.4.00.0.0 -Transferências de Recursos do Fundo Nacional do Desenvolvimento da Educação ¿ FNDE¿ ,2023,Padrão
DCA-Anexo I-C,2023,DCA-Anexo I-C,RO1.7.1.4.50.0.0,4318002,Receitas Brutas Realizadas,1.7.1.4.50.0.0 - Transferências do Salário-Educação,2023,Padrão
DCA-Anexo I-C,2023,DCA-Anexo I-C,RO1.7.1.4.51.0.0,4318002,Receitas Brutas Realizadas,1.7.1.4.51.0.0 - Transferências Diretas do FNDE referentes ao Programa Dinheiro Direto na Escola ¿ PDDE,2023,Padrão
DCA-Anexo I-C,2023,DCA-Anexo I-C,RO1.7.1.4.52.0.0,4318002,Receitas Brutas Realizadas,1.7.1.4.52.0.0 - Transferências referentes ao Programa Nacional de Alimentação Escolar ¿ PNAE,2023,Padrão
DCA-Anexo I-C,2023,DCA-Anexo I-C,RO1.7.1.4.53.0.0,4318002,Receitas Brutas Realizadas,1.7.1.4.53.0.0 - Transferências referentes ao Programa Nacional de Apoio ao Transporte do Escolar ¿ PNATE,2023,Padrão
DCA-Anexo I-C,2023,DCA-Anexo I-C,RO1.7.1.4.99.0.0,4318002,Receitas Brutas Realizadas,1.7.1.4.99.0.0 - Outras Transferências Diretas do Fundo Nacional do Desenvolvimento da Educação - FNDE,2023,Padrão
DCA-Anexo I-C,2023,DCA-Anexo I-C,RO1.7.1.6.00.0.0,4318002,Receitas Brutas Realizadas,1.7.1.6.00.0.0 - Transferências de Recursos do Fundo Nacional de Assistência Social ¿ FNAS,2023,Padrão
DCA-Anexo I-C,2023,DCA-Anexo I-C,RO1.7.1.9.00.0.0,4318002,Receitas Brutas Realizadas,1.7.1.9.00.0.0 - Outras Transferências de Recursos da União e de suas Entidades,2023,Padrão
DCA-Anexo I-C,2023,DCA-Anexo I-C,RO1.7.1.9.57.0.0,4318002,Receitas Brutas Realizadas,1.7.1.9.57.0.0 - Transferência Especial da União,2023,Padrão
DCA-Anexo I-C,2023,DCA-Anexo I-C,RO1.7.1.9.58.0.0,4318002,Receitas Brutas Realizadas,1.7.1.9.58.0.0 - Transferência Obrigatória Decorrente da Lei Complementar nº 176/2020,2023,Padrão
DCA-Anexo I-C,2023,DCA-Anexo I-C,RO1.7.1.9.60.0.0,4318002,Receitas Brutas Realizadas,1.7.1.9.60.0.0 - Transferências da Política Nacional Aldir Blanc de Fomento à Cultura - Lei nº 14.399/2022,2023,Padrão
DCA-Anexo I-C,2023,DCA-Anexo I-C,RO1.7.1.9.99.0.0,4318002,Receitas Brutas Realizadas,1.7.1.9.99.0.0 - Outras Transferências de Recursos da União e de suas Entidades,2023,Padrão
DCA-Anexo I-C,2023,DCA-Anexo I-C,RO1.7.2.0.00.0.0,4318002,Receitas Brutas Realizadas,1.7.2.0.00.0.0 - Transferências dos Estados e do Distrito Federal e de suas Entidades,2023,Padrão
DCA-Anexo I-C,2023,DCA-Anexo I-C,RO1.7.2.0.00.0.0,4318002,Deduções - FUNDEB,1.7.2.0.00.0.0 - Transferências dos Estados e do Distrito Federal e de suas Entidades,2023,Padrão
DCA-Anexo I-C,2023,DCA-Anexo I-C,RO1.7.2.1.00.0.0,4318002,Receitas Brutas Realizadas,1.7.2.1.00.0.0 - Participação na Receita dos Estados e Distrito Federal,2023,Padrão
DCA-Anexo I-C,2023,DCA-Anexo I-C,RO1.7.2.1.00.0.0,4318002,Deduções - FUNDEB,1.7.2.1.00.0.0 - Participação na Receita dos Estados e Distrito Federal,2023,Padrão
DCA-Anexo I-C,2023,DCA-Anexo I-C,RO1.7.2.1.50.0.0,4318002,Receitas Brutas Realizadas,1.7.2.1.50.0.0 - Cota-Parte do ICMS,2023,Padrão
DCA-Anexo I-C,2023,DCA-Anexo I-C,RO1.7.2.1.50.0.0,4318002,Deduções - FUNDEB,1.7.2.1.50.0.0 - Cota-Parte do ICMS,2023,Padrão
DCA-Anexo I-C,2023,DCA-Anexo I-C,RO1.7.2.1.51.0.0,4318002,Receitas Brutas Realizadas,1.7.2.1.51.0.0 - Cota-Parte do IPVA,2023,Padrão
DCA-Anexo I-C,2023,DCA-Anexo I-C,RO1.7.2.1.51.0.0,4318002,Deduções - FUNDEB,1.7.2.1.51.0.0 - Cota-Parte do IPVA,2023,Padrão
DCA-Anexo I-C,2023,DCA-Anexo I-C,RO1.7.2.1.52.0.0,4318002,Receitas Brutas Realizadas,1.7.2.1.52.0.0 - Cota-Parte do IPI - Municípios,2023,Padrão
DCA-Anexo I-C,2023,DCA-Anexo I-C,RO1.7.2.1.52.0.0,4318002,Deduções - FUNDEB,1.7.2.1.52.0.0 - Cota-Parte do IPI - Municípios,2023,Padrão
DCA-Anexo I-C,2023,DCA-Anexo I-C,RO1.7.2.1.53.0.0,4318002,Receitas Brutas Realizadas,1.7.2.1.53.0.0 - Cota-Parte da Contribuição de Intervenção no Domínio Econômico,2023,Padrão
DCA-Anexo I-C,2023,DCA-Anexo I-C,RO1.7.2.3.00.0.0,4318002,Receitas Brutas Realizadas,1.7.2.3.00.0.0 - Transferências de Recursos do Sistema Único de Saúde ¿ SUS,2023,Padrão
DCA-Anexo I-C,2023,DCA-Anexo I-C,RO1.7.2.4.00.0.0,4318002,Receitas Brutas Realizadas,1.7.2.4.00.0.0 - Transferências de Convênios dos Estados e DF e de Suas Entidades,2023,Padrão
DCA-Anexo I-C,2023,DCA-Anexo I-C,RO1.7.2.4.51.0.0,4318002,Receitas Brutas Realizadas,1.7.2.4.51.0.0 -Transferências de Convênios dos Estados Destinadas a Programas de Educação,2023,Padrão
DCA-Anexo I-C,2023,DCA-Anexo I-C,RO1.7.2.4.99.0.0,4318002,Receitas Brutas Realizadas,1.7.2.4.99.0.0 - Outras Transferências de Convênios dos Estados e DF e de Suas Entidades,2023,Padrão
DCA-Anexo I-C,2023,DCA-Anexo I-C,RO1.7.2.9.00.0.0,4318002,Receitas Brutas Realizadas,1.7.2.9.00.0.0 - Outras Transferências dos Estados e Distrito Federal,2023,Padrão
DCA-Anexo I-C,2023,DCA-Anexo I-C,RO1.7.2.9.00.0.0,4318002,Deduções - FUNDEB,1.7.2.9.00.0.0 - Outras Transferências dos Estados e Distrito Federal,2023,Padrão
DCA-Anexo I-C,2023,DCA-Anexo I-C,RO1.7.2.9.53.0.0,4318002,Receitas Brutas Realizadas,1.7.2.9.53.0.0 - Cota-Parte da Transferência da Compensação Financeira das Perdas com Arrecadação de ICMS - LC nº 194/2022,2023,Padrão
DCA-Anexo I-C,2023,DCA-Anexo I-C,RO1.7.2.9.53.0.0,4318002,Deduções - FUNDEB,1.7.2.9.53.0.0 - Cota-Parte da Transferência da Compensação Financeira das Perdas com Arrecadação de ICMS - LC nº 194/2022,2023,Padrão
DCA-Anexo I-C,2023,DCA-Anexo I-C,RO1.7.2.9.99.0.0,4318002,Receitas Brutas Realizadas,1.7.2.9.99.0.0 - Outras Transferências dos Estados e DF,2023,Padrão
DCA-Anexo I-C,2023,DCA-Anexo I-C,RO1.7.4.0.00.0.0,4318002,Receitas Brutas Realizadas,1.7.4.0.00.0.0 - Transferências de Instituições Privadas,2023,Padrão
DCA-Anexo I-C,2023,DCA-Anexo I-C,RO1.7.4.1.00.0.0,4318002,Receitas Brutas Realizadas,1.7.4.1.00.0.0 - Transferências de Instituições Privadas,2023,Padrão
DCA-Anexo I-C,2023,DCA-Anexo I-C,RO1.7.4.1.99.0.0,4318002,Receitas Brutas Realizadas,1.7.4.1.99.0.0 - Outras Transferências de Instituições Privadas,2023,Padrão
DCA-Anexo I-C,2023,DCA-Anexo I-C,RO1.7.5.0.00.0.0,4318002,Receitas Brutas Realizadas,1.7.5.0.00.0.0 - Transferências de Outras Instituições Públicas,2023,Padrão
DCA-Anexo I-C,2023,DCA-Anexo I-C,RO1.7.5.1.00.0.0,4318002,Receitas Brutas Realizadas,1.7.5.1.00.0.0 - Transferências de Recursos do Fundo de Manutenção e Desenvolvimento da Educação Básica e de Valorização dos Profissionais da Educação - FUNDEB,2023,Padrão
DCA-Anexo I-C,2023,DCA-Anexo I-C,RO1.7.9.0.00.0.0,4318002,Receitas Brutas Realizadas,1.7.9.0.00.0.0 - Demais Transferências Correntes,2023,Padrão
DCA-Anexo I-C,2023,DCA-Anexo I-C,RO1.7.9.1.00.0.0,4318002,Receitas Brutas Realizadas,1.7.9.1.00.0.0 - Transferências de Pessoas Físicas,2023,Padrão
DCA-Anexo I-C,2023,DCA-Anexo I-C,RO1.7.9.1.99.0.0,4318002,Receitas Brutas Realizadas,1.7.9.1.99.0.0 - Outras Transferências de Pessoas Físicas,2023,Padrão
DCA-Anexo I-C,2023,DCA-Anexo I-C,RO1.9.0.0.00.0.0,4318002,Receitas Brutas Realizadas,1.9.0.0.00.0.0 - Outras Receitas Correntes,2023,Padrão
DCA-Anexo I-C,2023,DCA-Anexo I-C,RO1.9.1.0.00.0.0,4318002,Receitas Brutas Realizadas,"1.9.1.0.00.0.0 - Multas Administrativas, Contratuais e Judiciais",2023,Padrão
DCA-Anexo I-C,2023,DCA-Anexo I-C,RO1.9.1.1.00.0.0,4318002,Receitas Brutas Realizadas,"1.9.1.1.00.0.0 - Multas Administrativas, Contratuais e Judiciais",2023,Padrão
DCA-Anexo I-C,2023,DCA-Anexo I-C,RO1.9.1.1.01.0.0,4318002,Receitas Brutas Realizadas,1.9.1.1.01.0.0 - Multas Previstas em Legislação Específica,2023,Padrão
DCA-Anexo I-C,2023,DCA-Anexo I-C,RO1.9.1.1.06.0.0,4318002,Receitas Brutas Realizadas,1.9.1.1.06.0.0 - Multas por Danos Ambientais,2023,Padrão
DCA-Anexo I-C,2023,DCA-Anexo I-C,RO1.9.1.1.06.2.0,4318002,Receitas Brutas Realizadas,1.9.1.1.06.2.0 - Multas Judiciais por Danos Ambientais,2023,Padrão
DCA-Anexo I-C,2023,DCA-Anexo I-C,RO1.9.2.0.00.0.0,4318002,Receitas Brutas Realizadas,"1.9.2.0.00.0.0 - Indenizações, Restituições e Ressarcimentos",2023,Padrão
DCA-Anexo I-C,2023,DCA-Anexo I-C,RO1.9.2.2.00.0.0,4318002,Receitas Brutas Realizadas,1.9.2.2.00.0.0 - Restituições,2023,Padrão
DCA-Anexo I-C,2023,DCA-Anexo I-C,RO1.9.2.2.50.0.0,4318002,Receitas Brutas Realizadas,1.9.2.2.50.0.0 - Restituições de Recursos Recebidos do SUS,2023,Padrão
DCA-Anexo I-C,2023,DCA-Anexo I-C,RO1.9.2.2.99.0.0,4318002,Receitas Brutas Realizadas,1.9.2.2.99.0.0 - Outras Restituições,2023,Padrão
DCA-Anexo I-C,2023,DCA-Anexo I-C,RO1.9.2.3.00.0.0,4318002,Receitas Brutas Realizadas,1.9.2.3.00.0.0 - Ressarcimentos,2023,Padrão
DCA-Anexo I-C,2023,DCA-Anexo I-C,RO1.9.2.3.02.0.0,4318002,Receitas Brutas Realizadas,1.9.2.3.02.0.0 - Ressarcimento de Custos,2023,Padrão
DCA-Anexo I-C,2023,DCA-Anexo I-C,RO1.9.2.3.99.0.0,4318002,Receitas Brutas Realizadas,1.9.2.3.99.0.0 - Outros Ressarcimentos,2023,Padrão
DCA-Anexo I-C,2023,DCA-Anexo I-C,RO1.9.9.0.00.0.0,4318002,Receitas Brutas Realizadas,1.9.9.0.00.0.0 - Demais Receitas Correntes,2023,Padrão
DCA-Anexo I-C,2023,DCA-Anexo I-C,RO1.9.9.9.00.0.0,4318002,Receitas Brutas Realizadas,1.9.9.9.00.0.0 - Outras Receitas Correntes,2023,Padrão
DCA-Anexo I-C,2023,DCA-Anexo I-C,RO1.9.9.9.03.0.0,4318002,Receitas Brutas Realizadas,1.9.9.9.03.0.0 - Compensações Financeiras entre os Regimes de Previdência,2023,Padrão
DCA-Anexo I-C,2023,DCA-Anexo I-C,RO1.9.9.9.12.0.0,4318002,Receitas Brutas Realizadas,1.9.9.9.12.0.0 - Encargos Legais pela Inscrição em Dívida Ativa e Receitas de Ônus de Sucumbência,2023,Padrão
DCA-Anexo I-C,2023,DCA-Anexo I-C,RO1.9.9.9.12.2.0,4318002,Receitas Brutas Realizadas,1.9.9.9.12.2.0 - Ônus de Sucumbência,2023,Padrão
DCA-Anexo I-C,2023,DCA-Anexo I-C,RO1.9.9.9.99.0.0,4318002,Receitas Brutas Realizadas,1.9.9.9.99.0.0 - Outras Receitas,2023,Padrão
DCA-Anexo I-C,2023,DCA-Anexo I-C,RO1.9.9.9.99.2.0,4318002,Receitas Brutas Realizadas,1.9.9.9.99.2.0 - Outras Receitas Não Arrecadadas e Não Projetadas pela RFB - Primárias,2023,Padrão
DCA-Anexo I-C,2023,DCA-Anexo I-C,RO1.9.9.9.99.3.0,4318002,Receitas Brutas Realizadas,1.9.9.9.99.3.0 - Outras Receitas Não Arrecadadas e Não Projetadas pela RFB - Financeiras,2023,Padrão
DCA-Anexo I-C,2023,DCA-Anexo I-C,RO2.0.0.0.00.0.0,4318002,Receitas Brutas Realizadas,2.0.0.0.00.0.0 - Receitas de Capital,2023,Padrão
DCA-Anexo I-C,2023,DCA-Anexo I-C,RO2.1.0.0.00.0.0,4318002,Receitas Brutas Realizadas,2.1.0.0.00.0.0 - Operações de Crédito,2023,Padrão
DCA-Anexo I-C,2023,DCA-Anexo I-C,RO2.1.1.0.00.0.0,4318002,Receitas Brutas Realizadas,2.1.1.0.00.0.0 - Operações de Crédito - Mercado Interno,2023,Padrão
DCA-Anexo I-C,2023,DCA-Anexo I-C,RO2.1.1.2.00.0.0,4318002,Receitas Brutas Realizadas,2.1.1.2.00.0.0 - Operações de Crédito Contratuais - Mercado Interno,2023,Padrão
DCA-Anexo I-C,2023,DCA-Anexo I-C,RO2.1.1.2.52.0.0,4318002,Receitas Brutas Realizadas,2.1.1.2.52.0.0 - Operações de Crédito Internas para Programas de Saneamento,2023,Padrão
DCA-Anexo I-C,2023,DCA-Anexo I-C,RO2.2.0.0.00.0.0,4318002,Receitas Brutas Realizadas,2.2.0.0.00.0.0 - Alienação de Bens,2023,Padrão
DCA-Anexo I-C,2023,DCA-Anexo I-C,RO2.2.1.0.00.0.0,4318002,Receitas Brutas Realizadas,2.2.1.0.00.0.0 - Alienação de Bens Móveis,2023,Padrão
DCA-Anexo I-C,2023,DCA-Anexo I-C,RO2.2.1.1.00.0.0,4318002,Receitas Brutas Realizadas,"2.2.1.1.00.0.0 - Alienação de Títulos, Valores Mobiliários e Aplicações Congêneres",2023,Padrão
DCA-Anexo I-C,2023,DCA-Anexo I-C,RO2.4.0.0.00.0.0,4318002,Receitas Brutas Realizadas,2.4.0.0.00.0.0 - Transferências de Capital,2023,Padrão
DCA-Anexo I-C,2023,DCA-Anexo I-C,RO2.4.1.0.00.0.0,4318002,Receitas Brutas Realizadas,2.4.1.0.00.0.0 - Transferências da União e de suas Entidades,2023,Padrão
DCA-Anexo I-C,2023,DCA-Anexo I-C,RO2.4.1.1.00.0.0,4318002,Receitas Brutas Realizadas,2.4.1.1.00.0.0 - Transferências de Recursos do Sistema Único de Saúde - SUS,2023,Padrão
DCA-Anexo I-C,2023,DCA-Anexo I-C,RO2.4.1.1.51.0.0,4318002,Receitas Brutas Realizadas,2.4.1.1.51.0.0 - Transferências de Recursos do Sistema Único de Saúde ¿ SUS - Fundo a Fundo - Bloco de Estruturação da Rede de Serviços Públicos de Saúde,2023,Padrão
DCA-Anexo I-C,2023,DCA-Anexo I-C,RO2.4.1.1.51.1.0,4318002,Receitas Brutas Realizadas,2.4.1.1.51.1.0 - Transferências de Recursos do Bloco de Estruturação da Rede de Serviços Públicos de Saúde - Atenção Primária,2023,Padrão
DCA-Anexo I-C,2023,DCA-Anexo I-C,RO2.4.1.4.00.0.0,4318002,Receitas Brutas Realizadas,2.4.1.4.00.0.0 - Transferências de Convênios da União e de suas Entidades ,2023,Padrão
DCA-Anexo I-C,2023,DCA-Anexo I-C,RO2.4.1.4.51.0.0,4318002,Receitas Brutas Realizadas,2.4.1.4.51.0.0 - Transferências de Convênios da União destinadas a Programas de Educação,2023,Padrão
DCA-Anexo I-C,2023,DCA-Anexo I-C,RO2.4.1.4.99.0.0,4318002,Receitas Brutas Realizadas,2.4.1.4.99.0.0 - Outras Transferências de Convênios da União e de Suas Entidades,2023,Padrão
DCA-Anexo I-C,2023,DCA-Anexo I-C,RO2.4.1.9.00.0.0,4318002,Receitas Brutas Realizadas,2.4.1.9.00.0.0 - Outras Transferências de Recursos da União e de suas Entidades,2023,Padrão
DCA-Anexo I-C,2023,DCA-Anexo I-C,RO2.4.1.9.51.0.0,4318002,Receitas Brutas Realizadas,2.4.1.9.51.0.0 - Transferência Especial da União,2023,Padrão
DCA-Anexo I-C,2023,DCA-Anexo I-C,RO2.4.2.0.00.0.0,4318002,Receitas Brutas Realizadas,2.4.2.0.00.0.0 - Transferências dos Estados e do Distrito Federal e de suas Entidades,2023,Padrão
DCA-Anexo I-C,2023,DCA-Anexo I-C,RO2.4.2.1.00.0.0,4318002,Receitas Brutas Realizadas,2.4.2.1.00.0.0 - Transferências de Recursos do Sistema Único de Saúde ¿ SUS dos Estados e DF,2023,Padrão
DCA-Anexo I-C,2023,DCA-Anexo I-C,RO2.4.2.1.50.0.0,4318002,Receitas Brutas Realizadas,2.4.2.1.50.0.0 - Transferências de Recursos do Sistema Único de Saúde ¿ SUS,2023,Padrão
DCA-Anexo I-C,2023,DCA-Anexo I-C,RO2.4.2.9.00.0.0,4318002,Receitas Brutas Realizadas,2.4.2.9.00.0.0 - Outras Transferências de Recursos dos Estados,2023,Padrão
DCA-Anexo I-C,2023,DCA-Anexo I-C,RO2.4.2.9.99.0.0,4318002,Receitas Brutas Realizadas,2.4.2.9.99.0.0 - Outras Transferências de Recursos dos Estados,2023,Padrão
DCA-Anexo I-C,2023,DCA-Anexo I-C,RO2.9.0.0.00.0.0,4318002,Receitas Brutas Realizadas,2.9.0.0.00.0.0 - Outras Receitas de Capital,2023,Padrão
DCA-Anexo I-C,2023,DCA-Anexo I-C,RO2.9.9.0.00.0.0,4318002,Receitas Brutas Realizadas,2.9.9.0.00.0.0 - Demais Receitas de Capital,2023,Padrão
DCA-Anexo I-C,2023,DCA-Anexo I-C,RO2.9.9.9.00.0.0,4318002,Receitas Brutas Realizadas,2.9.9.9.00.0.0 - Outras Receitas de Capital,2023,Padrão
DCA-Anexo I-C,2023,DCA-Anexo I-C,RO2.9.9.9.99.0.0,4318002,Receitas Brutas Realizadas,2.9.9.9.99.0.0 - Outras Receitas de Capital,2023,Padrão
DCA-Anexo I-C,2023,DCA-Anexo I-C,ReceitasIntraOrcamentarias,4318002,Receitas Brutas Realizadas,RECEITAS (INTRA-ORÇAMENTÁRIAS) (II),2023,Padrão
DCA-Anexo I-C,2023,DCA-Anexo I-C,RI7.0.0.0.00.0.0,4318002,Receitas Brutas Realizadas,7.0.0.0.00.0.0 - Receitas Correntes,2023,Padrão
DCA-Anexo I-C,2023,DCA-Anexo I-C,RI7.2.0.0.00.0.0,4318002,Receitas Brutas Realizadas,7.2.0.0.00.0.0 - Contribuições,2023,Padrão
DCA-Anexo I-C,2023,DCA-Anexo I-C,RI7.2.1.0.00.0.0,4318002,Receitas Brutas Realizadas,7.2.1.0.00.0.0 - Contribuições Sociais,2023,Padrão
DCA-Anexo I-C,2023,DCA-Anexo I-C,RI7.2.1.5.00.0.0,4318002,Receitas Brutas Realizadas,7.2.1.5.00.0.0 - Contribuições para Regimes Próprios de Previdência e Sistema de Proteção Social,2023,Padrão
DCA-Anexo I-C,2023,DCA-Anexo I-C,RI7.2.1.5.02.0.0,4318002,Receitas Brutas Realizadas,7.2.1.5.02.0.0 - Contribuição Patronal - Servidor Civil,2023,Padrão
DCA-Anexo I-C,2023,DCA-Anexo I-C,RI7.2.1.5.02.1.0,4318002,Receitas Brutas Realizadas,7.2.1.5.02.1.0 - Contribuição Patronal - Servidor Civil Ativo,2023,Padrão
DCA-Anexo I-C,2023,DCA-Anexo I-C,RI7.2.1.5.51.0.0,4318002,Receitas Brutas Realizadas,7.2.1.5.51.0.0 - Contribuição Patronal - Parcelamentos,2023,Padrão
DCA-Anexo I-C,2023,DCA-Anexo I-C,RI7.2.1.5.51.1.0,4318002,Receitas Brutas Realizadas,7.2.1.5.51.1.0 - Contribuição Patronal - Servidor Civil Ativo - Parcelamentos,2023,Padrão
DCA-Anexo I-C,2023,DCA-Anexo I-C,RI7.9.0.0.00.0.0,4318002,Receitas Brutas Realizadas,7.9.0.0.00.0.0 - Outras Receitas Correntes,2023,Padrão
DCA-Anexo I-C,2023,DCA-Anexo I-C,RI7.9.9.0.00.0.0,4318002,Receitas Brutas Realizadas,7.9.9.0.00.0.0 - Demais Receitas Correntes,2023,Padrão
DCA-Anexo I-C,2023,DCA-Anexo I-C,RI7.9.9.9.00.0.0,4318002,Receitas Brutas Realizadas,7.9.9.9.00.0.0 - Outras Receitas Correntes,2023,Padrão
DCA-Anexo I-C,2023,DCA-Anexo I-C,RI7.9.9.9.01.0.0,4318002,Receitas Brutas Realizadas,7.9.9.9.01.0.0 - Aportes Periódicos para Amortização de Déficit Atuarial do Regimes Próprios de Previdência e Sistema de Proteção Social,2023,Padrão
DCA-Anexo I-C,2023,DCA-Anexo I-C,TotalReceitas,4318002,Receitas Brutas Realizadas,TOTAL DAS RECEITAS (III) = (I + II),2023,Padrão
DCA-Anexo I-C,2023,DCA-Anexo I-C,TotalReceitas,4318002,Deduções - FUNDEB,TOTAL DAS RECEITAS (III) = (I + II),2023,Padrão
DCA-Anexo I-C,2023,DCA-Anexo I-C,TotalReceitas,4318002,Outras Deduções da Receita,TOTAL DAS RECEITAS (III) = (I + II),2023,Padrão
DCA-Anexo I-D,2023,DCA-Anexo I-D,TotalDespesas,4318002,Despesas Empenhadas,Total Geral da Despesa,2023,Padrão
DCA-Anexo I-D,2023,DCA-Anexo I-D,TotalDespesas,4318002,Despesas Liquidadas,Total Geral da Despesa,2023,Padrão
DCA-Anexo I-D,2023,DCA-Anexo I-D,TotalDespesas,4318002,Despesas Pagas,Total Geral da Despesa,2023,Padrão
DCA-Anexo I-D,2023,DCA-Anexo I-D,TotalDespesas,4318002,Inscrição de Restos a Pagar Não Processados,Total Geral da Despesa,2023,Padrão
DCA-Anexo I-D,2023,DCA-Anexo I-D,TotalDespesas,4318002,Inscrição de Restos a Pagar Processados,Total Geral da Despesa,2023,Padrão
DCA-Anexo I-D,2023,DCA-Anexo I-D,DO3.0.00.00.00.00,4318002,Despesas Empenhadas,3.0.00.00.00 - Despesas Correntes,2023,Padrão
DCA-Anexo I-D,2023,DCA-Anexo I-D,DO3.0.00.00.00.00,4318002,Despesas Liquidadas,3.0.00.00.00 - Despesas Correntes,2023,Padrão
DCA-Anexo I-D,2023,DCA-Anexo I-D,DO3.0.00.00.00.00,4318002,Despesas Pagas,3.0.00.00.00 - Despesas Correntes,2023,Padrão
DCA-Anexo I-D,2023,DCA-Anexo I-D,DO3.0.00.00.00.00,4318002,Inscrição de Restos a Pagar Não Processados,3.0.00.00.00 - Despesas Correntes,2023,Padrão
DCA-Anexo I-D,2023,DCA-Anexo I-D,DO3.0.00.00.00.00,4318002,Inscrição de Restos a Pagar Processados,3.0.00.00.00 - Despesas Correntes,2023,Padrão
DCA-Anexo I-D,2023,DCA-Anexo I-D,DO3.1.00.00.00.00,4318002,Despesas Empenhadas,3.1.00.00.00 - Pessoal e Encargos Sociais,2023,Padrão
DCA-Anexo I-D,2023,DCA-Anexo I-D,DO3.1.00.00.00.00,4318002,Despesas Liquidadas,3.1.00.00.00 - Pessoal e Encargos Sociais,2023,Padrão
DCA-Anexo I-D,2023,DCA-Anexo I-D,DO3.1.00.00.00.00,4318002,Despesas Pagas,3.1.00.00.00 - Pessoal e Encargos Sociais,2023,Padrão
DCA-Anexo I-D,2023,DCA-Anexo I-D,DO3.1.00.00.00.00,4318002,Inscrição de Restos a Pagar Não Processados,3.1.00.00.00 - Pessoal e Encargos Sociais,2023,Padrão
DCA-Anexo I-D,2023,DCA-Anexo I-D,DO3.1.00.00.00.00,4318002,Inscrição de Restos a Pagar Processados,3.1.00.00.00 - Pessoal e Encargos Sociais,2023,Padrão
DCA-Anexo I-D,2023,DCA-Anexo I-D,DO3.1.90.00.00.00,4318002,Despesas Empenhadas,3.1.90.00.00 - Aplicações Diretas,2023,Padrão
DCA-Anexo I-D,2023,DCA-Anexo I-D,DO3.1.90.00.00.00,4318002,Despesas Liquidadas,3.1.90.00.00 - Aplicações Diretas,2023,Padrão
DCA-Anexo I-D,2023,DCA-Anexo I-D,DO3.1.90.00.00.00,4318002,Despesas Pagas,3.1.90.00.00 - Aplicações Diretas,2023,Padrão
DCA-Anexo I-D,2023,DCA-Anexo I-D,DO3.1.90.00.00.00,4318002,Inscrição de Restos a Pagar Não Processados,3.1.90.00.00 - Aplicações Diretas,2023,Padrão
DCA-Anexo I-D,2023,DCA-Anexo I-D,DO3.1.90.00.00.00,4318002,Inscrição de Restos a Pagar Processados,3.1.90.00.00 - Aplicações Diretas,2023,Padrão
DCA-Anexo I-D,2023,DCA-Anexo I-D,DO3.1.90.01.00.00,4318002,Despesas Empenhadas,"3.1.90.01.00 - Aposentadorias do RPPS, Reserva Remunerada e Reformas dos Militares",2023,Padrão
DCA-Anexo I-D,2023,DCA-Anexo I-D,DO3.1.90.01.00.00,4318002,Despesas Liquidadas,"3.1.90.01.00 - Aposentadorias do RPPS, Reserva Remunerada e Reformas dos Militares",2023,Padrão
DCA-Anexo I-D,2023,DCA-Anexo I-D,DO3.1.90.01.00.00,4318002,Despesas Pagas,"3.1.90.01.00 - Aposentadorias do RPPS, Reserva Remunerada e Reformas dos Militares",2023,Padrão
DCA-Anexo I-D,2023,DCA-Anexo I-D,DO3.1.90.03.00.00,4318002,Despesas Empenhadas,3.1.90.03.00 - Pensões do RPPS e do Militar,2023,Padrão
DCA-Anexo I-D,2023,DCA-Anexo I-D,DO3.1.90.03.00.00,4318002,Despesas Liquidadas,3.1.90.03.00 - Pensões do RPPS e do Militar,2023,Padrão
DCA-Anexo I-D,2023,DCA-Anexo I-D,DO3.1.90.03.00.00,4318002,Despesas Pagas,3.1.90.03.00 - Pensões do RPPS e do Militar,2023,Padrão
DCA-Anexo I-D,2023,DCA-Anexo I-D,DO3.1.90.04.00.00,4318002,Despesas Empenhadas,3.1.90.04.00 - Contratação por Tempo Determinado,2023,Padrão
DCA-Anexo I-D,2023,DCA-Anexo I-D,DO3.1.90.04.00.00,4318002,Despesas Liquidadas,3.1.90.04.00 - Contratação por Tempo Determinado,2023,Padrão
DCA-Anexo I-D,2023,DCA-Anexo I-D,DO3.1.90.04.00.00,4318002,Despesas Pagas,3.1.90.04.00 - Contratação por Tempo Determinado,2023,Padrão
DCA-Anexo I-D,2023,DCA-Anexo I-D,DO3.1.90.04.00.00,4318002,Inscrição de Restos a Pagar Processados,3.1.90.04.00 - Contratação por Tempo Determinado,2023,Padrão
DCA-Anexo I-D,2023,DCA-Anexo I-D,DO3.1.90.08.00.00,4318002,Despesas Empenhadas,3.1.90.08.00 - Outros Benefícios Assistenciais do Servidor e do Militar,2023,Padrão
DCA-Anexo I-D,2023,DCA-Anexo I-D,DO3.1.90.08.00.00,4318002,Despesas Liquidadas,3.1.90.08.00 - Outros Benefícios Assistenciais do Servidor e do Militar,2023,Padrão
DCA-Anexo I-D,2023,DCA-Anexo I-D,DO3.1.90.08.00.00,4318002,Despesas Pagas,3.1.90.08.00 - Outros Benefícios Assistenciais do Servidor e do Militar,2023,Padrão
DCA-Anexo I-D,2023,DCA-Anexo I-D,DO3.1.90.08.00.00,4318002,Inscrição de Restos a Pagar Não Processados,3.1.90.08.00 - Outros Benefícios Assistenciais do Servidor e do Militar,2023,Padrão
DCA-Anexo I-D,2023,DCA-Anexo I-D,DO3.1.90.11.00.00,4318002,Despesas Empenhadas,3.1.90.11.00 - Vencimentos e Vantagens Fixas - Pessoal Civil,2023,Padrão
DCA-Anexo I-D,2023,DCA-Anexo I-D,DO3.1.90.11.00.00,4318002,Despesas Liquidadas,3.1.90.11.00 - Vencimentos e Vantagens Fixas - Pessoal Civil,2023,Padrão
DCA-Anexo I-D,2023,DCA-Anexo I-D,DO3.1.90.11.00.00,4318002,Despesas Pagas,3.1.90.11.00 - Vencimentos e Vantagens Fixas - Pessoal Civil,2023,Padrão
DCA-Anexo I-D,2023,DCA-Anexo I-D,DO3.1.90.11.00.00,4318002,Inscrição de Restos a Pagar Não Processados,3.1.90.11.00 - Vencimentos e Vantagens Fixas - Pessoal Civil,2023,Padrão
DCA-Anexo I-D,2023,DCA-Anexo I-D,DO3.1.90.13.00.00,4318002,Despesas Empenhadas,3.1.90.13.00 - Obrigações Patronais,2023,Padrão
DCA-Anexo I-D,2023,DCA-Anexo I-D,DO3.1.90.13.00.00,4318002,Despesas Liquidadas,3.1.90.13.00 - Obrigações Patronais,2023,Padrão
DCA-Anexo I-D,2023,DCA-Anexo I-D,DO3.1.90.13.00.00,4318002,Despesas Pagas,3.1.90.13.00 - Obrigações Patronais,2023,Padrão
DCA-Anexo I-D,2023,DCA-Anexo I-D,DO3.1.90.13.00.00,4318002,Inscrição de Restos a Pagar Não Processados,3.1.90.13.00 - Obrigações Patronais,2023,Padrão
DCA-Anexo I-D,2023,DCA-Anexo I-D,DO3.1.90.13.00.00,4318002,Inscrição de Restos a Pagar Processados,3.1.90.13.00 - Obrigações Patronais,2023,Padrão
DCA-Anexo I-D,2023,DCA-Anexo I-D,DO3.1.90.13.01.00,4318002,Despesas Empenhadas,3.1.90.13.01 - FGTS,2023,Padrão
DCA-Anexo I-D,2023,DCA-Anexo I-D,DO3.1.90.13.01.00,4318002,Despesas Liquidadas,3.1.90.13.01 - FGTS,2023,Padrão
DCA-Anexo I-D,2023,DCA-Anexo I-D,DO3.1.90.13.01.00,4318002,Despesas Pagas,3.1.90.13.01 - FGTS,2023,Padrão
DCA-Anexo I-D,2023,DCA-Anexo I-D,DO3.1.90.13.01.00,4318002,Inscrição de Restos a Pagar Processados,3.1.90.13.01 - FGTS,2023,Padrão
DCA-Anexo I-D,2023,DCA-Anexo I-D,DO3.1.90.13.02.00,4318002,Despesas Empenhadas,3.1.90.13.02 - Contribuições Previdenciárias - INSS,2023,Padrão
DCA-Anexo I-D,2023,DCA-Anexo I-D,DO3.1.90.13.02.00,4318002,Despesas Liquidadas,3.1.90.13.02 - Contribuições Previdenciárias - INSS,2023,Padrão
DCA-Anexo I-D,2023,DCA-Anexo I-D,DO3.1.90.13.02.00,4318002,Despesas Pagas,3.1.90.13.02 - Contribuições Previdenciárias - INSS,2023,Padrão
DCA-Anexo I-D,2023,DCA-Anexo I-D,DO3.1.90.13.02.00,4318002,Inscrição de Restos a Pagar Não Processados,3.1.90.13.02 - Contribuições Previdenciárias - INSS,2023,Padrão
DCA-Anexo I-D,2023,DCA-Anexo I-D,DO3.1.90.13.02.00,4318002,Inscrição de Restos a Pagar Processados,3.1.90.13.02 - Contribuições Previdenciárias - INSS,2023,Padrão
DCA-Anexo I-D,2023,DCA-Anexo I-D,DO3.1.90.13.99.00,4318002,Despesas Empenhadas,3.1.90.13.99 - Outras Obrigações Patronais,2023,Padrão
DCA-Anexo I-D,2023,DCA-Anexo I-D,DO3.1.90.13.99.00,4318002,Despesas Liquidadas,3.1.90.13.99 - Outras Obrigações Patronais,2023,Padrão
DCA-Anexo I-D,2023,DCA-Anexo I-D,DO3.1.90.13.99.00,4318002,Despesas Pagas,3.1.90.13.99 - Outras Obrigações Patronais,2023,Padrão
DCA-Anexo I-D,2023,DCA-Anexo I-D,DO3.1.90.16.00.00,4318002,Despesas Empenhadas,3.1.90.16.00 - Outras Despesas Variáveis - Pessoal Civil,2023,Padrão
DCA-Anexo I-D,2023,DCA-Anexo I-D,DO3.1.90.16.00.00,4318002,Despesas Liquidadas,3.1.90.16.00 - Outras Despesas Variáveis - Pessoal Civil,2023,Padrão
DCA-Anexo I-D,2023,DCA-Anexo I-D,DO3.1.90.16.00.00,4318002,Despesas Pagas,3.1.90.16.00 - Outras Despesas Variáveis - Pessoal Civil,2023,Padrão
DCA-Anexo I-D,2023,DCA-Anexo I-D,DO3.1.90.94.00.00,4318002,Despesas Empenhadas,3.1.90.94.00 - Indenizações e Restituições Trabalhistas,2023,Padrão
DCA-Anexo I-D,2023,DCA-Anexo I-D,DO3.1.90.94.00.00,4318002,Despesas Liquidadas,3.1.90.94.00 - Indenizações e Restituições Trabalhistas,2023,Padrão
DCA-Anexo I-D,2023,DCA-Anexo I-D,DO3.1.90.94.00.00,4318002,Despesas Pagas,3.1.90.94.00 - Indenizações e Restituições Trabalhistas,2023,Padrão
DCA-Anexo I-D,2023,DCA-Anexo I-D,DI3.1.91.00.00.00,4318002,Despesas Empenhadas,"3.1.91.00.00 - Aplicação Direta Decorrente de Operação entre Órgãos, Fundos e Entidades Integrantes dos Orçamentos Fiscal e da Seguridade Social",2023,Padrão
DCA-Anexo I-D,2023,DCA-Anexo I-D,DI3.1.91.00.00.00,4318002,Despesas Liquidadas,"3.1.91.00.00 - Aplicação Direta Decorrente de Operação entre Órgãos, Fundos e Entidades Integrantes dos Orçamentos Fiscal e da Seguridade Social",2023,Padrão
DCA-Anexo I-D,2023,DCA-Anexo I-D,DI3.1.91.00.00.00,4318002,Despesas Pagas,"3.1.91.00.00 - Aplicação Direta Decorrente de Operação entre Órgãos, Fundos e Entidades Integrantes dos Orçamentos Fiscal e da Seguridade Social",2023,Padrão
DCA-Anexo I-D,2023,DCA-Anexo I-D,DI3.1.91.00.00.00,4318002,Inscrição de Restos a Pagar Não Processados,"3.1.91.00.00 - Aplicação Direta Decorrente de Operação entre Órgãos, Fundos e Entidades Integrantes dos Orçamentos Fiscal e da Seguridade Social",2023,Padrão
DCA-Anexo I-D,2023,DCA-Anexo I-D,DI3.1.91.00.00.00,4318002,Inscrição de Restos a Pagar Processados,"3.1.91.00.00 - Aplicação Direta Decorrente de Operação entre Órgãos, Fundos e Entidades Integrantes dos Orçamentos Fiscal e da Seguridade Social",2023,Padrão
DCA-Anexo I-D,2023,DCA-Anexo I-D,DI3.1.91.13.00.00,4318002,Despesas Empenhadas,3.1.91.13.00 - Contribuições Patronais,2023,Padrão
DCA-Anexo I-D,2023,DCA-Anexo I-D,DI3.1.91.13.00.00,4318002,Despesas Liquidadas,3.1.91.13.00 - Contribuições Patronais,2023,Padrão
DCA-Anexo I-D,2023,DCA-Anexo I-D,DI3.1.91.13.00.00,4318002,Despesas Pagas,3.1.91.13.00 - Contribuições Patronais,2023,Padrão
DCA-Anexo I-D,2023,DCA-Anexo I-D,DI3.1.91.13.00.00,4318002,Inscrição de Restos a Pagar Não Processados,3.1.91.13.00 - Contribuições Patronais,2023,Padrão
DCA-Anexo I-D,2023,DCA-Anexo I-D,DI3.1.91.13.00.00,4318002,Inscrição de Restos a Pagar Processados,3.1.91.13.00 - Contribuições Patronais,2023,Padrão
DCA-Anexo I-D,2023,DCA-Anexo I-D,DI3.1.91.13.08.00,4318002,Despesas Empenhadas,3.1.91.13.08 - Contribuições previdenciárias - RPPS - pessoal ativo - plano previdenciário,2023,Padrão
DCA-Anexo I-D,2023,DCA-Anexo I-D,DI3.1.91.13.08.00,4318002,Despesas Liquidadas,3.1.91.13.08 - Contribuições previdenciárias - RPPS - pessoal ativo - plano previdenciário,2023,Padrão
DCA-Anexo I-D,2023,DCA-Anexo I-D,DI3.1.91.13.08.00,4318002,Despesas Pagas,3.1.91.13.08 - Contribuições previdenciárias - RPPS - pessoal ativo - plano previdenciário,2023,Padrão
DCA-Anexo I-D,2023,DCA-Anexo I-D,DI3.1.91.13.08.00,4318002,Inscrição de Restos a Pagar Não Processados,3.1.91.13.08 - Contribuições previdenciárias - RPPS - pessoal ativo - plano previdenciário,2023,Padrão
DCA-Anexo I-D,2023,DCA-Anexo I-D,DI3.1.91.13.08.00,4318002,Inscrição de Restos a Pagar Processados,3.1.91.13.08 - Contribuições previdenciárias - RPPS - pessoal ativo - plano previdenciário,2023,Padrão
DCA-Anexo I-D,2023,DCA-Anexo I-D,DI3.1.91.13.20.00,4318002,Despesas Empenhadas,3.1.91.13.20 - Alíquota suplementar de contribuição previdenciária - pessoal ativo - plano previdenciário,2023,Padrão
DCA-Anexo I-D,2023,DCA-Anexo I-D,DI3.1.91.13.20.00,4318002,Despesas Liquidadas,3.1.91.13.20 - Alíquota suplementar de contribuição previdenciária - pessoal ativo - plano previdenciário,2023,Padrão
DCA-Anexo I-D,2023,DCA-Anexo I-D,DI3.1.91.13.20.00,4318002,Despesas Pagas,3.1.91.13.20 - Alíquota suplementar de contribuição previdenciária - pessoal ativo - plano previdenciário,2023,Padrão
DCA-Anexo I-D,2023,DCA-Anexo I-D,DI3.1.91.13.20.00,4318002,Inscrição de Restos a Pagar Não Processados,3.1.91.13.20 - Alíquota suplementar de contribuição previdenciária - pessoal ativo - plano previdenciário,2023,Padrão
DCA-Anexo I-D,2023,DCA-Anexo I-D,DI3.1.91.13.20.00,4318002,Inscrição de Restos a Pagar Processados,3.1.91.13.20 - Alíquota suplementar de contribuição previdenciária - pessoal ativo - plano previdenciário,2023,Padrão
DCA-Anexo I-D,2023,DCA-Anexo I-D,DO3.2.00.00.00.00,4318002,Despesas Empenhadas,3.2.00.00.00 - Juros e Encargos da Dívida,2023,Padrão
DCA-Anexo I-D,2023,DCA-Anexo I-D,DO3.2.00.00.00.00,4318002,Despesas Liquidadas,3.2.00.00.00 - Juros e Encargos da Dívida,2023,Padrão
DCA-Anexo I-D,2023,DCA-Anexo I-D,DO3.2.00.00.00.00,4318002,Despesas Pagas,3.2.00.00.00 - Juros e Encargos da Dívida,2023,Padrão
DCA-Anexo I-D,2023,DCA-Anexo I-D,DO3.2.90.00.00.00,4318002,Despesas Empenhadas,3.2.90.00.00 - Aplicações Diretas,2023,Padrão
DCA-Anexo I-D,2023,DCA-Anexo I-D,DO3.2.90.00.00.00,4318002,Despesas Liquidadas,3.2.90.00.00 - Aplicações Diretas,2023,Padrão
DCA-Anexo I-D,2023,DCA-Anexo I-D,DO3.2.90.00.00.00,4318002,Despesas Pagas,3.2.90.00.00 - Aplicações Diretas,2023,Padrão
DCA-Anexo I-D,2023,DCA-Anexo I-D,DO3.2.90.21.00.00,4318002,Despesas Empenhadas,3.2.90.21.00 - Juros sobre a Dívida por Contrato,2023,Padrão
DCA-Anexo I-D,2023,DCA-Anexo I-D,DO3.2.90.21.00.00,4318002,Despesas Liquidadas,3.2.90.21.00 - Juros sobre a Dívida por Contrato,2023,Padrão
DCA-Anexo I-D,2023,DCA-Anexo I-D,DO3.2.90.21.00.00,4318002,Despesas Pagas,3.2.90.21.00 - Juros sobre a Dívida por Contrato,2023,Padrão
DCA-Anexo I-D,2023,DCA-Anexo I-D,DI3.2.91.00.00.00,4318002,Despesas Empenhadas,"3.2.91.00.00 - Aplicação direta decorrente de operação entre Órgãos, fundos e entidades integrantes dos OFSS",2023,Padrão
DCA-Anexo I-D,2023,DCA-Anexo I-D,DI3.2.91.00.00.00,4318002,Despesas Liquidadas,"3.2.91.00.00 - Aplicação direta decorrente de operação entre Órgãos, fundos e entidades integrantes dos OFSS",2023,Padrão
DCA-Anexo I-D,2023,DCA-Anexo I-D,DI3.2.91.00.00.00,4318002,Despesas Pagas,"3.2.91.00.00 - Aplicação direta decorrente de operação entre Órgãos, fundos e entidades integrantes dos OFSS",2023,Padrão
DCA-Anexo I-D,2023,DCA-Anexo I-D,DO3.3.00.00.00.00,4318002,Despesas Empenhadas,3.3.00.00.00 - Outras Despesas Correntes,2023,Padrão
DCA-Anexo I-D,2023,DCA-Anexo I-D,DO3.3.00.00.00.00,4318002,Despesas Liquidadas,3.3.00.00.00 - Outras Despesas Correntes,2023,Padrão
DCA-Anexo I-D,2023,DCA-Anexo I-D,DO3.3.00.00.00.00,4318002,Despesas Pagas,3.3.00.00.00 - Outras Despesas Correntes,2023,Padrão
DCA-Anexo I-D,2023,DCA-Anexo I-D,DO3.3.00.00.00.00,4318002,Inscrição de Restos a Pagar Não Processados,3.3.00.00.00 - Outras Despesas Correntes,2023,Padrão
DCA-Anexo I-D,2023,DCA-Anexo I-D,DO3.3.00.00.00.00,4318002,Inscrição de Restos a Pagar Processados,3.3.00.00.00 - Outras Despesas Correntes,2023,Padrão
DCA-Anexo I-D,2023,DCA-Anexo I-D,DO3.3.30.00.00.00,4318002,Despesas Empenhadas,3.3.30.00.00 - Transferências a Estados e ao Distrito Federal,2023,Padrão
DCA-Anexo I-D,2023,DCA-Anexo I-D,DO3.3.30.00.00.00,4318002,Despesas Liquidadas,3.3.30.00.00 - Transferências a Estados e ao Distrito Federal,2023,Padrão
DCA-Anexo I-D,2023,DCA-Anexo I-D,DO3.3.30.00.00.00,4318002,Despesas Pagas,3.3.30.00.00 - Transferências a Estados e ao Distrito Federal,2023,Padrão
DCA-Anexo I-D,2023,DCA-Anexo I-D,DO3.3.30.00.00.00,4318002,Inscrição de Restos a Pagar Não Processados,3.3.30.00.00 - Transferências a Estados e ao Distrito Federal,2023,Padrão
DCA-Anexo I-D,2023,DCA-Anexo I-D,DO3.3.30.41.00.00,4318002,Despesas Empenhadas,3.3.30.41.00 - Contribuições,2023,Padrão
DCA-Anexo I-D,2023,DCA-Anexo I-D,DO3.3.30.41.00.00,4318002,Despesas Liquidadas,3.3.30.41.00 - Contribuições,2023,Padrão
DCA-Anexo I-D,2023,DCA-Anexo I-D,DO3.3.30.41.00.00,4318002,Despesas Pagas,3.3.30.41.00 - Contribuições,2023,Padrão
DCA-Anexo I-D,2023,DCA-Anexo I-D,DO3.3.30.41.00.00,4318002,Inscrição de Restos a Pagar Não Processados,3.3.30.41.00 - Contribuições,2023,Padrão
DCA-Anexo I-D,2023,DCA-Anexo I-D,DO3.3.30.93.00.00,4318002,Despesas Empenhadas,3.3.30.93.00 - Indenizações e restituições,2023,Padrão
DCA-Anexo I-D,2023,DCA-Anexo I-D,DO3.3.30.93.00.00,4318002,Despesas Liquidadas,3.3.30.93.00 - Indenizações e restituições,2023,Padrão
DCA-Anexo I-D,2023,DCA-Anexo I-D,DO3.3.30.93.00.00,4318002,Despesas Pagas,3.3.30.93.00 - Indenizações e restituições,2023,Padrão
DCA-Anexo I-D,2023,DCA-Anexo I-D,DO3.3.32.00.00.00,4318002,Despesas Empenhadas,3.3.32.00.00 - Execução Orçamentária Delegada a Estados e ao Distrito Federal,2023,Padrão
DCA-Anexo I-D,2023,DCA-Anexo I-D,DO3.3.32.00.00.00,4318002,Despesas Liquidadas,3.3.32.00.00 - Execução Orçamentária Delegada a Estados e ao Distrito Federal,2023,Padrão
DCA-Anexo I-D,2023,DCA-Anexo I-D,DO3.3.32.00.00.00,4318002,Despesas Pagas,3.3.32.00.00 - Execução Orçamentária Delegada a Estados e ao Distrito Federal,2023,Padrão
DCA-Anexo I-D,2023,DCA-Anexo I-D,DO3.3.50.00.00.00,4318002,Despesas Empenhadas,3.3.50.00.00 - Transferências a Instituições Privadas sem Fins Lucrativos,2023,Padrão
DCA-Anexo I-D,2023,DCA-Anexo I-D,DO3.3.50.00.00.00,4318002,Despesas Liquidadas,3.3.50.00.00 - Transferências a Instituições Privadas sem Fins Lucrativos,2023,Padrão
DCA-Anexo I-D,2023,DCA-Anexo I-D,DO3.3.50.00.00.00,4318002,Despesas Pagas,3.3.50.00.00 - Transferências a Instituições Privadas sem Fins Lucrativos,2023,Padrão
DCA-Anexo I-D,2023,DCA-Anexo I-D,DO3.3.50.00.00.00,4318002,Inscrição de Restos a Pagar Não Processados,3.3.50.00.00 - Transferências a Instituições Privadas sem Fins Lucrativos,2023,Padrão
DCA-Anexo I-D,2023,DCA-Anexo I-D,DO3.3.50.00.00.00,4318002,Inscrição de Restos a Pagar Processados,3.3.50.00.00 - Transferências a Instituições Privadas sem Fins Lucrativos,2023,Padrão
DCA-Anexo I-D,2023,DCA-Anexo I-D,DO3.3.60.00.00.00,4318002,Despesas Empenhadas,3.3.60.00.00 - Transferências a Instituições Privadas com Fins Lucrativos,2023,Padrão
DCA-Anexo I-D,2023,DCA-Anexo I-D,DO3.3.60.00.00.00,4318002,Despesas Liquidadas,3.3.60.00.00 - Transferências a Instituições Privadas com Fins Lucrativos,2023,Padrão
DCA-Anexo I-D,2023,DCA-Anexo I-D,DO3.3.60.00.00.00,4318002,Despesas Pagas,3.3.60.00.00 - Transferências a Instituições Privadas com Fins Lucrativos,2023,Padrão
DCA-Anexo I-D,2023,DCA-Anexo I-D,DO3.3.90.00.00.00,4318002,Despesas Empenhadas,3.3.90.00.00 - Aplicações Diretas,2023,Padrão
DCA-Anexo I-D,2023,DCA-Anexo I-D,DO3.3.90.00.00.00,4318002,Despesas Liquidadas,3.3.90.00.00 - Aplicações Diretas,2023,Padrão
DCA-Anexo I-D,2023,DCA-Anexo I-D,DO3.3.90.00.00.00,4318002,Despesas Pagas,3.3.90.00.00 - Aplicações Diretas,2023,Padrão
DCA-Anexo I-D,2023,DCA-Anexo I-D,DO3.3.90.00.00.00,4318002,Inscrição de Restos a Pagar Não Processados,3.3.90.00.00 - Aplicações Diretas,2023,Padrão
DCA-Anexo I-D,2023,DCA-Anexo I-D,DO3.3.90.00.00.00,4318002,Inscrição de Restos a Pagar Processados,3.3.90.00.00 - Aplicações Diretas,2023,Padrão
DCA-Anexo I-D,2023,DCA-Anexo I-D,DO3.3.90.08.00.00,4318002,Despesas Empenhadas,3.3.90.08.00 - Outros Benefícios Assistenciais do servidor e do militar,2023,Padrão
DCA-Anexo I-D,2023,DCA-Anexo I-D,DO3.3.90.08.00.00,4318002,Despesas Liquidadas,3.3.90.08.00 - Outros Benefícios Assistenciais do servidor e do militar,2023,Padrão
DCA-Anexo I-D,2023,DCA-Anexo I-D,DO3.3.90.08.00.00,4318002,Despesas Pagas,3.3.90.08.00 - Outros Benefícios Assistenciais do servidor e do militar,2023,Padrão
DCA-Anexo I-D,2023,DCA-Anexo I-D,DO3.3.90.08.00.00,4318002,Inscrição de Restos a Pagar Não Processados,3.3.90.08.00 - Outros Benefícios Assistenciais do servidor e do militar,2023,Padrão
DCA-Anexo I-D,2023,DCA-Anexo I-D,DO3.3.90.08.00.00,4318002,Inscrição de Restos a Pagar Processados,3.3.90.08.00 - Outros Benefícios Assistenciais do servidor e do militar,2023,Padrão
DCA-Anexo I-D,2023,DCA-Anexo I-D,DO3.3.90.14.00.00,4318002,Despesas Empenhadas,3.3.90.14.00 - Diárias - Civil,2023,Padrão
DCA-Anexo I-D,2023,DCA-Anexo I-D,DO3.3.90.14.00.00,4318002,Despesas Liquidadas,3.3.90.14.00 - Diárias - Civil,2023,Padrão
DCA-Anexo I-D,2023,DCA-Anexo I-D,DO3.3.90.14.00.00,4318002,Despesas Pagas,3.3.90.14.00 - Diárias - Civil,2023,Padrão
DCA-Anexo I-D,2023,DCA-Anexo I-D,DO3.3.90.18.00.00,4318002,Despesas Empenhadas,3.3.90.18.00 - Auxílio Financeiro a Estudantes,2023,Padrão
DCA-Anexo I-D,2023,DCA-Anexo I-D,DO3.3.90.18.00.00,4318002,Despesas Liquidadas,3.3.90.18.00 - Auxílio Financeiro a Estudantes,2023,Padrão
DCA-Anexo I-D,2023,DCA-Anexo I-D,DO3.3.90.18.00.00,4318002,Despesas Pagas,3.3.90.18.00 - Auxílio Financeiro a Estudantes,2023,Padrão
DCA-Anexo I-D,2023,DCA-Anexo I-D,DO3.3.90.18.00.00,4318002,Inscrição de Restos a Pagar Processados,3.3.90.18.00 - Auxílio Financeiro a Estudantes,2023,Padrão
DCA-Anexo I-D,2023,DCA-Anexo I-D,DO3.3.90.30.00.00,4318002,Despesas Empenhadas,3.3.90.30.00 - Material de Consumo,2023,Padrão
DCA-Anexo I-D,2023,DCA-Anexo I-D,DO3.3.90.30.00.00,4318002,Despesas Liquidadas,3.3.90.30.00 - Material de Consumo,2023,Padrão
DCA-Anexo I-D,2023,DCA-Anexo I-D,DO3.3.90.30.00.00,4318002,Despesas Pagas,3.3.90.30.00 - Material de Consumo,2023,Padrão
DCA-Anexo I-D,2023,DCA-Anexo I-D,DO3.3.90.30.00.00,4318002,Inscrição de Restos a Pagar Não Processados,3.3.90.30.00 - Material de Consumo,2023,Padrão
DCA-Anexo I-D,2023,DCA-Anexo I-D,DO3.3.90.30.00.00,4318002,Inscrição de Restos a Pagar Processados,3.3.90.30.00 - Material de Consumo,2023,Padrão
DCA-Anexo I-D,2023,DCA-Anexo I-D,DO3.3.90.31.00.00,4318002,Despesas Empenhadas,"3.3.90.31.00 - Premiações Culturais, Artísticas, Científicas, Desportivas e Outras",2023,Padrão
DCA-Anexo I-D,2023,DCA-Anexo I-D,DO3.3.90.31.00.00,4318002,Despesas Liquidadas,"3.3.90.31.00 - Premiações Culturais, Artísticas, Científicas, Desportivas e Outras",2023,Padrão
DCA-Anexo I-D,2023,DCA-Anexo I-D,DO3.3.90.31.00.00,4318002,Despesas Pagas,"3.3.90.31.00 - Premiações Culturais, Artísticas, Científicas, Desportivas e Outras",2023,Padrão
DCA-Anexo I-D,2023,DCA-Anexo I-D,DO3.3.90.31.00.00,4318002,Inscrição de Restos a Pagar Não Processados,"3.3.90.31.00 - Premiações Culturais, Artísticas, Científicas, Desportivas e Outras",2023,Padrão
DCA-Anexo I-D,2023,DCA-Anexo I-D,DO3.3.90.31.00.00,4318002,Inscrição de Restos a Pagar Processados,"3.3.90.31.00 - Premiações Culturais, Artísticas, Científicas, Desportivas e Outras",2023,Padrão
DCA-Anexo I-D,2023,DCA-Anexo I-D,DO3.3.90.32.00.00,4318002,Despesas Empenhadas,"3.3.90.32.00 - Material, Bem ou Serviço para Distribuição Gratuita",2023,Padrão
DCA-Anexo I-D,2023,DCA-Anexo I-D,DO3.3.90.32.00.00,4318002,Despesas Liquidadas,"3.3.90.32.00 - Material, Bem ou Serviço para Distribuição Gratuita",2023,Padrão
DCA-Anexo I-D,2023,DCA-Anexo I-D,DO3.3.90.32.00.00,4318002,Despesas Pagas,"3.3.90.32.00 - Material, Bem ou Serviço para Distribuição Gratuita",2023,Padrão
DCA-Anexo I-D,2023,DCA-Anexo I-D,DO3.3.90.32.00.00,4318002,Inscrição de Restos a Pagar Não Processados,"3.3.90.32.00 - Material, Bem ou Serviço para Distribuição Gratuita",2023,Padrão
DCA-Anexo I-D,2023,DCA-Anexo I-D,DO3.3.90.32.00.00,4318002,Inscrição de Restos a Pagar Processados,"3.3.90.32.00 - Material, Bem ou Serviço para Distribuição Gratuita",2023,Padrão
DCA-Anexo I-D,2023,DCA-Anexo I-D,DO3.3.90.33.00.00,4318002,Despesas Empenhadas,3.3.90.33.00 - Passagens e Despesas com Locomoção,2023,Padrão
DCA-Anexo I-D,2023,DCA-Anexo I-D,DO3.3.90.33.00.00,4318002,Despesas Liquidadas,3.3.90.33.00 - Passagens e Despesas com Locomoção,2023,Padrão
DCA-Anexo I-D,2023,DCA-Anexo I-D,DO3.3.90.33.00.00,4318002,Despesas Pagas,3.3.90.33.00 - Passagens e Despesas com Locomoção,2023,Padrão
DCA-Anexo I-D,2023,DCA-Anexo I-D,DO3.3.90.33.00.00,4318002,Inscrição de Restos a Pagar Não Processados,3.3.90.33.00 - Passagens e Despesas com Locomoção,2023,Padrão
DCA-Anexo I-D,2023,DCA-Anexo I-D,DO3.3.90.35.00.00,4318002,Despesas Empenhadas,3.3.90.35.00 - Serviços de Consultoria,2023,Padrão
DCA-Anexo I-D,2023,DCA-Anexo I-D,DO3.3.90.35.00.00,4318002,Despesas Liquidadas,3.3.90.35.00 - Serviços de Consultoria,2023,Padrão
DCA-Anexo I-D,2023,DCA-Anexo I-D,DO3.3.90.35.00.00,4318002,Despesas Pagas,3.3.90.35.00 - Serviços de Consultoria,2023,Padrão
DCA-Anexo I-D,2023,DCA-Anexo I-D,DO3.3.90.35.00.00,4318002,Inscrição de Restos a Pagar Não Processados,3.3.90.35.00 - Serviços de Consultoria,2023,Padrão
DCA-Anexo I-D,2023,DCA-Anexo I-D,DO3.3.90.36.00.00,4318002,Despesas Empenhadas,3.3.90.36.00 - Outros Serviços de Terceiros - Pessoa Física,2023,Padrão
DCA-Anexo I-D,2023,DCA-Anexo I-D,DO3.3.90.36.00.00,4318002,Despesas Liquidadas,3.3.90.36.00 - Outros Serviços de Terceiros - Pessoa Física,2023,Padrão
DCA-Anexo I-D,2023,DCA-Anexo I-D,DO3.3.90.36.00.00,4318002,Despesas Pagas,3.3.90.36.00 - Outros Serviços de Terceiros - Pessoa Física,2023,Padrão
DCA-Anexo I-D,2023,DCA-Anexo I-D,DO3.3.90.36.00.00,4318002,Inscrição de Restos a Pagar Não Processados,3.3.90.36.00 - Outros Serviços de Terceiros - Pessoa Física,2023,Padrão
DCA-Anexo I-D,2023,DCA-Anexo I-D,DO3.3.90.36.00.00,4318002,Inscrição de Restos a Pagar Processados,3.3.90.36.00 - Outros Serviços de Terceiros - Pessoa Física,2023,Padrão
DCA-Anexo I-D,2023,DCA-Anexo I-D,DO3.3.90.39.00.00,4318002,Despesas Empenhadas,3.3.90.39.00 - Outros Serviços de Terceiros - Pessoa Jurídica,2023,Padrão
DCA-Anexo I-D,2023,DCA-Anexo I-D,DO3.3.90.39.00.00,4318002,Despesas Liquidadas,3.3.90.39.00 - Outros Serviços de Terceiros - Pessoa Jurídica,2023,Padrão
DCA-Anexo I-D,2023,DCA-Anexo I-D,DO3.3.90.39.00.00,4318002,Despesas Pagas,3.3.90.39.00 - Outros Serviços de Terceiros - Pessoa Jurídica,2023,Padrão
DCA-Anexo I-D,2023,DCA-Anexo I-D,DO3.3.90.39.00.00,4318002,Inscrição de Restos a Pagar Não Processados,3.3.90.39.00 - Outros Serviços de Terceiros - Pessoa Jurídica,2023,Padrão
DCA-Anexo I-D,2023,DCA-Anexo I-D,DO3.3.90.39.00.00,4318002,Inscrição de Restos a Pagar Processados,3.3.90.39.00 - Outros Serviços de Terceiros - Pessoa Jurídica,2023,Padrão
DCA-Anexo I-D,2023,DCA-Anexo I-D,DO3.3.90.40.00.00,4318002,Despesas Empenhadas,3.3.90.40.00 - Serviços de Tecnologia da Informação e Comunicação (TIC) - Pessoa Jurídica,2023,Padrão
DCA-Anexo I-D,2023,DCA-Anexo I-D,DO3.3.90.40.00.00,4318002,Despesas Liquidadas,3.3.90.40.00 - Serviços de Tecnologia da Informação e Comunicação (TIC) - Pessoa Jurídica,2023,Padrão
DCA-Anexo I-D,2023,DCA-Anexo I-D,DO3.3.90.40.00.00,4318002,Despesas Pagas,3.3.90.40.00 - Serviços de Tecnologia da Informação e Comunicação (TIC) - Pessoa Jurídica,2023,Padrão
DCA-Anexo I-D,2023,DCA-Anexo I-D,DO3.3.90.40.00.00,4318002,Inscrição de Restos a Pagar Não Processados,3.3.90.40.00 - Serviços de Tecnologia da Informação e Comunicação (TIC) - Pessoa Jurídica,2023,Padrão
DCA-Anexo I-D,2023,DCA-Anexo I-D,DO3.3.90.40.00.00,4318002,Inscrição de Restos a Pagar Processados,3.3.90.40.00 - Serviços de Tecnologia da Informação e Comunicação (TIC) - Pessoa Jurídica,2023,Padrão
DCA-Anexo I-D,2023,DCA-Anexo I-D,DO3.3.90.46.00.00,4318002,Despesas Empenhadas,3.3.90.46.00 - Auxílio-Alimentação,2023,Padrão
DCA-Anexo I-D,2023,DCA-Anexo I-D,DO3.3.90.46.00.00,4318002,Despesas Liquidadas,3.3.90.46.00 - Auxílio-Alimentação,2023,Padrão
DCA-Anexo I-D,2023,DCA-Anexo I-D,DO3.3.90.46.00.00,4318002,Despesas Pagas,3.3.90.46.00 - Auxílio-Alimentação,2023,Padrão
DCA-Anexo I-D,2023,DCA-Anexo I-D,DO3.3.90.46.00.00,4318002,Inscrição de Restos a Pagar Processados,3.3.90.46.00 - Auxílio-Alimentação,2023,Padrão
DCA-Anexo I-D,2023,DCA-Anexo I-D,DO3.3.90.47.00.00,4318002,Despesas Empenhadas,3.3.90.47.00 - Obrigações Tributárias e Contributivas,2023,Padrão
DCA-Anexo I-D,2023,DCA-Anexo I-D,DO3.3.90.47.00.00,4318002,Despesas Liquidadas,3.3.90.47.00 - Obrigações Tributárias e Contributivas,2023,Padrão
DCA-Anexo I-D,2023,DCA-Anexo I-D,DO3.3.90.47.00.00,4318002,Despesas Pagas,3.3.90.47.00 - Obrigações Tributárias e Contributivas,2023,Padrão
DCA-Anexo I-D,2023,DCA-Anexo I-D,DO3.3.90.47.00.00,4318002,Inscrição de Restos a Pagar Processados,3.3.90.47.00 - Obrigações Tributárias e Contributivas,2023,Padrão
DCA-Anexo I-D,2023,DCA-Anexo I-D,DO3.3.90.48.00.00,4318002,Despesas Empenhadas,3.3.90.48.00 - Outros Auxílios Financeiros a Pessoas Físicas,2023,Padrão
DCA-Anexo I-D,2023,DCA-Anexo I-D,DO3.3.90.48.00.00,4318002,Despesas Liquidadas,3.3.90.48.00 - Outros Auxílios Financeiros a Pessoas Físicas,2023,Padrão
DCA-Anexo I-D,2023,DCA-Anexo I-D,DO3.3.90.48.00.00,4318002,Despesas Pagas,3.3.90.48.00 - Outros Auxílios Financeiros a Pessoas Físicas,2023,Padrão
DCA-Anexo I-D,2023,DCA-Anexo I-D,DO3.3.90.49.00.00,4318002,Despesas Empenhadas,3.3.90.49.00 - Auxílio-Transporte,2023,Padrão
DCA-Anexo I-D,2023,DCA-Anexo I-D,DO3.3.90.49.00.00,4318002,Despesas Liquidadas,3.3.90.49.00 - Auxílio-Transporte,2023,Padrão
DCA-Anexo I-D,2023,DCA-Anexo I-D,DO3.3.90.49.00.00,4318002,Despesas Pagas,3.3.90.49.00 - Auxílio-Transporte,2023,Padrão
DCA-Anexo I-D,2023,DCA-Anexo I-D,DO3.3.90.91.00.00,4318002,Despesas Empenhadas,3.3.90.91.00 - Sentenças Judiciais,2023,Padrão
DCA-Anexo I-D,2023,DCA-Anexo I-D,DO3.3.90.91.00.00,4318002,Despesas Liquidadas,3.3.90.91.00 - Sentenças Judiciais,2023,Padrão
DCA-Anexo I-D,2023,DCA-Anexo I-D,DO3.3.90.91.00.00,4318002,Despesas Pagas,3.3.90.91.00 - Sentenças Judiciais,2023,Padrão
DCA-Anexo I-D,2023,DCA-Anexo I-D,DO3.3.90.92.00.00,4318002,Despesas Empenhadas,3.3.90.92.00 - Despesas de Exercícios Anteriores,2023,Padrão
DCA-Anexo I-D,2023,DCA-Anexo I-D,DO3.3.90.92.00.00,4318002,Despesas Liquidadas,3.3.90.92.00 - Despesas de Exercícios Anteriores,2023,Padrão
DCA-Anexo I-D,2023,DCA-Anexo I-D,DO3.3.90.92.00.00,4318002,Despesas Pagas,3.3.90.92.00 - Despesas de Exercícios Anteriores,2023,Padrão
DCA-Anexo I-D,2023,DCA-Anexo I-D,DO3.3.90.92.00.00,4318002,Inscrição de Restos a Pagar Não Processados,3.3.90.92.00 - Despesas de Exercícios Anteriores,2023,Padrão
DCA-Anexo I-D,2023,DCA-Anexo I-D,DO3.3.90.93.00.00,4318002,Despesas Empenhadas,3.3.90.93.00 - Indenizações e Restituições,2023,Padrão
DCA-Anexo I-D,2023,DCA-Anexo I-D,DO3.3.90.93.00.00,4318002,Despesas Liquidadas,3.3.90.93.00 - Indenizações e Restituições,2023,Padrão
DCA-Anexo I-D,2023,DCA-Anexo I-D,DO3.3.90.93.00.00,4318002,Despesas Pagas,3.3.90.93.00 - Indenizações e Restituições,2023,Padrão
DCA-Anexo I-D,2023,DCA-Anexo I-D,DO3.3.90.93.00.00,4318002,Inscrição de Restos a Pagar Não Processados,3.3.90.93.00 - Indenizações e Restituições,2023,Padrão
DCA-Anexo I-D,2023,DCA-Anexo I-D,DI3.3.91.00.00.00,4318002,Despesas Empenhadas,"3.3.91.00.00 - Aplicação Direta Decorrente de Operação entre Órgãos, Fundos e Entidades Integrantes dos Orçamentos Fiscal e da Seguridade Social",2023,Padrão
DCA-Anexo I-D,2023,DCA-Anexo I-D,DI3.3.91.00.00.00,4318002,Despesas Liquidadas,"3.3.91.00.00 - Aplicação Direta Decorrente de Operação entre Órgãos, Fundos e Entidades Integrantes dos Orçamentos Fiscal e da Seguridade Social",2023,Padrão
DCA-Anexo I-D,2023,DCA-Anexo I-D,DI3.3.91.00.00.00,4318002,Despesas Pagas,"3.3.91.00.00 - Aplicação Direta Decorrente de Operação entre Órgãos, Fundos e Entidades Integrantes dos Orçamentos Fiscal e da Seguridade Social",2023,Padrão
DCA-Anexo I-D,2023,DCA-Anexo I-D,DI3.3.91.00.00.00,4318002,Inscrição de Restos a Pagar Processados,"3.3.91.00.00 - Aplicação Direta Decorrente de Operação entre Órgãos, Fundos e Entidades Integrantes dos Orçamentos Fiscal e da Seguridade Social",2023,Padrão
DCA-Anexo I-D,2023,DCA-Anexo I-D,DO4.0.00.00.00.00,4318002,Despesas Empenhadas,4.0.00.00.00 - Despesas de Capital,2023,Padrão
DCA-Anexo I-D,2023,DCA-Anexo I-D,DO4.0.00.00.00.00,4318002,Despesas Liquidadas,4.0.00.00.00 - Despesas de Capital,2023,Padrão
DCA-Anexo I-D,2023,DCA-Anexo I-D,DO4.0.00.00.00.00,4318002,Despesas Pagas,4.0.00.00.00 - Despesas de Capital,2023,Padrão
DCA-Anexo I-D,2023,DCA-Anexo I-D,DO4.0.00.00.00.00,4318002,Inscrição de Restos a Pagar Não Processados,4.0.00.00.00 - Despesas de Capital,2023,Padrão
DCA-Anexo I-D,2023,DCA-Anexo I-D,DO4.0.00.00.00.00,4318002,Inscrição de Restos a Pagar Processados,4.0.00.00.00 - Despesas de Capital,2023,Padrão
DCA-Anexo I-D,2023,DCA-Anexo I-D,DO4.4.00.00.00.00,4318002,Despesas Empenhadas,4.4.00.00.00 - Investimentos,2023,Padrão
DCA-Anexo I-D,2023,DCA-Anexo I-D,DO4.4.00.00.00.00,4318002,Despesas Liquidadas,4.4.00.00.00 - Investimentos,2023,Padrão
DCA-Anexo I-D,2023,DCA-Anexo I-D,DO4.4.00.00.00.00,4318002,Despesas Pagas,4.4.00.00.00 - Investimentos,2023,Padrão
DCA-Anexo I-D,2023,DCA-Anexo I-D,DO4.4.00.00.00.00,4318002,Inscrição de Restos a Pagar Não Processados,4.4.00.00.00 - Investimentos,2023,Padrão
DCA-Anexo I-D,2023,DCA-Anexo I-D,DO4.4.00.00.00.00,4318002,Inscrição de Restos a Pagar Processados,4.4.00.00.00 - Investimentos,2023,Padrão
DCA-Anexo I-D,2023,DCA-Anexo I-D,DO4.4.20.00.00.00,4318002,Despesas Empenhadas,4.4.20.00.00 - Transferências à União,2023,Padrão
DCA-Anexo I-D,2023,DCA-Anexo I-D,DO4.4.20.00.00.00,4318002,Despesas Liquidadas,4.4.20.00.00 - Transferências à União,2023,Padrão
DCA-Anexo I-D,2023,DCA-Anexo I-D,DO4.4.20.00.00.00,4318002,Despesas Pagas,4.4.20.00.00 - Transferências à União,2023,Padrão
DCA-Anexo I-D,2023,DCA-Anexo I-D,DO4.4.30.00.00.00,4318002,Despesas Empenhadas,4.4.30.00.00 - Transferências a Estados e ao Distrito Federal,2023,Padrão
DCA-Anexo I-D,2023,DCA-Anexo I-D,DO4.4.30.00.00.00,4318002,Despesas Liquidadas,4.4.30.00.00 - Transferências a Estados e ao Distrito Federal,2023,Padrão
DCA-Anexo I-D,2023,DCA-Anexo I-D,DO4.4.30.00.00.00,4318002,Despesas Pagas,4.4.30.00.00 - Transferências a Estados e ao Distrito Federal,2023,Padrão
DCA-Anexo I-D,2023,DCA-Anexo I-D,DO4.4.50.00.00.00,4318002,Despesas Empenhadas,4.4.50.00.00 - Transferências a Instituições Privadas sem Fins Lucrativos,2023,Padrão
DCA-Anexo I-D,2023,DCA-Anexo I-D,DO4.4.50.00.00.00,4318002,Despesas Liquidadas,4.4.50.00.00 - Transferências a Instituições Privadas sem Fins Lucrativos,2023,Padrão
DCA-Anexo I-D,2023,DCA-Anexo I-D,DO4.4.50.00.00.00,4318002,Despesas Pagas,4.4.50.00.00 - Transferências a Instituições Privadas sem Fins Lucrativos,2023,Padrão
DCA-Anexo I-D,2023,DCA-Anexo I-D,DO4.4.90.00.00.00,4318002,Despesas Empenhadas,4.4.90.00.00 - Aplicações Diretas,2023,Padrão
DCA-Anexo I-D,2023,DCA-Anexo I-D,DO4.4.90.00.00.00,4318002,Despesas Liquidadas,4.4.90.00.00 - Aplicações Diretas,2023,Padrão
DCA-Anexo I-D,2023,DCA-Anexo I-D,DO4.4.90.00.00.00,4318002,Despesas Pagas,4.4.90.00.00 - Aplicações Diretas,2023,Padrão
DCA-Anexo I-D,2023,DCA-Anexo I-D,DO4.4.90.00.00.00,4318002,Inscrição de Restos a Pagar Não Processados,4.4.90.00.00 - Aplicações Diretas,2023,Padrão
DCA-Anexo I-D,2023,DCA-Anexo I-D,DO4.4.90.00.00.00,4318002,Inscrição de Restos a Pagar Processados,4.4.90.00.00 - Aplicações Diretas,2023,Padrão
DCA-Anexo I-D,2023,DCA-Anexo I-D,DO4.4.90.30.00.00,4318002,Despesas Empenhadas,4.4.90.30.00 - Material de Consumo,2023,Padrão
DCA-Anexo I-D,2023,DCA-Anexo I-D,DO4.4.90.30.00.00,4318002,Despesas Liquidadas,4.4.90.30.00 - Material de Consumo,2023,Padrão
DCA-Anexo I-D,2023,DCA-Anexo I-D,DO4.4.90.30.00.00,4318002,Despesas Pagas,4.4.90.30.00 - Material de Consumo,2023,Padrão
DCA-Anexo I-D,2023,DCA-Anexo I-D,DO4.4.90.51.00.00,4318002,Despesas Empenhadas,4.4.90.51.00 - Obras e Instalações,2023,Padrão
DCA-Anexo I-D,2023,DCA-Anexo I-D,DO4.4.90.51.00.00,4318002,Despesas Liquidadas,4.4.90.51.00 - Obras e Instalações,2023,Padrão
DCA-Anexo I-D,2023,DCA-Anexo I-D,DO4.4.90.51.00.00,4318002,Despesas Pagas,4.4.90.51.00 - Obras e Instalações,2023,Padrão
DCA-Anexo I-D,2023,DCA-Anexo I-D,DO4.4.90.51.00.00,4318002,Inscrição de Restos a Pagar Não Processados,4.4.90.51.00 - Obras e Instalações,2023,Padrão
DCA-Anexo I-D,2023,DCA-Anexo I-D,DO4.4.90.51.91.00,4318002,Despesas Empenhadas,4.4.90.51.91 - Obras em Andamento,2023,Padrão
DCA-Anexo I-D,2023,DCA-Anexo I-D,DO4.4.90.51.91.00,4318002,Despesas Liquidadas,4.4.90.51.91 - Obras em Andamento,2023,Padrão
DCA-Anexo I-D,2023,DCA-Anexo I-D,DO4.4.90.51.91.00,4318002,Despesas Pagas,4.4.90.51.91 - Obras em Andamento,2023,Padrão
DCA-Anexo I-D,2023,DCA-Anexo I-D,DO4.4.90.51.91.00,4318002,Inscrição de Restos a Pagar Não Processados,4.4.90.51.91 - Obras em Andamento,2023,Padrão
DCA-Anexo I-D,2023,DCA-Anexo I-D,DO4.4.90.51.99.00,4318002,Despesas Empenhadas,4.4.90.51.99 - Outras Obras e Instalações,2023,Padrão
DCA-Anexo I-D,2023,DCA-Anexo I-D,DO4.4.90.51.99.00,4318002,Inscrição de Restos a Pagar Não Processados,4.4.90.51.99 - Outras Obras e Instalações,2023,Padrão
DCA-Anexo I-D,2023,DCA-Anexo I-D,DO4.4.90.52.00.00,4318002,Despesas Empenhadas,4.4.90.52.00 - Equipamentos e Material Permanente,2023,Padrão
DCA-Anexo I-D,2023,DCA-Anexo I-D,DO4.4.90.52.00.00,4318002,Despesas Liquidadas,4.4.90.52.00 - Equipamentos e Material Permanente,2023,Padrão
DCA-Anexo I-D,2023,DCA-Anexo I-D,DO4.4.90.52.00.00,4318002,Despesas Pagas,4.4.90.52.00 - Equipamentos e Material Permanente,2023,Padrão
DCA-Anexo I-D,2023,DCA-Anexo I-D,DO4.4.90.52.00.00,4318002,Inscrição de Restos a Pagar Não Processados,4.4.90.52.00 - Equipamentos e Material Permanente,2023,Padrão
DCA-Anexo I-D,2023,DCA-Anexo I-D,DO4.4.90.52.00.00,4318002,Inscrição de Restos a Pagar Processados,4.4.90.52.00 - Equipamentos e Material Permanente,2023,Padrão
DCA-Anexo I-D,2023,DCA-Anexo I-D,DO4.4.90.61.00.00,4318002,Despesas Empenhadas,4.4.90.61.00 - Aquisição de Imóveis,2023,Padrão
DCA-Anexo I-D,2023,DCA-Anexo I-D,DO4.4.90.61.00.00,4318002,Despesas Liquidadas,4.4.90.61.00 - Aquisição de Imóveis,2023,Padrão
DCA-Anexo I-D,2023,DCA-Anexo I-D,DO4.4.90.61.00.00,4318002,Despesas Pagas,4.4.90.61.00 - Aquisição de Imóveis,2023,Padrão
DCA-Anexo I-D,2023,DCA-Anexo I-D,DO4.6.00.00.00.00,4318002,Despesas Empenhadas,4.6.00.00.00 - Amortização da Dívida,2023,Padrão
DCA-Anexo I-D,2023,DCA-Anexo I-D,DO4.6.00.00.00.00,4318002,Despesas Liquidadas,4.6.00.00.00 - Amortização da Dívida,2023,Padrão
DCA-Anexo I-D,2023,DCA-Anexo I-D,DO4.6.00.00.00.00,4318002,Despesas Pagas,4.6.00.00.00 - Amortização da Dívida,2023,Padrão
DCA-Anexo I-D,2023,DCA-Anexo I-D,DO4.6.90.00.00.00,4318002,Despesas Empenhadas,4.6.90.00.00 - Aplicações Diretas,2023,Padrão
DCA-Anexo I-D,2023,DCA-Anexo I-D,DO4.6.90.00.00.00,4318002,Despesas Liquidadas,4.6.90.00.00 - Aplicações Diretas,2023,Padrão
DCA-Anexo I-D,2023,DCA-Anexo I-D,DO4.6.90.00.00.00,4318002,Despesas Pagas,4.6.90.00.00 - Aplicações Diretas,2023,Padrão
DCA-Anexo I-D,2023,DCA-Anexo I-D,DO4.6.90.71.00.00,4318002,Despesas Empenhadas,4.6.90.71.00 - Principal da Dívida Contratual Resgatado,2023,Padrão
DCA-Anexo I-D,2023,DCA-Anexo I-D,DO4.6.90.71.00.00,4318002,Despesas Liquidadas,4.6.90.71.00 - Principal da Dívida Contratual Resgatado,2023,Padrão
DCA-Anexo I-D,2023,DCA-Anexo I-D,DO4.6.90.71.00.00,4318002,Despesas Pagas,4.6.90.71.00 - Principal da Dívida Contratual Resgatado,2023,Padrão
DCA-Anexo I-D,2023,DCA-Anexo I-D,DI4.6.91.00.00.00,4318002,Despesas Empenhadas,"4.6.91.00.00 - Aplicação direta decorrente de operação entre órgãos, fundos e entidades integrantes dos OFSS",2023,Padrão
DCA-Anexo I-D,2023,DCA-Anexo I-D,DI4.6.91.00.00.00,4318002,Despesas Liquidadas,"4.6.91.00.00 - Aplicação direta decorrente de operação entre órgãos, fundos e entidades integrantes dos OFSS",2023,Padrão
DCA-Anexo I-D,2023,DCA-Anexo I-D,DI4.6.91.00.00.00,4318002,Despesas Pagas,"4.6.91.00.00 - Aplicação direta decorrente de operação entre órgãos, fundos e entidades integrantes dos OFSS",2023,Padrão
DCA-Anexo I-E,2023,DCA-Anexo I-E,TotalDespesas,4318002,Despesas Empenhadas,Despesas Exceto Intraorçamentárias,2023,Total Geral da Despesa por Função
DCA-Anexo I-E,2023,DCA-Anexo I-E,TotalDespesas,4318002,Despesas Empenhadas,01 - Legislativa,2023,Total Geral da Despesa por Função
DCA-Anexo I-E,2023,DCA-Anexo I-E,TotalDespesas,4318002,Despesas Empenhadas,01.031 - Ação Legislativa,2023,Total Geral da Despesa por Função
DCA-Anexo I-E,2023,DCA-Anexo I-E,TotalDespesas,4318002,Despesas Empenhadas,04 - Administração,2023,Total Geral da Despesa por Função
DCA-Anexo I-E,2023,DCA-Anexo I-E,TotalDespesas,4318002,Despesas Empenhadas,04.121 - Planejamento e Orçamento,2023,Total Geral da Despesa por Função
DCA-Anexo I-E,2023,DCA-Anexo I-E,TotalDespesas,4318002,Despesas Empenhadas,04.122 - Administração Geral,2023,Total Geral da Despesa por Função
DCA-Anexo I-E,2023,DCA-Anexo I-E,TotalDespesas,4318002,Despesas Empenhadas,04.123 - Administração Financeira,2023,Total Geral da Despesa por Função
DCA-Anexo I-E,2023,DCA-Anexo I-E,TotalDespesas,4318002,Despesas Empenhadas,04.124 - Controle Interno,2023,Total Geral da Despesa por Função
DCA-Anexo I-E,2023,DCA-Anexo I-E,TotalDespesas,4318002,Despesas Empenhadas,04.126 - Tecnologia da Informação,2023,Total Geral da Despesa por Função
DCA-Anexo I-E,2023,DCA-Anexo I-E,TotalDespesas,4318002,Despesas Empenhadas,04.129 - Administração de Receitas,2023,Total Geral da Despesa por Função
DCA-Anexo I-E,2023,DCA-Anexo I-E,TotalDespesas,4318002,Despesas Empenhadas,FU04 - Demais Subfunções,2023,Total Geral da Despesa por Função
DCA-Anexo I-E,2023,DCA-Anexo I-E,TotalDespesas,4318002,Despesas Empenhadas,06 - Segurança Pública,2023,Total Geral da Despesa por Função
DCA-Anexo I-E,2023,DCA-Anexo I-E,TotalDespesas,4318002,Despesas Empenhadas,06.181 - Policiamento,2023,Total Geral da Despesa por Função
DCA-Anexo I-E,2023,DCA-Anexo I-E,TotalDespesas,4318002,Despesas Empenhadas,06.182 - Defesa Civil,2023,Total Geral da Despesa por Função
DCA-Anexo I-E,2023,DCA-Anexo I-E,TotalDespesas,4318002,Despesas Empenhadas,08 - Assistência Social,2023,Total Geral da Despesa por Função
DCA-Anexo I-E,2023,DCA-Anexo I-E,TotalDespesas,4318002,Despesas Empenhadas,08.241 - Assistência ao Idoso,2023,Total Geral da Despesa por Função
DCA-Anexo I-E,2023,DCA-Anexo I-E,TotalDespesas,4318002,Despesas Empenhadas,08.243 - Assistência à Criança e ao Adolescente,2023,Total Geral da Despesa por Função
DCA-Anexo I-E,2023,DCA-Anexo I-E,TotalDespesas,4318002,Despesas Empenhadas,08.244 - Assistência Comunitária,2023,Total Geral da Despesa por Função
DCA-Anexo I-E,2023,DCA-Anexo I-E,TotalDespesas,4318002,Despesas Empenhadas,08.122 - Administração Geral,2023,Total Geral da Despesa por Função
DCA-Anexo I-E,2023,DCA-Anexo I-E,TotalDespesas,4318002,Despesas Empenhadas,09 - Previdência Social,2023,Total Geral da Despesa por Função
DCA-Anexo I-E,2023,DCA-Anexo I-E,TotalDespesas,4318002,Despesas Empenhadas,09.272 - Previdência do Regime Estatutário,2023,Total Geral da Despesa por Função
DCA-Anexo I-E,2023,DCA-Anexo I-E,TotalDespesas,4318002,Despesas Empenhadas,09.122 - Administração Geral,2023,Total Geral da Despesa por Função
DCA-Anexo I-E,2023,DCA-Anexo I-E,TotalDespesas,4318002,Despesas Empenhadas,10 - Saúde,2023,Total Geral da Despesa por Função
DCA-Anexo I-E,2023,DCA-Anexo I-E,TotalDespesas,4318002,Despesas Empenhadas,10.301 - Atenção Básica,2023,Total Geral da Despesa por Função
DCA-Anexo I-E,2023,DCA-Anexo I-E,TotalDespesas,4318002,Despesas Empenhadas,10.302 - Assistência Hospitalar e Ambulatorial,2023,Total Geral da Despesa por Função
DCA-Anexo I-E,2023,DCA-Anexo I-E,TotalDespesas,4318002,Despesas Empenhadas,10.303 - Suporte Profilático e Terapêutico,2023,Total Geral da Despesa por Função
DCA-Anexo I-E,2023,DCA-Anexo I-E,TotalDespesas,4318002,Despesas Empenhadas,10.304 - Vigilância Sanitária,2023,Total Geral da Despesa por Função
DCA-Anexo I-E,2023,DCA-Anexo I-E,TotalDespesas,4318002,Despesas Empenhadas,10.122 - Administração Geral,2023,Total Geral da Despesa por Função
DCA-Anexo I-E,2023,DCA-Anexo I-E,TotalDespesas,4318002,Despesas Empenhadas,11 - Trabalho,2023,Total Geral da Despesa por Função
DCA-Anexo I-E,2023,DCA-Anexo I-E,TotalDespesas,4318002,Despesas Empenhadas,11.334 - Fomento ao Trabalho,2023,Total Geral da Despesa por Função
DCA-Anexo I-E,2023,DCA-Anexo I-E,TotalDespesas,4318002,Despesas Empenhadas,12 - Educação,2023,Total Geral da Despesa por Função
DCA-Anexo I-E,2023,DCA-Anexo I-E,TotalDespesas,4318002,Despesas Empenhadas,12.361 - Ensino Fundamental,2023,Total Geral da Despesa por Função
DCA-Anexo I-E,2023,DCA-Anexo I-E,TotalDespesas,4318002,Despesas Empenhadas,12.362 - Ensino Médio,2023,Total Geral da Despesa por Função
DCA-Anexo I-E,2023,DCA-Anexo I-E,TotalDespesas,4318002,Despesas Empenhadas,12.365 - Educação Infantil,2023,Total Geral da Despesa por Função
DCA-Anexo I-E,2023,DCA-Anexo I-E,TotalDespesas,4318002,Despesas Empenhadas,12.366 - Educação de Jovens e Adultos,2023,Total Geral da Despesa por Função
DCA-Anexo I-E,2023,DCA-Anexo I-E,TotalDespesas,4318002,Despesas Empenhadas,12.367 - Educação Especial,2023,Total Geral da Despesa por Função
DCA-Anexo I-E,2023,DCA-Anexo I-E,TotalDespesas,4318002,Despesas Empenhadas,12.122 - Administração Geral,2023,Total Geral da Despesa por Função
DCA-Anexo I-E,2023,DCA-Anexo I-E,TotalDespesas,4318002,Despesas Empenhadas,13 - Cultura,2023,Total Geral da Despesa por Função
DCA-Anexo I-E,2023,DCA-Anexo I-E,TotalDespesas,4318002,Despesas Empenhadas,13.392 - Difusão Cultural,2023,Total Geral da Despesa por Função
DCA-Anexo I-E,2023,DCA-Anexo I-E,TotalDespesas,4318002,Despesas Empenhadas,14 - Direitos da Cidadania,2023,Total Geral da Despesa por Função
DCA-Anexo I-E,2023,DCA-Anexo I-E,TotalDespesas,4318002,Despesas Empenhadas,"14.422 - Direitos Individuais, Coletivos e Difusos",2023,Total Geral da Despesa por Função
DCA-Anexo I-E,2023,DCA-Anexo I-E,TotalDespesas,4318002,Despesas Empenhadas,FU14 - Demais Subfunções,2023,Total Geral da Despesa por Função
DCA-Anexo I-E,2023,DCA-Anexo I-E,TotalDespesas,4318002,Despesas Empenhadas,15 - Urbanismo,2023,Total Geral da Despesa por Função
DCA-Anexo I-E,2023,DCA-Anexo I-E,TotalDespesas,4318002,Despesas Empenhadas,15.451 - Infraestrutura Urbana,2023,Total Geral da Despesa por Função
DCA-Anexo I-E,2023,DCA-Anexo I-E,TotalDespesas,4318002,Despesas Empenhadas,15.452 - Serviços Urbanos,2023,Total Geral da Despesa por Função
DCA-Anexo I-E,2023,DCA-Anexo I-E,TotalDespesas,4318002,Despesas Empenhadas,15.453 - Transportes Coletivos Urbanos,2023,Total Geral da Despesa por Função
DCA-Anexo I-E,2023,DCA-Anexo I-E,TotalDespesas,4318002,Despesas Empenhadas,16 - Habitação,2023,Total Geral da Despesa por Função
DCA-Anexo I-E,2023,DCA-Anexo I-E,TotalDespesas,4318002,Despesas Empenhadas,16.482 - Habitação Urbana,2023,Total Geral da Despesa por Função
DCA-Anexo I-E,2023,DCA-Anexo I-E,TotalDespesas,4318002,Despesas Empenhadas,17 - Saneamento,2023,Total Geral da Despesa por Função
DCA-Anexo I-E,2023,DCA-Anexo I-E,TotalDespesas,4318002,Despesas Empenhadas,17.511 - Saneamento Básico Rural,2023,Total Geral da Despesa por Função
DCA-Anexo I-E,2023,DCA-Anexo I-E,TotalDespesas,4318002,Despesas Empenhadas,18 - Gestão Ambiental,2023,Total Geral da Despesa por Função
DCA-Anexo I-E,2023,DCA-Anexo I-E,TotalDespesas,4318002,Despesas Empenhadas,18.541 - Preservação e Conservação Ambiental,2023,Total Geral da Despesa por Função
DCA-Anexo I-E,2023,DCA-Anexo I-E,TotalDespesas,4318002,Despesas Empenhadas,20 - Agricultura,2023,Total Geral da Despesa por Função
DCA-Anexo I-E,2023,DCA-Anexo I-E,TotalDespesas,4318002,Despesas Empenhadas,20.606 - Extensão Rural,2023,Total Geral da Despesa por Função
DCA-Anexo I-E,2023,DCA-Anexo I-E,TotalDespesas,4318002,Despesas Empenhadas,20.122 - Administração Geral,2023,Total Geral da Despesa por Função
DCA-Anexo I-E,2023,DCA-Anexo I-E,TotalDespesas,4318002,Despesas Empenhadas,23 - Comércio e Serviços,2023,Total Geral da Despesa por Função
DCA-Anexo I-E,2023,DCA-Anexo I-E,TotalDespesas,4318002,Despesas Empenhadas,23.695 - Turismo,2023,Total Geral da Despesa por Função
DCA-Anexo I-E,2023,DCA-Anexo I-E,TotalDespesas,4318002,Despesas Empenhadas,26 - Transporte,2023,Total Geral da Despesa por Função
DCA-Anexo I-E,2023,DCA-Anexo I-E,TotalDespesas,4318002,Despesas Empenhadas,26.781 - Transporte Aéreo,2023,Total Geral da Despesa por Função
DCA-Anexo I-E,2023,DCA-Anexo I-E,TotalDespesas,4318002,Despesas Empenhadas,26.782 - Transporte Rodoviário,2023,Total Geral da Despesa por Função
DCA-Anexo I-E,2023,DCA-Anexo I-E,TotalDespesas,4318002,Despesas Empenhadas,27 - Desporto e Lazer,2023,Total Geral da Despesa por Função
DCA-Anexo I-E,2023,DCA-Anexo I-E,TotalDespesas,4318002,Despesas Empenhadas,27.811 - Desporto de Rendimento,2023,Total Geral da Despesa por Função
DCA-Anexo I-E,2023,DCA-Anexo I-E,TotalDespesas,4318002,Despesas Empenhadas,27.812 - Desporto Comunitário,2023,Total Geral da Despesa por Função
DCA-Anexo I-E,2023,DCA-Anexo I-E,TotalDespesas,4318002,Despesas Empenhadas,28 - Encargos Especiais,2023,Total Geral da Despesa por Função
DCA-Anexo I-E,2023,DCA-Anexo I-E,TotalDespesas,4318002,Despesas Empenhadas,28.843 - Serviço da Dívida Interna,2023,Total Geral da Despesa por Função
DCA-Anexo I-E,2023,DCA-Anexo I-E,TotalDespesas,4318002,Despesas Empenhadas,Despesas Intraorçamentárias,2023,Total Geral da Despesa por Função
DCA-Anexo I-E,2023,DCA-Anexo I-E,TotalDespesas,4318002,Despesas Liquidadas,Despesas Exceto Intraorçamentárias,2023,Total Geral da Despesa por Função
DCA-Anexo I-E,2023,DCA-Anexo I-E,TotalDespesas,4318002,Despesas Liquidadas,01 - Legislativa,2023,Total Geral da Despesa por Função
DCA-Anexo I-E,2023,DCA-Anexo I-E,TotalDespesas,4318002,Despesas Liquidadas,01.031 - Ação Legislativa,2023,Total Geral da Despesa por Função
DCA-Anexo I-E,2023,DCA-Anexo I-E,TotalDespesas,4318002,Despesas Liquidadas,04 - Administração,2023,Total Geral da Despesa por Função
DCA-Anexo I-E,2023,DCA-Anexo I-E,TotalDespesas,4318002,Despesas Liquidadas,04.121 - Planejamento e Orçamento,2023,Total Geral da Despesa por Função
DCA-Anexo I-E,2023,DCA-Anexo I-E,TotalDespesas,4318002,Despesas Liquidadas,04.122 - Administração Geral,2023,Total Geral da Despesa por Função
DCA-Anexo I-E,2023,DCA-Anexo I-E,TotalDespesas,4318002,Despesas Liquidadas,04.123 - Administração Financeira,2023,Total Geral da Despesa por Função
DCA-Anexo I-E,2023,DCA-Anexo I-E,TotalDespesas,4318002,Despesas Liquidadas,04.124 - Controle Interno,2023,Total Geral da Despesa por Função
DCA-Anexo I-E,2023,DCA-Anexo I-E,TotalDespesas,4318002,Despesas Liquidadas,04.126 - Tecnologia da Informação,2023,Total Geral da Despesa por Função
DCA-Anexo I-E,2023,DCA-Anexo I-E,TotalDespesas,4318002,Despesas Liquidadas,04.129 - Administração de Receitas,2023,Total Geral da Despesa por Função
DCA-Anexo I-E,2023,DCA-Anexo I-E,TotalDespesas,4318002,Despesas Liquidadas,FU04 - Demais Subfunções,2023,Total Geral da Despesa por Função
DCA-Anexo I-E,2023,DCA-Anexo I-E,TotalDespesas,4318002,Despesas Liquidadas,06 - Segurança Pública,2023,Total Geral da Despesa por Função
DCA-Anexo I-E,2023,DCA-Anexo I-E,TotalDespesas,4318002,Despesas Liquidadas,06.181 - Policiamento,2023,Total Geral da Despesa por Função
DCA-Anexo I-E,2023,DCA-Anexo I-E,TotalDespesas,4318002,Despesas Liquidadas,06.182 - Defesa Civil,2023,Total Geral da Despesa por Função
DCA-Anexo I-E,2023,DCA-Anexo I-E,TotalDespesas,4318002,Despesas Liquidadas,08 - Assistência Social,2023,Total Geral da Despesa por Função
DCA-Anexo I-E,2023,DCA-Anexo I-E,TotalDespesas,4318002,Despesas Liquidadas,08.241 - Assistência ao Idoso,2023,Total Geral da Despesa por Função
DCA-Anexo I-E,2023,DCA-Anexo I-E,TotalDespesas,4318002,Despesas Liquidadas,08.243 - Assistência à Criança e ao Adolescente,2023,Total Geral da Despesa por Função
DCA-Anexo I-E,2023,DCA-Anexo I-E,TotalDespesas,4318002,Despesas Liquidadas,08.244 - Assistência Comunitária,2023,Total Geral da Despesa por Função
DCA-Anexo I-E,2023,DCA-Anexo I-E,TotalDespesas,4318002,Despesas Liquidadas,08.122 - Administração Geral,2023,Total Geral da Despesa por Função
DCA-Anexo I-E,2023,DCA-Anexo I-E,TotalDespesas,4318002,Despesas Liquidadas,09 - Previdência Social,2023,Total Geral da Despesa por Função
DCA-Anexo I-E,2023,DCA-Anexo I-E,TotalDespesas,4318002,Despesas Liquidadas,09.272 - Previdência do Regime Estatutário,2023,Total Geral da Despesa por Função
DCA-Anexo I-E,2023,DCA-Anexo I-E,TotalDespesas,4318002,Despesas Liquidadas,09.122 - Administração Geral,2023,Total Geral da Despesa por Função
DCA-Anexo I-E,2023,DCA-Anexo I-E,TotalDespesas,4318002,Despesas Liquidadas,10 - Saúde,2023,Total Geral da Despesa por Função
DCA-Anexo I-E,2023,DCA-Anexo I-E,TotalDespesas,4318002,Despesas Liquidadas,10.301 - Atenção Básica,2023,Total Geral da Despesa por Função
DCA-Anexo I-E,2023,DCA-Anexo I-E,TotalDespesas,4318002,Despesas Liquidadas,10.302 - Assistência Hospitalar e Ambulatorial,2023,Total Geral da Despesa por Função
DCA-Anexo I-E,2023,DCA-Anexo I-E,TotalDespesas,4318002,Despesas Liquidadas,10.303 - Suporte Profilático e Terapêutico,2023,Total Geral da Despesa por Função
DCA-Anexo I-E,2023,DCA-Anexo I-E,TotalDespesas,4318002,Despesas Liquidadas,10.304 - Vigilância Sanitária,2023,Total Geral da Despesa por Função
DCA-Anexo I-E,2023,DCA-Anexo I-E,TotalDespesas,4318002,Despesas Liquidadas,10.122 - Administração Geral,2023,Total Geral da Despesa por Função
DCA-Anexo I-E,2023,DCA-Anexo I-E,TotalDespesas,4318002,Despesas Liquidadas,11 - Trabalho,2023,Total Geral da Despesa por Função
DCA-Anexo I-E,2023,DCA-Anexo I-E,TotalDespesas,4318002,Despesas Liquidadas,11.334 - Fomento ao Trabalho,2023,Total Geral da Despesa por Função
DCA-Anexo I-E,2023,DCA-Anexo I-E,TotalDespesas,4318002,Despesas Liquidadas,12 - Educação,2023,Total Geral da Despesa por Função
DCA-Anexo I-E,2023,DCA-Anexo I-E,TotalDespesas,4318002,Despesas Liquidadas,12.361 - Ensino Fundamental,2023,Total Geral da Despesa por Função
DCA-Anexo I-E,2023,DCA-Anexo I-E,TotalDespesas,4318002,Despesas Liquidadas,12.362 - Ensino Médio,2023,Total Geral da Despesa por Função
DCA-Anexo I-E,2023,DCA-Anexo I-E,TotalDespesas,4318002,Despesas Liquidadas,12.365 - Educação Infantil,2023,Total Geral da Despesa por Função
DCA-Anexo I-E,2023,DCA-Anexo I-E,TotalDespesas,4318002,Despesas Liquidadas,12.366 - Educação de Jovens e Adultos,2023,Total Geral da Despesa por Função
DCA-Anexo I-E,2023,DCA-Anexo I-E,TotalDespesas,4318002,Despesas Liquidadas,12.367 - Educação Especial,2023,Total Geral da Despesa por Função
DCA-Anexo I-E,2023,DCA-Anexo I-E,TotalDespesas,4318002,Despesas Liquidadas,12.122 - Administração Geral,2023,Total Geral da Despesa por Função
DCA-Anexo I-E,2023,DCA-Anexo I-E,TotalDespesas,4318002,Despesas Liquidadas,13 - Cultura,2023,Total Geral da Despesa por Função
DCA-Anexo I-E,2023,DCA-Anexo I-E,TotalDespesas,4318002,Despesas Liquidadas,13.392 - Difusão Cultural,2023,Total Geral da Despesa por Função
DCA-Anexo I-E,2023,DCA-Anexo I-E,TotalDespesas,4318002,Despesas Liquidadas,14 - Direitos da Cidadania,2023,Total Geral da Despesa por Função
DCA-Anexo I-E,2023,DCA-Anexo I-E,TotalDespesas,4318002,Despesas Liquidadas,"14.422 - Direitos Individuais, Coletivos e Difusos",2023,Total Geral da Despesa por Função
DCA-Anexo I-E,2023,DCA-Anexo I-E,TotalDespesas,4318002,Despesas Liquidadas,FU14 - Demais Subfunções,2023,Total Geral da Despesa por Função
DCA-Anexo I-E,2023,DCA-Anexo I-E,TotalDespesas,4318002,Despesas Liquidadas,15 - Urbanismo,2023,Total Geral da Despesa por Função
DCA-Anexo I-E,2023,DCA-Anexo I-E,TotalDespesas,4318002,Despesas Liquidadas,15.451 - Infraestrutura Urbana,2023,Total Geral da Despesa por Função
DCA-Anexo I-E,2023,DCA-Anexo I-E,TotalDespesas,4318002,Despesas Liquidadas,15.452 - Serviços Urbanos,2023,Total Geral da Despesa por Função
DCA-Anexo I-E,2023,DCA-Anexo I-E,TotalDespesas,4318002,Despesas Liquidadas,15.453 - Transportes Coletivos Urbanos,2023,Total Geral da Despesa por Função
DCA-Anexo I-E,2023,DCA-Anexo I-E,TotalDespesas,4318002,Despesas Liquidadas,16 - Habitação,2023,Total Geral da Despesa por Função
DCA-Anexo I-E,2023,DCA-Anexo I-E,TotalDespesas,4318002,Despesas Liquidadas,16.482 - Habitação Urbana,2023,Total Geral da Despesa por Função
DCA-Anexo I-E,2023,DCA-Anexo I-E,TotalDespesas,4318002,Despesas Liquidadas,17 - Saneamento,2023,Total Geral da Despesa por Função
DCA-Anexo I-E,2023,DCA-Anexo I-E,TotalDespesas,4318002,Despesas Liquidadas,17.511 - Saneamento Básico Rural,2023,Total Geral da Despesa por Função
DCA-Anexo I-E,2023,DCA-Anexo I-E,TotalDespesas,4318002,Despesas Liquidadas,18 - Gestão Ambiental,2023,Total Geral da Despesa por Função
DCA-Anexo I-E,2023,DCA-Anexo I-E,TotalDespesas,4318002,Despesas Liquidadas,18.541 - Preservação e Conservação Ambiental,2023,Total Geral da Despesa por Função
DCA-Anexo I-E,2023,DCA-Anexo I-E,TotalDespesas,4318002,Despesas Liquidadas,20 - Agricultura,2023,Total Geral da Despesa por Função
DCA-Anexo I-E,2023,DCA-Anexo I-E,TotalDespesas,4318002,Despesas Liquidadas,20.606 - Extensão Rural,2023,Total Geral da Despesa por Função
DCA-Anexo I-E,2023,DCA-Anexo I-E,TotalDespesas,4318002,Despesas Liquidadas,20.122 - Administração Geral,2023,Total Geral da Despesa por Função
DCA-Anexo I-E,2023,DCA-Anexo I-E,TotalDespesas,4318002,Despesas Liquidadas,23 - Comércio e Serviços,2023,Total Geral da Despesa por Função
DCA-Anexo I-E,2023,DCA-Anexo I-E,TotalDespesas,4318002,Despesas Liquidadas,23.695 - Turismo,2023,Total Geral da Despesa por Função
DCA-Anexo I-E,2023,DCA-Anexo I-E,TotalDespesas,4318002,Despesas Liquidadas,26 - Transporte,2023,Total Geral da Despesa por Função
DCA-Anexo I-E,2023,DCA-Anexo I-E,TotalDespesas,4318002,Despesas Liquidadas,26.781 - Transporte Aéreo,2023,Total Geral da Despesa por Função
DCA-Anexo I-E,2023,DCA-Anexo I-E,TotalDespesas,4318002,Despesas Liquidadas,26.782 - Transporte Rodoviário,2023,Total Geral da Despesa por Função
DCA-Anexo I-E,2023,DCA-Anexo I-E,TotalDespesas,4318002,Despesas Liquidadas,27 - Desporto e Lazer,2023,Total Geral da Despesa por Função
DCA-Anexo I-E,2023,DCA-Anexo I-E,TotalDespesas,4318002,Despesas Liquidadas,27.811 - Desporto de Rendimento,2023,Total Geral da Despesa por Função
DCA-Anexo I-E,2023,DCA-Anexo I-E,TotalDespesas,4318002,Despesas Liquidadas,27.812 - Desporto Comunitário,2023,Total Geral da Despesa por Função
DCA-Anexo I-E,2023,DCA-Anexo I-E,TotalDespesas,4318002,Despesas Liquidadas,28 - Encargos Especiais,2023,Total Geral da Despesa por Função
DCA-Anexo I-E,2023,DCA-Anexo I-E,TotalDespesas,4318002,Despesas Liquidadas,28.843 - Serviço da Dívida Interna,2023,Total Geral da Despesa por Função
DCA-Anexo I-E,2023,DCA-Anexo I-E,TotalDespesas,4318002,Despesas Liquidadas,Despesas Intraorçamentárias,2023,Total Geral da Despesa por Função
DCA-Anexo I-E,2023,DCA-Anexo I-E,TotalDespesas,4318002,Despesas Pagas,Despesas Exceto Intraorçamentárias,2023,Total Geral da Despesa por Função
DCA-Anexo I-E,2023,DCA-Anexo I-E,TotalDespesas,4318002,Despesas Pagas,01 - Legislativa,2023,Total Geral da Despesa por Função
DCA-Anexo I-E,2023,DCA-Anexo I-E,TotalDespesas,4318002,Despesas Pagas,01.031 - Ação Legislativa,2023,Total Geral da Despesa por Função
DCA-Anexo I-E,2023,DCA-Anexo I-E,TotalDespesas,4318002,Despesas Pagas,04 - Administração,2023,Total Geral da Despesa por Função
DCA-Anexo I-E,2023,DCA-Anexo I-E,TotalDespesas,4318002,Despesas Pagas,04.121 - Planejamento e Orçamento,2023,Total Geral da Despesa por Função
DCA-Anexo I-E,2023,DCA-Anexo I-E,TotalDespesas,4318002,Despesas Pagas,04.122 - Administração Geral,2023,Total Geral da Despesa por Função
DCA-Anexo I-E,2023,DCA-Anexo I-E,TotalDespesas,4318002,Despesas Pagas,04.123 - Administração Financeira,2023,Total Geral da Despesa por Função
DCA-Anexo I-E,2023,DCA-Anexo I-E,TotalDespesas,4318002,Despesas Pagas,04.124 - Controle Interno,2023,Total Geral da Despesa por Função
DCA-Anexo I-E,2023,DCA-Anexo I-E,TotalDespesas,4318002,Despesas Pagas,04.126 - Tecnologia da Informação,2023,Total Geral da Despesa por Função
DCA-Anexo I-E,2023,DCA-Anexo I-E,TotalDespesas,4318002,Despesas Pagas,04.129 - Administração de Receitas,2023,Total Geral da Despesa por Função
DCA-Anexo I-E,2023,DCA-Anexo I-E,TotalDespesas,4318002,Despesas Pagas,FU04 - Demais Subfunções,2023,Total Geral da Despesa por Função
DCA-Anexo I-E,2023,DCA-Anexo I-E,TotalDespesas,4318002,Despesas Pagas,06 - Segurança Pública,2023,Total Geral da Despesa por Função
DCA-Anexo I-E,2023,DCA-Anexo I-E,TotalDespesas,4318002,Despesas Pagas,06.181 - Policiamento,2023,Total Geral da Despesa por Função
DCA-Anexo I-E,2023,DCA-Anexo I-E,TotalDespesas,4318002,Despesas Pagas,06.182 - Defesa Civil,2023,Total Geral da Despesa por Função
DCA-Anexo I-E,2023,DCA-Anexo I-E,TotalDespesas,4318002,Despesas Pagas,08 - Assistência Social,2023,Total Geral da Despesa por Função
DCA-Anexo I-E,2023,DCA-Anexo I-E,TotalDespesas,4318002,Despesas Pagas,08.241 - Assistência ao Idoso,2023,Total Geral da Despesa por Função
DCA-Anexo I-E,2023,DCA-Anexo I-E,TotalDespesas,4318002,Despesas Pagas,08.243 - Assistência à Criança e ao Adolescente,2023,Total Geral da Despesa por Função
DCA-Anexo I-E,2023,DCA-Anexo I-E,TotalDespesas,4318002,Despesas Pagas,08.244 - Assistência Comunitária,2023,Total Geral da Despesa por Função
DCA-Anexo I-E,2023,DCA-Anexo I-E,TotalDespesas,4318002,Despesas Pagas,08.122 - Administração Geral,2023,Total Geral da Despesa por Função
DCA-Anexo I-E,2023,DCA-Anexo I-E,TotalDespesas,4318002,Despesas Pagas,09 - Previdência Social,2023,Total Geral da Despesa por Função
DCA-Anexo I-E,2023,DCA-Anexo I-E,TotalDespesas,4318002,Despesas Pagas,09.272 - Previdência do Regime Estatutário,2023,Total Geral da Despesa por Função
DCA-Anexo I-E,2023,DCA-Anexo I-E,TotalDespesas,4318002,Despesas Pagas,09.122 - Administração Geral,2023,Total Geral da Despesa por Função
DCA-Anexo I-E,2023,DCA-Anexo I-E,TotalDespesas,4318002,Despesas Pagas,10 - Saúde,2023,Total Geral da Despesa por Função
DCA-Anexo I-E,2023,DCA-Anexo I-E,TotalDespesas,4318002,Despesas Pagas,10.301 - Atenção Básica,2023,Total Geral da Despesa por Função
DCA-Anexo I-E,2023,DCA-Anexo I-E,TotalDespesas,4318002,Despesas Pagas,10.302 - Assistência Hospitalar e Ambulatorial,2023,Total Geral da Despesa por Função
DCA-Anexo I-E,2023,DCA-Anexo I-E,TotalDespesas,4318002,Despesas Pagas,10.303 - Suporte Profilático e Terapêutico,2023,Total Geral da Despesa por Função
DCA-Anexo I-E,2023,DCA-Anexo I-E,TotalDespesas,4318002,Despesas Pagas,10.304 - Vigilância Sanitária,2023,Total Geral da Despesa por Função
DCA-Anexo I-E,2023,DCA-Anexo I-E,TotalDespesas,4318002,Despesas Pagas,10.122 - Administração Geral,2023,Total Geral da Despesa por Função
DCA-Anexo I-E,2023,DCA-Anexo I-E,TotalDespesas,4318002,Despesas Pagas,11 - Trabalho,2023,Total Geral da Despesa por Função
DCA-Anexo I-E,2023,DCA-Anexo I-E,TotalDespesas,4318002,Despesas Pagas,11.334 - Fomento ao Trabalho,2023,Total Geral da Despesa por Função
DCA-Anexo I-E,2023,DCA-Anexo I-E,TotalDespesas,4318002,Despesas Pagas,12 - Educação,2023,Total Geral da Despesa por Função
DCA-Anexo I-E,2023,DCA-Anexo I-E,TotalDespesas,4318002,Despesas Pagas,12.361 - Ensino Fundamental,2023,Total Geral da Despesa por Função
DCA-Anexo I-E,2023,DCA-Anexo I-E,TotalDespesas,4318002,Despesas Pagas,12.362 - Ensino Médio,2023,Total Geral da Despesa por Função
DCA-Anexo I-E,2023,DCA-Anexo I-E,TotalDespesas,4318002,Despesas Pagas,12.365 - Educação Infantil,2023,Total Geral da Despesa por Função
DCA-Anexo I-E,2023,DCA-Anexo I-E,TotalDespesas,4318002,Despesas Pagas,12.366 - Educação de Jovens e Adultos,2023,Total Geral da Despesa por Função
DCA-Anexo I-E,2023,DCA-Anexo I-E,TotalDespesas,4318002,Despesas Pagas,12.367 - Educação Especial,2023,Total Geral da Despesa por Função
DCA-Anexo I-E,2023,DCA-Anexo I-E,TotalDespesas,4318002,Despesas Pagas,12.122 - Administração Geral,2023,Total Geral da Despesa por Função
DCA-Anexo I-E,2023,DCA-Anexo I-E,TotalDespesas,4318002,Despesas Pagas,13 - Cultura,2023,Total Geral da Despesa por Função
DCA-Anexo I-E,2023,DCA-Anexo I-E,TotalDespesas,4318002,Despesas Pagas,13.392 - Difusão Cultural,2023,Total Geral da Despesa por Função
DCA-Anexo I-E,2023,DCA-Anexo I-E,TotalDespesas,4318002,Despesas Pagas,14 - Direitos da Cidadania,2023,Total Geral da Despesa por Função
DCA-Anexo I-E,2023,DCA-Anexo I-E,TotalDespesas,4318002,Despesas Pagas,"14.422 - Direitos Individuais, Coletivos e Difusos",2023,Total Geral da Despesa por Função
DCA-Anexo I-E,2023,DCA-Anexo I-E,TotalDespesas,4318002,Despesas Pagas,FU14 - Demais Subfunções,2023,Total Geral da Despesa por Função
DCA-Anexo I-E,2023,DCA-Anexo I-E,TotalDespesas,4318002,Despesas Pagas,15 - Urbanismo,2023,Total Geral da Despesa por Função
DCA-Anexo I-E,2023,DCA-Anexo I-E,TotalDespesas,4318002,Despesas Pagas,15.451 - Infraestrutura Urbana,2023,Total Geral da Despesa por Função
DCA-Anexo I-E,2023,DCA-Anexo I-E,TotalDespesas,4318002,Despesas Pagas,15.452 - Serviços Urbanos,2023,Total Geral da Despesa por Função
DCA-Anexo I-E,2023,DCA-Anexo I-E,TotalDespesas,4318002,Despesas Pagas,15.453 - Transportes Coletivos Urbanos,2023,Total Geral da Despesa por Função
DCA-Anexo I-E,2023,DCA-Anexo I-E,TotalDespesas,4318002,Despesas Pagas,16 - Habitação,2023,Total Geral da Despesa por Função
DCA-Anexo I-E,2023,DCA-Anexo I-E,TotalDespesas,4318002,Despesas Pagas,16.482 - Habitação Urbana,2023,Total Geral da Despesa por Função
DCA-Anexo I-E,2023,DCA-Anexo I-E,TotalDespesas,4318002,Despesas Pagas,17 - Saneamento,2023,Total Geral da Despesa por Função
DCA-Anexo I-E,2023,DCA-Anexo I-E,TotalDespesas,4318002,Despesas Pagas,17.511 - Saneamento Básico Rural,2023,Total Geral da Despesa por Função
DCA-Anexo I-E,2023,DCA-Anexo I-E,TotalDespesas,4318002,Despesas Pagas,18 - Gestão Ambiental,2023,Total Geral da Despesa por Função
DCA-Anexo I-E,2023,DCA-Anexo I-E,TotalDespesas,4318002,Despesas Pagas,18.541 - Preservação e Conservação Ambiental,2023,Total Geral da Despesa por Função
DCA-Anexo I-E,2023,DCA-Anexo I-E,TotalDespesas,4318002,Despesas Pagas,20 - Agricultura,2023,Total Geral da Despesa por Função
DCA-Anexo I-E,2023,DCA-Anexo I-E,TotalDespesas,4318002,Despesas Pagas,20.606 - Extensão Rural,2023,Total Geral da Despesa por Função
DCA-Anexo I-E,2023,DCA-Anexo I-E,TotalDespesas,4318002,Despesas Pagas,20.122 - Administração Geral,2023,Total Geral da Despesa por Função
DCA-Anexo I-E,2023,DCA-Anexo I-E,TotalDespesas,4318002,Despesas Pagas,23 - Comércio e Serviços,2023,Total Geral da Despesa por Função
DCA-Anexo I-E,2023,DCA-Anexo I-E,TotalDespesas,4318002,Despesas Pagas,23.695 - Turismo,2023,Total Geral da Despesa por Função
DCA-Anexo I-E,2023,DCA-Anexo I-E,TotalDespesas,4318002,Despesas Pagas,26 - Transporte,2023,Total Geral da Despesa por Função
DCA-Anexo I-E,2023,DCA-Anexo I-E,TotalDespesas,4318002,Despesas Pagas,26.781 - Transporte Aéreo,2023,Total Geral da Despesa por Função
DCA-Anexo I-E,2023,DCA-Anexo I-E,TotalDespesas,4318002,Despesas Pagas,26.782 - Transporte Rodoviário,2023,Total Geral da Despesa por Função
DCA-Anexo I-E,2023,DCA-Anexo I-E,TotalDespesas,4318002,Despesas Pagas,27 - Desporto e Lazer,2023,Total Geral da Despesa por Função
DCA-Anexo I-E,2023,DCA-Anexo I-E,TotalDespesas,4318002,Despesas Pagas,27.811 - Desporto de Rendimento,2023,Total Geral da Despesa por Função
DCA-Anexo I-E,2023,DCA-Anexo I-E,TotalDespesas,4318002,Despesas Pagas,27.812 - Desporto Comunitário,2023,Total Geral da Despesa por Função
DCA-Anexo I-E,2023,DCA-Anexo I-E,TotalDespesas,4318002,Despesas Pagas,28 - Encargos Especiais,2023,Total Geral da Despesa por Função
DCA-Anexo I-E,2023,DCA-Anexo I-E,TotalDespesas,4318002,Despesas Pagas,28.843 - Serviço da Dívida Interna,2023,Total Geral da Despesa por Função
DCA-Anexo I-E,2023,DCA-Anexo I-E,TotalDespesas,4318002,Despesas Pagas,Despesas Intraorçamentárias,2023,Total Geral da Despesa por Função
DCA-Anexo I-E,2023,DCA-Anexo I-E,TotalDespesas,4318002,Inscrição de Restos a Pagar Não Processados,Despesas Exceto Intraorçamentárias,2023,Total Geral da Despesa por Função
DCA-Anexo I-E,2023,DCA-Anexo I-E,TotalDespesas,4318002,Inscrição de Restos a Pagar Não Processados,01 - Legislativa,2023,Total Geral da Despesa por Função
DCA-Anexo I-E,2023,DCA-Anexo I-E,TotalDespesas,4318002,Inscrição de Restos a Pagar Não Processados,01.031 - Ação Legislativa,2023,Total Geral da Despesa por Função
DCA-Anexo I-E,2023,DCA-Anexo I-E,TotalDespesas,4318002,Inscrição de Restos a Pagar Não Processados,04 - Administração,2023,Total Geral da Despesa por Função
DCA-Anexo I-E,2023,DCA-Anexo I-E,TotalDespesas,4318002,Inscrição de Restos a Pagar Não Processados,04.121 - Planejamento e Orçamento,2023,Total Geral da Despesa por Função
DCA-Anexo I-E,2023,DCA-Anexo I-E,TotalDespesas,4318002,Inscrição de Restos a Pagar Não Processados,04.122 - Administração Geral,2023,Total Geral da Despesa por Função
DCA-Anexo I-E,2023,DCA-Anexo I-E,TotalDespesas,4318002,Inscrição de Restos a Pagar Não Processados,04.123 - Administração Financeira,2023,Total Geral da Despesa por Função
DCA-Anexo I-E,2023,DCA-Anexo I-E,TotalDespesas,4318002,Inscrição de Restos a Pagar Não Processados,04.126 - Tecnologia da Informação,2023,Total Geral da Despesa por Função
DCA-Anexo I-E,2023,DCA-Anexo I-E,TotalDespesas,4318002,Inscrição de Restos a Pagar Não Processados,04.129 - Administração de Receitas,2023,Total Geral da Despesa por Função
DCA-Anexo I-E,2023,DCA-Anexo I-E,TotalDespesas,4318002,Inscrição de Restos a Pagar Não Processados,FU04 - Demais Subfunções,2023,Total Geral da Despesa por Função
DCA-Anexo I-E,2023,DCA-Anexo I-E,TotalDespesas,4318002,Inscrição de Restos a Pagar Não Processados,06 - Segurança Pública,2023,Total Geral da Despesa por Função
DCA-Anexo I-E,2023,DCA-Anexo I-E,TotalDespesas,4318002,Inscrição de Restos a Pagar Não Processados,06.181 - Policiamento,2023,Total Geral da Despesa por Função
DCA-Anexo I-E,2023,DCA-Anexo I-E,TotalDespesas,4318002,Inscrição de Restos a Pagar Não Processados,06.182 - Defesa Civil,2023,Total Geral da Despesa por Função
DCA-Anexo I-E,2023,DCA-Anexo I-E,TotalDespesas,4318002,Inscrição de Restos a Pagar Não Processados,08 - Assistência Social,2023,Total Geral da Despesa por Função
DCA-Anexo I-E,2023,DCA-Anexo I-E,TotalDespesas,4318002,Inscrição de Restos a Pagar Não Processados,08.243 - Assistência à Criança e ao Adolescente,2023,Total Geral da Despesa por Função
DCA-Anexo I-E,2023,DCA-Anexo I-E,TotalDespesas,4318002,Inscrição de Restos a Pagar Não Processados,08.244 - Assistência Comunitária,2023,Total Geral da Despesa por Função
DCA-Anexo I-E,2023,DCA-Anexo I-E,TotalDespesas,4318002,Inscrição de Restos a Pagar Não Processados,10 - Saúde,2023,Total Geral da Despesa por Função
DCA-Anexo I-E,2023,DCA-Anexo I-E,TotalDespesas,4318002,Inscrição de Restos a Pagar Não Processados,10.301 - Atenção Básica,2023,Total Geral da Despesa por Função
DCA-Anexo I-E,2023,DCA-Anexo I-E,TotalDespesas,4318002,Inscrição de Restos a Pagar Não Processados,10.302 - Assistência Hospitalar e Ambulatorial,2023,Total Geral da Despesa por Função
DCA-Anexo I-E,2023,DCA-Anexo I-E,TotalDespesas,4318002,Inscrição de Restos a Pagar Não Processados,10.303 - Suporte Profilático e Terapêutico,2023,Total Geral da Despesa por Função
DCA-Anexo I-E,2023,DCA-Anexo I-E,TotalDespesas,4318002,Inscrição de Restos a Pagar Não Processados,10.122 - Administração Geral,2023,Total Geral da Despesa por Função
DCA-Anexo I-E,2023,DCA-Anexo I-E,TotalDespesas,4318002,Inscrição de Restos a Pagar Não Processados,12 - Educação,2023,Total Geral da Despesa por Função
DCA-Anexo I-E,2023,DCA-Anexo I-E,TotalDespesas,4318002,Inscrição de Restos a Pagar Não Processados,12.361 - Ensino Fundamental,2023,Total Geral da Despesa por Função
DCA-Anexo I-E,2023,DCA-Anexo I-E,TotalDespesas,4318002,Inscrição de Restos a Pagar Não Processados,12.362 - Ensino Médio,2023,Total Geral da Despesa por Função
DCA-Anexo I-E,2023,DCA-Anexo I-E,TotalDespesas,4318002,Inscrição de Restos a Pagar Não Processados,12.365 - Educação Infantil,2023,Total Geral da Despesa por Função
DCA-Anexo I-E,2023,DCA-Anexo I-E,TotalDespesas,4318002,Inscrição de Restos a Pagar Não Processados,12.366 - Educação de Jovens e Adultos,2023,Total Geral da Despesa por Função
DCA-Anexo I-E,2023,DCA-Anexo I-E,TotalDespesas,4318002,Inscrição de Restos a Pagar Não Processados,12.122 - Administração Geral,2023,Total Geral da Despesa por Função
DCA-Anexo I-E,2023,DCA-Anexo I-E,TotalDespesas,4318002,Inscrição de Restos a Pagar Não Processados,13 - Cultura,2023,Total Geral da Despesa por Função
DCA-Anexo I-E,2023,DCA-Anexo I-E,TotalDespesas,4318002,Inscrição de Restos a Pagar Não Processados,13.392 - Difusão Cultural,2023,Total Geral da Despesa por Função
DCA-Anexo I-E,2023,DCA-Anexo I-E,TotalDespesas,4318002,Inscrição de Restos a Pagar Não Processados,14 - Direitos da Cidadania,2023,Total Geral da Despesa por Função
DCA-Anexo I-E,2023,DCA-Anexo I-E,TotalDespesas,4318002,Inscrição de Restos a Pagar Não Processados,"14.422 - Direitos Individuais, Coletivos e Difusos",2023,Total Geral da Despesa por Função
DCA-Anexo I-E,2023,DCA-Anexo I-E,TotalDespesas,4318002,Inscrição de Restos a Pagar Não Processados,FU14 - Demais Subfunções,2023,Total Geral da Despesa por Função
DCA-Anexo I-E,2023,DCA-Anexo I-E,TotalDespesas,4318002,Inscrição de Restos a Pagar Não Processados,15 - Urbanismo,2023,Total Geral da Despesa por Função
DCA-Anexo I-E,2023,DCA-Anexo I-E,TotalDespesas,4318002,Inscrição de Restos a Pagar Não Processados,15.451 - Infraestrutura Urbana,2023,Total Geral da Despesa por Função
DCA-Anexo I-E,2023,DCA-Anexo I-E,TotalDespesas,4318002,Inscrição de Restos a Pagar Não Processados,15.452 - Serviços Urbanos,2023,Total Geral da Despesa por Função
DCA-Anexo I-E,2023,DCA-Anexo I-E,TotalDespesas,4318002,Inscrição de Restos a Pagar Não Processados,18 - Gestão Ambiental,2023,Total Geral da Despesa por Função
DCA-Anexo I-E,2023,DCA-Anexo I-E,TotalDespesas,4318002,Inscrição de Restos a Pagar Não Processados,18.541 - Preservação e Conservação Ambiental,2023,Total Geral da Despesa por Função
DCA-Anexo I-E,2023,DCA-Anexo I-E,TotalDespesas,4318002,Inscrição de Restos a Pagar Não Processados,20 - Agricultura,2023,Total Geral da Despesa por Função
DCA-Anexo I-E,2023,DCA-Anexo I-E,TotalDespesas,4318002,Inscrição de Restos a Pagar Não Processados,20.606 - Extensão Rural,2023,Total Geral da Despesa por Função
DCA-Anexo I-E,2023,DCA-Anexo I-E,TotalDespesas,4318002,Inscrição de Restos a Pagar Não Processados,23 - Comércio e Serviços,2023,Total Geral da Despesa por Função
DCA-Anexo I-E,2023,DCA-Anexo I-E,TotalDespesas,4318002,Inscrição de Restos a Pagar Não Processados,23.695 - Turismo,2023,Total Geral da Despesa por Função
DCA-Anexo I-E,2023,DCA-Anexo I-E,TotalDespesas,4318002,Inscrição de Restos a Pagar Não Processados,26 - Transporte,2023,Total Geral da Despesa por Função
DCA-Anexo I-E,2023,DCA-Anexo I-E,TotalDespesas,4318002,Inscrição de Restos a Pagar Não Processados,26.781 - Transporte Aéreo,2023,Total Geral da Despesa por Função
DCA-Anexo I-E,2023,DCA-Anexo I-E,TotalDespesas,4318002,Inscrição de Restos a Pagar Não Processados,26.782 - Transporte Rodoviário,2023,Total Geral da Despesa por Função
DCA-Anexo I-E,2023,DCA-Anexo I-E,TotalDespesas,4318002,Inscrição de Restos a Pagar Não Processados,27 - Desporto e Lazer,2023,Total Geral da Despesa por Função
DCA-Anexo I-E,2023,DCA-Anexo I-E,TotalDespesas,4318002,Inscrição de Restos a Pagar Não Processados,27.811 - Desporto de Rendimento,2023,Total Geral da Despesa por Função
DCA-Anexo I-E,2023,DCA-Anexo I-E,TotalDespesas,4318002,Inscrição de Restos a Pagar Não Processados,27.812 - Desporto Comunitário,2023,Total Geral da Despesa por Função
DCA-Anexo I-E,2023,DCA-Anexo I-E,TotalDespesas,4318002,Inscrição de Restos a Pagar Não Processados,Despesas Intraorçamentárias,2023,Total Geral da Despesa por Função
DCA-Anexo I-E,2023,DCA-Anexo I-E,TotalDespesas,4318002,Inscrição de Restos a Pagar Processados,Despesas Exceto Intraorçamentárias,2023,Total Geral da Despesa por Função
DCA-Anexo I-E,2023,DCA-Anexo I-E,TotalDespesas,4318002,Inscrição de Restos a Pagar Processados,04 - Administração,2023,Total Geral da Despesa por Função
DCA-Anexo I-E,2023,DCA-Anexo I-E,TotalDespesas,4318002,Inscrição de Restos a Pagar Processados,04.121 - Planejamento e Orçamento,2023,Total Geral da Despesa por Função
DCA-Anexo I-E,2023,DCA-Anexo I-E,TotalDespesas,4318002,Inscrição de Restos a Pagar Processados,04.122 - Administração Geral,2023,Total Geral da Despesa por Função
DCA-Anexo I-E,2023,DCA-Anexo I-E,TotalDespesas,4318002,Inscrição de Restos a Pagar Processados,04.123 - Administração Financeira,2023,Total Geral da Despesa por Função
DCA-Anexo I-E,2023,DCA-Anexo I-E,TotalDespesas,4318002,Inscrição de Restos a Pagar Processados,04.124 - Controle Interno,2023,Total Geral da Despesa por Função
DCA-Anexo I-E,2023,DCA-Anexo I-E,TotalDespesas,4318002,Inscrição de Restos a Pagar Processados,04.126 - Tecnologia da Informação,2023,Total Geral da Despesa por Função
DCA-Anexo I-E,2023,DCA-Anexo I-E,TotalDespesas,4318002,Inscrição de Restos a Pagar Processados,04.129 - Administração de Receitas,2023,Total Geral da Despesa por Função
DCA-Anexo I-E,2023,DCA-Anexo I-E,TotalDespesas,4318002,Inscrição de Restos a Pagar Processados,06 - Segurança Pública,2023,Total Geral da Despesa por Função
DCA-Anexo I-E,2023,DCA-Anexo I-E,TotalDespesas,4318002,Inscrição de Restos a Pagar Processados,06.181 - Policiamento,2023,Total Geral da Despesa por Função
DCA-Anexo I-E,2023,DCA-Anexo I-E,TotalDespesas,4318002,Inscrição de Restos a Pagar Processados,08 - Assistência Social,2023,Total Geral da Despesa por Função
DCA-Anexo I-E,2023,DCA-Anexo I-E,TotalDespesas,4318002,Inscrição de Restos a Pagar Processados,08.243 - Assistência à Criança e ao Adolescente,2023,Total Geral da Despesa por Função
DCA-Anexo I-E,2023,DCA-Anexo I-E,TotalDespesas,4318002,Inscrição de Restos a Pagar Processados,08.244 - Assistência Comunitária,2023,Total Geral da Despesa por Função
DCA-Anexo I-E,2023,DCA-Anexo I-E,TotalDespesas,4318002,Inscrição de Restos a Pagar Processados,08.122 - Administração Geral,2023,Total Geral da Despesa por Função
DCA-Anexo I-E,2023,DCA-Anexo I-E,TotalDespesas,4318002,Inscrição de Restos a Pagar Processados,10 - Saúde,2023,Total Geral da Despesa por Função
DCA-Anexo I-E,2023,DCA-Anexo I-E,TotalDespesas,4318002,Inscrição de Restos a Pagar Processados,10.301 - Atenção Básica,2023,Total Geral da Despesa por Função
DCA-Anexo I-E,2023,DCA-Anexo I-E,TotalDespesas,4318002,Inscrição de Restos a Pagar Processados,10.302 - Assistência Hospitalar e Ambulatorial,2023,Total Geral da Despesa por Função
DCA-Anexo I-E,2023,DCA-Anexo I-E,TotalDespesas,4318002,Inscrição de Restos a Pagar Processados,10.303 - Suporte Profilático e Terapêutico,2023,Total Geral da Despesa por Função
DCA-Anexo I-E,2023,DCA-Anexo I-E,TotalDespesas,4318002,Inscrição de Restos a Pagar Processados,10.122 - Administração Geral,2023,Total Geral da Despesa por Função
DCA-Anexo I-E,2023,DCA-Anexo I-E,TotalDespesas,4318002,Inscrição de Restos a Pagar Processados,12 - Educação,2023,Total Geral da Despesa por Função
DCA-Anexo I-E,2023,DCA-Anexo I-E,TotalDespesas,4318002,Inscrição de Restos a Pagar Processados,12.361 - Ensino Fundamental,2023,Total Geral da Despesa por Função
DCA-Anexo I-E,2023,DCA-Anexo I-E,TotalDespesas,4318002,Inscrição de Restos a Pagar Processados,12.362 - Ensino Médio,2023,Total Geral da Despesa por Função
DCA-Anexo I-E,2023,DCA-Anexo I-E,TotalDespesas,4318002,Inscrição de Restos a Pagar Processados,12.365 - Educação Infantil,2023,Total Geral da Despesa por Função
DCA-Anexo I-E,2023,DCA-Anexo I-E,TotalDespesas,4318002,Inscrição de Restos a Pagar Processados,12.122 - Administração Geral,2023,Total Geral da Despesa por Função
DCA-Anexo I-E,2023,DCA-Anexo I-E,TotalDespesas,4318002,Inscrição de Restos a Pagar Processados,13 - Cultura,2023,Total Geral da Despesa por Função
DCA-Anexo I-E,2023,DCA-Anexo I-E,TotalDespesas,4318002,Inscrição de Restos a Pagar Processados,13.392 - Difusão Cultural,2023,Total Geral da Despesa por Função
DCA-Anexo I-E,2023,DCA-Anexo I-E,TotalDespesas,4318002,Inscrição de Restos a Pagar Processados,15 - Urbanismo,2023,Total Geral da Despesa por Função
DCA-Anexo I-E,2023,DCA-Anexo I-E,TotalDespesas,4318002,Inscrição de Restos a Pagar Processados,15.451 - Infraestrutura Urbana,2023,Total Geral da Despesa por Função
DCA-Anexo I-E,2023,DCA-Anexo I-E,TotalDespesas,4318002,Inscrição de Restos a Pagar Processados,15.452 - Serviços Urbanos,2023,Total Geral da Despesa por Função
DCA-Anexo I-E,2023,DCA-Anexo I-E,TotalDespesas,4318002,Inscrição de Restos a Pagar Processados,18 - Gestão Ambiental,2023,Total Geral da Despesa por Função
DCA-Anexo I-E,2023,DCA-Anexo I-E,TotalDespesas,4318002,Inscrição de Restos a Pagar Processados,18.541 - Preservação e Conservação Ambiental,2023,Total Geral da Despesa por Função
DCA-Anexo I-E,2023,DCA-Anexo I-E,TotalDespesas,4318002,Inscrição de Restos a Pagar Processados,26 - Transporte,2023,Total Geral da Despesa por Função
DCA-Anexo I-E,2023,DCA-Anexo I-E,TotalDespesas,4318002,Inscrição de Restos a Pagar Processados,26.781 - Transporte Aéreo,2023,Total Geral da Despesa por Função
DCA-Anexo I-E,2023,DCA-Anexo I-E,TotalDespesas,4318002,Inscrição de Restos a Pagar Processados,26.782 - Transporte Rodoviário,2023,Total Geral da Despesa por Função
DCA-Anexo I-E,2023,DCA-Anexo I-E,TotalDespesas,4318002,Inscrição de Restos a Pagar Processados,28 - Encargos Especiais,2023,Total Geral da Despesa por Função
DCA-Anexo I-E,2023,DCA-Anexo I-E,TotalDespesas,4318002,Inscrição de Restos a Pagar Processados,28.843 - Serviço da Dívida Interna,2023,Total Geral da Despesa por Função
DCA-Anexo I-E,2023,DCA-Anexo I-E,TotalDespesas,4318002,Inscrição de Restos a Pagar Processados,Despesas Intraorçamentárias,2023,Total Geral da Despesa por Função
DCA-Anexo I-C,2024,DCA-Anexo I-C,ReceitasExcetoIntraOrcamentarias,4318002,Receitas Brutas Realizadas,RECEITAS (EXCETO INTRA-ORÇAMENTÁRIAS) (I),2024,Padrão
DCA-Anexo I-C,2024,DCA-Anexo I-C,ReceitasExcetoIntraOrcamentarias,4318002,Deduções - FUNDEB,RECEITAS (EXCETO INTRA-ORÇAMENTÁRIAS) (I),2024,Padrão
DCA-Anexo I-C,2024,DCA-Anexo I-C,ReceitasExcetoIntraOrcamentarias,4318002,Outras Deduções da Receita,RECEITAS (EXCETO INTRA-ORÇAMENTÁRIAS) (I),2024,Padrão
DCA-Anexo I-C,2024,DCA-Anexo I-C,RO1.0.0.0.00.0.0,4318002,Receitas Brutas Realizadas,1.0.0.0.00.0.0 - Receitas Correntes,2024,Padrão
DCA-Anexo I-C,2024,DCA-Anexo I-C,RO1.0.0.0.00.0.0,4318002,Deduções - FUNDEB,1.0.0.0.00.0.0 - Receitas Correntes,2024,Padrão
DCA-Anexo I-C,2024,DCA-Anexo I-C,RO1.0.0.0.00.0.0,4318002,Outras Deduções da Receita,1.0.0.0.00.0.0 - Receitas Correntes,2024,Padrão
DCA-Anexo I-C,2024,DCA-Anexo I-C,RO1.1.0.0.00.0.0,4318002,Receitas Brutas Realizadas,"1.1.0.0.00.0.0 - Impostos, Taxas e Contribuições de Melhoria",2024,Padrão
DCA-Anexo I-C,2024,DCA-Anexo I-C,RO1.1.0.0.00.0.0,4318002,Outras Deduções da Receita,"1.1.0.0.00.0.0 - Impostos, Taxas e Contribuições de Melhoria",2024,Padrão
DCA-Anexo I-C,2024,DCA-Anexo I-C,RO1.1.1.0.00.0.0,4318002,Receitas Brutas Realizadas,1.1.1.0.00.0.0 - Impostos,2024,Padrão
DCA-Anexo I-C,2024,DCA-Anexo I-C,RO1.1.1.0.00.0.0,4318002,Outras Deduções da Receita,1.1.1.0.00.0.0 - Impostos,2024,Padrão
DCA-Anexo I-C,2024,DCA-Anexo I-C,RO1.1.1.2.00.0.0,4318002,Receitas Brutas Realizadas,1.1.1.2.00.0.0 - Impostos sobre o Patrimônio,2024,Padrão
DCA-Anexo I-C,2024,DCA-Anexo I-C,RO1.1.1.2.00.0.0,4318002,Outras Deduções da Receita,1.1.1.2.00.0.0 - Impostos sobre o Patrimônio,2024,Padrão
DCA-Anexo I-C,2024,DCA-Anexo I-C,RO1.1.1.2.50.0.0,4318002,Receitas Brutas Realizadas,1.1.1.2.50.0.0 - Imposto sobre a Propriedade Predial e Territorial Urbana,2024,Padrão
DCA-Anexo I-C,2024,DCA-Anexo I-C,RO1.1.1.2.50.0.0,4318002,Outras Deduções da Receita,1.1.1.2.50.0.0 - Imposto sobre a Propriedade Predial e Territorial Urbana,2024,Padrão
DCA-Anexo I-C,2024,DCA-Anexo I-C,RO1.1.1.2.53.0.0,4318002,Receitas Brutas Realizadas,"1.1.1.2.53.0.0 - Impostos sobre Transmissão ""Inter Vivos"" de Bens Imóveis e de Direitos Reais sobre Imóveis",2024,Padrão
DCA-Anexo I-C,2024,DCA-Anexo I-C,RO1.1.1.2.53.0.0,4318002,Outras Deduções da Receita,"1.1.1.2.53.0.0 - Impostos sobre Transmissão ""Inter Vivos"" de Bens Imóveis e de Direitos Reais sobre Imóveis",2024,Padrão
DCA-Anexo I-C,2024,DCA-Anexo I-C,RO1.1.1.3.00.0.0,4318002,Receitas Brutas Realizadas,1.1.1.3.00.0.0 - Impostos sobre a Renda e Proventos de Qualquer Natureza,2024,Padrão
DCA-Anexo I-C,2024,DCA-Anexo I-C,RO1.1.1.3.03.0.0,4318002,Receitas Brutas Realizadas,1.1.1.3.03.0.0 - Imposto sobre a Renda - Retido na Fonte,2024,Padrão
DCA-Anexo I-C,2024,DCA-Anexo I-C,RO1.1.1.3.03.1.0,4318002,Receitas Brutas Realizadas,1.1.1.3.03.1.0 - Imposto sobre a Renda - Retido na Fonte - Trabalho,2024,Padrão
DCA-Anexo I-C,2024,DCA-Anexo I-C,RO1.1.1.3.03.4.0,4318002,Receitas Brutas Realizadas,1.1.1.3.03.4.0 - Imposto sobre a Renda - Retido na Fonte - Outros Rendimentos,2024,Padrão
DCA-Anexo I-C,2024,DCA-Anexo I-C,RO1.1.1.4.00.0.0,4318002,Receitas Brutas Realizadas,1.1.1.4.00.0.0 - Impostos sobre a Produção e Circulação de Mercadorias e Serviços,2024,Padrão
DCA-Anexo I-C,2024,DCA-Anexo I-C,RO1.1.1.4.00.0.0,4318002,Outras Deduções da Receita,1.1.1.4.00.0.0 - Impostos sobre a Produção e Circulação de Mercadorias e Serviços,2024,Padrão
DCA-Anexo I-C,2024,DCA-Anexo I-C,RO1.1.1.4.51.0.0,4318002,Receitas Brutas Realizadas,1.1.1.4.51.0.0 - Impostos sobre Serviços,2024,Padrão
DCA-Anexo I-C,2024,DCA-Anexo I-C,RO1.1.1.4.51.0.0,4318002,Outras Deduções da Receita,1.1.1.4.51.0.0 - Impostos sobre Serviços,2024,Padrão
DCA-Anexo I-C,2024,DCA-Anexo I-C,RO1.1.1.4.51.1.0,4318002,Receitas Brutas Realizadas,1.1.1.4.51.1.0 - Imposto sobre Serviços de Qualquer Natureza - ISSQN,2024,Padrão
DCA-Anexo I-C,2024,DCA-Anexo I-C,RO1.1.1.4.51.1.0,4318002,Outras Deduções da Receita,1.1.1.4.51.1.0 - Imposto sobre Serviços de Qualquer Natureza - ISSQN,2024,Padrão
DCA-Anexo I-C,2024,DCA-Anexo I-C,RO1.1.2.0.00.0.0,4318002,Receitas Brutas Realizadas,1.1.2.0.00.0.0 - Taxas,2024,Padrão
DCA-Anexo I-C,2024,DCA-Anexo I-C,RO1.1.2.0.00.0.0,4318002,Outras Deduções da Receita,1.1.2.0.00.0.0 - Taxas,2024,Padrão
DCA-Anexo I-C,2024,DCA-Anexo I-C,RO1.1.2.1.00.0.0,4318002,Receitas Brutas Realizadas,1.1.2.1.00.0.0 - Taxas pelo Exercício do Poder de Polícia,2024,Padrão
DCA-Anexo I-C,2024,DCA-Anexo I-C,RO1.1.2.1.00.0.0,4318002,Outras Deduções da Receita,1.1.2.1.00.0.0 - Taxas pelo Exercício do Poder de Polícia,2024,Padrão
DCA-Anexo I-C,2024,DCA-Anexo I-C,RO1.1.2.1.01.0.0,4318002,Receitas Brutas Realizadas,"1.1.2.1.01.0.0 - Taxas de Inspeção, Controle e Fiscalização",2024,Padrão
DCA-Anexo I-C,2024,DCA-Anexo I-C,RO1.1.2.1.01.0.0,4318002,Outras Deduções da Receita,"1.1.2.1.01.0.0 - Taxas de Inspeção, Controle e Fiscalização",2024,Padrão
DCA-Anexo I-C,2024,DCA-Anexo I-C,RO1.1.2.1.50.0.0,4318002,Receitas Brutas Realizadas,1.1.2.1.50.0.0 - Taxa de Fiscalização de Vigilância Sanitária,2024,Padrão
DCA-Anexo I-C,2024,DCA-Anexo I-C,RO1.1.2.2.00.0.0,4318002,Receitas Brutas Realizadas,1.1.2.2.00.0.0 - Taxas pela Prestação de Serviços,2024,Padrão
DCA-Anexo I-C,2024,DCA-Anexo I-C,RO1.1.2.2.00.0.0,4318002,Outras Deduções da Receita,1.1.2.2.00.0.0 - Taxas pela Prestação de Serviços,2024,Padrão
DCA-Anexo I-C,2024,DCA-Anexo I-C,RO1.1.2.2.01.0.0,4318002,Receitas Brutas Realizadas,1.1.2.2.01.0.0 - Taxas pela Prestação de Serviços em Geral,2024,Padrão
DCA-Anexo I-C,2024,DCA-Anexo I-C,RO1.1.2.2.01.0.0,4318002,Outras Deduções da Receita,1.1.2.2.01.0.0 - Taxas pela Prestação de Serviços em Geral,2024,Padrão
DCA-Anexo I-C,2024,DCA-Anexo I-C,RO1.2.0.0.00.0.0,4318002,Receitas Brutas Realizadas,1.2.0.0.00.0.0 - Contribuições,2024,Padrão
DCA-Anexo I-C,2024,DCA-Anexo I-C,RO1.2.1.0.00.0.0,4318002,Receitas Brutas Realizadas,1.2.1.0.00.0.0 - Contribuições Sociais,2024,Padrão
DCA-Anexo I-C,2024,DCA-Anexo I-C,RO1.2.1.5.00.0.0,4318002,Receitas Brutas Realizadas,1.2.1.5.00.0.0 - Contribuições para Regimes Próprios de Previdência e Sistema de Proteção Social,2024,Padrão
DCA-Anexo I-C,2024,DCA-Anexo I-C,RO1.2.1.5.01.0.0,4318002,Receitas Brutas Realizadas,1.2.1.5.01.0.0 - Contribuição do Servidor Civil,2024,Padrão
DCA-Anexo I-C,2024,DCA-Anexo I-C,RO1.2.1.5.01.1.0,4318002,Receitas Brutas Realizadas,1.2.1.5.01.1.0 - Contribuição do Servidor Civil Ativo,2024,Padrão
DCA-Anexo I-C,2024,DCA-Anexo I-C,RO1.2.1.5.01.2.0,4318002,Receitas Brutas Realizadas,1.2.1.5.01.2.0 - Contribuição do Servidor Civil Inativo,2024,Padrão
DCA-Anexo I-C,2024,DCA-Anexo I-C,RO1.2.1.5.03.0.0,4318002,Receitas Brutas Realizadas,1.2.1.5.03.0.0 - Contribuição do Servidor Civil - Parcelamentos,2024,Padrão
DCA-Anexo I-C,2024,DCA-Anexo I-C,RO1.2.4.0.00.0.0,4318002,Receitas Brutas Realizadas,1.2.4.0.00.0.0 - Contribuição para o Custeio do Serviço de Iluminação Pública,2024,Padrão
DCA-Anexo I-C,2024,DCA-Anexo I-C,RO1.3.0.0.00.0.0,4318002,Receitas Brutas Realizadas,1.3.0.0.00.0.0 - Receita Patrimonial,2024,Padrão
DCA-Anexo I-C,2024,DCA-Anexo I-C,RO1.3.0.0.00.0.0,4318002,Outras Deduções da Receita,1.3.0.0.00.0.0 - Receita Patrimonial,2024,Padrão
DCA-Anexo I-C,2024,DCA-Anexo I-C,RO1.3.1.0.00.0.0,4318002,Receitas Brutas Realizadas,1.3.1.0.00.0.0 - Exploração do Patrimônio Imobiliário do Estado,2024,Padrão
DCA-Anexo I-C,2024,DCA-Anexo I-C,RO1.3.1.0.00.0.0,4318002,Outras Deduções da Receita,1.3.1.0.00.0.0 - Exploração do Patrimônio Imobiliário do Estado,2024,Padrão
DCA-Anexo I-C,2024,DCA-Anexo I-C,RO1.3.1.1.00.0.0,4318002,Receitas Brutas Realizadas,1.3.1.1.00.0.0 - Exploração do Patrimônio Imobiliário do Estado,2024,Padrão
DCA-Anexo I-C,2024,DCA-Anexo I-C,RO1.3.1.1.00.0.0,4318002,Outras Deduções da Receita,1.3.1.1.00.0.0 - Exploração do Patrimônio Imobiliário do Estado,2024,Padrão
DCA-Anexo I-C,2024,DCA-Anexo I-C,RO1.3.1.1.01.0.0,4318002,Receitas Brutas Realizadas,"1.3.1.1.01.0.0 - Aluguéis, Arrendamentos, Foros, Laudêmios, Tarifas de Ocupação",2024,Padrão
DCA-Anexo I-C,2024,DCA-Anexo I-C,RO1.3.1.1.01.0.0,4318002,Outras Deduções da Receita,"1.3.1.1.01.0.0 - Aluguéis, Arrendamentos, Foros, Laudêmios, Tarifas de Ocupação",2024,Padrão
DCA-Anexo I-C,2024,DCA-Anexo I-C,RO1.3.1.1.01.1.0,4318002,Receitas Brutas Realizadas,1.3.1.1.01.1.0 - Aluguéis e Arrendamentos,2024,Padrão
DCA-Anexo I-C,2024,DCA-Anexo I-C,RO1.3.1.1.01.1.0,4318002,Outras Deduções da Receita,1.3.1.1.01.1.0 - Aluguéis e Arrendamentos,2024,Padrão
DCA-Anexo I-C,2024,DCA-Anexo I-C,RO1.3.1.1.01.2.0,4318002,Receitas Brutas Realizadas,"1.3.1.1.01.2.0 - Foros, Laudêmios e Tarifas de Ocupação",2024,Padrão
DCA-Anexo I-C,2024,DCA-Anexo I-C,RO1.3.1.1.02.0.0,4318002,Receitas Brutas Realizadas,"1.3.1.1.02.0.0 - Concessão, Permissão, Autorização ou Cessão do Direito de Uso de Bens Imóveis Públicos",2024,Padrão
DCA-Anexo I-C,2024,DCA-Anexo I-C,RO1.3.1.1.02.0.0,4318002,Outras Deduções da Receita,"1.3.1.1.02.0.0 - Concessão, Permissão, Autorização ou Cessão do Direito de Uso de Bens Imóveis Públicos",2024,Padrão
DCA-Anexo I-C,2024,DCA-Anexo I-C,RO1.3.2.0.00.0.0,4318002,Receitas Brutas Realizadas,1.3.2.0.00.0.0 - Valores Mobiliários,2024,Padrão
DCA-Anexo I-C,2024,DCA-Anexo I-C,RO1.3.2.1.00.0.0,4318002,Receitas Brutas Realizadas,1.3.2.1.00.0.0 - Juros e Correções Monetárias,2024,Padrão
DCA-Anexo I-C,2024,DCA-Anexo I-C,RO1.3.2.1.01.0.0,4318002,Receitas Brutas Realizadas,1.3.2.1.01.0.0 - Remuneração de Depósitos Bancários,2024,Padrão
DCA-Anexo I-C,2024,DCA-Anexo I-C,RO1.3.2.1.04.0.0,4318002,Receitas Brutas Realizadas,1.3.2.1.04.0.0 - Remuneração dos Recursos do Regime Próprio de Previdência Social - RPPS,2024,Padrão
DCA-Anexo I-C,2024,DCA-Anexo I-C,RO1.3.2.1.05.0.0,4318002,Receitas Brutas Realizadas,1.3.2.1.05.0.0 - Juros de Títulos de Renda,2024,Padrão
DCA-Anexo I-C,2024,DCA-Anexo I-C,RO1.6.0.0.00.0.0,4318002,Receitas Brutas Realizadas,1.6.0.0.00.0.0 - Receita de Serviços,2024,Padrão
DCA-Anexo I-C,2024,DCA-Anexo I-C,RO1.6.9.0.00.0.0,4318002,Receitas Brutas Realizadas,1.6.9.0.00.0.0 - Outros Serviços,2024,Padrão
DCA-Anexo I-C,2024,DCA-Anexo I-C,RO1.7.0.0.00.0.0,4318002,Receitas Brutas Realizadas,1.7.0.0.00.0.0 - Transferências Correntes,2024,Padrão
DCA-Anexo I-C,2024,DCA-Anexo I-C,RO1.7.0.0.00.0.0,4318002,Deduções - FUNDEB,1.7.0.0.00.0.0 - Transferências Correntes,2024,Padrão
DCA-Anexo I-C,2024,DCA-Anexo I-C,RO1.7.1.0.00.0.0,4318002,Receitas Brutas Realizadas,1.7.1.0.00.0.0 - Transferências da União e de suas Entidades,2024,Padrão
DCA-Anexo I-C,2024,DCA-Anexo I-C,RO1.7.1.0.00.0.0,4318002,Deduções - FUNDEB,1.7.1.0.00.0.0 - Transferências da União e de suas Entidades,2024,Padrão
DCA-Anexo I-C,2024,DCA-Anexo I-C,RO1.7.1.1.00.0.0,4318002,Receitas Brutas Realizadas,1.7.1.1.00.0.0 - Transferências Decorrentes de Participação na Receita da União,2024,Padrão
DCA-Anexo I-C,2024,DCA-Anexo I-C,RO1.7.1.1.00.0.0,4318002,Deduções - FUNDEB,1.7.1.1.00.0.0 - Transferências Decorrentes de Participação na Receita da União,2024,Padrão
DCA-Anexo I-C,2024,DCA-Anexo I-C,RO1.7.1.1.51.0.0,4318002,Receitas Brutas Realizadas,1.7.1.1.51.0.0 -Cota-Parte do Fundo de Participação dos Municípios - FPM,2024,Padrão
DCA-Anexo I-C,2024,DCA-Anexo I-C,RO1.7.1.1.51.0.0,4318002,Deduções - FUNDEB,1.7.1.1.51.0.0 -Cota-Parte do Fundo de Participação dos Municípios - FPM,2024,Padrão
DCA-Anexo I-C,2024,DCA-Anexo I-C,RO1.7.1.1.51.1.0,4318002,Receitas Brutas Realizadas,1.7.1.1.51.1.0 - Cota-Parte do Fundo de Participação dos Municípios - Cota Mensal,2024,Padrão
DCA-Anexo I-C,2024,DCA-Anexo I-C,RO1.7.1.1.51.1.0,4318002,Deduções - FUNDEB,1.7.1.1.51.1.0 - Cota-Parte do Fundo de Participação dos Municípios - Cota Mensal,2024,Padrão
DCA-Anexo I-C,2024,DCA-Anexo I-C,RO1.7.1.1.51.2.0,4318002,Receitas Brutas Realizadas,1.7.1.1.51.2.0 - Cota-Parte do Fundo de Participação dos Municípios - Cotas Extraordinárias,2024,Padrão
DCA-Anexo I-C,2024,DCA-Anexo I-C,RO1.7.1.1.52.0.0,4318002,Receitas Brutas Realizadas,1.7.1.1.52.0.0 - Cota-Parte do Imposto Sobre a Propriedade Territorial Rural,2024,Padrão
DCA-Anexo I-C,2024,DCA-Anexo I-C,RO1.7.1.1.52.0.0,4318002,Deduções - FUNDEB,1.7.1.1.52.0.0 - Cota-Parte do Imposto Sobre a Propriedade Territorial Rural,2024,Padrão
DCA-Anexo I-C,2024,DCA-Anexo I-C,RO1.7.1.2.00.0.0,4318002,Receitas Brutas Realizadas,1.7.1.2.00.0.0 -Transferências das Compensações Financeiras pela Exploração de Recursos Naturais,2024,Padrão
DCA-Anexo I-C,2024,DCA-Anexo I-C,RO1.7.1.2.51.0.0,4318002,Receitas Brutas Realizadas,1.7.1.2.51.0.0 -Cota-parte da Compensação Financeira pela Exploração de Recursos Minerais - CFEM,2024,Padrão
DCA-Anexo I-C,2024,DCA-Anexo I-C,RO1.7.1.2.52.0.0,4318002,Receitas Brutas Realizadas,1.7.1.2.52.0.0 - Cota-parte da Compensação Financeira pela Produção de Petróleo,2024,Padrão
DCA-Anexo I-C,2024,DCA-Anexo I-C,RO1.7.1.2.52.4.0,4318002,Receitas Brutas Realizadas,1.7.1.2.52.4.0 - Cota-Parte do Fundo Especial do Petróleo ¿ FEP,2024,Padrão
DCA-Anexo I-C,2024,DCA-Anexo I-C,RO1.7.1.3.00.0.0,4318002,Receitas Brutas Realizadas,1.7.1.3.00.0.0 -Transferências de Recursos do Sistema Único de Saúde ¿ SUS ,2024,Padrão
DCA-Anexo I-C,2024,DCA-Anexo I-C,RO1.7.1.3.50.0.0,4318002,Receitas Brutas Realizadas,1.7.1.3.50.0.0 - Transferências de Recursos do Sistema Único de Saúde ¿ SUS ¿ Repasses Fundo a Fundo - Bloco de Manutenção das Ações e Serviços Públicos de Saúde,2024,Padrão
DCA-Anexo I-C,2024,DCA-Anexo I-C,RO1.7.1.3.50.1.0,4318002,Receitas Brutas Realizadas,1.7.1.3.50.1.0 - Transferências de Recursos do Bloco de Manutenção das Ações e Serviços Públicos de Saúde ¿ Atenção Primária,2024,Padrão
DCA-Anexo I-C,2024,DCA-Anexo I-C,RO1.7.1.3.50.2.0,4318002,Receitas Brutas Realizadas,1.7.1.3.50.2.0 - Transferências de Recursos do Bloco de Manutenção das Ações e Serviços Públicos de Saúde ¿ Atenção Especializada,2024,Padrão
DCA-Anexo I-C,2024,DCA-Anexo I-C,RO1.7.1.3.50.3.0,4318002,Receitas Brutas Realizadas,1.7.1.3.50.3.0 - Transferências de Recursos do Bloco de Manutenção das Ações e Serviços Públicos de Saúde ¿ Vigilância em Saúde,2024,Padrão
DCA-Anexo I-C,2024,DCA-Anexo I-C,RO1.7.1.3.50.4.0,4318002,Receitas Brutas Realizadas,1.7.1.3.50.4.0 -Transferências de Recursos do Bloco de Manutenção das Ações e Serviços Públicos de Saúde ¿ Assistência Farmacêutica,2024,Padrão
DCA-Anexo I-C,2024,DCA-Anexo I-C,RO1.7.1.3.50.5.0,4318002,Receitas Brutas Realizadas,1.7.1.3.50.5.0 - Transferências de Recursos do Bloco de Manutenção das Ações e Serviços Públicos de Saúde ¿ Gestão do SUS,2024,Padrão
DCA-Anexo I-C,2024,DCA-Anexo I-C,RO1.7.1.3.50.9.0,4318002,Receitas Brutas Realizadas,1.7.1.3.50.9.0 - Transferências de Recursos do Bloco de Manutenção das Ações e Serviços Públicos de Saúde ¿ Outros Programas,2024,Padrão
DCA-Anexo I-C,2024,DCA-Anexo I-C,RO1.7.1.4.00.0.0,4318002,Receitas Brutas Realizadas,1.7.1.4.00.0.0 -Transferências de Recursos do Fundo Nacional do Desenvolvimento da Educação ¿ FNDE¿ ,2024,Padrão
DCA-Anexo I-C,2024,DCA-Anexo I-C,RO1.7.1.4.50.0.0,4318002,Receitas Brutas Realizadas,1.7.1.4.50.0.0 - Transferências do Salário-Educação,2024,Padrão
DCA-Anexo I-C,2024,DCA-Anexo I-C,RO1.7.1.4.51.0.0,4318002,Receitas Brutas Realizadas,1.7.1.4.51.0.0 - Transferências Diretas do FNDE referentes ao Programa Dinheiro Direto na Escola ¿ PDDE,2024,Padrão
DCA-Anexo I-C,2024,DCA-Anexo I-C,RO1.7.1.4.52.0.0,4318002,Receitas Brutas Realizadas,1.7.1.4.52.0.0 - Transferências referentes ao Programa Nacional de Alimentação Escolar ¿ PNAE,2024,Padrão
DCA-Anexo I-C,2024,DCA-Anexo I-C,RO1.7.1.4.53.0.0,4318002,Receitas Brutas Realizadas,1.7.1.4.53.0.0 - Transferências referentes ao Programa Nacional de Apoio ao Transporte do Escolar ¿ PNATE,2024,Padrão
DCA-Anexo I-C,2024,DCA-Anexo I-C,RO1.7.1.4.99.0.0,4318002,Receitas Brutas Realizadas,1.7.1.4.99.0.0 - Outras Transferências Diretas do Fundo Nacional do Desenvolvimento da Educação - FNDE,2024,Padrão
DCA-Anexo I-C,2024,DCA-Anexo I-C,RO1.7.1.6.00.0.0,4318002,Receitas Brutas Realizadas,1.7.1.6.00.0.0 - Transferências de Recursos do Fundo Nacional de Assistência Social ¿ FNAS,2024,Padrão
DCA-Anexo I-C,2024,DCA-Anexo I-C,RO1.7.1.9.00.0.0,4318002,Receitas Brutas Realizadas,1.7.1.9.00.0.0 - Outras Transferências de Recursos da União e de suas Entidades,2024,Padrão
DCA-Anexo I-C,2024,DCA-Anexo I-C,RO1.7.1.9.57.0.0,4318002,Receitas Brutas Realizadas,1.7.1.9.57.0.0 - Transferência Especial da União,2024,Padrão
DCA-Anexo I-C,2024,DCA-Anexo I-C,RO1.7.1.9.58.0.0,4318002,Receitas Brutas Realizadas,1.7.1.9.58.0.0 - Transferência Obrigatória Decorrente da Lei Complementar nº 176/2020,2024,Padrão
DCA-Anexo I-C,2024,DCA-Anexo I-C,RO1.7.1.9.99.0.0,4318002,Receitas Brutas Realizadas,1.7.1.9.99.0.0 - Outras Transferências de Recursos da União e de suas Entidades,2024,Padrão
DCA-Anexo I-C,2024,DCA-Anexo I-C,RO1.7.2.0.00.0.0,4318002,Receitas Brutas Realizadas,1.7.2.0.00.0.0 - Transferências dos Estados e do Distrito Federal e de suas Entidades,2024,Padrão
DCA-Anexo I-C,2024,DCA-Anexo I-C,RO1.7.2.0.00.0.0,4318002,Deduções - FUNDEB,1.7.2.0.00.0.0 - Transferências dos Estados e do Distrito Federal e de suas Entidades,2024,Padrão
DCA-Anexo I-C,2024,DCA-Anexo I-C,RO1.7.2.1.00.0.0,4318002,Receitas Brutas Realizadas,1.7.2.1.00.0.0 - Participação na Receita dos Estados e Distrito Federal,2024,Padrão
DCA-Anexo I-C,2024,DCA-Anexo I-C,RO1.7.2.1.00.0.0,4318002,Deduções - FUNDEB,1.7.2.1.00.0.0 - Participação na Receita dos Estados e Distrito Federal,2024,Padrão
DCA-Anexo I-C,2024,DCA-Anexo I-C,RO1.7.2.1.50.0.0,4318002,Receitas Brutas Realizadas,1.7.2.1.50.0.0 - Cota-Parte do ICMS,2024,Padrão
DCA-Anexo I-C,2024,DCA-Anexo I-C,RO1.7.2.1.50.0.0,4318002,Deduções - FUNDEB,1.7.2.1.50.0.0 - Cota-Parte do ICMS,2024,Padrão
DCA-Anexo I-C,2024,DCA-Anexo I-C,RO1.7.2.1.51.0.0,4318002,Receitas Brutas Realizadas,1.7.2.1.51.0.0 - Cota-Parte do IPVA,2024,Padrão
DCA-Anexo I-C,2024,DCA-Anexo I-C,RO1.7.2.1.51.0.0,4318002,Deduções - FUNDEB,1.7.2.1.51.0.0 - Cota-Parte do IPVA,2024,Padrão
DCA-Anexo I-C,2024,DCA-Anexo I-C,RO1.7.2.1.52.0.0,4318002,Receitas Brutas Realizadas,1.7.2.1.52.0.0 - Cota-Parte do IPI - Municípios,2024,Padrão
DCA-Anexo I-C,2024,DCA-Anexo I-C,RO1.7.2.1.52.0.0,4318002,Deduções - FUNDEB,1.7.2.1.52.0.0 - Cota-Parte do IPI - Municípios,2024,Padrão
DCA-Anexo I-C,2024,DCA-Anexo I-C,RO1.7.2.1.53.0.0,4318002,Receitas Brutas Realizadas,1.7.2.1.53.0.0 - Cota-Parte da Contribuição de Intervenção no Domínio Econômico,2024,Padrão
DCA-Anexo I-C,2024,DCA-Anexo I-C,RO1.7.2.3.00.0.0,4318002,Receitas Brutas Realizadas,1.7.2.3.00.0.0 - Transferências de Recursos do Sistema Único de Saúde ¿ SUS,2024,Padrão
DCA-Anexo I-C,2024,DCA-Anexo I-C,RO1.7.2.4.00.0.0,4318002,Receitas Brutas Realizadas,1.7.2.4.00.0.0 - Transferências de Convênios dos Estados e DF e de Suas Entidades,2024,Padrão
DCA-Anexo I-C,2024,DCA-Anexo I-C,RO1.7.2.4.51.0.0,4318002,Receitas Brutas Realizadas,1.7.2.4.51.0.0 -Transferências de Convênios dos Estados Destinadas a Programas de Educação,2024,Padrão
DCA-Anexo I-C,2024,DCA-Anexo I-C,RO1.7.2.4.99.0.0,4318002,Receitas Brutas Realizadas,1.7.2.4.99.0.0 - Outras Transferências de Convênios dos Estados e DF e de Suas Entidades,2024,Padrão
DCA-Anexo I-C,2024,DCA-Anexo I-C,RO1.7.2.9.00.0.0,4318002,Receitas Brutas Realizadas,1.7.2.9.00.0.0 - Outras Transferências dos Estados e Distrito Federal,2024,Padrão
DCA-Anexo I-C,2024,DCA-Anexo I-C,RO1.7.2.9.00.0.0,4318002,Deduções - FUNDEB,1.7.2.9.00.0.0 - Outras Transferências dos Estados e Distrito Federal,2024,Padrão
DCA-Anexo I-C,2024,DCA-Anexo I-C,RO1.7.2.9.51.0.0,4318002,Receitas Brutas Realizadas,1.7.2.9.51.0.0 - Transferências de Estados destinadas à Assistência Social,2024,Padrão
DCA-Anexo I-C,2024,DCA-Anexo I-C,RO1.7.2.9.53.0.0,4318002,Receitas Brutas Realizadas,1.7.2.9.53.0.0 - Cota-Parte da Transferência da Compensação Financeira das Perdas com Arrecadação de ICMS - LC nº 194/2022,2024,Padrão
DCA-Anexo I-C,2024,DCA-Anexo I-C,RO1.7.2.9.53.0.0,4318002,Deduções - FUNDEB,1.7.2.9.53.0.0 - Cota-Parte da Transferência da Compensação Financeira das Perdas com Arrecadação de ICMS - LC nº 194/2022,2024,Padrão
DCA-Anexo I-C,2024,DCA-Anexo I-C,RO1.7.2.9.99.0.0,4318002,Receitas Brutas Realizadas,1.7.2.9.99.0.0 - Outras Transferências dos Estados e DF,2024,Padrão
DCA-Anexo I-C,2024,DCA-Anexo I-C,RO1.7.4.0.00.0.0,4318002,Receitas Brutas Realizadas,1.7.4.0.00.0.0 - Transferências de Instituições Privadas,2024,Padrão
DCA-Anexo I-C,2024,DCA-Anexo I-C,RO1.7.4.1.00.0.0,4318002,Receitas Brutas Realizadas,1.7.4.1.00.0.0 - Transferências de Instituições Privadas,2024,Padrão
DCA-Anexo I-C,2024,DCA-Anexo I-C,RO1.7.4.1.99.0.0,4318002,Receitas Brutas Realizadas,1.7.4.1.99.0.0 - Outras Transferências de Instituições Privadas,2024,Padrão
DCA-Anexo I-C,2024,DCA-Anexo I-C,RO1.7.5.0.00.0.0,4318002,Receitas Brutas Realizadas,1.7.5.0.00.0.0 - Transferências de Outras Instituições Públicas,2024,Padrão
DCA-Anexo I-C,2024,DCA-Anexo I-C,RO1.7.5.1.00.0.0,4318002,Receitas Brutas Realizadas,1.7.5.1.00.0.0 - Transferências de Recursos do Fundo de Manutenção e Desenvolvimento da Educação Básica e de Valorização dos Profissionais da Educação - FUNDEB,2024,Padrão
DCA-Anexo I-C,2024,DCA-Anexo I-C,RO1.7.9.0.00.0.0,4318002,Receitas Brutas Realizadas,1.7.9.0.00.0.0 - Demais Transferências Correntes,2024,Padrão
DCA-Anexo I-C,2024,DCA-Anexo I-C,RO1.7.9.1.00.0.0,4318002,Receitas Brutas Realizadas,1.7.9.1.00.0.0 - Transferências de Pessoas Físicas,2024,Padrão
DCA-Anexo I-C,2024,DCA-Anexo I-C,RO1.7.9.1.99.0.0,4318002,Receitas Brutas Realizadas,1.7.9.1.99.0.0 - Outras Transferências de Pessoas Físicas,2024,Padrão
DCA-Anexo I-C,2024,DCA-Anexo I-C,RO1.9.0.0.00.0.0,4318002,Receitas Brutas Realizadas,1.9.0.0.00.0.0 - Outras Receitas Correntes,2024,Padrão
DCA-Anexo I-C,2024,DCA-Anexo I-C,RO1.9.0.0.00.0.0,4318002,Outras Deduções da Receita,1.9.0.0.00.0.0 - Outras Receitas Correntes,2024,Padrão
DCA-Anexo I-C,2024,DCA-Anexo I-C,RO1.9.1.0.00.0.0,4318002,Receitas Brutas Realizadas,"1.9.1.0.00.0.0 - Multas Administrativas, Contratuais e Judiciais",2024,Padrão
DCA-Anexo I-C,2024,DCA-Anexo I-C,RO1.9.1.0.00.0.0,4318002,Outras Deduções da Receita,"1.9.1.0.00.0.0 - Multas Administrativas, Contratuais e Judiciais",2024,Padrão
DCA-Anexo I-C,2024,DCA-Anexo I-C,RO1.9.1.1.00.0.0,4318002,Receitas Brutas Realizadas,"1.9.1.1.00.0.0 - Multas Administrativas, Contratuais e Judiciais",2024,Padrão
DCA-Anexo I-C,2024,DCA-Anexo I-C,RO1.9.1.1.00.0.0,4318002,Outras Deduções da Receita,"1.9.1.1.00.0.0 - Multas Administrativas, Contratuais e Judiciais",2024,Padrão
DCA-Anexo I-C,2024,DCA-Anexo I-C,RO1.9.1.1.01.0.0,4318002,Receitas Brutas Realizadas,1.9.1.1.01.0.0 - Multas Previstas em Legislação Específica,2024,Padrão
DCA-Anexo I-C,2024,DCA-Anexo I-C,RO1.9.1.1.01.0.0,4318002,Outras Deduções da Receita,1.9.1.1.01.0.0 - Multas Previstas em Legislação Específica,2024,Padrão
DCA-Anexo I-C,2024,DCA-Anexo I-C,RO1.9.1.1.06.0.0,4318002,Receitas Brutas Realizadas,1.9.1.1.06.0.0 - Multas por Danos Ambientais,2024,Padrão
DCA-Anexo I-C,2024,DCA-Anexo I-C,RO1.9.1.1.06.2.0,4318002,Receitas Brutas Realizadas,1.9.1.1.06.2.0 - Multas Judiciais por Danos Ambientais,2024,Padrão
DCA-Anexo I-C,2024,DCA-Anexo I-C,RO1.9.1.1.07.0.0,4318002,Receitas Brutas Realizadas,1.9.1.1.07.0.0 - Multas Aplicadas pelos Tribunais de Contas,2024,Padrão
DCA-Anexo I-C,2024,DCA-Anexo I-C,RO1.9.1.1.09.0.0,4318002,Receitas Brutas Realizadas,1.9.1.1.09.0.0 - Multas e Juros Previstos em Contratos,2024,Padrão
DCA-Anexo I-C,2024,DCA-Anexo I-C,RO1.9.2.0.00.0.0,4318002,Receitas Brutas Realizadas,"1.9.2.0.00.0.0 - Indenizações, Restituições e Ressarcimentos",2024,Padrão
DCA-Anexo I-C,2024,DCA-Anexo I-C,RO1.9.2.1.00.0.0,4318002,Receitas Brutas Realizadas,1.9.2.1.00.0.0 - Indenizações,2024,Padrão
DCA-Anexo I-C,2024,DCA-Anexo I-C,RO1.9.2.1.03.0.0,4318002,Receitas Brutas Realizadas,1.9.2.1.03.0.0 - Indenização por Sinistro,2024,Padrão
DCA-Anexo I-C,2024,DCA-Anexo I-C,RO1.9.2.2.00.0.0,4318002,Receitas Brutas Realizadas,1.9.2.2.00.0.0 - Restituições,2024,Padrão
DCA-Anexo I-C,2024,DCA-Anexo I-C,RO1.9.2.2.50.0.0,4318002,Receitas Brutas Realizadas,1.9.2.2.50.0.0 - Restituição de Recursos Recebidos do SUS,2024,Padrão
DCA-Anexo I-C,2024,DCA-Anexo I-C,RO1.9.2.2.99.0.0,4318002,Receitas Brutas Realizadas,1.9.2.2.99.0.0 - Outras Restituições,2024,Padrão
DCA-Anexo I-C,2024,DCA-Anexo I-C,RO1.9.2.3.00.0.0,4318002,Receitas Brutas Realizadas,1.9.2.3.00.0.0 - Ressarcimentos,2024,Padrão
DCA-Anexo I-C,2024,DCA-Anexo I-C,RO1.9.2.3.02.0.0,4318002,Receitas Brutas Realizadas,1.9.2.3.02.0.0 - Ressarcimento de Custos,2024,Padrão
DCA-Anexo I-C,2024,DCA-Anexo I-C,RO1.9.2.3.99.0.0,4318002,Receitas Brutas Realizadas,1.9.2.3.99.0.0 - Outros Ressarcimentos,2024,Padrão
DCA-Anexo I-C,2024,DCA-Anexo I-C,RO1.9.9.0.00.0.0,4318002,Receitas Brutas Realizadas,1.9.9.0.00.0.0 - Demais Receitas Correntes,2024,Padrão
DCA-Anexo I-C,2024,DCA-Anexo I-C,RO1.9.9.9.00.0.0,4318002,Receitas Brutas Realizadas,1.9.9.9.00.0.0 - Outras Receitas Correntes,2024,Padrão
DCA-Anexo I-C,2024,DCA-Anexo I-C,RO1.9.9.9.03.0.0,4318002,Receitas Brutas Realizadas,1.9.9.9.03.0.0 - Compensações Financeiras entre os Regimes de Previdência,2024,Padrão
DCA-Anexo I-C,2024,DCA-Anexo I-C,RO1.9.9.9.12.0.0,4318002,Receitas Brutas Realizadas,1.9.9.9.12.0.0 - Encargos Legais pela Inscrição em Dívida Ativa e Receitas de Ônus de Sucumbência,2024,Padrão
DCA-Anexo I-C,2024,DCA-Anexo I-C,RO1.9.9.9.12.2.0,4318002,Receitas Brutas Realizadas,1.9.9.9.12.2.0 - Ônus de Sucumbência,2024,Padrão
DCA-Anexo I-C,2024,DCA-Anexo I-C,RO1.9.9.9.99.0.0,4318002,Receitas Brutas Realizadas,1.9.9.9.99.0.0 - Outras Receitas,2024,Padrão
DCA-Anexo I-C,2024,DCA-Anexo I-C,RO1.9.9.9.99.2.0,4318002,Receitas Brutas Realizadas,1.9.9.9.99.2.0 - Outras Receitas Não Arrecadadas e Não Projetadas pela RFB - Primárias,2024,Padrão
DCA-Anexo I-C,2024,DCA-Anexo I-C,RO1.9.9.9.99.3.0,4318002,Receitas Brutas Realizadas,1.9.9.9.99.3.0 - Outras Receitas Não Arrecadadas e Não Projetadas pela RFB - Financeiras,2024,Padrão
DCA-Anexo I-C,2024,DCA-Anexo I-C,RO2.0.0.0.00.0.0,4318002,Receitas Brutas Realizadas,2.0.0.0.00.0.0 - Receitas de Capital,2024,Padrão
DCA-Anexo I-C,2024,DCA-Anexo I-C,RO2.1.0.0.00.0.0,4318002,Receitas Brutas Realizadas,2.1.0.0.00.0.0 - Operações de Crédito,2024,Padrão
DCA-Anexo I-C,2024,DCA-Anexo I-C,RO2.1.1.0.00.0.0,4318002,Receitas Brutas Realizadas,2.1.1.0.00.0.0 - Operações de Crédito - Mercado Interno,2024,Padrão
DCA-Anexo I-C,2024,DCA-Anexo I-C,RO2.1.1.2.00.0.0,4318002,Receitas Brutas Realizadas,2.1.1.2.00.0.0 - Operações de Crédito Contratuais - Mercado Interno,2024,Padrão
DCA-Anexo I-C,2024,DCA-Anexo I-C,RO2.1.1.2.52.0.0,4318002,Receitas Brutas Realizadas,2.1.1.2.52.0.0 - Operações de Crédito Internas para Programas de Saneamento,2024,Padrão
DCA-Anexo I-C,2024,DCA-Anexo I-C,RO2.2.0.0.00.0.0,4318002,Receitas Brutas Realizadas,2.2.0.0.00.0.0 - Alienação de Bens,2024,Padrão
DCA-Anexo I-C,2024,DCA-Anexo I-C,RO2.2.1.0.00.0.0,4318002,Receitas Brutas Realizadas,2.2.1.0.00.0.0 - Alienação de Bens Móveis,2024,Padrão
DCA-Anexo I-C,2024,DCA-Anexo I-C,RO2.2.1.3.00.0.0,4318002,Receitas Brutas Realizadas,2.2.1.3.00.0.0 - Alienação de Bens Móveis e Semoventes,2024,Padrão
DCA-Anexo I-C,2024,DCA-Anexo I-C,RO2.4.0.0.00.0.0,4318002,Receitas Brutas Realizadas,2.4.0.0.00.0.0 - Transferências de Capital,2024,Padrão
DCA-Anexo I-C,2024,DCA-Anexo I-C,RO2.4.1.0.00.0.0,4318002,Receitas Brutas Realizadas,2.4.1.0.00.0.0 - Transferências da União e de suas Entidades,2024,Padrão
DCA-Anexo I-C,2024,DCA-Anexo I-C,RO2.4.1.1.00.0.0,4318002,Receitas Brutas Realizadas,2.4.1.1.00.0.0 - Transferências de Recursos do Sistema Único de Saúde - SUS,2024,Padrão
DCA-Anexo I-C,2024,DCA-Anexo I-C,RO2.4.1.1.51.0.0,4318002,Receitas Brutas Realizadas,2.4.1.1.51.0.0 - Transferências de Recursos do Sistema Único de Saúde ¿ SUS - Fundo a Fundo - Bloco de Estruturação da Rede de Serviços Públicos de Saúde,2024,Padrão
DCA-Anexo I-C,2024,DCA-Anexo I-C,RO2.4.1.1.51.1.0,4318002,Receitas Brutas Realizadas,2.4.1.1.51.1.0 - Transferências de Recursos do Bloco de Estruturação da Rede de Serviços Públicos de Saúde - Atenção Primária,2024,Padrão
DCA-Anexo I-C,2024,DCA-Anexo I-C,RO2.4.1.1.51.2.0,4318002,Receitas Brutas Realizadas,2.4.1.1.51.2.0 - Transferências de Recursos do Bloco de Estruturação da Rede de Serviços Públicos de Saúde - Atenção Especializada,2024,Padrão
DCA-Anexo I-C,2024,DCA-Anexo I-C,RO2.4.1.1.51.4.0,4318002,Receitas Brutas Realizadas,2.4.1.1.51.4.0 - Transferências de Recursos do Bloco de Estruturação da Rede de Serviços Públicos de Saúde - Vigilância em Saúde,2024,Padrão
DCA-Anexo I-C,2024,DCA-Anexo I-C,RO2.4.1.4.00.0.0,4318002,Receitas Brutas Realizadas,2.4.1.4.00.0.0 - Transferências de Convênios da União e de suas Entidades ,2024,Padrão
DCA-Anexo I-C,2024,DCA-Anexo I-C,RO2.4.1.4.51.0.0,4318002,Receitas Brutas Realizadas,2.4.1.4.51.0.0 - Transferências de Convênios da União destinadas a Programas de Educação,2024,Padrão
DCA-Anexo I-C,2024,DCA-Anexo I-C,RO2.4.1.4.54.0.0,4318002,Receitas Brutas Realizadas,2.4.1.4.54.0.0 - Transferências de Convênios da União destinadas a Programas de Infraestrutura em Transporte,2024,Padrão
DCA-Anexo I-C,2024,DCA-Anexo I-C,RO2.4.1.4.99.0.0,4318002,Receitas Brutas Realizadas,2.4.1.4.99.0.0 - Outras Transferências de Convênios da União e de Suas Entidades,2024,Padrão
DCA-Anexo I-C,2024,DCA-Anexo I-C,RO2.4.1.9.00.0.0,4318002,Receitas Brutas Realizadas,2.4.1.9.00.0.0 - Outras Transferências de Recursos da União e de suas Entidades,2024,Padrão
DCA-Anexo I-C,2024,DCA-Anexo I-C,RO2.4.1.9.51.0.0,4318002,Receitas Brutas Realizadas,2.4.1.9.51.0.0 - Transferência Especial da União,2024,Padrão
DCA-Anexo I-C,2024,DCA-Anexo I-C,RO2.4.2.0.00.0.0,4318002,Receitas Brutas Realizadas,2.4.2.0.00.0.0 - Transferências dos Estados e do Distrito Federal e de suas Entidades,2024,Padrão
DCA-Anexo I-C,2024,DCA-Anexo I-C,RO2.4.2.1.00.0.0,4318002,Receitas Brutas Realizadas,2.4.2.1.00.0.0 - Transferências de Recursos do Sistema Único de Saúde ¿ SUS dos Estados e DF,2024,Padrão
DCA-Anexo I-C,2024,DCA-Anexo I-C,RO2.4.2.1.50.0.0,4318002,Receitas Brutas Realizadas,2.4.2.1.50.0.0 - Transferências de Recursos do Sistema Único de Saúde ¿ SUS,2024,Padrão
DCA-Anexo I-C,2024,DCA-Anexo I-C,RO2.4.2.2.00.0.0,4318002,Receitas Brutas Realizadas,2.4.2.2.00.0.0 - Transferências de Convênios dos Estados e DF e de Suas Entidades ,2024,Padrão
DCA-Anexo I-C,2024,DCA-Anexo I-C,RO2.4.2.2.54.0.0,4318002,Receitas Brutas Realizadas,2.4.2.2.54.0.0 - Transferências de Convênios dos Estados destinadas a Programas de Infraestrutura em Transporte,2024,Padrão
DCA-Anexo I-C,2024,DCA-Anexo I-C,RO2.9.0.0.00.0.0,4318002,Receitas Brutas Realizadas,2.9.0.0.00.0.0 - Outras Receitas de Capital,2024,Padrão
DCA-Anexo I-C,2024,DCA-Anexo I-C,RO2.9.9.0.00.0.0,4318002,Receitas Brutas Realizadas,2.9.9.0.00.0.0 - Demais Receitas de Capital,2024,Padrão
DCA-Anexo I-C,2024,DCA-Anexo I-C,RO2.9.9.9.00.0.0,4318002,Receitas Brutas Realizadas,2.9.9.9.00.0.0 - Outras Receitas de Capital,2024,Padrão
DCA-Anexo I-C,2024,DCA-Anexo I-C,RO2.9.9.9.99.0.0,4318002,Receitas Brutas Realizadas,2.9.9.9.99.0.0 - Outras Receitas de Capital,2024,Padrão
DCA-Anexo I-C,2024,DCA-Anexo I-C,ReceitasIntraOrcamentarias,4318002,Receitas Brutas Realizadas,RECEITAS (INTRA-ORÇAMENTÁRIAS) (II),2024,Padrão
DCA-Anexo I-C,2024,DCA-Anexo I-C,RI7.0.0.0.00.0.0,4318002,Receitas Brutas Realizadas,7.0.0.0.00.0.0 - Receitas Correntes,2024,Padrão
DCA-Anexo I-C,2024,DCA-Anexo I-C,RI7.2.0.0.00.0.0,4318002,Receitas Brutas Realizadas,7.2.0.0.00.0.0 - Contribuições,2024,Padrão
DCA-Anexo I-C,2024,DCA-Anexo I-C,RI7.2.1.0.00.0.0,4318002,Receitas Brutas Realizadas,7.2.1.0.00.0.0 - Contribuições Sociais,2024,Padrão
DCA-Anexo I-C,2024,DCA-Anexo I-C,RI7.2.1.5.00.0.0,4318002,Receitas Brutas Realizadas,7.2.1.5.00.0.0 - Contribuições para Regimes Próprios de Previdência e Sistema de Proteção Social,2024,Padrão
DCA-Anexo I-C,2024,DCA-Anexo I-C,RI7.2.1.5.02.0.0,4318002,Receitas Brutas Realizadas,7.2.1.5.02.0.0 - Contribuição Patronal - Servidor Civil,2024,Padrão
DCA-Anexo I-C,2024,DCA-Anexo I-C,RI7.2.1.5.02.1.0,4318002,Receitas Brutas Realizadas,7.2.1.5.02.1.0 - Contribuição Patronal - Servidor Civil Ativo,2024,Padrão
DCA-Anexo I-C,2024,DCA-Anexo I-C,RI7.2.1.5.51.0.0,4318002,Receitas Brutas Realizadas,7.2.1.5.51.0.0 - Contribuição Patronal - Parcelamentos,2024,Padrão
DCA-Anexo I-C,2024,DCA-Anexo I-C,RI7.2.1.5.51.1.0,4318002,Receitas Brutas Realizadas,7.2.1.5.51.1.0 - Contribuição Patronal - Servidor Civil Ativo - Parcelamentos,2024,Padrão
DCA-Anexo I-C,2024,DCA-Anexo I-C,RI7.9.0.0.00.0.0,4318002,Receitas Brutas Realizadas,7.9.0.0.00.0.0 - Outras Receitas Correntes,2024,Padrão
DCA-Anexo I-C,2024,DCA-Anexo I-C,RI7.9.9.0.00.0.0,4318002,Receitas Brutas Realizadas,7.9.9.0.00.0.0 - Demais Receitas Correntes,2024,Padrão
DCA-Anexo I-C,2024,DCA-Anexo I-C,RI7.9.9.9.00.0.0,4318002,Receitas Brutas Realizadas,7.9.9.9.00.0.0 - Outras Receitas Correntes,2024,Padrão
DCA-Anexo I-C,2024,DCA-Anexo I-C,RI7.9.9.9.01.0.0,4318002,Receitas Brutas Realizadas,7.9.9.9.01.0.0 - Aportes Periódicos para Amortização de Déficit Atuarial do Regimes Próprios de Previdência e Sistema de Proteção Social,2024,Padrão
DCA-Anexo I-C,2024,DCA-Anexo I-C,TotalReceitas,4318002,Receitas Brutas Realizadas,TOTAL DAS RECEITAS (III) = (I + II),2024,Padrão
DCA-Anexo I-C,2024,DCA-Anexo I-C,TotalReceitas,4318002,Deduções - FUNDEB,TOTAL DAS RECEITAS (III) = (I + II),2024,Padrão
DCA-Anexo I-C,2024,DCA-Anexo I-C,TotalReceitas,4318002,Outras Deduções da Receita,TOTAL DAS RECEITAS (III) = (I + II),2024,Padrão
DCA-Anexo I-D,2024,DCA-Anexo I-D,TotalDespesas,4318002,Despesas Empenhadas,Total Geral da Despesa,2024,Padrão
DCA-Anexo I-D,2024,DCA-Anexo I-D,TotalDespesas,4318002,Despesas Liquidadas,Total Geral da Despesa,2024,Padrão
DCA-Anexo I-D,2024,DCA-Anexo I-D,TotalDespesas,4318002,Despesas Pagas,Total Geral da Despesa,2024,Padrão
DCA-Anexo I-D,2024,DCA-Anexo I-D,TotalDespesas,4318002,Inscrição de Restos a Pagar Não Processados,Total Geral da Despesa,2024,Padrão
DCA-Anexo I-D,2024,DCA-Anexo I-D,TotalDespesas,4318002,Inscrição de Restos a Pagar Processados,Total Geral da Despesa,2024,Padrão
DCA-Anexo I-D,2024,DCA-Anexo I-D,DO3.0.00.00.00.00,4318002,Despesas Empenhadas,3.0.00.00.00 - Despesas Correntes,2024,Padrão
DCA-Anexo I-D,2024,DCA-Anexo I-D,DO3.0.00.00.00.00,4318002,Despesas Liquidadas,3.0.00.00.00 - Despesas Correntes,2024,Padrão
DCA-Anexo I-D,2024,DCA-Anexo I-D,DO3.0.00.00.00.00,4318002,Despesas Pagas,3.0.00.00.00 - Despesas Correntes,2024,Padrão
DCA-Anexo I-D,2024,DCA-Anexo I-D,DO3.0.00.00.00.00,4318002,Inscrição de Restos a Pagar Não Processados,3.0.00.00.00 - Despesas Correntes,2024,Padrão
DCA-Anexo I-D,2024,DCA-Anexo I-D,DO3.0.00.00.00.00,4318002,Inscrição de Restos a Pagar Processados,3.0.00.00.00 - Despesas Correntes,2024,Padrão
DCA-Anexo I-D,2024,DCA-Anexo I-D,DO3.1.00.00.00.00,4318002,Despesas Empenhadas,3.1.00.00.00 - Pessoal e Encargos Sociais,2024,Padrão
DCA-Anexo I-D,2024,DCA-Anexo I-D,DO3.1.00.00.00.00,4318002,Despesas Liquidadas,3.1.00.00.00 - Pessoal e Encargos Sociais,2024,Padrão
DCA-Anexo I-D,2024,DCA-Anexo I-D,DO3.1.00.00.00.00,4318002,Despesas Pagas,3.1.00.00.00 - Pessoal e Encargos Sociais,2024,Padrão
DCA-Anexo I-D,2024,DCA-Anexo I-D,DO3.1.00.00.00.00,4318002,Inscrição de Restos a Pagar Não Processados,3.1.00.00.00 - Pessoal e Encargos Sociais,2024,Padrão
DCA-Anexo I-D,2024,DCA-Anexo I-D,DO3.1.00.00.00.00,4318002,Inscrição de Restos a Pagar Processados,3.1.00.00.00 - Pessoal e Encargos Sociais,2024,Padrão
DCA-Anexo I-D,2024,DCA-Anexo I-D,DO3.1.90.00.00.00,4318002,Despesas Empenhadas,3.1.90.00.00 - Aplicações Diretas,2024,Padrão
DCA-Anexo I-D,2024,DCA-Anexo I-D,DO3.1.90.00.00.00,4318002,Despesas Liquidadas,3.1.90.00.00 - Aplicações Diretas,2024,Padrão
DCA-Anexo I-D,2024,DCA-Anexo I-D,DO3.1.90.00.00.00,4318002,Despesas Pagas,3.1.90.00.00 - Aplicações Diretas,2024,Padrão
DCA-Anexo I-D,2024,DCA-Anexo I-D,DO3.1.90.00.00.00,4318002,Inscrição de Restos a Pagar Não Processados,3.1.90.00.00 - Aplicações Diretas,2024,Padrão
DCA-Anexo I-D,2024,DCA-Anexo I-D,DO3.1.90.00.00.00,4318002,Inscrição de Restos a Pagar Processados,3.1.90.00.00 - Aplicações Diretas,2024,Padrão
DCA-Anexo I-D,2024,DCA-Anexo I-D,DO3.1.90.01.00.00,4318002,Despesas Empenhadas,"3.1.90.01.00 - Aposentadorias do RPPS, Reserva Remunerada e Reformas dos Militares",2024,Padrão
DCA-Anexo I-D,2024,DCA-Anexo I-D,DO3.1.90.01.00.00,4318002,Despesas Liquidadas,"3.1.90.01.00 - Aposentadorias do RPPS, Reserva Remunerada e Reformas dos Militares",2024,Padrão
DCA-Anexo I-D,2024,DCA-Anexo I-D,DO3.1.90.01.00.00,4318002,Despesas Pagas,"3.1.90.01.00 - Aposentadorias do RPPS, Reserva Remunerada e Reformas dos Militares",2024,Padrão
DCA-Anexo I-D,2024,DCA-Anexo I-D,DO3.1.90.03.00.00,4318002,Despesas Empenhadas,3.1.90.03.00 - Pensões do RPPS e do Militar,2024,Padrão
DCA-Anexo I-D,2024,DCA-Anexo I-D,DO3.1.90.03.00.00,4318002,Despesas Liquidadas,3.1.90.03.00 - Pensões do RPPS e do Militar,2024,Padrão
DCA-Anexo I-D,2024,DCA-Anexo I-D,DO3.1.90.03.00.00,4318002,Despesas Pagas,3.1.90.03.00 - Pensões do RPPS e do Militar,2024,Padrão
DCA-Anexo I-D,2024,DCA-Anexo I-D,DO3.1.90.04.00.00,4318002,Despesas Empenhadas,3.1.90.04.00 - Contratação por Tempo Determinado,2024,Padrão
DCA-Anexo I-D,2024,DCA-Anexo I-D,DO3.1.90.04.00.00,4318002,Despesas Liquidadas,3.1.90.04.00 - Contratação por Tempo Determinado,2024,Padrão
DCA-Anexo I-D,2024,DCA-Anexo I-D,DO3.1.90.04.00.00,4318002,Despesas Pagas,3.1.90.04.00 - Contratação por Tempo Determinado,2024,Padrão
DCA-Anexo I-D,2024,DCA-Anexo I-D,DO3.1.90.04.00.00,4318002,Inscrição de Restos a Pagar Processados,3.1.90.04.00 - Contratação por Tempo Determinado,2024,Padrão
DCA-Anexo I-D,2024,DCA-Anexo I-D,DO3.1.90.11.00.00,4318002,Despesas Empenhadas,3.1.90.11.00 - Vencimentos e Vantagens Fixas - Pessoal Civil,2024,Padrão
DCA-Anexo I-D,2024,DCA-Anexo I-D,DO3.1.90.11.00.00,4318002,Despesas Liquidadas,3.1.90.11.00 - Vencimentos e Vantagens Fixas - Pessoal Civil,2024,Padrão
DCA-Anexo I-D,2024,DCA-Anexo I-D,DO3.1.90.11.00.00,4318002,Despesas Pagas,3.1.90.11.00 - Vencimentos e Vantagens Fixas - Pessoal Civil,2024,Padrão
DCA-Anexo I-D,2024,DCA-Anexo I-D,DO3.1.90.11.00.00,4318002,Inscrição de Restos a Pagar Não Processados,3.1.90.11.00 - Vencimentos e Vantagens Fixas - Pessoal Civil,2024,Padrão
DCA-Anexo I-D,2024,DCA-Anexo I-D,DO3.1.90.11.00.00,4318002,Inscrição de Restos a Pagar Processados,3.1.90.11.00 - Vencimentos e Vantagens Fixas - Pessoal Civil,2024,Padrão
DCA-Anexo I-D,2024,DCA-Anexo I-D,DO3.1.90.13.00.00,4318002,Despesas Empenhadas,3.1.90.13.00 - Obrigações Patronais,2024,Padrão
DCA-Anexo I-D,2024,DCA-Anexo I-D,DO3.1.90.13.00.00,4318002,Despesas Liquidadas,3.1.90.13.00 - Obrigações Patronais,2024,Padrão
DCA-Anexo I-D,2024,DCA-Anexo I-D,DO3.1.90.13.00.00,4318002,Despesas Pagas,3.1.90.13.00 - Obrigações Patronais,2024,Padrão
DCA-Anexo I-D,2024,DCA-Anexo I-D,DO3.1.90.13.00.00,4318002,Inscrição de Restos a Pagar Não Processados,3.1.90.13.00 - Obrigações Patronais,2024,Padrão
DCA-Anexo I-D,2024,DCA-Anexo I-D,DO3.1.90.13.00.00,4318002,Inscrição de Restos a Pagar Processados,3.1.90.13.00 - Obrigações Patronais,2024,Padrão
DCA-Anexo I-D,2024,DCA-Anexo I-D,DO3.1.90.13.01.00,4318002,Despesas Empenhadas,3.1.90.13.01 - FGTS,2024,Padrão
DCA-Anexo I-D,2024,DCA-Anexo I-D,DO3.1.90.13.01.00,4318002,Despesas Liquidadas,3.1.90.13.01 - FGTS,2024,Padrão
DCA-Anexo I-D,2024,DCA-Anexo I-D,DO3.1.90.13.01.00,4318002,Despesas Pagas,3.1.90.13.01 - FGTS,2024,Padrão
DCA-Anexo I-D,2024,DCA-Anexo I-D,DO3.1.90.13.01.00,4318002,Inscrição de Restos a Pagar Processados,3.1.90.13.01 - FGTS,2024,Padrão
DCA-Anexo I-D,2024,DCA-Anexo I-D,DO3.1.90.13.02.00,4318002,Despesas Empenhadas,3.1.90.13.02 - Contribuições Previdenciárias - INSS,2024,Padrão
DCA-Anexo I-D,2024,DCA-Anexo I-D,DO3.1.90.13.02.00,4318002,Despesas Liquidadas,3.1.90.13.02 - Contribuições Previdenciárias - INSS,2024,Padrão
DCA-Anexo I-D,2024,DCA-Anexo I-D,DO3.1.90.13.02.00,4318002,Despesas Pagas,3.1.90.13.02 - Contribuições Previdenciárias - INSS,2024,Padrão
DCA-Anexo I-D,2024,DCA-Anexo I-D,DO3.1.90.13.02.00,4318002,Inscrição de Restos a Pagar Não Processados,3.1.90.13.02 - Contribuições Previdenciárias - INSS,2024,Padrão
DCA-Anexo I-D,2024,DCA-Anexo I-D,DO3.1.90.13.02.00,4318002,Inscrição de Restos a Pagar Processados,3.1.90.13.02 - Contribuições Previdenciárias - INSS,2024,Padrão
DCA-Anexo I-D,2024,DCA-Anexo I-D,DO3.1.90.13.99.00,4318002,Despesas Empenhadas,3.1.90.13.99 - Outras Obrigações Patronais,2024,Padrão
DCA-Anexo I-D,2024,DCA-Anexo I-D,DO3.1.90.13.99.00,4318002,Despesas Liquidadas,3.1.90.13.99 - Outras Obrigações Patronais,2024,Padrão
DCA-Anexo I-D,2024,DCA-Anexo I-D,DO3.1.90.13.99.00,4318002,Despesas Pagas,3.1.90.13.99 - Outras Obrigações Patronais,2024,Padrão
DCA-Anexo I-D,2024,DCA-Anexo I-D,DO3.1.90.16.00.00,4318002,Despesas Empenhadas,3.1.90.16.00 - Outras Despesas Variáveis - Pessoal Civil,2024,Padrão
DCA-Anexo I-D,2024,DCA-Anexo I-D,DO3.1.90.16.00.00,4318002,Despesas Liquidadas,3.1.90.16.00 - Outras Despesas Variáveis - Pessoal Civil,2024,Padrão
DCA-Anexo I-D,2024,DCA-Anexo I-D,DO3.1.90.16.00.00,4318002,Despesas Pagas,3.1.90.16.00 - Outras Despesas Variáveis - Pessoal Civil,2024,Padrão
DCA-Anexo I-D,2024,DCA-Anexo I-D,DO3.1.90.94.00.00,4318002,Despesas Empenhadas,3.1.90.94.00 - Indenizações e Restituições Trabalhistas,2024,Padrão
DCA-Anexo I-D,2024,DCA-Anexo I-D,DO3.1.90.94.00.00,4318002,Despesas Liquidadas,3.1.90.94.00 - Indenizações e Restituições Trabalhistas,2024,Padrão
DCA-Anexo I-D,2024,DCA-Anexo I-D,DO3.1.90.94.00.00,4318002,Despesas Pagas,3.1.90.94.00 - Indenizações e Restituições Trabalhistas,2024,Padrão
DCA-Anexo I-D,2024,DCA-Anexo I-D,DO3.1.90.94.00.00,4318002,Inscrição de Restos a Pagar Não Processados,3.1.90.94.00 - Indenizações e Restituições Trabalhistas,2024,Padrão
DCA-Anexo I-D,2024,DCA-Anexo I-D,DI3.1.91.00.00.00,4318002,Despesas Empenhadas,"3.1.91.00.00 - Aplicação Direta Decorrente de Operação entre Órgãos, Fundos e Entidades Integrantes dos Orçamentos Fiscal e da Seguridade Social",2024,Padrão
DCA-Anexo I-D,2024,DCA-Anexo I-D,DI3.1.91.00.00.00,4318002,Despesas Liquidadas,"3.1.91.00.00 - Aplicação Direta Decorrente de Operação entre Órgãos, Fundos e Entidades Integrantes dos Orçamentos Fiscal e da Seguridade Social",2024,Padrão
DCA-Anexo I-D,2024,DCA-Anexo I-D,DI3.1.91.00.00.00,4318002,Despesas Pagas,"3.1.91.00.00 - Aplicação Direta Decorrente de Operação entre Órgãos, Fundos e Entidades Integrantes dos Orçamentos Fiscal e da Seguridade Social",2024,Padrão
DCA-Anexo I-D,2024,DCA-Anexo I-D,DI3.1.91.13.00.00,4318002,Despesas Empenhadas,3.1.91.13.00 - Contribuições Patronais,2024,Padrão
DCA-Anexo I-D,2024,DCA-Anexo I-D,DI3.1.91.13.00.00,4318002,Despesas Liquidadas,3.1.91.13.00 - Contribuições Patronais,2024,Padrão
DCA-Anexo I-D,2024,DCA-Anexo I-D,DI3.1.91.13.00.00,4318002,Despesas Pagas,3.1.91.13.00 - Contribuições Patronais,2024,Padrão
DCA-Anexo I-D,2024,DCA-Anexo I-D,DI3.1.91.13.08.00,4318002,Despesas Empenhadas,3.1.91.13.08 - Contribuições previdenciárias - RPPS - pessoal ativo - plano previdenciário,2024,Padrão
DCA-Anexo I-D,2024,DCA-Anexo I-D,DI3.1.91.13.08.00,4318002,Despesas Liquidadas,3.1.91.13.08 - Contribuições previdenciárias - RPPS - pessoal ativo - plano previdenciário,2024,Padrão
DCA-Anexo I-D,2024,DCA-Anexo I-D,DI3.1.91.13.08.00,4318002,Despesas Pagas,3.1.91.13.08 - Contribuições previdenciárias - RPPS - pessoal ativo - plano previdenciário,2024,Padrão
DCA-Anexo I-D,2024,DCA-Anexo I-D,DI3.1.91.13.20.00,4318002,Despesas Empenhadas,3.1.91.13.20 - Alíquota suplementar de contribuição previdenciária - pessoal ativo - plano previdenciário,2024,Padrão
DCA-Anexo I-D,2024,DCA-Anexo I-D,DI3.1.91.13.20.00,4318002,Despesas Liquidadas,3.1.91.13.20 - Alíquota suplementar de contribuição previdenciária - pessoal ativo - plano previdenciário,2024,Padrão
DCA-Anexo I-D,2024,DCA-Anexo I-D,DI3.1.91.13.20.00,4318002,Despesas Pagas,3.1.91.13.20 - Alíquota suplementar de contribuição previdenciária - pessoal ativo - plano previdenciário,2024,Padrão
DCA-Anexo I-D,2024,DCA-Anexo I-D,DI3.1.91.13.99.00,4318002,Despesas Empenhadas,3.1.91.13.99 - Outras Obrigações Patronais - Intraorçamentária,2024,Padrão
DCA-Anexo I-D,2024,DCA-Anexo I-D,DI3.1.91.13.99.00,4318002,Despesas Liquidadas,3.1.91.13.99 - Outras Obrigações Patronais - Intraorçamentária,2024,Padrão
DCA-Anexo I-D,2024,DCA-Anexo I-D,DI3.1.91.13.99.00,4318002,Despesas Pagas,3.1.91.13.99 - Outras Obrigações Patronais - Intraorçamentária,2024,Padrão
DCA-Anexo I-D,2024,DCA-Anexo I-D,DO3.2.00.00.00.00,4318002,Despesas Empenhadas,3.2.00.00.00 - Juros e Encargos da Dívida,2024,Padrão
DCA-Anexo I-D,2024,DCA-Anexo I-D,DO3.2.00.00.00.00,4318002,Despesas Liquidadas,3.2.00.00.00 - Juros e Encargos da Dívida,2024,Padrão
DCA-Anexo I-D,2024,DCA-Anexo I-D,DO3.2.00.00.00.00,4318002,Despesas Pagas,3.2.00.00.00 - Juros e Encargos da Dívida,2024,Padrão
DCA-Anexo I-D,2024,DCA-Anexo I-D,DO3.2.90.00.00.00,4318002,Despesas Empenhadas,3.2.90.00.00 - Aplicações Diretas,2024,Padrão
DCA-Anexo I-D,2024,DCA-Anexo I-D,DO3.2.90.00.00.00,4318002,Despesas Liquidadas,3.2.90.00.00 - Aplicações Diretas,2024,Padrão
DCA-Anexo I-D,2024,DCA-Anexo I-D,DO3.2.90.00.00.00,4318002,Despesas Pagas,3.2.90.00.00 - Aplicações Diretas,2024,Padrão
DCA-Anexo I-D,2024,DCA-Anexo I-D,DO3.2.90.21.00.00,4318002,Despesas Empenhadas,3.2.90.21.00 - Juros sobre a Dívida por Contrato,2024,Padrão
DCA-Anexo I-D,2024,DCA-Anexo I-D,DO3.2.90.21.00.00,4318002,Despesas Liquidadas,3.2.90.21.00 - Juros sobre a Dívida por Contrato,2024,Padrão
DCA-Anexo I-D,2024,DCA-Anexo I-D,DO3.2.90.21.00.00,4318002,Despesas Pagas,3.2.90.21.00 - Juros sobre a Dívida por Contrato,2024,Padrão
DCA-Anexo I-D,2024,DCA-Anexo I-D,DI3.2.91.00.00.00,4318002,Despesas Empenhadas,"3.2.91.00.00 - Aplicação direta decorrente de operação entre Órgãos, fundos e entidades integrantes dos OFSS",2024,Padrão
DCA-Anexo I-D,2024,DCA-Anexo I-D,DI3.2.91.00.00.00,4318002,Despesas Liquidadas,"3.2.91.00.00 - Aplicação direta decorrente de operação entre Órgãos, fundos e entidades integrantes dos OFSS",2024,Padrão
DCA-Anexo I-D,2024,DCA-Anexo I-D,DI3.2.91.00.00.00,4318002,Despesas Pagas,"3.2.91.00.00 - Aplicação direta decorrente de operação entre Órgãos, fundos e entidades integrantes dos OFSS",2024,Padrão
DCA-Anexo I-D,2024,DCA-Anexo I-D,DO3.3.00.00.00.00,4318002,Despesas Empenhadas,3.3.00.00.00 - Outras Despesas Correntes,2024,Padrão
DCA-Anexo I-D,2024,DCA-Anexo I-D,DO3.3.00.00.00.00,4318002,Despesas Liquidadas,3.3.00.00.00 - Outras Despesas Correntes,2024,Padrão
DCA-Anexo I-D,2024,DCA-Anexo I-D,DO3.3.00.00.00.00,4318002,Despesas Pagas,3.3.00.00.00 - Outras Despesas Correntes,2024,Padrão
DCA-Anexo I-D,2024,DCA-Anexo I-D,DO3.3.00.00.00.00,4318002,Inscrição de Restos a Pagar Não Processados,3.3.00.00.00 - Outras Despesas Correntes,2024,Padrão
DCA-Anexo I-D,2024,DCA-Anexo I-D,DO3.3.00.00.00.00,4318002,Inscrição de Restos a Pagar Processados,3.3.00.00.00 - Outras Despesas Correntes,2024,Padrão
DCA-Anexo I-D,2024,DCA-Anexo I-D,DO3.3.20.00.00.00,4318002,Despesas Empenhadas,3.3.20.00.00 - Transferências à União,2024,Padrão
DCA-Anexo I-D,2024,DCA-Anexo I-D,DO3.3.20.00.00.00,4318002,Despesas Liquidadas,3.3.20.00.00 - Transferências à União,2024,Padrão
DCA-Anexo I-D,2024,DCA-Anexo I-D,DO3.3.20.00.00.00,4318002,Despesas Pagas,3.3.20.00.00 - Transferências à União,2024,Padrão
DCA-Anexo I-D,2024,DCA-Anexo I-D,DO3.3.20.00.00.00,4318002,Inscrição de Restos a Pagar Processados,3.3.20.00.00 - Transferências à União,2024,Padrão
DCA-Anexo I-D,2024,DCA-Anexo I-D,DO3.3.30.00.00.00,4318002,Despesas Empenhadas,3.3.30.00.00 - Transferências a Estados e ao Distrito Federal,2024,Padrão
DCA-Anexo I-D,2024,DCA-Anexo I-D,DO3.3.30.00.00.00,4318002,Despesas Liquidadas,3.3.30.00.00 - Transferências a Estados e ao Distrito Federal,2024,Padrão
DCA-Anexo I-D,2024,DCA-Anexo I-D,DO3.3.30.00.00.00,4318002,Despesas Pagas,3.3.30.00.00 - Transferências a Estados e ao Distrito Federal,2024,Padrão
DCA-Anexo I-D,2024,DCA-Anexo I-D,DO3.3.30.00.00.00,4318002,Inscrição de Restos a Pagar Não Processados,3.3.30.00.00 - Transferências a Estados e ao Distrito Federal,2024,Padrão
DCA-Anexo I-D,2024,DCA-Anexo I-D,DO3.3.30.41.00.00,4318002,Despesas Empenhadas,3.3.30.41.00 - Contribuições,2024,Padrão
DCA-Anexo I-D,2024,DCA-Anexo I-D,DO3.3.30.41.00.00,4318002,Despesas Liquidadas,3.3.30.41.00 - Contribuições,2024,Padrão
DCA-Anexo I-D,2024,DCA-Anexo I-D,DO3.3.30.41.00.00,4318002,Despesas Pagas,3.3.30.41.00 - Contribuições,2024,Padrão
DCA-Anexo I-D,2024,DCA-Anexo I-D,DO3.3.30.41.00.00,4318002,Inscrição de Restos a Pagar Não Processados,3.3.30.41.00 - Contribuições,2024,Padrão
DCA-Anexo I-D,2024,DCA-Anexo I-D,DO3.3.30.93.00.00,4318002,Despesas Empenhadas,3.3.30.93.00 - Indenizações e restituições,2024,Padrão
DCA-Anexo I-D,2024,DCA-Anexo I-D,DO3.3.30.93.00.00,4318002,Despesas Liquidadas,3.3.30.93.00 - Indenizações e restituições,2024,Padrão
DCA-Anexo I-D,2024,DCA-Anexo I-D,DO3.3.30.93.00.00,4318002,Despesas Pagas,3.3.30.93.00 - Indenizações e restituições,2024,Padrão
DCA-Anexo I-D,2024,DCA-Anexo I-D,DO3.3.50.00.00.00,4318002,Despesas Empenhadas,3.3.50.00.00 - Transferências a Instituições Privadas sem Fins Lucrativos,2024,Padrão
DCA-Anexo I-D,2024,DCA-Anexo I-D,DO3.3.50.00.00.00,4318002,Despesas Liquidadas,3.3.50.00.00 - Transferências a Instituições Privadas sem Fins Lucrativos,2024,Padrão
DCA-Anexo I-D,2024,DCA-Anexo I-D,DO3.3.50.00.00.00,4318002,Despesas Pagas,3.3.50.00.00 - Transferências a Instituições Privadas sem Fins Lucrativos,2024,Padrão
DCA-Anexo I-D,2024,DCA-Anexo I-D,DO3.3.50.00.00.00,4318002,Inscrição de Restos a Pagar Não Processados,3.3.50.00.00 - Transferências a Instituições Privadas sem Fins Lucrativos,2024,Padrão
DCA-Anexo I-D,2024,DCA-Anexo I-D,DO3.3.60.00.00.00,4318002,Despesas Empenhadas,3.3.60.00.00 - Transferências a Instituições Privadas com Fins Lucrativos,2024,Padrão
DCA-Anexo I-D,2024,DCA-Anexo I-D,DO3.3.60.00.00.00,4318002,Despesas Liquidadas,3.3.60.00.00 - Transferências a Instituições Privadas com Fins Lucrativos,2024,Padrão
DCA-Anexo I-D,2024,DCA-Anexo I-D,DO3.3.60.00.00.00,4318002,Despesas Pagas,3.3.60.00.00 - Transferências a Instituições Privadas com Fins Lucrativos,2024,Padrão
DCA-Anexo I-D,2024,DCA-Anexo I-D,DO3.3.60.00.00.00,4318002,Inscrição de Restos a Pagar Não Processados,3.3.60.00.00 - Transferências a Instituições Privadas com Fins Lucrativos,2024,Padrão
DCA-Anexo I-D,2024,DCA-Anexo I-D,DO3.3.90.00.00.00,4318002,Despesas Empenhadas,3.3.90.00.00 - Aplicações Diretas,2024,Padrão
DCA-Anexo I-D,2024,DCA-Anexo I-D,DO3.3.90.00.00.00,4318002,Despesas Liquidadas,3.3.90.00.00 - Aplicações Diretas,2024,Padrão
DCA-Anexo I-D,2024,DCA-Anexo I-D,DO3.3.90.00.00.00,4318002,Despesas Pagas,3.3.90.00.00 - Aplicações Diretas,2024,Padrão
DCA-Anexo I-D,2024,DCA-Anexo I-D,DO3.3.90.00.00.00,4318002,Inscrição de Restos a Pagar Não Processados,3.3.90.00.00 - Aplicações Diretas,2024,Padrão
DCA-Anexo I-D,2024,DCA-Anexo I-D,DO3.3.90.00.00.00,4318002,Inscrição de Restos a Pagar Processados,3.3.90.00.00 - Aplicações Diretas,2024,Padrão
DCA-Anexo I-D,2024,DCA-Anexo I-D,DO3.3.90.08.00.00,4318002,Despesas Empenhadas,3.3.90.08.00 - Outros Benefícios Assistenciais do servidor e do militar,2024,Padrão
DCA-Anexo I-D,2024,DCA-Anexo I-D,DO3.3.90.08.00.00,4318002,Despesas Liquidadas,3.3.90.08.00 - Outros Benefícios Assistenciais do servidor e do militar,2024,Padrão
DCA-Anexo I-D,2024,DCA-Anexo I-D,DO3.3.90.08.00.00,4318002,Despesas Pagas,3.3.90.08.00 - Outros Benefícios Assistenciais do servidor e do militar,2024,Padrão
DCA-Anexo I-D,2024,DCA-Anexo I-D,DO3.3.90.08.00.00,4318002,Inscrição de Restos a Pagar Não Processados,3.3.90.08.00 - Outros Benefícios Assistenciais do servidor e do militar,2024,Padrão
DCA-Anexo I-D,2024,DCA-Anexo I-D,DO3.3.90.08.00.00,4318002,Inscrição de Restos a Pagar Processados,3.3.90.08.00 - Outros Benefícios Assistenciais do servidor e do militar,2024,Padrão
DCA-Anexo I-D,2024,DCA-Anexo I-D,DO3.3.90.14.00.00,4318002,Despesas Empenhadas,3.3.90.14.00 - Diárias - Civil,2024,Padrão
DCA-Anexo I-D,2024,DCA-Anexo I-D,DO3.3.90.14.00.00,4318002,Despesas Liquidadas,3.3.90.14.00 - Diárias - Civil,2024,Padrão
DCA-Anexo I-D,2024,DCA-Anexo I-D,DO3.3.90.14.00.00,4318002,Despesas Pagas,3.3.90.14.00 - Diárias - Civil,2024,Padrão
DCA-Anexo I-D,2024,DCA-Anexo I-D,DO3.3.90.14.00.00,4318002,Inscrição de Restos a Pagar Processados,3.3.90.14.00 - Diárias - Civil,2024,Padrão
DCA-Anexo I-D,2024,DCA-Anexo I-D,DO3.3.90.18.00.00,4318002,Despesas Empenhadas,3.3.90.18.00 - Auxílio Financeiro a Estudantes,2024,Padrão
DCA-Anexo I-D,2024,DCA-Anexo I-D,DO3.3.90.18.00.00,4318002,Despesas Liquidadas,3.3.90.18.00 - Auxílio Financeiro a Estudantes,2024,Padrão
DCA-Anexo I-D,2024,DCA-Anexo I-D,DO3.3.90.18.00.00,4318002,Despesas Pagas,3.3.90.18.00 - Auxílio Financeiro a Estudantes,2024,Padrão
DCA-Anexo I-D,2024,DCA-Anexo I-D,DO3.3.90.30.00.00,4318002,Despesas Empenhadas,3.3.90.30.00 - Material de Consumo,2024,Padrão
DCA-Anexo I-D,2024,DCA-Anexo I-D,DO3.3.90.30.00.00,4318002,Despesas Liquidadas,3.3.90.30.00 - Material de Consumo,2024,Padrão
DCA-Anexo I-D,2024,DCA-Anexo I-D,DO3.3.90.30.00.00,4318002,Despesas Pagas,3.3.90.30.00 - Material de Consumo,2024,Padrão
DCA-Anexo I-D,2024,DCA-Anexo I-D,DO3.3.90.30.00.00,4318002,Inscrição de Restos a Pagar Não Processados,3.3.90.30.00 - Material de Consumo,2024,Padrão
DCA-Anexo I-D,2024,DCA-Anexo I-D,DO3.3.90.30.00.00,4318002,Inscrição de Restos a Pagar Processados,3.3.90.30.00 - Material de Consumo,2024,Padrão
DCA-Anexo I-D,2024,DCA-Anexo I-D,DO3.3.90.31.00.00,4318002,Despesas Empenhadas,"3.3.90.31.00 - Premiações Culturais, Artísticas, Científicas, Desportivas e Outras",2024,Padrão
DCA-Anexo I-D,2024,DCA-Anexo I-D,DO3.3.90.31.00.00,4318002,Despesas Liquidadas,"3.3.90.31.00 - Premiações Culturais, Artísticas, Científicas, Desportivas e Outras",2024,Padrão
DCA-Anexo I-D,2024,DCA-Anexo I-D,DO3.3.90.31.00.00,4318002,Despesas Pagas,"3.3.90.31.00 - Premiações Culturais, Artísticas, Científicas, Desportivas e Outras",2024,Padrão
DCA-Anexo I-D,2024,DCA-Anexo I-D,DO3.3.90.31.00.00,4318002,Inscrição de Restos a Pagar Processados,"3.3.90.31.00 - Premiações Culturais, Artísticas, Científicas, Desportivas e Outras",2024,Padrão
DCA-Anexo I-D,2024,DCA-Anexo I-D,DO3.3.90.32.00.00,4318002,Despesas Empenhadas,"3.3.90.32.00 - Material, Bem ou Serviço para Distribuição Gratuita",2024,Padrão
DCA-Anexo I-D,2024,DCA-Anexo I-D,DO3.3.90.32.00.00,4318002,Despesas Liquidadas,"3.3.90.32.00 - Material, Bem ou Serviço para Distribuição Gratuita",2024,Padrão
DCA-Anexo I-D,2024,DCA-Anexo I-D,DO3.3.90.32.00.00,4318002,Despesas Pagas,"3.3.90.32.00 - Material, Bem ou Serviço para Distribuição Gratuita",2024,Padrão
DCA-Anexo I-D,2024,DCA-Anexo I-D,DO3.3.90.32.00.00,4318002,Inscrição de Restos a Pagar Não Processados,"3.3.90.32.00 - Material, Bem ou Serviço para Distribuição Gratuita",2024,Padrão
DCA-Anexo I-D,2024,DCA-Anexo I-D,DO3.3.90.32.00.00,4318002,Inscrição de Restos a Pagar Processados,"3.3.90.32.00 - Material, Bem ou Serviço para Distribuição Gratuita",2024,Padrão
DCA-Anexo I-D,2024,DCA-Anexo I-D,DO3.3.90.33.00.00,4318002,Despesas Empenhadas,3.3.90.33.00 - Passagens e Despesas com Locomoção,2024,Padrão
DCA-Anexo I-D,2024,DCA-Anexo I-D,DO3.3.90.33.00.00,4318002,Despesas Liquidadas,3.3.90.33.00 - Passagens e Despesas com Locomoção,2024,Padrão
DCA-Anexo I-D,2024,DCA-Anexo I-D,DO3.3.90.33.00.00,4318002,Despesas Pagas,3.3.90.33.00 - Passagens e Despesas com Locomoção,2024,Padrão
DCA-Anexo I-D,2024,DCA-Anexo I-D,DO3.3.90.33.00.00,4318002,Inscrição de Restos a Pagar Não Processados,3.3.90.33.00 - Passagens e Despesas com Locomoção,2024,Padrão
DCA-Anexo I-D,2024,DCA-Anexo I-D,DO3.3.90.35.00.00,4318002,Despesas Empenhadas,3.3.90.35.00 - Serviços de Consultoria,2024,Padrão
DCA-Anexo I-D,2024,DCA-Anexo I-D,DO3.3.90.35.00.00,4318002,Despesas Liquidadas,3.3.90.35.00 - Serviços de Consultoria,2024,Padrão
DCA-Anexo I-D,2024,DCA-Anexo I-D,DO3.3.90.35.00.00,4318002,Despesas Pagas,3.3.90.35.00 - Serviços de Consultoria,2024,Padrão
DCA-Anexo I-D,2024,DCA-Anexo I-D,DO3.3.90.35.00.00,4318002,Inscrição de Restos a Pagar Não Processados,3.3.90.35.00 - Serviços de Consultoria,2024,Padrão
DCA-Anexo I-D,2024,DCA-Anexo I-D,DO3.3.90.35.00.00,4318002,Inscrição de Restos a Pagar Processados,3.3.90.35.00 - Serviços de Consultoria,2024,Padrão
DCA-Anexo I-D,2024,DCA-Anexo I-D,DO3.3.90.36.00.00,4318002,Despesas Empenhadas,3.3.90.36.00 - Outros Serviços de Terceiros - Pessoa Física,2024,Padrão
DCA-Anexo I-D,2024,DCA-Anexo I-D,DO3.3.90.36.00.00,4318002,Despesas Liquidadas,3.3.90.36.00 - Outros Serviços de Terceiros - Pessoa Física,2024,Padrão
DCA-Anexo I-D,2024,DCA-Anexo I-D,DO3.3.90.36.00.00,4318002,Despesas Pagas,3.3.90.36.00 - Outros Serviços de Terceiros - Pessoa Física,2024,Padrão
DCA-Anexo I-D,2024,DCA-Anexo I-D,DO3.3.90.36.00.00,4318002,Inscrição de Restos a Pagar Não Processados,3.3.90.36.00 - Outros Serviços de Terceiros - Pessoa Física,2024,Padrão
DCA-Anexo I-D,2024,DCA-Anexo I-D,DO3.3.90.36.00.00,4318002,Inscrição de Restos a Pagar Processados,3.3.90.36.00 - Outros Serviços de Terceiros - Pessoa Física,2024,Padrão
DCA-Anexo I-D,2024,DCA-Anexo I-D,DO3.3.90.39.00.00,4318002,Despesas Empenhadas,3.3.90.39.00 - Outros Serviços de Terceiros - Pessoa Jurídica,2024,Padrão
DCA-Anexo I-D,2024,DCA-Anexo I-D,DO3.3.90.39.00.00,4318002,Despesas Liquidadas,3.3.90.39.00 - Outros Serviços de Terceiros - Pessoa Jurídica,2024,Padrão
DCA-Anexo I-D,2024,DCA-Anexo I-D,DO3.3.90.39.00.00,4318002,Despesas Pagas,3.3.90.39.00 - Outros Serviços de Terceiros - Pessoa Jurídica,2024,Padrão
DCA-Anexo I-D,2024,DCA-Anexo I-D,DO3.3.90.39.00.00,4318002,Inscrição de Restos a Pagar Não Processados,3.3.90.39.00 - Outros Serviços de Terceiros - Pessoa Jurídica,2024,Padrão
DCA-Anexo I-D,2024,DCA-Anexo I-D,DO3.3.90.39.00.00,4318002,Inscrição de Restos a Pagar Processados,3.3.90.39.00 - Outros Serviços de Terceiros - Pessoa Jurídica,2024,Padrão
DCA-Anexo I-D,2024,DCA-Anexo I-D,DO3.3.90.40.00.00,4318002,Despesas Empenhadas,3.3.90.40.00 - Serviços de Tecnologia da Informação e Comunicação - Pessoa Jurídica,2024,Padrão
DCA-Anexo I-D,2024,DCA-Anexo I-D,DO3.3.90.40.00.00,4318002,Despesas Liquidadas,3.3.90.40.00 - Serviços de Tecnologia da Informação e Comunicação - Pessoa Jurídica,2024,Padrão
DCA-Anexo I-D,2024,DCA-Anexo I-D,DO3.3.90.40.00.00,4318002,Despesas Pagas,3.3.90.40.00 - Serviços de Tecnologia da Informação e Comunicação - Pessoa Jurídica,2024,Padrão
DCA-Anexo I-D,2024,DCA-Anexo I-D,DO3.3.90.40.00.00,4318002,Inscrição de Restos a Pagar Não Processados,3.3.90.40.00 - Serviços de Tecnologia da Informação e Comunicação - Pessoa Jurídica,2024,Padrão
DCA-Anexo I-D,2024,DCA-Anexo I-D,DO3.3.90.40.00.00,4318002,Inscrição de Restos a Pagar Processados,3.3.90.40.00 - Serviços de Tecnologia da Informação e Comunicação - Pessoa Jurídica,2024,Padrão
DCA-Anexo I-D,2024,DCA-Anexo I-D,DO3.3.90.46.00.00,4318002,Despesas Empenhadas,3.3.90.46.00 - Auxílio-Alimentação,2024,Padrão
DCA-Anexo I-D,2024,DCA-Anexo I-D,DO3.3.90.46.00.00,4318002,Despesas Liquidadas,3.3.90.46.00 - Auxílio-Alimentação,2024,Padrão
DCA-Anexo I-D,2024,DCA-Anexo I-D,DO3.3.90.46.00.00,4318002,Despesas Pagas,3.3.90.46.00 - Auxílio-Alimentação,2024,Padrão
DCA-Anexo I-D,2024,DCA-Anexo I-D,DO3.3.90.46.00.00,4318002,Inscrição de Restos a Pagar Processados,3.3.90.46.00 - Auxílio-Alimentação,2024,Padrão
DCA-Anexo I-D,2024,DCA-Anexo I-D,DO3.3.90.47.00.00,4318002,Despesas Empenhadas,3.3.90.47.00 - Obrigações Tributárias e Contributivas,2024,Padrão
DCA-Anexo I-D,2024,DCA-Anexo I-D,DO3.3.90.47.00.00,4318002,Despesas Liquidadas,3.3.90.47.00 - Obrigações Tributárias e Contributivas,2024,Padrão
DCA-Anexo I-D,2024,DCA-Anexo I-D,DO3.3.90.47.00.00,4318002,Despesas Pagas,3.3.90.47.00 - Obrigações Tributárias e Contributivas,2024,Padrão
DCA-Anexo I-D,2024,DCA-Anexo I-D,DO3.3.90.47.00.00,4318002,Inscrição de Restos a Pagar Processados,3.3.90.47.00 - Obrigações Tributárias e Contributivas,2024,Padrão
DCA-Anexo I-D,2024,DCA-Anexo I-D,DO3.3.90.48.00.00,4318002,Despesas Empenhadas,3.3.90.48.00 - Outros Auxílios Financeiros a Pessoas Físicas,2024,Padrão
DCA-Anexo I-D,2024,DCA-Anexo I-D,DO3.3.90.48.00.00,4318002,Despesas Liquidadas,3.3.90.48.00 - Outros Auxílios Financeiros a Pessoas Físicas,2024,Padrão
DCA-Anexo I-D,2024,DCA-Anexo I-D,DO3.3.90.48.00.00,4318002,Despesas Pagas,3.3.90.48.00 - Outros Auxílios Financeiros a Pessoas Físicas,2024,Padrão
DCA-Anexo I-D,2024,DCA-Anexo I-D,DO3.3.90.49.00.00,4318002,Despesas Empenhadas,3.3.90.49.00 - Auxílio-Transporte,2024,Padrão
DCA-Anexo I-D,2024,DCA-Anexo I-D,DO3.3.90.49.00.00,4318002,Despesas Liquidadas,3.3.90.49.00 - Auxílio-Transporte,2024,Padrão
DCA-Anexo I-D,2024,DCA-Anexo I-D,DO3.3.90.49.00.00,4318002,Despesas Pagas,3.3.90.49.00 - Auxílio-Transporte,2024,Padrão
DCA-Anexo I-D,2024,DCA-Anexo I-D,DO3.3.90.86.00.00,4318002,Despesas Empenhadas,3.3.90.86.00 - Compensações a Regimes de Previdência,2024,Padrão
DCA-Anexo I-D,2024,DCA-Anexo I-D,DO3.3.90.86.00.00,4318002,Despesas Liquidadas,3.3.90.86.00 - Compensações a Regimes de Previdência,2024,Padrão
DCA-Anexo I-D,2024,DCA-Anexo I-D,DO3.3.90.86.00.00,4318002,Despesas Pagas,3.3.90.86.00 - Compensações a Regimes de Previdência,2024,Padrão
DCA-Anexo I-D,2024,DCA-Anexo I-D,DO3.3.90.91.00.00,4318002,Despesas Empenhadas,3.3.90.91.00 - Sentenças Judiciais,2024,Padrão
DCA-Anexo I-D,2024,DCA-Anexo I-D,DO3.3.90.91.00.00,4318002,Despesas Liquidadas,3.3.90.91.00 - Sentenças Judiciais,2024,Padrão
DCA-Anexo I-D,2024,DCA-Anexo I-D,DO3.3.90.91.00.00,4318002,Despesas Pagas,3.3.90.91.00 - Sentenças Judiciais,2024,Padrão
DCA-Anexo I-D,2024,DCA-Anexo I-D,DO3.3.90.92.00.00,4318002,Despesas Empenhadas,3.3.90.92.00 - Despesas de Exercícios Anteriores,2024,Padrão
DCA-Anexo I-D,2024,DCA-Anexo I-D,DO3.3.90.92.00.00,4318002,Despesas Liquidadas,3.3.90.92.00 - Despesas de Exercícios Anteriores,2024,Padrão
DCA-Anexo I-D,2024,DCA-Anexo I-D,DO3.3.90.92.00.00,4318002,Despesas Pagas,3.3.90.92.00 - Despesas de Exercícios Anteriores,2024,Padrão
DCA-Anexo I-D,2024,DCA-Anexo I-D,DO3.3.90.92.00.00,4318002,Inscrição de Restos a Pagar Não Processados,3.3.90.92.00 - Despesas de Exercícios Anteriores,2024,Padrão
DCA-Anexo I-D,2024,DCA-Anexo I-D,DO3.3.90.93.00.00,4318002,Despesas Empenhadas,3.3.90.93.00 - Indenizações e Restituições,2024,Padrão
DCA-Anexo I-D,2024,DCA-Anexo I-D,DO3.3.90.93.00.00,4318002,Despesas Liquidadas,3.3.90.93.00 - Indenizações e Restituições,2024,Padrão
DCA-Anexo I-D,2024,DCA-Anexo I-D,DO3.3.90.93.00.00,4318002,Despesas Pagas,3.3.90.93.00 - Indenizações e Restituições,2024,Padrão
DCA-Anexo I-D,2024,DCA-Anexo I-D,DO3.3.90.93.00.00,4318002,Inscrição de Restos a Pagar Não Processados,3.3.90.93.00 - Indenizações e Restituições,2024,Padrão
DCA-Anexo I-D,2024,DCA-Anexo I-D,DO3.3.90.93.00.00,4318002,Inscrição de Restos a Pagar Processados,3.3.90.93.00 - Indenizações e Restituições,2024,Padrão
DCA-Anexo I-D,2024,DCA-Anexo I-D,DI3.3.91.00.00.00,4318002,Despesas Empenhadas,"3.3.91.00.00 - Aplicação Direta Decorrente de Operação entre Órgãos, Fundos e Entidades Integrantes dos Orçamentos Fiscal e da Seguridade Social",2024,Padrão
DCA-Anexo I-D,2024,DCA-Anexo I-D,DI3.3.91.00.00.00,4318002,Despesas Liquidadas,"3.3.91.00.00 - Aplicação Direta Decorrente de Operação entre Órgãos, Fundos e Entidades Integrantes dos Orçamentos Fiscal e da Seguridade Social",2024,Padrão
DCA-Anexo I-D,2024,DCA-Anexo I-D,DI3.3.91.00.00.00,4318002,Despesas Pagas,"3.3.91.00.00 - Aplicação Direta Decorrente de Operação entre Órgãos, Fundos e Entidades Integrantes dos Orçamentos Fiscal e da Seguridade Social",2024,Padrão
DCA-Anexo I-D,2024,DCA-Anexo I-D,DO4.0.00.00.00.00,4318002,Despesas Empenhadas,4.0.00.00.00 - Despesas de Capital,2024,Padrão
DCA-Anexo I-D,2024,DCA-Anexo I-D,DO4.0.00.00.00.00,4318002,Despesas Liquidadas,4.0.00.00.00 - Despesas de Capital,2024,Padrão
DCA-Anexo I-D,2024,DCA-Anexo I-D,DO4.0.00.00.00.00,4318002,Despesas Pagas,4.0.00.00.00 - Despesas de Capital,2024,Padrão
DCA-Anexo I-D,2024,DCA-Anexo I-D,DO4.0.00.00.00.00,4318002,Inscrição de Restos a Pagar Não Processados,4.0.00.00.00 - Despesas de Capital,2024,Padrão
DCA-Anexo I-D,2024,DCA-Anexo I-D,DO4.0.00.00.00.00,4318002,Inscrição de Restos a Pagar Processados,4.0.00.00.00 - Despesas de Capital,2024,Padrão
DCA-Anexo I-D,2024,DCA-Anexo I-D,DO4.4.00.00.00.00,4318002,Despesas Empenhadas,4.4.00.00.00 - Investimentos,2024,Padrão
DCA-Anexo I-D,2024,DCA-Anexo I-D,DO4.4.00.00.00.00,4318002,Despesas Liquidadas,4.4.00.00.00 - Investimentos,2024,Padrão
DCA-Anexo I-D,2024,DCA-Anexo I-D,DO4.4.00.00.00.00,4318002,Despesas Pagas,4.4.00.00.00 - Investimentos,2024,Padrão
DCA-Anexo I-D,2024,DCA-Anexo I-D,DO4.4.00.00.00.00,4318002,Inscrição de Restos a Pagar Não Processados,4.4.00.00.00 - Investimentos,2024,Padrão
DCA-Anexo I-D,2024,DCA-Anexo I-D,DO4.4.00.00.00.00,4318002,Inscrição de Restos a Pagar Processados,4.4.00.00.00 - Investimentos,2024,Padrão
DCA-Anexo I-D,2024,DCA-Anexo I-D,DO4.4.20.00.00.00,4318002,Despesas Empenhadas,4.4.20.00.00 - Transferências à União,2024,Padrão
DCA-Anexo I-D,2024,DCA-Anexo I-D,DO4.4.20.00.00.00,4318002,Despesas Liquidadas,4.4.20.00.00 - Transferências à União,2024,Padrão
DCA-Anexo I-D,2024,DCA-Anexo I-D,DO4.4.20.00.00.00,4318002,Despesas Pagas,4.4.20.00.00 - Transferências à União,2024,Padrão
DCA-Anexo I-D,2024,DCA-Anexo I-D,DO4.4.20.00.00.00,4318002,Inscrição de Restos a Pagar Não Processados,4.4.20.00.00 - Transferências à União,2024,Padrão
DCA-Anexo I-D,2024,DCA-Anexo I-D,DO4.4.30.00.00.00,4318002,Despesas Empenhadas,4.4.30.00.00 - Transferências a Estados e ao Distrito Federal,2024,Padrão
DCA-Anexo I-D,2024,DCA-Anexo I-D,DO4.4.30.00.00.00,4318002,Despesas Liquidadas,4.4.30.00.00 - Transferências a Estados e ao Distrito Federal,2024,Padrão
DCA-Anexo I-D,2024,DCA-Anexo I-D,DO4.4.30.00.00.00,4318002,Despesas Pagas,4.4.30.00.00 - Transferências a Estados e ao Distrito Federal,2024,Padrão
DCA-Anexo I-D,2024,DCA-Anexo I-D,DO4.4.50.00.00.00,4318002,Despesas Empenhadas,4.4.50.00.00 - Transferências a Instituições Privadas sem Fins Lucrativos,2024,Padrão
DCA-Anexo I-D,2024,DCA-Anexo I-D,DO4.4.50.00.00.00,4318002,Despesas Liquidadas,4.4.50.00.00 - Transferências a Instituições Privadas sem Fins Lucrativos,2024,Padrão
DCA-Anexo I-D,2024,DCA-Anexo I-D,DO4.4.50.00.00.00,4318002,Despesas Pagas,4.4.50.00.00 - Transferências a Instituições Privadas sem Fins Lucrativos,2024,Padrão
DCA-Anexo I-D,2024,DCA-Anexo I-D,DO4.4.90.00.00.00,4318002,Despesas Empenhadas,4.4.90.00.00 - Aplicações Diretas,2024,Padrão
DCA-Anexo I-D,2024,DCA-Anexo I-D,DO4.4.90.00.00.00,4318002,Despesas Liquidadas,4.4.90.00.00 - Aplicações Diretas,2024,Padrão
DCA-Anexo I-D,2024,DCA-Anexo I-D,DO4.4.90.00.00.00,4318002,Despesas Pagas,4.4.90.00.00 - Aplicações Diretas,2024,Padrão
DCA-Anexo I-D,2024,DCA-Anexo I-D,DO4.4.90.00.00.00,4318002,Inscrição de Restos a Pagar Não Processados,4.4.90.00.00 - Aplicações Diretas,2024,Padrão
DCA-Anexo I-D,2024,DCA-Anexo I-D,DO4.4.90.00.00.00,4318002,Inscrição de Restos a Pagar Processados,4.4.90.00.00 - Aplicações Diretas,2024,Padrão
DCA-Anexo I-D,2024,DCA-Anexo I-D,DO4.4.90.30.00.00,4318002,Despesas Empenhadas,4.4.90.30.00 - Material de Consumo,2024,Padrão
DCA-Anexo I-D,2024,DCA-Anexo I-D,DO4.4.90.30.00.00,4318002,Despesas Liquidadas,4.4.90.30.00 - Material de Consumo,2024,Padrão
DCA-Anexo I-D,2024,DCA-Anexo I-D,DO4.4.90.30.00.00,4318002,Despesas Pagas,4.4.90.30.00 - Material de Consumo,2024,Padrão
DCA-Anexo I-D,2024,DCA-Anexo I-D,DO4.4.90.40.00.00,4318002,Despesas Empenhadas,4.4.90.40.00 - Serviços de Tecnologia da Informação e Comunicação - Pessoa Jurídica,2024,Padrão
DCA-Anexo I-D,2024,DCA-Anexo I-D,DO4.4.90.40.00.00,4318002,Despesas Liquidadas,4.4.90.40.00 - Serviços de Tecnologia da Informação e Comunicação - Pessoa Jurídica,2024,Padrão
DCA-Anexo I-D,2024,DCA-Anexo I-D,DO4.4.90.40.00.00,4318002,Despesas Pagas,4.4.90.40.00 - Serviços de Tecnologia da Informação e Comunicação - Pessoa Jurídica,2024,Padrão
DCA-Anexo I-D,2024,DCA-Anexo I-D,DO4.4.90.51.00.00,4318002,Despesas Empenhadas,4.4.90.51.00 - Obras e Instalações,2024,Padrão
DCA-Anexo I-D,2024,DCA-Anexo I-D,DO4.4.90.51.00.00,4318002,Despesas Liquidadas,4.4.90.51.00 - Obras e Instalações,2024,Padrão
DCA-Anexo I-D,2024,DCA-Anexo I-D,DO4.4.90.51.00.00,4318002,Despesas Pagas,4.4.90.51.00 - Obras e Instalações,2024,Padrão
DCA-Anexo I-D,2024,DCA-Anexo I-D,DO4.4.90.51.00.00,4318002,Inscrição de Restos a Pagar Não Processados,4.4.90.51.00 - Obras e Instalações,2024,Padrão
DCA-Anexo I-D,2024,DCA-Anexo I-D,DO4.4.90.51.00.00,4318002,Inscrição de Restos a Pagar Processados,4.4.90.51.00 - Obras e Instalações,2024,Padrão
DCA-Anexo I-D,2024,DCA-Anexo I-D,DO4.4.90.51.91.00,4318002,Despesas Empenhadas,4.4.90.51.91 - Obras em Andamento,2024,Padrão
DCA-Anexo I-D,2024,DCA-Anexo I-D,DO4.4.90.51.91.00,4318002,Despesas Liquidadas,4.4.90.51.91 - Obras em Andamento,2024,Padrão
DCA-Anexo I-D,2024,DCA-Anexo I-D,DO4.4.90.51.91.00,4318002,Despesas Pagas,4.4.90.51.91 - Obras em Andamento,2024,Padrão
DCA-Anexo I-D,2024,DCA-Anexo I-D,DO4.4.90.51.91.00,4318002,Inscrição de Restos a Pagar Não Processados,4.4.90.51.91 - Obras em Andamento,2024,Padrão
DCA-Anexo I-D,2024,DCA-Anexo I-D,DO4.4.90.51.91.00,4318002,Inscrição de Restos a Pagar Processados,4.4.90.51.91 - Obras em Andamento,2024,Padrão
DCA-Anexo I-D,2024,DCA-Anexo I-D,DO4.4.90.51.99.00,4318002,Despesas Empenhadas,4.4.90.51.99 - Outras Obras e Instalações,2024,Padrão
DCA-Anexo I-D,2024,DCA-Anexo I-D,DO4.4.90.51.99.00,4318002,Despesas Liquidadas,4.4.90.51.99 - Outras Obras e Instalações,2024,Padrão
DCA-Anexo I-D,2024,DCA-Anexo I-D,DO4.4.90.51.99.00,4318002,Despesas Pagas,4.4.90.51.99 - Outras Obras e Instalações,2024,Padrão
DCA-Anexo I-D,2024,DCA-Anexo I-D,DO4.4.90.51.99.00,4318002,Inscrição de Restos a Pagar Não Processados,4.4.90.51.99 - Outras Obras e Instalações,2024,Padrão
DCA-Anexo I-D,2024,DCA-Anexo I-D,DO4.4.90.52.00.00,4318002,Despesas Empenhadas,4.4.90.52.00 - Equipamentos e Material Permanente,2024,Padrão
DCA-Anexo I-D,2024,DCA-Anexo I-D,DO4.4.90.52.00.00,4318002,Despesas Liquidadas,4.4.90.52.00 - Equipamentos e Material Permanente,2024,Padrão
DCA-Anexo I-D,2024,DCA-Anexo I-D,DO4.4.90.52.00.00,4318002,Despesas Pagas,4.4.90.52.00 - Equipamentos e Material Permanente,2024,Padrão
DCA-Anexo I-D,2024,DCA-Anexo I-D,DO4.4.90.52.00.00,4318002,Inscrição de Restos a Pagar Não Processados,4.4.90.52.00 - Equipamentos e Material Permanente,2024,Padrão
DCA-Anexo I-D,2024,DCA-Anexo I-D,DO4.4.90.52.00.00,4318002,Inscrição de Restos a Pagar Processados,4.4.90.52.00 - Equipamentos e Material Permanente,2024,Padrão
DCA-Anexo I-D,2024,DCA-Anexo I-D,DO4.4.90.92.00.00,4318002,Despesas Empenhadas,4.4.90.92.00 - Despesas de Exercícios Anteriores,2024,Padrão
DCA-Anexo I-D,2024,DCA-Anexo I-D,DO4.4.90.92.00.00,4318002,Despesas Liquidadas,4.4.90.92.00 - Despesas de Exercícios Anteriores,2024,Padrão
DCA-Anexo I-D,2024,DCA-Anexo I-D,DO4.4.90.92.00.00,4318002,Despesas Pagas,4.4.90.92.00 - Despesas de Exercícios Anteriores,2024,Padrão
DCA-Anexo I-D,2024,DCA-Anexo I-D,DO4.6.00.00.00.00,4318002,Despesas Empenhadas,4.6.00.00.00 - Amortização da Dívida,2024,Padrão
DCA-Anexo I-D,2024,DCA-Anexo I-D,DO4.6.00.00.00.00,4318002,Despesas Liquidadas,4.6.00.00.00 - Amortização da Dívida,2024,Padrão
DCA-Anexo I-D,2024,DCA-Anexo I-D,DO4.6.00.00.00.00,4318002,Despesas Pagas,4.6.00.00.00 - Amortização da Dívida,2024,Padrão
DCA-Anexo I-D,2024,DCA-Anexo I-D,DO4.6.90.00.00.00,4318002,Despesas Empenhadas,4.6.90.00.00 - Aplicações Diretas,2024,Padrão
DCA-Anexo I-D,2024,DCA-Anexo I-D,DO4.6.90.00.00.00,4318002,Despesas Liquidadas,4.6.90.00.00 - Aplicações Diretas,2024,Padrão
DCA-Anexo I-D,2024,DCA-Anexo I-D,DO4.6.90.00.00.00,4318002,Despesas Pagas,4.6.90.00.00 - Aplicações Diretas,2024,Padrão
DCA-Anexo I-D,2024,DCA-Anexo I-D,DO4.6.90.71.00.00,4318002,Despesas Empenhadas,4.6.90.71.00 - Principal da Dívida Contratual Resgatado,2024,Padrão
DCA-Anexo I-D,2024,DCA-Anexo I-D,DO4.6.90.71.00.00,4318002,Despesas Liquidadas,4.6.90.71.00 - Principal da Dívida Contratual Resgatado,2024,Padrão
DCA-Anexo I-D,2024,DCA-Anexo I-D,DO4.6.90.71.00.00,4318002,Despesas Pagas,4.6.90.71.00 - Principal da Dívida Contratual Resgatado,2024,Padrão
DCA-Anexo I-D,2024,DCA-Anexo I-D,DI4.6.91.00.00.00,4318002,Despesas Empenhadas,"4.6.91.00.00 - Aplicação direta decorrente de operação entre órgãos, fundos e entidades integrantes dos OFSS",2024,Padrão
DCA-Anexo I-D,2024,DCA-Anexo I-D,DI4.6.91.00.00.00,4318002,Despesas Liquidadas,"4.6.91.00.00 - Aplicação direta decorrente de operação entre órgãos, fundos e entidades integrantes dos OFSS",2024,Padrão
DCA-Anexo I-D,2024,DCA-Anexo I-D,DI4.6.91.00.00.00,4318002,Despesas Pagas,"4.6.91.00.00 - Aplicação direta decorrente de operação entre órgãos, fundos e entidades integrantes dos OFSS",2024,Padrão
DCA-Anexo I-E,2024,DCA-Anexo I-E,TotalDespesas,4318002,Despesas Empenhadas,Despesas Exceto Intraorçamentárias,2024,Total Geral da Despesa por Função
DCA-Anexo I-E,2024,DCA-Anexo I-E,TotalDespesas,4318002,Despesas Empenhadas,01 - Legislativa,2024,Total Geral da Despesa por Função
DCA-Anexo I-E,2024,DCA-Anexo I-E,TotalDespesas,4318002,Despesas Empenhadas,01.031 - Ação Legislativa,2024,Total Geral da Despesa por Função
DCA-Anexo I-E,2024,DCA-Anexo I-E,TotalDespesas,4318002,Despesas Empenhadas,04 - Administração,2024,Total Geral da Despesa por Função
DCA-Anexo I-E,2024,DCA-Anexo I-E,TotalDespesas,4318002,Despesas Empenhadas,04.121 - Planejamento e Orçamento,2024,Total Geral da Despesa por Função
DCA-Anexo I-E,2024,DCA-Anexo I-E,TotalDespesas,4318002,Despesas Empenhadas,04.122 - Administração Geral,2024,Total Geral da Despesa por Função
DCA-Anexo I-E,2024,DCA-Anexo I-E,TotalDespesas,4318002,Despesas Empenhadas,04.124 - Controle Interno,2024,Total Geral da Despesa por Função
DCA-Anexo I-E,2024,DCA-Anexo I-E,TotalDespesas,4318002,Despesas Empenhadas,04.126 - Tecnologia da Informação,2024,Total Geral da Despesa por Função
DCA-Anexo I-E,2024,DCA-Anexo I-E,TotalDespesas,4318002,Despesas Empenhadas,04.128 - Formação de Recursos Humanos,2024,Total Geral da Despesa por Função
DCA-Anexo I-E,2024,DCA-Anexo I-E,TotalDespesas,4318002,Despesas Empenhadas,04.129 - Administração de Receitas,2024,Total Geral da Despesa por Função
DCA-Anexo I-E,2024,DCA-Anexo I-E,TotalDespesas,4318002,Despesas Empenhadas,FU04 - Demais Subfunções,2024,Total Geral da Despesa por Função
DCA-Anexo I-E,2024,DCA-Anexo I-E,TotalDespesas,4318002,Despesas Empenhadas,06 - Segurança Pública,2024,Total Geral da Despesa por Função
DCA-Anexo I-E,2024,DCA-Anexo I-E,TotalDespesas,4318002,Despesas Empenhadas,06.181 - Policiamento,2024,Total Geral da Despesa por Função
DCA-Anexo I-E,2024,DCA-Anexo I-E,TotalDespesas,4318002,Despesas Empenhadas,06.182 - Defesa Civil,2024,Total Geral da Despesa por Função
DCA-Anexo I-E,2024,DCA-Anexo I-E,TotalDespesas,4318002,Despesas Empenhadas,08 - Assistência Social,2024,Total Geral da Despesa por Função
DCA-Anexo I-E,2024,DCA-Anexo I-E,TotalDespesas,4318002,Despesas Empenhadas,08.241 - Assistência ao Idoso,2024,Total Geral da Despesa por Função
DCA-Anexo I-E,2024,DCA-Anexo I-E,TotalDespesas,4318002,Despesas Empenhadas,08.243 - Assistência à Criança e ao Adolescente,2024,Total Geral da Despesa por Função
DCA-Anexo I-E,2024,DCA-Anexo I-E,TotalDespesas,4318002,Despesas Empenhadas,08.244 - Assistência Comunitária,2024,Total Geral da Despesa por Função
DCA-Anexo I-E,2024,DCA-Anexo I-E,TotalDespesas,4318002,Despesas Empenhadas,08.122 - Administração Geral,2024,Total Geral da Despesa por Função
DCA-Anexo I-E,2024,DCA-Anexo I-E,TotalDespesas,4318002,Despesas Empenhadas,09 - Previdência Social,2024,Total Geral da Despesa por Função
DCA-Anexo I-E,2024,DCA-Anexo I-E,TotalDespesas,4318002,Despesas Empenhadas,09.272 - Previdência do Regime Estatutário,2024,Total Geral da Despesa por Função
DCA-Anexo I-E,2024,DCA-Anexo I-E,TotalDespesas,4318002,Despesas Empenhadas,09.122 - Administração Geral,2024,Total Geral da Despesa por Função
DCA-Anexo I-E,2024,DCA-Anexo I-E,TotalDespesas,4318002,Despesas Empenhadas,10 - Saúde,2024,Total Geral da Despesa por Função
DCA-Anexo I-E,2024,DCA-Anexo I-E,TotalDespesas,4318002,Despesas Empenhadas,10.301 - Atenção Básica,2024,Total Geral da Despesa por Função
DCA-Anexo I-E,2024,DCA-Anexo I-E,TotalDespesas,4318002,Despesas Empenhadas,10.302 - Assistência Hospitalar e Ambulatorial,2024,Total Geral da Despesa por Função
DCA-Anexo I-E,2024,DCA-Anexo I-E,TotalDespesas,4318002,Despesas Empenhadas,10.303 - Suporte Profilático e Terapêutico,2024,Total Geral da Despesa por Função
DCA-Anexo I-E,2024,DCA-Anexo I-E,TotalDespesas,4318002,Despesas Empenhadas,10.304 - Vigilância Sanitária,2024,Total Geral da Despesa por Função
DCA-Anexo I-E,2024,DCA-Anexo I-E,TotalDespesas,4318002,Despesas Empenhadas,10.122 - Administração Geral,2024,Total Geral da Despesa por Função
DCA-Anexo I-E,2024,DCA-Anexo I-E,TotalDespesas,4318002,Despesas Empenhadas,11 - Trabalho,2024,Total Geral da Despesa por Função
DCA-Anexo I-E,2024,DCA-Anexo I-E,TotalDespesas,4318002,Despesas Empenhadas,11.334 - Fomento ao Trabalho,2024,Total Geral da Despesa por Função
DCA-Anexo I-E,2024,DCA-Anexo I-E,TotalDespesas,4318002,Despesas Empenhadas,12 - Educação,2024,Total Geral da Despesa por Função
DCA-Anexo I-E,2024,DCA-Anexo I-E,TotalDespesas,4318002,Despesas Empenhadas,12.361 - Ensino Fundamental,2024,Total Geral da Despesa por Função
DCA-Anexo I-E,2024,DCA-Anexo I-E,TotalDespesas,4318002,Despesas Empenhadas,12.362 - Ensino Médio,2024,Total Geral da Despesa por Função
DCA-Anexo I-E,2024,DCA-Anexo I-E,TotalDespesas,4318002,Despesas Empenhadas,12.365 - Educação Infantil,2024,Total Geral da Despesa por Função
DCA-Anexo I-E,2024,DCA-Anexo I-E,TotalDespesas,4318002,Despesas Empenhadas,12.366 - Educação de Jovens e Adultos,2024,Total Geral da Despesa por Função
DCA-Anexo I-E,2024,DCA-Anexo I-E,TotalDespesas,4318002,Despesas Empenhadas,12.367 - Educação Especial,2024,Total Geral da Despesa por Função
DCA-Anexo I-E,2024,DCA-Anexo I-E,TotalDespesas,4318002,Despesas Empenhadas,12.122 - Administração Geral,2024,Total Geral da Despesa por Função
DCA-Anexo I-E,2024,DCA-Anexo I-E,TotalDespesas,4318002,Despesas Empenhadas,13 - Cultura,2024,Total Geral da Despesa por Função
DCA-Anexo I-E,2024,DCA-Anexo I-E,TotalDespesas,4318002,Despesas Empenhadas,13.392 - Difusão Cultural,2024,Total Geral da Despesa por Função
DCA-Anexo I-E,2024,DCA-Anexo I-E,TotalDespesas,4318002,Despesas Empenhadas,14 - Direitos da Cidadania,2024,Total Geral da Despesa por Função
DCA-Anexo I-E,2024,DCA-Anexo I-E,TotalDespesas,4318002,Despesas Empenhadas,"14.422 - Direitos Individuais, Coletivos e Difusos",2024,Total Geral da Despesa por Função
DCA-Anexo I-E,2024,DCA-Anexo I-E,TotalDespesas,4318002,Despesas Empenhadas,FU14 - Demais Subfunções,2024,Total Geral da Despesa por Função
DCA-Anexo I-E,2024,DCA-Anexo I-E,TotalDespesas,4318002,Despesas Empenhadas,15 - Urbanismo,2024,Total Geral da Despesa por Função
DCA-Anexo I-E,2024,DCA-Anexo I-E,TotalDespesas,4318002,Despesas Empenhadas,15.451 - Infraestrutura Urbana,2024,Total Geral da Despesa por Função
DCA-Anexo I-E,2024,DCA-Anexo I-E,TotalDespesas,4318002,Despesas Empenhadas,15.452 - Serviços Urbanos,2024,Total Geral da Despesa por Função
DCA-Anexo I-E,2024,DCA-Anexo I-E,TotalDespesas,4318002,Despesas Empenhadas,15.453 - Transportes Coletivos Urbanos,2024,Total Geral da Despesa por Função
DCA-Anexo I-E,2024,DCA-Anexo I-E,TotalDespesas,4318002,Despesas Empenhadas,16 - Habitação,2024,Total Geral da Despesa por Função
DCA-Anexo I-E,2024,DCA-Anexo I-E,TotalDespesas,4318002,Despesas Empenhadas,16.482 - Habitação Urbana,2024,Total Geral da Despesa por Função
DCA-Anexo I-E,2024,DCA-Anexo I-E,TotalDespesas,4318002,Despesas Empenhadas,17 - Saneamento,2024,Total Geral da Despesa por Função
DCA-Anexo I-E,2024,DCA-Anexo I-E,TotalDespesas,4318002,Despesas Empenhadas,17.511 - Saneamento Básico Rural,2024,Total Geral da Despesa por Função
DCA-Anexo I-E,2024,DCA-Anexo I-E,TotalDespesas,4318002,Despesas Empenhadas,18 - Gestão Ambiental,2024,Total Geral da Despesa por Função
DCA-Anexo I-E,2024,DCA-Anexo I-E,TotalDespesas,4318002,Despesas Empenhadas,18.541 - Preservação e Conservação Ambiental,2024,Total Geral da Despesa por Função
DCA-Anexo I-E,2024,DCA-Anexo I-E,TotalDespesas,4318002,Despesas Empenhadas,20 - Agricultura,2024,Total Geral da Despesa por Função
DCA-Anexo I-E,2024,DCA-Anexo I-E,TotalDespesas,4318002,Despesas Empenhadas,20.606 - Extensão Rural,2024,Total Geral da Despesa por Função
DCA-Anexo I-E,2024,DCA-Anexo I-E,TotalDespesas,4318002,Despesas Empenhadas,20.122 - Administração Geral,2024,Total Geral da Despesa por Função
DCA-Anexo I-E,2024,DCA-Anexo I-E,TotalDespesas,4318002,Despesas Empenhadas,23 - Comércio e Serviços,2024,Total Geral da Despesa por Função
DCA-Anexo I-E,2024,DCA-Anexo I-E,TotalDespesas,4318002,Despesas Empenhadas,23.695 - Turismo,2024,Total Geral da Despesa por Função
DCA-Anexo I-E,2024,DCA-Anexo I-E,TotalDespesas,4318002,Despesas Empenhadas,26 - Transporte,2024,Total Geral da Despesa por Função
DCA-Anexo I-E,2024,DCA-Anexo I-E,TotalDespesas,4318002,Despesas Empenhadas,26.781 - Transporte Aéreo,2024,Total Geral da Despesa por Função
DCA-Anexo I-E,2024,DCA-Anexo I-E,TotalDespesas,4318002,Despesas Empenhadas,26.782 - Transporte Rodoviário,2024,Total Geral da Despesa por Função
DCA-Anexo I-E,2024,DCA-Anexo I-E,TotalDespesas,4318002,Despesas Empenhadas,27 - Desporto e Lazer,2024,Total Geral da Despesa por Função
DCA-Anexo I-E,2024,DCA-Anexo I-E,TotalDespesas,4318002,Despesas Empenhadas,27.811 - Desporto de Rendimento,2024,Total Geral da Despesa por Função
DCA-Anexo I-E,2024,DCA-Anexo I-E,TotalDespesas,4318002,Despesas Empenhadas,27.812 - Desporto Comunitário,2024,Total Geral da Despesa por Função
DCA-Anexo I-E,2024,DCA-Anexo I-E,TotalDespesas,4318002,Despesas Empenhadas,28 - Encargos Especiais,2024,Total Geral da Despesa por Função
DCA-Anexo I-E,2024,DCA-Anexo I-E,TotalDespesas,4318002,Despesas Empenhadas,28.843 - Serviço da Dívida Interna,2024,Total Geral da Despesa por Função
DCA-Anexo I-E,2024,DCA-Anexo I-E,TotalDespesas,4318002,Despesas Empenhadas,Despesas Intraorçamentárias,2024,Total Geral da Despesa por Função
DCA-Anexo I-E,2024,DCA-Anexo I-E,TotalDespesas,4318002,Despesas Liquidadas,Despesas Exceto Intraorçamentárias,2024,Total Geral da Despesa por Função
DCA-Anexo I-E,2024,DCA-Anexo I-E,TotalDespesas,4318002,Despesas Liquidadas,01 - Legislativa,2024,Total Geral da Despesa por Função
DCA-Anexo I-E,2024,DCA-Anexo I-E,TotalDespesas,4318002,Despesas Liquidadas,01.031 - Ação Legislativa,2024,Total Geral da Despesa por Função
DCA-Anexo I-E,2024,DCA-Anexo I-E,TotalDespesas,4318002,Despesas Liquidadas,04 - Administração,2024,Total Geral da Despesa por Função
DCA-Anexo I-E,2024,DCA-Anexo I-E,TotalDespesas,4318002,Despesas Liquidadas,04.121 - Planejamento e Orçamento,2024,Total Geral da Despesa por Função
DCA-Anexo I-E,2024,DCA-Anexo I-E,TotalDespesas,4318002,Despesas Liquidadas,04.122 - Administração Geral,2024,Total Geral da Despesa por Função
DCA-Anexo I-E,2024,DCA-Anexo I-E,TotalDespesas,4318002,Despesas Liquidadas,04.124 - Controle Interno,2024,Total Geral da Despesa por Função
DCA-Anexo I-E,2024,DCA-Anexo I-E,TotalDespesas,4318002,Despesas Liquidadas,04.126 - Tecnologia da Informação,2024,Total Geral da Despesa por Função
DCA-Anexo I-E,2024,DCA-Anexo I-E,TotalDespesas,4318002,Despesas Liquidadas,04.128 - Formação de Recursos Humanos,2024,Total Geral da Despesa por Função
DCA-Anexo I-E,2024,DCA-Anexo I-E,TotalDespesas,4318002,Despesas Liquidadas,04.129 - Administração de Receitas,2024,Total Geral da Despesa por Função
DCA-Anexo I-E,2024,DCA-Anexo I-E,TotalDespesas,4318002,Despesas Liquidadas,FU04 - Demais Subfunções,2024,Total Geral da Despesa por Função
DCA-Anexo I-E,2024,DCA-Anexo I-E,TotalDespesas,4318002,Despesas Liquidadas,06 - Segurança Pública,2024,Total Geral da Despesa por Função
DCA-Anexo I-E,2024,DCA-Anexo I-E,TotalDespesas,4318002,Despesas Liquidadas,06.181 - Policiamento,2024,Total Geral da Despesa por Função
DCA-Anexo I-E,2024,DCA-Anexo I-E,TotalDespesas,4318002,Despesas Liquidadas,06.182 - Defesa Civil,2024,Total Geral da Despesa por Função
DCA-Anexo I-E,2024,DCA-Anexo I-E,TotalDespesas,4318002,Despesas Liquidadas,08 - Assistência Social,2024,Total Geral da Despesa por Função
DCA-Anexo I-E,2024,DCA-Anexo I-E,TotalDespesas,4318002,Despesas Liquidadas,08.241 - Assistência ao Idoso,2024,Total Geral da Despesa por Função
DCA-Anexo I-E,2024,DCA-Anexo I-E,TotalDespesas,4318002,Despesas Liquidadas,08.243 - Assistência à Criança e ao Adolescente,2024,Total Geral da Despesa por Função
DCA-Anexo I-E,2024,DCA-Anexo I-E,TotalDespesas,4318002,Despesas Liquidadas,08.244 - Assistência Comunitária,2024,Total Geral da Despesa por Função
DCA-Anexo I-E,2024,DCA-Anexo I-E,TotalDespesas,4318002,Despesas Liquidadas,08.122 - Administração Geral,2024,Total Geral da Despesa por Função
DCA-Anexo I-E,2024,DCA-Anexo I-E,TotalDespesas,4318002,Despesas Liquidadas,09 - Previdência Social,2024,Total Geral da Despesa por Função
DCA-Anexo I-E,2024,DCA-Anexo I-E,TotalDespesas,4318002,Despesas Liquidadas,09.272 - Previdência do Regime Estatutário,2024,Total Geral da Despesa por Função
DCA-Anexo I-E,2024,DCA-Anexo I-E,TotalDespesas,4318002,Despesas Liquidadas,09.122 - Administração Geral,2024,Total Geral da Despesa por Função
DCA-Anexo I-E,2024,DCA-Anexo I-E,TotalDespesas,4318002,Despesas Liquidadas,10 - Saúde,2024,Total Geral da Despesa por Função
DCA-Anexo I-E,2024,DCA-Anexo I-E,TotalDespesas,4318002,Despesas Liquidadas,10.301 - Atenção Básica,2024,Total Geral da Despesa por Função
DCA-Anexo I-E,2024,DCA-Anexo I-E,TotalDespesas,4318002,Despesas Liquidadas,10.302 - Assistência Hospitalar e Ambulatorial,2024,Total Geral da Despesa por Função
DCA-Anexo I-E,2024,DCA-Anexo I-E,TotalDespesas,4318002,Despesas Liquidadas,10.303 - Suporte Profilático e Terapêutico,2024,Total Geral da Despesa por Função
DCA-Anexo I-E,2024,DCA-Anexo I-E,TotalDespesas,4318002,Despesas Liquidadas,10.304 - Vigilância Sanitária,2024,Total Geral da Despesa por Função
DCA-Anexo I-E,2024,DCA-Anexo I-E,TotalDespesas,4318002,Despesas Liquidadas,10.122 - Administração Geral,2024,Total Geral da Despesa por Função
DCA-Anexo I-E,2024,DCA-Anexo I-E,TotalDespesas,4318002,Despesas Liquidadas,11 - Trabalho,2024,Total Geral da Despesa por Função
DCA-Anexo I-E,2024,DCA-Anexo I-E,TotalDespesas,4318002,Despesas Liquidadas,11.334 - Fomento ao Trabalho,2024,Total Geral da Despesa por Função
DCA-Anexo I-E,2024,DCA-Anexo I-E,TotalDespesas,4318002,Despesas Liquidadas,12 - Educação,2024,Total Geral da Despesa por Função
DCA-Anexo I-E,2024,DCA-Anexo I-E,TotalDespesas,4318002,Despesas Liquidadas,12.361 - Ensino Fundamental,2024,Total Geral da Despesa por Função
DCA-Anexo I-E,2024,DCA-Anexo I-E,TotalDespesas,4318002,Despesas Liquidadas,12.362 - Ensino Médio,2024,Total Geral da Despesa por Função
DCA-Anexo I-E,2024,DCA-Anexo I-E,TotalDespesas,4318002,Despesas Liquidadas,12.365 - Educação Infantil,2024,Total Geral da Despesa por Função
DCA-Anexo I-E,2024,DCA-Anexo I-E,TotalDespesas,4318002,Despesas Liquidadas,12.366 - Educação de Jovens e Adultos,2024,Total Geral da Despesa por Função
DCA-Anexo I-E,2024,DCA-Anexo I-E,TotalDespesas,4318002,Despesas Liquidadas,12.367 - Educação Especial,2024,Total Geral da Despesa por Função
DCA-Anexo I-E,2024,DCA-Anexo I-E,TotalDespesas,4318002,Despesas Liquidadas,12.122 - Administração Geral,2024,Total Geral da Despesa por Função
DCA-Anexo I-E,2024,DCA-Anexo I-E,TotalDespesas,4318002,Despesas Liquidadas,13 - Cultura,2024,Total Geral da Despesa por Função
DCA-Anexo I-E,2024,DCA-Anexo I-E,TotalDespesas,4318002,Despesas Liquidadas,13.392 - Difusão Cultural,2024,Total Geral da Despesa por Função
DCA-Anexo I-E,2024,DCA-Anexo I-E,TotalDespesas,4318002,Despesas Liquidadas,14 - Direitos da Cidadania,2024,Total Geral da Despesa por Função
DCA-Anexo I-E,2024,DCA-Anexo I-E,TotalDespesas,4318002,Despesas Liquidadas,"14.422 - Direitos Individuais, Coletivos e Difusos",2024,Total Geral da Despesa por Função
DCA-Anexo I-E,2024,DCA-Anexo I-E,TotalDespesas,4318002,Despesas Liquidadas,FU14 - Demais Subfunções,2024,Total Geral da Despesa por Função
DCA-Anexo I-E,2024,DCA-Anexo I-E,TotalDespesas,4318002,Despesas Liquidadas,15 - Urbanismo,2024,Total Geral da Despesa por Função
DCA-Anexo I-E,2024,DCA-Anexo I-E,TotalDespesas,4318002,Despesas Liquidadas,15.451 - Infraestrutura Urbana,2024,Total Geral da Despesa por Função
DCA-Anexo I-E,2024,DCA-Anexo I-E,TotalDespesas,4318002,Despesas Liquidadas,15.452 - Serviços Urbanos,2024,Total Geral da Despesa por Função
DCA-Anexo I-E,2024,DCA-Anexo I-E,TotalDespesas,4318002,Despesas Liquidadas,15.453 - Transportes Coletivos Urbanos,2024,Total Geral da Despesa por Função
DCA-Anexo I-E,2024,DCA-Anexo I-E,TotalDespesas,4318002,Despesas Liquidadas,16 - Habitação,2024,Total Geral da Despesa por Função
DCA-Anexo I-E,2024,DCA-Anexo I-E,TotalDespesas,4318002,Despesas Liquidadas,16.482 - Habitação Urbana,2024,Total Geral da Despesa por Função
DCA-Anexo I-E,2024,DCA-Anexo I-E,TotalDespesas,4318002,Despesas Liquidadas,17 - Saneamento,2024,Total Geral da Despesa por Função
DCA-Anexo I-E,2024,DCA-Anexo I-E,TotalDespesas,4318002,Despesas Liquidadas,17.511 - Saneamento Básico Rural,2024,Total Geral da Despesa por Função
DCA-Anexo I-E,2024,DCA-Anexo I-E,TotalDespesas,4318002,Despesas Liquidadas,18 - Gestão Ambiental,2024,Total Geral da Despesa por Função
DCA-Anexo I-E,2024,DCA-Anexo I-E,TotalDespesas,4318002,Despesas Liquidadas,18.541 - Preservação e Conservação Ambiental,2024,Total Geral da Despesa por Função
DCA-Anexo I-E,2024,DCA-Anexo I-E,TotalDespesas,4318002,Despesas Liquidadas,20 - Agricultura,2024,Total Geral da Despesa por Função
DCA-Anexo I-E,2024,DCA-Anexo I-E,TotalDespesas,4318002,Despesas Liquidadas,20.606 - Extensão Rural,2024,Total Geral da Despesa por Função
DCA-Anexo I-E,2024,DCA-Anexo I-E,TotalDespesas,4318002,Despesas Liquidadas,20.122 - Administração Geral,2024,Total Geral da Despesa por Função
DCA-Anexo I-E,2024,DCA-Anexo I-E,TotalDespesas,4318002,Despesas Liquidadas,23 - Comércio e Serviços,2024,Total Geral da Despesa por Função
DCA-Anexo I-E,2024,DCA-Anexo I-E,TotalDespesas,4318002,Despesas Liquidadas,23.695 - Turismo,2024,Total Geral da Despesa por Função
DCA-Anexo I-E,2024,DCA-Anexo I-E,TotalDespesas,4318002,Despesas Liquidadas,26 - Transporte,2024,Total Geral da Despesa por Função
DCA-Anexo I-E,2024,DCA-Anexo I-E,TotalDespesas,4318002,Despesas Liquidadas,26.781 - Transporte Aéreo,2024,Total Geral da Despesa por Função
DCA-Anexo I-E,2024,DCA-Anexo I-E,TotalDespesas,4318002,Despesas Liquidadas,26.782 - Transporte Rodoviário,2024,Total Geral da Despesa por Função
DCA-Anexo I-E,2024,DCA-Anexo I-E,TotalDespesas,4318002,Despesas Liquidadas,27 - Desporto e Lazer,2024,Total Geral da Despesa por Função
DCA-Anexo I-E,2024,DCA-Anexo I-E,TotalDespesas,4318002,Despesas Liquidadas,27.811 - Desporto de Rendimento,2024,Total Geral da Despesa por Função
DCA-Anexo I-E,2024,DCA-Anexo I-E,TotalDespesas,4318002,Despesas Liquidadas,27.812 - Desporto Comunitário,2024,Total Geral da Despesa por Função
DCA-Anexo I-E,2024,DCA-Anexo I-E,TotalDespesas,4318002,Despesas Liquidadas,28 - Encargos Especiais,2024,Total Geral da Despesa por Função
DCA-Anexo I-E,2024,DCA-Anexo I-E,TotalDespesas,4318002,Despesas Liquidadas,28.843 - Serviço da Dívida Interna,2024,Total Geral da Despesa por Função
DCA-Anexo I-E,2024,DCA-Anexo I-E,TotalDespesas,4318002,Despesas Liquidadas,Despesas Intraorçamentárias,2024,Total Geral da Despesa por Função
DCA-Anexo I-E,2024,DCA-Anexo I-E,TotalDespesas,4318002,Despesas Pagas,Despesas Exceto Intraorçamentárias,2024,Total Geral da Despesa por Função
DCA-Anexo I-E,2024,DCA-Anexo I-E,TotalDespesas,4318002,Despesas Pagas,01 - Legislativa,2024,Total Geral da Despesa por Função
DCA-Anexo I-E,2024,DCA-Anexo I-E,TotalDespesas,4318002,Despesas Pagas,01.031 - Ação Legislativa,2024,Total Geral da Despesa por Função
DCA-Anexo I-E,2024,DCA-Anexo I-E,TotalDespesas,4318002,Despesas Pagas,04 - Administração,2024,Total Geral da Despesa por Função
DCA-Anexo I-E,2024,DCA-Anexo I-E,TotalDespesas,4318002,Despesas Pagas,04.121 - Planejamento e Orçamento,2024,Total Geral da Despesa por Função
DCA-Anexo I-E,2024,DCA-Anexo I-E,TotalDespesas,4318002,Despesas Pagas,04.122 - Administração Geral,2024,Total Geral da Despesa por Função
DCA-Anexo I-E,2024,DCA-Anexo I-E,TotalDespesas,4318002,Despesas Pagas,04.124 - Controle Interno,2024,Total Geral da Despesa por Função
DCA-Anexo I-E,2024,DCA-Anexo I-E,TotalDespesas,4318002,Despesas Pagas,04.126 - Tecnologia da Informação,2024,Total Geral da Despesa por Função
DCA-Anexo I-E,2024,DCA-Anexo I-E,TotalDespesas,4318002,Despesas Pagas,04.128 - Formação de Recursos Humanos,2024,Total Geral da Despesa por Função
DCA-Anexo I-E,2024,DCA-Anexo I-E,TotalDespesas,4318002,Despesas Pagas,04.129 - Administração de Receitas,2024,Total Geral da Despesa por Função
DCA-Anexo I-E,2024,DCA-Anexo I-E,TotalDespesas,4318002,Despesas Pagas,FU04 - Demais Subfunções,2024,Total Geral da Despesa por Função
DCA-Anexo I-E,2024,DCA-Anexo I-E,TotalDespesas,4318002,Despesas Pagas,06 - Segurança Pública,2024,Total Geral da Despesa por Função
DCA-Anexo I-E,2024,DCA-Anexo I-E,TotalDespesas,4318002,Despesas Pagas,06.181 - Policiamento,2024,Total Geral da Despesa por Função
DCA-Anexo I-E,2024,DCA-Anexo I-E,TotalDespesas,4318002,Despesas Pagas,06.182 - Defesa Civil,2024,Total Geral da Despesa por Função
DCA-Anexo I-E,2024,DCA-Anexo I-E,TotalDespesas,4318002,Despesas Pagas,08 - Assistência Social,2024,Total Geral da Despesa por Função
DCA-Anexo I-E,2024,DCA-Anexo I-E,TotalDespesas,4318002,Despesas Pagas,08.241 - Assistência ao Idoso,2024,Total Geral da Despesa por Função
DCA-Anexo I-E,2024,DCA-Anexo I-E,TotalDespesas,4318002,Despesas Pagas,08.243 - Assistência à Criança e ao Adolescente,2024,Total Geral da Despesa por Função
DCA-Anexo I-E,2024,DCA-Anexo I-E,TotalDespesas,4318002,Despesas Pagas,08.244 - Assistência Comunitária,2024,Total Geral da Despesa por Função
DCA-Anexo I-E,2024,DCA-Anexo I-E,TotalDespesas,4318002,Despesas Pagas,08.122 - Administração Geral,2024,Total Geral da Despesa por Função
DCA-Anexo I-E,2024,DCA-Anexo I-E,TotalDespesas,4318002,Despesas Pagas,09 - Previdência Social,2024,Total Geral da Despesa por Função
DCA-Anexo I-E,2024,DCA-Anexo I-E,TotalDespesas,4318002,Despesas Pagas,09.272 - Previdência do Regime Estatutário,2024,Total Geral da Despesa por Função
DCA-Anexo I-E,2024,DCA-Anexo I-E,TotalDespesas,4318002,Despesas Pagas,09.122 - Administração Geral,2024,Total Geral da Despesa por Função
DCA-Anexo I-E,2024,DCA-Anexo I-E,TotalDespesas,4318002,Despesas Pagas,10 - Saúde,2024,Total Geral da Despesa por Função
DCA-Anexo I-E,2024,DCA-Anexo I-E,TotalDespesas,4318002,Despesas Pagas,10.301 - Atenção Básica,2024,Total Geral da Despesa por Função
DCA-Anexo I-E,2024,DCA-Anexo I-E,TotalDespesas,4318002,Despesas Pagas,10.302 - Assistência Hospitalar e Ambulatorial,2024,Total Geral da Despesa por Função
DCA-Anexo I-E,2024,DCA-Anexo I-E,TotalDespesas,4318002,Despesas Pagas,10.303 - Suporte Profilático e Terapêutico,2024,Total Geral da Despesa por Função
DCA-Anexo I-E,2024,DCA-Anexo I-E,TotalDespesas,4318002,Despesas Pagas,10.304 - Vigilância Sanitária,2024,Total Geral da Despesa por Função
DCA-Anexo I-E,2024,DCA-Anexo I-E,TotalDespesas,4318002,Despesas Pagas,10.122 - Administração Geral,2024,Total Geral da Despesa por Função
DCA-Anexo I-E,2024,DCA-Anexo I-E,TotalDespesas,4318002,Despesas Pagas,11 - Trabalho,2024,Total Geral da Despesa por Função
DCA-Anexo I-E,2024,DCA-Anexo I-E,TotalDespesas,4318002,Despesas Pagas,11.334 - Fomento ao Trabalho,2024,Total Geral da Despesa por Função
DCA-Anexo I-E,2024,DCA-Anexo I-E,TotalDespesas,4318002,Despesas Pagas,12 - Educação,2024,Total Geral da Despesa por Função
DCA-Anexo I-E,2024,DCA-Anexo I-E,TotalDespesas,4318002,Despesas Pagas,12.361 - Ensino Fundamental,2024,Total Geral da Despesa por Função
DCA-Anexo I-E,2024,DCA-Anexo I-E,TotalDespesas,4318002,Despesas Pagas,12.362 - Ensino Médio,2024,Total Geral da Despesa por Função
DCA-Anexo I-E,2024,DCA-Anexo I-E,TotalDespesas,4318002,Despesas Pagas,12.365 - Educação Infantil,2024,Total Geral da Despesa por Função
DCA-Anexo I-E,2024,DCA-Anexo I-E,TotalDespesas,4318002,Despesas Pagas,12.366 - Educação de Jovens e Adultos,2024,Total Geral da Despesa por Função
DCA-Anexo I-E,2024,DCA-Anexo I-E,TotalDespesas,4318002,Despesas Pagas,12.367 - Educação Especial,2024,Total Geral da Despesa por Função
DCA-Anexo I-E,2024,DCA-Anexo I-E,TotalDespesas,4318002,Despesas Pagas,12.122 - Administração Geral,2024,Total Geral da Despesa por Função
DCA-Anexo I-E,2024,DCA-Anexo I-E,TotalDespesas,4318002,Despesas Pagas,13 - Cultura,2024,Total Geral da Despesa por Função
DCA-Anexo I-E,2024,DCA-Anexo I-E,TotalDespesas,4318002,Despesas Pagas,13.392 - Difusão Cultural,2024,Total Geral da Despesa por Função
DCA-Anexo I-E,2024,DCA-Anexo I-E,TotalDespesas,4318002,Despesas Pagas,14 - Direitos da Cidadania,2024,Total Geral da Despesa por Função
DCA-Anexo I-E,2024,DCA-Anexo I-E,TotalDespesas,4318002,Despesas Pagas,"14.422 - Direitos Individuais, Coletivos e Difusos",2024,Total Geral da Despesa por Função
DCA-Anexo I-E,2024,DCA-Anexo I-E,TotalDespesas,4318002,Despesas Pagas,FU14 - Demais Subfunções,2024,Total Geral da Despesa por Função
DCA-Anexo I-E,2024,DCA-Anexo I-E,TotalDespesas,4318002,Despesas Pagas,15 - Urbanismo,2024,Total Geral da Despesa por Função
DCA-Anexo I-E,2024,DCA-Anexo I-E,TotalDespesas,4318002,Despesas Pagas,15.451 - Infraestrutura Urbana,2024,Total Geral da Despesa por Função
DCA-Anexo I-E,2024,DCA-Anexo I-E,TotalDespesas,4318002,Despesas Pagas,15.452 - Serviços Urbanos,2024,Total Geral da Despesa por Função
DCA-Anexo I-E,2024,DCA-Anexo I-E,TotalDespesas,4318002,Despesas Pagas,15.453 - Transportes Coletivos Urbanos,2024,Total Geral da Despesa por Função
DCA-Anexo I-E,2024,DCA-Anexo I-E,TotalDespesas,4318002,Despesas Pagas,16 - Habitação,2024,Total Geral da Despesa por Função
DCA-Anexo I-E,2024,DCA-Anexo I-E,TotalDespesas,4318002,Despesas Pagas,16.482 - Habitação Urbana,2024,Total Geral da Despesa por Função
DCA-Anexo I-E,2024,DCA-Anexo I-E,TotalDespesas,4318002,Despesas Pagas,17 - Saneamento,2024,Total Geral da Despesa por Função
DCA-Anexo I-E,2024,DCA-Anexo I-E,TotalDespesas,4318002,Despesas Pagas,17.511 - Saneamento Básico Rural,2024,Total Geral da Despesa por Função
DCA-Anexo I-E,2024,DCA-Anexo I-E,TotalDespesas,4318002,Despesas Pagas,18 - Gestão Ambiental,2024,Total Geral da Despesa por Função
DCA-Anexo I-E,2024,DCA-Anexo I-E,TotalDespesas,4318002,Despesas Pagas,18.541 - Preservação e Conservação Ambiental,2024,Total Geral da Despesa por Função
DCA-Anexo I-E,2024,DCA-Anexo I-E,TotalDespesas,4318002,Despesas Pagas,20 - Agricultura,2024,Total Geral da Despesa por Função
DCA-Anexo I-E,2024,DCA-Anexo I-E,TotalDespesas,4318002,Despesas Pagas,20.606 - Extensão Rural,2024,Total Geral da Despesa por Função
DCA-Anexo I-E,2024,DCA-Anexo I-E,TotalDespesas,4318002,Despesas Pagas,20.122 - Administração Geral,2024,Total Geral da Despesa por Função
DCA-Anexo I-E,2024,DCA-Anexo I-E,TotalDespesas,4318002,Despesas Pagas,23 - Comércio e Serviços,2024,Total Geral da Despesa por Função
DCA-Anexo I-E,2024,DCA-Anexo I-E,TotalDespesas,4318002,Despesas Pagas,23.695 - Turismo,2024,Total Geral da Despesa por Função
DCA-Anexo I-E,2024,DCA-Anexo I-E,TotalDespesas,4318002,Despesas Pagas,26 - Transporte,2024,Total Geral da Despesa por Função
DCA-Anexo I-E,2024,DCA-Anexo I-E,TotalDespesas,4318002,Despesas Pagas,26.781 - Transporte Aéreo,2024,Total Geral da Despesa por Função
DCA-Anexo I-E,2024,DCA-Anexo I-E,TotalDespesas,4318002,Despesas Pagas,26.782 - Transporte Rodoviário,2024,Total Geral da Despesa por Função
DCA-Anexo I-E,2024,DCA-Anexo I-E,TotalDespesas,4318002,Despesas Pagas,27 - Desporto e Lazer,2024,Total Geral da Despesa por Função
DCA-Anexo I-E,2024,DCA-Anexo I-E,TotalDespesas,4318002,Despesas Pagas,27.811 - Desporto de Rendimento,2024,Total Geral da Despesa por Função
DCA-Anexo I-E,2024,DCA-Anexo I-E,TotalDespesas,4318002,Despesas Pagas,27.812 - Desporto Comunitário,2024,Total Geral da Despesa por Função
DCA-Anexo I-E,2024,DCA-Anexo I-E,TotalDespesas,4318002,Despesas Pagas,28 - Encargos Especiais,2024,Total Geral da Despesa por Função
DCA-Anexo I-E,2024,DCA-Anexo I-E,TotalDespesas,4318002,Despesas Pagas,28.843 - Serviço da Dívida Interna,2024,Total Geral da Despesa por Função
DCA-Anexo I-E,2024,DCA-Anexo I-E,TotalDespesas,4318002,Despesas Pagas,Despesas Intraorçamentárias,2024,Total Geral da Despesa por Função
DCA-Anexo I-E,2024,DCA-Anexo I-E,TotalDespesas,4318002,Inscrição de Restos a Pagar Não Processados,Despesas Exceto Intraorçamentárias,2024,Total Geral da Despesa por Função
DCA-Anexo I-E,2024,DCA-Anexo I-E,TotalDespesas,4318002,Inscrição de Restos a Pagar Não Processados,01 - Legislativa,2024,Total Geral da Despesa por Função
DCA-Anexo I-E,2024,DCA-Anexo I-E,TotalDespesas,4318002,Inscrição de Restos a Pagar Não Processados,01.031 - Ação Legislativa,2024,Total Geral da Despesa por Função
DCA-Anexo I-E,2024,DCA-Anexo I-E,TotalDespesas,4318002,Inscrição de Restos a Pagar Não Processados,04 - Administração,2024,Total Geral da Despesa por Função
DCA-Anexo I-E,2024,DCA-Anexo I-E,TotalDespesas,4318002,Inscrição de Restos a Pagar Não Processados,04.121 - Planejamento e Orçamento,2024,Total Geral da Despesa por Função
DCA-Anexo I-E,2024,DCA-Anexo I-E,TotalDespesas,4318002,Inscrição de Restos a Pagar Não Processados,04.122 - Administração Geral,2024,Total Geral da Despesa por Função
DCA-Anexo I-E,2024,DCA-Anexo I-E,TotalDespesas,4318002,Inscrição de Restos a Pagar Não Processados,04.126 - Tecnologia da Informação,2024,Total Geral da Despesa por Função
DCA-Anexo I-E,2024,DCA-Anexo I-E,TotalDespesas,4318002,Inscrição de Restos a Pagar Não Processados,04.128 - Formação de Recursos Humanos,2024,Total Geral da Despesa por Função
DCA-Anexo I-E,2024,DCA-Anexo I-E,TotalDespesas,4318002,Inscrição de Restos a Pagar Não Processados,04.129 - Administração de Receitas,2024,Total Geral da Despesa por Função
DCA-Anexo I-E,2024,DCA-Anexo I-E,TotalDespesas,4318002,Inscrição de Restos a Pagar Não Processados,06 - Segurança Pública,2024,Total Geral da Despesa por Função
DCA-Anexo I-E,2024,DCA-Anexo I-E,TotalDespesas,4318002,Inscrição de Restos a Pagar Não Processados,06.181 - Policiamento,2024,Total Geral da Despesa por Função
DCA-Anexo I-E,2024,DCA-Anexo I-E,TotalDespesas,4318002,Inscrição de Restos a Pagar Não Processados,08 - Assistência Social,2024,Total Geral da Despesa por Função
DCA-Anexo I-E,2024,DCA-Anexo I-E,TotalDespesas,4318002,Inscrição de Restos a Pagar Não Processados,08.243 - Assistência à Criança e ao Adolescente,2024,Total Geral da Despesa por Função
DCA-Anexo I-E,2024,DCA-Anexo I-E,TotalDespesas,4318002,Inscrição de Restos a Pagar Não Processados,08.244 - Assistência Comunitária,2024,Total Geral da Despesa por Função
DCA-Anexo I-E,2024,DCA-Anexo I-E,TotalDespesas,4318002,Inscrição de Restos a Pagar Não Processados,10 - Saúde,2024,Total Geral da Despesa por Função
DCA-Anexo I-E,2024,DCA-Anexo I-E,TotalDespesas,4318002,Inscrição de Restos a Pagar Não Processados,10.301 - Atenção Básica,2024,Total Geral da Despesa por Função
DCA-Anexo I-E,2024,DCA-Anexo I-E,TotalDespesas,4318002,Inscrição de Restos a Pagar Não Processados,10.302 - Assistência Hospitalar e Ambulatorial,2024,Total Geral da Despesa por Função
DCA-Anexo I-E,2024,DCA-Anexo I-E,TotalDespesas,4318002,Inscrição de Restos a Pagar Não Processados,10.303 - Suporte Profilático e Terapêutico,2024,Total Geral da Despesa por Função
DCA-Anexo I-E,2024,DCA-Anexo I-E,TotalDespesas,4318002,Inscrição de Restos a Pagar Não Processados,10.304 - Vigilância Sanitária,2024,Total Geral da Despesa por Função
DCA-Anexo I-E,2024,DCA-Anexo I-E,TotalDespesas,4318002,Inscrição de Restos a Pagar Não Processados,10.122 - Administração Geral,2024,Total Geral da Despesa por Função
DCA-Anexo I-E,2024,DCA-Anexo I-E,TotalDespesas,4318002,Inscrição de Restos a Pagar Não Processados,11 - Trabalho,2024,Total Geral da Despesa por Função
DCA-Anexo I-E,2024,DCA-Anexo I-E,TotalDespesas,4318002,Inscrição de Restos a Pagar Não Processados,11.334 - Fomento ao Trabalho,2024,Total Geral da Despesa por Função
DCA-Anexo I-E,2024,DCA-Anexo I-E,TotalDespesas,4318002,Inscrição de Restos a Pagar Não Processados,12 - Educação,2024,Total Geral da Despesa por Função
DCA-Anexo I-E,2024,DCA-Anexo I-E,TotalDespesas,4318002,Inscrição de Restos a Pagar Não Processados,12.361 - Ensino Fundamental,2024,Total Geral da Despesa por Função
DCA-Anexo I-E,2024,DCA-Anexo I-E,TotalDespesas,4318002,Inscrição de Restos a Pagar Não Processados,12.362 - Ensino Médio,2024,Total Geral da Despesa por Função
DCA-Anexo I-E,2024,DCA-Anexo I-E,TotalDespesas,4318002,Inscrição de Restos a Pagar Não Processados,12.365 - Educação Infantil,2024,Total Geral da Despesa por Função
DCA-Anexo I-E,2024,DCA-Anexo I-E,TotalDespesas,4318002,Inscrição de Restos a Pagar Não Processados,12.366 - Educação de Jovens e Adultos,2024,Total Geral da Despesa por Função
DCA-Anexo I-E,2024,DCA-Anexo I-E,TotalDespesas,4318002,Inscrição de Restos a Pagar Não Processados,12.122 - Administração Geral,2024,Total Geral da Despesa por Função
DCA-Anexo I-E,2024,DCA-Anexo I-E,TotalDespesas,4318002,Inscrição de Restos a Pagar Não Processados,13 - Cultura,2024,Total Geral da Despesa por Função
DCA-Anexo I-E,2024,DCA-Anexo I-E,TotalDespesas,4318002,Inscrição de Restos a Pagar Não Processados,13.392 - Difusão Cultural,2024,Total Geral da Despesa por Função
DCA-Anexo I-E,2024,DCA-Anexo I-E,TotalDespesas,4318002,Inscrição de Restos a Pagar Não Processados,14 - Direitos da Cidadania,2024,Total Geral da Despesa por Função
DCA-Anexo I-E,2024,DCA-Anexo I-E,TotalDespesas,4318002,Inscrição de Restos a Pagar Não Processados,"14.422 - Direitos Individuais, Coletivos e Difusos",2024,Total Geral da Despesa por Função
DCA-Anexo I-E,2024,DCA-Anexo I-E,TotalDespesas,4318002,Inscrição de Restos a Pagar Não Processados,15 - Urbanismo,2024,Total Geral da Despesa por Função
DCA-Anexo I-E,2024,DCA-Anexo I-E,TotalDespesas,4318002,Inscrição de Restos a Pagar Não Processados,15.451 - Infraestrutura Urbana,2024,Total Geral da Despesa por Função
DCA-Anexo I-E,2024,DCA-Anexo I-E,TotalDespesas,4318002,Inscrição de Restos a Pagar Não Processados,15.452 - Serviços Urbanos,2024,Total Geral da Despesa por Função
DCA-Anexo I-E,2024,DCA-Anexo I-E,TotalDespesas,4318002,Inscrição de Restos a Pagar Não Processados,16 - Habitação,2024,Total Geral da Despesa por Função
DCA-Anexo I-E,2024,DCA-Anexo I-E,TotalDespesas,4318002,Inscrição de Restos a Pagar Não Processados,16.482 - Habitação Urbana,2024,Total Geral da Despesa por Função
DCA-Anexo I-E,2024,DCA-Anexo I-E,TotalDespesas,4318002,Inscrição de Restos a Pagar Não Processados,17 - Saneamento,2024,Total Geral da Despesa por Função
DCA-Anexo I-E,2024,DCA-Anexo I-E,TotalDespesas,4318002,Inscrição de Restos a Pagar Não Processados,17.511 - Saneamento Básico Rural,2024,Total Geral da Despesa por Função
DCA-Anexo I-E,2024,DCA-Anexo I-E,TotalDespesas,4318002,Inscrição de Restos a Pagar Não Processados,18 - Gestão Ambiental,2024,Total Geral da Despesa por Função
DCA-Anexo I-E,2024,DCA-Anexo I-E,TotalDespesas,4318002,Inscrição de Restos a Pagar Não Processados,18.541 - Preservação e Conservação Ambiental,2024,Total Geral da Despesa por Função
DCA-Anexo I-E,2024,DCA-Anexo I-E,TotalDespesas,4318002,Inscrição de Restos a Pagar Não Processados,20 - Agricultura,2024,Total Geral da Despesa por Função
DCA-Anexo I-E,2024,DCA-Anexo I-E,TotalDespesas,4318002,Inscrição de Restos a Pagar Não Processados,20.606 - Extensão Rural,2024,Total Geral da Despesa por Função
DCA-Anexo I-E,2024,DCA-Anexo I-E,TotalDespesas,4318002,Inscrição de Restos a Pagar Não Processados,23 - Comércio e Serviços,2024,Total Geral da Despesa por Função
DCA-Anexo I-E,2024,DCA-Anexo I-E,TotalDespesas,4318002,Inscrição de Restos a Pagar Não Processados,23.695 - Turismo,2024,Total Geral da Despesa por Função
DCA-Anexo I-E,2024,DCA-Anexo I-E,TotalDespesas,4318002,Inscrição de Restos a Pagar Não Processados,26 - Transporte,2024,Total Geral da Despesa por Função
DCA-Anexo I-E,2024,DCA-Anexo I-E,TotalDespesas,4318002,Inscrição de Restos a Pagar Não Processados,26.781 - Transporte Aéreo,2024,Total Geral da Despesa por Função
DCA-Anexo I-E,2024,DCA-Anexo I-E,TotalDespesas,4318002,Inscrição de Restos a Pagar Não Processados,26.782 - Transporte Rodoviário,2024,Total Geral da Despesa por Função
DCA-Anexo I-E,2024,DCA-Anexo I-E,TotalDespesas,4318002,Inscrição de Restos a Pagar Não Processados,27 - Desporto e Lazer,2024,Total Geral da Despesa por Função
DCA-Anexo I-E,2024,DCA-Anexo I-E,TotalDespesas,4318002,Inscrição de Restos a Pagar Não Processados,27.811 - Desporto de Rendimento,2024,Total Geral da Despesa por Função
DCA-Anexo I-E,2024,DCA-Anexo I-E,TotalDespesas,4318002,Inscrição de Restos a Pagar Não Processados,27.812 - Desporto Comunitário,2024,Total Geral da Despesa por Função
DCA-Anexo I-E,2024,DCA-Anexo I-E,TotalDespesas,4318002,Inscrição de Restos a Pagar Processados,Despesas Exceto Intraorçamentárias,2024,Total Geral da Despesa por Função
DCA-Anexo I-E,2024,DCA-Anexo I-E,TotalDespesas,4318002,Inscrição de Restos a Pagar Processados,04 - Administração,2024,Total Geral da Despesa por Função
DCA-Anexo I-E,2024,DCA-Anexo I-E,TotalDespesas,4318002,Inscrição de Restos a Pagar Processados,04.121 - Planejamento e Orçamento,2024,Total Geral da Despesa por Função
DCA-Anexo I-E,2024,DCA-Anexo I-E,TotalDespesas,4318002,Inscrição de Restos a Pagar Processados,04.122 - Administração Geral,2024,Total Geral da Despesa por Função
DCA-Anexo I-E,2024,DCA-Anexo I-E,TotalDespesas,4318002,Inscrição de Restos a Pagar Processados,04.124 - Controle Interno,2024,Total Geral da Despesa por Função
DCA-Anexo I-E,2024,DCA-Anexo I-E,TotalDespesas,4318002,Inscrição de Restos a Pagar Processados,04.128 - Formação de Recursos Humanos,2024,Total Geral da Despesa por Função
DCA-Anexo I-E,2024,DCA-Anexo I-E,TotalDespesas,4318002,Inscrição de Restos a Pagar Processados,06 - Segurança Pública,2024,Total Geral da Despesa por Função
DCA-Anexo I-E,2024,DCA-Anexo I-E,TotalDespesas,4318002,Inscrição de Restos a Pagar Processados,06.181 - Policiamento,2024,Total Geral da Despesa por Função
DCA-Anexo I-E,2024,DCA-Anexo I-E,TotalDespesas,4318002,Inscrição de Restos a Pagar Processados,06.182 - Defesa Civil,2024,Total Geral da Despesa por Função
DCA-Anexo I-E,2024,DCA-Anexo I-E,TotalDespesas,4318002,Inscrição de Restos a Pagar Processados,08 - Assistência Social,2024,Total Geral da Despesa por Função
DCA-Anexo I-E,2024,DCA-Anexo I-E,TotalDespesas,4318002,Inscrição de Restos a Pagar Processados,08.243 - Assistência à Criança e ao Adolescente,2024,Total Geral da Despesa por Função
DCA-Anexo I-E,2024,DCA-Anexo I-E,TotalDespesas,4318002,Inscrição de Restos a Pagar Processados,08.244 - Assistência Comunitária,2024,Total Geral da Despesa por Função
DCA-Anexo I-E,2024,DCA-Anexo I-E,TotalDespesas,4318002,Inscrição de Restos a Pagar Processados,08.122 - Administração Geral,2024,Total Geral da Despesa por Função
DCA-Anexo I-E,2024,DCA-Anexo I-E,TotalDespesas,4318002,Inscrição de Restos a Pagar Processados,10 - Saúde,2024,Total Geral da Despesa por Função
DCA-Anexo I-E,2024,DCA-Anexo I-E,TotalDespesas,4318002,Inscrição de Restos a Pagar Processados,10.301 - Atenção Básica,2024,Total Geral da Despesa por Função
DCA-Anexo I-E,2024,DCA-Anexo I-E,TotalDespesas,4318002,Inscrição de Restos a Pagar Processados,10.302 - Assistência Hospitalar e Ambulatorial,2024,Total Geral da Despesa por Função
DCA-Anexo I-E,2024,DCA-Anexo I-E,TotalDespesas,4318002,Inscrição de Restos a Pagar Processados,10.303 - Suporte Profilático e Terapêutico,2024,Total Geral da Despesa por Função
DCA-Anexo I-E,2024,DCA-Anexo I-E,TotalDespesas,4318002,Inscrição de Restos a Pagar Processados,10.304 - Vigilância Sanitária,2024,Total Geral da Despesa por Função
DCA-Anexo I-E,2024,DCA-Anexo I-E,TotalDespesas,4318002,Inscrição de Restos a Pagar Processados,10.122 - Administração Geral,2024,Total Geral da Despesa por Função
DCA-Anexo I-E,2024,DCA-Anexo I-E,TotalDespesas,4318002,Inscrição de Restos a Pagar Processados,12 - Educação,2024,Total Geral da Despesa por Função
DCA-Anexo I-E,2024,DCA-Anexo I-E,TotalDespesas,4318002,Inscrição de Restos a Pagar Processados,12.361 - Ensino Fundamental,2024,Total Geral da Despesa por Função
DCA-Anexo I-E,2024,DCA-Anexo I-E,TotalDespesas,4318002,Inscrição de Restos a Pagar Processados,12.365 - Educação Infantil,2024,Total Geral da Despesa por Função
DCA-Anexo I-E,2024,DCA-Anexo I-E,TotalDespesas,4318002,Inscrição de Restos a Pagar Processados,12.366 - Educação de Jovens e Adultos,2024,Total Geral da Despesa por Função
DCA-Anexo I-E,2024,DCA-Anexo I-E,TotalDespesas,4318002,Inscrição de Restos a Pagar Processados,12.122 - Administração Geral,2024,Total Geral da Despesa por Função
DCA-Anexo I-E,2024,DCA-Anexo I-E,TotalDespesas,4318002,Inscrição de Restos a Pagar Processados,13 - Cultura,2024,Total Geral da Despesa por Função
DCA-Anexo I-E,2024,DCA-Anexo I-E,TotalDespesas,4318002,Inscrição de Restos a Pagar Processados,13.392 - Difusão Cultural,2024,Total Geral da Despesa por Função
DCA-Anexo I-E,2024,DCA-Anexo I-E,TotalDespesas,4318002,Inscrição de Restos a Pagar Processados,15 - Urbanismo,2024,Total Geral da Despesa por Função
DCA-Anexo I-E,2024,DCA-Anexo I-E,TotalDespesas,4318002,Inscrição de Restos a Pagar Processados,15.451 - Infraestrutura Urbana,2024,Total Geral da Despesa por Função
DCA-Anexo I-E,2024,DCA-Anexo I-E,TotalDespesas,4318002,Inscrição de Restos a Pagar Processados,15.452 - Serviços Urbanos,2024,Total Geral da Despesa por Função
DCA-Anexo I-E,2024,DCA-Anexo I-E,TotalDespesas,4318002,Inscrição de Restos a Pagar Processados,28 - Encargos Especiais,2024,Total Geral da Despesa por Função
DCA-Anexo I-E,2024,DCA-Anexo I-E,TotalDespesas,4318002,Inscrição de Restos a Pagar Processados,28.843 - Serviço da Dívida Interna,2024,Total Geral da Despesa por Função
DCA-Anexo I-C,2025,DCA-Anexo I-C,ReceitasExcetoIntraOrcamentarias,4318002,Receitas Brutas Realizadas,RECEITAS (EXCETO INTRA-ORÇAMENTÁRIAS) (I),2025,Padrão
DCA-Anexo I-C,2025,DCA-Anexo I-C,ReceitasExcetoIntraOrcamentarias,4318002,Deduções - FUNDEB,RECEITAS (EXCETO INTRA-ORÇAMENTÁRIAS) (I),2025,Padrão
DCA-Anexo I-C,2025,DCA-Anexo I-C,ReceitasExcetoIntraOrcamentarias,4318002,Outras Deduções da Receita,RECEITAS (EXCETO INTRA-ORÇAMENTÁRIAS) (I),2025,Padrão
DCA-Anexo I-C,2025,DCA-Anexo I-C,RO1.0.0.0.00.0.0,4318002,Receitas Brutas Realizadas,1.0.0.0.00.0.0 - Receitas Correntes,2025,Padrão
DCA-Anexo I-C,2025,DCA-Anexo I-C,RO1.0.0.0.00.0.0,4318002,Deduções - FUNDEB,1.0.0.0.00.0.0 - Receitas Correntes,2025,Padrão
DCA-Anexo I-C,2025,DCA-Anexo I-C,RO1.0.0.0.00.0.0,4318002,Outras Deduções da Receita,1.0.0.0.00.0.0 - Receitas Correntes,2025,Padrão
DCA-Anexo I-C,2025,DCA-Anexo I-C,RO1.1.0.0.00.0.0,4318002,Receitas Brutas Realizadas,"1.1.0.0.00.0.0 - Impostos, Taxas e Contribuições de Melhoria",2025,Padrão
DCA-Anexo I-C,2025,DCA-Anexo I-C,RO1.1.0.0.00.0.0,4318002,Outras Deduções da Receita,"1.1.0.0.00.0.0 - Impostos, Taxas e Contribuições de Melhoria",2025,Padrão
DCA-Anexo I-C,2025,DCA-Anexo I-C,RO1.1.1.0.00.0.0,4318002,Receitas Brutas Realizadas,1.1.1.0.00.0.0 - Impostos,2025,Padrão
DCA-Anexo I-C,2025,DCA-Anexo I-C,RO1.1.1.0.00.0.0,4318002,Outras Deduções da Receita,1.1.1.0.00.0.0 - Impostos,2025,Padrão
DCA-Anexo I-C,2025,DCA-Anexo I-C,RO1.1.1.2.00.0.0,4318002,Receitas Brutas Realizadas,1.1.1.2.00.0.0 - Impostos sobre o Patrimônio,2025,Padrão
DCA-Anexo I-C,2025,DCA-Anexo I-C,RO1.1.1.2.00.0.0,4318002,Outras Deduções da Receita,1.1.1.2.00.0.0 - Impostos sobre o Patrimônio,2025,Padrão
DCA-Anexo I-C,2025,DCA-Anexo I-C,RO1.1.1.2.50.0.0,4318002,Receitas Brutas Realizadas,1.1.1.2.50.0.0 - Imposto sobre a Propriedade Predial e Territorial Urbana,2025,Padrão
DCA-Anexo I-C,2025,DCA-Anexo I-C,RO1.1.1.2.50.0.0,4318002,Outras Deduções da Receita,1.1.1.2.50.0.0 - Imposto sobre a Propriedade Predial e Territorial Urbana,2025,Padrão
DCA-Anexo I-C,2025,DCA-Anexo I-C,RO1.1.1.2.53.0.0,4318002,Receitas Brutas Realizadas,"1.1.1.2.53.0.0 - Impostos sobre Transmissão ""Inter Vivos"" de Bens Imóveis e de Direitos Reais sobre Imóveis",2025,Padrão
DCA-Anexo I-C,2025,DCA-Anexo I-C,RO1.1.1.2.53.0.0,4318002,Outras Deduções da Receita,"1.1.1.2.53.0.0 - Impostos sobre Transmissão ""Inter Vivos"" de Bens Imóveis e de Direitos Reais sobre Imóveis",2025,Padrão
DCA-Anexo I-C,2025,DCA-Anexo I-C,RO1.1.1.3.00.0.0,4318002,Receitas Brutas Realizadas,1.1.1.3.00.0.0 - Impostos sobre a Renda e Proventos de Qualquer Natureza,2025,Padrão
DCA-Anexo I-C,2025,DCA-Anexo I-C,RO1.1.1.3.03.0.0,4318002,Receitas Brutas Realizadas,1.1.1.3.03.0.0 - Imposto sobre a Renda - Retido na Fonte,2025,Padrão
DCA-Anexo I-C,2025,DCA-Anexo I-C,RO1.1.1.3.03.1.0,4318002,Receitas Brutas Realizadas,1.1.1.3.03.1.0 - Imposto sobre a Renda - Retido na Fonte - Trabalho,2025,Padrão
DCA-Anexo I-C,2025,DCA-Anexo I-C,RO1.1.1.3.03.4.0,4318002,Receitas Brutas Realizadas,1.1.1.3.03.4.0 - Imposto sobre a Renda - Retido na Fonte - Outros Rendimentos,2025,Padrão
DCA-Anexo I-C,2025,DCA-Anexo I-C,RO1.1.1.4.00.0.0,4318002,Receitas Brutas Realizadas,1.1.1.4.00.0.0 - Impostos sobre a Produção e Circulação de Mercadorias e Serviços,2025,Padrão
DCA-Anexo I-C,2025,DCA-Anexo I-C,RO1.1.1.4.00.0.0,4318002,Outras Deduções da Receita,1.1.1.4.00.0.0 - Impostos sobre a Produção e Circulação de Mercadorias e Serviços,2025,Padrão
DCA-Anexo I-C,2025,DCA-Anexo I-C,RO1.1.1.4.51.0.0,4318002,Receitas Brutas Realizadas,1.1.1.4.51.0.0 - Impostos sobre Serviços,2025,Padrão
DCA-Anexo I-C,2025,DCA-Anexo I-C,RO1.1.1.4.51.0.0,4318002,Outras Deduções da Receita,1.1.1.4.51.0.0 - Impostos sobre Serviços,2025,Padrão
DCA-Anexo I-C,2025,DCA-Anexo I-C,RO1.1.1.4.51.1.0,4318002,Receitas Brutas Realizadas,1.1.1.4.51.1.0 - Imposto sobre Serviços de Qualquer Natureza - ISSQN,2025,Padrão
DCA-Anexo I-C,2025,DCA-Anexo I-C,RO1.1.1.4.51.1.0,4318002,Outras Deduções da Receita,1.1.1.4.51.1.0 - Imposto sobre Serviços de Qualquer Natureza - ISSQN,2025,Padrão
DCA-Anexo I-C,2025,DCA-Anexo I-C,RO1.1.2.0.00.0.0,4318002,Receitas Brutas Realizadas,1.1.2.0.00.0.0 - Taxas,2025,Padrão
DCA-Anexo I-C,2025,DCA-Anexo I-C,RO1.1.2.0.00.0.0,4318002,Outras Deduções da Receita,1.1.2.0.00.0.0 - Taxas,2025,Padrão
DCA-Anexo I-C,2025,DCA-Anexo I-C,RO1.1.2.1.00.0.0,4318002,Receitas Brutas Realizadas,1.1.2.1.00.0.0 - Taxas pelo Exercício do Poder de Polícia,2025,Padrão
DCA-Anexo I-C,2025,DCA-Anexo I-C,RO1.1.2.1.00.0.0,4318002,Outras Deduções da Receita,1.1.2.1.00.0.0 - Taxas pelo Exercício do Poder de Polícia,2025,Padrão
DCA-Anexo I-C,2025,DCA-Anexo I-C,RO1.1.2.1.01.0.0,4318002,Receitas Brutas Realizadas,"1.1.2.1.01.0.0 - Taxas de Inspeção, Controle e Fiscalização",2025,Padrão
DCA-Anexo I-C,2025,DCA-Anexo I-C,RO1.1.2.1.01.0.0,4318002,Outras Deduções da Receita,"1.1.2.1.01.0.0 - Taxas de Inspeção, Controle e Fiscalização",2025,Padrão
DCA-Anexo I-C,2025,DCA-Anexo I-C,RO1.1.2.1.50.0.0,4318002,Receitas Brutas Realizadas,1.1.2.1.50.0.0 - Taxa de Fiscalização de Vigilância Sanitária,2025,Padrão
DCA-Anexo I-C,2025,DCA-Anexo I-C,RO1.1.2.1.50.0.0,4318002,Outras Deduções da Receita,1.1.2.1.50.0.0 - Taxa de Fiscalização de Vigilância Sanitária,2025,Padrão
DCA-Anexo I-C,2025,DCA-Anexo I-C,RO1.1.2.2.00.0.0,4318002,Receitas Brutas Realizadas,1.1.2.2.00.0.0 - Taxas pela Prestação de Serviços,2025,Padrão
DCA-Anexo I-C,2025,DCA-Anexo I-C,RO1.1.2.2.00.0.0,4318002,Outras Deduções da Receita,1.1.2.2.00.0.0 - Taxas pela Prestação de Serviços,2025,Padrão
DCA-Anexo I-C,2025,DCA-Anexo I-C,RO1.1.2.2.01.0.0,4318002,Receitas Brutas Realizadas,1.1.2.2.01.0.0 - Taxas pela Prestação de Serviços em Geral,2025,Padrão
DCA-Anexo I-C,2025,DCA-Anexo I-C,RO1.1.2.2.01.0.0,4318002,Outras Deduções da Receita,1.1.2.2.01.0.0 - Taxas pela Prestação de Serviços em Geral,2025,Padrão
DCA-Anexo I-C,2025,DCA-Anexo I-C,RO1.1.2.2.53.0.0,4318002,Outras Deduções da Receita,1.1.2.2.53.0.0 - Taxa pela Prestação de Serviços de Limpeza Pública e Manejo de Resíduos Sólidos,2025,Padrão
DCA-Anexo I-C,2025,DCA-Anexo I-C,RO1.2.0.0.00.0.0,4318002,Receitas Brutas Realizadas,1.2.0.0.00.0.0 - Contribuições,2025,Padrão
DCA-Anexo I-C,2025,DCA-Anexo I-C,RO1.2.1.0.00.0.0,4318002,Receitas Brutas Realizadas,1.2.1.0.00.0.0 - Contribuições Sociais,2025,Padrão
DCA-Anexo I-C,2025,DCA-Anexo I-C,RO1.2.1.5.00.0.0,4318002,Receitas Brutas Realizadas,1.2.1.5.00.0.0 - Contribuições para Regimes Próprios de Previdência e Sistema de Proteção Social,2025,Padrão
DCA-Anexo I-C,2025,DCA-Anexo I-C,RO1.2.1.5.01.0.0,4318002,Receitas Brutas Realizadas,1.2.1.5.01.0.0 - Contribuição do Servidor Civil,2025,Padrão
DCA-Anexo I-C,2025,DCA-Anexo I-C,RO1.2.1.5.01.1.0,4318002,Receitas Brutas Realizadas,1.2.1.5.01.1.0 - Contribuição do Servidor Civil Ativo,2025,Padrão
DCA-Anexo I-C,2025,DCA-Anexo I-C,RO1.2.1.5.01.2.0,4318002,Receitas Brutas Realizadas,1.2.1.5.01.2.0 - Contribuição do Servidor Civil Inativo,2025,Padrão
DCA-Anexo I-C,2025,DCA-Anexo I-C,RO1.2.1.5.01.3.0,4318002,Receitas Brutas Realizadas,1.2.1.5.01.3.0 -Contribuição do Servidor Civil - Pensionistas,2025,Padrão
DCA-Anexo I-C,2025,DCA-Anexo I-C,RO1.2.1.5.03.0.0,4318002,Receitas Brutas Realizadas,1.2.1.5.03.0.0 - Contribuição do Servidor Civil - Parcelamentos,2025,Padrão
DCA-Anexo I-C,2025,DCA-Anexo I-C,RO1.2.4.0.00.0.0,4318002,Receitas Brutas Realizadas,1.2.4.0.00.0.0 - Contribuição para o Custeio do Serviço de Iluminação Pública,2025,Padrão
DCA-Anexo I-C,2025,DCA-Anexo I-C,RO1.3.0.0.00.0.0,4318002,Receitas Brutas Realizadas,1.3.0.0.00.0.0 - Receita Patrimonial,2025,Padrão
DCA-Anexo I-C,2025,DCA-Anexo I-C,RO1.3.0.0.00.0.0,4318002,Outras Deduções da Receita,1.3.0.0.00.0.0 - Receita Patrimonial,2025,Padrão
DCA-Anexo I-C,2025,DCA-Anexo I-C,RO1.3.1.0.00.0.0,4318002,Receitas Brutas Realizadas,1.3.1.0.00.0.0 - Exploração do Patrimônio Imobiliário do Estado,2025,Padrão
DCA-Anexo I-C,2025,DCA-Anexo I-C,RO1.3.1.0.00.0.0,4318002,Outras Deduções da Receita,1.3.1.0.00.0.0 - Exploração do Patrimônio Imobiliário do Estado,2025,Padrão
DCA-Anexo I-C,2025,DCA-Anexo I-C,RO1.3.1.1.00.0.0,4318002,Receitas Brutas Realizadas,1.3.1.1.00.0.0 - Exploração do Patrimônio Imobiliário do Estado,2025,Padrão
DCA-Anexo I-C,2025,DCA-Anexo I-C,RO1.3.1.1.00.0.0,4318002,Outras Deduções da Receita,1.3.1.1.00.0.0 - Exploração do Patrimônio Imobiliário do Estado,2025,Padrão
DCA-Anexo I-C,2025,DCA-Anexo I-C,RO1.3.1.1.01.0.0,4318002,Receitas Brutas Realizadas,"1.3.1.1.01.0.0 - Aluguéis, Arrendamentos, Foros, Laudêmios, Tarifas de Ocupação",2025,Padrão
DCA-Anexo I-C,2025,DCA-Anexo I-C,RO1.3.1.1.01.0.0,4318002,Outras Deduções da Receita,"1.3.1.1.01.0.0 - Aluguéis, Arrendamentos, Foros, Laudêmios, Tarifas de Ocupação",2025,Padrão
DCA-Anexo I-C,2025,DCA-Anexo I-C,RO1.3.1.1.01.1.0,4318002,Receitas Brutas Realizadas,1.3.1.1.01.1.0 - Aluguéis e Arrendamentos,2025,Padrão
DCA-Anexo I-C,2025,DCA-Anexo I-C,RO1.3.1.1.01.2.0,4318002,Receitas Brutas Realizadas,"1.3.1.1.01.2.0 - Foros, Laudêmios e Tarifas de Ocupação",2025,Padrão
DCA-Anexo I-C,2025,DCA-Anexo I-C,RO1.3.1.1.01.2.0,4318002,Outras Deduções da Receita,"1.3.1.1.01.2.0 - Foros, Laudêmios e Tarifas de Ocupação",2025,Padrão
DCA-Anexo I-C,2025,DCA-Anexo I-C,RO1.3.1.1.02.0.0,4318002,Receitas Brutas Realizadas,"1.3.1.1.02.0.0 - Concessão, Permissão, Autorização ou Cessão do Direito de Uso de Bens Imóveis Públicos",2025,Padrão
DCA-Anexo I-C,2025,DCA-Anexo I-C,RO1.3.1.1.02.0.0,4318002,Outras Deduções da Receita,"1.3.1.1.02.0.0 - Concessão, Permissão, Autorização ou Cessão do Direito de Uso de Bens Imóveis Públicos",2025,Padrão
DCA-Anexo I-C,2025,DCA-Anexo I-C,RO1.3.2.0.00.0.0,4318002,Receitas Brutas Realizadas,1.3.2.0.00.0.0 - Valores Mobiliários,2025,Padrão
DCA-Anexo I-C,2025,DCA-Anexo I-C,RO1.3.2.1.00.0.0,4318002,Receitas Brutas Realizadas,1.3.2.1.00.0.0 - Juros e Correções Monetárias,2025,Padrão
DCA-Anexo I-C,2025,DCA-Anexo I-C,RO1.3.2.1.01.0.0,4318002,Receitas Brutas Realizadas,1.3.2.1.01.0.0 - Remuneração de Depósitos Bancários,2025,Padrão
DCA-Anexo I-C,2025,DCA-Anexo I-C,RO1.3.2.1.04.0.0,4318002,Receitas Brutas Realizadas,1.3.2.1.04.0.0 - Remuneração dos Recursos do Regime Próprio de Previdência Social - RPPS,2025,Padrão
DCA-Anexo I-C,2025,DCA-Anexo I-C,RO1.3.2.1.05.0.0,4318002,Receitas Brutas Realizadas,1.3.2.1.05.0.0 - Juros de Títulos de Renda,2025,Padrão
DCA-Anexo I-C,2025,DCA-Anexo I-C,RO1.6.0.0.00.0.0,4318002,Receitas Brutas Realizadas,1.6.0.0.00.0.0 - Receita de Serviços,2025,Padrão
DCA-Anexo I-C,2025,DCA-Anexo I-C,RO1.6.9.0.00.0.0,4318002,Receitas Brutas Realizadas,1.6.9.0.00.0.0 - Outros Serviços,2025,Padrão
DCA-Anexo I-C,2025,DCA-Anexo I-C,RO1.7.0.0.00.0.0,4318002,Receitas Brutas Realizadas,1.7.0.0.00.0.0 - Transferências Correntes,2025,Padrão
DCA-Anexo I-C,2025,DCA-Anexo I-C,RO1.7.0.0.00.0.0,4318002,Deduções - FUNDEB,1.7.0.0.00.0.0 - Transferências Correntes,2025,Padrão
DCA-Anexo I-C,2025,DCA-Anexo I-C,RO1.7.1.0.00.0.0,4318002,Receitas Brutas Realizadas,1.7.1.0.00.0.0 - Transferências da União e de suas Entidades,2025,Padrão
DCA-Anexo I-C,2025,DCA-Anexo I-C,RO1.7.1.0.00.0.0,4318002,Deduções - FUNDEB,1.7.1.0.00.0.0 - Transferências da União e de suas Entidades,2025,Padrão
DCA-Anexo I-C,2025,DCA-Anexo I-C,RO1.7.1.1.00.0.0,4318002,Receitas Brutas Realizadas,1.7.1.1.00.0.0 - Transferências Decorrentes de Participação na Receita da União,2025,Padrão
DCA-Anexo I-C,2025,DCA-Anexo I-C,RO1.7.1.1.00.0.0,4318002,Deduções - FUNDEB,1.7.1.1.00.0.0 - Transferências Decorrentes de Participação na Receita da União,2025,Padrão
DCA-Anexo I-C,2025,DCA-Anexo I-C,RO1.7.1.1.51.0.0,4318002,Receitas Brutas Realizadas,1.7.1.1.51.0.0 -Cota-Parte do Fundo de Participação dos Municípios - FPM,2025,Padrão
DCA-Anexo I-C,2025,DCA-Anexo I-C,RO1.7.1.1.51.0.0,4318002,Deduções - FUNDEB,1.7.1.1.51.0.0 -Cota-Parte do Fundo de Participação dos Municípios - FPM,2025,Padrão
DCA-Anexo I-C,2025,DCA-Anexo I-C,RO1.7.1.1.51.1.0,4318002,Receitas Brutas Realizadas,1.7.1.1.51.1.0 - Cota-Parte do Fundo de Participação dos Municípios - Cota Mensal,2025,Padrão
DCA-Anexo I-C,2025,DCA-Anexo I-C,RO1.7.1.1.51.1.0,4318002,Deduções - FUNDEB,1.7.1.1.51.1.0 - Cota-Parte do Fundo de Participação dos Municípios - Cota Mensal,2025,Padrão
DCA-Anexo I-C,2025,DCA-Anexo I-C,RO1.7.1.1.51.2.0,4318002,Receitas Brutas Realizadas,1.7.1.1.51.2.0 - Cota-Parte do Fundo de Participação dos Municípios - Cotas Extraordinárias,2025,Padrão
DCA-Anexo I-C,2025,DCA-Anexo I-C,RO1.7.1.1.52.0.0,4318002,Receitas Brutas Realizadas,1.7.1.1.52.0.0 - Cota-Parte do Imposto Sobre a Propriedade Territorial Rural,2025,Padrão
DCA-Anexo I-C,2025,DCA-Anexo I-C,RO1.7.1.1.52.0.0,4318002,Deduções - FUNDEB,1.7.1.1.52.0.0 - Cota-Parte do Imposto Sobre a Propriedade Territorial Rural,2025,Padrão
DCA-Anexo I-C,2025,DCA-Anexo I-C,RO1.7.1.2.00.0.0,4318002,Receitas Brutas Realizadas,1.7.1.2.00.0.0 -Transferências das Compensações Financeiras pela Exploração de Recursos Naturais,2025,Padrão
DCA-Anexo I-C,2025,DCA-Anexo I-C,RO1.7.1.2.51.0.0,4318002,Receitas Brutas Realizadas,1.7.1.2.51.0.0 -Cota-parte da Compensação Financeira pela Exploração de Recursos Minerais - CFEM,2025,Padrão
DCA-Anexo I-C,2025,DCA-Anexo I-C,RO1.7.1.2.52.0.0,4318002,Receitas Brutas Realizadas,1.7.1.2.52.0.0 - Cota-parte da Compensação Financeira pela Produção de Petróleo,2025,Padrão
DCA-Anexo I-C,2025,DCA-Anexo I-C,RO1.7.1.2.52.4.0,4318002,Receitas Brutas Realizadas,1.7.1.2.52.4.0 - Cota-Parte do Fundo Especial do Petróleo ¿ FEP,2025,Padrão
DCA-Anexo I-C,2025,DCA-Anexo I-C,RO1.7.1.3.00.0.0,4318002,Receitas Brutas Realizadas,1.7.1.3.00.0.0 -Transferências de Recursos do Sistema Único de Saúde ¿ SUS ,2025,Padrão
DCA-Anexo I-C,2025,DCA-Anexo I-C,RO1.7.1.3.50.0.0,4318002,Receitas Brutas Realizadas,1.7.1.3.50.0.0 - Transferências de Recursos do Sistema Único de Saúde ¿ SUS ¿ Repasses Fundo a Fundo - Bloco de Manutenção das Ações e Serviços Públicos de Saúde,2025,Padrão
DCA-Anexo I-C,2025,DCA-Anexo I-C,RO1.7.1.3.50.1.0,4318002,Receitas Brutas Realizadas,1.7.1.3.50.1.0 - Transferências de Recursos do Bloco de Manutenção das Ações e Serviços Públicos de Saúde ¿ Atenção Primária,2025,Padrão
DCA-Anexo I-C,2025,DCA-Anexo I-C,RO1.7.1.3.50.2.0,4318002,Receitas Brutas Realizadas,1.7.1.3.50.2.0 - Transferências de Recursos do Bloco de Manutenção das Ações e Serviços Públicos de Saúde ¿ Atenção Especializada,2025,Padrão
DCA-Anexo I-C,2025,DCA-Anexo I-C,RO1.7.1.3.50.3.0,4318002,Receitas Brutas Realizadas,1.7.1.3.50.3.0 - Transferências de Recursos do Bloco de Manutenção das Ações e Serviços Públicos de Saúde ¿ Vigilância em Saúde,2025,Padrão
DCA-Anexo I-C,2025,DCA-Anexo I-C,RO1.7.1.3.50.4.0,4318002,Receitas Brutas Realizadas,1.7.1.3.50.4.0 -Transferências de Recursos do Bloco de Manutenção das Ações e Serviços Públicos de Saúde ¿ Assistência Farmacêutica,2025,Padrão
DCA-Anexo I-C,2025,DCA-Anexo I-C,RO1.7.1.3.50.5.0,4318002,Receitas Brutas Realizadas,1.7.1.3.50.5.0 - Transferências de Recursos do Bloco de Manutenção das Ações e Serviços Públicos de Saúde ¿ Gestão do SUS,2025,Padrão
DCA-Anexo I-C,2025,DCA-Anexo I-C,RO1.7.1.4.00.0.0,4318002,Receitas Brutas Realizadas,1.7.1.4.00.0.0 -Transferências de Recursos do Fundo Nacional do Desenvolvimento da Educação ¿ FNDE¿ ,2025,Padrão
DCA-Anexo I-C,2025,DCA-Anexo I-C,RO1.7.1.4.50.0.0,4318002,Receitas Brutas Realizadas,1.7.1.4.50.0.0 - Transferências do Salário-Educação,2025,Padrão
DCA-Anexo I-C,2025,DCA-Anexo I-C,RO1.7.1.4.51.0.0,4318002,Receitas Brutas Realizadas,1.7.1.4.51.0.0 - Transferências Diretas do FNDE referentes ao Programa Dinheiro Direto na Escola ¿ PDDE,2025,Padrão
DCA-Anexo I-C,2025,DCA-Anexo I-C,RO1.7.1.4.52.0.0,4318002,Receitas Brutas Realizadas,1.7.1.4.52.0.0 - Transferências referentes ao Programa Nacional de Alimentação Escolar ¿ PNAE,2025,Padrão
DCA-Anexo I-C,2025,DCA-Anexo I-C,RO1.7.1.4.53.0.0,4318002,Receitas Brutas Realizadas,1.7.1.4.53.0.0 - Transferências referentes ao Programa Nacional de Apoio ao Transporte do Escolar ¿ PNATE,2025,Padrão
DCA-Anexo I-C,2025,DCA-Anexo I-C,RO1.7.1.5.00.0.0,4318002,Receitas Brutas Realizadas,1.7.1.5.00.0.0 - Transferências de Recursos de Complementação da União ao Fundo de Manutenção e Desenvolvimento da Educação Básica e de Valorização dos Profissionais da Educação ¿ FUNDEB ,2025,Padrão
DCA-Anexo I-C,2025,DCA-Anexo I-C,RO1.7.1.6.00.0.0,4318002,Receitas Brutas Realizadas,1.7.1.6.00.0.0 - Transferências de Recursos do Fundo Nacional de Assistência Social ¿ FNAS,2025,Padrão
DCA-Anexo I-C,2025,DCA-Anexo I-C,RO1.7.1.9.00.0.0,4318002,Receitas Brutas Realizadas,1.7.1.9.00.0.0 - Outras Transferências de Recursos da União e de suas Entidades,2025,Padrão
DCA-Anexo I-C,2025,DCA-Anexo I-C,RO1.7.1.9.57.0.0,4318002,Receitas Brutas Realizadas,1.7.1.9.57.0.0 - Transferência Especial da União,2025,Padrão
DCA-Anexo I-C,2025,DCA-Anexo I-C,RO1.7.1.9.58.0.0,4318002,Receitas Brutas Realizadas,1.7.1.9.58.0.0 - Transferência Obrigatória Decorrente da Lei Complementar nº 176/2020,2025,Padrão
DCA-Anexo I-C,2025,DCA-Anexo I-C,RO1.7.1.9.99.0.0,4318002,Receitas Brutas Realizadas,1.7.1.9.99.0.0 - Outras Transferências de Recursos da União e de suas Entidades,2025,Padrão
DCA-Anexo I-C,2025,DCA-Anexo I-C,RO1.7.2.0.00.0.0,4318002,Receitas Brutas Realizadas,1.7.2.0.00.0.0 - Transferências dos Estados e do Distrito Federal e de suas Entidades,2025,Padrão
DCA-Anexo I-C,2025,DCA-Anexo I-C,RO1.7.2.0.00.0.0,4318002,Deduções - FUNDEB,1.7.2.0.00.0.0 - Transferências dos Estados e do Distrito Federal e de suas Entidades,2025,Padrão
DCA-Anexo I-C,2025,DCA-Anexo I-C,RO1.7.2.1.00.0.0,4318002,Receitas Brutas Realizadas,1.7.2.1.00.0.0 - Participação na Receita dos Estados e Distrito Federal,2025,Padrão
DCA-Anexo I-C,2025,DCA-Anexo I-C,RO1.7.2.1.00.0.0,4318002,Deduções - FUNDEB,1.7.2.1.00.0.0 - Participação na Receita dos Estados e Distrito Federal,2025,Padrão
DCA-Anexo I-C,2025,DCA-Anexo I-C,RO1.7.2.1.50.0.0,4318002,Receitas Brutas Realizadas,1.7.2.1.50.0.0 - Cota-Parte do ICMS,2025,Padrão
DCA-Anexo I-C,2025,DCA-Anexo I-C,RO1.7.2.1.50.0.0,4318002,Deduções - FUNDEB,1.7.2.1.50.0.0 - Cota-Parte do ICMS,2025,Padrão
DCA-Anexo I-C,2025,DCA-Anexo I-C,RO1.7.2.1.51.0.0,4318002,Receitas Brutas Realizadas,1.7.2.1.51.0.0 - Cota-Parte do IPVA,2025,Padrão
DCA-Anexo I-C,2025,DCA-Anexo I-C,RO1.7.2.1.51.0.0,4318002,Deduções - FUNDEB,1.7.2.1.51.0.0 - Cota-Parte do IPVA,2025,Padrão
DCA-Anexo I-C,2025,DCA-Anexo I-C,RO1.7.2.1.52.0.0,4318002,Receitas Brutas Realizadas,1.7.2.1.52.0.0 - Cota-Parte do IPI - Municípios,2025,Padrão
DCA-Anexo I-C,2025,DCA-Anexo I-C,RO1.7.2.1.52.0.0,4318002,Deduções - FUNDEB,1.7.2.1.52.0.0 - Cota-Parte do IPI - Municípios,2025,Padrão
DCA-Anexo I-C,2025,DCA-Anexo I-C,RO1.7.2.1.53.0.0,4318002,Receitas Brutas Realizadas,1.7.2.1.53.0.0 - Cota-Parte da Contribuição de Intervenção no Domínio Econômico,2025,Padrão
DCA-Anexo I-C,2025,DCA-Anexo I-C,RO1.7.2.3.00.0.0,4318002,Receitas Brutas Realizadas,1.7.2.3.00.0.0 - Transferências de Recursos do Sistema Único de Saúde ¿ SUS,2025,Padrão
DCA-Anexo I-C,2025,DCA-Anexo I-C,RO1.7.2.4.00.0.0,4318002,Receitas Brutas Realizadas,1.7.2.4.00.0.0 - Transferências de Convênios dos Estados e DF e de Suas Entidades,2025,Padrão
DCA-Anexo I-C,2025,DCA-Anexo I-C,RO1.7.2.4.51.0.0,4318002,Receitas Brutas Realizadas,1.7.2.4.51.0.0 -Transferências de Convênios dos Estados Destinadas a Programas de Educação,2025,Padrão
DCA-Anexo I-C,2025,DCA-Anexo I-C,RO1.7.2.4.99.0.0,4318002,Receitas Brutas Realizadas,1.7.2.4.99.0.0 - Outras Transferências de Convênios dos Estados e DF e de Suas Entidades,2025,Padrão
DCA-Anexo I-C,2025,DCA-Anexo I-C,RO1.7.2.9.00.0.0,4318002,Receitas Brutas Realizadas,1.7.2.9.00.0.0 - Outras Transferências dos Estados e Distrito Federal,2025,Padrão
DCA-Anexo I-C,2025,DCA-Anexo I-C,RO1.7.2.9.51.0.0,4318002,Receitas Brutas Realizadas,1.7.2.9.51.0.0 - Transferências de Estados destinadas à Assistência Social,2025,Padrão
DCA-Anexo I-C,2025,DCA-Anexo I-C,RO1.7.2.9.99.0.0,4318002,Receitas Brutas Realizadas,1.7.2.9.99.0.0 - Outras Transferências dos Estados e DF,2025,Padrão
DCA-Anexo I-C,2025,DCA-Anexo I-C,RO1.7.4.0.00.0.0,4318002,Receitas Brutas Realizadas,1.7.4.0.00.0.0 - Transferências de Instituições Privadas,2025,Padrão
DCA-Anexo I-C,2025,DCA-Anexo I-C,RO1.7.4.1.00.0.0,4318002,Receitas Brutas Realizadas,1.7.4.1.00.0.0 - Transferências de Instituições Privadas,2025,Padrão
DCA-Anexo I-C,2025,DCA-Anexo I-C,RO1.7.4.1.99.0.0,4318002,Receitas Brutas Realizadas,1.7.4.1.99.0.0 - Outras Transferências de Instituições Privadas,2025,Padrão
DCA-Anexo I-C,2025,DCA-Anexo I-C,RO1.7.5.0.00.0.0,4318002,Receitas Brutas Realizadas,1.7.5.0.00.0.0 - Transferências de Outras Instituições Públicas,2025,Padrão
DCA-Anexo I-C,2025,DCA-Anexo I-C,RO1.7.5.1.00.0.0,4318002,Receitas Brutas Realizadas,1.7.5.1.00.0.0 - Transferências de Recursos do Fundo de Manutenção e Desenvolvimento da Educação Básica e de Valorização dos Profissionais da Educação - FUNDEB,2025,Padrão
DCA-Anexo I-C,2025,DCA-Anexo I-C,RO1.7.9.0.00.0.0,4318002,Receitas Brutas Realizadas,1.7.9.0.00.0.0 - Demais Transferências Correntes,2025,Padrão
DCA-Anexo I-C,2025,DCA-Anexo I-C,RO1.7.9.1.00.0.0,4318002,Receitas Brutas Realizadas,1.7.9.1.00.0.0 - Transferências de Pessoas Físicas,2025,Padrão
DCA-Anexo I-C,2025,DCA-Anexo I-C,RO1.7.9.1.99.0.0,4318002,Receitas Brutas Realizadas,1.7.9.1.99.0.0 - Outras Transferências de Pessoas Físicas,2025,Padrão
DCA-Anexo I-C,2025,DCA-Anexo I-C,RO1.9.0.0.00.0.0,4318002,Receitas Brutas Realizadas,1.9.0.0.00.0.0 - Outras Receitas Correntes,2025,Padrão
DCA-Anexo I-C,2025,DCA-Anexo I-C,RO1.9.0.0.00.0.0,4318002,Outras Deduções da Receita,1.9.0.0.00.0.0 - Outras Receitas Correntes,2025,Padrão
DCA-Anexo I-C,2025,DCA-Anexo I-C,RO1.9.1.0.00.0.0,4318002,Receitas Brutas Realizadas,"1.9.1.0.00.0.0 - Multas Administrativas, Contratuais e Judiciais",2025,Padrão
DCA-Anexo I-C,2025,DCA-Anexo I-C,RO1.9.1.0.00.0.0,4318002,Outras Deduções da Receita,"1.9.1.0.00.0.0 - Multas Administrativas, Contratuais e Judiciais",2025,Padrão
DCA-Anexo I-C,2025,DCA-Anexo I-C,RO1.9.1.1.00.0.0,4318002,Receitas Brutas Realizadas,"1.9.1.1.00.0.0 - Multas Administrativas, Contratuais e Judiciais",2025,Padrão
DCA-Anexo I-C,2025,DCA-Anexo I-C,RO1.9.1.1.00.0.0,4318002,Outras Deduções da Receita,"1.9.1.1.00.0.0 - Multas Administrativas, Contratuais e Judiciais",2025,Padrão
DCA-Anexo I-C,2025,DCA-Anexo I-C,RO1.9.1.1.01.0.0,4318002,Receitas Brutas Realizadas,1.9.1.1.01.0.0 - Multas Previstas em Legislação Específica,2025,Padrão
DCA-Anexo I-C,2025,DCA-Anexo I-C,RO1.9.1.1.01.0.0,4318002,Outras Deduções da Receita,1.9.1.1.01.0.0 - Multas Previstas em Legislação Específica,2025,Padrão
DCA-Anexo I-C,2025,DCA-Anexo I-C,RO1.9.1.1.06.0.0,4318002,Receitas Brutas Realizadas,1.9.1.1.06.0.0 - Multas por Danos Ambientais,2025,Padrão
DCA-Anexo I-C,2025,DCA-Anexo I-C,RO1.9.1.1.06.2.0,4318002,Receitas Brutas Realizadas,1.9.1.1.06.2.0 - Multas Judiciais por Danos Ambientais,2025,Padrão
DCA-Anexo I-C,2025,DCA-Anexo I-C,RO1.9.2.0.00.0.0,4318002,Receitas Brutas Realizadas,"1.9.2.0.00.0.0 - Indenizações, Restituições e Ressarcimentos",2025,Padrão
DCA-Anexo I-C,2025,DCA-Anexo I-C,RO1.9.2.0.00.0.0,4318002,Outras Deduções da Receita,"1.9.2.0.00.0.0 - Indenizações, Restituições e Ressarcimentos",2025,Padrão
DCA-Anexo I-C,2025,DCA-Anexo I-C,RO1.9.2.2.00.0.0,4318002,Receitas Brutas Realizadas,1.9.2.2.00.0.0 - Restituições,2025,Padrão
DCA-Anexo I-C,2025,DCA-Anexo I-C,RO1.9.2.2.00.0.0,4318002,Outras Deduções da Receita,1.9.2.2.00.0.0 - Restituições,2025,Padrão
DCA-Anexo I-C,2025,DCA-Anexo I-C,RO1.9.2.2.50.0.0,4318002,Receitas Brutas Realizadas,1.9.2.2.50.0.0 - Restituição de Recursos Recebidos do SUS,2025,Padrão
DCA-Anexo I-C,2025,DCA-Anexo I-C,RO1.9.2.2.99.0.0,4318002,Receitas Brutas Realizadas,1.9.2.2.99.0.0 - Outras Restituições,2025,Padrão
DCA-Anexo I-C,2025,DCA-Anexo I-C,RO1.9.2.2.99.0.0,4318002,Outras Deduções da Receita,1.9.2.2.99.0.0 - Outras Restituições,2025,Padrão
DCA-Anexo I-C,2025,DCA-Anexo I-C,RO1.9.2.3.00.0.0,4318002,Receitas Brutas Realizadas,1.9.2.3.00.0.0 - Ressarcimentos,2025,Padrão
DCA-Anexo I-C,2025,DCA-Anexo I-C,RO1.9.2.3.02.0.0,4318002,Receitas Brutas Realizadas,1.9.2.3.02.0.0 - Ressarcimento de Custos,2025,Padrão
DCA-Anexo I-C,2025,DCA-Anexo I-C,RO1.9.2.3.99.0.0,4318002,Receitas Brutas Realizadas,1.9.2.3.99.0.0 - Outros Ressarcimentos,2025,Padrão
DCA-Anexo I-C,2025,DCA-Anexo I-C,RO1.9.9.0.00.0.0,4318002,Receitas Brutas Realizadas,1.9.9.0.00.0.0 - Demais Receitas Correntes,2025,Padrão
DCA-Anexo I-C,2025,DCA-Anexo I-C,RO1.9.9.9.00.0.0,4318002,Receitas Brutas Realizadas,1.9.9.9.00.0.0 - Outras Receitas Correntes,2025,Padrão
DCA-Anexo I-C,2025,DCA-Anexo I-C,RO1.9.9.9.03.0.0,4318002,Receitas Brutas Realizadas,1.9.9.9.03.0.0 - Compensações Financeiras entre os Regimes de Previdência,2025,Padrão
DCA-Anexo I-C,2025,DCA-Anexo I-C,RO1.9.9.9.12.0.0,4318002,Receitas Brutas Realizadas,1.9.9.9.12.0.0 - Encargos Legais pela Inscrição em Dívida Ativa e Receitas de Ônus de Sucumbência,2025,Padrão
DCA-Anexo I-C,2025,DCA-Anexo I-C,RO1.9.9.9.12.2.0,4318002,Receitas Brutas Realizadas,1.9.9.9.12.2.0 - Ônus de Sucumbência,2025,Padrão
DCA-Anexo I-C,2025,DCA-Anexo I-C,RO1.9.9.9.99.0.0,4318002,Receitas Brutas Realizadas,1.9.9.9.99.0.0 - Outras Receitas,2025,Padrão
DCA-Anexo I-C,2025,DCA-Anexo I-C,RO1.9.9.9.99.2.0,4318002,Receitas Brutas Realizadas,1.9.9.9.99.2.0 - Outras Receitas Não Arrecadadas e Não Projetadas pela RFB - Primárias,2025,Padrão
DCA-Anexo I-C,2025,DCA-Anexo I-C,RO1.9.9.9.99.3.0,4318002,Receitas Brutas Realizadas,1.9.9.9.99.3.0 - Outras Receitas Não Arrecadadas e Não Projetadas pela RFB - Financeiras,2025,Padrão
DCA-Anexo I-C,2025,DCA-Anexo I-C,RO2.0.0.0.00.0.0,4318002,Receitas Brutas Realizadas,2.0.0.0.00.0.0 - Receitas de Capital,2025,Padrão
DCA-Anexo I-C,2025,DCA-Anexo I-C,RO2.1.0.0.00.0.0,4318002,Receitas Brutas Realizadas,2.1.0.0.00.0.0 - Operações de Crédito,2025,Padrão
DCA-Anexo I-C,2025,DCA-Anexo I-C,RO2.1.1.0.00.0.0,4318002,Receitas Brutas Realizadas,2.1.1.0.00.0.0 - Operações de Crédito - Mercado Interno,2025,Padrão
DCA-Anexo I-C,2025,DCA-Anexo I-C,RO2.1.1.2.00.0.0,4318002,Receitas Brutas Realizadas,2.1.1.2.00.0.0 - Operações de Crédito Contratuais - Mercado Interno,2025,Padrão
DCA-Anexo I-C,2025,DCA-Anexo I-C,RO2.1.1.2.52.0.0,4318002,Receitas Brutas Realizadas,2.1.1.2.52.0.0 - Operações de Crédito Internas para Programas de Saneamento,2025,Padrão
DCA-Anexo I-C,2025,DCA-Anexo I-C,RO2.4.0.0.00.0.0,4318002,Receitas Brutas Realizadas,2.4.0.0.00.0.0 - Transferências de Capital,2025,Padrão
DCA-Anexo I-C,2025,DCA-Anexo I-C,RO2.4.1.0.00.0.0,4318002,Receitas Brutas Realizadas,2.4.1.0.00.0.0 - Transferências da União e de suas Entidades,2025,Padrão
DCA-Anexo I-C,2025,DCA-Anexo I-C,RO2.4.1.1.00.0.0,4318002,Receitas Brutas Realizadas,2.4.1.1.00.0.0 - Transferências de Recursos do Sistema Único de Saúde - SUS,2025,Padrão
DCA-Anexo I-C,2025,DCA-Anexo I-C,RO2.4.1.1.51.0.0,4318002,Receitas Brutas Realizadas,2.4.1.1.51.0.0 - Transferências de Recursos do Sistema Único de Saúde ¿ SUS - Fundo a Fundo - Bloco de Estruturação da Rede de Serviços Públicos de Saúde,2025,Padrão
DCA-Anexo I-C,2025,DCA-Anexo I-C,RO2.4.1.1.51.1.0,4318002,Receitas Brutas Realizadas,2.4.1.1.51.1.0 - Transferências de Recursos do Bloco de Estruturação da Rede de Serviços Públicos de Saúde - Atenção Primária,2025,Padrão
DCA-Anexo I-C,2025,DCA-Anexo I-C,RO2.4.1.1.51.2.0,4318002,Receitas Brutas Realizadas,2.4.1.1.51.2.0 - Transferências de Recursos do Bloco de Estruturação da Rede de Serviços Públicos de Saúde - Atenção Especializada,2025,Padrão
DCA-Anexo I-C,2025,DCA-Anexo I-C,RO2.4.1.3.00.0.0,4318002,Receitas Brutas Realizadas,2.4.1.3.00.0.0 - Transferências de Recursos do Fundo Nacional de Assistência Social ¿ FNAS ,2025,Padrão
DCA-Anexo I-C,2025,DCA-Anexo I-C,RO2.4.1.3.50.0.0,4318002,Receitas Brutas Realizadas,2.4.1.3.50.0.0 - Transferências de Recursos do Fundo Nacional de Assistência Social ¿ FNAS,2025,Padrão
DCA-Anexo I-C,2025,DCA-Anexo I-C,RO2.4.1.4.00.0.0,4318002,Receitas Brutas Realizadas,2.4.1.4.00.0.0 - Transferências de Convênios da União e de suas Entidades ,2025,Padrão
DCA-Anexo I-C,2025,DCA-Anexo I-C,RO2.4.1.4.51.0.0,4318002,Receitas Brutas Realizadas,2.4.1.4.51.0.0 - Transferências de Convênios da União destinadas a Programas de Educação,2025,Padrão
DCA-Anexo I-C,2025,DCA-Anexo I-C,RO2.4.1.4.54.0.0,4318002,Receitas Brutas Realizadas,2.4.1.4.54.0.0 - Transferências de Convênios da União destinadas a Programas de Infraestrutura em Transporte,2025,Padrão
DCA-Anexo I-C,2025,DCA-Anexo I-C,RO2.4.1.9.00.0.0,4318002,Receitas Brutas Realizadas,2.4.1.9.00.0.0 - Outras Transferências de Recursos da União e de suas Entidades,2025,Padrão
DCA-Anexo I-C,2025,DCA-Anexo I-C,RO2.4.1.9.51.0.0,4318002,Receitas Brutas Realizadas,2.4.1.9.51.0.0 - Transferência Especial da União,2025,Padrão
DCA-Anexo I-C,2025,DCA-Anexo I-C,RO2.4.2.0.00.0.0,4318002,Receitas Brutas Realizadas,2.4.2.0.00.0.0 - Transferências dos Estados e do Distrito Federal e de suas Entidades,2025,Padrão
DCA-Anexo I-C,2025,DCA-Anexo I-C,RO2.4.2.1.00.0.0,4318002,Receitas Brutas Realizadas,2.4.2.1.00.0.0 - Transferências de Recursos do Sistema Único de Saúde ¿ SUS dos Estados e DF,2025,Padrão
DCA-Anexo I-C,2025,DCA-Anexo I-C,RO2.4.2.1.50.0.0,4318002,Receitas Brutas Realizadas,2.4.2.1.50.0.0 - Transferências de Recursos do Sistema Único de Saúde ¿ SUS,2025,Padrão
DCA-Anexo I-C,2025,DCA-Anexo I-C,RO2.4.2.2.00.0.0,4318002,Receitas Brutas Realizadas,2.4.2.2.00.0.0 - Transferências de Convênios dos Estados e DF e de Suas Entidades ,2025,Padrão
DCA-Anexo I-C,2025,DCA-Anexo I-C,RO2.4.2.2.99.0.0,4318002,Receitas Brutas Realizadas,2.4.2.2.99.0.0 - Outras Transferências de Convênios dos Estados e DF e de Suas Entidades,2025,Padrão
DCA-Anexo I-C,2025,DCA-Anexo I-C,RO2.4.2.9.00.0.0,4318002,Receitas Brutas Realizadas,2.4.2.9.00.0.0 - Outras Transferências de Recursos dos Estados,2025,Padrão
DCA-Anexo I-C,2025,DCA-Anexo I-C,RO2.4.2.9.99.0.0,4318002,Receitas Brutas Realizadas,2.4.2.9.99.0.0 - Outras Transferências de Recursos dos Estados,2025,Padrão
DCA-Anexo I-C,2025,DCA-Anexo I-C,RO2.9.0.0.00.0.0,4318002,Receitas Brutas Realizadas,2.9.0.0.00.0.0 - Outras Receitas de Capital,2025,Padrão
DCA-Anexo I-C,2025,DCA-Anexo I-C,RO2.9.9.0.00.0.0,4318002,Receitas Brutas Realizadas,2.9.9.0.00.0.0 - Demais Receitas de Capital,2025,Padrão
DCA-Anexo I-C,2025,DCA-Anexo I-C,RO2.9.9.9.00.0.0,4318002,Receitas Brutas Realizadas,2.9.9.9.00.0.0 - Outras Receitas de Capital,2025,Padrão
DCA-Anexo I-C,2025,DCA-Anexo I-C,RO2.9.9.9.99.0.0,4318002,Receitas Brutas Realizadas,2.9.9.9.99.0.0 - Outras Receitas de Capital,2025,Padrão
DCA-Anexo I-C,2025,DCA-Anexo I-C,ReceitasIntraOrcamentarias,4318002,Receitas Brutas Realizadas,RECEITAS (INTRA-ORÇAMENTÁRIAS) (II),2025,Padrão
DCA-Anexo I-C,2025,DCA-Anexo I-C,RI7.0.0.0.00.0.0,4318002,Receitas Brutas Realizadas,7.0.0.0.00.0.0 - Receitas Correntes,2025,Padrão
DCA-Anexo I-C,2025,DCA-Anexo I-C,RI7.2.0.0.00.0.0,4318002,Receitas Brutas Realizadas,7.2.0.0.00.0.0 - Contribuições,2025,Padrão
DCA-Anexo I-C,2025,DCA-Anexo I-C,RI7.2.1.0.00.0.0,4318002,Receitas Brutas Realizadas,7.2.1.0.00.0.0 - Contribuições Sociais,2025,Padrão
DCA-Anexo I-C,2025,DCA-Anexo I-C,RI7.2.1.5.00.0.0,4318002,Receitas Brutas Realizadas,7.2.1.5.00.0.0 - Contribuições para Regimes Próprios de Previdência e Sistema de Proteção Social,2025,Padrão
DCA-Anexo I-C,2025,DCA-Anexo I-C,RI7.2.1.5.02.0.0,4318002,Receitas Brutas Realizadas,7.2.1.5.02.0.0 - Contribuição Patronal - Servidor Civil,2025,Padrão
DCA-Anexo I-C,2025,DCA-Anexo I-C,RI7.2.1.5.02.1.0,4318002,Receitas Brutas Realizadas,7.2.1.5.02.1.0 - Contribuição Patronal - Servidor Civil Ativo,2025,Padrão
DCA-Anexo I-C,2025,DCA-Anexo I-C,RI7.2.1.5.51.0.0,4318002,Receitas Brutas Realizadas,7.2.1.5.51.0.0 - Contribuição Patronal - Parcelamentos,2025,Padrão
DCA-Anexo I-C,2025,DCA-Anexo I-C,RI7.2.1.5.51.1.0,4318002,Receitas Brutas Realizadas,7.2.1.5.51.1.0 - Contribuição Patronal - Servidor Civil Ativo - Parcelamentos,2025,Padrão
DCA-Anexo I-C,2025,DCA-Anexo I-C,RI7.9.0.0.00.0.0,4318002,Receitas Brutas Realizadas,7.9.0.0.00.0.0 - Outras Receitas Correntes,2025,Padrão
DCA-Anexo I-C,2025,DCA-Anexo I-C,RI7.9.9.0.00.0.0,4318002,Receitas Brutas Realizadas,7.9.9.0.00.0.0 - Demais Receitas Correntes,2025,Padrão
DCA-Anexo I-C,2025,DCA-Anexo I-C,RI7.9.9.9.00.0.0,4318002,Receitas Brutas Realizadas,7.9.9.9.00.0.0 - Outras Receitas Correntes,2025,Padrão
DCA-Anexo I-C,2025,DCA-Anexo I-C,RI7.9.9.9.01.0.0,4318002,Receitas Brutas Realizadas,7.9.9.9.01.0.0 - Aportes Periódicos para Amortização de Déficit Atuarial do Regimes Próprios de Previdência e Sistema de Proteção Social,2025,Padrão
DCA-Anexo I-C,2025,DCA-Anexo I-C,TotalReceitas,4318002,Receitas Brutas Realizadas,TOTAL DAS RECEITAS (III) = (I + II),2025,Padrão
DCA-Anexo I-C,2025,DCA-Anexo I-C,TotalReceitas,4318002,Deduções - FUNDEB,TOTAL DAS RECEITAS (III) = (I + II),2025,Padrão
DCA-Anexo I-C,2025,DCA-Anexo I-C,TotalReceitas,4318002,Outras Deduções da Receita,TOTAL DAS RECEITAS (III) = (I + II),2025,Padrão
DCA-Anexo I-D,2025,DCA-Anexo I-D,TotalDespesas,4318002,Despesas Empenhadas,Total Geral da Despesa,2025,Padrão
DCA-Anexo I-D,2025,DCA-Anexo I-D,TotalDespesas,4318002,Despesas Liquidadas,Total Geral da Despesa,2025,Padrão
DCA-Anexo I-D,2025,DCA-Anexo I-D,TotalDespesas,4318002,Despesas Pagas,Total Geral da Despesa,2025,Padrão
DCA-Anexo I-D,2025,DCA-Anexo I-D,TotalDespesas,4318002,Inscrição de Restos a Pagar Não Processados,Total Geral da Despesa,2025,Padrão
DCA-Anexo I-D,2025,DCA-Anexo I-D,TotalDespesas,4318002,Inscrição de Restos a Pagar Processados,Total Geral da Despesa,2025,Padrão
DCA-Anexo I-D,2025,DCA-Anexo I-D,DO3.0.00.00.00.00,4318002,Despesas Empenhadas,3.0.00.00.00 - Despesas Correntes,2025,Padrão
DCA-Anexo I-D,2025,DCA-Anexo I-D,DO3.0.00.00.00.00,4318002,Despesas Liquidadas,3.0.00.00.00 - Despesas Correntes,2025,Padrão
DCA-Anexo I-D,2025,DCA-Anexo I-D,DO3.0.00.00.00.00,4318002,Despesas Pagas,3.0.00.00.00 - Despesas Correntes,2025,Padrão
DCA-Anexo I-D,2025,DCA-Anexo I-D,DO3.0.00.00.00.00,4318002,Inscrição de Restos a Pagar Não Processados,3.0.00.00.00 - Despesas Correntes,2025,Padrão
DCA-Anexo I-D,2025,DCA-Anexo I-D,DO3.0.00.00.00.00,4318002,Inscrição de Restos a Pagar Processados,3.0.00.00.00 - Despesas Correntes,2025,Padrão
DCA-Anexo I-D,2025,DCA-Anexo I-D,DO3.1.00.00.00.00,4318002,Despesas Empenhadas,3.1.00.00.00 - Pessoal e Encargos Sociais,2025,Padrão
DCA-Anexo I-D,2025,DCA-Anexo I-D,DO3.1.00.00.00.00,4318002,Despesas Liquidadas,3.1.00.00.00 - Pessoal e Encargos Sociais,2025,Padrão
DCA-Anexo I-D,2025,DCA-Anexo I-D,DO3.1.00.00.00.00,4318002,Despesas Pagas,3.1.00.00.00 - Pessoal e Encargos Sociais,2025,Padrão
DCA-Anexo I-D,2025,DCA-Anexo I-D,DO3.1.00.00.00.00,4318002,Inscrição de Restos a Pagar Não Processados,3.1.00.00.00 - Pessoal e Encargos Sociais,2025,Padrão
DCA-Anexo I-D,2025,DCA-Anexo I-D,DO3.1.00.00.00.00,4318002,Inscrição de Restos a Pagar Processados,3.1.00.00.00 - Pessoal e Encargos Sociais,2025,Padrão
DCA-Anexo I-D,2025,DCA-Anexo I-D,DO3.1.90.00.00.00,4318002,Despesas Empenhadas,3.1.90.00.00 - Aplicações Diretas,2025,Padrão
DCA-Anexo I-D,2025,DCA-Anexo I-D,DO3.1.90.00.00.00,4318002,Despesas Liquidadas,3.1.90.00.00 - Aplicações Diretas,2025,Padrão
DCA-Anexo I-D,2025,DCA-Anexo I-D,DO3.1.90.00.00.00,4318002,Despesas Pagas,3.1.90.00.00 - Aplicações Diretas,2025,Padrão
DCA-Anexo I-D,2025,DCA-Anexo I-D,DO3.1.90.00.00.00,4318002,Inscrição de Restos a Pagar Não Processados,3.1.90.00.00 - Aplicações Diretas,2025,Padrão
DCA-Anexo I-D,2025,DCA-Anexo I-D,DO3.1.90.00.00.00,4318002,Inscrição de Restos a Pagar Processados,3.1.90.00.00 - Aplicações Diretas,2025,Padrão
DCA-Anexo I-D,2025,DCA-Anexo I-D,DO3.1.90.01.00.00,4318002,Despesas Empenhadas,"3.1.90.01.00 - Aposentadorias do RPPS, Reserva Remunerada e Reformas dos Militares",2025,Padrão
DCA-Anexo I-D,2025,DCA-Anexo I-D,DO3.1.90.01.00.00,4318002,Despesas Liquidadas,"3.1.90.01.00 - Aposentadorias do RPPS, Reserva Remunerada e Reformas dos Militares",2025,Padrão
DCA-Anexo I-D,2025,DCA-Anexo I-D,DO3.1.90.01.00.00,4318002,Despesas Pagas,"3.1.90.01.00 - Aposentadorias do RPPS, Reserva Remunerada e Reformas dos Militares",2025,Padrão
DCA-Anexo I-D,2025,DCA-Anexo I-D,DO3.1.90.03.00.00,4318002,Despesas Empenhadas,3.1.90.03.00 - Pensões do RPPS e do Militar,2025,Padrão
DCA-Anexo I-D,2025,DCA-Anexo I-D,DO3.1.90.03.00.00,4318002,Despesas Liquidadas,3.1.90.03.00 - Pensões do RPPS e do Militar,2025,Padrão
DCA-Anexo I-D,2025,DCA-Anexo I-D,DO3.1.90.03.00.00,4318002,Despesas Pagas,3.1.90.03.00 - Pensões do RPPS e do Militar,2025,Padrão
DCA-Anexo I-D,2025,DCA-Anexo I-D,DO3.1.90.04.00.00,4318002,Despesas Empenhadas,3.1.90.04.00 - Contratação por Tempo Determinado,2025,Padrão
DCA-Anexo I-D,2025,DCA-Anexo I-D,DO3.1.90.04.00.00,4318002,Despesas Liquidadas,3.1.90.04.00 - Contratação por Tempo Determinado,2025,Padrão
DCA-Anexo I-D,2025,DCA-Anexo I-D,DO3.1.90.04.00.00,4318002,Despesas Pagas,3.1.90.04.00 - Contratação por Tempo Determinado,2025,Padrão
DCA-Anexo I-D,2025,DCA-Anexo I-D,DO3.1.90.04.00.00,4318002,Inscrição de Restos a Pagar Processados,3.1.90.04.00 - Contratação por Tempo Determinado,2025,Padrão
DCA-Anexo I-D,2025,DCA-Anexo I-D,DO3.1.90.11.00.00,4318002,Despesas Empenhadas,3.1.90.11.00 - Vencimentos e Vantagens Fixas - Pessoal Civil,2025,Padrão
DCA-Anexo I-D,2025,DCA-Anexo I-D,DO3.1.90.11.00.00,4318002,Despesas Liquidadas,3.1.90.11.00 - Vencimentos e Vantagens Fixas - Pessoal Civil,2025,Padrão
DCA-Anexo I-D,2025,DCA-Anexo I-D,DO3.1.90.11.00.00,4318002,Despesas Pagas,3.1.90.11.00 - Vencimentos e Vantagens Fixas - Pessoal Civil,2025,Padrão
DCA-Anexo I-D,2025,DCA-Anexo I-D,DO3.1.90.11.00.00,4318002,Inscrição de Restos a Pagar Não Processados,3.1.90.11.00 - Vencimentos e Vantagens Fixas - Pessoal Civil,2025,Padrão
DCA-Anexo I-D,2025,DCA-Anexo I-D,DO3.1.90.11.00.00,4318002,Inscrição de Restos a Pagar Processados,3.1.90.11.00 - Vencimentos e Vantagens Fixas - Pessoal Civil,2025,Padrão
DCA-Anexo I-D,2025,DCA-Anexo I-D,DO3.1.90.13.00.00,4318002,Despesas Empenhadas,3.1.90.13.00 - Obrigações Patronais,2025,Padrão
DCA-Anexo I-D,2025,DCA-Anexo I-D,DO3.1.90.13.00.00,4318002,Despesas Liquidadas,3.1.90.13.00 - Obrigações Patronais,2025,Padrão
DCA-Anexo I-D,2025,DCA-Anexo I-D,DO3.1.90.13.00.00,4318002,Despesas Pagas,3.1.90.13.00 - Obrigações Patronais,2025,Padrão
DCA-Anexo I-D,2025,DCA-Anexo I-D,DO3.1.90.13.00.00,4318002,Inscrição de Restos a Pagar Não Processados,3.1.90.13.00 - Obrigações Patronais,2025,Padrão
DCA-Anexo I-D,2025,DCA-Anexo I-D,DO3.1.90.13.00.00,4318002,Inscrição de Restos a Pagar Processados,3.1.90.13.00 - Obrigações Patronais,2025,Padrão
DCA-Anexo I-D,2025,DCA-Anexo I-D,DO3.1.90.13.01.00,4318002,Despesas Empenhadas,3.1.90.13.01 - FGTS,2025,Padrão
DCA-Anexo I-D,2025,DCA-Anexo I-D,DO3.1.90.13.01.00,4318002,Despesas Liquidadas,3.1.90.13.01 - FGTS,2025,Padrão
DCA-Anexo I-D,2025,DCA-Anexo I-D,DO3.1.90.13.01.00,4318002,Despesas Pagas,3.1.90.13.01 - FGTS,2025,Padrão
DCA-Anexo I-D,2025,DCA-Anexo I-D,DO3.1.90.13.01.00,4318002,Inscrição de Restos a Pagar Processados,3.1.90.13.01 - FGTS,2025,Padrão
DCA-Anexo I-D,2025,DCA-Anexo I-D,DO3.1.90.13.02.00,4318002,Despesas Empenhadas,3.1.90.13.02 - Contribuições Previdenciárias - INSS,2025,Padrão
DCA-Anexo I-D,2025,DCA-Anexo I-D,DO3.1.90.13.02.00,4318002,Despesas Liquidadas,3.1.90.13.02 - Contribuições Previdenciárias - INSS,2025,Padrão
DCA-Anexo I-D,2025,DCA-Anexo I-D,DO3.1.90.13.02.00,4318002,Despesas Pagas,3.1.90.13.02 - Contribuições Previdenciárias - INSS,2025,Padrão
DCA-Anexo I-D,2025,DCA-Anexo I-D,DO3.1.90.13.02.00,4318002,Inscrição de Restos a Pagar Não Processados,3.1.90.13.02 - Contribuições Previdenciárias - INSS,2025,Padrão
DCA-Anexo I-D,2025,DCA-Anexo I-D,DO3.1.90.13.02.00,4318002,Inscrição de Restos a Pagar Processados,3.1.90.13.02 - Contribuições Previdenciárias - INSS,2025,Padrão
DCA-Anexo I-D,2025,DCA-Anexo I-D,DO3.1.90.13.40.00,4318002,Despesas Empenhadas,3.1.90.13.40 - Encargos de pessoal requisitado de outros Entes,2025,Padrão
DCA-Anexo I-D,2025,DCA-Anexo I-D,DO3.1.90.13.40.00,4318002,Despesas Liquidadas,3.1.90.13.40 - Encargos de pessoal requisitado de outros Entes,2025,Padrão
DCA-Anexo I-D,2025,DCA-Anexo I-D,DO3.1.90.13.40.00,4318002,Despesas Pagas,3.1.90.13.40 - Encargos de pessoal requisitado de outros Entes,2025,Padrão
DCA-Anexo I-D,2025,DCA-Anexo I-D,DO3.1.90.13.99.00,4318002,Despesas Empenhadas,3.1.90.13.99 - Outras Obrigações Patronais,2025,Padrão
DCA-Anexo I-D,2025,DCA-Anexo I-D,DO3.1.90.13.99.00,4318002,Despesas Liquidadas,3.1.90.13.99 - Outras Obrigações Patronais,2025,Padrão
DCA-Anexo I-D,2025,DCA-Anexo I-D,DO3.1.90.13.99.00,4318002,Despesas Pagas,3.1.90.13.99 - Outras Obrigações Patronais,2025,Padrão
DCA-Anexo I-D,2025,DCA-Anexo I-D,DO3.1.90.16.00.00,4318002,Despesas Empenhadas,3.1.90.16.00 - Outras Despesas Variáveis - Pessoal Civil,2025,Padrão
DCA-Anexo I-D,2025,DCA-Anexo I-D,DO3.1.90.16.00.00,4318002,Despesas Liquidadas,3.1.90.16.00 - Outras Despesas Variáveis - Pessoal Civil,2025,Padrão
DCA-Anexo I-D,2025,DCA-Anexo I-D,DO3.1.90.16.00.00,4318002,Despesas Pagas,3.1.90.16.00 - Outras Despesas Variáveis - Pessoal Civil,2025,Padrão
DCA-Anexo I-D,2025,DCA-Anexo I-D,DO3.1.90.94.00.00,4318002,Despesas Empenhadas,3.1.90.94.00 - Indenizações e Restituições Trabalhistas,2025,Padrão
DCA-Anexo I-D,2025,DCA-Anexo I-D,DO3.1.90.94.00.00,4318002,Despesas Liquidadas,3.1.90.94.00 - Indenizações e Restituições Trabalhistas,2025,Padrão
DCA-Anexo I-D,2025,DCA-Anexo I-D,DO3.1.90.94.00.00,4318002,Despesas Pagas,3.1.90.94.00 - Indenizações e Restituições Trabalhistas,2025,Padrão
DCA-Anexo I-D,2025,DCA-Anexo I-D,DO3.1.90.94.00.00,4318002,Inscrição de Restos a Pagar Não Processados,3.1.90.94.00 - Indenizações e Restituições Trabalhistas,2025,Padrão
DCA-Anexo I-D,2025,DCA-Anexo I-D,DO3.1.90.96.00.00,4318002,Despesas Empenhadas,3.1.90.96.00 - Ressarcimento de Despesas de Pessoal Requisitado,2025,Padrão
DCA-Anexo I-D,2025,DCA-Anexo I-D,DO3.1.90.96.00.00,4318002,Despesas Liquidadas,3.1.90.96.00 - Ressarcimento de Despesas de Pessoal Requisitado,2025,Padrão
DCA-Anexo I-D,2025,DCA-Anexo I-D,DO3.1.90.96.00.00,4318002,Despesas Pagas,3.1.90.96.00 - Ressarcimento de Despesas de Pessoal Requisitado,2025,Padrão
DCA-Anexo I-D,2025,DCA-Anexo I-D,DI3.1.91.00.00.00,4318002,Despesas Empenhadas,"3.1.91.00.00 - Aplicação Direta Decorrente de Operação entre Órgãos, Fundos e Entidades Integrantes dos Orçamentos Fiscal e da Seguridade Social",2025,Padrão
DCA-Anexo I-D,2025,DCA-Anexo I-D,DI3.1.91.00.00.00,4318002,Despesas Liquidadas,"3.1.91.00.00 - Aplicação Direta Decorrente de Operação entre Órgãos, Fundos e Entidades Integrantes dos Orçamentos Fiscal e da Seguridade Social",2025,Padrão
DCA-Anexo I-D,2025,DCA-Anexo I-D,DI3.1.91.00.00.00,4318002,Despesas Pagas,"3.1.91.00.00 - Aplicação Direta Decorrente de Operação entre Órgãos, Fundos e Entidades Integrantes dos Orçamentos Fiscal e da Seguridade Social",2025,Padrão
DCA-Anexo I-D,2025,DCA-Anexo I-D,DI3.1.91.00.00.00,4318002,Inscrição de Restos a Pagar Processados,"3.1.91.00.00 - Aplicação Direta Decorrente de Operação entre Órgãos, Fundos e Entidades Integrantes dos Orçamentos Fiscal e da Seguridade Social",2025,Padrão
DCA-Anexo I-D,2025,DCA-Anexo I-D,DI3.1.91.13.00.00,4318002,Despesas Empenhadas,3.1.91.13.00 - Contribuições Patronais,2025,Padrão
DCA-Anexo I-D,2025,DCA-Anexo I-D,DI3.1.91.13.00.00,4318002,Despesas Liquidadas,3.1.91.13.00 - Contribuições Patronais,2025,Padrão
DCA-Anexo I-D,2025,DCA-Anexo I-D,DI3.1.91.13.00.00,4318002,Despesas Pagas,3.1.91.13.00 - Contribuições Patronais,2025,Padrão
DCA-Anexo I-D,2025,DCA-Anexo I-D,DI3.1.91.13.00.00,4318002,Inscrição de Restos a Pagar Processados,3.1.91.13.00 - Contribuições Patronais,2025,Padrão
DCA-Anexo I-D,2025,DCA-Anexo I-D,DI3.1.91.13.08.00,4318002,Despesas Empenhadas,3.1.91.13.08 - Contribuições previdenciárias - RPPS - pessoal ativo - plano previdenciário,2025,Padrão
DCA-Anexo I-D,2025,DCA-Anexo I-D,DI3.1.91.13.08.00,4318002,Despesas Liquidadas,3.1.91.13.08 - Contribuições previdenciárias - RPPS - pessoal ativo - plano previdenciário,2025,Padrão
DCA-Anexo I-D,2025,DCA-Anexo I-D,DI3.1.91.13.08.00,4318002,Despesas Pagas,3.1.91.13.08 - Contribuições previdenciárias - RPPS - pessoal ativo - plano previdenciário,2025,Padrão
DCA-Anexo I-D,2025,DCA-Anexo I-D,DI3.1.91.13.08.00,4318002,Inscrição de Restos a Pagar Processados,3.1.91.13.08 - Contribuições previdenciárias - RPPS - pessoal ativo - plano previdenciário,2025,Padrão
DCA-Anexo I-D,2025,DCA-Anexo I-D,DI3.1.91.13.20.00,4318002,Despesas Empenhadas,3.1.91.13.20 - Alíquota suplementar de contribuição previdenciária - pessoal ativo - plano previdenciário,2025,Padrão
DCA-Anexo I-D,2025,DCA-Anexo I-D,DI3.1.91.13.20.00,4318002,Despesas Liquidadas,3.1.91.13.20 - Alíquota suplementar de contribuição previdenciária - pessoal ativo - plano previdenciário,2025,Padrão
DCA-Anexo I-D,2025,DCA-Anexo I-D,DI3.1.91.13.20.00,4318002,Despesas Pagas,3.1.91.13.20 - Alíquota suplementar de contribuição previdenciária - pessoal ativo - plano previdenciário,2025,Padrão
DCA-Anexo I-D,2025,DCA-Anexo I-D,DI3.1.91.13.20.00,4318002,Inscrição de Restos a Pagar Processados,3.1.91.13.20 - Alíquota suplementar de contribuição previdenciária - pessoal ativo - plano previdenciário,2025,Padrão
DCA-Anexo I-D,2025,DCA-Anexo I-D,DO3.2.00.00.00.00,4318002,Despesas Empenhadas,3.2.00.00.00 - Juros e Encargos da Dívida,2025,Padrão
DCA-Anexo I-D,2025,DCA-Anexo I-D,DO3.2.00.00.00.00,4318002,Despesas Liquidadas,3.2.00.00.00 - Juros e Encargos da Dívida,2025,Padrão
DCA-Anexo I-D,2025,DCA-Anexo I-D,DO3.2.00.00.00.00,4318002,Despesas Pagas,3.2.00.00.00 - Juros e Encargos da Dívida,2025,Padrão
DCA-Anexo I-D,2025,DCA-Anexo I-D,DO3.2.90.00.00.00,4318002,Despesas Empenhadas,3.2.90.00.00 - Aplicações Diretas,2025,Padrão
DCA-Anexo I-D,2025,DCA-Anexo I-D,DO3.2.90.00.00.00,4318002,Despesas Liquidadas,3.2.90.00.00 - Aplicações Diretas,2025,Padrão
DCA-Anexo I-D,2025,DCA-Anexo I-D,DO3.2.90.00.00.00,4318002,Despesas Pagas,3.2.90.00.00 - Aplicações Diretas,2025,Padrão
DCA-Anexo I-D,2025,DCA-Anexo I-D,DO3.2.90.21.00.00,4318002,Despesas Empenhadas,3.2.90.21.00 - Juros sobre a Dívida por Contrato,2025,Padrão
DCA-Anexo I-D,2025,DCA-Anexo I-D,DO3.2.90.21.00.00,4318002,Despesas Liquidadas,3.2.90.21.00 - Juros sobre a Dívida por Contrato,2025,Padrão
DCA-Anexo I-D,2025,DCA-Anexo I-D,DO3.2.90.21.00.00,4318002,Despesas Pagas,3.2.90.21.00 - Juros sobre a Dívida por Contrato,2025,Padrão
DCA-Anexo I-D,2025,DCA-Anexo I-D,DI3.2.91.00.00.00,4318002,Despesas Empenhadas,"3.2.91.00.00 - Aplicação direta decorrente de operação entre Órgãos, fundos e entidades integrantes dos OFSS",2025,Padrão
DCA-Anexo I-D,2025,DCA-Anexo I-D,DI3.2.91.00.00.00,4318002,Despesas Liquidadas,"3.2.91.00.00 - Aplicação direta decorrente de operação entre Órgãos, fundos e entidades integrantes dos OFSS",2025,Padrão
DCA-Anexo I-D,2025,DCA-Anexo I-D,DI3.2.91.00.00.00,4318002,Despesas Pagas,"3.2.91.00.00 - Aplicação direta decorrente de operação entre Órgãos, fundos e entidades integrantes dos OFSS",2025,Padrão
DCA-Anexo I-D,2025,DCA-Anexo I-D,DO3.3.00.00.00.00,4318002,Despesas Empenhadas,3.3.00.00.00 - Outras Despesas Correntes,2025,Padrão
DCA-Anexo I-D,2025,DCA-Anexo I-D,DO3.3.00.00.00.00,4318002,Despesas Liquidadas,3.3.00.00.00 - Outras Despesas Correntes,2025,Padrão
DCA-Anexo I-D,2025,DCA-Anexo I-D,DO3.3.00.00.00.00,4318002,Despesas Pagas,3.3.00.00.00 - Outras Despesas Correntes,2025,Padrão
DCA-Anexo I-D,2025,DCA-Anexo I-D,DO3.3.00.00.00.00,4318002,Inscrição de Restos a Pagar Não Processados,3.3.00.00.00 - Outras Despesas Correntes,2025,Padrão
DCA-Anexo I-D,2025,DCA-Anexo I-D,DO3.3.00.00.00.00,4318002,Inscrição de Restos a Pagar Processados,3.3.00.00.00 - Outras Despesas Correntes,2025,Padrão
DCA-Anexo I-D,2025,DCA-Anexo I-D,DO3.3.20.00.00.00,4318002,Despesas Empenhadas,3.3.20.00.00 - Transferências à União,2025,Padrão
DCA-Anexo I-D,2025,DCA-Anexo I-D,DO3.3.20.00.00.00,4318002,Despesas Liquidadas,3.3.20.00.00 - Transferências à União,2025,Padrão
DCA-Anexo I-D,2025,DCA-Anexo I-D,DO3.3.20.00.00.00,4318002,Despesas Pagas,3.3.20.00.00 - Transferências à União,2025,Padrão
DCA-Anexo I-D,2025,DCA-Anexo I-D,DO3.3.30.00.00.00,4318002,Despesas Empenhadas,3.3.30.00.00 - Transferências a Estados e ao Distrito Federal,2025,Padrão
DCA-Anexo I-D,2025,DCA-Anexo I-D,DO3.3.30.00.00.00,4318002,Despesas Liquidadas,3.3.30.00.00 - Transferências a Estados e ao Distrito Federal,2025,Padrão
DCA-Anexo I-D,2025,DCA-Anexo I-D,DO3.3.30.00.00.00,4318002,Despesas Pagas,3.3.30.00.00 - Transferências a Estados e ao Distrito Federal,2025,Padrão
DCA-Anexo I-D,2025,DCA-Anexo I-D,DO3.3.30.00.00.00,4318002,Inscrição de Restos a Pagar Não Processados,3.3.30.00.00 - Transferências a Estados e ao Distrito Federal,2025,Padrão
DCA-Anexo I-D,2025,DCA-Anexo I-D,DO3.3.30.00.00.00,4318002,Inscrição de Restos a Pagar Processados,3.3.30.00.00 - Transferências a Estados e ao Distrito Federal,2025,Padrão
DCA-Anexo I-D,2025,DCA-Anexo I-D,DO3.3.30.41.00.00,4318002,Despesas Empenhadas,3.3.30.41.00 - Contribuições,2025,Padrão
DCA-Anexo I-D,2025,DCA-Anexo I-D,DO3.3.30.41.00.00,4318002,Despesas Liquidadas,3.3.30.41.00 - Contribuições,2025,Padrão
DCA-Anexo I-D,2025,DCA-Anexo I-D,DO3.3.30.41.00.00,4318002,Despesas Pagas,3.3.30.41.00 - Contribuições,2025,Padrão
DCA-Anexo I-D,2025,DCA-Anexo I-D,DO3.3.30.41.00.00,4318002,Inscrição de Restos a Pagar Não Processados,3.3.30.41.00 - Contribuições,2025,Padrão
DCA-Anexo I-D,2025,DCA-Anexo I-D,DO3.3.30.41.00.00,4318002,Inscrição de Restos a Pagar Processados,3.3.30.41.00 - Contribuições,2025,Padrão
DCA-Anexo I-D,2025,DCA-Anexo I-D,DO3.3.30.93.00.00,4318002,Despesas Empenhadas,3.3.30.93.00 - Indenizações e restituições,2025,Padrão
DCA-Anexo I-D,2025,DCA-Anexo I-D,DO3.3.30.93.00.00,4318002,Despesas Liquidadas,3.3.30.93.00 - Indenizações e restituições,2025,Padrão
DCA-Anexo I-D,2025,DCA-Anexo I-D,DO3.3.30.93.00.00,4318002,Despesas Pagas,3.3.30.93.00 - Indenizações e restituições,2025,Padrão
DCA-Anexo I-D,2025,DCA-Anexo I-D,DO3.3.50.00.00.00,4318002,Despesas Empenhadas,3.3.50.00.00 - Transferências a Instituições Privadas sem Fins Lucrativos,2025,Padrão
DCA-Anexo I-D,2025,DCA-Anexo I-D,DO3.3.50.00.00.00,4318002,Despesas Liquidadas,3.3.50.00.00 - Transferências a Instituições Privadas sem Fins Lucrativos,2025,Padrão
DCA-Anexo I-D,2025,DCA-Anexo I-D,DO3.3.50.00.00.00,4318002,Despesas Pagas,3.3.50.00.00 - Transferências a Instituições Privadas sem Fins Lucrativos,2025,Padrão
DCA-Anexo I-D,2025,DCA-Anexo I-D,DO3.3.50.00.00.00,4318002,Inscrição de Restos a Pagar Não Processados,3.3.50.00.00 - Transferências a Instituições Privadas sem Fins Lucrativos,2025,Padrão
DCA-Anexo I-D,2025,DCA-Anexo I-D,DO3.3.60.00.00.00,4318002,Despesas Empenhadas,3.3.60.00.00 - Transferências a Instituições Privadas com Fins Lucrativos,2025,Padrão
DCA-Anexo I-D,2025,DCA-Anexo I-D,DO3.3.60.00.00.00,4318002,Despesas Liquidadas,3.3.60.00.00 - Transferências a Instituições Privadas com Fins Lucrativos,2025,Padrão
DCA-Anexo I-D,2025,DCA-Anexo I-D,DO3.3.60.00.00.00,4318002,Despesas Pagas,3.3.60.00.00 - Transferências a Instituições Privadas com Fins Lucrativos,2025,Padrão
DCA-Anexo I-D,2025,DCA-Anexo I-D,DO3.3.60.00.00.00,4318002,Inscrição de Restos a Pagar Processados,3.3.60.00.00 - Transferências a Instituições Privadas com Fins Lucrativos,2025,Padrão
DCA-Anexo I-D,2025,DCA-Anexo I-D,DO3.3.90.00.00.00,4318002,Despesas Empenhadas,3.3.90.00.00 - Aplicações Diretas,2025,Padrão
DCA-Anexo I-D,2025,DCA-Anexo I-D,DO3.3.90.00.00.00,4318002,Despesas Liquidadas,3.3.90.00.00 - Aplicações Diretas,2025,Padrão
DCA-Anexo I-D,2025,DCA-Anexo I-D,DO3.3.90.00.00.00,4318002,Despesas Pagas,3.3.90.00.00 - Aplicações Diretas,2025,Padrão
DCA-Anexo I-D,2025,DCA-Anexo I-D,DO3.3.90.00.00.00,4318002,Inscrição de Restos a Pagar Não Processados,3.3.90.00.00 - Aplicações Diretas,2025,Padrão
DCA-Anexo I-D,2025,DCA-Anexo I-D,DO3.3.90.00.00.00,4318002,Inscrição de Restos a Pagar Processados,3.3.90.00.00 - Aplicações Diretas,2025,Padrão
DCA-Anexo I-D,2025,DCA-Anexo I-D,DO3.3.90.08.00.00,4318002,Despesas Empenhadas,3.3.90.08.00 - Outros Benefícios Assistenciais do servidor e do militar,2025,Padrão
DCA-Anexo I-D,2025,DCA-Anexo I-D,DO3.3.90.08.00.00,4318002,Despesas Liquidadas,3.3.90.08.00 - Outros Benefícios Assistenciais do servidor e do militar,2025,Padrão
DCA-Anexo I-D,2025,DCA-Anexo I-D,DO3.3.90.08.00.00,4318002,Despesas Pagas,3.3.90.08.00 - Outros Benefícios Assistenciais do servidor e do militar,2025,Padrão
DCA-Anexo I-D,2025,DCA-Anexo I-D,DO3.3.90.08.00.00,4318002,Inscrição de Restos a Pagar Não Processados,3.3.90.08.00 - Outros Benefícios Assistenciais do servidor e do militar,2025,Padrão
DCA-Anexo I-D,2025,DCA-Anexo I-D,DO3.3.90.08.00.00,4318002,Inscrição de Restos a Pagar Processados,3.3.90.08.00 - Outros Benefícios Assistenciais do servidor e do militar,2025,Padrão
DCA-Anexo I-D,2025,DCA-Anexo I-D,DO3.3.90.14.00.00,4318002,Despesas Empenhadas,3.3.90.14.00 - Diárias - Civil,2025,Padrão
DCA-Anexo I-D,2025,DCA-Anexo I-D,DO3.3.90.14.00.00,4318002,Despesas Liquidadas,3.3.90.14.00 - Diárias - Civil,2025,Padrão
DCA-Anexo I-D,2025,DCA-Anexo I-D,DO3.3.90.14.00.00,4318002,Despesas Pagas,3.3.90.14.00 - Diárias - Civil,2025,Padrão
DCA-Anexo I-D,2025,DCA-Anexo I-D,DO3.3.90.14.00.00,4318002,Inscrição de Restos a Pagar Processados,3.3.90.14.00 - Diárias - Civil,2025,Padrão
DCA-Anexo I-D,2025,DCA-Anexo I-D,DO3.3.90.30.00.00,4318002,Despesas Empenhadas,3.3.90.30.00 - Material de Consumo,2025,Padrão
DCA-Anexo I-D,2025,DCA-Anexo I-D,DO3.3.90.30.00.00,4318002,Despesas Liquidadas,3.3.90.30.00 - Material de Consumo,2025,Padrão
DCA-Anexo I-D,2025,DCA-Anexo I-D,DO3.3.90.30.00.00,4318002,Despesas Pagas,3.3.90.30.00 - Material de Consumo,2025,Padrão
DCA-Anexo I-D,2025,DCA-Anexo I-D,DO3.3.90.30.00.00,4318002,Inscrição de Restos a Pagar Não Processados,3.3.90.30.00 - Material de Consumo,2025,Padrão
DCA-Anexo I-D,2025,DCA-Anexo I-D,DO3.3.90.30.00.00,4318002,Inscrição de Restos a Pagar Processados,3.3.90.30.00 - Material de Consumo,2025,Padrão
DCA-Anexo I-D,2025,DCA-Anexo I-D,DO3.3.90.31.00.00,4318002,Despesas Empenhadas,"3.3.90.31.00 - Premiações Culturais, Artísticas, Científicas, Desportivas e Outras",2025,Padrão
DCA-Anexo I-D,2025,DCA-Anexo I-D,DO3.3.90.31.00.00,4318002,Despesas Liquidadas,"3.3.90.31.00 - Premiações Culturais, Artísticas, Científicas, Desportivas e Outras",2025,Padrão
DCA-Anexo I-D,2025,DCA-Anexo I-D,DO3.3.90.31.00.00,4318002,Despesas Pagas,"3.3.90.31.00 - Premiações Culturais, Artísticas, Científicas, Desportivas e Outras",2025,Padrão
DCA-Anexo I-D,2025,DCA-Anexo I-D,DO3.3.90.31.00.00,4318002,Inscrição de Restos a Pagar Processados,"3.3.90.31.00 - Premiações Culturais, Artísticas, Científicas, Desportivas e Outras",2025,Padrão
DCA-Anexo I-D,2025,DCA-Anexo I-D,DO3.3.90.32.00.00,4318002,Despesas Empenhadas,"3.3.90.32.00 - Material, Bem ou Serviço para Distribuição Gratuita",2025,Padrão
DCA-Anexo I-D,2025,DCA-Anexo I-D,DO3.3.90.32.00.00,4318002,Despesas Liquidadas,"3.3.90.32.00 - Material, Bem ou Serviço para Distribuição Gratuita",2025,Padrão
DCA-Anexo I-D,2025,DCA-Anexo I-D,DO3.3.90.32.00.00,4318002,Despesas Pagas,"3.3.90.32.00 - Material, Bem ou Serviço para Distribuição Gratuita",2025,Padrão
DCA-Anexo I-D,2025,DCA-Anexo I-D,DO3.3.90.32.00.00,4318002,Inscrição de Restos a Pagar Não Processados,"3.3.90.32.00 - Material, Bem ou Serviço para Distribuição Gratuita",2025,Padrão
DCA-Anexo I-D,2025,DCA-Anexo I-D,DO3.3.90.32.00.00,4318002,Inscrição de Restos a Pagar Processados,"3.3.90.32.00 - Material, Bem ou Serviço para Distribuição Gratuita",2025,Padrão
DCA-Anexo I-D,2025,DCA-Anexo I-D,DO3.3.90.33.00.00,4318002,Despesas Empenhadas,3.3.90.33.00 - Passagens e Despesas com Locomoção,2025,Padrão
DCA-Anexo I-D,2025,DCA-Anexo I-D,DO3.3.90.33.00.00,4318002,Despesas Liquidadas,3.3.90.33.00 - Passagens e Despesas com Locomoção,2025,Padrão
DCA-Anexo I-D,2025,DCA-Anexo I-D,DO3.3.90.33.00.00,4318002,Despesas Pagas,3.3.90.33.00 - Passagens e Despesas com Locomoção,2025,Padrão
DCA-Anexo I-D,2025,DCA-Anexo I-D,DO3.3.90.33.00.00,4318002,Inscrição de Restos a Pagar Não Processados,3.3.90.33.00 - Passagens e Despesas com Locomoção,2025,Padrão
DCA-Anexo I-D,2025,DCA-Anexo I-D,DO3.3.90.35.00.00,4318002,Despesas Empenhadas,3.3.90.35.00 - Serviços de Consultoria,2025,Padrão
DCA-Anexo I-D,2025,DCA-Anexo I-D,DO3.3.90.35.00.00,4318002,Despesas Liquidadas,3.3.90.35.00 - Serviços de Consultoria,2025,Padrão
DCA-Anexo I-D,2025,DCA-Anexo I-D,DO3.3.90.35.00.00,4318002,Despesas Pagas,3.3.90.35.00 - Serviços de Consultoria,2025,Padrão
DCA-Anexo I-D,2025,DCA-Anexo I-D,DO3.3.90.35.00.00,4318002,Inscrição de Restos a Pagar Não Processados,3.3.90.35.00 - Serviços de Consultoria,2025,Padrão
DCA-Anexo I-D,2025,DCA-Anexo I-D,DO3.3.90.36.00.00,4318002,Despesas Empenhadas,3.3.90.36.00 - Outros Serviços de Terceiros - Pessoa Física,2025,Padrão
DCA-Anexo I-D,2025,DCA-Anexo I-D,DO3.3.90.36.00.00,4318002,Despesas Liquidadas,3.3.90.36.00 - Outros Serviços de Terceiros - Pessoa Física,2025,Padrão
DCA-Anexo I-D,2025,DCA-Anexo I-D,DO3.3.90.36.00.00,4318002,Despesas Pagas,3.3.90.36.00 - Outros Serviços de Terceiros - Pessoa Física,2025,Padrão
DCA-Anexo I-D,2025,DCA-Anexo I-D,DO3.3.90.36.00.00,4318002,Inscrição de Restos a Pagar Não Processados,3.3.90.36.00 - Outros Serviços de Terceiros - Pessoa Física,2025,Padrão
DCA-Anexo I-D,2025,DCA-Anexo I-D,DO3.3.90.36.00.00,4318002,Inscrição de Restos a Pagar Processados,3.3.90.36.00 - Outros Serviços de Terceiros - Pessoa Física,2025,Padrão
DCA-Anexo I-D,2025,DCA-Anexo I-D,DO3.3.90.39.00.00,4318002,Despesas Empenhadas,3.3.90.39.00 - Outros Serviços de Terceiros - Pessoa Jurídica,2025,Padrão
DCA-Anexo I-D,2025,DCA-Anexo I-D,DO3.3.90.39.00.00,4318002,Despesas Liquidadas,3.3.90.39.00 - Outros Serviços de Terceiros - Pessoa Jurídica,2025,Padrão
DCA-Anexo I-D,2025,DCA-Anexo I-D,DO3.3.90.39.00.00,4318002,Despesas Pagas,3.3.90.39.00 - Outros Serviços de Terceiros - Pessoa Jurídica,2025,Padrão
DCA-Anexo I-D,2025,DCA-Anexo I-D,DO3.3.90.39.00.00,4318002,Inscrição de Restos a Pagar Não Processados,3.3.90.39.00 - Outros Serviços de Terceiros - Pessoa Jurídica,2025,Padrão
DCA-Anexo I-D,2025,DCA-Anexo I-D,DO3.3.90.39.00.00,4318002,Inscrição de Restos a Pagar Processados,3.3.90.39.00 - Outros Serviços de Terceiros - Pessoa Jurídica,2025,Padrão
DCA-Anexo I-D,2025,DCA-Anexo I-D,DO3.3.90.40.00.00,4318002,Despesas Empenhadas,3.3.90.40.00 - Serviços de Tecnologia da Informação e Comunicação - Pessoa Jurídica,2025,Padrão
DCA-Anexo I-D,2025,DCA-Anexo I-D,DO3.3.90.40.00.00,4318002,Despesas Liquidadas,3.3.90.40.00 - Serviços de Tecnologia da Informação e Comunicação - Pessoa Jurídica,2025,Padrão
DCA-Anexo I-D,2025,DCA-Anexo I-D,DO3.3.90.40.00.00,4318002,Despesas Pagas,3.3.90.40.00 - Serviços de Tecnologia da Informação e Comunicação - Pessoa Jurídica,2025,Padrão
DCA-Anexo I-D,2025,DCA-Anexo I-D,DO3.3.90.40.00.00,4318002,Inscrição de Restos a Pagar Não Processados,3.3.90.40.00 - Serviços de Tecnologia da Informação e Comunicação - Pessoa Jurídica,2025,Padrão
DCA-Anexo I-D,2025,DCA-Anexo I-D,DO3.3.90.40.00.00,4318002,Inscrição de Restos a Pagar Processados,3.3.90.40.00 - Serviços de Tecnologia da Informação e Comunicação - Pessoa Jurídica,2025,Padrão
DCA-Anexo I-D,2025,DCA-Anexo I-D,DO3.3.90.46.00.00,4318002,Despesas Empenhadas,3.3.90.46.00 - Auxílio-Alimentação,2025,Padrão
DCA-Anexo I-D,2025,DCA-Anexo I-D,DO3.3.90.46.00.00,4318002,Despesas Liquidadas,3.3.90.46.00 - Auxílio-Alimentação,2025,Padrão
DCA-Anexo I-D,2025,DCA-Anexo I-D,DO3.3.90.46.00.00,4318002,Despesas Pagas,3.3.90.46.00 - Auxílio-Alimentação,2025,Padrão
DCA-Anexo I-D,2025,DCA-Anexo I-D,DO3.3.90.46.00.00,4318002,Inscrição de Restos a Pagar Processados,3.3.90.46.00 - Auxílio-Alimentação,2025,Padrão
DCA-Anexo I-D,2025,DCA-Anexo I-D,DO3.3.90.47.00.00,4318002,Despesas Empenhadas,3.3.90.47.00 - Obrigações Tributárias e Contributivas,2025,Padrão
DCA-Anexo I-D,2025,DCA-Anexo I-D,DO3.3.90.47.00.00,4318002,Despesas Liquidadas,3.3.90.47.00 - Obrigações Tributárias e Contributivas,2025,Padrão
DCA-Anexo I-D,2025,DCA-Anexo I-D,DO3.3.90.47.00.00,4318002,Despesas Pagas,3.3.90.47.00 - Obrigações Tributárias e Contributivas,2025,Padrão
DCA-Anexo I-D,2025,DCA-Anexo I-D,DO3.3.90.47.00.00,4318002,Inscrição de Restos a Pagar Processados,3.3.90.47.00 - Obrigações Tributárias e Contributivas,2025,Padrão
DCA-Anexo I-D,2025,DCA-Anexo I-D,DO3.3.90.49.00.00,4318002,Despesas Empenhadas,3.3.90.49.00 - Auxílio-Transporte,2025,Padrão
DCA-Anexo I-D,2025,DCA-Anexo I-D,DO3.3.90.49.00.00,4318002,Despesas Liquidadas,3.3.90.49.00 - Auxílio-Transporte,2025,Padrão
DCA-Anexo I-D,2025,DCA-Anexo I-D,DO3.3.90.49.00.00,4318002,Despesas Pagas,3.3.90.49.00 - Auxílio-Transporte,2025,Padrão
DCA-Anexo I-D,2025,DCA-Anexo I-D,DO3.3.90.86.00.00,4318002,Despesas Empenhadas,3.3.90.86.00 - Compensações a Regimes de Previdência,2025,Padrão
DCA-Anexo I-D,2025,DCA-Anexo I-D,DO3.3.90.86.00.00,4318002,Despesas Liquidadas,3.3.90.86.00 - Compensações a Regimes de Previdência,2025,Padrão
DCA-Anexo I-D,2025,DCA-Anexo I-D,DO3.3.90.86.00.00,4318002,Despesas Pagas,3.3.90.86.00 - Compensações a Regimes de Previdência,2025,Padrão
DCA-Anexo I-D,2025,DCA-Anexo I-D,DO3.3.90.91.00.00,4318002,Despesas Empenhadas,3.3.90.91.00 - Sentenças Judiciais,2025,Padrão
DCA-Anexo I-D,2025,DCA-Anexo I-D,DO3.3.90.91.00.00,4318002,Despesas Liquidadas,3.3.90.91.00 - Sentenças Judiciais,2025,Padrão
DCA-Anexo I-D,2025,DCA-Anexo I-D,DO3.3.90.91.00.00,4318002,Despesas Pagas,3.3.90.91.00 - Sentenças Judiciais,2025,Padrão
DCA-Anexo I-D,2025,DCA-Anexo I-D,DO3.3.90.91.00.00,4318002,Inscrição de Restos a Pagar Processados,3.3.90.91.00 - Sentenças Judiciais,2025,Padrão
DCA-Anexo I-D,2025,DCA-Anexo I-D,DO3.3.90.92.00.00,4318002,Despesas Empenhadas,3.3.90.92.00 - Despesas de Exercícios Anteriores,2025,Padrão
DCA-Anexo I-D,2025,DCA-Anexo I-D,DO3.3.90.92.00.00,4318002,Despesas Liquidadas,3.3.90.92.00 - Despesas de Exercícios Anteriores,2025,Padrão
DCA-Anexo I-D,2025,DCA-Anexo I-D,DO3.3.90.92.00.00,4318002,Despesas Pagas,3.3.90.92.00 - Despesas de Exercícios Anteriores,2025,Padrão
DCA-Anexo I-D,2025,DCA-Anexo I-D,DO3.3.90.92.00.00,4318002,Inscrição de Restos a Pagar Não Processados,3.3.90.92.00 - Despesas de Exercícios Anteriores,2025,Padrão
DCA-Anexo I-D,2025,DCA-Anexo I-D,DO3.3.90.93.00.00,4318002,Despesas Empenhadas,3.3.90.93.00 - Indenizações e Restituições,2025,Padrão
DCA-Anexo I-D,2025,DCA-Anexo I-D,DO3.3.90.93.00.00,4318002,Despesas Liquidadas,3.3.90.93.00 - Indenizações e Restituições,2025,Padrão
DCA-Anexo I-D,2025,DCA-Anexo I-D,DO3.3.90.93.00.00,4318002,Despesas Pagas,3.3.90.93.00 - Indenizações e Restituições,2025,Padrão
DCA-Anexo I-D,2025,DCA-Anexo I-D,DO3.3.90.93.00.00,4318002,Inscrição de Restos a Pagar Não Processados,3.3.90.93.00 - Indenizações e Restituições,2025,Padrão
DCA-Anexo I-D,2025,DCA-Anexo I-D,DO3.3.90.93.00.00,4318002,Inscrição de Restos a Pagar Processados,3.3.90.93.00 - Indenizações e Restituições,2025,Padrão
DCA-Anexo I-D,2025,DCA-Anexo I-D,DI3.3.91.00.00.00,4318002,Despesas Empenhadas,"3.3.91.00.00 - Aplicação Direta Decorrente de Operação entre Órgãos, Fundos e Entidades Integrantes dos Orçamentos Fiscal e da Seguridade Social",2025,Padrão
DCA-Anexo I-D,2025,DCA-Anexo I-D,DI3.3.91.00.00.00,4318002,Despesas Liquidadas,"3.3.91.00.00 - Aplicação Direta Decorrente de Operação entre Órgãos, Fundos e Entidades Integrantes dos Orçamentos Fiscal e da Seguridade Social",2025,Padrão
DCA-Anexo I-D,2025,DCA-Anexo I-D,DI3.3.91.00.00.00,4318002,Despesas Pagas,"3.3.91.00.00 - Aplicação Direta Decorrente de Operação entre Órgãos, Fundos e Entidades Integrantes dos Orçamentos Fiscal e da Seguridade Social",2025,Padrão
DCA-Anexo I-D,2025,DCA-Anexo I-D,DI3.3.91.00.00.00,4318002,Inscrição de Restos a Pagar Processados,"3.3.91.00.00 - Aplicação Direta Decorrente de Operação entre Órgãos, Fundos e Entidades Integrantes dos Orçamentos Fiscal e da Seguridade Social",2025,Padrão
DCA-Anexo I-D,2025,DCA-Anexo I-D,DO4.0.00.00.00.00,4318002,Despesas Empenhadas,4.0.00.00.00 - Despesas de Capital,2025,Padrão
DCA-Anexo I-D,2025,DCA-Anexo I-D,DO4.0.00.00.00.00,4318002,Despesas Liquidadas,4.0.00.00.00 - Despesas de Capital,2025,Padrão
DCA-Anexo I-D,2025,DCA-Anexo I-D,DO4.0.00.00.00.00,4318002,Despesas Pagas,4.0.00.00.00 - Despesas de Capital,2025,Padrão
DCA-Anexo I-D,2025,DCA-Anexo I-D,DO4.0.00.00.00.00,4318002,Inscrição de Restos a Pagar Não Processados,4.0.00.00.00 - Despesas de Capital,2025,Padrão
DCA-Anexo I-D,2025,DCA-Anexo I-D,DO4.0.00.00.00.00,4318002,Inscrição de Restos a Pagar Processados,4.0.00.00.00 - Despesas de Capital,2025,Padrão
DCA-Anexo I-D,2025,DCA-Anexo I-D,DO4.4.00.00.00.00,4318002,Despesas Empenhadas,4.4.00.00.00 - Investimentos,2025,Padrão
DCA-Anexo I-D,2025,DCA-Anexo I-D,DO4.4.00.00.00.00,4318002,Despesas Liquidadas,4.4.00.00.00 - Investimentos,2025,Padrão
DCA-Anexo I-D,2025,DCA-Anexo I-D,DO4.4.00.00.00.00,4318002,Despesas Pagas,4.4.00.00.00 - Investimentos,2025,Padrão
DCA-Anexo I-D,2025,DCA-Anexo I-D,DO4.4.00.00.00.00,4318002,Inscrição de Restos a Pagar Não Processados,4.4.00.00.00 - Investimentos,2025,Padrão
DCA-Anexo I-D,2025,DCA-Anexo I-D,DO4.4.00.00.00.00,4318002,Inscrição de Restos a Pagar Processados,4.4.00.00.00 - Investimentos,2025,Padrão
DCA-Anexo I-D,2025,DCA-Anexo I-D,DO4.4.20.00.00.00,4318002,Despesas Empenhadas,4.4.20.00.00 - Transferências à União,2025,Padrão
DCA-Anexo I-D,2025,DCA-Anexo I-D,DO4.4.20.00.00.00,4318002,Despesas Liquidadas,4.4.20.00.00 - Transferências à União,2025,Padrão
DCA-Anexo I-D,2025,DCA-Anexo I-D,DO4.4.20.00.00.00,4318002,Despesas Pagas,4.4.20.00.00 - Transferências à União,2025,Padrão
DCA-Anexo I-D,2025,DCA-Anexo I-D,DO4.4.20.00.00.00,4318002,Inscrição de Restos a Pagar Processados,4.4.20.00.00 - Transferências à União,2025,Padrão
DCA-Anexo I-D,2025,DCA-Anexo I-D,DO4.4.30.00.00.00,4318002,Despesas Empenhadas,4.4.30.00.00 - Transferências a Estados e ao Distrito Federal,2025,Padrão
DCA-Anexo I-D,2025,DCA-Anexo I-D,DO4.4.30.00.00.00,4318002,Despesas Liquidadas,4.4.30.00.00 - Transferências a Estados e ao Distrito Federal,2025,Padrão
DCA-Anexo I-D,2025,DCA-Anexo I-D,DO4.4.30.00.00.00,4318002,Despesas Pagas,4.4.30.00.00 - Transferências a Estados e ao Distrito Federal,2025,Padrão
DCA-Anexo I-D,2025,DCA-Anexo I-D,DO4.4.50.00.00.00,4318002,Despesas Empenhadas,4.4.50.00.00 - Transferências a Instituições Privadas sem Fins Lucrativos,2025,Padrão
DCA-Anexo I-D,2025,DCA-Anexo I-D,DO4.4.50.00.00.00,4318002,Despesas Liquidadas,4.4.50.00.00 - Transferências a Instituições Privadas sem Fins Lucrativos,2025,Padrão
DCA-Anexo I-D,2025,DCA-Anexo I-D,DO4.4.50.00.00.00,4318002,Despesas Pagas,4.4.50.00.00 - Transferências a Instituições Privadas sem Fins Lucrativos,2025,Padrão
DCA-Anexo I-D,2025,DCA-Anexo I-D,DO4.4.90.00.00.00,4318002,Despesas Empenhadas,4.4.90.00.00 - Aplicações Diretas,2025,Padrão
DCA-Anexo I-D,2025,DCA-Anexo I-D,DO4.4.90.00.00.00,4318002,Despesas Liquidadas,4.4.90.00.00 - Aplicações Diretas,2025,Padrão
DCA-Anexo I-D,2025,DCA-Anexo I-D,DO4.4.90.00.00.00,4318002,Despesas Pagas,4.4.90.00.00 - Aplicações Diretas,2025,Padrão
DCA-Anexo I-D,2025,DCA-Anexo I-D,DO4.4.90.00.00.00,4318002,Inscrição de Restos a Pagar Não Processados,4.4.90.00.00 - Aplicações Diretas,2025,Padrão
DCA-Anexo I-D,2025,DCA-Anexo I-D,DO4.4.90.00.00.00,4318002,Inscrição de Restos a Pagar Processados,4.4.90.00.00 - Aplicações Diretas,2025,Padrão
DCA-Anexo I-D,2025,DCA-Anexo I-D,DO4.4.90.30.00.00,4318002,Despesas Empenhadas,4.4.90.30.00 - Material de Consumo,2025,Padrão
DCA-Anexo I-D,2025,DCA-Anexo I-D,DO4.4.90.30.00.00,4318002,Despesas Liquidadas,4.4.90.30.00 - Material de Consumo,2025,Padrão
DCA-Anexo I-D,2025,DCA-Anexo I-D,DO4.4.90.30.00.00,4318002,Despesas Pagas,4.4.90.30.00 - Material de Consumo,2025,Padrão
DCA-Anexo I-D,2025,DCA-Anexo I-D,DO4.4.90.40.00.00,4318002,Despesas Empenhadas,4.4.90.40.00 - Serviços de Tecnologia da Informação e Comunicação - Pessoa Jurídica,2025,Padrão
DCA-Anexo I-D,2025,DCA-Anexo I-D,DO4.4.90.40.00.00,4318002,Despesas Liquidadas,4.4.90.40.00 - Serviços de Tecnologia da Informação e Comunicação - Pessoa Jurídica,2025,Padrão
DCA-Anexo I-D,2025,DCA-Anexo I-D,DO4.4.90.40.00.00,4318002,Despesas Pagas,4.4.90.40.00 - Serviços de Tecnologia da Informação e Comunicação - Pessoa Jurídica,2025,Padrão
DCA-Anexo I-D,2025,DCA-Anexo I-D,DO4.4.90.51.00.00,4318002,Despesas Empenhadas,4.4.90.51.00 - Obras e Instalações,2025,Padrão
DCA-Anexo I-D,2025,DCA-Anexo I-D,DO4.4.90.51.00.00,4318002,Despesas Liquidadas,4.4.90.51.00 - Obras e Instalações,2025,Padrão
DCA-Anexo I-D,2025,DCA-Anexo I-D,DO4.4.90.51.00.00,4318002,Despesas Pagas,4.4.90.51.00 - Obras e Instalações,2025,Padrão
DCA-Anexo I-D,2025,DCA-Anexo I-D,DO4.4.90.51.00.00,4318002,Inscrição de Restos a Pagar Não Processados,4.4.90.51.00 - Obras e Instalações,2025,Padrão
DCA-Anexo I-D,2025,DCA-Anexo I-D,DO4.4.90.51.91.00,4318002,Despesas Empenhadas,4.4.90.51.91 - Obras em Andamento,2025,Padrão
DCA-Anexo I-D,2025,DCA-Anexo I-D,DO4.4.90.51.91.00,4318002,Despesas Liquidadas,4.4.90.51.91 - Obras em Andamento,2025,Padrão
DCA-Anexo I-D,2025,DCA-Anexo I-D,DO4.4.90.51.91.00,4318002,Despesas Pagas,4.4.90.51.91 - Obras em Andamento,2025,Padrão
DCA-Anexo I-D,2025,DCA-Anexo I-D,DO4.4.90.51.91.00,4318002,Inscrição de Restos a Pagar Não Processados,4.4.90.51.91 - Obras em Andamento,2025,Padrão
DCA-Anexo I-D,2025,DCA-Anexo I-D,DO4.4.90.51.99.00,4318002,Despesas Empenhadas,4.4.90.51.99 - Outras Obras e Instalações,2025,Padrão
DCA-Anexo I-D,2025,DCA-Anexo I-D,DO4.4.90.51.99.00,4318002,Despesas Liquidadas,4.4.90.51.99 - Outras Obras e Instalações,2025,Padrão
DCA-Anexo I-D,2025,DCA-Anexo I-D,DO4.4.90.51.99.00,4318002,Despesas Pagas,4.4.90.51.99 - Outras Obras e Instalações,2025,Padrão
DCA-Anexo I-D,2025,DCA-Anexo I-D,DO4.4.90.51.99.00,4318002,Inscrição de Restos a Pagar Não Processados,4.4.90.51.99 - Outras Obras e Instalações,2025,Padrão
DCA-Anexo I-D,2025,DCA-Anexo I-D,DO4.4.90.52.00.00,4318002,Despesas Empenhadas,4.4.90.52.00 - Equipamentos e Material Permanente,2025,Padrão
DCA-Anexo I-D,2025,DCA-Anexo I-D,DO4.4.90.52.00.00,4318002,Despesas Liquidadas,4.4.90.52.00 - Equipamentos e Material Permanente,2025,Padrão
DCA-Anexo I-D,2025,DCA-Anexo I-D,DO4.4.90.52.00.00,4318002,Despesas Pagas,4.4.90.52.00 - Equipamentos e Material Permanente,2025,Padrão
DCA-Anexo I-D,2025,DCA-Anexo I-D,DO4.4.90.52.00.00,4318002,Inscrição de Restos a Pagar Não Processados,4.4.90.52.00 - Equipamentos e Material Permanente,2025,Padrão
DCA-Anexo I-D,2025,DCA-Anexo I-D,DO4.4.90.52.00.00,4318002,Inscrição de Restos a Pagar Processados,4.4.90.52.00 - Equipamentos e Material Permanente,2025,Padrão
DCA-Anexo I-D,2025,DCA-Anexo I-D,DO4.6.00.00.00.00,4318002,Despesas Empenhadas,4.6.00.00.00 - Amortização da Dívida,2025,Padrão
DCA-Anexo I-D,2025,DCA-Anexo I-D,DO4.6.00.00.00.00,4318002,Despesas Liquidadas,4.6.00.00.00 - Amortização da Dívida,2025,Padrão
DCA-Anexo I-D,2025,DCA-Anexo I-D,DO4.6.00.00.00.00,4318002,Despesas Pagas,4.6.00.00.00 - Amortização da Dívida,2025,Padrão
DCA-Anexo I-D,2025,DCA-Anexo I-D,DO4.6.90.00.00.00,4318002,Despesas Empenhadas,4.6.90.00.00 - Aplicações Diretas,2025,Padrão
DCA-Anexo I-D,2025,DCA-Anexo I-D,DO4.6.90.00.00.00,4318002,Despesas Liquidadas,4.6.90.00.00 - Aplicações Diretas,2025,Padrão
DCA-Anexo I-D,2025,DCA-Anexo I-D,DO4.6.90.00.00.00,4318002,Despesas Pagas,4.6.90.00.00 - Aplicações Diretas,2025,Padrão
DCA-Anexo I-D,2025,DCA-Anexo I-D,DO4.6.90.71.00.00,4318002,Despesas Empenhadas,4.6.90.71.00 - Principal da Dívida Contratual Resgatado,2025,Padrão
DCA-Anexo I-D,2025,DCA-Anexo I-D,DO4.6.90.71.00.00,4318002,Despesas Liquidadas,4.6.90.71.00 - Principal da Dívida Contratual Resgatado,2025,Padrão
DCA-Anexo I-D,2025,DCA-Anexo I-D,DO4.6.90.71.00.00,4318002,Despesas Pagas,4.6.90.71.00 - Principal da Dívida Contratual Resgatado,2025,Padrão
DCA-Anexo I-D,2025,DCA-Anexo I-D,DI4.6.91.00.00.00,4318002,Despesas Empenhadas,"4.6.91.00.00 - Aplicação direta decorrente de operação entre órgãos, fundos e entidades integrantes dos OFSS",2025,Padrão
DCA-Anexo I-D,2025,DCA-Anexo I-D,DI4.6.91.00.00.00,4318002,Despesas Liquidadas,"4.6.91.00.00 - Aplicação direta decorrente de operação entre órgãos, fundos e entidades integrantes dos OFSS",2025,Padrão
DCA-Anexo I-D,2025,DCA-Anexo I-D,DI4.6.91.00.00.00,4318002,Despesas Pagas,"4.6.91.00.00 - Aplicação direta decorrente de operação entre órgãos, fundos e entidades integrantes dos OFSS",2025,Padrão
DCA-Anexo I-E,2025,DCA-Anexo I-E,TotalDespesas,4318002,Despesas Empenhadas,Despesas Exceto Intraorçamentárias,2025,Total Geral da Despesa por Função
DCA-Anexo I-E,2025,DCA-Anexo I-E,TotalDespesas,4318002,Despesas Empenhadas,01 - Legislativa,2025,Total Geral da Despesa por Função
DCA-Anexo I-E,2025,DCA-Anexo I-E,TotalDespesas,4318002,Despesas Empenhadas,01.031 - Ação Legislativa,2025,Total Geral da Despesa por Função
DCA-Anexo I-E,2025,DCA-Anexo I-E,TotalDespesas,4318002,Despesas Empenhadas,04 - Administração,2025,Total Geral da Despesa por Função
DCA-Anexo I-E,2025,DCA-Anexo I-E,TotalDespesas,4318002,Despesas Empenhadas,04.121 - Planejamento e Orçamento,2025,Total Geral da Despesa por Função
DCA-Anexo I-E,2025,DCA-Anexo I-E,TotalDespesas,4318002,Despesas Empenhadas,04.122 - Administração Geral,2025,Total Geral da Despesa por Função
DCA-Anexo I-E,2025,DCA-Anexo I-E,TotalDespesas,4318002,Despesas Empenhadas,04.124 - Controle Interno,2025,Total Geral da Despesa por Função
DCA-Anexo I-E,2025,DCA-Anexo I-E,TotalDespesas,4318002,Despesas Empenhadas,04.126 - Tecnologia da Informação,2025,Total Geral da Despesa por Função
DCA-Anexo I-E,2025,DCA-Anexo I-E,TotalDespesas,4318002,Despesas Empenhadas,04.128 - Formação de Recursos Humanos,2025,Total Geral da Despesa por Função
DCA-Anexo I-E,2025,DCA-Anexo I-E,TotalDespesas,4318002,Despesas Empenhadas,04.129 - Administração de Receitas,2025,Total Geral da Despesa por Função
DCA-Anexo I-E,2025,DCA-Anexo I-E,TotalDespesas,4318002,Despesas Empenhadas,FU04 - Demais Subfunções,2025,Total Geral da Despesa por Função
DCA-Anexo I-E,2025,DCA-Anexo I-E,TotalDespesas,4318002,Despesas Empenhadas,06 - Segurança Pública,2025,Total Geral da Despesa por Função
DCA-Anexo I-E,2025,DCA-Anexo I-E,TotalDespesas,4318002,Despesas Empenhadas,06.181 - Policiamento,2025,Total Geral da Despesa por Função
DCA-Anexo I-E,2025,DCA-Anexo I-E,TotalDespesas,4318002,Despesas Empenhadas,06.182 - Defesa Civil,2025,Total Geral da Despesa por Função
DCA-Anexo I-E,2025,DCA-Anexo I-E,TotalDespesas,4318002,Despesas Empenhadas,08 - Assistência Social,2025,Total Geral da Despesa por Função
DCA-Anexo I-E,2025,DCA-Anexo I-E,TotalDespesas,4318002,Despesas Empenhadas,08.241 - Assistência à Pessoa Idosa,2025,Total Geral da Despesa por Função
DCA-Anexo I-E,2025,DCA-Anexo I-E,TotalDespesas,4318002,Despesas Empenhadas,08.243 - Assistência à Criança e ao Adolescente,2025,Total Geral da Despesa por Função
DCA-Anexo I-E,2025,DCA-Anexo I-E,TotalDespesas,4318002,Despesas Empenhadas,08.244 - Assistência Comunitária,2025,Total Geral da Despesa por Função
DCA-Anexo I-E,2025,DCA-Anexo I-E,TotalDespesas,4318002,Despesas Empenhadas,08.245 - Serviços Socioassistenciais,2025,Total Geral da Despesa por Função
DCA-Anexo I-E,2025,DCA-Anexo I-E,TotalDespesas,4318002,Despesas Empenhadas,08.122 - Administração Geral,2025,Total Geral da Despesa por Função
DCA-Anexo I-E,2025,DCA-Anexo I-E,TotalDespesas,4318002,Despesas Empenhadas,09 - Previdência Social,2025,Total Geral da Despesa por Função
DCA-Anexo I-E,2025,DCA-Anexo I-E,TotalDespesas,4318002,Despesas Empenhadas,09.272 - Previdência do Regime Estatutário,2025,Total Geral da Despesa por Função
DCA-Anexo I-E,2025,DCA-Anexo I-E,TotalDespesas,4318002,Despesas Empenhadas,09.274 - Previdência Especial,2025,Total Geral da Despesa por Função
DCA-Anexo I-E,2025,DCA-Anexo I-E,TotalDespesas,4318002,Despesas Empenhadas,09.122 - Administração Geral,2025,Total Geral da Despesa por Função
DCA-Anexo I-E,2025,DCA-Anexo I-E,TotalDespesas,4318002,Despesas Empenhadas,10 - Saúde,2025,Total Geral da Despesa por Função
DCA-Anexo I-E,2025,DCA-Anexo I-E,TotalDespesas,4318002,Despesas Empenhadas,10.301 - Atenção Básica,2025,Total Geral da Despesa por Função
DCA-Anexo I-E,2025,DCA-Anexo I-E,TotalDespesas,4318002,Despesas Empenhadas,10.302 - Assistência Hospitalar e Ambulatorial,2025,Total Geral da Despesa por Função
DCA-Anexo I-E,2025,DCA-Anexo I-E,TotalDespesas,4318002,Despesas Empenhadas,10.304 - Vigilância Sanitária,2025,Total Geral da Despesa por Função
DCA-Anexo I-E,2025,DCA-Anexo I-E,TotalDespesas,4318002,Despesas Empenhadas,10.305 - Vigilância Epidemiológica,2025,Total Geral da Despesa por Função
DCA-Anexo I-E,2025,DCA-Anexo I-E,TotalDespesas,4318002,Despesas Empenhadas,10.122 - Administração Geral,2025,Total Geral da Despesa por Função
DCA-Anexo I-E,2025,DCA-Anexo I-E,TotalDespesas,4318002,Despesas Empenhadas,12 - Educação,2025,Total Geral da Despesa por Função
DCA-Anexo I-E,2025,DCA-Anexo I-E,TotalDespesas,4318002,Despesas Empenhadas,12.361 - Ensino Fundamental,2025,Total Geral da Despesa por Função
DCA-Anexo I-E,2025,DCA-Anexo I-E,TotalDespesas,4318002,Despesas Empenhadas,12.362 - Ensino Médio,2025,Total Geral da Despesa por Função
DCA-Anexo I-E,2025,DCA-Anexo I-E,TotalDespesas,4318002,Despesas Empenhadas,12.365 - Educação Infantil,2025,Total Geral da Despesa por Função
DCA-Anexo I-E,2025,DCA-Anexo I-E,TotalDespesas,4318002,Despesas Empenhadas,12.366 - Educação de Jovens e Adultos,2025,Total Geral da Despesa por Função
DCA-Anexo I-E,2025,DCA-Anexo I-E,TotalDespesas,4318002,Despesas Empenhadas,12.367 - Educação Especial,2025,Total Geral da Despesa por Função
DCA-Anexo I-E,2025,DCA-Anexo I-E,TotalDespesas,4318002,Despesas Empenhadas,12.122 - Administração Geral,2025,Total Geral da Despesa por Função
DCA-Anexo I-E,2025,DCA-Anexo I-E,TotalDespesas,4318002,Despesas Empenhadas,13 - Cultura,2025,Total Geral da Despesa por Função
DCA-Anexo I-E,2025,DCA-Anexo I-E,TotalDespesas,4318002,Despesas Empenhadas,13.392 - Difusão Cultural,2025,Total Geral da Despesa por Função
DCA-Anexo I-E,2025,DCA-Anexo I-E,TotalDespesas,4318002,Despesas Empenhadas,14 - Direitos da Cidadania,2025,Total Geral da Despesa por Função
DCA-Anexo I-E,2025,DCA-Anexo I-E,TotalDespesas,4318002,Despesas Empenhadas,"14.422 - Direitos Individuais, Coletivos e Difusos",2025,Total Geral da Despesa por Função
DCA-Anexo I-E,2025,DCA-Anexo I-E,TotalDespesas,4318002,Despesas Empenhadas,15 - Urbanismo,2025,Total Geral da Despesa por Função
DCA-Anexo I-E,2025,DCA-Anexo I-E,TotalDespesas,4318002,Despesas Empenhadas,15.451 - Infraestrutura Urbana,2025,Total Geral da Despesa por Função
DCA-Anexo I-E,2025,DCA-Anexo I-E,TotalDespesas,4318002,Despesas Empenhadas,15.452 - Serviços Urbanos,2025,Total Geral da Despesa por Função
DCA-Anexo I-E,2025,DCA-Anexo I-E,TotalDespesas,4318002,Despesas Empenhadas,15.453 - Transportes Coletivos Urbanos,2025,Total Geral da Despesa por Função
DCA-Anexo I-E,2025,DCA-Anexo I-E,TotalDespesas,4318002,Despesas Empenhadas,16 - Habitação,2025,Total Geral da Despesa por Função
DCA-Anexo I-E,2025,DCA-Anexo I-E,TotalDespesas,4318002,Despesas Empenhadas,16.482 - Habitação Urbana,2025,Total Geral da Despesa por Função
DCA-Anexo I-E,2025,DCA-Anexo I-E,TotalDespesas,4318002,Despesas Empenhadas,17 - Saneamento,2025,Total Geral da Despesa por Função
DCA-Anexo I-E,2025,DCA-Anexo I-E,TotalDespesas,4318002,Despesas Empenhadas,17.511 - Saneamento Básico Rural,2025,Total Geral da Despesa por Função
DCA-Anexo I-E,2025,DCA-Anexo I-E,TotalDespesas,4318002,Despesas Empenhadas,18 - Gestão Ambiental,2025,Total Geral da Despesa por Função
DCA-Anexo I-E,2025,DCA-Anexo I-E,TotalDespesas,4318002,Despesas Empenhadas,18.541 - Preservação e Conservação Ambiental,2025,Total Geral da Despesa por Função
DCA-Anexo I-E,2025,DCA-Anexo I-E,TotalDespesas,4318002,Despesas Empenhadas,20 - Agricultura,2025,Total Geral da Despesa por Função
DCA-Anexo I-E,2025,DCA-Anexo I-E,TotalDespesas,4318002,Despesas Empenhadas,20.606 - Extensão Rural,2025,Total Geral da Despesa por Função
DCA-Anexo I-E,2025,DCA-Anexo I-E,TotalDespesas,4318002,Despesas Empenhadas,20.122 - Administração Geral,2025,Total Geral da Despesa por Função
DCA-Anexo I-E,2025,DCA-Anexo I-E,TotalDespesas,4318002,Despesas Empenhadas,23 - Comércio e Serviços,2025,Total Geral da Despesa por Função
DCA-Anexo I-E,2025,DCA-Anexo I-E,TotalDespesas,4318002,Despesas Empenhadas,23.695 - Turismo,2025,Total Geral da Despesa por Função
DCA-Anexo I-E,2025,DCA-Anexo I-E,TotalDespesas,4318002,Despesas Empenhadas,26 - Transporte,2025,Total Geral da Despesa por Função
DCA-Anexo I-E,2025,DCA-Anexo I-E,TotalDespesas,4318002,Despesas Empenhadas,26.781 - Transporte Aéreo,2025,Total Geral da Despesa por Função
DCA-Anexo I-E,2025,DCA-Anexo I-E,TotalDespesas,4318002,Despesas Empenhadas,26.782 - Transporte Rodoviário,2025,Total Geral da Despesa por Função
DCA-Anexo I-E,2025,DCA-Anexo I-E,TotalDespesas,4318002,Despesas Empenhadas,27 - Desporto e Lazer,2025,Total Geral da Despesa por Função
DCA-Anexo I-E,2025,DCA-Anexo I-E,TotalDespesas,4318002,Despesas Empenhadas,27.811 - Desporto de Rendimento,2025,Total Geral da Despesa por Função
DCA-Anexo I-E,2025,DCA-Anexo I-E,TotalDespesas,4318002,Despesas Empenhadas,27.812 - Desporto Comunitário,2025,Total Geral da Despesa por Função
DCA-Anexo I-E,2025,DCA-Anexo I-E,TotalDespesas,4318002,Despesas Empenhadas,27.813 - Lazer,2025,Total Geral da Despesa por Função
DCA-Anexo I-E,2025,DCA-Anexo I-E,TotalDespesas,4318002,Despesas Empenhadas,28 - Encargos Especiais,2025,Total Geral da Despesa por Função
DCA-Anexo I-E,2025,DCA-Anexo I-E,TotalDespesas,4318002,Despesas Empenhadas,28.843 - Serviço da Dívida Interna,2025,Total Geral da Despesa por Função
DCA-Anexo I-E,2025,DCA-Anexo I-E,TotalDespesas,4318002,Despesas Empenhadas,Despesas Intraorçamentárias,2025,Total Geral da Despesa por Função
DCA-Anexo I-E,2025,DCA-Anexo I-E,TotalDespesas,4318002,Despesas Liquidadas,Despesas Exceto Intraorçamentárias,2025,Total Geral da Despesa por Função
DCA-Anexo I-E,2025,DCA-Anexo I-E,TotalDespesas,4318002,Despesas Liquidadas,01 - Legislativa,2025,Total Geral da Despesa por Função
DCA-Anexo I-E,2025,DCA-Anexo I-E,TotalDespesas,4318002,Despesas Liquidadas,01.031 - Ação Legislativa,2025,Total Geral da Despesa por Função
DCA-Anexo I-E,2025,DCA-Anexo I-E,TotalDespesas,4318002,Despesas Liquidadas,04 - Administração,2025,Total Geral da Despesa por Função
DCA-Anexo I-E,2025,DCA-Anexo I-E,TotalDespesas,4318002,Despesas Liquidadas,04.121 - Planejamento e Orçamento,2025,Total Geral da Despesa por Função
DCA-Anexo I-E,2025,DCA-Anexo I-E,TotalDespesas,4318002,Despesas Liquidadas,04.122 - Administração Geral,2025,Total Geral da Despesa por Função
DCA-Anexo I-E,2025,DCA-Anexo I-E,TotalDespesas,4318002,Despesas Liquidadas,04.124 - Controle Interno,2025,Total Geral da Despesa por Função
DCA-Anexo I-E,2025,DCA-Anexo I-E,TotalDespesas,4318002,Despesas Liquidadas,04.126 - Tecnologia da Informação,2025,Total Geral da Despesa por Função
DCA-Anexo I-E,2025,DCA-Anexo I-E,TotalDespesas,4318002,Despesas Liquidadas,04.128 - Formação de Recursos Humanos,2025,Total Geral da Despesa por Função
DCA-Anexo I-E,2025,DCA-Anexo I-E,TotalDespesas,4318002,Despesas Liquidadas,04.129 - Administração de Receitas,2025,Total Geral da Despesa por Função
DCA-Anexo I-E,2025,DCA-Anexo I-E,TotalDespesas,4318002,Despesas Liquidadas,FU04 - Demais Subfunções,2025,Total Geral da Despesa por Função
DCA-Anexo I-E,2025,DCA-Anexo I-E,TotalDespesas,4318002,Despesas Liquidadas,06 - Segurança Pública,2025,Total Geral da Despesa por Função
DCA-Anexo I-E,2025,DCA-Anexo I-E,TotalDespesas,4318002,Despesas Liquidadas,06.181 - Policiamento,2025,Total Geral da Despesa por Função
DCA-Anexo I-E,2025,DCA-Anexo I-E,TotalDespesas,4318002,Despesas Liquidadas,06.182 - Defesa Civil,2025,Total Geral da Despesa por Função
DCA-Anexo I-E,2025,DCA-Anexo I-E,TotalDespesas,4318002,Despesas Liquidadas,08 - Assistência Social,2025,Total Geral da Despesa por Função
DCA-Anexo I-E,2025,DCA-Anexo I-E,TotalDespesas,4318002,Despesas Liquidadas,08.241 - Assistência à Pessoa Idosa,2025,Total Geral da Despesa por Função
DCA-Anexo I-E,2025,DCA-Anexo I-E,TotalDespesas,4318002,Despesas Liquidadas,08.243 - Assistência à Criança e ao Adolescente,2025,Total Geral da Despesa por Função
DCA-Anexo I-E,2025,DCA-Anexo I-E,TotalDespesas,4318002,Despesas Liquidadas,08.244 - Assistência Comunitária,2025,Total Geral da Despesa por Função
DCA-Anexo I-E,2025,DCA-Anexo I-E,TotalDespesas,4318002,Despesas Liquidadas,08.245 - Serviços Socioassistenciais,2025,Total Geral da Despesa por Função
DCA-Anexo I-E,2025,DCA-Anexo I-E,TotalDespesas,4318002,Despesas Liquidadas,08.122 - Administração Geral,2025,Total Geral da Despesa por Função
DCA-Anexo I-E,2025,DCA-Anexo I-E,TotalDespesas,4318002,Despesas Liquidadas,09 - Previdência Social,2025,Total Geral da Despesa por Função
DCA-Anexo I-E,2025,DCA-Anexo I-E,TotalDespesas,4318002,Despesas Liquidadas,09.272 - Previdência do Regime Estatutário,2025,Total Geral da Despesa por Função
DCA-Anexo I-E,2025,DCA-Anexo I-E,TotalDespesas,4318002,Despesas Liquidadas,09.274 - Previdência Especial,2025,Total Geral da Despesa por Função
DCA-Anexo I-E,2025,DCA-Anexo I-E,TotalDespesas,4318002,Despesas Liquidadas,09.122 - Administração Geral,2025,Total Geral da Despesa por Função
DCA-Anexo I-E,2025,DCA-Anexo I-E,TotalDespesas,4318002,Despesas Liquidadas,10 - Saúde,2025,Total Geral da Despesa por Função
DCA-Anexo I-E,2025,DCA-Anexo I-E,TotalDespesas,4318002,Despesas Liquidadas,10.301 - Atenção Básica,2025,Total Geral da Despesa por Função
DCA-Anexo I-E,2025,DCA-Anexo I-E,TotalDespesas,4318002,Despesas Liquidadas,10.302 - Assistência Hospitalar e Ambulatorial,2025,Total Geral da Despesa por Função
DCA-Anexo I-E,2025,DCA-Anexo I-E,TotalDespesas,4318002,Despesas Liquidadas,10.304 - Vigilância Sanitária,2025,Total Geral da Despesa por Função
DCA-Anexo I-E,2025,DCA-Anexo I-E,TotalDespesas,4318002,Despesas Liquidadas,10.305 - Vigilância Epidemiológica,2025,Total Geral da Despesa por Função
DCA-Anexo I-E,2025,DCA-Anexo I-E,TotalDespesas,4318002,Despesas Liquidadas,10.122 - Administração Geral,2025,Total Geral da Despesa por Função
DCA-Anexo I-E,2025,DCA-Anexo I-E,TotalDespesas,4318002,Despesas Liquidadas,12 - Educação,2025,Total Geral da Despesa por Função
DCA-Anexo I-E,2025,DCA-Anexo I-E,TotalDespesas,4318002,Despesas Liquidadas,12.361 - Ensino Fundamental,2025,Total Geral da Despesa por Função
DCA-Anexo I-E,2025,DCA-Anexo I-E,TotalDespesas,4318002,Despesas Liquidadas,12.362 - Ensino Médio,2025,Total Geral da Despesa por Função
DCA-Anexo I-E,2025,DCA-Anexo I-E,TotalDespesas,4318002,Despesas Liquidadas,12.365 - Educação Infantil,2025,Total Geral da Despesa por Função
DCA-Anexo I-E,2025,DCA-Anexo I-E,TotalDespesas,4318002,Despesas Liquidadas,12.366 - Educação de Jovens e Adultos,2025,Total Geral da Despesa por Função
DCA-Anexo I-E,2025,DCA-Anexo I-E,TotalDespesas,4318002,Despesas Liquidadas,12.367 - Educação Especial,2025,Total Geral da Despesa por Função
DCA-Anexo I-E,2025,DCA-Anexo I-E,TotalDespesas,4318002,Despesas Liquidadas,12.122 - Administração Geral,2025,Total Geral da Despesa por Função
DCA-Anexo I-E,2025,DCA-Anexo I-E,TotalDespesas,4318002,Despesas Liquidadas,13 - Cultura,2025,Total Geral da Despesa por Função
DCA-Anexo I-E,2025,DCA-Anexo I-E,TotalDespesas,4318002,Despesas Liquidadas,13.392 - Difusão Cultural,2025,Total Geral da Despesa por Função
DCA-Anexo I-E,2025,DCA-Anexo I-E,TotalDespesas,4318002,Despesas Liquidadas,14 - Direitos da Cidadania,2025,Total Geral da Despesa por Função
DCA-Anexo I-E,2025,DCA-Anexo I-E,TotalDespesas,4318002,Despesas Liquidadas,"14.422 - Direitos Individuais, Coletivos e Difusos",2025,Total Geral da Despesa por Função
DCA-Anexo I-E,2025,DCA-Anexo I-E,TotalDespesas,4318002,Despesas Liquidadas,15 - Urbanismo,2025,Total Geral da Despesa por Função
DCA-Anexo I-E,2025,DCA-Anexo I-E,TotalDespesas,4318002,Despesas Liquidadas,15.451 - Infraestrutura Urbana,2025,Total Geral da Despesa por Função
DCA-Anexo I-E,2025,DCA-Anexo I-E,TotalDespesas,4318002,Despesas Liquidadas,15.452 - Serviços Urbanos,2025,Total Geral da Despesa por Função
DCA-Anexo I-E,2025,DCA-Anexo I-E,TotalDespesas,4318002,Despesas Liquidadas,15.453 - Transportes Coletivos Urbanos,2025,Total Geral da Despesa por Função
DCA-Anexo I-E,2025,DCA-Anexo I-E,TotalDespesas,4318002,Despesas Liquidadas,16 - Habitação,2025,Total Geral da Despesa por Função
DCA-Anexo I-E,2025,DCA-Anexo I-E,TotalDespesas,4318002,Despesas Liquidadas,16.482 - Habitação Urbana,2025,Total Geral da Despesa por Função
DCA-Anexo I-E,2025,DCA-Anexo I-E,TotalDespesas,4318002,Despesas Liquidadas,17 - Saneamento,2025,Total Geral da Despesa por Função
DCA-Anexo I-E,2025,DCA-Anexo I-E,TotalDespesas,4318002,Despesas Liquidadas,17.511 - Saneamento Básico Rural,2025,Total Geral da Despesa por Função
DCA-Anexo I-E,2025,DCA-Anexo I-E,TotalDespesas,4318002,Despesas Liquidadas,18 - Gestão Ambiental,2025,Total Geral da Despesa por Função
DCA-Anexo I-E,2025,DCA-Anexo I-E,TotalDespesas,4318002,Despesas Liquidadas,18.541 - Preservação e Conservação Ambiental,2025,Total Geral da Despesa por Função
DCA-Anexo I-E,2025,DCA-Anexo I-E,TotalDespesas,4318002,Despesas Liquidadas,20 - Agricultura,2025,Total Geral da Despesa por Função
DCA-Anexo I-E,2025,DCA-Anexo I-E,TotalDespesas,4318002,Despesas Liquidadas,20.606 - Extensão Rural,2025,Total Geral da Despesa por Função
DCA-Anexo I-E,2025,DCA-Anexo I-E,TotalDespesas,4318002,Despesas Liquidadas,20.122 - Administração Geral,2025,Total Geral da Despesa por Função
DCA-Anexo I-E,2025,DCA-Anexo I-E,TotalDespesas,4318002,Despesas Liquidadas,23 - Comércio e Serviços,2025,Total Geral da Despesa por Função
DCA-Anexo I-E,2025,DCA-Anexo I-E,TotalDespesas,4318002,Despesas Liquidadas,23.695 - Turismo,2025,Total Geral da Despesa por Função
DCA-Anexo I-E,2025,DCA-Anexo I-E,TotalDespesas,4318002,Despesas Liquidadas,26 - Transporte,2025,Total Geral da Despesa por Função
DCA-Anexo I-E,2025,DCA-Anexo I-E,TotalDespesas,4318002,Despesas Liquidadas,26.781 - Transporte Aéreo,2025,Total Geral da Despesa por Função
DCA-Anexo I-E,2025,DCA-Anexo I-E,TotalDespesas,4318002,Despesas Liquidadas,26.782 - Transporte Rodoviário,2025,Total Geral da Despesa por Função
DCA-Anexo I-E,2025,DCA-Anexo I-E,TotalDespesas,4318002,Despesas Liquidadas,27 - Desporto e Lazer,2025,Total Geral da Despesa por Função
DCA-Anexo I-E,2025,DCA-Anexo I-E,TotalDespesas,4318002,Despesas Liquidadas,27.811 - Desporto de Rendimento,2025,Total Geral da Despesa por Função
DCA-Anexo I-E,2025,DCA-Anexo I-E,TotalDespesas,4318002,Despesas Liquidadas,27.812 - Desporto Comunitário,2025,Total Geral da Despesa por Função
DCA-Anexo I-E,2025,DCA-Anexo I-E,TotalDespesas,4318002,Despesas Liquidadas,27.813 - Lazer,2025,Total Geral da Despesa por Função
DCA-Anexo I-E,2025,DCA-Anexo I-E,TotalDespesas,4318002,Despesas Liquidadas,28 - Encargos Especiais,2025,Total Geral da Despesa por Função
DCA-Anexo I-E,2025,DCA-Anexo I-E,TotalDespesas,4318002,Despesas Liquidadas,28.843 - Serviço da Dívida Interna,2025,Total Geral da Despesa por Função
DCA-Anexo I-E,2025,DCA-Anexo I-E,TotalDespesas,4318002,Despesas Liquidadas,Despesas Intraorçamentárias,2025,Total Geral da Despesa por Função
DCA-Anexo I-E,2025,DCA-Anexo I-E,TotalDespesas,4318002,Despesas Pagas,Despesas Exceto Intraorçamentárias,2025,Total Geral da Despesa por Função
DCA-Anexo I-E,2025,DCA-Anexo I-E,TotalDespesas,4318002,Despesas Pagas,01 - Legislativa,2025,Total Geral da Despesa por Função
DCA-Anexo I-E,2025,DCA-Anexo I-E,TotalDespesas,4318002,Despesas Pagas,01.031 - Ação Legislativa,2025,Total Geral da Despesa por Função
DCA-Anexo I-E,2025,DCA-Anexo I-E,TotalDespesas,4318002,Despesas Pagas,04 - Administração,2025,Total Geral da Despesa por Função
DCA-Anexo I-E,2025,DCA-Anexo I-E,TotalDespesas,4318002,Despesas Pagas,04.121 - Planejamento e Orçamento,2025,Total Geral da Despesa por Função
DCA-Anexo I-E,2025,DCA-Anexo I-E,TotalDespesas,4318002,Despesas Pagas,04.122 - Administração Geral,2025,Total Geral da Despesa por Função
DCA-Anexo I-E,2025,DCA-Anexo I-E,TotalDespesas,4318002,Despesas Pagas,04.124 - Controle Interno,2025,Total Geral da Despesa por Função
DCA-Anexo I-E,2025,DCA-Anexo I-E,TotalDespesas,4318002,Despesas Pagas,04.126 - Tecnologia da Informação,2025,Total Geral da Despesa por Função
DCA-Anexo I-E,2025,DCA-Anexo I-E,TotalDespesas,4318002,Despesas Pagas,04.128 - Formação de Recursos Humanos,2025,Total Geral da Despesa por Função
DCA-Anexo I-E,2025,DCA-Anexo I-E,TotalDespesas,4318002,Despesas Pagas,04.129 - Administração de Receitas,2025,Total Geral da Despesa por Função
DCA-Anexo I-E,2025,DCA-Anexo I-E,TotalDespesas,4318002,Despesas Pagas,FU04 - Demais Subfunções,2025,Total Geral da Despesa por Função
DCA-Anexo I-E,2025,DCA-Anexo I-E,TotalDespesas,4318002,Despesas Pagas,06 - Segurança Pública,2025,Total Geral da Despesa por Função
DCA-Anexo I-E,2025,DCA-Anexo I-E,TotalDespesas,4318002,Despesas Pagas,06.181 - Policiamento,2025,Total Geral da Despesa por Função
DCA-Anexo I-E,2025,DCA-Anexo I-E,TotalDespesas,4318002,Despesas Pagas,06.182 - Defesa Civil,2025,Total Geral da Despesa por Função
DCA-Anexo I-E,2025,DCA-Anexo I-E,TotalDespesas,4318002,Despesas Pagas,08 - Assistência Social,2025,Total Geral da Despesa por Função
DCA-Anexo I-E,2025,DCA-Anexo I-E,TotalDespesas,4318002,Despesas Pagas,08.241 - Assistência à Pessoa Idosa,2025,Total Geral da Despesa por Função
DCA-Anexo I-E,2025,DCA-Anexo I-E,TotalDespesas,4318002,Despesas Pagas,08.243 - Assistência à Criança e ao Adolescente,2025,Total Geral da Despesa por Função
DCA-Anexo I-E,2025,DCA-Anexo I-E,TotalDespesas,4318002,Despesas Pagas,08.244 - Assistência Comunitária,2025,Total Geral da Despesa por Função
DCA-Anexo I-E,2025,DCA-Anexo I-E,TotalDespesas,4318002,Despesas Pagas,08.245 - Serviços Socioassistenciais,2025,Total Geral da Despesa por Função
DCA-Anexo I-E,2025,DCA-Anexo I-E,TotalDespesas,4318002,Despesas Pagas,08.122 - Administração Geral,2025,Total Geral da Despesa por Função
DCA-Anexo I-E,2025,DCA-Anexo I-E,TotalDespesas,4318002,Despesas Pagas,09 - Previdência Social,2025,Total Geral da Despesa por Função
DCA-Anexo I-E,2025,DCA-Anexo I-E,TotalDespesas,4318002,Despesas Pagas,09.272 - Previdência do Regime Estatutário,2025,Total Geral da Despesa por Função
DCA-Anexo I-E,2025,DCA-Anexo I-E,TotalDespesas,4318002,Despesas Pagas,09.274 - Previdência Especial,2025,Total Geral da Despesa por Função
DCA-Anexo I-E,2025,DCA-Anexo I-E,TotalDespesas,4318002,Despesas Pagas,09.122 - Administração Geral,2025,Total Geral da Despesa por Função
DCA-Anexo I-E,2025,DCA-Anexo I-E,TotalDespesas,4318002,Despesas Pagas,10 - Saúde,2025,Total Geral da Despesa por Função
DCA-Anexo I-E,2025,DCA-Anexo I-E,TotalDespesas,4318002,Despesas Pagas,10.301 - Atenção Básica,2025,Total Geral da Despesa por Função
DCA-Anexo I-E,2025,DCA-Anexo I-E,TotalDespesas,4318002,Despesas Pagas,10.302 - Assistência Hospitalar e Ambulatorial,2025,Total Geral da Despesa por Função
DCA-Anexo I-E,2025,DCA-Anexo I-E,TotalDespesas,4318002,Despesas Pagas,10.304 - Vigilância Sanitária,2025,Total Geral da Despesa por Função
DCA-Anexo I-E,2025,DCA-Anexo I-E,TotalDespesas,4318002,Despesas Pagas,10.305 - Vigilância Epidemiológica,2025,Total Geral da Despesa por Função
DCA-Anexo I-E,2025,DCA-Anexo I-E,TotalDespesas,4318002,Despesas Pagas,10.122 - Administração Geral,2025,Total Geral da Despesa por Função
DCA-Anexo I-E,2025,DCA-Anexo I-E,TotalDespesas,4318002,Despesas Pagas,12 - Educação,2025,Total Geral da Despesa por Função
DCA-Anexo I-E,2025,DCA-Anexo I-E,TotalDespesas,4318002,Despesas Pagas,12.361 - Ensino Fundamental,2025,Total Geral da Despesa por Função
DCA-Anexo I-E,2025,DCA-Anexo I-E,TotalDespesas,4318002,Despesas Pagas,12.362 - Ensino Médio,2025,Total Geral da Despesa por Função
DCA-Anexo I-E,2025,DCA-Anexo I-E,TotalDespesas,4318002,Despesas Pagas,12.365 - Educação Infantil,2025,Total Geral da Despesa por Função
DCA-Anexo I-E,2025,DCA-Anexo I-E,TotalDespesas,4318002,Despesas Pagas,12.366 - Educação de Jovens e Adultos,2025,Total Geral da Despesa por Função
DCA-Anexo I-E,2025,DCA-Anexo I-E,TotalDespesas,4318002,Despesas Pagas,12.367 - Educação Especial,2025,Total Geral da Despesa por Função
DCA-Anexo I-E,2025,DCA-Anexo I-E,TotalDespesas,4318002,Despesas Pagas,12.122 - Administração Geral,2025,Total Geral da Despesa por Função
DCA-Anexo I-E,2025,DCA-Anexo I-E,TotalDespesas,4318002,Despesas Pagas,13 - Cultura,2025,Total Geral da Despesa por Função
DCA-Anexo I-E,2025,DCA-Anexo I-E,TotalDespesas,4318002,Despesas Pagas,13.392 - Difusão Cultural,2025,Total Geral da Despesa por Função
DCA-Anexo I-E,2025,DCA-Anexo I-E,TotalDespesas,4318002,Despesas Pagas,14 - Direitos da Cidadania,2025,Total Geral da Despesa por Função
DCA-Anexo I-E,2025,DCA-Anexo I-E,TotalDespesas,4318002,Despesas Pagas,"14.422 - Direitos Individuais, Coletivos e Difusos",2025,Total Geral da Despesa por Função
DCA-Anexo I-E,2025,DCA-Anexo I-E,TotalDespesas,4318002,Despesas Pagas,15 - Urbanismo,2025,Total Geral da Despesa por Função
DCA-Anexo I-E,2025,DCA-Anexo I-E,TotalDespesas,4318002,Despesas Pagas,15.451 - Infraestrutura Urbana,2025,Total Geral da Despesa por Função
DCA-Anexo I-E,2025,DCA-Anexo I-E,TotalDespesas,4318002,Despesas Pagas,15.452 - Serviços Urbanos,2025,Total Geral da Despesa por Função
DCA-Anexo I-E,2025,DCA-Anexo I-E,TotalDespesas,4318002,Despesas Pagas,15.453 - Transportes Coletivos Urbanos,2025,Total Geral da Despesa por Função
DCA-Anexo I-E,2025,DCA-Anexo I-E,TotalDespesas,4318002,Despesas Pagas,16 - Habitação,2025,Total Geral da Despesa por Função
DCA-Anexo I-E,2025,DCA-Anexo I-E,TotalDespesas,4318002,Despesas Pagas,16.482 - Habitação Urbana,2025,Total Geral da Despesa por Função
DCA-Anexo I-E,2025,DCA-Anexo I-E,TotalDespesas,4318002,Despesas Pagas,17 - Saneamento,2025,Total Geral da Despesa por Função
DCA-Anexo I-E,2025,DCA-Anexo I-E,TotalDespesas,4318002,Despesas Pagas,17.511 - Saneamento Básico Rural,2025,Total Geral da Despesa por Função
DCA-Anexo I-E,2025,DCA-Anexo I-E,TotalDespesas,4318002,Despesas Pagas,18 - Gestão Ambiental,2025,Total Geral da Despesa por Função
DCA-Anexo I-E,2025,DCA-Anexo I-E,TotalDespesas,4318002,Despesas Pagas,18.541 - Preservação e Conservação Ambiental,2025,Total Geral da Despesa por Função
DCA-Anexo I-E,2025,DCA-Anexo I-E,TotalDespesas,4318002,Despesas Pagas,20 - Agricultura,2025,Total Geral da Despesa por Função
DCA-Anexo I-E,2025,DCA-Anexo I-E,TotalDespesas,4318002,Despesas Pagas,20.606 - Extensão Rural,2025,Total Geral da Despesa por Função
DCA-Anexo I-E,2025,DCA-Anexo I-E,TotalDespesas,4318002,Despesas Pagas,20.122 - Administração Geral,2025,Total Geral da Despesa por Função
DCA-Anexo I-E,2025,DCA-Anexo I-E,TotalDespesas,4318002,Despesas Pagas,23 - Comércio e Serviços,2025,Total Geral da Despesa por Função
DCA-Anexo I-E,2025,DCA-Anexo I-E,TotalDespesas,4318002,Despesas Pagas,23.695 - Turismo,2025,Total Geral da Despesa por Função
DCA-Anexo I-E,2025,DCA-Anexo I-E,TotalDespesas,4318002,Despesas Pagas,26 - Transporte,2025,Total Geral da Despesa por Função
DCA-Anexo I-E,2025,DCA-Anexo I-E,TotalDespesas,4318002,Despesas Pagas,26.781 - Transporte Aéreo,2025,Total Geral da Despesa por Função
DCA-Anexo I-E,2025,DCA-Anexo I-E,TotalDespesas,4318002,Despesas Pagas,26.782 - Transporte Rodoviário,2025,Total Geral da Despesa por Função
DCA-Anexo I-E,2025,DCA-Anexo I-E,TotalDespesas,4318002,Despesas Pagas,27 - Desporto e Lazer,2025,Total Geral da Despesa por Função
DCA-Anexo I-E,2025,DCA-Anexo I-E,TotalDespesas,4318002,Despesas Pagas,27.811 - Desporto de Rendimento,2025,Total Geral da Despesa por Função
DCA-Anexo I-E,2025,DCA-Anexo I-E,TotalDespesas,4318002,Despesas Pagas,27.812 - Desporto Comunitário,2025,Total Geral da Despesa por Função
DCA-Anexo I-E,2025,DCA-Anexo I-E,TotalDespesas,4318002,Despesas Pagas,27.813 - Lazer,2025,Total Geral da Despesa por Função
DCA-Anexo I-E,2025,DCA-Anexo I-E,TotalDespesas,4318002,Despesas Pagas,28 - Encargos Especiais,2025,Total Geral da Despesa por Função
DCA-Anexo I-E,2025,DCA-Anexo I-E,TotalDespesas,4318002,Despesas Pagas,28.843 - Serviço da Dívida Interna,2025,Total Geral da Despesa por Função
DCA-Anexo I-E,2025,DCA-Anexo I-E,TotalDespesas,4318002,Despesas Pagas,Despesas Intraorçamentárias,2025,Total Geral da Despesa por Função
DCA-Anexo I-E,2025,DCA-Anexo I-E,TotalDespesas,4318002,Inscrição de Restos a Pagar Não Processados,Despesas Exceto Intraorçamentárias,2025,Total Geral da Despesa por Função
DCA-Anexo I-E,2025,DCA-Anexo I-E,TotalDespesas,4318002,Inscrição de Restos a Pagar Não Processados,01 - Legislativa,2025,Total Geral da Despesa por Função
DCA-Anexo I-E,2025,DCA-Anexo I-E,TotalDespesas,4318002,Inscrição de Restos a Pagar Não Processados,01.031 - Ação Legislativa,2025,Total Geral da Despesa por Função
DCA-Anexo I-E,2025,DCA-Anexo I-E,TotalDespesas,4318002,Inscrição de Restos a Pagar Não Processados,04 - Administração,2025,Total Geral da Despesa por Função
DCA-Anexo I-E,2025,DCA-Anexo I-E,TotalDespesas,4318002,Inscrição de Restos a Pagar Não Processados,04.121 - Planejamento e Orçamento,2025,Total Geral da Despesa por Função
DCA-Anexo I-E,2025,DCA-Anexo I-E,TotalDespesas,4318002,Inscrição de Restos a Pagar Não Processados,04.122 - Administração Geral,2025,Total Geral da Despesa por Função
DCA-Anexo I-E,2025,DCA-Anexo I-E,TotalDespesas,4318002,Inscrição de Restos a Pagar Não Processados,04.126 - Tecnologia da Informação,2025,Total Geral da Despesa por Função
DCA-Anexo I-E,2025,DCA-Anexo I-E,TotalDespesas,4318002,Inscrição de Restos a Pagar Não Processados,04.129 - Administração de Receitas,2025,Total Geral da Despesa por Função
DCA-Anexo I-E,2025,DCA-Anexo I-E,TotalDespesas,4318002,Inscrição de Restos a Pagar Não Processados,06 - Segurança Pública,2025,Total Geral da Despesa por Função
DCA-Anexo I-E,2025,DCA-Anexo I-E,TotalDespesas,4318002,Inscrição de Restos a Pagar Não Processados,06.181 - Policiamento,2025,Total Geral da Despesa por Função
DCA-Anexo I-E,2025,DCA-Anexo I-E,TotalDespesas,4318002,Inscrição de Restos a Pagar Não Processados,06.182 - Defesa Civil,2025,Total Geral da Despesa por Função
DCA-Anexo I-E,2025,DCA-Anexo I-E,TotalDespesas,4318002,Inscrição de Restos a Pagar Não Processados,08 - Assistência Social,2025,Total Geral da Despesa por Função
DCA-Anexo I-E,2025,DCA-Anexo I-E,TotalDespesas,4318002,Inscrição de Restos a Pagar Não Processados,08.241 - Assistência à Pessoa Idosa,2025,Total Geral da Despesa por Função
DCA-Anexo I-E,2025,DCA-Anexo I-E,TotalDespesas,4318002,Inscrição de Restos a Pagar Não Processados,08.243 - Assistência à Criança e ao Adolescente,2025,Total Geral da Despesa por Função
DCA-Anexo I-E,2025,DCA-Anexo I-E,TotalDespesas,4318002,Inscrição de Restos a Pagar Não Processados,08.244 - Assistência Comunitária,2025,Total Geral da Despesa por Função
DCA-Anexo I-E,2025,DCA-Anexo I-E,TotalDespesas,4318002,Inscrição de Restos a Pagar Não Processados,08.245 - Serviços Socioassistenciais,2025,Total Geral da Despesa por Função
DCA-Anexo I-E,2025,DCA-Anexo I-E,TotalDespesas,4318002,Inscrição de Restos a Pagar Não Processados,08.122 - Administração Geral,2025,Total Geral da Despesa por Função
DCA-Anexo I-E,2025,DCA-Anexo I-E,TotalDespesas,4318002,Inscrição de Restos a Pagar Não Processados,10 - Saúde,2025,Total Geral da Despesa por Função
DCA-Anexo I-E,2025,DCA-Anexo I-E,TotalDespesas,4318002,Inscrição de Restos a Pagar Não Processados,10.301 - Atenção Básica,2025,Total Geral da Despesa por Função
DCA-Anexo I-E,2025,DCA-Anexo I-E,TotalDespesas,4318002,Inscrição de Restos a Pagar Não Processados,10.302 - Assistência Hospitalar e Ambulatorial,2025,Total Geral da Despesa por Função
DCA-Anexo I-E,2025,DCA-Anexo I-E,TotalDespesas,4318002,Inscrição de Restos a Pagar Não Processados,10.304 - Vigilância Sanitária,2025,Total Geral da Despesa por Função
DCA-Anexo I-E,2025,DCA-Anexo I-E,TotalDespesas,4318002,Inscrição de Restos a Pagar Não Processados,10.305 - Vigilância Epidemiológica,2025,Total Geral da Despesa por Função
DCA-Anexo I-E,2025,DCA-Anexo I-E,TotalDespesas,4318002,Inscrição de Restos a Pagar Não Processados,10.122 - Administração Geral,2025,Total Geral da Despesa por Função
DCA-Anexo I-E,2025,DCA-Anexo I-E,TotalDespesas,4318002,Inscrição de Restos a Pagar Não Processados,12 - Educação,2025,Total Geral da Despesa por Função
DCA-Anexo I-E,2025,DCA-Anexo I-E,TotalDespesas,4318002,Inscrição de Restos a Pagar Não Processados,12.361 - Ensino Fundamental,2025,Total Geral da Despesa por Função
DCA-Anexo I-E,2025,DCA-Anexo I-E,TotalDespesas,4318002,Inscrição de Restos a Pagar Não Processados,12.362 - Ensino Médio,2025,Total Geral da Despesa por Função
DCA-Anexo I-E,2025,DCA-Anexo I-E,TotalDespesas,4318002,Inscrição de Restos a Pagar Não Processados,12.365 - Educação Infantil,2025,Total Geral da Despesa por Função
DCA-Anexo I-E,2025,DCA-Anexo I-E,TotalDespesas,4318002,Inscrição de Restos a Pagar Não Processados,12.366 - Educação de Jovens e Adultos,2025,Total Geral da Despesa por Função
DCA-Anexo I-E,2025,DCA-Anexo I-E,TotalDespesas,4318002,Inscrição de Restos a Pagar Não Processados,12.122 - Administração Geral,2025,Total Geral da Despesa por Função
DCA-Anexo I-E,2025,DCA-Anexo I-E,TotalDespesas,4318002,Inscrição de Restos a Pagar Não Processados,13 - Cultura,2025,Total Geral da Despesa por Função
DCA-Anexo I-E,2025,DCA-Anexo I-E,TotalDespesas,4318002,Inscrição de Restos a Pagar Não Processados,13.392 - Difusão Cultural,2025,Total Geral da Despesa por Função
DCA-Anexo I-E,2025,DCA-Anexo I-E,TotalDespesas,4318002,Inscrição de Restos a Pagar Não Processados,15 - Urbanismo,2025,Total Geral da Despesa por Função
DCA-Anexo I-E,2025,DCA-Anexo I-E,TotalDespesas,4318002,Inscrição de Restos a Pagar Não Processados,15.451 - Infraestrutura Urbana,2025,Total Geral da Despesa por Função
DCA-Anexo I-E,2025,DCA-Anexo I-E,TotalDespesas,4318002,Inscrição de Restos a Pagar Não Processados,15.452 - Serviços Urbanos,2025,Total Geral da Despesa por Função
DCA-Anexo I-E,2025,DCA-Anexo I-E,TotalDespesas,4318002,Inscrição de Restos a Pagar Não Processados,17 - Saneamento,2025,Total Geral da Despesa por Função
DCA-Anexo I-E,2025,DCA-Anexo I-E,TotalDespesas,4318002,Inscrição de Restos a Pagar Não Processados,17.511 - Saneamento Básico Rural,2025,Total Geral da Despesa por Função
DCA-Anexo I-E,2025,DCA-Anexo I-E,TotalDespesas,4318002,Inscrição de Restos a Pagar Não Processados,23 - Comércio e Serviços,2025,Total Geral da Despesa por Função
DCA-Anexo I-E,2025,DCA-Anexo I-E,TotalDespesas,4318002,Inscrição de Restos a Pagar Não Processados,23.695 - Turismo,2025,Total Geral da Despesa por Função
DCA-Anexo I-E,2025,DCA-Anexo I-E,TotalDespesas,4318002,Inscrição de Restos a Pagar Não Processados,26 - Transporte,2025,Total Geral da Despesa por Função
DCA-Anexo I-E,2025,DCA-Anexo I-E,TotalDespesas,4318002,Inscrição de Restos a Pagar Não Processados,26.781 - Transporte Aéreo,2025,Total Geral da Despesa por Função
DCA-Anexo I-E,2025,DCA-Anexo I-E,TotalDespesas,4318002,Inscrição de Restos a Pagar Não Processados,26.782 - Transporte Rodoviário,2025,Total Geral da Despesa por Função
DCA-Anexo I-E,2025,DCA-Anexo I-E,TotalDespesas,4318002,Inscrição de Restos a Pagar Não Processados,27 - Desporto e Lazer,2025,Total Geral da Despesa por Função
DCA-Anexo I-E,2025,DCA-Anexo I-E,TotalDespesas,4318002,Inscrição de Restos a Pagar Não Processados,27.811 - Desporto de Rendimento,2025,Total Geral da Despesa por Função
DCA-Anexo I-E,2025,DCA-Anexo I-E,TotalDespesas,4318002,Inscrição de Restos a Pagar Não Processados,27.812 - Desporto Comunitário,2025,Total Geral da Despesa por Função
DCA-Anexo I-E,2025,DCA-Anexo I-E,TotalDespesas,4318002,Inscrição de Restos a Pagar Processados,Despesas Exceto Intraorçamentárias,2025,Total Geral da Despesa por Função
DCA-Anexo I-E,2025,DCA-Anexo I-E,TotalDespesas,4318002,Inscrição de Restos a Pagar Processados,04 - Administração,2025,Total Geral da Despesa por Função
DCA-Anexo I-E,2025,DCA-Anexo I-E,TotalDespesas,4318002,Inscrição de Restos a Pagar Processados,04.121 - Planejamento e Orçamento,2025,Total Geral da Despesa por Função
DCA-Anexo I-E,2025,DCA-Anexo I-E,TotalDespesas,4318002,Inscrição de Restos a Pagar Processados,04.122 - Administração Geral,2025,Total Geral da Despesa por Função
DCA-Anexo I-E,2025,DCA-Anexo I-E,TotalDespesas,4318002,Inscrição de Restos a Pagar Processados,04.124 - Controle Interno,2025,Total Geral da Despesa por Função
DCA-Anexo I-E,2025,DCA-Anexo I-E,TotalDespesas,4318002,Inscrição de Restos a Pagar Processados,04.126 - Tecnologia da Informação,2025,Total Geral da Despesa por Função
DCA-Anexo I-E,2025,DCA-Anexo I-E,TotalDespesas,4318002,Inscrição de Restos a Pagar Processados,04.128 - Formação de Recursos Humanos,2025,Total Geral da Despesa por Função
DCA-Anexo I-E,2025,DCA-Anexo I-E,TotalDespesas,4318002,Inscrição de Restos a Pagar Processados,06 - Segurança Pública,2025,Total Geral da Despesa por Função
DCA-Anexo I-E,2025,DCA-Anexo I-E,TotalDespesas,4318002,Inscrição de Restos a Pagar Processados,06.181 - Policiamento,2025,Total Geral da Despesa por Função
DCA-Anexo I-E,2025,DCA-Anexo I-E,TotalDespesas,4318002,Inscrição de Restos a Pagar Processados,08 - Assistência Social,2025,Total Geral da Despesa por Função
DCA-Anexo I-E,2025,DCA-Anexo I-E,TotalDespesas,4318002,Inscrição de Restos a Pagar Processados,08.243 - Assistência à Criança e ao Adolescente,2025,Total Geral da Despesa por Função
DCA-Anexo I-E,2025,DCA-Anexo I-E,TotalDespesas,4318002,Inscrição de Restos a Pagar Processados,08.244 - Assistência Comunitária,2025,Total Geral da Despesa por Função
DCA-Anexo I-E,2025,DCA-Anexo I-E,TotalDespesas,4318002,Inscrição de Restos a Pagar Processados,08.245 - Serviços Socioassistenciais,2025,Total Geral da Despesa por Função
DCA-Anexo I-E,2025,DCA-Anexo I-E,TotalDespesas,4318002,Inscrição de Restos a Pagar Processados,08.122 - Administração Geral,2025,Total Geral da Despesa por Função
DCA-Anexo I-E,2025,DCA-Anexo I-E,TotalDespesas,4318002,Inscrição de Restos a Pagar Processados,10 - Saúde,2025,Total Geral da Despesa por Função
DCA-Anexo I-E,2025,DCA-Anexo I-E,TotalDespesas,4318002,Inscrição de Restos a Pagar Processados,10.301 - Atenção Básica,2025,Total Geral da Despesa por Função
DCA-Anexo I-E,2025,DCA-Anexo I-E,TotalDespesas,4318002,Inscrição de Restos a Pagar Processados,10.302 - Assistência Hospitalar e Ambulatorial,2025,Total Geral da Despesa por Função
DCA-Anexo I-E,2025,DCA-Anexo I-E,TotalDespesas,4318002,Inscrição de Restos a Pagar Processados,10.305 - Vigilância Epidemiológica,2025,Total Geral da Despesa por Função
DCA-Anexo I-E,2025,DCA-Anexo I-E,TotalDespesas,4318002,Inscrição de Restos a Pagar Processados,10.122 - Administração Geral,2025,Total Geral da Despesa por Função
DCA-Anexo I-E,2025,DCA-Anexo I-E,TotalDespesas,4318002,Inscrição de Restos a Pagar Processados,12 - Educação,2025,Total Geral da Despesa por Função
DCA-Anexo I-E,2025,DCA-Anexo I-E,TotalDespesas,4318002,Inscrição de Restos a Pagar Processados,12.361 - Ensino Fundamental,2025,Total Geral da Despesa por Função
DCA-Anexo I-E,2025,DCA-Anexo I-E,TotalDespesas,4318002,Inscrição de Restos a Pagar Processados,12.365 - Educação Infantil,2025,Total Geral da Despesa por Função
DCA-Anexo I-E,2025,DCA-Anexo I-E,TotalDespesas,4318002,Inscrição de Restos a Pagar Processados,12.122 - Administração Geral,2025,Total Geral da Despesa por Função
DCA-Anexo I-E,2025,DCA-Anexo I-E,TotalDespesas,4318002,Inscrição de Restos a Pagar Processados,13 - Cultura,2025,Total Geral da Despesa por Função
DCA-Anexo I-E,2025,DCA-Anexo I-E,TotalDespesas,4318002,Inscrição de Restos a Pagar Processados,13.392 - Difusão Cultural,2025,Total Geral da Despesa por Função
DCA-Anexo I-E,2025,DCA-Anexo I-E,TotalDespesas,4318002,Inscrição de Restos a Pagar Processados,15 - Urbanismo,2025,Total Geral da Despesa por Função
DCA-Anexo I-E,2025,DCA-Anexo I-E,TotalDespesas,4318002,Inscrição de Restos a Pagar Processados,15.451 - Infraestrutura Urbana,2025,Total Geral da Despesa por Função
DCA-Anexo I-E,2025,DCA-Anexo I-E,TotalDespesas,4318002,Inscrição de Restos a Pagar Processados,15.452 - Serviços Urbanos,2025,Total Geral da Despesa por Função
DCA-Anexo I-E,2025,DCA-Anexo I-E,TotalDespesas,4318002,Inscrição de Restos a Pagar Processados,15.453 - Transportes Coletivos Urbanos,2025,Total Geral da Despesa por Função
DCA-Anexo I-E,2025,DCA-Anexo I-E,TotalDespesas,4318002,Inscrição de Restos a Pagar Processados,23 - Comércio e Serviços,2025,Total Geral da Despesa por Função
DCA-Anexo I-E,2025,DCA-Anexo I-E,TotalDespesas,4318002,Inscrição de Restos a Pagar Processados,23.695 - Turismo,2025,Total Geral da Despesa por Função
DCA-Anexo I-E,2025,DCA-Anexo I-E,TotalDespesas,4318002,Inscrição de Restos a Pagar Processados,26 - Transporte,2025,Total Geral da Despesa por Função
DCA-Anexo I-E,2025,DCA-Anexo I-E,TotalDespesas,4318002,Inscrição de Restos a Pagar Processados,26.782 - Transporte Rodoviário,2025,Total Geral da Despesa por Função
DCA-Anexo I-E,2025,DCA-Anexo I-E,TotalDespesas,4318002,Inscrição de Restos a Pagar Processados,27 - Desporto e Lazer,2025,Total Geral da Despesa por Função
DCA-Anexo I-E,2025,DCA-Anexo I-E,TotalDespesas,4318002,Inscrição de Restos a Pagar Processados,27.811 - Desporto de Rendimento,2025,Total Geral da Despesa por Função
DCA-Anexo I-E,2025,DCA-Anexo I-E,TotalDespesas,4318002,Inscrição de Restos a Pagar Processados,27.812 - Desporto Comunitário,2025,Total Geral da Despesa por Função
DCA-Anexo I-E,2025,DCA-Anexo I-E,TotalDespesas,4318002,Inscrição de Restos a Pagar Processados,28 - Encargos Especiais,2025,Total Geral da Despesa por Função
DCA-Anexo I-E,2025,DCA-Anexo I-E,TotalDespesas,4318002,Inscrição de Restos a Pagar Processados,28.843 - Serviço da Dívida Interna,2025,Total Geral da Despesa por Função
DCA-Anexo I-E,2025,DCA-Anexo I-E,TotalDespesas,4318002,Inscrição de Restos a Pagar Processados,Despesas Intraorçamentárias,2025,Total Geral da Despesa por Função
